,J,SNOW,SM,P,P2,ET,Q,C_J,C_P,C_P2,C_Q
2012-10-01,0.0,0.0,0.0,0.0,0.0,0.11250265951130331,0.0,0.0,0.0,0.0,0.0
2012-10-02,0.0,0.0,0.0,0.0,0.0,0.31992183192078216,8.301109965459951e-05,0.0,0.0,0.0,0.0
2012-10-03,0.0,0.0,0.0,0.0,0.0,0.16560393892653014,3.0054702916013655e-05,0.0,0.0,0.0,0.0
2012-10-04,0.0,0.0,0.0,0.0,0.0,0.027063553249874066,5.716030677864058e-05,0.0,0.0,0.0,0.0
2012-10-05,0.0,0.0,0.0,0.0,0.0,0.03355210013680555,9.963016140051414e-05,0.0,0.0,0.0,0.0
2012-10-06,0.0,0.0,0.0,0.0,0.0,0.03537114402536155,0.00010283748943294855,0.0,0.0,0.0,0.0
2012-10-07,0.0,0.0,0.0,0.0,0.0,0.026049797091937575,0.00011565509822009603,0.0,0.0,0.0,0.0
2012-10-08,0.0,0.0,0.0,0.0,0.0,0.030263148476400933,0.00011548454854709687,0.0,0.0,0.0,0.0
2012-10-09,0.0,0.0,0.0,0.0,0.0,0.029951838839049026,0.00011669420070029553,0.0,0.0,0.0,0.0
2012-10-10,0.0,0.0,0.0,0.0,0.0,0.03342761163620265,0.00011151137715658424,0.0,0.0,0.0,0.0
2012-10-11,0.0,0.0,0.0,0.0,0.0,0.030375168872641526,9.68058056174048e-05,0.0,0.0,0.0,0.0
2012-10-12,3.5860257136811797,0.0,0.0,3.5860257136811797,3.5860257136811797,0.007602439406487724,0.00010396659493506423,0.9385606342128081,0.9385606342128081,0.9385606342128081,0.0
2012-10-13,0.21476188043263092,0.0,0.0,0.21476188043263092,0.21476188043263092,0.0006110556276309919,0.00013901470762764343,0.2761055369751022,0.2761055369751022,0.2761055369751022,0.0
2012-10-14,0.6389298528831667,0.0,0.0,0.6389298528831667,0.6389298528831667,0.0,0.0001517813852014869,0.21875387092778398,0.21875387092778398,0.218753870927784,0.0
2012-10-15,20.948501408085672,0.0,0.0,20.948501408085672,20.948501408085672,0.003160718791389312,0.005562127040331558,1.0,1.0,1.0,0.14152936275453018
2012-10-16,1.8824205269522478,0.0,0.0,1.8824205269522478,1.8824205269522478,0.1326428575393829,0.013195583797003117,0.2761055369751022,0.2761055369751022,0.2761055369751022,0.16666666666666666
2012-10-17,0.0,0.0,0.0,0.0,0.0,0.0477685958344059,0.000618279971904252,0.0,0.0,0.0,0.0
2012-10-18,0.5287707486475961,0.0,0.0,0.5287707486475961,0.5287707486475961,0.0,0.0004386061521250335,0.1716008092819687,0.1716008092819687,0.1716008092819687,0.0
2012-10-19,3.5495755975382965,0.0,0.0,3.5495755975382965,3.5495755975382965,0.057073817086679995,0.002725909096572415,0.20554110409182874,0.20554110409182874,0.20554110409182874,0.0
2012-10-20,1.371244730067429,0.38863984474676866,0.0,1.7598845748141978,1.371244730067429,0.08465526094987512,0.0032638338153273914,0.19525991989760105,0.16203338311825372,0.19525991989760105,0.0
2012-10-21,1.449750006777628e-05,9.623305354261629e-05,0.0,0.00011073055361039257,1.449750006777628e-05,0.020841860821100427,0.0005607834456732762,0.0002477393781741608,0.0002477393781741608,0.0002477393781741608,0.0
2012-10-22,6.567127308224944,6.482344564481248,0.0,13.049471872706192,6.567127308224944,0.010765351714015471,0.0013854907628810993,0.6470126759981832,0.5263056913057043,0.6470126759981832,0.11713018177718428
2012-10-23,3.695178677145563,1.3741128142796675,0.0,5.069291491425231,3.695178677145563,0.0,0.004220104843151919,0.8830670135017961,0.7693121571699326,0.8830670135017961,0.16666666666666666
2012-10-24,3.743603036626724,0.7405267207255499,0.0,4.4841297573522745,3.743603036626724,0.004317209189738314,0.0035417292778265287,0.923407242247822,0.8303836735963264,0.923407242247822,0.16117826803497579
2012-10-25,0.0,0.0,0.0,0.0,0.0,0.0,0.002051465355670883,0.0,0.0,0.0,0.11016989851019544
2012-10-26,5.5424081458656955,0.04224923927071673,0.0,5.5846573851364125,5.5424081458656955,0.014237026606863667,0.002338148324040786,1.0,0.9897366068918342,1.0,0.13243362254878216
2012-10-27,12.711042299908467,0.0,1.1851292480274298,12.711042299908467,13.896171547935896,0.0,0.016007096928218906,1.0,1.0,0.914715413238874,0.15340944146342225
2012-10-28,10.41117903140846,0.0,2.8618535623105132,10.41117903140846,13.273032593718973,0.0,0.04199834250989757,1.0,1.0,0.784385855899669,0.15183173491320034
2012-10-29,11.666301605589403,0.0,2.3178238848521198,11.666301605589403,13.984125490441523,0.0,0.06995165035484775,1.0,1.0,0.8342532118696728,0.138614045551634
2012-10-30,11.781109252830248,0.0,1.185304248783098,11.781109252830248,12.966413501613346,0.06952450065052057,0.11698686305993447,1.0,1.0,0.9085865764935218,0.12880274015088025
2012-10-31,4.230898490082363,0.0,0.6744759240078204,4.230898490082363,4.905374414090184,0.029811145035896047,0.6934593289656449,1.0,1.0,0.8625026619638946,0.03701208012732244
2012-11-01,0.7390828364609416,0.0,0.24483859977522884,0.7390828364609416,0.9839214362361705,0.1649088846082957,1.3970215857255155,0.18704323052149138,0.18704323052149138,0.14049947105884558,0.026154923009876027
2012-11-02,4.087312800151837,0.0,0.1634822324898493,4.087312800151837,4.250795032641687,0.10899582739790066,0.6250841314364745,1.0,1.0,0.9615407867858892,0.06802178693242945
2012-11-03,0.0,0.0,0.23875058641692956,0.0,0.23875058641692956,0.0,0.35323899558511185,0.0,0.0,0.0,0.09051061343201094
2012-11-04,0.0,0.0,0.2441453757357125,0.0,0.2441453757357125,0.0,0.3322783496441853,0.0,0.0,0.0,0.1283905640042057
2012-11-05,0.020541751149854192,0.0,0.11484916185555595,0.020541751149854192,0.13539091300541015,0.07428021284770085,0.22108807606298947,0.014534043519550765,0.014534043519550765,0.0022051310427889112,0.15098368814923105
2012-11-06,2.4288750867086876e-05,0.0,0.051159472379901184,2.4288750867086876e-05,0.05118376113076827,0.1428637095658262,0.1182339291768714,0.0004954787563483216,0.0004954787563483216,2.3512457480667723e-07,0.15908932085503547
2012-11-07,0.0,0.0,0.0,0.0,0.0,0.35112194182646816,0.06326769795475136,0.0,0.0,0.0,0.15879574547321199
2012-11-08,0.0,0.0,0.0,0.0,0.0,0.11388232512475369,0.03700773892353104,0.0,0.0,0.0,0.14535732753863895
2012-11-09,0.39330220768672935,5.448053037560538,0.0,5.841355245247267,0.39330220768672935,0.023864234407183348,0.02720012561698449,0.1582641727569264,0.11358254554324616,0.1582641727569264,0.1961454693164996
2012-11-10,0.025919305444126142,1.7507131240572442,0.0,1.7766324295013705,0.025919305444126142,0.012187051142175954,0.026564105437099868,0.02209009455386267,0.007249251529031474,0.02209009455386267,0.17093781117187215
2012-11-11,0.005319043939039818,9.75655225393421,0.0,9.761871297873249,0.005319043939039818,5.976558186764327e-09,0.023185265634711814,0.008588298443370907,0.0009180967637970885,0.008588298443370907,0.14953563627900102
2012-11-12,1.5216188993984099,0.18312627713676763,0.0,1.7047451765351775,1.5216188993984099,0.0,0.020496271064197824,0.31714769395928816,0.28977290206668127,0.31714769395928816,0.12509140610318048
2012-11-13,0.0,0.0,0.029060100007062665,0.0,0.029060100007062665,0.0,0.020799290196947744,0.0,0.0,0.0,0.11420826261737434
2012-11-14,0.0,0.0,0.1856710411748175,0.0,0.1856710411748175,0.0,0.014185103488201902,0.0,0.0,0.0,0.1081077759756943
2012-11-15,0.0,0.0,0.0,0.0,0.0,0.0,0.02873007885409958,0.0,0.0,0.0,0.16660085821448634
2012-11-16,3.4731787098157407,0.0,0.022049913230316975,3.4731787098157407,3.495228623046058,0.0,0.0895962783645774,0.7738139477269912,0.7738139477269912,0.7689322841095425,0.21700234984426905
2012-11-17,11.130814187235623,0.49988261334735495,0.04575132799005931,11.630696800582978,11.176565515225683,0.0,0.10508499198560466,0.9990090424873034,0.9647788990966107,0.9949195938721982,0.07534210517466867
2012-11-18,11.853796641269156,3.931432091352236,0.010510515719930768,15.785228732621391,11.864307156989087,0.0,0.2677672704970179,0.909657706759156,0.8058119791284811,0.9088518466697183,0.17717781713913863
2012-11-19,25.473416000179974,0.0,2.2149640960654766,25.473416000179974,27.68838009624545,0.0,4.473458977494267,1.0,1.0,0.9200038395758,0.39169030484887224
2012-11-20,11.237778510142082,0.08024588974784952,1.1830921919542434,11.318024399889932,12.420870702096325,0.0,16.400137645062138,1.0,0.9953748574756364,0.904749657223743,0.7689196500459013
2012-11-21,0.20099002185818587,2.8155232347909003,0.019995967926596678,3.016513256649086,0.22098598978478257,0.009463400242090903,9.288879366731381,0.08080432718113878,0.03196415967399088,0.07349272911911747,0.6289905115085052
2012-11-22,0.0,0.0,0.0,0.0,0.0,0.0056955932791167875,2.6503695545843593,0.0,0.0,0.0,0.6109521280500048
2012-11-23,13.320789680677574,0.0,0.0,13.320789680677574,13.320789680677574,0.0,0.9420282638052043,1.0,1.0,1.0,0.6564990534506587
2012-11-24,0.0,0.0,0.01721180658267955,0.0,0.01721180658267955,0.0,5.2159990899148445,0.0,0.0,0.0,0.3014182819296261
2012-11-25,0.0,0.0,0.0,0.0,0.0,0.005449589144424937,2.9612580881372264,0.0,0.0,0.0,0.38363784210965607
2012-11-26,0.0,0.0,0.0,0.0,0.0,0.004108744956364738,0.8111970848690462,0.0,0.0,0.0,0.41076179838816906
2012-11-27,0.0,0.0,0.0,0.0,0.0,0.0,0.4223693458311964,0.0,0.0,0.0,0.4164113490960468
2012-11-28,3.1262038310641054,0.10368971774007148,0.0,3.229893548804177,3.1262038310641054,0.0,0.3532232112858003,0.9990090424873034,0.9739365987149287,0.9990090424873034,0.5141166235713778
2012-11-29,5.31994825741526,0.0,0.0,5.31994825741526,5.31994825741526,0.0,0.5158257705332895,1.0,1.0,1.0,0.48708096459144784
2012-11-30,6.00040984019178,0.0,0.053112525589684885,6.00040984019178,6.053522365781465,0.0,1.8144171428928881,1.0,1.0,0.991226178350325,0.4528572086097549
2012-12-01,10.465232388343171,0.2956749867697107,0.4473411559727353,10.760907375112883,10.912573544315906,0.0,4.337107175425618,0.9990090424873034,0.979429450344226,0.9580564790907191,0.5673108037544349
2012-12-02,3.7633290127847725,1.8222715344175708,0.14762527139374362,5.585600547202343,3.910954284178516,0.004525089552327768,7.512387640520888,0.29613113671084684,0.2370244832130291,0.2849531897831805,0.61602332743844
2012-12-03,8.5355692774683,0.5809661527964975,0.04518009925567672,9.116535430264797,8.580749376723976,0.011149369468096373,5.051756350551586,0.9844749989677526,0.9421617078168815,0.9792914565735711,0.8205055655216297
2012-12-04,10.546876428534125,0.07313164898272409,0.15088081925873495,10.620008077516848,10.69775724779286,0.0,7.186731393013301,1.0,0.9956152677337796,0.985896032620308,0.8186345817283573
2012-12-05,0.0,0.008943312333264633,0.0054382771656379175,0.008943312333264633,0.0054382771656379175,0.02227837892171586,7.908787545899846,0.0,0.0,0.0,0.5947231989081194
2012-12-06,1.1439593009050827e-05,1.5441961428488382,0.0,1.5442075824418473,1.1439593009050827e-05,0.037979695760758304,2.9527636012883094,0.0002890292745365209,1.1582102829841144e-06,0.0002890292745365209,0.5867930085387258
2012-12-07,1.612957752826452e-05,2.5273436745892006,0.0,2.527359804166729,1.612957752826452e-05,0.0026841495312184527,0.9027251511971708,0.0002890292745365209,1.0394885043701894e-06,0.0002890292745365209,0.5703253606415186
2012-12-08,0.0,0.06898646240994398,0.0,0.06898646240994398,0.0,0.01110068704514328,0.5228864715268565,0.0,0.0,0.0,0.563166918452148
2012-12-09,0.0,0.0,0.0,0.0,0.0,0.0005080050662984077,0.43508233577662964,0.0,0.0,0.0,0.5533924568240629
2012-12-10,0.0,0.0,0.0,0.0,0.0,0.0,0.39445668650368737,0.0,0.0,0.0,0.5481009637261228
2012-12-11,0.0007865551843607285,1.2139123982656603,0.0,1.214698953450021,0.0007865551843607285,0.008971023156591712,0.3638741403167892,0.004335439118047814,0.0002435053470200765,0.004335439118047814,0.5476292212519268
2012-12-12,0.0,0.0,0.0,0.0,0.0,0.009660515118604118,0.3377498619241125,0.0,0.0,0.0,0.5455653153783716
2012-12-13,0.0,0.8655159403616489,0.0,0.8655159403616489,0.0,0.005317776786520385,0.3167677405135218,0.0,0.0,0.0,0.5405598329171941
2012-12-14,0.0,0.0,0.0,0.0,0.0,0.0,0.30111650968480574,0.0,0.0,0.0,0.5299541693871652
2012-12-15,0.0,6.735032865690976,0.0,6.735032865690976,0.0,0.0,0.28694758997733044,0.0,0.0,0.0,0.5226285654641444
2012-12-16,0.0,23.127982713468533,0.0,23.127982713468533,0.0,0.0,0.2735210430160622,0.0,0.0,0.0,0.5132296211557819
2012-12-17,0.0,8.163692516841275,0.0,8.163692516841275,0.0,0.0,0.26140455269209534,0.0,0.0,0.0,0.5024156924683175
2012-12-18,0.0,1.0596967627034382,0.0,1.0596967627034382,0.0,0.0,0.2504182133754235,0.0,0.0,0.0,0.4916872187901647
2012-12-19,0.0,11.327548502415516,0.0,11.327548502415516,0.0,0.0,0.24070999312798685,0.0,0.0,0.0,0.4806531340116585
2012-12-20,0.0,2.278057411780313,0.0,2.278057411780313,0.0,0.0,0.23168475530932117,0.0,0.0,0.0,0.46955160707351945
2012-12-21,0.0,9.028874481933178,0.0,9.028874481933178,0.0,0.0,0.22339820572118682,0.0,0.0,0.0,0.4584447623271279
2012-12-22,0.0,4.93364029644904,0.0,4.93364029644904,0.0,0.0,0.2159877026434279,0.0,0.0,0.0,0.4475434436014997
2012-12-23,0.0,8.831207261280015,0.0,8.831207261280015,0.0,0.0,0.20917251003576065,0.0,0.0,0.0,0.43690178826018783
2012-12-24,0.0,9.450532413993824e-05,0.0,9.450532413993824e-05,0.0,0.0,0.2026179153199383,0.0,0.0,0.0,0.4265530715001648
2012-12-25,0.0,12.369562140629116,0.0,12.369562140629116,0.0,0.0,0.19641456362404247,0.0,0.0,0.0,0.4165655849144267
2012-12-26,0.0,0.103272293280886,0.0,0.103272293280886,0.0,0.0,0.19077204668086795,0.0,0.0,0.0,0.4069117635253611
2012-12-27,0.0,0.0,0.0,0.0,0.0,0.0,0.1854646876235419,0.0,0.0,0.0,0.39757159326128294
2012-12-28,0.0,0.0,0.0,0.0,0.0,0.0,0.18032886169948503,0.0,0.0,0.0,0.38846662267199267
2012-12-29,0.0,3.3059044313101125,0.0,3.3059044313101125,0.0,0.0,0.1754440044872826,0.0,0.0,0.0,0.37959448429138565
2012-12-30,0.0,0.0,0.0,0.0,0.0,0.0,0.17080958691004464,0.0,0.0,0.0,0.37092973407104585
2012-12-31,0.0,0.0,0.0,0.0,0.0,0.0,0.1663772652813964,0.0,0.0,0.0,0.36247691188204617
2013-01-01,0.0,0.0,0.0,0.0,0.0,0.0,0.1622494044278011,0.0,0.0,0.0,0.3542308135785354
2013-01-02,0.0,0.0,0.0,0.0,0.0,0.0,0.15831913420672217,0.0,0.0,0.0,0.34617465340260906
2013-01-03,0.0,0.0,0.0,0.0,0.0,0.0,0.1546315855025254,0.0,0.0,0.0,0.33830893951852525
2013-01-04,0.0,3.8831171518200502,0.0,3.8831171518200502,0.0,0.0,0.1511460289758739,0.0,0.0,0.0,0.33064562133016356
2013-01-05,0.0,0.8321372127614856,0.0,0.8321372127614856,0.0,0.0,0.14789570165448399,0.0,0.0,0.0,0.32319678175392935
2013-01-06,1.3572563017873083,1.2519653647891507,0.0,2.6092216665764587,1.3572563017873083,0.0,0.15111536198765202,0.1939799331103679,0.13534357039057263,0.19397993311036787,0.3167713047248292
2013-01-07,1.7295055997377469,0.37770737578270885,0.0,2.1072129755204556,1.7295055997377469,0.0,0.16229599014836632,0.3135141830794005,0.2698138592136532,0.3135141830794005,0.3098813721092079
2013-01-08,0.0015256713811145288,0.3797017240922947,0.0,0.3812273954734092,0.0015256713811145288,0.0,0.3481385230978432,0.005574136008918618,0.000976034401300708,0.005574136008918618,0.2845988537128619
2013-01-09,0.0,0.0,0.0,0.0,0.0,0.0,0.5915946614486576,0.0,0.0,0.0,0.24142517714804368
2013-01-10,0.0,0.0,0.0,0.0,0.0,0.0,0.37297027350203643,0.0,0.0,0.0,0.24884778343762629
2013-01-11,0.0,0.0,0.0,0.0,0.0,0.0,0.2229881429477553,0.0,0.0,0.0,0.24552425232310385
2013-01-12,0.0,0.0,0.0,0.0,0.0,0.0,0.17403451913601548,0.0,0.0,0.0,0.2406081657285114
2013-01-13,0.0,0.0,0.0,0.0,0.0,0.0,0.16143737468149405,0.0,0.0,0.0,0.23532460422440962
2013-01-14,0.0,0.0,0.0,0.0,0.0,0.0,0.15561529512624156,0.0,0.0,0.0,0.22997535261234162
2013-01-15,0.0,0.0,0.0,0.0,0.0,0.0,0.15118952542799,0.0,0.0,0.0,0.22473419379332257
2013-01-16,0.0,0.0,2.7073954270524017e-05,0.0,2.7073954270524017e-05,0.0,0.14727421974211033,0.0,0.0,0.0,0.2197196115644667
2013-01-17,0.0,0.0,0.0013506006618842056,0.0,0.0013506006618842056,0.0,0.14376301983913495,0.0,0.0,0.0,0.21497729264490315
2013-01-18,0.0,0.0,0.04203637411627087,0.0,0.04203637411627087,0.0,0.14105445764900817,0.0,0.0,0.0,0.21048217136226036
2013-01-19,0.0,0.0,0.0006131671223610376,0.0,0.0006131671223610376,0.0,0.1381926116825066,0.0,0.0,0.0,0.20618314139624827
2013-01-20,0.0,0.0,0.0,0.0,0.0,0.0,0.13473725311293847,0.0,0.0,0.0,0.20219823221605562
2013-01-21,0.0,0.0,0.0,0.0,0.0,0.0,0.13208853030866582,0.0,0.0,0.0,0.19804883044911845
2013-01-22,0.0,0.4068527860184821,0.0,0.4068527860184821,0.0,0.0,0.13015075923205033,0.0,0.0,0.0,0.19420253209318075
2013-01-23,0.0,0.394205849347429,0.0,0.394205849347429,0.0,0.0,0.12731743958471511,0.0,0.0,0.0,0.19054683301651154
2013-01-24,0.0,0.0,0.0,0.0,0.0,0.0,0.12490989898210811,0.0,0.0,0.0,0.18709736622935882
2013-01-25,0.0,0.024785022354013128,0.0,0.024785022354013128,0.0,0.0,0.1227057542533498,0.0,0.0,0.0,0.1839015567277392
2013-01-26,0.0,0.0,0.0,0.0,0.0,0.0,0.12061510055638933,0.0,0.0,0.0,0.1810112125817338
2013-01-27,0.0,0.0,0.0,0.0,0.0,0.0,0.11863407108581583,0.0,0.0,0.0,0.17848291738323904
2013-01-28,0.0,0.0,0.0,0.0,0.0,0.0,0.11666869032879168,0.0,0.0,0.0,0.17636850307650745
2013-01-29,0.0,0.0,1.1186622928037193,0.0,1.1186622928037193,0.0,0.12056631637638396,0.0,0.0,0.0,0.14553576578797944
2013-01-30,0.0,0.0,0.6837609894549328,0.0,0.6837609894549328,0.0,0.15623012948158793,0.0,0.0,0.0,0.14338568210705802
2013-01-31,0.0,0.0,0.6113779338600492,0.0,0.6113779338600492,0.0,0.20735702515025364,0.0,0.0,0.0,0.14777866469702117
2013-02-01,0.0,0.0,0.0,0.0,0.0,2.1086563308081126e-06,0.20294651199737146,0.0,0.0,0.0,0.16002273646365492
2013-02-02,0.0,0.0,0.0,0.0,0.0,0.0,0.15498800450666952,0.0,0.0,0.0,0.15801109397689403
2013-02-03,0.0,0.0,0.03392716531821807,0.0,0.03392716531821807,0.0,0.12960431098011332,0.0,0.0,0.0,0.15432362249944773
2013-02-04,0.0640622597759363,0.0969919322017293,0.0742696013667808,0.1610541919776656,0.13833186114271712,0.0,0.12989579147282876,0.13708245592303564,0.09740623794240147,0.06348365322002458,0.1480647824130081
2013-02-05,0.00019862237271308926,0.015458442500997495,0.0,0.015657064873710585,0.00019862237271308926,0.0,0.13123231603106772,0.005574136008918618,0.005574136008918618,0.005574136008918618,0.16315598421487754
2013-02-06,0.0,4.1072867441727195e-05,0.0,4.1072867441727195e-05,0.0,0.0,0.12056178615726763,0.0,0.0,0.0,0.16836589519570633
2013-02-07,0.0,0.0,0.0,0.0,0.0,3.2457526945795624e-06,0.11838363952766368,0.0,0.0,0.0,0.1737738852573559
2013-02-08,0.0,0.0,0.0,0.0,0.0,0.0,0.11802686630611818,0.0,0.0,0.0,0.17947449845296484
2013-02-09,0.0,0.0,0.0,0.0,0.0,5.390445694636395e-05,0.11457485302904928,0.0,0.0,0.0,0.1847553045823509
2013-02-10,0.0,0.0,0.0,0.0,0.0,1.2080849112759483e-07,0.11163899278300833,0.0,0.0,0.0,0.1895455540140786
2013-02-11,0.0,0.0,0.29985331199027443,0.0,0.29985331199027443,0.0,0.1124135670761574,0.0,0.0,0.0,0.17169624962257046
2013-02-12,0.0,0.0,0.5603912524556149,0.0,0.5603912524556149,0.0,0.14919827148329276,0.0,0.0,0.0,0.16258726039474403
2013-02-13,0.0,0.0,0.52402666710967,0.0,0.52402666710967,3.7522071470527397e-06,0.21452613940990958,0.0,0.0,0.0,0.17298184438262773
2013-02-14,0.0,0.0,2.614968745146049,0.0,2.614968745146049,6.272632605888124e-05,0.2413767594529395,0.0,0.0,0.0,0.1598169506526155
2013-02-15,0.0,0.0,0.08580920847752657,0.0,0.08580920847752657,0.00023749879892298896,0.27976016873303616,0.0,0.0,0.0,0.15605672688172115
2013-02-16,0.0,0.0,0.0,0.0,0.0,2.6340880956319722e-05,0.23790853562274897,0.0,0.0,0.0,0.1589922442162812
2013-02-17,0.0,0.0,0.0,0.0,0.0,9.080806944580063e-06,0.17244700184476255,0.0,0.0,0.0,0.1598651371578013
2013-02-18,0.0,0.0,0.0,0.0,0.0,0.0006500974187953425,0.1483911107700411,0.0,0.0,0.0,0.16564450409929463
2013-02-19,0.0,0.0,0.0,0.0,0.0,0.0002261241429405091,0.13298699548319767,0.0,0.0,0.0,0.17353801848937425
2013-02-20,0.0,0.0,0.0,0.0,0.0,1.4784342695756084e-07,0.12679586425530742,0.0,0.0,0.0,0.18215712785050744
2013-02-21,0.0,0.15796999182207835,0.0,0.15796999182207835,0.0,1.2961718237667283e-05,0.12294950961712155,0.0,0.0,0.0,0.18985471821472735
2013-02-22,0.0,0.0,0.0,0.0,0.0,2.1515464268682546e-06,0.11983075698888734,0.0,0.0,0.0,0.19539151069011376
2013-02-23,0.0,0.0,0.0,0.0,0.0,1.509786282770193e-05,0.117149599727864,0.0,0.0,0.0,0.198430714037141
2013-02-24,9.82663501957262e-06,0.8035549628864408,0.0,0.8035647895214604,9.82663501957262e-06,0.0,0.11473292748189,0.0002890292745365209,1.2652495413912475e-06,0.0002890292745365209,0.19939653319021747
2013-02-25,0.0,0.0,0.0,0.0,0.0,0.004562167535532303,0.11241215546296054,0.0,0.0,0.0,0.19896867177282918
2013-02-26,0.0,0.0,0.0,0.0,0.0,0.004951436956799869,0.1100275758268313,0.0,0.0,0.0,0.19765690726081195
2013-02-27,12.719819040559221,0.0,0.22827451434637144,12.719819040559221,12.948093554905592,0.0,0.16462283108357956,1.0,1.0,0.9823700289638481,0.17726159519645565
2013-02-28,0.0,0.0,8.7032046642596,0.0,8.7032046642596,0.0,1.2848754665616797,0.0,0.0,0.0,0.09617609069863477
2013-03-01,0.0,0.0,2.434388947080535,0.0,2.434388947080535,0.005923594240829253,3.8516199222501166,0.0,0.0,0.0,0.08964108839683667
2013-03-02,0.0,0.0,0.0,0.0,0.0,0.0006864716872067276,2.3007020051546734,0.0,0.0,0.0,0.13308493619975223
2013-03-03,0.0,0.0,0.0,0.0,0.0,0.004281454977456636,0.6658662015543274,0.0,0.0,0.0,0.14016385247518118
2013-03-04,0.11914925825076705,5.56196263382405,0.0,5.681111892074817,0.11914925825076705,0.0,0.40944918498510074,0.0633799909162228,0.019491157038757943,0.0633799909162228,0.3416787150664908
2013-03-05,1.3350930567164367,2.700534678432027,0.0,4.035627735148464,1.3350930567164367,0.0,0.41997597853485497,0.4574507617985879,0.36612584054274633,0.4574507617985879,0.43018152998428666
2013-03-06,0.0,0.0,0.14693753990640288,0.0,0.14693753990640288,0.008330316670718627,0.6399197129994572,0.0,0.0,0.0,0.21768009226875384
2013-03-07,0.0,0.0,0.03193015478477072,0.0,0.03193015478477072,0.01691141305464872,0.5793962465110576,0.0,0.0,0.0,0.17357359237551118
2013-03-08,0.0,0.0,0.17784707711956832,0.0,0.17784707711956832,0.023814707839430294,0.37806607106931817,0.0,0.0,0.0,0.14431810898531156
2013-03-09,0.0,0.0,0.8879651863138558,0.0,0.8879651863138558,0.002657756600561354,0.40932997331746146,0.0,0.0,0.0,0.11005375583685255
2013-03-10,0.0,0.0,1.9801720600850359,0.0,1.9801720600850359,0.00481861868488523,0.6442122482321192,0.0,0.0,0.0,0.08186127829235153
2013-03-11,0.0,0.0,6.554539228717552,0.0,6.554539228717552,0.0,1.3248481080503693,0.0,0.0,0.0,0.06573360689166395
2013-03-12,0.0,0.0,9.854853649738871,0.0,9.854853649738871,0.0007626153389393702,3.251808330379115,0.0,0.0,0.0,0.12345117759032265
2013-03-13,0.0,0.0,10.337693903937335,0.0,10.337693903937335,0.0014476728709121973,6.409754054348828,0.0,0.0,0.0,0.034018959230497026
2013-03-14,0.0,0.0,5.374554065343562,0.0,5.374554065343562,0.07207732313511836,7.976928140418037,0.0,0.0,0.0,0.04647250901938602
2013-03-15,0.6059623087125319,0.49989339693435464,0.12291471158662369,1.1058557056468865,0.7288770202991556,0.09994472129856954,5.028239089977999,0.13778438416119576,0.10372846080737393,0.1145490133528762,0.047359884908305595
2013-03-16,6.427016063660362e-06,0.7391879884018708,9.899471490693203e-05,0.7391944154179345,0.0001054217309705924,0.06864499686359503,1.6497126604167711,0.0002890292745365209,1.0117871354641336e-06,1.7620615533551623e-05,0.05074784685460441
2013-03-17,0.0,0.0001595977748621155,0.0,0.0001595977748621155,0.0,0.05578925211132314,0.7833789517125697,0.0,0.0,0.0,0.04657611521928326
2013-03-18,2.328507955323526,5.971957174910123,0.0,8.300465130233649,2.328507955323526,0.03424117498403985,0.6264651243950465,0.4354845369338123,0.34372915443411944,0.4354845369338123,0.15875616635057446
2013-03-19,6.737977441988838,3.4945750264296214,0.011233345535900427,10.23255246841846,6.7492107875247385,0.004252505837971125,1.5132161584814106,0.8830670135017961,0.7717156418139609,0.8815972421157316,0.41098556534505176
2013-03-20,0.0,0.5700555439233916,0.0,0.5700555439233916,0.0,0.09933773533054108,3.3801780344155854,0.0,0.0,0.0,0.21845107476201656
2013-03-21,0.0,0.0,0.0,0.0,0.0,0.13923490252846504,2.0256975098022174,0.0,0.0,0.0,0.30073851943439806
2013-03-22,0.0,0.0,0.0,0.0,0.0,0.11501643802318846,0.7166010552684262,0.0,0.0,0.0,0.3057978200914772
2013-03-23,0.0,0.0,0.0,0.0,0.0,0.12269855478237149,0.4705935703805267,0.0,0.0,0.0,0.31502174004913086
2013-03-24,0.0,0.0,0.0,0.0,0.0,0.14947691763968987,0.3961296317496799,0.0,0.0,0.0,0.31969403218961034
2013-03-25,0.0,0.0,3.2014588491249634,0.0,3.2014588491249634,0.12026446312126349,0.3551458861357079,0.0,0.0,0.0,0.3239022360175251
2013-03-26,1.4508426407052055,0.0,3.48606675930517,1.4508426407052055,4.936909400010375,0.005577193589318959,0.5522277536118682,0.7770758495396176,0.7770758495396176,0.228364486002504,0.3195352287082787
2013-03-27,0.0,0.0,4.690085159546853,0.0,4.690085159546853,0.11709111682418127,2.351476506363698,0.0,0.0,0.0,0.25386073797041053
2013-03-28,0.0,0.0,6.600266607248306,0.0,6.600266607248306,0.17843366560332305,3.6607717290430006,0.0,0.0,0.0,0.12189261119679551
2013-03-29,0.0,0.0,8.253230723571802,0.0,8.253230723571802,0.20907477579547643,5.173461648747274,0.0,0.0,0.0,0.08944682245030007
2013-03-30,0.0,0.0,9.063873648470866,0.0,9.063873648470866,0.20947046082474083,6.8151121037899784,0.0,0.0,0.0,0.04955619467926949
2013-03-31,0.0,0.0,8.802601434102382,0.0,8.802601434102382,0.2547860010045105,7.809959001612888,0.0,0.0,0.0,0.030818933286011357
2013-04-01,0.0,0.0,4.899965830342802,0.0,4.899965830342802,0.5002199714672114,7.4932867630852105,0.0,0.0,0.0,0.07772911802357667
2013-04-02,0.0,0.0,4.522943479498736,0.0,4.522943479498736,0.44914100565347687,5.021244606015206,0.0,0.0,0.0,0.01162595924759569
2013-04-03,11.772792192250082,0.0,2.8212549641989173,11.772792192250082,14.594047156449,0.32851971932741364,4.715740478715142,1.0,1.0,0.8066845382946275,0.12864628149046667
2013-04-04,2.3549517427076343,0.0,1.495914420427579,2.3549517427076343,3.8508661631352132,0.343668593116924,9.687046460484373,0.1829968206779801,0.1829968206779801,0.11190954541372723,0.3250149378342692
2013-04-05,13.174244994189062,0.0,0.11407375936440226,13.174244994189062,13.288318753553463,0.5545616095960001,5.906661841764609,1.0,1.0,0.9914154859256445,0.6021838354852355
2013-04-06,13.893828193899935,0.11317380734617717,0.0005235868537256269,14.007002001246112,13.894351780753661,0.4676067641866922,10.808225030602708,1.0,0.9954538016788823,0.9999623165684886,0.8069715322165352
2013-04-07,0.0,0.0,0.0019833254500409908,0.0,0.0019833254500409908,0.5334984430646403,10.656581894710287,0.0,0.0,0.0,0.6349196197971387
2013-04-08,0.0,0.0,0.027952910285680373,0.0,0.027952910285680373,0.6464958570646687,3.3379080164099553,0.0,0.0,0.0,0.6082738261293902
2013-04-09,0.954043942921662,0.0,0.3748748348575298,0.954043942921662,1.3289187777791918,0.25498413571963213,0.8855257126991407,0.1518229489243982,0.1518229489243982,0.10899519762967334,0.6047219325262781
2013-04-10,0.0,0.0,0.006213117723938508,0.0,0.006213117723938508,0.7015208564787712,0.4662954697678853,0.0,0.0,0.0,0.6337834484061657
2013-04-11,0.2930107620340301,0.0,1.2579003953004973e-06,0.2930107620340301,0.2930120199344254,0.7603945518406037,0.6081768483356352,0.1518229489243982,0.1518229489243982,0.15182229714858536,0.7669928383007033
2013-04-12,0.005083454424586901,1.177004381171744,1.0399159781853786e-08,1.182087835596331,0.005083464823746682,0.37921564200049,0.4482361916986107,0.005574136008918618,0.0009942943123504768,0.005574124606000921,0.6025190455113901
2013-04-13,1.6991065463688027,1.1207398823721115,4.008854712714864e-11,2.819846428740914,1.6991065464088912,0.3113301280694244,0.2753521420968835,0.6989553656220323,0.5899059616669329,0.6989553656055413,0.6640131869915692
2013-04-14,0.0,0.0,8.304543972764805e-09,0.0,8.304543972764805e-09,0.494760226324481,0.3427772251044633,0.0,0.0,0.0,0.5774787309248955
2013-04-15,0.0,0.0,4.685820555338952e-08,0.0,4.685820555338952e-08,0.44664347799370113,0.38833704971113264,0.0,0.0,0.0,0.5451509332190244
2013-04-16,0.0,0.0,7.575527872337002e-07,0.0,7.575527872337002e-07,0.5938223347283854,0.27223188850847124,0.0,0.0,0.0,0.544359981228265
2013-04-17,0.0,0.0,0.7350219320946315,0.0,0.7350219320946315,0.34699478813556833,0.20236946207925818,0.0,0.0,0.0,0.5296847817449555
2013-04-18,3.272814137664492,0.0,1.7012837532374385,3.272814137664492,4.97409789090193,0.011849976622953961,0.20634880720071583,1.0,1.0,0.6579713969141544,0.5753357566597126
2013-04-19,5.950962575144452e-05,0.0,0.5321237699165372,5.950962575144452e-05,0.5321832795422886,0.6491691490446543,0.3808971676496843,0.0017341756472191254,0.0017341756472191254,1.939184257010816e-07,0.5847746411154133
2013-04-20,0.0,0.0,0.003194868801705007,0.0,0.003194868801705007,0.7634091908373589,1.2062147269921057,0.0,0.0,0.0,0.4529404933722258
2013-04-21,0.0,0.0,0.0002826262931759941,0.0,0.0002826262931759941,0.7425934305829078,0.5803970529060644,0.0,0.0,0.0,0.4277575533772087
2013-04-22,0.0,0.0,0.600017001594812,0.0,0.600017001594812,0.5927769780575985,0.26022869109206914,0.0,0.0,0.0,0.4073515897331777
2013-04-23,0.0,0.0,2.476061977263192,0.0,2.476061977263192,0.6105678307668082,0.17723879268376205,0.0,0.0,0.0,0.40370755341641845
2013-04-24,0.0,0.0,4.914344137936823,0.0,4.914344137936823,0.44923348229965665,0.25746119427158587,0.0,0.0,0.0,0.3557208422730816
2013-04-25,0.0,0.0,5.20651750603647,0.0,5.20651750603647,0.7487133944167358,2.674657686872477,0.0,0.0,0.0,0.2307962282460748
2013-04-26,0.0,0.0,2.60538825719059,0.0,2.60538825719059,0.9883364767004041,4.296021712977159,0.0,0.0,0.0,0.07846785169860332
2013-04-27,0.0,0.0,0.7035949936135409,0.0,0.7035949936135409,0.8443760283302438,2.8503911667403954,0.0,0.0,0.0,0.04624962853010952
2013-04-28,0.0,0.0,1.530650387324458e-07,0.0,1.530650387324458e-07,0.6029371675405747,1.371830283036038,0.0,0.0,0.0,0.04158417417869576
2013-04-29,0.0,0.0,4.8570740636578884e-11,0.0,4.8570740636578884e-11,0.6216553557836763,0.5745119688385479,0.0,0.0,0.0,0.04504441275277655
2013-04-30,0.0,0.0,0.04102575829711573,0.0,0.04102575829711573,0.6897082171219444,0.22482706469699543,0.0,0.0,0.0,0.054563685993878404
2013-05-01,0.0,0.0,2.7885261745097405,0.0,2.7885261745097405,0.7234159623917032,0.1633389142441333,0.0,0.0,0.0,0.06449892193648547
2013-05-02,0.0,0.0,3.5601857683687026,0.0,3.5601857683687026,0.8481467353968821,0.3389742658306374,0.0,0.0,0.0,0.06639427886418792
2013-05-03,0.0,0.0,2.9475802958861377,0.0,2.9475802958861377,1.0157641428042985,2.3067996434274742,0.0,0.0,0.0,0.030037279480681096
2013-05-04,0.0,0.0,3.0507219607983305,0.0,3.0507219607983305,1.007718023265767,2.7041564222969665,0.0,0.0,0.0,0.025721079799097896
2013-05-05,0.0,0.0,3.3270842669672294,0.0,3.3270842669672294,1.079718832368135,2.6597772128954666,0.0,0.0,0.0,0.013833568971993906
2013-05-06,0.0,0.0,2.902745284612985,0.0,2.902745284612985,1.1571034407855982,2.872944992231515,0.0,0.0,0.0,0.011978367618098498
2013-05-07,0.0,0.0,2.3057774955809953,0.0,2.3057774955809953,1.394737966089883,2.6386655601639464,0.0,0.0,0.0,0.011708677396370631
2013-05-08,0.0,0.0,1.9062104577197567,0.0,1.9062104577197567,1.3563276433005302,2.1358451535283933,0.0,0.0,0.0,0.011064805753916792
2013-05-09,0.0,0.0,1.42047533993062,0.0,1.42047533993062,1.5181779043373096,1.7248190712120355,0.0,0.0,0.0,0.010986688340998764
2013-05-10,0.0,0.0,0.9298389427746185,0.0,0.9298389427746185,1.335919948549814,1.3226458544523558,0.0,0.0,0.0,0.01159214747420127
2013-05-11,0.00012039767079312484,0.0,0.4024124762613833,0.00012039767079312484,0.40253287393217646,1.3797778881701082,0.8887942341131806,0.0007432181345224824,0.0007432181345224824,2.2229670688410696e-07,0.012959705648338619
2013-05-12,4.504235440647813,0.0,0.04828148528135439,4.504235440647813,4.552516925929167,1.3481529775451182,0.5479122882891179,0.3965068747677443,0.3965068747677443,0.39230174139876794,0.016522725619330787
2013-05-13,0.0,0.0,0.06875034903782153,0.0,0.06875034903782153,0.8802540447376417,0.30492317956536497,0.0,0.0,0.0,0.01905694231109471
2013-05-14,0.0,0.0,0.11331686573470452,0.0,0.11331686573470452,0.6523249963527872,0.5945029208983715,0.0,0.0,0.0,0.015704374078010775
2013-05-15,0.09089407489756378,0.0,0.11518511039968657,0.09089407489756378,0.20607918529725033,0.811058586040432,0.3352532910608378,0.039597010611503364,0.039597010611503364,0.01746480918512073,0.019704543863287998
2013-05-16,0.7587018036743027,0.0,0.06086302488148922,0.7587018036743027,0.8195648285557919,0.37113169771964183,0.1701480590777681,0.1518229489243982,0.1518229489243982,0.14054818017395068,0.030216539136400728
2013-05-17,0.0,0.0,0.03115843439735346,0.0,0.03115843439735346,0.6607408353579703,0.09596415990035377,0.0,0.0,0.0,0.048090560769335454
2013-05-18,0.0,0.0,0.08000241686952193,0.0,0.08000241686952193,0.6631941247218871,0.07577801699273795,0.0,0.0,0.0,0.01810672239021
2013-05-19,0.0,0.0,0.13749300155708424,0.0,0.13749300155708424,1.0109716694221618,0.20377465787468596,0.0,0.0,0.0,0.02212198660345412
2013-05-20,15.149292794977482,0.0,0.013344113444443534,15.149292794977482,15.162636908421925,1.0720097603386587,0.1647743666862726,1.0,1.0,0.9991199345123781,0.1621454386092415
2013-05-21,14.210582714854809,0.0,1.7950105721998146e-17,14.210582714854809,14.210582714854809,0.9966271633046018,0.2932721543877633,1.0,1.0,1.0,0.09557747778777807
2013-05-22,9.296771751743014,0.0,2.0769271176799707e-08,9.296771751743014,9.296771772512285,0.1232297119274919,2.9889753505104464,1.0,1.0,0.9999999977659696,0.07382320786566617
2013-05-23,11.879950576427499,0.0,0.0032150425547472585,11.879950576427499,11.883165618982247,0.1495811667283984,4.671669989340391,1.0,1.0,0.9997294456159382,0.6868679650742405
2013-05-24,0.0,0.0,0.03083792496854626,0.0,0.03083792496854626,1.034346370605637,6.344047702409537,0.0,0.0,0.0,0.5776986104710011
2013-05-25,3.1434837262286486,0.0,0.05509583353294587,3.1434837262286486,3.1985795597615945,0.32946369307484846,2.42078733886296,1.0,1.0,0.9827749060157652,0.6190737565971255
2013-05-26,4.950353117949698,0.0,0.008115654198188748,4.950353117949698,4.958468772147887,1.625007592831739,0.9744979221586798,1.0,1.0,0.9983632741132151,0.6951542848113933
2013-05-27,7.603242716415567,0.0,0.031103196626484128,7.603242716415567,7.634345913042051,0.358590132359058,2.0983673250373576,0.9725009290226682,0.9725009290226682,0.9685388492375282,0.7686450953416478
2013-05-28,6.1001434509814425,0.0,0.015562569716023805,6.1001434509814425,6.115706020697466,1.2053722682262626,5.0523084668602225,1.0,1.0,0.9974553110199615,0.7810008576664588
2013-05-29,0.0,0.0,0.01359372428098689,0.0,0.01359372428098689,1.3686613037645154,4.071438263720844,0.0,0.0,0.0,0.6060371289088019
2013-05-30,0.0,0.0,0.04766968051195535,0.0,0.04766968051195535,1.2092712407173039,1.495143530405289,0.0,0.0,0.0,0.6212086218791915
2013-05-31,0.0,0.0,0.06476167680820774,0.0,0.06476167680820774,1.139491875405548,0.504911063829054,0.0,0.0,0.0,0.573557936512661
2013-06-01,0.0,0.0,0.030820611376827834,0.0,0.030820611376827834,1.8237390680671617,0.2466099568501227,0.0,0.0,0.0,0.5526692589800025
2013-06-02,0.0,0.0,0.03544485228918509,0.0,0.03544485228918509,1.3823025814352854,0.1429820954210468,0.0,0.0,0.0,0.5299919978381247
2013-06-03,0.0,0.0,0.02680408672178462,0.0,0.02680408672178462,1.586862509349076,0.09153582187706508,0.0,0.0,0.0,0.5076991337986677
2013-06-04,0.0,0.0,0.009857400675945042,0.0,0.009857400675945042,1.7085048917452157,0.0594434071222963,0.0,0.0,0.0,0.48176234366390824
2013-06-05,0.0,0.0,0.0024538755934037913,0.0,0.0024538755934037913,1.8714351164497476,0.036912150118610765,0.0,0.0,0.0,0.44197863911197716
2013-06-06,0.0,0.0,0.0004029684754673613,0.0,0.0004029684754673613,1.9115149707098262,0.019564666623860732,0.0,0.0,0.0,0.3946687511268454
2013-06-07,0.0,0.0,0.00016093935275177313,0.0,0.00016093935275177313,1.7599029200994427,0.008511936801512642,0.0,0.0,0.0,0.27258712332361085
2013-06-08,0.0,0.0,4.090478972304394e-05,0.0,4.090478972304394e-05,1.8525326944958866,0.0047437849882238665,0.0,0.0,0.0,0.26195493143104437
2013-06-09,0.0,0.0,1.640931458729103e-05,0.0,1.640931458729103e-05,1.8103030686007253,0.0031450976724540403,0.0,0.0,0.0,0.2596871018020351
2013-06-10,0.0,0.0,2.2483561945739826e-06,0.0,2.2483561945739826e-06,1.2384912814601838,0.0026599064533316904,0.0,0.0,0.0,0.25836462545768324
2013-06-11,0.0,0.0,2.3832165308765664e-06,0.0,2.3832165308765664e-06,1.3332430410403409,0.002505562089871839,0.0,0.0,0.0,0.25328113552009723
2013-06-12,4.342936245649489,0.0,2.3366117360808514e-06,4.342936245649489,4.342938582261225,0.8741925326326789,0.003417851397348756,0.6578306288451216,0.6578306288451216,0.6578302749154634,0.4157782764951103
2013-06-13,0.0,0.0,2.707731097510258e-06,0.0,2.707731097510258e-06,1.338017532771667,0.004909770512156005,0.0,0.0,0.0,0.14303313235765572
2013-06-14,0.0,0.0,2.2548238917509374e-06,0.0,2.2548238917509374e-06,1.682506922623485,0.0025058509832071407,0.0,0.0,0.0,0.13457861862552056
2013-06-15,0.0,0.0,7.247955451015032e-07,0.0,7.247955451015032e-07,1.7758635769861442,0.0019195871110409702,0.0,0.0,0.0,0.13281035957167953
2013-06-16,0.0,0.0,7.70639112750172e-08,0.0,7.70639112750172e-08,1.6637846756256085,0.0013336501128575916,0.0,0.0,0.0,0.16992614484860755
2013-06-17,0.0,0.0,0.0,0.0,0.0,1.4614581600708647,0.0008248511541844946,0.0,0.0,0.0,0.12013031255140155
2013-06-18,0.0,0.0,0.0,0.0,0.0,0.9775816003325091,0.0007496535556132925,0.0,0.0,0.0,0.21283147035594174
2013-06-19,2.2478467988878044,0.0,0.0,2.2478467988878044,2.2478467988878044,0.3759864876035441,0.001263389914119451,1.0,1.0,1.0,0.19024662007056545
2013-06-20,0.0,0.0,0.0,0.0,0.0,1.043993599711411,0.0019144952526727634,0.0,0.0,0.0,0.14271259918381154
2013-06-21,0.0,0.0,0.0,0.0,0.0,1.5268266420530918,0.0011610060858003816,0.0,0.0,0.0,0.1322163204500696
2013-06-22,5.00425210788081,0.0,0.0,5.00425210788081,5.00425210788081,0.3701016698906339,0.00276704811974887,1.0,1.0,1.0,0.2781731158886392
2013-06-23,2.457632076380403,0.0,0.0,2.457632076380403,2.457632076380403,0.7507071003306789,0.005325785726686517,0.8938849663487345,0.8938849663487345,0.8938849663487345,0.2371195777576879
2013-06-24,4.286916790385382,0.0,0.0,4.286916790385382,4.286916790385382,0.6734506178144347,0.004896823116054332,1.0,1.0,1.0,0.27969385811944497
2013-06-25,0.0,0.0,0.0,0.0,0.0,1.408055945234291,0.0056552162322985435,0.0,0.0,0.0,0.16185109767256714
2013-06-26,0.0,0.0,0.0,0.0,0.0,1.413757734924658,0.0014108780351711509,0.0,0.0,0.0,0.13096048312941042
2013-06-27,0.0,0.0,0.0,0.0,0.0,2.0926208289899635,0.0010624993119847143,0.0,0.0,0.0,0.08659375331062519
2013-06-28,0.0,0.0,0.0,0.0,0.0,1.9839671232144895,0.0006475705099541328,0.0,0.0,0.0,0.08580376083653259
2013-06-29,0.0,0.0,0.0,0.0,0.0,2.486413296755739,0.00035393140815828385,0.0,0.0,0.0,0.1002135645225395
2013-06-30,0.0,0.0,0.0,0.0,0.0,2.659935548559345,0.00021690569945145984,0.0,0.0,0.0,0.04452700235463728
2013-07-01,0.0,0.0,0.0,0.0,0.0,2.805725867256418,0.00018279923977267593,0.0,0.0,0.0,0.05649720701795005
2013-07-02,0.0,0.0,0.0,0.0,0.0,2.715711875416564,2.9867858568964632e-05,0.0,0.0,0.0,0.0
2013-07-03,0.0,0.0,0.0,0.0,0.0,2.2173472992050463,0.0,0.0,0.0,0.0,0.0
2013-07-04,0.0,0.0,0.0,0.0,0.0,1.781553259903414,0.0,0.0,0.0,0.0,0.0
2013-07-05,0.0,0.0,0.0,0.0,0.0,2.1756820088199706,0.0,0.0,0.0,0.0,0.0
2013-07-06,0.0,0.0,0.0,0.0,0.0,2.152060510255287,0.0,0.0,0.0,0.0,0.0
2013-07-07,0.0,0.0,0.0,0.0,0.0,2.1521289295497787,0.0,0.0,0.0,0.0,0.0
2013-07-08,0.0,0.0,0.0,0.0,0.0,2.3512280887733534,0.0,0.0,0.0,0.0,0.0
2013-07-09,0.0,0.0,0.0,0.0,0.0,2.3285521993236933,0.0,0.0,0.0,0.0,0.0
2013-07-10,0.0,0.0,0.0,0.0,0.0,2.014552115125347,0.0,0.0,0.0,0.0,0.0
2013-07-11,0.0,0.0,0.0,0.0,0.0,1.5392867701581483,0.0,0.0,0.0,0.0,0.0
2013-07-12,0.0,0.0,0.0,0.0,0.0,1.8440230185006146,0.0,0.0,0.0,0.0,0.0
2013-07-13,0.0,0.0,0.0,0.0,0.0,1.9864240586442297,0.0,0.0,0.0,0.0,0.0
2013-07-14,0.0,0.0,0.0,0.0,0.0,1.8886719402126568,0.0,0.0,0.0,0.0,0.0
2013-07-15,0.0,0.0,0.0,0.0,0.0,2.1447930007646017,0.0,0.0,0.0,0.0,0.0
2013-07-16,0.0,0.0,0.0,0.0,0.0,1.9686111724433761,0.0,0.0,0.0,0.0,0.0
2013-07-17,0.0,0.0,0.0,0.0,0.0,2.350854110224621,0.0,0.0,0.0,0.0,0.0
2013-07-18,0.0,0.0,0.0,0.0,0.0,2.1636474329706843,0.0,0.0,0.0,0.0,0.0
2013-07-19,0.0,0.0,0.0,0.0,0.0,2.1401542914365037,0.0,0.0,0.0,0.0,0.0
2013-07-20,0.0,0.0,0.0,0.0,0.0,2.050100112093466,0.0,0.0,0.0,0.0,0.0
2013-07-21,0.0,0.0,0.0,0.0,0.0,1.9363663158877902,0.0,0.0,0.0,0.0,0.0
2013-07-22,0.0,0.0,0.0,0.0,0.0,2.089411819126402,0.0,0.0,0.0,0.0,0.0
2013-07-23,0.0,0.0,0.0,0.0,0.0,1.9044153970795783,0.0,0.0,0.0,0.0,0.0
2013-07-24,0.0,0.0,0.0,0.0,0.0,2.0095994040408,0.0,0.0,0.0,0.0,0.0
2013-07-25,0.0,0.0,0.0,0.0,0.0,1.878849498503261,0.0,0.0,0.0,0.0,0.0
2013-07-26,0.0,0.0,0.0,0.0,0.0,1.7098727563397536,0.0,0.0,0.0,0.0,0.0
2013-07-27,0.0,0.0,0.0,0.0,0.0,1.5040264213925123,0.0,0.0,0.0,0.0,0.0
2013-07-28,0.0,0.0,0.0,0.0,0.0,1.4445700241872685,0.0,0.0,0.0,0.0,0.0
2013-07-29,0.0,0.0,0.0,0.0,0.0,1.3017957911554632,0.0,0.0,0.0,0.0,0.0
2013-07-30,0.0,0.0,0.0,0.0,0.0,1.1997160733112069,0.0,0.0,0.0,0.0,0.0
2013-07-31,0.0,0.0,0.0,0.0,0.0,1.3027422052864395,0.0,0.0,0.0,0.0,0.0
2013-08-01,0.0,0.0,0.0,0.0,0.0,0.6791674421756815,0.0,0.0,0.0,0.0,0.0
2013-08-02,0.0,0.0,0.0,0.0,0.0,1.1476939271868192,0.0,0.0,0.0,0.0,0.0
2013-08-03,0.0,0.0,0.0,0.0,0.0,1.214902626294842,5.810010730358814e-06,0.0,0.0,0.0,0.0
2013-08-04,0.0,0.0,0.0,0.0,0.0,1.3672851668005301,3.221978048749039e-05,0.0,0.0,0.0,0.0
2013-08-05,0.0,0.0,0.0,0.0,0.0,1.5748491950229944,1.1988986343951286e-05,0.0,0.0,0.0,0.0
2013-08-06,0.0,0.0,0.0,0.0,0.0,1.5346114276200957,0.0,0.0,0.0,0.0,0.0
2013-08-07,0.0,0.0,0.0,0.0,0.0,1.381679063113633,0.0,0.0,0.0,0.0,0.0
2013-08-08,0.0,0.0,0.0,0.0,0.0,1.430949308368545,0.0,0.0,0.0,0.0,0.0
2013-08-09,0.12015111177266774,0.0,0.0,0.12015111177266774,0.12015111177266774,1.3227819016049764,0.0,0.049341426153020354,0.049341426153020354,0.049341426153020354,0.0
2013-08-10,0.0,0.0,0.0,0.0,0.0,1.1565613561312458,0.0,0.0,0.0,0.0,0.0
2013-08-11,0.0,0.0,0.0,0.0,0.0,1.2466350166316245,0.0,0.0,0.0,0.0,0.0
2013-08-12,0.0,0.0,0.0,0.0,0.0,1.2295509506641673,0.0,0.0,0.0,0.0,0.0
2013-08-13,0.0,0.0,0.0,0.0,0.0,1.1363787984614866,0.0,0.0,0.0,0.0,0.0
2013-08-14,0.0,0.0,0.0,0.0,0.0,0.9060996577355148,5.0027072007419636e-08,0.0,0.0,0.0,0.0
2013-08-15,0.0,0.0,0.0,0.0,0.0,1.0627481514964363,9.788414972710677e-06,0.0,0.0,0.0,0.0
2013-08-16,0.0,0.0,0.0,0.0,0.0,0.8260846487744282,7.823838748213764e-06,0.0,0.0,0.0,0.0
2013-08-17,0.0,0.0,0.0,0.0,0.0,1.035263846527338,0.0,0.0,0.0,0.0,0.0
2013-08-18,0.0,0.0,0.0,0.0,0.0,0.9496010894386532,9.537894028019267e-07,0.0,0.0,0.0,0.0
2013-08-19,0.0,0.0,0.0,0.0,0.0,0.9899427933361348,4.787247047168763e-06,0.0,0.0,0.0,0.0
2013-08-20,0.0,0.0,0.0,0.0,0.0,0.9965350175181404,5.686976558228975e-06,0.0,0.0,0.0,0.0
2013-08-21,1.7844753631179529,0.0,0.0,1.7844753631179529,1.7844753631179529,0.7623206213116109,2.4279557473133325e-05,0.8302159461579751,0.8302159461579751,0.830215946157975,0.0
2013-08-22,0.0,0.0,0.0,0.0,0.0,0.7884689420992712,3.187101951745074e-05,0.0,0.0,0.0,0.0
2013-08-23,0.0,0.0,0.0,0.0,0.0,0.7697081383277053,1.2178570587044323e-05,0.0,0.0,0.0,0.0
2013-08-24,2.8023885667314556,0.0,0.0,2.8023885667314556,2.8023885667314556,0.3838617945714417,3.474436353373948e-05,1.0,1.0,1.0,0.0
2013-08-25,0.0,0.0,0.0,0.0,0.0,0.6582844446447884,3.9460539700433546e-05,0.0,0.0,0.0,0.0
2013-08-26,0.0,0.0,0.0,0.0,0.0,0.6367337130369958,3.3562656076311674e-05,0.0,0.0,0.0,0.0
2013-08-27,0.0,0.0,0.0,0.0,0.0,0.6224107215284811,6.929210664533032e-05,0.0,0.0,0.0,0.0
2013-08-28,3.4164525763020843,0.0,0.0,3.4164525763020843,3.4164525763020843,0.1709901956661541,8.127839694063987e-05,1.0,1.0,1.0,0.0
2013-08-29,0.0,0.0,0.0,0.0,0.0,0.6815535521820336,4.998244009009585e-05,0.0,0.0,0.0,0.0
2013-08-30,0.0,0.0,0.0,0.0,0.0,0.7769510461105035,2.81907593608394e-05,0.0,0.0,0.0,0.0
2013-08-31,0.0,0.0,0.0,0.0,0.0,0.7786870497193894,5.7556168822924996e-05,0.0,0.0,0.0,0.0
2013-09-01,0.0,0.0,0.0,0.0,0.0,0.768038043723619,4.541110763636698e-05,0.0,0.0,0.0,0.0
2013-09-02,0.0,0.0,0.0,0.0,0.0,0.5612615961021459,3.444173543745017e-05,0.0,0.0,0.0,0.0
2013-09-03,0.0,0.0,0.0,0.0,0.0,0.5753728857587875,5.571032864579635e-05,0.0,0.0,0.0,0.0
2013-09-04,17.81615536031065,0.0,0.0,17.81615536031065,17.81615536031065,0.5552521592383218,0.003088527562487181,1.0,1.0,1.0,0.0
2013-09-05,8.236681505314827,0.0,0.0,8.236681505314827,8.236681505314827,0.46905104070333153,0.012733452257816502,1.0,1.0,1.0,0.0
2013-09-06,0.0,0.0,0.0,0.0,0.0,0.4433754663523925,0.002760953474534829,0.0,0.0,0.0,0.0
2013-09-07,0.0,0.0,0.0,0.0,0.0,0.5221750148854105,0.00015799646961996088,0.0,0.0,0.0,0.0
2013-09-08,0.0,0.0,0.0,0.0,0.0,0.61567013673449,0.00014339289359592048,0.0,0.0,0.0,0.0
2013-09-09,0.0,0.0,0.0,0.0,0.0,0.7513355350992823,9.568811991909615e-05,0.0,0.0,0.0,0.0
2013-09-10,0.0,0.0,0.0,0.0,0.0,0.7298289354304676,7.34792302797535e-05,0.0,0.0,0.0,0.0
2013-09-11,0.0,0.0,0.0,0.0,0.0,0.779640122010188,6.831726160875735e-05,0.0,0.0,0.0,0.0
2013-09-12,0.0,0.0,0.0,0.0,0.0,0.7767532311813381,5.2175983784925744e-05,0.0,0.0,0.0,0.0
2013-09-13,0.0,0.0,0.0,0.0,0.0,0.7768229653311723,3.830340909594517e-05,0.0,0.0,0.0,0.0
2013-09-14,5.730065738538516,0.0,0.0,5.730065738538516,5.730065738538516,0.4990006992018831,0.0002164337985890374,0.9852182171022751,0.9852182171022751,0.9852182171022751,0.16375833631231146
2013-09-15,0.019397408782540097,0.0,0.0,0.019397408782540097,0.019397408782540097,0.5630574942765079,0.0006079497033851862,0.027499070977331848,0.027499070977331848,0.027499070977331848,0.0
2013-09-16,0.0,0.0,0.0,0.0,0.0,0.27589082589210184,9.077901000500614e-06,0.0,0.0,0.0,0.0
2013-09-17,0.0,0.0,0.0,0.0,0.0,0.2872363705786888,6.093818499740865e-05,0.0,0.0,0.0,0.0
2013-09-18,0.0,0.0,0.0,0.0,0.0,0.41018188219777113,7.718446082380766e-05,0.0,0.0,0.0,0.0
2013-09-19,0.0,0.0,0.0,0.0,0.0,0.3797121026837881,8.94815342485353e-05,0.0,0.0,0.0,0.0
2013-09-20,0.0,0.0,0.0,0.0,0.0,0.36549337558113876,9.311215299172359e-05,0.0,0.0,0.0,0.0
2013-09-21,6.708493223888503,0.0,0.0,6.708493223888503,6.708493223888503,0.18560760069217,0.0002468927939262246,1.0,1.0,1.0,0.0
2013-09-22,1.6059412034583496,0.0,0.0,1.6059412034583496,1.6059412034583496,0.06765220913847542,0.002479141038899529,0.4714893265617903,0.4714893265617903,0.4714893265617903,0.0
2013-09-23,0.0,0.0,0.0,0.0,0.0,0.10681822072952185,0.0008105533483190552,0.0,0.0,0.0,0.0
2013-09-24,0.06271592278511141,0.0,0.0,0.06271592278511141,0.06271592278511141,0.1224807189995442,0.00015771262140994226,0.039597010611503364,0.039597010611503364,0.039597010611503364,0.0
2013-09-25,0.0,0.0,0.0,0.0,0.0,0.1621047053597169,0.00012706503339097745,0.0,0.0,0.0,0.0
2013-09-26,18.924914050843462,0.0,0.0,18.924914050843462,18.924914050843462,0.12526302700521844,0.011651985706441105,1.0,1.0,1.0,0.0
2013-09-27,28.70572271192179,0.0,0.0,28.70572271192179,28.70572271192179,0.0029927795657833474,0.07109494649407959,1.0,1.0,1.0,0.1567640851508726
2013-09-28,25.870129107750714,0.0,0.0,25.870129107750714,25.870129107750714,0.5629589484547269,0.17663799119323947,1.0,1.0,1.0,0.16666666666666666
2013-09-29,15.56956341934993,0.0,0.0,15.56956341934993,15.56956341934993,0.28590468378394324,2.1966409934056754,1.0,1.0,1.0,0.323841100627048
2013-09-30,0.7603094101020923,0.0,0.0,0.7603094101020923,0.7603094101020923,0.33135964112442157,4.587435857630569,0.1518229489243982,0.1518229489243982,0.1518229489243982,0.49793329642301626
2013-10-01,0.0002546391908728808,0.0,0.0,0.0002546391908728808,0.0002546391908728808,0.07151203178770435,1.4864450956242652,0.0017341756472191254,0.0017341756472191254,0.0017341756472191254,0.534221244428109
2013-10-02,0.0,0.0,0.0,0.0,0.0,0.21235655809682244,0.39672984360968017,0.0,0.0,0.0,0.5271303400226722
2013-10-03,0.0,0.0,0.0,0.0,0.0,0.24502848041146272,0.15110433470989315,0.0,0.0,0.0,0.5087832077798559
2013-10-04,0.0,0.0,0.0,0.0,0.0,0.20964958656148394,0.07320189668944548,0.0,0.0,0.0,0.47464376327143903
2013-10-05,0.0,0.0,0.0,0.0,0.0,0.26977644016747526,0.041304421883204524,0.0,0.0,0.0,0.428064853728759
2013-10-06,0.002674217003395245,0.0,0.0,0.002674217003395245,0.002674217003395245,0.4801494114558284,0.02322948480332873,0.027746810355506007,0.027746810355506007,0.027746810355506007,0.3847378956411632
2013-10-07,0.025298844246954534,0.0,0.0,0.025298844246954534,0.025298844246954534,0.18127048372172844,0.0127147368044673,0.11990585903629382,0.11990585903629382,0.11990585903629383,0.3526885717046828
2013-10-08,0.0,0.0,0.0,0.0,0.0,0.09658965974367323,0.008749291617541692,0.0,0.0,0.0,0.2930552799698701
2013-10-09,0.0,0.0,0.0,0.0,0.0,0.10006164562709623,0.006979903278921466,0.0,0.0,0.0,0.2604456063426635
2013-10-10,0.0,0.0,0.0,0.0,0.0,0.10669526420663979,0.00567320832090402,0.0,0.0,0.0,0.2560432656575724
2013-10-11,0.0,0.0,0.0,0.0,0.0,0.054784679822306524,0.004820189761576095,0.0,0.0,0.0,0.2521403988357617
2013-10-12,0.0,0.0,0.0,0.0,0.0,0.1518269808081498,0.004529998323331137,0.0,0.0,0.0,0.25696220102755934
2013-10-13,0.0,0.0,0.0,0.0,0.0,0.13294846975132038,0.004321676506748876,0.0,0.0,0.0,0.25055387836340487
2013-10-14,0.0,0.0,0.0,0.0,0.0,0.16099505054950466,0.0038106655706982356,0.0,0.0,0.0,0.16523888790459304
2013-10-15,0.0,0.0,0.0,0.0,0.0,0.04960349611434796,0.0036508860598496863,0.0,0.0,0.0,0.1595387560662477
2013-10-16,0.0,0.0,0.0,0.0,0.0,0.1458419526453127,0.0034738284304647376,0.0,0.0,0.0,0.16561863015532766
2013-10-17,0.0,0.0,0.0,0.0,0.0,0.11193088495571403,0.0030911911665532314,0.0,0.0,0.0,0.1624076364442625
2013-10-18,0.0,0.0,0.0,0.0,0.0,0.05045599572481221,0.003144958338157673,0.0,0.0,0.0,0.15879923302141827
2013-10-19,0.0,0.0,0.0,0.0,0.0,0.08233429386899083,0.003114599498476767,0.0,0.0,0.0,0.15904402533559617
2013-10-20,0.0,0.0,0.0,0.0,0.0,0.09557104689811194,0.002812313411608983,0.0,0.0,0.0,0.15808405191552233
2013-10-21,0.0,0.0,0.0,0.0,0.0,0.11543280731104313,0.0025282519060103475,0.0,0.0,0.0,0.1645710588109531
2013-10-22,0.0,0.0,0.0,0.0,0.0,0.17082004733512335,0.0020935534368958426,0.0,0.0,0.0,0.16980092566582575
2013-10-23,0.0,0.0,0.0,0.0,0.0,0.05428011909511683,0.002047372319317293,0.0,0.0,0.0,0.16429591861080095
2013-10-24,0.0,0.0,0.0,0.0,0.0,0.05214107365600681,0.002274877248487512,0.0,0.0,0.0,0.1647089427204591
2013-10-25,0.0,0.0,0.0,0.0,0.0,0.11449880908405216,0.001785863883806481,0.0,0.0,0.0,0.17256702019952885
2013-10-26,6.27737528361565,0.0,0.0,6.27737528361565,6.27737528361565,0.1664722003230397,0.005902288078368123,1.0,1.0,1.0,0.2791002223397876
2013-10-27,0.0,0.0,0.0,0.0,0.0,0.11916387257557559,0.010216323364622748,0.0,0.0,0.0,0.16381080721411861
2013-10-28,0.0,0.0,0.0,0.0,0.0,0.030285572017001907,0.002877121815111204,0.0,0.0,0.0,0.17354788914522376
2013-10-29,0.0,0.0,3.4419777585938253e-07,0.0,3.4419777585938253e-07,3.512757771858155e-05,0.003321314847056303,0.0,0.0,0.0,0.15481262166326112
2013-10-30,0.0,0.0,1.1726939944351732e-06,0.0,1.1726939944351732e-06,0.00013123140035798645,0.003321041049835923,0.0,0.0,0.0,0.15447768617427568
2013-10-31,13.234388815272965,0.0,3.829898667441918e-06,13.234388815272965,13.234392645171631,0.0041347419183570995,0.025690767943551827,1.0,1.0,0.9999997106101678,0.2747787831134294
2013-11-01,12.471003458776707,0.0,0.0,12.471003458776707,12.471003458776707,0.5570177005469876,0.11932433281676501,0.5970106115033651,0.5970106115033651,0.5970106115033651,0.1697209739544331
2013-11-02,0.00030696185363048343,0.6933741844780373,0.0,0.6936811463316678,0.00030696185363048343,0.5320919391186574,2.598023571381767,0.005574136008918618,0.00019351128500806326,0.005574136008918618,0.48273089873947755
2013-11-03,0.012973973136510462,0.2325661743636915,0.0,0.24554014750020198,0.012973973136510462,0.07904145161357902,2.282770410328001,0.010859242743300714,0.010859242743300714,0.010859242743300714,0.2977540708496489
2013-11-04,0.39683751995798333,0.0,0.0,0.39683751995798333,0.39683751995798333,3.459165517598895e-07,0.5846767517930471,0.11908006110904662,0.11908006110904662,0.11908006110904662,0.30534234436352653
2013-11-05,7.815649520931376,0.0,0.0,7.815649520931376,7.815649520931376,0.06514220296126742,0.2794716152075258,1.0,1.0,1.0,0.3423929443803731
2013-11-06,9.51733342228079,0.0,0.0,9.51733342228079,9.51733342228079,0.0,0.7461179695835097,1.0,1.0,1.0,0.24399305475120747
2013-11-07,6.29517478062832e-05,6.75668860477748e-05,0.0,0.000130518633854058,6.29517478062832e-05,0.17951277854085412,4.1452926596139505,0.0007432181345224824,0.00044921221192732567,0.0007432181345224824,0.3574482235345861
2013-11-08,0.0,0.0,0.0,0.0,0.0,0.08674637632322947,2.196216819218006,0.0,0.0,0.0,0.38373649822446193
2013-11-09,0.0,0.0,0.1271170257884133,0.0,0.1271170257884133,0.0,0.6411505906153354,0.0,0.0,0.0,0.4076881763577977
2013-11-10,2.5540881990769337,0.0,0.004917743733064,2.5540881990769337,2.5590059428099976,0.07490628094609512,0.31885650763465584,1.0,1.0,0.9980782601357839,0.42646776724261204
2013-11-11,1.9777194960907323,0.0,0.08093470206106679,1.9777194960907323,2.058654198151799,0.005848641632499523,0.3291160583169459,0.5842107436310335,0.5842107436310335,0.5612428636834924,0.3866772366117841
2013-11-12,0.0,0.0,8.647156302998818e-05,0.0,8.647156302998818e-05,0.2490225787006942,0.7920487998886256,0.0,0.0,0.0,0.38379362212163287
2013-11-13,0.0,0.0,6.046581143975388e-08,0.0,6.046581143975388e-08,0.14598796580319845,0.8943088392485794,0.0,0.0,0.0,0.48443638041498316
2013-11-14,0.0027287914595542184,0.9321851605327869,0.0,0.9349139519923411,0.0027287914595542184,0.27673123858515775,0.4289515123826974,0.005574136008918618,0.0005428432911430804,0.005574136008918618,0.4944634398482006
2013-11-15,0.0014037274417581763,0.31869244866766583,0.0,0.320096176109424,0.0014037274417581763,0.03111338538190686,0.2314981031158068,0.005574136008918618,0.0009814698531166836,0.005574136008918619,0.4924851752502794
2013-11-16,0.11316178117256552,0.376432779920485,0.0,0.48959456109305055,0.11316178117256552,0.0,0.17180613295415229,0.08505718650646187,0.045424023217434814,0.08505718650646187,0.4851869419361283
2013-11-17,0.9407224738353062,0.0,3.6717384396882644e-06,0.9407224738353062,0.9407261455737459,0.0,0.18552813726482903,0.12845286758330238,0.12845286758330238,0.1284523662202502,0.47403813968168707
2013-11-18,7.523253498197039e-05,0.00018380515384318165,0.0,0.000259037688825152,7.523253498197039e-05,0.11640170983023904,0.21480619895008432,0.0007432181345224824,0.00045664384866665633,0.0007432181345224824,0.47004320476739986
2013-11-19,0.0,0.0,0.0,0.0,0.0,0.35220802335155316,0.30770830315529113,0.0,0.0,0.0,0.46972687781944483
2013-11-20,0.0,0.0,0.0,0.0,0.0,0.06298090562136688,0.31128608876370467,0.0,0.0,0.0,0.4471246835408211
2013-11-21,0.0,0.0,0.0,0.0,0.0,0.0,0.16564385622086109,0.0,0.0,0.0,0.45445000590822765
2013-11-22,0.0,0.0,0.0,0.0,0.0,1.7204139605479636e-05,0.1219751015324239,0.0,0.0,0.0,0.42533548959658757
2013-11-23,0.0,0.0,0.2403448980773375,0.0,0.2403448980773375,4.858386695713323e-06,0.13520383184933515,0.0,0.0,0.0,0.43164427157881136
2013-11-24,0.0,0.0,0.0629460053837528,0.0,0.0629460053837528,0.0340362655989111,0.15041233167625848,0.0,0.0,0.0,0.4328477088348155
2013-11-25,0.0,0.0,0.0,0.0,0.0,0.06768185585164309,0.1492357259373376,0.0,0.0,0.0,0.427209691537013
2013-11-26,0.0,0.0,0.0,0.0,0.0,0.023303754530988135,0.15044405732609217,0.0,0.0,0.0,0.41842411739646773
2013-11-27,0.0,0.0,0.0,0.0,0.0,0.00012374142067692382,0.14858606444597217,0.0,0.0,0.0,0.41756281206676366
2013-11-28,0.0,0.0,0.0,0.0,0.0,0.09599563350666157,0.12940940738981982,0.0,0.0,0.0,0.40833416573358544
2013-11-29,9.507518397143718,0.0,0.0,9.507518397143718,9.507518397143718,0.0,0.1524210673974713,1.0,1.0,1.0,0.40464613838733016
2013-11-30,39.10149666726582,0.0,0.0,39.10149666726582,39.10149666726582,0.001676543479317227,2.5153993674156587,1.0,1.0,1.0,0.16156829206509568
2013-12-01,1.2782069071197662e-07,5.266121599538343,0.0,5.2661217273590335,1.2782069071197662e-07,0.4555919696136957,22.2361961064325,4.128989636236013e-05,1.3385159526850772e-08,4.128989636236013e-05,0.6138982366171005
2013-12-02,0.0,0.0,0.0,0.0,0.0,0.3525119122918392,5.455087375214011,0.0,0.0,0.0,0.6295319946693143
2013-12-03,0.0,0.0,0.0,0.0,0.0,0.17977482708986556,0.9293239083281589,0.0,0.0,0.0,0.6231352236358477
2013-12-04,0.0,0.0,0.0,0.0,0.0,0.08234690170620958,0.4176782290307108,0.0,0.0,0.0,0.6171398536035656
2013-12-05,0.0,0.0,0.0,0.0,0.0,0.04336728135248886,0.3401786670907748,0.0,0.0,0.0,0.6126562281722526
2013-12-06,0.0,0.0,0.0,0.0,0.0,0.030264525825634426,0.32264798739263945,0.0,0.0,0.0,0.6103147883047985
2013-12-07,0.0,0.01865844853726556,0.0,0.01865844853726556,0.0,0.0007574703274930086,0.30493909736631913,0.0,0.0,0.0,0.6069373354205826
2013-12-08,0.0,0.0,0.0,0.0,0.0,0.0,0.2948016448350891,0.0,0.0,0.0,0.6047554117980245
2013-12-09,0.0,0.0,0.0,0.0,0.0,0.0,0.284582103213305,0.0,0.0,0.0,0.6029816317674302
2013-12-10,0.0,0.0,0.0,0.0,0.0,2.1849071853849277e-05,0.27192801767899705,0.0,0.0,0.0,0.6008447196924256
2013-12-11,0.0,0.0,0.0,0.0,0.0,0.0,0.2603928156373252,0.0,0.0,0.0,0.598203818790905
2013-12-12,0.0,0.0,0.0,0.0,0.0,0.0,0.24996837747911252,0.0,0.0,0.0,0.5949333880702559
2013-12-13,0.0,0.0,0.0,0.0,0.0,0.0,0.24037070277524578,0.0,0.0,0.0,0.590866733013718
2013-12-14,0.0,0.0,0.0,0.0,0.0,2.093121380423819e-06,0.23146947984203545,0.0,0.0,0.0,0.5859114949025706
2013-12-15,0.0,0.0,0.018887893104063965,0.0,0.018887893104063965,0.0002392252441343387,0.2232255363189225,0.0,0.0,0.0,0.5800314846640678
2013-12-16,0.0,0.0,0.0,0.0,0.0,0.07612901901993295,0.21474655402580028,0.0,0.0,0.0,0.5760908536230158
2013-12-17,0.0,0.0,0.0,0.0,0.0,0.14600521576002357,0.20241120239278906,0.0,0.0,0.0,0.5675027967496448
2013-12-18,0.0,0.0,0.0,0.0,0.0,0.11724145728639672,0.17904602209338066,0.0,0.0,0.0,0.5625514133272838
2013-12-19,0.0,0.0,0.0,0.0,0.0,2.3292098252996167e-08,0.15443823325883335,0.0,0.0,0.0,0.5512064777626994
2013-12-20,0.0,0.0,0.0,0.0,0.0,0.0,0.15643445401062214,0.0,0.0,0.0,0.5448408764929106
2013-12-21,0.0,0.0,0.0,0.0,0.0,0.0,0.1728056805520188,0.0,0.0,0.0,0.5377706287766194
2013-12-22,0.5387372160430842,0.25802591149740467,0.0,0.796763127540489,0.5387372160430842,0.004874093357275416,0.1786889918250593,0.15083199141170156,0.12350005526955593,0.15083199141170156,0.5282086997348928
2013-12-23,0.0,0.0,0.0,0.0,0.0,0.10883809229776086,0.1770832733821905,0.0,0.0,0.0,0.5236949237388983
2013-12-24,0.0,0.0,0.0,0.0,0.0,0.009555080621135035,0.1661401705917544,0.0,0.0,0.0,0.50990513119459
2013-12-25,0.0,0.0,2.361272136366632e-05,0.0,2.361272136366632e-05,0.0,0.21748780069290302,0.0,0.0,0.0,0.4953245308551913
2013-12-26,0.0,0.0,0.0,0.0,0.0,0.049768146821674054,0.18662435358557014,0.0,0.0,0.0,0.4844486607577625
2013-12-27,0.0,0.0,0.0,0.0,0.0,7.928548236687017e-05,0.1614309403620179,0.0,0.0,0.0,0.4770785691003195
2013-12-28,0.0,0.0,0.0,0.0,0.0,0.026493393377592465,0.15014455637802082,0.0,0.0,0.0,0.4657671363784173
2013-12-29,0.0,0.0,0.0,0.0,0.0,0.0,0.1478637311170081,0.0,0.0,0.0,0.45403819866600864
2013-12-30,0.0,0.0,0.0,0.0,0.0,0.01240242121762987,0.14536588785478094,0.0,0.0,0.0,0.44410827655420343
2013-12-31,0.0,0.0,0.0,0.0,0.0,0.025311204506157505,0.1447649201303135,0.0,0.0,0.0,0.4366782778761506
2014-01-01,0.0,0.0,0.0,0.0,0.0,2.436849718449306e-06,0.13849182106713623,0.0,0.0,0.0,0.4255586011014527
2014-01-02,0.0,0.0,0.0,0.0,0.0,0.0803583153421375,0.13392324505318065,0.0,0.0,0.0,0.4150397937268104
2014-01-03,0.0,0.0,0.0,0.0,0.0,0.05927755992077615,0.13179715624142319,0.0,0.0,0.0,0.4185336494361292
2014-01-04,0.0,0.0,0.0,0.0,0.0,0.00039327554385435706,0.11359896274561426,0.0,0.0,0.0,0.4046545253125033
2014-01-05,0.0,0.0,0.0,0.0,0.0,0.0015258282432760381,0.10928009031174975,0.0,0.0,0.0,0.3937812659168822
2014-01-06,1.1744830380027576,1.366195220916864,0.0,2.5406782589196215,1.1744830380027576,0.0,0.119709769444275,0.35554729757628306,0.2963551123908247,0.35554729757628306,0.3861568821510239
2014-01-07,0.0,3.703355630826463,0.0,3.703355630826463,0.0,0.002069612869037129,0.12621956318396235,0.0,0.0,0.0,0.37687878049261375
2014-01-08,0.0,0.00014303111892869367,0.0,0.00014303111892869367,0.0,7.182463926192976e-06,0.21144114266816916,0.0,0.0,0.0,0.3683684385800508
2014-01-09,6.665910982598267e-05,0.0,0.01166904054752947,6.665910982598267e-05,0.011735699657355454,6.165701695452183e-06,0.21643266762637348,0.0007432181345224824,0.0007432181345224824,4.2215002684347895e-06,0.35170246208396344
2014-01-10,14.28277260777393,0.2493302559867078,0.07108990110922586,14.532102863760638,14.353862508883156,0.0,0.21726837421443243,1.0,0.9889353330196765,0.9950473330042537,0.3534059065165698
2014-01-11,0.0002218807300542759,0.00019508282744192527,0.031992138974075525,0.0004169635574962012,0.0322140197041298,0.0021844690636577254,1.5752304547302824,0.0007432181345224824,0.00046630687225828713,5.11906877167163e-06,0.23834560874558228
2014-01-12,0.0,0.0,0.16066052705733003,0.0,0.16066052705733003,0.0,2.2097106754013005,0.0,0.0,0.0,0.2259318570832056
2014-01-13,0.0,0.0,0.33119990988300574,0.0,0.33119990988300574,0.0052630188449127304,0.7063208166200209,0.0,0.0,0.0,0.22850687645030823
2014-01-14,0.0,0.0,0.6381727235443176,0.0,0.6381727235443176,0.00790659143663518,0.3708384559929501,0.0,0.0,0.0,0.24720748873331433
2014-01-15,0.0,0.0,1.098776160015543,0.0,1.098776160015543,0.010833322357763976,0.34167480359462804,0.0,0.0,0.0,0.24642350393355636
2014-01-16,0.0,0.0,1.3602843348032996,0.0,1.3602843348032996,0.009147202732264567,0.4037415046539537,0.0,0.0,0.0,0.24997298000649182
2014-01-17,0.0,0.0,0.17157542301941012,0.0,0.17157542301941012,0.0075458744708676645,0.5974877947004649,0.0,0.0,0.0,0.26295689754910795
2014-01-18,0.0,0.0,0.0,0.0,0.0,0.004982488402439324,0.7380115964068432,0.0,0.0,0.0,0.3079731246527267
2014-01-19,0.0,0.0,0.0,0.0,0.0,0.004574499680752969,0.48262789068324885,0.0,0.0,0.0,0.3364654070672996
2014-01-20,0.0,0.0,0.0023753106513025473,0.0,0.0023753106513025473,0.0,0.32068023227277564,0.0,0.0,0.0,0.3447617121088466
2014-01-21,0.0,0.0,0.0,0.0,0.0,0.0057316427550410795,0.27247408221778624,0.0,0.0,0.0,0.34857331283853304
2014-01-22,0.0,0.0,0.0,0.0,0.0,0.0005503385560816018,0.2564781859789576,0.0,0.0,0.0,0.3489646480802924
2014-01-23,0.0,0.0,0.0,0.0,0.0,6.750549927981782e-05,0.245884962186698,0.0,0.0,0.0,0.34765201704133325
2014-01-24,0.0,0.0,0.018370101339145163,0.0,0.018370101339145163,0.0011908459514862913,0.23689847708358602,0.0,0.0,0.0,0.34524608754667224
2014-01-25,0.0,0.0,0.11703041798874163,0.0,0.11703041798874163,0.0011965128369818094,0.22992138450335092,0.0,0.0,0.0,0.3419458311501867
2014-01-26,0.0,0.0,0.0,0.0,0.0,0.00893608301189862,0.22086328909487266,0.0,0.0,0.0,0.3402673719123028
2014-01-27,10.275008514825501,0.006664875913364492,0.0,10.281673390738865,10.275008514825501,0.0,0.27041498455225466,1.0,0.9990652646763656,1.0,0.3306414559096113
2014-01-28,0.5831836110514824,12.071312384031945,0.0,12.654495995083428,0.5831836110514824,0.00026204254573902074,1.53169789998408,0.16813245798753046,0.07894346754606815,0.16813245798753046,0.24172708984506575
2014-01-29,0.0,0.0,0.0,0.0,0.0,5.553352754702971e-07,2.017097706274194,0.0,0.0,0.0,0.207810394926185
2014-01-30,0.0,0.0,0.0,0.0,0.0,0.0015991190201761292,0.6996043506511745,0.0,0.0,0.0,0.20249564952131002
2014-01-31,0.0,0.0,0.0,0.0,0.0,0.005324807072066851,0.38580494174272667,0.0,0.0,0.0,0.20883151380576892
2014-02-01,0.0,2.1678436280838977,0.0,2.1678436280838977,0.0,0.0006801957436923692,0.32634100323454707,0.0,0.0,0.0,0.21861223758546966
2014-02-02,0.0,0.0,0.0,0.0,0.0,0.0006468318211096458,0.3068771190887612,0.0,0.0,0.0,0.23129051704540515
2014-02-03,0.0,0.0,0.0,0.0,0.0,0.0012341499197717973,0.2920413672160591,0.0,0.0,0.0,0.24492025167306478
2014-02-04,0.0,0.0,0.0,0.0,0.0,0.0011244514510318018,0.27955920952800006,0.0,0.0,0.0,0.258192071012611
2014-02-05,0.0,5.999954431541715,0.0,5.999954431541715,0.0,0.0,0.26911563681926437,0.0,0.0,0.0,0.2705606436880054
2014-02-06,0.0,4.600770546199012,0.0,4.600770546199012,0.0,0.0,0.2599696963809296,0.0,0.0,0.0,0.2814960929026176
2014-02-07,0.0,16.983271780317548,0.0,16.983271780317548,0.0,0.0,0.2512722208939321,0.0,0.0,0.0,0.2905166158587602
2014-02-08,0.0,0.0,0.0,0.0,0.0,0.0,0.2432448685388669,0.0,0.0,0.0,0.2976077301708625
2014-02-09,0.0,5.739240468740013,0.0,5.739240468740013,0.0,0.0,0.23584504960996142,0.0,0.0,0.0,0.30303399353270094
2014-02-10,1.2239334221837193e-05,6.456089271167806,0.0,6.456101510502028,1.2239334221837193e-05,0.0,0.228619375141661,0.000330319170898881,1.3463632372423114e-06,0.000330319170898881,0.3070425306547227
2014-02-11,5.340867579998692,0.04006865134967364,0.2045587908208172,5.3809362313483655,5.545426370819509,0.0,0.24809092378939107,0.781246129072216,0.7769151174053873,0.7524276482539701,0.3036792295997296
2014-02-12,7.488637552540743,2.526140214239194,0.11688762289450415,10.014777766779936,7.605525175435247,0.0,0.7227355045586555,0.8806721995127792,0.7400009197356672,0.8671373445782635,0.3411737704342956
2014-02-13,0.00018951007323649995,0.00017046286139434238,0.22783602162008698,0.0003599729346308423,0.22802553169332349,0.0,3.28329674323654,0.0007432181345224824,0.0004644742842929494,6.176822483785682e-07,0.26657558428996647
2014-02-14,1.1293566350816917,13.644017576083716,0.0,14.773374211165407,1.1293566350816917,0.0,1.744820341847499,0.15830546265328874,0.10261984516112133,0.15830546265328874,0.43810894086745905
2014-02-15,3.3150115392427915,12.736098860365525,0.0,16.051110399608316,3.3150115392427915,0.0,1.095707021593545,0.3222676411082208,0.2427887497723322,0.3222676411082208,0.6800719270103642
2014-02-16,0.06600808029894176,0.5248414900074682,0.11495508903070385,0.5908495703064099,0.18096316932964562,0.0,1.7702507123888758,0.012345679012345678,0.005369936222216267,0.004503206782963726,0.5793761061225352
2014-02-17,1.8076779427344993e-05,1.217416260895048,0.0,1.2174343376744754,1.8076779427344993e-05,0.0,0.7845442069729002,0.000330319170898881,4.2341837060258374e-05,0.000330319170898881,0.48657521215263433
2014-02-18,0.0,0.0002841043446686421,0.0,0.0002841043446686421,0.0,0.0,0.4212587419014687,0.0,0.0,0.0,0.46987679581769265
2014-02-19,0.0,0.00029793222773502056,0.0,0.00029793222773502056,0.0,0.0,0.3931788905809229,0.0,0.0,0.0,0.4605842200264532
2014-02-20,0.0,0.0,0.04758675505147896,0.0,0.04758675505147896,0.0,0.3669676054844486,0.0,0.0,0.0,0.4499391437992499
2014-02-21,0.0,0.0,0.0,0.0,0.0,0.0,0.3460414298867636,0.0,0.0,0.0,0.45482360031373936
2014-02-22,1.114733605813155,2.7345517837648745,0.0,3.8492853895780295,1.114733605813155,0.0,0.33849333419327343,0.44407283537718323,0.35779578344800494,0.44407283537718323,0.5166748470425481
2014-02-23,0.6217736772050902,3.858979001442298,0.0,4.480752678647388,0.6217736772050902,0.0,0.5019599225594574,0.26524629423180146,0.19163152219871477,0.26524629423180146,0.6699445972800339
2014-02-24,0.0,0.0,0.0,0.0,0.0,0.0,0.6007823185414002,0.0,0.0,0.0,0.5995871386266228
2014-02-25,0.0,0.0,0.0,0.0,0.0,0.0,0.3961856307663968,0.0,0.0,0.0,0.4536025901861597
2014-02-26,0.0,0.0,0.0,0.0,0.0,0.0,0.32140898052929445,0.0,0.0,0.0,0.4506853317104161
2014-02-27,0.0,0.0,0.0,0.0,0.0,1.1646111646006141e-08,0.3027791673723659,0.0,0.0,0.0,0.4366974640050581
2014-02-28,0.0,0.0,0.0,0.0,0.0,0.0011795722300779767,0.28935388831454356,0.0,0.0,0.0,0.42329283779431764
2014-03-01,0.0,12.315187718488,0.0,12.315187718488,0.0,0.0,0.27757056010861697,0.0,0.0,0.0,0.4119821947626557
2014-03-02,0.008604064110578591,6.830612006196028,0.0,6.839216070306606,0.008604064110578591,0.0,0.26789044898615644,0.01275857797596928,0.0008702144506207822,0.01275857797596928,0.4016977622239037
2014-03-03,6.946539387556185,0.0,0.3297895469784258,6.946539387556185,7.276328934534611,0.0,0.2997824256331637,1.0,1.0,0.9546763828373409,0.41565551771462433
2014-03-04,20.812862798902664,0.0,7.484963465582834,20.812862798902664,28.297826264485497,0.0,2.974885329600459,1.0,1.0,0.7354933415865708,0.3542822577204298
2014-03-05,0.0002577261445622098,0.0,3.2798949556003922,0.0002577261445622098,3.2801526817449544,0.0,17.59858613440817,0.0007432181345224824,0.0007432181345224824,5.8395679397856374e-08,0.4239587379962355
2014-03-06,0.0,0.0,1.8134733261116336,0.0,1.8134733261116336,0.005358170315552932,6.401842352906684,0.0,0.0,0.0,0.3704984378718314
2014-03-07,1.064343768136965,0.0,1.028123511271813,1.064343768136965,2.092467279408778,0.0037077796605328142,2.373448444011703,0.09199388909533837,0.09199388909533837,0.0467931439257543,0.3451902897204868
2014-03-08,2.44675729466783e-05,0.0,5.535879276681282,2.44675729466783e-05,5.535903744254228,1.7804131921262706e-05,1.7578677492239305,0.0007432181345224824,0.0007432181345224824,3.2848735747251994e-09,0.2460524923049623
2014-03-09,4.590759735144064e-05,0.0,1.201094538947894,4.590759735144064e-05,1.2011404465452453,0.01055018218053323,3.7912919453892853,0.0007432181345224824,0.0007432181345224824,2.840580297007069e-08,0.19681269152038447
2014-03-10,0.0,0.0,0.7166682073975903,0.0,0.7166682073975903,0.055093039531147595,2.3048627986001007,0.0,0.0,0.0,0.17984970690103905
2014-03-11,0.0,0.0,2.088516131546235,0.0,2.088516131546235,0.05635924753382831,1.1965005138008786,0.0,0.0,0.0,0.17776001177957781
2014-03-12,0.0,0.0,5.282800736695314,0.0,5.282800736695314,0.022662390224336002,1.396449620973811,0.0,0.0,0.0,0.15635887780661703
2014-03-13,0.6404154844286812,0.05431033012373663,0.9480894257495569,0.6947258145524179,1.588504910178238,0.04222463251665231,3.0521435178367624,0.09195259919897601,0.08570946378334322,0.03707125359397289,0.18468603366577122
2014-03-14,0.0,0.0,2.7782063344152035,0.0,2.7782063344152035,0.09843141247100357,2.249342848406597,0.0,0.0,0.0,0.1443088135645386
2014-03-15,3.2563887461597263,0.0,2.1451846775138708,3.2563887461597263,5.401573423673597,0.02013055366716685,2.1850252626362705,0.5953177257525084,0.5953177257525084,0.35889282445621984,0.14405393143151435
2014-03-16,0.0,5.939463373677215e-05,0.0005566021670330471,5.939463373677215e-05,0.0005566021670330471,0.13577547906062354,3.041381296488962,0.0,0.0,0.0,0.2138237528575683
2014-03-17,0.0,0.0,0.00022246778378872547,0.0,0.00022246778378872547,0.11685159397970894,1.7483924981789853,0.0,0.0,0.0,0.1367150002114419
2014-03-18,1.307736839087851e-05,3.676433490057026e-05,0.009721298231875366,4.9841703291448766e-05,0.009734375600266245,0.09644093160788897,0.7855796158308487,0.0007432181345224824,0.0003750606481055994,9.984551386805098e-07,0.13662521264286442
2014-03-19,0.0,0.0,0.0,0.0,0.0,0.1292100123018092,0.49762318713632375,0.0,0.0,0.0,0.18335577562828628
2014-03-20,0.0,0.0,0.0,0.0,0.0,0.14791227311460203,0.40502688371163975,0.0,0.0,0.0,0.1892809156369706
2014-03-21,0.0,0.0,5.658380385342593e-06,0.0,5.658380385342593e-06,0.16442456647157003,0.3651329225516357,0.0,0.0,0.0,0.1976034454049913
2014-03-22,0.0,0.0,0.4109470620419883,0.0,0.4109470620419883,0.15424160204743956,0.3344405890741937,0.0,0.0,0.0,0.20935234809466366
2014-03-23,0.0,0.0,2.9489695805820895,0.0,2.9489695805820895,0.159655693802663,0.3195779644219182,0.0,0.0,0.0,0.2192036314790613
2014-03-24,0.12240934844664639,0.0,0.9801075046568943,0.12240934844664639,1.1025168531035408,0.11971851862492147,0.655543801248082,0.039597010611503364,0.039597010611503364,0.004396344832049356,0.23304167439148885
2014-03-25,0.01433262310772372,0.02078269067507122,0.01285464621997624,0.03511531378279494,0.027187269327699957,0.13306780210850144,1.0476324799872052,0.02555844584830092,0.018674240954605587,0.013473937641454697,0.4050022175360601
2014-03-26,1.2898632617965047,0.013009457333324958,0.37561175951217357,1.3028727191298297,1.6654750213086782,0.04163565017965539,0.5926537659617808,0.7029604855691812,0.6980245518506045,0.5444229983814733,0.29892733919962583
2014-03-27,5.278799551842691,0.04453304052143031,0.0045043338981708425,5.323332592364121,5.283303885740862,0.06055160080139922,0.5004594333437843,1.0,0.9953639171626103,0.9991474399361491,0.3848142541278797
2014-03-28,0.00012970512114756868,0.0,0.22585737476266032,0.00012970512114756868,0.2259870798838079,0.07165376913617483,1.6313732076219114,0.0007432181345224824,0.0007432181345224824,4.265695110838752e-07,0.20887470380714426
2014-03-29,1.6775199137743345e-05,2.682802952236819e-05,0.0009317650436724696,4.360322866011154e-05,0.0009485402428102129,0.21647217445525435,1.670667400461508,0.0007432181345224824,0.00041958247335723535,1.3144020302669783e-05,0.23180496651789084
2014-03-30,0.0,0.0,0.0003364892416681262,0.0,0.0003364892416681262,0.23999020644643024,0.6706633180392116,0.0,0.0,0.0,0.24412035893513848
2014-03-31,0.0,0.0,3.2276556399232907,0.0,3.2276556399232907,0.09183930212223836,0.3873951846549851,0.0,0.0,0.0,0.21635423416894803
2014-04-01,0.0,0.0,1.4455246794093406,0.0,1.4455246794093406,0.2899786185805477,0.6513501563319107,0.0,0.0,0.0,0.3521682513266499
2014-04-02,0.0,0.0,0.787727340757883,0.0,0.787727340757883,0.28516237362626334,1.3920239093689615,0.0,0.0,0.0,0.2805252080255
2014-04-03,0.0,0.0,0.7065056641880171,0.0,0.7065056641880171,0.14802234642168163,0.9626326508020613,0.0,0.0,0.0,0.2789816899023887
2014-04-04,3.3682808547093706e-05,0.0,1.0794436236403921,3.3682808547093706e-05,1.0794773064489391,0.1783006000875318,0.7439986334008509,0.0004954787563483216,0.0004954787563483216,1.546036770715756e-08,0.2416444428331069
2014-04-05,0.0,0.0,4.967459922216196,0.0,4.967459922216196,0.12149516695664074,0.8076419957641624,0.0,0.0,0.0,0.18987457954320083
2014-04-06,0.0,0.0,9.909225359724605,0.0,9.909225359724605,0.2862476056760726,2.5406846887329664,0.0,0.0,0.0,0.15497037491943816
2014-04-07,0.0,0.0,9.308646271996102,0.0,9.308646271996102,0.4098533967239457,6.9355335539522285,0.0,0.0,0.0,0.06506802458703782
2014-04-08,0.0,0.0,2.8075136689799143,0.0,2.8075136689799143,0.5268006468272348,7.41954682206554,0.0,0.0,0.0,0.026844099224184625
2014-04-09,0.0,0.0,4.123431993992211,0.0,4.123431993992211,0.4691896614975951,3.865333174700742,0.0,0.0,0.0,0.023325432001315177
2014-04-10,0.0,0.0,4.638925200891386,0.0,4.638925200891386,0.42358195232619567,3.104852537657389,0.0,0.0,0.0,0.02505942733757929
2014-04-11,0.0,0.0,2.7541083789991188,0.0,2.7541083789991188,0.5574728181493916,3.7084784172935006,0.0,0.0,0.0,0.03166455921859823
2014-04-12,0.0,0.0,2.158202031210108,0.0,2.158202031210108,0.598781356243568,2.815658598844184,0.0,0.0,0.0,0.03453097058294156
2014-04-13,0.0,0.0,3.3016786775969513,0.0,3.3016786775969513,0.600026920201968,1.9486674907075043,0.0,0.0,0.0,0.03554203598617726
2014-04-14,0.0,0.0,0.6649062778876695,0.0,0.6649062778876695,0.4608266042494637,2.1095151103239376,0.0,0.0,0.0,0.035760126481404315
2014-04-15,0.0,0.0,1.634723483426705,0.0,1.634723483426705,0.14014904698211508,1.6062489398957311,0.0,0.0,0.0,0.04086493830628884
2014-04-16,7.462411721250512,0.0,0.9568374870044776,7.462411721250512,8.419249208254989,0.17411973079490958,1.0474025573943146,1.0,1.0,0.8863512097888363,0.04602602041139393
2014-04-17,0.0,0.0,0.0024766434974817157,0.0,0.0024766434974817157,0.7572638875188299,3.4195452165608797,0.0,0.0,0.0,0.05402309816542427
2014-04-18,7.912986733710242e-05,0.0,0.5390591074207505,7.912986733710242e-05,0.5391382372880876,0.594317569607753,1.9354005966784156,0.0007432181345224824,0.0007432181345224824,1.0908288138329046e-07,0.11292052185325696
2014-04-19,0.0,0.0,0.3282153427621164,0.0,0.3282153427621164,0.68630333657683,0.6014414281068184,0.0,0.0,0.0,0.1449202040018783
2014-04-20,4.777779419539448,0.0,3.999584280343348,4.777779419539448,8.777363699882796,0.11087597400776154,0.41711836207515574,1.0,1.0,0.5443296624023048,0.1719634635907625
2014-04-21,4.189068423414119,0.04819910546345525,0.002648054450543179,4.237267528877574,4.191716477864662,0.9196719639874091,2.6711523538142625,1.0,0.9890107327070208,0.9993682648946972,0.4344048459429836
2014-04-22,7.192883670825579,0.053285871098349216,4.4661636048690935e-05,7.246169541923928,7.192928332461628,0.40128130317194993,3.329286691432025,1.0,0.9954525017536514,0.9999937908965605,0.3731629063865472
2014-04-23,4.690205346478811,0.0,0.5362708357694089,4.690205346478811,5.22647618224822,0.050532207756907366,4.537877376309569,1.0,1.0,0.8973934220554073,0.4611416836724813
2014-04-24,0.0,0.0,0.24003585072602468,0.0,0.24003585072602468,0.9044313327815271,4.310075621099673,0.0,0.0,0.0,0.5761881903896772
2014-04-25,1.7342290092889598e-05,0.0,0.0035553253523541045,1.7342290092889598e-05,0.003572667642446994,0.913243290486569,1.898171712375617,0.0007432181345224824,0.0007432181345224824,3.607697603339649e-06,0.5167242228957637
2014-04-26,0.0002184112642793322,0.0,5.7569008409395797e-05,0.0002184112642793322,0.000275980272688728,0.5960668989226661,0.6369620978895708,0.0007432181345224824,0.0007432181345224824,0.0005881841148097836,0.5700180864218826
2014-04-27,0.0,0.0,0.08220424601050254,0.0,0.08220424601050254,0.7704483253118845,0.2960703034207406,0.0,0.0,0.0,0.6191809819151263
2014-04-28,0.0,0.0,2.3511625318683356,0.0,2.3511625318683356,0.6785208087080016,0.2175271621783208,0.0,0.0,0.0,0.5311008955899018
2014-04-29,0.0,0.0,3.8871229199811115,0.0,3.8871229199811115,0.8543572046539487,0.28079749828333617,0.0,0.0,0.0,0.4982349014023286
2014-04-30,0.0,0.0,5.769253659842109,0.0,5.769253659842109,0.8899207821649066,1.9199661915852744,0.0,0.0,0.0,0.4064124457711611
2014-05-01,0.0,0.0,3.8872179609013022,0.0,3.8872179609013022,1.374907089943184,4.481903791709357,0.0,0.0,0.0,0.14688700159290716
2014-05-02,9.338127922875998e-05,0.0,0.8378563934000761,9.338127922875998e-05,0.8379497746793049,1.1296405033167118,3.572897196039966,0.0007432181345224824,0.0007432181345224824,8.282436757535186e-08,0.04411062914710095
2014-05-03,0.0001572159410209542,0.0,0.3806233021958138,0.0001572159410209542,0.3807805181368348,0.6506603751374279,1.7166295631751636,0.0007432181345224824,0.0007432181345224824,3.068584994172451e-07,0.040419571831903
2014-05-04,0.0,0.0,0.440742869904487,0.0,0.440742869904487,0.7401217823103033,0.6966593720822372,0.0,0.0,0.0,0.04348296067379779
2014-05-05,0.0,0.0,0.5211863791154021,0.0,0.5211863791154021,0.6848463592350518,0.3870150425244559,0.0,0.0,0.0,0.047490183708826295
2014-05-06,0.0,0.0,0.8832102999334561,0.0,0.8832102999334561,0.8340147709717078,0.2966285848830094,0.0,0.0,0.0,0.0471130503632906
2014-05-07,4.840969590849289,0.0,0.4769683500360839,4.840969590849289,5.317937940885373,0.6093539226807256,0.3540308291537469,1.0,1.0,0.9103095306229402,0.056752586351277244
2014-05-08,0.00733487343130833,0.0,0.0035235255953640753,0.00733487343130833,0.010858399026672405,0.7421126291499732,0.7408623503355124,0.014781782897724926,0.014781782897724926,0.009985128229084511,0.03921448634141609
2014-05-09,0.0,0.0,0.11220680507007502,0.0,0.11220680507007502,0.7316059592961671,0.9287062464983674,0.0,0.0,0.0,0.03935366463869801
2014-05-10,0.0,0.0,0.6053565624828874,0.0,0.6053565624828874,0.9122985379045927,0.3944727311577081,0.0,0.0,0.0,0.05247242201025173
2014-05-11,0.0,0.0,0.703468080860066,0.0,0.703468080860066,1.1807616457495969,0.2041836905660899,0.0,0.0,0.0,0.060154318780356424
2014-05-12,0.0,0.0,1.1692308156422,0.0,1.1692308156422,1.1500106244769646,0.16834103443652051,0.0,0.0,0.0,0.06269611170572287
2014-05-13,0.0,0.0,1.2042094660350176,0.0,1.2042094660350176,1.326732768101139,0.41255458096874975,0.0,0.0,0.0,0.04492103336744805
2014-05-14,0.0,0.0,0.8688596233483162,0.0,0.8688596233483162,1.5703127078861645,0.8465124029246471,0.0,0.0,0.0,0.047527300205284506
2014-05-15,0.0,0.0,0.3617606446573208,0.0,0.3617606446573208,1.7181402906716676,0.7904033443016905,0.0,0.0,0.0,0.0720858180591944
2014-05-16,0.0,0.0,0.1645858289339774,0.0,0.1645858289339774,1.2759083112396195,0.49205719308039414,0.0,0.0,0.0,0.09384748096535643
2014-05-17,3.129166616229461,0.0,0.09922591178527698,3.129166616229461,3.228392528014738,0.7940889062909864,0.25323566556916766,0.9992567818654775,0.9992567818654775,0.9685442323759653,0.13708516820007302
2014-05-18,0.0,0.0,0.10670731205615963,0.0,0.10670731205615963,1.052575393383454,0.15024026023341808,0.0,0.0,0.0,0.12761303251761666
2014-05-19,0.0,0.0,0.1688450276762051,0.0,0.1688450276762051,1.133076869438912,0.10699186601801385,0.0,0.0,0.0,0.1207698792466168
2014-05-20,0.0,0.0,0.16699265998763868,0.0,0.16699265998763868,1.2029935940893335,0.1815804053298738,0.0,0.0,0.0,0.1373306509808083
2014-05-21,1.067365679812392,0.0,0.15416359922540118,1.067365679812392,1.2215292790377932,1.3623358547105124,0.12049331052506183,0.7864486560138734,0.7864486560138734,0.6871945836820328,0.1497044810136512
2014-05-22,0.0,0.0,0.0598968401920509,0.0,0.0598968401920509,1.451986786876426,0.06691450924657494,0.0,0.0,0.0,0.1712024260049103
2014-05-23,0.0,0.0,0.031175820054479303,0.0,0.031175820054479303,1.3042857886886765,0.04334366475363641,0.0,0.0,0.0,0.1732236842194572
2014-05-24,0.0,0.0,0.02171968507261719,0.0,0.02171968507261719,1.029141206988631,0.03574494071580569,0.0,0.0,0.0,0.17153892760176281
2014-05-25,0.19378916989080147,0.0,0.005528954928648923,0.19378916989080147,0.19931812481945038,0.9653388235689158,0.026594738186393112,0.039597010611503364,0.039597010611503364,0.0384986153342121,0.20762244019565404
2014-05-26,0.0,0.0,0.005090031263784618,0.0,0.005090031263784618,1.1158321012991275,0.0193051903691243,0.0,0.0,0.0,0.19198777455828334
2014-05-27,0.0,0.0,0.0028089911354672384,0.0,0.0028089911354672384,0.8150468312773169,0.0081063311723432,0.0,0.0,0.0,0.18576553549412547
2014-05-28,0.0,0.0,0.00642676668538392,0.0,0.00642676668538392,0.9962006608414068,0.007123260229904037,0.0,0.0,0.0,0.1895114197882527
2014-05-29,0.5966613338611685,0.0,0.012389966654346666,0.5966613338611685,0.6090513005155151,1.2469820286288702,0.007463314048059204,0.601924109170486,0.601924109170486,0.5896791313915088,0.1799841912004294
2014-05-30,0.0,0.0,0.006368584092380235,0.0,0.006368584092380235,1.2904154273852912,0.006606249672023593,0.0,0.0,0.0,0.18242694717292393
2014-05-31,0.0,0.0,0.0028690901699117925,0.0,0.0028690901699117925,1.5403983758299347,0.0037451615003933508,0.0,0.0,0.0,0.15739245865975937
2014-06-01,0.0,0.0,0.0011946554253828316,0.0,0.0011946554253828316,1.5197768050486133,0.0023126357400654026,0.0,0.0,0.0,0.15047975550999318
2014-06-02,0.0,0.0,0.0003227336129133894,0.0,0.0003227336129133894,1.3755864757963383,0.0016645518664195674,0.0,0.0,0.0,0.15966068658800267
2014-06-03,0.0,0.0,0.00011057740221380275,0.0,0.00011057740221380275,1.5454866735221884,0.0010973402754953945,0.0,0.0,0.0,0.22001270162713013
2014-06-04,0.0,0.0,3.9783940781717024e-05,0.0,3.9783940781717024e-05,1.4281074899896404,0.0009081664418591507,0.0,0.0,0.0,0.18942942451312783
2014-06-05,0.0,0.0,1.7183963149989774e-05,0.0,1.7183963149989774e-05,1.4302732155931164,0.0008499913205581395,0.0,0.0,0.0,0.11095790645361785
2014-06-06,0.0,0.0,5.9829027079163996e-06,0.0,5.9829027079163996e-06,1.2991440523681024,0.0007433465210283883,0.0,0.0,0.0,0.10898950942157348
2014-06-07,0.0,0.0,2.1992235699765713e-06,0.0,2.1992235699765713e-06,1.2150872375575943,0.0006542942546737534,0.0,0.0,0.0,0.1309201299844679
2014-06-08,0.0,0.0,5.341083358195602e-07,0.0,5.341083358195602e-07,1.2758826816324236,0.0005538778399334052,0.0,0.0,0.0,0.11291101297353595
2014-06-09,0.0,0.0,3.4476294209415944e-08,0.0,3.4476294209415944e-08,1.028631301129781,0.0003421109563451903,0.0,0.0,0.0,0.14283207175284296
2014-06-10,0.0,0.0,0.0,0.0,0.0,1.5397168825550134,0.00026832696503977996,0.0,0.0,0.0,0.1463522353494856
2014-06-11,0.0,0.0,0.0,0.0,0.0,1.305072326933782,0.0002839614884655783,0.0,0.0,0.0,0.09901200475545972
2014-06-12,3.669848032007541,0.0,0.0,3.669848032007541,3.669848032007541,0.46500145422165023,0.00040676512396048875,1.0,1.0,1.0,0.2798574723033178
2014-06-13,0.0,0.0,0.0,0.0,0.0,0.947331876967034,0.0006981819075984048,0.0,0.0,0.0,0.1844695480049452
2014-06-14,0.028321663664418475,0.0,0.0,0.028321663664418475,0.028321663664418475,0.8818622500752591,0.00047751370735767996,0.06693092200338577,0.06693092200338577,0.06693092200338577,0.19229377414849924
2014-06-15,0.0,0.0,0.0,0.0,0.0,0.8410629644230381,0.00029638766484937456,0.0,0.0,0.0,0.17437949549088994
2014-06-16,0.0,0.0,0.0,0.0,0.0,0.6941022374817364,0.0003110545866039923,0.0,0.0,0.0,0.12906016498599027
2014-06-17,0.0,0.0,0.0,0.0,0.0,1.1974569831443949,0.00038448025411228447,0.0,0.0,0.0,0.04295043222598402
2014-06-18,0.0,0.0,0.0,0.0,0.0,1.548143766131585,0.0002559860343639472,0.0,0.0,0.0,0.05536957674337981
2014-06-19,0.0,0.0,0.0,0.0,0.0,1.1620876117856633,0.00015228306294868293,0.0,0.0,0.0,0.06079936636732087
2014-06-20,0.0,0.0,0.0,0.0,0.0,1.5394168407178992,0.00012450901789464865,0.0,0.0,0.0,0.07162720733752857
2014-06-21,0.0,0.0,0.0,0.0,0.0,1.5767874865712088,9.833463552203797e-05,0.0,0.0,0.0,0.045228798309496075
2014-06-22,0.0,0.0,0.0,0.0,0.0,1.7676782537979663,0.00010446796605758075,0.0,0.0,0.0,0.04966804822200394
2014-06-23,0.0,0.0,0.0,0.0,0.0,1.2936828526857145,6.758805165365925e-05,0.0,0.0,0.0,0.08139736999002996
2014-06-24,0.0,0.0,0.0,0.0,0.0,1.5167854155100944,2.2892971198630947e-05,0.0,0.0,0.0,0.16666666666666666
2014-06-25,5.564610867104758,0.0,0.0,5.564610867104758,5.564610867104758,0.5691142082611927,0.00014152374218009414,1.0,1.0,1.0,0.11099127642318052
2014-06-26,4.885114687502586,0.0,0.0,4.885114687502586,4.885114687502586,0.8285874791894704,0.001371494212739843,1.0,1.0,1.0,0.11937211286330579
2014-06-27,0.0,0.0,0.0,0.0,0.0,1.1331708487108163,0.0012009657898340335,0.0,0.0,0.0,0.0673040137040358
2014-06-28,0.0,0.0,0.0,0.0,0.0,0.9908050035707568,0.00010597084998750389,0.0,0.0,0.0,0.07307416229159121
2014-06-29,0.0,0.0,0.0,0.0,0.0,1.6063488815108151,7.677908919122132e-05,0.0,0.0,0.0,0.05415541307276162
2014-06-30,0.0,0.0,0.0,0.0,0.0,1.7662828389326792,8.64180195382591e-05,0.0,0.0,0.0,0.04247771165356326
2014-07-01,0.0,0.0,0.0,0.0,0.0,1.8637383984909606,8.014365938307327e-05,0.0,0.0,0.0,0.058945504244602355
2014-07-02,0.0,0.0,0.0,0.0,0.0,1.6612403868611612,1.6397825146287627e-05,0.0,0.0,0.0,0.0
2014-07-03,0.0,0.0,0.0,0.0,0.0,1.9826624747196238,0.0,0.0,0.0,0.0,0.0
2014-07-04,0.0,0.0,0.0,0.0,0.0,1.444047793070923,0.0,0.0,0.0,0.0,0.0
2014-07-05,0.0,0.0,0.0,0.0,0.0,1.899119672475749,0.0,0.0,0.0,0.0,0.0
2014-07-06,0.0,0.0,0.0,0.0,0.0,1.9922497798499397,0.0,0.0,0.0,0.0,0.0
2014-07-07,0.0,0.0,0.0,0.0,0.0,2.061091643818122,0.0,0.0,0.0,0.0,0.0
2014-07-08,0.0,0.0,0.0,0.0,0.0,1.8920561169511747,0.0,0.0,0.0,0.0,0.0
2014-07-09,0.0,0.0,0.0,0.0,0.0,2.3033396430724795,0.0,0.0,0.0,0.0,0.0
2014-07-10,0.0,0.0,0.0,0.0,0.0,2.17465177207736,0.0,0.0,0.0,0.0,0.0
2014-07-11,0.0,0.0,0.0,0.0,0.0,1.945929608005728,0.0,0.0,0.0,0.0,0.0
2014-07-12,0.0,0.0,0.0,0.0,0.0,1.9978895052470098,0.0,0.0,0.0,0.0,0.0
2014-07-13,0.0119257825699328,0.0,0.0,0.0119257825699328,0.0119257825699328,2.036806722825395,0.0,0.06693092200338577,0.06693092200338577,0.06693092200338577,0.0
2014-07-14,0.0,0.0,0.0,0.0,0.0,2.0412494564704953,0.0,0.0,0.0,0.0,0.0
2014-07-15,0.0,0.0,0.0,0.0,0.0,2.0746629401111014,0.0,0.0,0.0,0.0,0.0
2014-07-16,0.0,0.0,0.0,0.0,0.0,1.6237929397329143,0.0,0.0,0.0,0.0,0.0
2014-07-17,0.0,0.0,0.0,0.0,0.0,1.3415900315957814,0.0,0.0,0.0,0.0,0.0
2014-07-18,0.0,0.0,0.0,0.0,0.0,1.0518960591173225,0.0,0.0,0.0,0.0,0.0
2014-07-19,0.0,0.0,0.0,0.0,0.0,1.0135988727836838,0.0,0.0,0.0,0.0,0.0
2014-07-20,0.0,0.0,0.0,0.0,0.0,1.3293236006520326,0.0,0.0,0.0,0.0,0.0
2014-07-21,6.193949373858671,0.0,0.0,6.193949373858671,6.193949373858671,0.3252046806457205,0.0,1.0,1.0,1.0,0.0
2014-07-22,7.545231333310357,0.0,0.0,7.545231333310357,7.545231333310357,0.7127005666503916,0.0020164815849924318,1.0,1.0,1.0,0.0
2014-07-23,0.0,0.0,0.0,0.0,0.0,1.0365735213402685,0.0014814138745315598,0.0,0.0,0.0,0.0
2014-07-24,0.0,0.0,0.0,0.0,0.0,1.2964079352138658,3.47348989877936e-06,0.0,0.0,0.0,0.0
2014-07-25,0.0,0.0,0.0,0.0,0.0,1.5059013044061629,1.1106013948733685e-05,0.0,0.0,0.0,0.0
2014-07-26,0.0,0.0,0.0,0.0,0.0,1.6620484969410936,5.246172491417201e-06,0.0,0.0,0.0,0.0
2014-07-27,0.0,0.0,0.0,0.0,0.0,1.742181677124201,8.878176546015672e-07,0.0,0.0,0.0,0.0
2014-07-28,0.0,0.0,0.0,0.0,0.0,1.9647361564718193,2.438098807368153e-07,0.0,0.0,0.0,0.0
2014-07-29,0.0,0.0,0.0,0.0,0.0,1.8990312304686219,0.0,0.0,0.0,0.0,0.0
2014-07-30,0.0,0.0,0.0,0.0,0.0,2.064445938271454,0.0,0.0,0.0,0.0,0.0
2014-07-31,0.0,0.0,0.0,0.0,0.0,1.4662858267879448,0.0,0.0,0.0,0.0,0.0
2014-08-01,0.29748934974906316,0.0,0.0,0.29748934974906316,0.29748934974906316,1.592438368248873,0.0,0.19881085098476403,0.19881085098476403,0.19881085098476403,0.0
2014-08-02,0.0,0.0,0.0,0.0,0.0,1.7720466635304193,0.0,0.0,0.0,0.0,0.0
2014-08-03,0.0,0.0,0.0,0.0,0.0,1.6934092821149973,0.0,0.0,0.0,0.0,0.0
2014-08-04,0.0,0.0,0.0,0.0,0.0,1.65021555475579,0.0,0.0,0.0,0.0,0.0
2014-08-05,0.0,0.0,0.0,0.0,0.0,1.4162834583502217,0.0,0.0,0.0,0.0,0.0
2014-08-06,0.0,0.0,0.0,0.0,0.0,1.4037625990033322,0.0,0.0,0.0,0.0,0.0
2014-08-07,0.0,0.0,0.0,0.0,0.0,1.118532618777472,0.0,0.0,0.0,0.0,0.0
2014-08-08,0.0,0.0,0.0,0.0,0.0,1.4090363493352176,0.0,0.0,0.0,0.0,0.0
2014-08-09,0.0,0.0,0.0,0.0,0.0,1.4019502536424786,0.0,0.0,0.0,0.0,0.0
2014-08-10,0.0,0.0,0.0,0.0,0.0,1.4301124366264317,0.0,0.0,0.0,0.0,0.0
2014-08-11,7.295979354641446,0.0,0.0,7.295979354641446,7.295979354641446,0.9536014974148957,0.0,1.0,1.0,1.0,0.0
2014-08-12,0.3388942932913087,0.0,0.0,0.3388942932913087,0.3388942932913087,0.9559731449761122,0.0003110119572407076,0.08468557743920063,0.08468557743920063,0.08468557743920063,0.0
2014-08-13,0.14397785593072587,0.0,0.0,0.14397785593072587,0.14397785593072587,0.5106016003082956,0.0,0.039597010611503364,0.039597010611503364,0.039597010611503364,0.0
2014-08-14,0.0,0.0,0.0,0.0,0.0,0.5309256621585619,0.0,0.0,0.0,0.0,0.0
2014-08-15,0.0,0.0,0.0,0.0,0.0,0.9752076221170881,0.0,0.0,0.0,0.0,0.0
2014-08-16,0.0,0.0,0.0,0.0,0.0,1.0872273286858127,0.0,0.0,0.0,0.0,0.0
2014-08-17,0.0,0.0,0.0,0.0,0.0,1.1930560853260224,0.0,0.0,0.0,0.0,0.0
2014-08-18,0.0,0.0,0.0,0.0,0.0,1.0715495345732218,0.0,0.0,0.0,0.0,0.0
2014-08-19,0.0,0.0,0.0,0.0,0.0,1.02178653539617,0.0,0.0,0.0,0.0,0.0
2014-08-20,0.0,0.0,0.0,0.0,0.0,0.934757155785942,0.0,0.0,0.0,0.0,0.0
2014-08-21,0.0,0.0,0.0,0.0,0.0,0.7166096099596905,0.0,0.0,0.0,0.0,0.0
2014-08-22,0.0,0.0,0.0,0.0,0.0,0.829560136985816,0.0,0.0,0.0,0.0,0.0
2014-08-23,10.599759196321916,0.0,0.0,10.599759196321916,10.599759196321916,0.3870036763858702,0.0006439167088229758,1.0,1.0,1.0,0.0
2014-08-24,0.0,0.0,0.0,0.0,0.0,1.0465630520353284,0.0029077164239005664,0.0,0.0,0.0,0.0
2014-08-25,0.0,0.0,0.0,0.0,0.0,0.9649780963226785,2.302746410612105e-05,0.0,0.0,0.0,0.0
2014-08-26,0.0,0.0,0.0,0.0,0.0,1.010215598402041,4.913262427372526e-05,0.0,0.0,0.0,0.0
2014-08-27,0.0,0.0,0.0,0.0,0.0,0.9721142157134498,1.0685079371819022e-05,0.0,0.0,0.0,0.0
2014-08-28,0.0,0.0,0.0,0.0,0.0,0.835917402197237,0.0,0.0,0.0,0.0,0.0
2014-08-29,0.0,0.0,0.0,0.0,0.0,0.5427524624812899,0.0,0.0,0.0,0.0,0.0
2014-08-30,0.0,0.0,0.0,0.0,0.0,0.4437803467005909,0.0,0.0,0.0,0.0,0.0
2014-08-31,0.0,0.0,0.0,0.0,0.0,0.6802183695689458,0.0,0.0,0.0,0.0,0.0
2014-09-01,0.0,0.0,0.0,0.0,0.0,0.7050646029562235,0.0,0.0,0.0,0.0,0.0
2014-09-02,0.0,0.0,0.0,0.0,0.0,0.5806333847769797,0.0,0.0,0.0,0.0,0.0
2014-09-03,0.0,0.0,0.0,0.0,0.0,0.6455229862695504,0.0,0.0,0.0,0.0,0.0
2014-09-04,0.0,0.0,0.0,0.0,0.0,0.6495750353216788,7.932304301117896e-06,0.0,0.0,0.0,0.0
2014-09-05,0.0,0.0,0.0,0.0,0.0,0.7666252494150322,2.2707097105948172e-05,0.0,0.0,0.0,0.0
2014-09-06,0.0,0.0,0.0,0.0,0.0,0.7485956005479452,2.0245823821062803e-05,0.0,0.0,0.0,0.0
2014-09-07,0.0,0.0,0.0,0.0,0.0,0.8327966992739393,7.247847038581726e-06,0.0,0.0,0.0,0.0
2014-09-08,0.0,0.0,0.0,0.0,0.0,0.5734068768891601,0.0,0.0,0.0,0.0,0.0
2014-09-09,0.0,0.0,0.0,0.0,0.0,0.6009756110001861,0.0,0.0,0.0,0.0,0.0
2014-09-10,0.0,0.0,0.0,0.0,0.0,0.5371818139752326,0.0,0.0,0.0,0.0,0.0
2014-09-11,0.0,0.0,0.0,0.0,0.0,0.46023872298982665,0.0,0.0,0.0,0.0,0.0
2014-09-12,0.0,0.0,0.0,0.0,0.0,0.47487424117641336,4.461148311707909e-06,0.0,0.0,0.0,0.0
2014-09-13,0.0,0.0,0.0,0.0,0.0,0.5262781874884774,2.254052476083652e-05,0.0,0.0,0.0,0.0
2014-09-14,0.0,0.0,0.0,0.0,0.0,0.4998176117589048,3.1096739445555515e-05,0.0,0.0,0.0,0.0
2014-09-15,0.0,0.0,0.0,0.0,0.0,0.4887442064282096,4.1440139015798225e-05,0.0,0.0,0.0,0.0
2014-09-16,0.0,0.0,0.0,0.0,0.0,0.4053721606514535,3.846360483631644e-05,0.0,0.0,0.0,0.0
2014-09-17,0.0,0.0,0.0,0.0,0.0,0.22902422580844642,2.2320326797908392e-05,0.0,0.0,0.0,0.0
2014-09-18,0.0,0.0,0.0,0.0,0.0,0.31216312391474826,1.006001598819811e-05,0.0,0.0,0.0,0.0
2014-09-19,0.0,0.0,0.0,0.0,0.0,0.37377845402593024,2.518395765442234e-05,0.0,0.0,0.0,0.0
2014-09-20,0.0,0.0,0.0,0.0,0.0,0.3183170960568997,3.4717193764196474e-05,0.0,0.0,0.0,0.0
2014-09-21,0.0,0.0,0.0,0.0,0.0,0.3580135366574285,1.0733837643332323e-05,0.0,0.0,0.0,0.0
2014-09-22,2.1838674038153023,0.0,0.0,2.1838674038153023,2.1838674038153023,0.11608098853651128,5.244544024238569e-07,1.0,1.0,1.0,0.0
2014-09-23,10.320457631038568,0.0,0.0,10.320457631038568,10.320457631038568,0.03898822792598483,0.0011866743239730346,1.0,1.0,1.0,0.0
2014-09-24,2.5624407326231196,0.0,0.0,2.5624407326231196,2.5624407326231196,0.08042619496919894,0.004964920352658931,1.0,1.0,1.0,0.16666666666666666
2014-09-25,0.0,0.0,0.0,0.0,0.0,0.2336370741836392,0.0008691482471557305,0.0,0.0,0.0,0.0
2014-09-26,0.0,0.0,0.0,0.0,0.0,0.23942711381069187,9.85016462508362e-05,0.0,0.0,0.0,0.0
2014-09-27,0.0,0.0,0.0,0.0,0.0,0.15304448916624777,0.00010625585105917152,0.0,0.0,0.0,0.0
2014-09-28,0.0,0.0,0.0,0.0,0.0,0.42780636661825283,4.899693746957446e-05,0.0,0.0,0.0,0.0
2014-09-29,0.0,0.0,0.0,0.0,0.0,0.17391683896830057,5.851577830187987e-06,0.0,0.0,0.0,0.0
2014-09-30,0.0,0.0,0.0,0.0,0.0,0.13640372548985558,2.67044227075067e-05,0.0,0.0,0.0,0.0
2014-10-01,0.0,0.0,0.0,0.0,0.0,0.15771991742824265,4.969816743009955e-05,0.0,0.0,0.0,0.0
2014-10-02,0.0,0.0,0.0,0.0,0.0,0.16095287118435697,5.320564030164919e-05,0.0,0.0,0.0,0.0
2014-10-03,0.0,0.0,0.0,0.0,0.0,0.07766606664383989,6.222366310590758e-05,0.0,0.0,0.0,0.0
2014-10-04,0.0,0.0,0.0,0.0,0.0,0.14472125236555644,6.664044819522339e-05,0.0,0.0,0.0,0.0
2014-10-05,0.0,0.0,0.0,0.0,0.0,0.17465467771586995,6.597439886360422e-05,0.0,0.0,0.0,0.0
2014-10-06,0.0,0.0,0.0,0.0,0.0,0.27333455538638146,4.2702288861321465e-05,0.0,0.0,0.0,0.0
2014-10-07,0.0,0.0,0.0,0.0,0.0,0.2912000468013107,4.095609948997525e-06,0.0,0.0,0.0,0.0
2014-10-08,0.0,0.0,0.0,0.0,0.0,0.14703878470860035,3.6054755074028195e-06,0.0,0.0,0.0,0.0
2014-10-09,0.0,0.0,0.0,0.0,0.0,0.17018584122658842,2.5177118861248633e-05,0.0,0.0,0.0,0.0
2014-10-10,6.192751847855204,0.0,0.0,6.192751847855204,6.192751847855204,0.16721072051350233,0.0013307340264226044,0.5953177257525084,0.5953177257525084,0.5953177257525084,0.0
2014-10-11,0.0,0.0,0.0,0.0,0.0,0.08190077027858071,0.004880005046514753,0.0,0.0,0.0,0.0
2014-10-12,0.0,0.0,0.0,0.0,0.0,0.02956532479268538,0.00018900145003381813,0.0,0.0,0.0,0.0
2014-10-13,3.726587206355177,0.0,0.0,3.726587206355177,3.726587206355177,0.05273021860572456,0.0007870346807976526,1.0,1.0,1.0,0.0
2014-10-14,0.00017869035389000718,0.0,0.0,0.00017869035389000718,0.00017869035389000718,0.03439554378711753,0.0008639215485897346,0.0007432181345224824,0.0007432181345224824,0.0007432181345224824,0.0
2014-10-15,0.0,0.0,0.0,0.0,0.0,0.021056945029728824,0.00015211939098866325,0.0,0.0,0.0,0.0
2014-10-16,6.509713231592378,0.0,0.0,6.509713231592378,6.509713231592378,0.01405073731145341,0.0024405102295517274,1.0,1.0,1.0,0.0
2014-10-17,0.0,0.0,0.0,0.0,0.0,0.00015127955360603183,0.004295339909626488,0.0,0.0,0.0,0.16570842004173766
2014-10-18,0.0,0.0,0.0,0.0,0.0,0.010410912573169695,0.0003496660279069073,0.0,0.0,0.0,0.0
2014-10-19,5.4242784044616625,0.0,0.0,5.4242784044616625,5.4242784044616625,0.16526674009872266,0.0022898410301901585,1.0,1.0,1.0,0.15147875473812036
2014-10-20,2.233997838087671,0.0,0.0,2.233997838087671,2.233997838087671,0.05074069350816679,0.005055435346908749,0.7413600891861761,0.7413600891861761,0.7413600891861761,0.16666666666666666
2014-10-21,13.116758656464748,0.0,0.0,13.116758656464748,13.116758656464748,0.004222035416791345,0.019451038780934876,1.0,1.0,1.0,0.13585579776834078
2014-10-22,8.439048343807073,0.0,0.0,8.439048343807073,8.439048343807073,0.10853207318074949,0.03694187578867811,1.0,1.0,1.0,0.1662915326596611
2014-10-23,10.647727369183059,0.0,0.0,10.647727369183059,10.647727369183059,0.08674884929477819,0.037667804712517364,1.0,1.0,1.0,0.16666666666666666
2014-10-24,8.54298390904371,0.0,0.0,8.54298390904371,8.54298390904371,0.0,0.05136441573481955,1.0,1.0,1.0,0.16664042450747443
2014-10-25,2.0091085955190335,0.0,0.0,2.0091085955190335,2.0091085955190335,0.2051560747728102,0.03835162531939402,0.6838019736570461,0.6838019736570461,0.6838019736570461,0.16666666666666666
2014-10-26,5.16052898249262,0.0,0.0,5.16052898249262,5.16052898249262,0.06555700849609937,0.020571031809709466,1.0,1.0,1.0,0.16514839228725925
2014-10-27,9.29491937265434,0.0,0.0,9.29491937265434,9.29491937265434,0.0,0.05459226689372513,1.0,1.0,1.0,0.16102724051968845
2014-10-28,7.678426170919095,0.0,0.0,7.678426170919095,7.678426170919095,0.0,0.0828992528060348,1.0,1.0,1.0,0.16428813372992174
2014-10-29,21.953636731433438,0.0,0.0,21.953636731433438,21.953636731433438,0.0,0.15838666155831782,1.0,1.0,1.0,0.16148359086266204
2014-10-30,5.76120619321661,0.0,0.0,5.76120619321661,5.76120619321661,0.43014928676095454,4.011903335348227,1.0,1.0,1.0,0.25575440412623723
2014-10-31,0.0,0.0,0.0,0.0,0.0,0.3718674836648283,3.028533608755715,0.0,0.0,0.0,0.44535355288714484
2014-11-01,0.7130223425164062,0.0,0.0,0.7130223425164062,0.7130223425164062,0.02490073754228874,0.8530573316973716,0.573846979644081,0.573846979644081,0.573846979644081,0.4799832799643025
2014-11-02,2.768488847500981,0.0,0.0,2.768488847500981,2.768488847500981,0.0,0.3100433588188722,1.0,1.0,1.0,0.5799677436619647
2014-11-03,1.176369400748666,0.0,0.0,1.176369400748666,1.176369400748666,0.0014180388666526237,0.17476752280720587,0.3808992939427722,0.3808992939427722,0.3808992939427722,0.4943479741810453
2014-11-04,2.209226536665928,0.0,0.0,2.209226536665928,2.209226536665928,0.08289279767399661,0.19193413687015468,1.0,1.0,1.0,0.47021547910896483
2014-11-05,0.0001404027041768198,0.0,0.0,0.0001404027041768198,0.0001404027041768198,0.05897274677937022,0.36906022554505274,0.0007432181345224824,0.0007432181345224824,0.0007432181345224824,0.49702773954358714
2014-11-06,0.0,0.0,0.0,0.0,0.0,0.42155032564228223,0.33802922063880003,0.0,0.0,0.0,0.47811872688868906
2014-11-07,0.0,0.0,0.0,0.0,0.0,0.006780034966968526,0.18880274158607144,0.0,0.0,0.0,0.48153179489928166
2014-11-08,4.392910959179105,0.0,0.0,4.392910959179105,4.392910959179105,0.28740231809490924,0.11180480909002238,1.0,1.0,1.0,0.5066607352534679
2014-11-09,0.0,0.0,0.0,0.0,0.0,0.5617875525992867,0.07950628736526391,0.0,0.0,0.0,0.5114299997488378
2014-11-10,0.0,0.0,0.0,0.0,0.0,0.41388723320089627,0.09352728940227359,0.0,0.0,0.0,0.49374043085231034
2014-11-11,0.0,0.0,0.0,0.0,0.0,0.14179582975420874,0.19079012352397187,0.0,0.0,0.0,0.5302594526526953
2014-11-12,0.0,0.0,0.0,0.0,0.0,0.0059617384582804816,0.09719361028862801,0.0,0.0,0.0,0.5107585309913852
2014-11-13,0.0,0.0,0.0,0.0,0.0,0.0,0.05425199000427332,0.0,0.0,0.0,0.5073125826993078
2014-11-14,0.0,0.0,0.0,0.0,0.0,0.06309270602250307,0.03505755779859367,0.0,0.0,0.0,0.4864324527708217
2014-11-15,0.0,0.0,0.0,0.0,0.0,0.000575917800491171,0.026064463186209214,0.0,0.0,0.0,0.4449956467717533
2014-11-16,0.0,0.0,0.0,0.0,0.0,0.0,0.030830441486550526,0.0,0.0,0.0,0.45155938922889227
2014-11-17,0.0,0.0,0.0,0.0,0.0,0.00025139643510564306,0.045272932558144,0.0,0.0,0.0,0.48210287516990863
2014-11-18,0.0,0.0,0.0,0.0,0.0,0.02748326654064851,0.050097315391530964,0.0,0.0,0.0,0.4977006117966991
2014-11-19,1.0103895998398595e-05,1.181316551749228e-05,0.0,2.1917061515890875e-05,1.0103895998398595e-05,0.0032153846755411998,0.052150716849632024,0.0007432181345224824,0.0004554689894429665,0.0007432181345224824,0.5039124108973335
2014-11-20,0.2252544377957679,12.882953587229249,0.0,13.108208025025016,0.2252544377957679,7.132481760563213e-06,0.05755421963440591,0.04591436475494447,0.013572797762162267,0.04591436475494447,0.5054888971027105
2014-11-21,0.0,8.139176092808655e-05,0.0,8.139176092808655e-05,0.0,0.00011570989363751732,0.05881451778601722,0.0,0.0,0.0,0.5036810175407003
2014-11-22,0.03153929654601949,0.220158508138639,0.0054822944708619115,0.25169780468465847,0.0370215910168814,0.0,0.05456338817445118,0.012345679012345678,0.005556905200601533,0.010517485087412626,0.5012777822343801
2014-11-23,5.986405484747146,0.36592917125741425,0.0,6.35233465600456,5.986405484747146,5.127971692474664e-06,0.06519268301343487,0.79338535860275,0.7618720755990227,0.79338535860275,0.475090632421177
2014-11-24,11.42538949087343,0.0,2.6484127609594,11.42538949087343,14.07380225183283,0.0,0.18508320844538062,0.9302613650439737,0.9302613650439737,0.7552044737984597,0.38820530518204865
2014-11-25,0.0,0.0,2.2821036634224963,0.0,2.2821036634224963,0.0,2.271080480922145,0.0,0.0,0.0,0.43392698770825394
2014-11-26,0.0,0.0,1.9828421543624108,0.0,1.9828421543624108,9.360472237326822e-05,2.719872663747987,0.0,0.0,0.0,0.26078202198899686
2014-11-27,0.22334365817662372,0.3010947406909921,0.23773305815202986,0.5244383988676158,0.46107671632865355,0.0022775429661318638,1.0869209027648354,0.02555844584830092,0.01870697684493657,0.012380405669844765,0.28725336903378357
2014-11-28,0.0,0.0,0.0,0.0,0.0,0.00930612349549815,0.6453157515698632,0.0,0.0,0.0,0.3212717743327396
2014-11-29,0.0,0.0,0.0,0.0,0.0,0.004064121517650909,0.3344028826562542,0.0,0.0,0.0,0.33913434436077194
2014-11-30,0.0,0.0,0.0,0.0,0.0,0.00014233169477426198,0.28998869340549066,0.0,0.0,0.0,0.35613055636430363
2014-12-01,0.0,0.0,0.0,0.0,0.0,1.6164649904344396e-06,0.22688801704029246,0.0,0.0,0.0,0.3672519947116944
2014-12-02,0.0,0.0,0.0,0.0,0.0,0.0,0.19464221253913355,0.0,0.0,0.0,0.37511878223153144
2014-12-03,0.0,2.011388287913163,0.0,2.011388287913163,0.0,0.0,0.18198633311782475,0.0,0.0,0.0,0.38129755393206194
2014-12-04,4.868541718779823,0.21411271686289254,0.0,5.0826544356427155,4.868541718779823,0.0,0.1877961917244812,0.991411701556629,0.951972951834318,0.991411701556629,0.38613327851306983
2014-12-05,6.540636714580966,0.03606378051821113,0.0,6.576700495099177,6.540636714580966,0.0,0.3322493416006537,1.0,0.995767519169506,1.0,0.3099627999510897
2014-12-06,0.0,0.0,0.0,0.0,0.0,2.805702278503843e-05,1.8821088739061096,0.0,0.0,0.0,0.37656264886291285
2014-12-07,2.1993492735812152,0.0,0.02717838932890426,2.1993492735812152,2.2265276629101196,0.0,1.6059228886369,0.8951649531359677,0.8951649531359677,0.8842380097993998,0.32267439955638005
2014-12-08,13.044207454930628,0.0,1.176386893610587,13.044207454930628,14.220594348541216,0.0,0.901464599532864,1.0,1.0,0.9172758279451756,0.2600143838058573
2014-12-09,8.629421248279481,0.0,1.0941340383263451,8.629421248279481,9.723555286605826,0.00011259510390870554,6.451713064570206,1.0,1.0,0.887475927674982,0.285795519214303
2014-12-10,11.899429191749752,0.0,0.15940045260267902,11.899429191749752,12.05882964435243,0.0015304221641945827,7.92260321427213,1.0,1.0,0.9867814325847674,0.5161930958949964
2014-12-11,0.0,0.0,0.026936038045649577,0.0,0.026936038045649577,0.0025215485960796958,8.075140692856776,0.0,0.0,0.0,0.6458319450806126
2014-12-12,0.0,0.0,4.54084476011062e-06,0.0,4.54084476011062e-06,0.0026634546469223998,2.931083702684839,0.0,0.0,0.0,0.6441459501856291
2014-12-13,0.0,0.0,0.0,0.0,0.0,0.003513526372612449,0.845306691014753,0.0,0.0,0.0,0.6369764958951779
2014-12-14,0.07652654698727898,2.0707278081938796,0.0,2.1472543551811585,0.07652654698727898,6.814269538160409e-05,0.4672455794963222,0.077046946612164,0.043925795507051314,0.077046946612164,0.6428408860455
2014-12-15,0.5700402218509711,2.875052078246828,0.0,3.445092300097799,0.5700402218509711,0.0,0.3974851289673426,0.2571534745447789,0.19636206685080346,0.2571534745447789,0.6831741941879425
2014-12-16,1.4041932669225043,1.6464241579456975,0.0,3.050617424868202,1.4041932669225043,0.0,0.3962201629434803,0.6869400057805854,0.5642145031378573,0.6869400057805854,0.6967435849033623
2014-12-17,3.1500404297396254,0.9579912811317074,0.0,4.108031710871333,3.1500404297396254,0.0,0.4849682516874262,0.909657706759156,0.8028918512537268,0.909657706759156,0.666595037399101
2014-12-18,6.504406921747155,1.5011783678197614,0.00038453796822282386,8.005585289566916,6.504791459715379,0.0,1.0593181630187363,0.923407242247822,0.8291297460863477,0.923352654003606,0.5786473230541006
2014-12-19,19.41866749747997,0.0,0.04242316272469439,19.41866749747997,19.461090660204665,0.0,4.7094145477863165,1.0,1.0,0.9978201035355411,0.6156922416984177
2014-12-20,0.0003275837922630838,0.0,1.1757807142235899,0.0003275837922630838,1.176108298015853,0.0,12.51339408724135,0.0007432181345224824,0.0007432181345224824,2.0701003079079356e-07,0.615063643249587
2014-12-21,0.0,0.0,0.04857837123446411,0.0,0.04857837123446411,0.019282570592734926,4.359436281158185,0.0,0.0,0.0,0.5971423445691184
2014-12-22,0.0,0.0,0.001610276800731352,0.0,0.001610276800731352,0.012707759784769356,1.0536640464629208,0.0,0.0,0.0,0.6042232973503784
2014-12-23,0.0,7.70193623077007e-05,0.0,7.70193623077007e-05,0.0,0.006414326752708464,0.5514978434819189,0.0,0.0,0.0,0.6005001089798748
2014-12-24,0.0,0.0,0.0,0.0,0.0,0.006782327117587887,0.4545766578178199,0.0,0.0,0.0,0.5970407833003973
2014-12-25,0.0,0.0,0.0,0.0,0.0,0.008035336324984264,0.4091747602776746,0.0,0.0,0.0,0.5936990203531616
2014-12-26,0.0,0.0005045024934266342,0.0,0.0005045024934266342,0.0,0.00017369311133988007,0.3767724551327538,0.0,0.0,0.0,0.5845427836128025
2014-12-27,0.49727451789642907,13.913483525746424,0.0,14.410758043642852,0.49727451789642907,0.00015776468436385065,0.3733250077033718,0.077046946612164,0.04238559922008899,0.077046946612164,0.6212743382738857
2014-12-28,0.0,0.00029327858626027736,0.0,0.00029327858626027736,0.0,0.004523153355137704,0.4289286101923541,0.0,0.0,0.0,0.5812686859331307
2014-12-29,0.0,0.0,0.0,0.0,0.0,0.00583374090768529,0.328776628693491,0.0,0.0,0.0,0.5697619404806099
2014-12-30,0.0,0.0,0.0,0.0,0.0,0.0001220834920796249,0.3036889648752798,0.0,0.0,0.0,0.5612627847032755
2014-12-31,0.0,0.0,0.0,0.0,0.0,5.088376095256846e-08,0.29019559603175515,0.0,0.0,0.0,0.5479775037088656
2015-01-01,0.0,0.0,0.0,0.0,0.0,0.0,0.27746461463726946,0.0,0.0,0.0,0.5372209069285131
2015-01-02,0.0,0.0,0.0,0.0,0.0,0.0007418625223543124,0.26570041204974976,0.0,0.0,0.0,0.5287663807611839
2015-01-03,0.0,0.17215983222345882,0.0,0.17215983222345882,0.0,0.0,0.25520105269156285,0.0,0.0,0.0,0.5213909358109411
2015-01-04,6.045404590183096e-05,0.0,3.076916152835337,6.045404590183096e-05,3.0769766068812388,0.0,0.24697258434570368,0.0007432181345224824,0.0007432181345224824,1.4602172508888854e-08,0.484060040474854
2015-01-05,0.0,0.0,5.898634995175243,0.0,5.898634995175243,0.0012025889203316547,0.3053898351947572,0.0,0.0,0.0,0.4139128880750464
2015-01-06,0.0,0.0,4.626694944526131,0.0,4.626694944526131,0.002302075267831004,1.2255139310266807,0.0,0.0,0.0,0.3311493714946497
2015-01-07,0.0,0.0,0.0,0.0,0.0,0.00427022160077262,2.448002816919408,0.0,0.0,0.0,0.3310560663249234
2015-01-08,0.0,0.0,0.0,0.0,0.0,0.00035687315107412474,1.336544830516194,0.0,0.0,0.0,0.2418292754520089
2015-01-09,0.0,0.0,0.0,0.0,0.0,0.0,0.5614262082015967,0.0,0.0,0.0,0.23103111587363742
2015-01-10,2.8162379239465767,1.540643169972474,0.0,4.356881093919051,2.8162379239465767,0.0,0.3893467655874894,0.8830670135017961,0.7570892338374995,0.8830670135017962,0.30687276618995135
2015-01-11,0.0,0.0,0.0,0.0,0.0,0.00020161273713978201,0.6141471173742943,0.0,0.0,0.0,0.22577967777800825
2015-01-12,1.9581511530824747,0.004827045057983809,0.0,1.9629781981404584,1.9581511530824747,0.0008366164555186227,0.9325304780555851,0.8485899500392254,0.8462803354639471,0.8485899500392254,0.29714366469104736
2015-01-13,0.0,0.0,0.0,0.0,0.0,0.0014361354265276108,0.71412302482381,0.0,0.0,0.0,0.2327677636145089
2015-01-14,0.1479328431018449,18.473434048706945,0.0,18.62136689180879,0.1479328431018449,3.9426386839867595e-06,0.7934059266366138,0.021759775382963788,0.010355991165837578,0.021759775382963788,0.5276945092794907
2015-01-15,0.0,0.0,0.0,0.0,0.0,4.7575155271167835e-05,0.5100442133481929,0.0,0.0,0.0,0.4630365717804381
2015-01-16,0.0,24.79103629426895,0.0,24.79103629426895,0.0,0.0,0.36380573503034375,0.0,0.0,0.0,0.23044565948123177
2015-01-17,0.0754675568595699,0.0,1.0228066137159817,0.0754675568595699,1.0982741705755517,4.1118708905659116e-07,0.3352861888688349,0.014781782897724926,0.014781782897724926,0.0010157254638295567,0.20143003600063747
2015-01-18,0.0,0.0,0.0011479832885974831,0.0,0.0011479832885974831,0.0,0.38106277267137406,0.0,0.0,0.0,0.24351437194345238
2015-01-19,0.0,0.0,0.0,0.0,0.0,2.0139167584839537e-07,0.327668814329261,0.0,0.0,0.0,0.25480802294557103
2015-01-20,0.0,2.1082771602841954,0.0,2.1082771602841954,0.0,0.0,0.2936882918136685,0.0,0.0,0.0,0.2663721940570493
2015-01-21,0.0,0.0,0.0,0.0,0.0,0.0,0.28090752474485015,0.0,0.0,0.0,0.2841022158631383
2015-01-22,0.0,0.0,1.1124558980059667,0.0,1.1124558980059667,0.0,0.2706830115542307,0.0,0.0,0.0,0.299853189596362
2015-01-23,0.0,0.0,8.323728173562499,0.0,8.323728173562499,0.0,0.33744705585177937,0.0,0.0,0.0,0.21839460011507897
2015-01-24,0.0,0.0,10.217708165935537,0.0,10.217708165935537,0.0,2.313295261559579,0.0,0.0,0.0,0.20425205841500324
2015-01-25,0.0,0.0,6.945260831617171,0.0,6.945260831617171,0.0,6.49079116074681,0.0,0.0,0.0,0.09910284251922001
2015-01-26,0.0,0.0,2.0748347339375246,0.0,2.0748347339375246,0.0,5.846948573153842,0.0,0.0,0.0,0.09787895121349632
2015-01-27,0.0,0.0,0.0,0.0,0.0,3.7622714325188445e-07,2.996241384744617,0.0,0.0,0.0,0.0987163815790078
2015-01-28,0.0,0.0,0.0,0.0,0.0,0.0,1.1349365499391666,0.0,0.0,0.0,0.10220942143988519
2015-01-29,0.0,0.0,0.9487998101425388,0.0,0.9487998101425388,0.0,0.6117655685775101,0.0,0.0,0.0,0.10598386575037644
2015-01-30,0.0,0.0,0.0,0.0,0.0,0.0,0.5025497193910374,0.0,0.0,0.0,0.10860913605976691
2015-01-31,0.2937558537932128,0.07005977807573659,0.0,0.3638156318689494,0.2937558537932128,0.0,0.5327167504634119,0.22441058672942732,0.19207137276148625,0.22441058672942732,0.1223668628740091
2015-02-01,4.031616040485899,0.14933671164050255,0.0,4.180952752126402,4.031616040485899,0.0,0.509401594233202,0.9990090424873034,0.9718199266582016,0.9990090424873034,0.1750610635320697
2015-02-02,3.6036947589850463,0.017064895516362057,0.29150276760044924,3.6207596545014082,3.8951975265854957,0.0,1.210885315650252,1.0,0.9953367643726603,0.9251635467493278,0.2839632232152403
2015-02-03,6.982323704115392,0.0,0.03305811237495667,6.982323704115392,7.015381816490349,0.0,2.888395945087453,1.0,1.0,0.9952877671893423,0.43977378787299276
2015-02-04,12.98411310185,0.0,3.698080929760968,12.98411310185,16.68219403161097,0.0,6.108505473098096,1.0,1.0,0.7783216690350501,0.5254501293328616
2015-02-05,14.0739902322942,0.0,5.601097597992602,14.0739902322942,19.675087830286802,0.0,15.310236943812235,1.0,1.0,0.7153203255656849,0.6408057750956876
2015-02-06,13.026753398401768,0.0,4.213468184317552,13.026753398401768,17.24022158271932,0.0006929947684885377,18.545279359885736,1.0,1.0,0.7556024344524139,0.7282828884083288
2015-02-07,5.374379754164118,0.0,0.796729372917735,5.374379754164118,6.171109127081853,0.03437532195435247,14.937843212048351,1.0,1.0,0.870893650312989,0.7967818025957528
2015-02-08,3.0731924151930916,0.0,1.0238538729110636,3.0731924151930916,4.097046288104155,0.01212207795781212,7.100013661610622,0.8787728642801107,0.8787728642801107,0.6591670953351183,0.7071253432347812
2015-02-09,0.0,0.0,2.328125619625292,0.0,2.328125619625292,0.00010758752696442686,4.190798416262297,0.0,0.0,0.0,0.5299057617490003
2015-02-10,0.0,0.0,2.75620452793095,0.0,2.75620452793095,0.04769880483623336,2.886907597860179,0.0,0.0,0.0,0.5199724715012314
2015-02-11,0.0,0.0,5.4922442065758945,0.0,5.4922442065758945,0.0,2.5833307199918023,0.0,0.0,0.0,0.426607723773736
2015-02-12,0.0,0.0,3.6311558182974566,0.0,3.6311558182974566,0.2076229266723538,4.482325726529337,0.0,0.0,0.0,0.30221125657055087
2015-02-13,0.0,0.0,0.8496770154297355,0.0,0.8496770154297355,0.3501588044998404,3.803811096960162,0.0,0.0,0.0,0.18960607070929805
2015-02-14,0.0,0.0,0.19831273827716572,0.0,0.19831273827716572,0.31654548239998537,2.0296304588199114,0.0,0.0,0.0,0.18669446063042827
2015-02-15,0.0,0.0,0.0015129770968971593,0.0,0.0015129770968971593,0.32067586438228984,0.9478779638991439,0.0,0.0,0.0,0.16243155139136703
2015-02-16,0.0,0.0,0.01240661318714671,0.0,0.01240661318714671,0.03900568765338461,0.5521642385673253,0.0,0.0,0.0,0.1432365375957377
2015-02-17,0.0,0.0,0.8928322410021244,0.0,0.8928322410021244,0.03689179446383264,0.401148216618234,0.0,0.0,0.0,0.14983133387345046
2015-02-18,0.0,0.0,0.055840779480170834,0.0,0.055840779480170834,0.12898101492575784,0.3920502035994026,0.0,0.0,0.0,0.14154654618297002
2015-02-19,0.0,0.0,0.03286052401672725,0.0,0.03286052401672725,0.12562647888208017,0.4377038093413202,0.0,0.0,0.0,0.14862002457071102
2015-02-20,0.0,0.0,0.0002105415359637174,0.0,0.0002105415359637174,0.30201629750107223,0.4318082380445198,0.0,0.0,0.0,0.16303863621421544
2015-02-21,0.0,0.0,0.0,0.0,0.0,0.3268065507112424,0.30708562692330776,0.0,0.0,0.0,0.21368687514521864
2015-02-22,0.0,0.0,0.0,0.0,0.0,0.05517464641894977,0.2443525972136785,0.0,0.0,0.0,0.14493804051513914
2015-02-23,0.0,0.0,0.5280169075151613,0.0,0.5280169075151613,0.037257498916995396,0.2331798004771274,0.0,0.0,0.0,0.1440157390024811
2015-02-24,0.0,0.0,0.0036673117946498645,0.0,0.0036673117946498645,0.16094508882661107,0.2556504584413059,0.0,0.0,0.0,0.15430346834063288
2015-02-25,12.751811408239707,0.0,0.11174450191938409,12.751811408239707,12.863555910159091,0.0,0.352623701626021,1.0,1.0,0.9913130939298727,0.27770962311600644
2015-02-26,13.36761639512325,3.168150920305102,0.00013135442382987867,16.53576731542835,13.36774774954708,0.4861043176554984,4.621416578903402,0.932697468929353,0.8532409100329134,0.9326883040392806,0.4702798230400384
2015-02-27,0.0,0.0,1.3084346322329392e-06,0.0,1.3084346322329392e-06,0.48046394213294674,9.63447309475808,0.0,0.0,0.0,0.8141509654982507
2015-02-28,0.0,0.0,0.0,0.0,0.0,0.4221287860294208,2.9074292517140234,0.0,0.0,0.0,0.6498904060961883
2015-03-01,0.6789914477208026,0.0,0.0,0.6789914477208026,0.6789914477208026,0.09393361885858252,0.7908390742807861,0.25863991081382387,0.25863991081382387,0.25863991081382387,0.6891932057750121
2015-03-02,0.0,0.0,0.0,0.0,0.0,0.31422334470312036,0.570432198376467,0.0,0.0,0.0,0.6361348401507784
2015-03-03,0.0,0.0,0.0,0.0,0.0,0.17466387800100172,0.4409945158846949,0.0,0.0,0.0,0.6196262374143248
2015-03-04,0.0,0.0,0.9215243956273645,0.0,0.9215243956273645,0.08811406422768414,0.3576089884925626,0.0,0.0,0.0,0.6061037101819279
2015-03-05,0.0,0.0,1.8777135970594045,0.0,1.8777135970594045,0.09678321921926512,0.3890349170225621,0.0,0.0,0.0,0.606968366126655
2015-03-06,0.0,0.0,1.7412866418422583,0.0,1.7412866418422583,0.17049111438673542,0.5017387456109655,0.0,0.0,0.0,0.5152879762211716
2015-03-07,0.0,0.0,1.4313139911142183,0.0,1.4313139911142183,0.443628093713747,1.3574149563168998,0.0,0.0,0.0,0.5820086614415337
2015-03-08,0.0,0.0,1.1194421369359435,0.0,1.1194421369359435,0.26421149220329815,1.3986332143051954,0.0,0.0,0.0,0.5510801415659107
2015-03-09,0.0,0.0,0.8863601452171632,0.0,0.8863601452171632,0.38379019985110696,1.2208194118338658,0.0,0.0,0.0,0.4594877532130903
2015-03-10,0.0,0.0,0.22332363256554127,0.0,0.22332363256554127,0.541118583271503,0.9697248327737912,0.0,0.0,0.0,0.3682018337540763
2015-03-11,0.0,0.0,0.2351267472353566,0.0,0.2351267472353566,0.2876819285682645,0.7036275674159982,0.0,0.0,0.0,0.32316724954284454
2015-03-12,0.0,0.0,0.25943635119504704,0.0,0.25943635119504704,0.25595524658875735,0.41497211466470935,0.0,0.0,0.0,0.29179702263797014
2015-03-13,12.769331584199568,0.0,0.11007372977186976,12.769331584199568,12.879405313971438,0.24237348144266335,0.40182453651585903,1.0,1.0,0.9914535083656026,0.3697630465851738
2015-03-14,17.932255979647156,0.0,0.003253754502098051,17.932255979647156,17.935509734149253,0.9299540442780109,4.5883249389145355,1.0,1.0,0.9998185858918801,0.44330065463502694
2015-03-15,0.00027312027842493297,0.0,1.92661731181988e-05,0.00027312027842493297,0.00029238645154313177,1.1008215532360068,11.862984742944171,0.00957925595606755,0.00957925595606755,0.008948051594103777,0.6744610126859495
2015-03-16,0.00010202578005414506,0.0,0.03409524631653125,0.00010202578005414506,0.03419727209658539,0.034589271332401327,3.5674196002207124,0.00322061191626409,0.00322061191626409,9.608527898964434e-06,0.6480986602707238
2015-03-17,0.0,0.0,0.041568700251459124,0.0,0.041568700251459124,0.5413488331314407,0.8765454314359634,0.0,0.0,0.0,0.665109502595072
2015-03-18,0.0,0.0,0.11658356503309192,0.0,0.11658356503309192,0.38363709546600516,0.46296513750744117,0.0,0.0,0.0,0.6667505921813973
2015-03-19,0.0,0.0,0.10491073214422704,0.0,0.10491073214422704,0.33014451415629303,0.34806720481458825,0.0,0.0,0.0,0.6423799016058988
2015-03-20,0.0002481149586970649,0.0,2.318964352424528e-05,0.0002481149586970649,0.0002713046022213102,0.9445999920435344,0.27958665040173586,0.0007432181345224824,0.0007432181345224824,0.000679691885947193,0.6561468543544179
2015-03-21,0.00013066536457788359,0.0,1.293751238685269e-07,0.00013066536457788359,0.0001307947397017521,0.5635448214146093,0.2365709684793342,0.0007432181345224824,0.0007432181345224824,0.0007424829831055795,0.6922989590206842
2015-03-22,9.159179334527286,0.22520966961321653,6.818584991667791e-08,9.384389004140502,9.159179402713136,0.25694103531654783,0.22238387758444253,0.9990090424873034,0.9746006166021239,0.9990090350501435,0.6582972886320859
2015-03-23,3.435958131350076,0.055495998113571206,1.390017646157609e-07,3.4914541294636474,3.4359582703518408,0.11524300229696616,1.2077606105460246,1.0,0.9888162489726284,0.9999999595449788,0.6498230922764408
2015-03-24,3.1231515444244464,0.0,0.0004169298313653955,3.1231515444244464,3.1235684742558116,0.009924319604971322,2.9549009781964757,0.9991742020727528,0.9991742020727528,0.9990408336081239,0.6657015972161237
2015-03-25,0.0,0.0,0.2851659781353101,0.0,0.2851659781353101,0.27704576178836504,2.4055486739215706,0.0,0.0,0.0,0.4464090566074513
2015-03-26,0.0,0.0,0.17982095333075387,0.0,0.17982095333075387,0.9529545278760511,1.5078740065778728,0.0,0.0,0.0,0.4910221286381858
2015-03-27,0.0,0.0,0.0016161822204299678,0.0,0.0016161822204299678,1.699119458406984,0.670327265923801,0.0,0.0,0.0,0.6268560321598645
2015-03-28,0.0,0.0,0.05787765264176028,0.0,0.05787765264176028,0.3178805123998259,0.3355875273016476,0.0,0.0,0.0,0.5106191484392679
2015-03-29,0.0,0.0,0.08105438404441678,0.0,0.08105438404441678,0.5909343550093691,0.20492731635645126,0.0,0.0,0.0,0.518326504740052
2015-03-30,0.0,0.0,3.148743395691303e-07,0.0,3.148743395691303e-07,1.1848870148175084,0.14548735148670253,0.0,0.0,0.0,0.4677460875464961
2015-03-31,0.0,0.0,1.3547548280769055e-11,0.0,1.3547548280769055e-11,0.7169834907119819,0.11311596108135175,0.0,0.0,0.0,0.46973230779449615
2015-04-01,0.0,0.0,1.6256031300940375e-09,0.0,1.6256031300940375e-09,0.3335341552266265,0.09262963009818123,0.0,0.0,0.0,0.456964088182043
2015-04-02,0.27365500238582574,0.0,0.0,0.27365500238582574,0.27365500238582574,0.573728861526773,0.07599270575453157,0.16235187249680003,0.16235187249680003,0.16235187249680003,0.6316241779750126
2015-04-03,0.0,0.0,0.0,0.0,0.0,0.6377585914852419,0.063137059249414,0.0,0.0,0.0,0.46869016809283154
2015-04-04,0.0,0.0,0.0,0.0,0.0,0.5198232804028298,0.05881877364302816,0.0,0.0,0.0,0.4536142693640169
2015-04-05,1.4494420360566262,0.0,0.0,1.4494420360566262,1.4494420360566262,0.1722865553814461,0.06946719583532562,0.6087782319666377,0.6087782319666377,0.6087782319666377,0.44952229556746853
2015-04-06,1.6264232465028021,0.019787678337575804,4.569362625981581e-10,1.646210924840378,1.6264232469597384,0.16677939868696884,0.08192702096889355,0.6084479127957388,0.6038202048044762,0.6084479126247981,0.4646281933671564
2015-04-07,1.7443484433906635,0.0,4.5045290773325363e-07,1.7443484433906635,1.7443488938435712,0.479962318685294,0.08885574537976158,0.9967793880837359,0.9967793880837359,0.9967791306798557,0.5813848768831866
2015-04-08,0.0,0.0,1.3766862681501454e-05,0.0,1.3766862681501454e-05,0.7659585650923257,0.258387790278235,0.0,0.0,0.0,0.4719184303029003
2015-04-09,8.28225489432104e-06,0.0,0.002397393515672754,8.28225489432104e-06,0.002405675770567075,0.6653031788314288,0.31487554108503857,0.0007432181345224824,0.0007432181345224824,2.5587496484391077e-06,0.42652843522303147
2015-04-10,1.9457018804861568e-05,4.8908709018002485e-05,0.0,6.836572782286406e-05,1.9457018804861568e-05,0.847287240059304,0.19996037444082315,0.0007432181345224824,0.0003922474950277442,0.0007432181345224824,0.43084835036288943
2015-04-11,0.0,0.0,0.0,0.0,0.0,0.5634928170120664,0.11587360877066585,0.0,0.0,0.0,0.44160650135517227
2015-04-12,0.0,0.0,2.677225103288322e-07,0.0,2.677225103288322e-07,0.5282152614097139,0.07076276125165662,0.0,0.0,0.0,0.4385495807896343
2015-04-13,0.0,0.0,0.0,0.0,0.0,0.7121904196593409,0.04878684222923703,0.0,0.0,0.0,0.4459124318830678
2015-04-14,0.0,0.0,0.0,0.0,0.0,0.6074707421783896,0.034952596081583555,0.0,0.0,0.0,0.4340412007991079
2015-04-15,0.0,0.0,0.05650551316090029,0.0,0.05650551316090029,0.6591609379007763,0.030626673389588174,0.0,0.0,0.0,0.42326021539591036
2015-04-16,0.0,0.0,0.08887205232124722,0.0,0.08887205232124722,0.8235916528099922,0.032974297982549694,0.0,0.0,0.0,0.4228798624995583
2015-04-17,0.0,0.0,0.05268924473503937,0.0,0.05268924473503937,1.0970558518458096,0.03400493402461104,0.0,0.0,0.0,0.43339969243463344
2015-04-18,0.0,0.0,0.03793338082771732,0.0,0.03793338082771732,0.938625990925661,0.028942567021233982,0.0,0.0,0.0,0.4187328649374027
2015-04-19,0.0,0.0,0.018361250066676063,0.0,0.018361250066676063,1.0499538121974492,0.021132019126844332,0.0,0.0,0.0,0.4136045531960206
2015-04-20,0.0,0.0,0.0038395727750008555,0.0,0.0038395727750008555,1.327657258907683,0.012148087095217081,0.0,0.0,0.0,0.41173037226629683
2015-04-21,0.0,0.0,3.613157487407543e-07,0.0,3.613157487407543e-07,0.9761626323416004,0.005823210442799658,0.0,0.0,0.0,0.4109726060604137
2015-04-22,0.0,0.0,1.3706063995766984e-06,0.0,1.3706063995766984e-06,0.5541423049948767,0.004447500037462537,0.0,0.0,0.0,0.3658350382440114
2015-04-23,9.655728698261999e-05,0.0,0.0,9.655728698261999e-05,9.655728698261999e-05,0.5442129193874562,0.004512983250052603,0.0007432181345224824,0.0007432181345224824,0.0007432181345224824,0.3783653571607866
2015-04-24,0.0,0.0,0.0,0.0,0.0,0.47394348456971674,0.00418931714311509,0.0,0.0,0.0,0.3571263810951739
2015-04-25,0.0,0.0,1.1226962426373959e-08,0.0,1.1226962426373959e-08,0.785069366691981,0.00406846772557069,0.0,0.0,0.0,0.37119984340619605
2015-04-26,0.0,0.0,0.004222947943459197,0.0,0.004222947943459197,0.7013340462294092,0.0035915740656852946,0.0,0.0,0.0,0.23855860151700506
2015-04-27,0.0,0.0,0.0017890638988474418,0.0,0.0017890638988474418,1.1920865300604597,0.002941846270641313,0.0,0.0,0.0,0.25758939861527136
2015-04-28,0.0,0.0,4.254137435443211e-06,0.0,4.254137435443211e-06,0.9190977465089324,0.001581368411524831,0.0,0.0,0.0,0.3136698555648793
2015-04-29,0.0,0.0,0.0008763341172298221,0.0,0.0008763341172298221,0.9163084088945848,0.0015309504769578902,0.0,0.0,0.0,0.25956604408846656
2015-04-30,0.0,0.0,0.0010047584164307706,0.0,0.0010047584164307706,0.8905779322723566,0.001931733291680125,0.0,0.0,0.0,0.23730524559062358
2015-05-01,0.0,0.0,0.00034005269083678505,0.0,0.00034005269083678505,1.1104404361771048,0.0015385328463041667,0.0,0.0,0.0,0.3135721757764316
2015-05-02,0.0,0.0,0.00021559758304095437,0.0,0.00021559758304095437,1.1351945257960088,0.0009946619547174672,0.0,0.0,0.0,0.2991887795403788
2015-05-03,0.0,0.0,0.00010083006303955076,0.0,0.00010083006303955076,1.2369526742274937,0.0009092284593639343,0.0,0.0,0.0,0.291494110514684
2015-05-04,0.0,0.0,1.5047125735053313e-12,0.0,1.5047125735053313e-12,0.8213980895644963,0.0006502670787403424,0.0,0.0,0.0,0.2292295748462365
2015-05-05,0.027190906981475665,0.0,9.266283963077112e-11,0.027190906981475665,0.027190907074138505,0.6792791744384628,0.000646081647854653,0.0499194847020934,0.0499194847020934,0.049919484531974714,0.2585327909671607
2015-05-06,0.0,0.0,3.643153583895459e-05,0.0,3.643153583895459e-05,0.8845476218433256,0.0007847732694580257,0.0,0.0,0.0,0.23565521199290929
2015-05-07,0.0,0.0,5.602965697544056e-05,0.0,5.602965697544056e-05,0.9611509233926866,0.0008231602180691005,0.0,0.0,0.0,0.23342638482482592
2015-05-08,0.0,0.0,2.6976162851118296e-05,0.0,2.6976162851118296e-05,1.2138845293765033,0.0006644856818225954,0.0,0.0,0.0,0.33930302483268787
2015-05-09,0.0,0.0,1.1012396881510597e-05,0.0,1.1012396881510597e-05,1.1245449238294887,0.00044109861531899846,0.0,0.0,0.0,0.2394453538834406
2015-05-10,13.875947017378483,0.0,3.517663233258644e-06,13.875947017378483,13.875950535041715,0.532249879903392,0.006146719909325947,1.0,1.0,0.999999746492089,0.401969284369033
2015-05-11,18.62394210224782,0.0,1.4720932291250765e-07,18.62394210224782,18.623942249457144,0.6690037168052251,0.06811254077155099,1.0,1.0,0.9999999920956948,0.414469160686171
2015-05-12,10.71401635062929,0.0,0.0,10.71401635062929,10.71401635062929,0.3512679605978616,0.14125739274634916,1.0,1.0,1.0,0.3444853556420986
2015-05-13,0.009236354900325554,0.0,0.0,0.009236354900325554,0.009236354900325554,0.5798857632499186,1.8644768513444294,0.0499194847020934,0.0499194847020934,0.0499194847020934,0.4204093234948953
2015-05-14,0.0,0.0,0.0,0.0,0.0,1.0090467000001324,1.5685003474792811,0.0,0.0,0.0,0.32633559370890514
2015-05-15,0.0,0.0,0.0,0.0,0.0,0.9195476580184068,0.5018562754710758,0.0,0.0,0.0,0.31711558810933654
2015-05-16,0.0,0.0,0.0,0.0,0.0,1.3560514462139142,0.18701185659548492,0.0,0.0,0.0,0.3275166880602118
2015-05-17,0.0,0.0,0.0,0.0,0.0,1.0585371890559563,0.08489200519519095,0.0,0.0,0.0,0.3258210909678236
2015-05-18,0.0,0.0,0.0,0.0,0.0,1.5210753268528212,0.04505883648948412,0.0,0.0,0.0,0.3481364231339598
2015-05-19,0.0,0.0,0.0,0.0,0.0,1.4304028918006944,0.02073550317506038,0.0,0.0,0.0,0.3408921899528364
2015-05-20,7.819536605707145,0.0,0.0,7.819536605707145,7.819536605707145,1.0070361219086552,0.024932054947213716,1.0,1.0,1.0,0.40082984825473367
2015-05-21,5.950228215339916,0.0,0.0,5.950228215339916,5.950228215339916,1.3526834807410066,0.06289791649271703,1.0,1.0,1.0,0.4054041335524739
2015-05-22,9.547651830270581,0.0,0.0,9.547651830270581,9.547651830270581,0.7532650969362402,0.11870075093376749,1.0,1.0,1.0,0.15588951242880927
2015-05-23,0.0,0.0,0.0,0.0,0.0,2.3832854210588215,2.0981341668273106,0.0,0.0,0.0,0.4129334101213546
2015-05-24,0.0,0.0,0.0,0.0,0.0,1.8745304701153573,1.4388682719309411,0.0,0.0,0.0,0.3843826530333205
2015-05-25,2.263711203432819,0.0,0.0,2.263711203432819,2.263711203432819,1.466734272331887,0.37234227173975526,0.7081217226144763,0.7081217226144763,0.7081217226144763,0.370911746668766
2015-05-26,0.0,0.0,0.0,0.0,0.0,1.6891410367384374,0.12663242031450056,0.0,0.0,0.0,0.36607818296061795
2015-05-27,0.10201634615983468,0.0,0.0,0.10201634615983468,0.10201634615983468,1.7290547258969826,0.04987492489154951,0.0499194847020934,0.0499194847020934,0.04991948470209339,0.36221815696989196
2015-05-28,0.0005483885839442445,0.0,0.0,0.0005483885839442445,0.0005483885839442445,1.804566720488317,0.026924955467503568,0.00322061191626409,0.00322061191626409,0.00322061191626409,0.3592182291639087
2015-05-29,0.0,0.0,0.0,0.0,0.0,2.083996344542125,0.016927302366825662,0.0,0.0,0.0,0.37303172603284934
2015-05-30,0.009423195578289016,0.0,0.0,0.009423195578289016,0.009423195578289016,1.9575382089041078,0.010981495665874273,0.04983690490936868,0.04983690490936868,0.04983690490936868,0.3972671337908629
2015-05-31,0.42995234389328363,0.0,0.0,0.42995234389328363,0.42995234389328363,1.9776591969289499,0.00835359467310193,0.039597010611503364,0.039597010611503364,0.039597010611503364,0.42510291156826846
2015-06-01,0.0,0.0,0.0,0.0,0.0,0.9619207081204586,0.0155344266180125,0.0,0.0,0.0,0.4053564745953637
2015-06-02,0.0,0.0,0.0,0.0,0.0,0.9761720213675511,0.0041577702984809785,0.0,0.0,0.0,0.3588351550623947
2015-06-03,0.0,0.0,0.0,0.0,0.0,1.658236822068971,0.003916503281215711,0.0,0.0,0.0,0.3539169817128376
2015-06-04,0.0,0.0,0.0,0.0,0.0,1.8334405570655408,0.002876156521659155,0.0,0.0,0.0,0.4171634938063781
2015-06-05,0.0,0.0,0.0,0.0,0.0,2.180967441811147,0.0020028120266134372,0.0,0.0,0.0,0.2531031124600695
2015-06-06,0.0,0.0,0.0,0.0,0.0,2.415257129989502,0.001347963402505722,0.0,0.0,0.0,0.23544025928899873
2015-06-07,0.0,0.0,0.0,0.0,0.0,2.624086652913565,0.0009230844570928289,0.0,0.0,0.0,0.18460968733436958
2015-06-08,0.0,0.0,0.0,0.0,0.0,2.6471374696634014,0.0006204412544051805,0.0,0.0,0.0,0.2490912581342779
2015-06-09,0.0,0.0,0.0,0.0,0.0,2.3579777246186993,0.00042869340919743127,0.0,0.0,0.0,0.26369427553566244
2015-06-10,0.0,0.0,0.0,0.0,0.0,2.1509226064283022,0.0002718107711686214,0.0,0.0,0.0,0.19751507625805934
2015-06-11,0.0,0.0,0.0,0.0,0.0,1.7268945909944107,0.00015575790260418288,0.0,0.0,0.0,0.3333333333333333
2015-06-12,0.0,0.0,0.0,0.0,0.0,1.8096666310143101,6.14927214697648e-05,0.0,0.0,0.0,0.32410368644653104
2015-06-13,0.0,0.0,0.0,0.0,0.0,1.6618553590189695,0.00011275705853574958,0.0,0.0,0.0,0.1542650829155927
2015-06-14,0.0,0.0,0.0,0.0,0.0,1.7706466564252932,0.00013641232834323556,0.0,0.0,0.0,0.17043349987370207
2015-06-15,0.0,0.0,0.0,0.0,0.0,1.880106562224411,8.110287753215974e-05,0.0,0.0,0.0,0.16124934715564992
2015-06-16,0.0,0.0,0.0,0.0,0.0,1.971858658499782,3.672996736624756e-05,0.0,0.0,0.0,0.16666666666666666
2015-06-17,0.0,0.0,0.0,0.0,0.0,1.7320837240578784,2.4432414400592305e-05,0.0,0.0,0.0,0.09518676809987502
2015-06-18,0.0,0.0,0.0,0.0,0.0,1.4033839149251854,1.472122201990631e-05,0.0,0.0,0.0,0.0
2015-06-19,0.0,0.0,0.0,0.0,0.0,1.714022451030971,0.0,0.0,0.0,0.0,0.0
2015-06-20,0.0,0.0,0.0,0.0,0.0,1.3955012966700064,2.781610418622117e-05,0.0,0.0,0.0,0.06742318587551165
2015-06-21,0.0,0.0,0.0,0.0,0.0,1.7186053520391595,3.8943888449706135e-05,0.0,0.0,0.0,0.16666666666666666
2015-06-22,0.0,0.0,0.0,0.0,0.0,1.7848475013765805,2.876451550044984e-06,0.0,0.0,0.0,0.16666666666666666
2015-06-23,0.0,0.0,0.0,0.0,0.0,1.336067337388037,2.5595590793551404e-05,0.0,0.0,0.0,0.06609594366778024
2015-06-24,0.0,0.0,0.0,0.0,0.0,2.1713458177823566,3.055063807622933e-05,0.0,0.0,0.0,0.16278797120437558
2015-06-25,0.0,0.0,0.0,0.0,0.0,2.237744487943696,1.526347939975607e-05,0.0,0.0,0.0,0.06184987660841306
2015-06-26,0.0,0.0,0.0,0.0,0.0,2.3790371321537127,1.7862114666456237e-05,0.0,0.0,0.0,0.1215070158037549
2015-06-27,0.0,0.0,0.0,0.0,0.0,2.4485634235648948,1.5168401300730328e-06,0.0,0.0,0.0,0.0
2015-06-28,0.0,0.0,0.0,0.0,0.0,2.2341158553059888,0.0,0.0,0.0,0.0,0.0
2015-06-29,0.0,0.0,0.0,0.0,0.0,2.1666033642117255,0.0,0.0,0.0,0.0,0.0
2015-06-30,0.0,0.0,0.0,0.0,0.0,2.2448717070540187,0.0,0.0,0.0,0.0,0.0
2015-07-01,0.0,0.0,0.0,0.0,0.0,2.2708431069404527,0.0,0.0,0.0,0.0,0.0
2015-07-02,0.0,0.0,0.0,0.0,0.0,2.0812195554496626,0.0,0.0,0.0,0.0,0.0
2015-07-03,0.0,0.0,0.0,0.0,0.0,2.1378774558470854,0.0,0.0,0.0,0.0,0.0
2015-07-04,0.0,0.0,0.0,0.0,0.0,2.257151979870452,0.0,0.0,0.0,0.0,0.0
2015-07-05,0.0,0.0,0.0,0.0,0.0,2.1175198684033414,0.0,0.0,0.0,0.0,0.0
2015-07-06,0.0,0.0,0.0,0.0,0.0,1.9729485939299447,0.0,0.0,0.0,0.0,0.0
2015-07-07,0.0,0.0,0.0,0.0,0.0,1.8328499920426207,0.0,0.0,0.0,0.0,0.0
2015-07-08,0.0,0.0,0.0,0.0,0.0,2.0109205109547283,0.0,0.0,0.0,0.0,0.0
2015-07-09,0.0,0.0,0.0,0.0,0.0,1.7414354953121993,0.0,0.0,0.0,0.0,0.0
2015-07-10,0.0,0.0,0.0,0.0,0.0,1.079807793789316,0.0,0.0,0.0,0.0,0.0
2015-07-11,0.0,0.0,0.0,0.0,0.0,1.1997177398904966,0.0,0.0,0.0,0.0,0.0
2015-07-12,0.0,0.0,0.0,0.0,0.0,1.0986057564140819,0.0,0.0,0.0,0.0,0.0
2015-07-13,0.0,0.0,0.0,0.0,0.0,1.4456002851216223,0.0,0.0,0.0,0.0,0.0
2015-07-14,0.0,0.0,0.0,0.0,0.0,1.359796447981254,0.0,0.0,0.0,0.0,0.0
2015-07-15,0.0,0.0,0.0,0.0,0.0,1.1556558939307804,0.0,0.0,0.0,0.0,0.0
2015-07-16,0.0,0.0,0.0,0.0,0.0,1.3985630695843148,0.0,0.0,0.0,0.0,0.0
2015-07-17,0.0,0.0,0.0,0.0,0.0,1.6116355704535201,0.0,0.0,0.0,0.0,0.0
2015-07-18,0.0,0.0,0.0,0.0,0.0,1.6688378042791254,0.0,0.0,0.0,0.0,0.0
2015-07-19,0.0,0.0,0.0,0.0,0.0,1.6242047533403563,0.0,0.0,0.0,0.0,0.0
2015-07-20,0.0,0.0,0.0,0.0,0.0,1.432418363146183,0.0,0.0,0.0,0.0,0.0
2015-07-21,0.0,0.0,0.0,0.0,0.0,1.2304710265957137,0.0,0.0,0.0,0.0,0.0
2015-07-22,0.0,0.0,0.0,0.0,0.0,1.170517516985243,0.0,0.0,0.0,0.0,0.0
2015-07-23,0.0,0.0,0.0,0.0,0.0,1.1460491100415269,0.0,0.0,0.0,0.0,0.0
2015-07-24,0.0,0.0,0.0,0.0,0.0,0.6465726363673017,0.0,0.0,0.0,0.0,0.0
2015-07-25,0.0,0.0,0.0,0.0,0.0,0.7813929839932962,0.0,0.0,0.0,0.0,0.0
2015-07-26,0.0,0.0,0.0,0.0,0.0,0.7746519828725744,0.0,0.0,0.0,0.0,0.0
2015-07-27,0.0,0.0,0.0,0.0,0.0,1.1432826178702542,0.0,0.0,0.0,0.0,0.0
2015-07-28,0.0,0.0,0.0,0.0,0.0,1.4069242513875786,0.0,0.0,0.0,0.0,0.0
2015-07-29,0.0,0.0,0.0,0.0,0.0,1.5583003042074954,0.0,0.0,0.0,0.0,0.0
2015-07-30,0.0,0.0,0.0,0.0,0.0,1.738440291907551,0.0,0.0,0.0,0.0,0.0
2015-07-31,0.0,0.0,0.0,0.0,0.0,1.7503846034404213,0.0,0.0,0.0,0.0,0.0
2015-08-01,0.0,0.0,0.0,0.0,0.0,1.6723666362942453,0.0,0.0,0.0,0.0,0.0
2015-08-02,0.0,0.0,0.0,0.0,0.0,1.105714705026416,0.0,0.0,0.0,0.0,0.0
2015-08-03,0.0,0.0,0.0,0.0,0.0,1.1048120017400636,0.0,0.0,0.0,0.0,0.0
2015-08-04,0.0,0.0,0.0,0.0,0.0,1.0661215232656043,0.0,0.0,0.0,0.0,0.0
2015-08-05,0.0,0.0,0.0,0.0,0.0,1.0333589748661385,0.0,0.0,0.0,0.0,0.0
2015-08-06,0.0,0.0,0.0,0.0,0.0,1.0796968712890038,0.0,0.0,0.0,0.0,0.0
2015-08-07,0.0,0.0,0.0,0.0,0.0,1.0058462285709253,0.0,0.0,0.0,0.0,0.0
2015-08-08,0.0,0.0,0.0,0.0,0.0,1.1031088992661497,0.0,0.0,0.0,0.0,0.0
2015-08-09,0.0,0.0,0.0,0.0,0.0,0.9773252932426153,0.0,0.0,0.0,0.0,0.0
2015-08-10,0.0,0.0,0.0,0.0,0.0,1.1124665719463185,0.0,0.0,0.0,0.0,0.0
2015-08-11,0.0,0.0,0.0,0.0,0.0,1.1338316248169695,0.0,0.0,0.0,0.0,0.0
2015-08-12,0.0,0.0,0.0,0.0,0.0,1.2310122737705262,0.0,0.0,0.0,0.0,0.0
2015-08-13,0.0,0.0,0.0,0.0,0.0,0.8888612815494004,0.0,0.0,0.0,0.0,0.0
2015-08-14,0.0,0.0,0.0,0.0,0.0,0.593416754505689,0.0,0.0,0.0,0.0,0.0
2015-08-15,0.0,0.0,0.0,0.0,0.0,0.7447274284452287,0.0,0.0,0.0,0.0,0.0
2015-08-16,0.0,0.0,0.0,0.0,0.0,0.8130572783569067,0.0,0.0,0.0,0.0,0.0
2015-08-17,0.0,0.0,0.0,0.0,0.0,0.9073264138413419,0.0,0.0,0.0,0.0,0.0
2015-08-18,0.0,0.0,0.0,0.0,0.0,0.9979689326807056,0.0,0.0,0.0,0.0,0.0
2015-08-19,0.0,0.0,0.0,0.0,0.0,0.821795811108654,0.0,0.0,0.0,0.0,0.0
2015-08-20,0.0,0.0,0.0,0.0,0.0,0.4796867189852784,0.0,0.0,0.0,0.0,0.0
2015-08-21,0.0,0.0,0.0,0.0,0.0,0.6608239492640873,0.0,0.0,0.0,0.0,0.0
2015-08-22,0.0,0.0,0.0,0.0,0.0,0.684416112154629,0.0,0.0,0.0,0.0,0.0
2015-08-23,0.0,0.0,0.0,0.0,0.0,0.6733009778768196,0.0,0.0,0.0,0.0,0.0
2015-08-24,0.0,0.0,0.0,0.0,0.0,0.7593482062969454,0.0,0.0,0.0,0.0,0.0
2015-08-25,0.0,0.0,0.0,0.0,0.0,0.7083332164125321,0.0,0.0,0.0,0.0,0.0
2015-08-26,0.0,0.0,0.0,0.0,0.0,0.6157514183136257,0.0,0.0,0.0,0.0,0.0
2015-08-27,0.0,0.0,0.0,0.0,0.0,0.33987703976348116,0.0,0.0,0.0,0.0,0.0
2015-08-28,4.65934672335945,0.0,0.0,4.65934672335945,4.65934672335945,0.22717593953413942,0.0,1.0,1.0,1.0,0.0
2015-08-29,5.550961967439643,0.0,0.0,5.550961967439643,5.550961967439643,0.15755794345736168,0.00038474275710723133,1.0,1.0,1.0,0.0
2015-08-30,0.0,0.0,0.0,0.0,0.0,0.31378386923134294,0.0006763828385543517,0.0,0.0,0.0,0.0
2015-08-31,6.376611158365157e-05,0.0,0.0,6.376611158365157e-05,6.376611158365157e-05,0.41824812252005256,4.1075473982481447e-05,0.00322061191626409,0.00322061191626409,0.00322061191626409,0.0
2015-09-01,0.0,0.0,0.0,0.0,0.0,0.286434921890785,5.941306599019244e-06,0.0,0.0,0.0,0.0
2015-09-02,0.0,0.0,0.0,0.0,0.0,0.4220394395949013,0.0,0.0,0.0,0.0,0.0
2015-09-03,1.1052099845945693e-05,0.0,0.0,1.1052099845945693e-05,1.1052099845945693e-05,0.32727472669748414,0.0,0.0007432181345224824,0.0007432181345224824,0.0007432181345224825,0.0
2015-09-04,0.0,0.0,0.0,0.0,0.0,0.12229542290397133,5.69440559592827e-06,0.0,0.0,0.0,0.0
2015-09-05,0.0,0.0,0.0,0.0,0.0,0.2857813160589918,1.943765937207631e-05,0.0,0.0,0.0,0.0
2015-09-06,0.0,0.0,0.0,0.0,0.0,0.30167516123373955,2.077991190645444e-05,0.0,0.0,0.0,0.0
2015-09-07,0.0,0.0,0.0,0.0,0.0,0.4336802979815275,3.51241697579507e-05,0.0,0.0,0.0,0.0
2015-09-08,0.0,0.0,0.0,0.0,0.0,0.5250591419607374,2.703775728048964e-05,0.0,0.0,0.0,0.0
2015-09-09,0.0,0.0,0.0,0.0,0.0,0.5905969317453577,3.118237925060737e-05,0.0,0.0,0.0,0.0
2015-09-10,0.0,0.0,0.0,0.0,0.0,0.6137650850006499,1.5165058273901075e-05,0.0,0.0,0.0,0.0
2015-09-11,0.0,0.0,0.0,0.0,0.0,0.6403316337257253,5.432868747400523e-06,0.0,0.0,0.0,0.0
2015-09-12,0.0,0.0,0.0,0.0,0.0,0.6377867040904762,6.938151187512196e-07,0.0,0.0,0.0,0.0
2015-09-13,0.0,0.0,0.0,0.0,0.0,0.18767257917285485,0.0,0.0,0.0,0.0,0.0
2015-09-14,0.0,0.0,0.0,0.0,0.0,0.18562240862825088,0.0,0.0,0.0,0.0,0.0
2015-09-15,2.5613312923658196,0.0,0.0,2.5613312923658196,2.5613312923658196,0.08262999378721893,0.0,1.0,1.0,1.0,0.0
2015-09-16,0.0,0.0,0.0,0.0,0.0,0.020578391792131005,3.668581475859178e-05,0.0,0.0,0.0,0.0
2015-09-17,0.0,0.0,0.0,0.0,0.0,0.22474244700993137,5.192856489528924e-05,0.0,0.0,0.0,0.0
2015-09-18,0.0,0.0,0.0,0.0,0.0,0.2339672747367314,4.267674644399959e-05,0.0,0.0,0.0,0.0
2015-09-19,0.0,0.0,0.0,0.0,0.0,0.10162716865878475,5.504601837819404e-05,0.0,0.0,0.0,0.0
2015-09-20,0.0,0.0,0.0,0.0,0.0,0.3164868398049082,3.553729089995174e-05,0.0,0.0,0.0,0.0
2015-09-21,0.0,0.0,0.0,0.0,0.0,0.36031465949248714,1.3603029294026927e-06,0.0,0.0,0.0,0.0
2015-09-22,0.0,0.0,0.0,0.0,0.0,0.31168841411255116,0.0,0.0,0.0,0.0,0.0
2015-09-23,0.0,0.0,0.0,0.0,0.0,0.20376300210466539,2.7691585951303103e-05,0.0,0.0,0.0,0.0
2015-09-24,0.0,0.0,0.0,0.0,0.0,0.15283543016252962,4.678255310274065e-05,0.0,0.0,0.0,0.0
2015-09-25,0.0,0.0,0.0,0.0,0.0,0.21264973881739568,2.4105330877284353e-05,0.0,0.0,0.0,0.0
2015-09-26,0.0,0.0,0.0,0.0,0.0,0.2500988861212596,5.019417795863764e-06,0.0,0.0,0.0,0.0
2015-09-27,0.0,0.0,0.0,0.0,0.0,0.14573418626265802,1.3514742526938642e-05,0.0,0.0,0.0,0.0
2015-09-28,0.0,0.0,0.0,0.0,0.0,0.12208564642802257,5.73446457546869e-05,0.0,0.0,0.0,0.0
2015-09-29,0.0,0.0,0.0,0.0,0.0,0.15083476950086178,6.171623427221993e-05,0.0,0.0,0.0,0.0
2015-09-30,0.0,0.0,0.0,0.0,0.0,0.20418720808274624,4.6259140469082735e-05,0.0,0.0,0.0,0.0
2015-10-01,0.26158920646107287,0.0,0.0,0.26158920646107287,0.26158920646107287,0.1669845164974315,0.0001026580064619851,0.12605805359428549,0.12605805359428549,0.12605805359428549,0.0
2015-10-02,0.0,0.0,0.0,0.0,0.0,0.06173199570916048,0.00046726621341023716,0.0,0.0,0.0,0.0
2015-10-03,0.0,0.0,0.0,0.0,0.0,0.07198101967940172,5.7082585534213455e-05,0.0,0.0,0.0,0.0
2015-10-04,0.0,0.0,0.0,0.0,0.0,0.09386345318940308,4.0455441045114714e-05,0.0,0.0,0.0,0.0
2015-10-05,0.0,0.0,0.0,0.0,0.0,0.03797754111585013,4.898598679839394e-05,0.0,0.0,0.0,0.0
2015-10-06,2.438729736043553,0.0,0.0,2.438729736043553,2.438729736043553,0.00033276907816852353,0.00020743583983230551,1.0,1.0,1.0,0.0
2015-10-07,0.0,0.0,0.0,0.0,0.0,0.0004444298875437314,0.00035304572158210366,0.0,0.0,0.0,0.0
2015-10-08,0.0,0.0,0.0,0.0,0.0,0.005065414161161908,0.0001141533895934328,0.0,0.0,0.0,0.0
2015-10-09,6.462453608546712,0.0,0.0,6.462453608546712,6.462453608546712,0.06332587605015337,0.0014883605077172515,0.8787728642801107,0.8787728642801107,0.8787728642801107,0.0
2015-10-10,3.9534989485924475e-05,0.0,0.0,3.9534989485924475e-05,3.9534989485924475e-05,0.09336167868119523,0.0022821599892713074,0.00322061191626409,0.00322061191626409,0.00322061191626409,0.0
2015-10-11,0.0,0.0,0.0,0.0,0.0,0.0062738698766285385,7.441362712326618e-05,0.0,0.0,0.0,0.0
2015-10-12,0.0,0.0,0.0,0.0,0.0,0.03045833036686473,9.034041019357456e-05,0.0,0.0,0.0,0.0
2015-10-13,0.0,0.0,0.0,0.0,0.0,0.046273309909457085,4.375701327711169e-05,0.0,0.0,0.0,0.0
2015-10-14,0.0,0.0,0.0,0.0,0.0,0.022364349680473357,5.275791588948631e-05,0.0,0.0,0.0,0.0
2015-10-15,0.0,0.0,0.0,0.0,0.0,0.0024726518970060074,7.919043162824521e-05,0.0,0.0,0.0,0.0
2015-10-16,0.0,0.0,0.0,0.0,0.0,0.01561367993992561,8.03099787600965e-05,0.0,0.0,0.0,0.0
2015-10-17,4.3176319815582955,0.0,0.0,4.3176319815582955,4.3176319815582955,0.02726462983413651,0.00029437654348674774,1.0,1.0,1.0,0.0
2015-10-18,0.0,0.0,0.0,0.0,0.0,0.0,0.0007924053700831557,0.0,0.0,0.0,0.0
2015-10-19,0.0,0.0,0.0,0.0,0.0,0.0235917591479868,0.00012737108896440527,0.0,0.0,0.0,0.0
2015-10-20,0.0,0.0,0.0,0.0,0.0,0.013181940358320514,5.738021536634098e-05,0.0,0.0,0.0,0.0
2015-10-21,0.0,0.0,0.0,0.0,0.0,0.020557400821795007,5.180834020253639e-05,0.0,0.0,0.0,0.0
2015-10-22,0.0,0.0,0.0,0.0,0.0,0.006334098757349924,4.352683393357217e-05,0.0,0.0,0.0,0.0
2015-10-23,0.0,0.0,0.0,0.0,0.0,0.0014859887737088844,4.971175251787146e-05,0.0,0.0,0.0,0.0
2015-10-24,4.096855044118084,0.0,0.0,4.096855044118084,4.096855044118084,0.0033971316957547887,0.0003341231684167141,1.0,1.0,1.0,0.0
2015-10-25,2.3283412865376896,0.0,0.0,2.3283412865376896,2.3283412865376896,0.010025604351668016,0.0017130283994815543,1.0,1.0,1.0,0.0
2015-10-26,0.0,0.0,0.0,0.0,0.0,0.002781068669986832,0.0007963810014237274,0.0,0.0,0.0,0.0
2015-10-27,3.995469117175718,0.0,0.0,3.995469117175718,3.995469117175718,0.0002789489338380602,0.0011389308169575474,1.0,1.0,1.0,0.0
2015-10-28,5.228370214357415,0.0,0.0,5.228370214357415,5.228370214357415,1.444051149122177e-10,0.0042104756074741925,1.0,1.0,1.0,0.16137588746046597
2015-10-29,19.775304160588778,0.0,0.0,19.775304160588778,19.775304160588778,0.0,0.024658388889766614,1.0,1.0,1.0,0.16182004442844547
2015-10-30,27.521994243663375,0.0,0.0,27.521994243663375,27.521994243663375,0.12620710530812818,0.07469639673597339,1.0,1.0,1.0,0.16666666666666666
2015-10-31,19.968373120581443,0.0,0.0,19.968373120581443,19.968373120581443,0.48163044361264473,0.1437849532302074,1.0,1.0,1.0,0.16666666666666666
2015-11-01,0.0003075542164066617,0.0,0.0,0.0003075542164066617,0.0003075542164066617,0.1676315210163273,0.06682552061050528,0.00966183574879227,0.00966183574879227,0.00966183574879227,0.16666666666666666
2015-11-02,0.0,0.0,0.0,0.0,0.0,0.12913075261434045,0.0013417365275656542,0.0,0.0,0.0,0.0
2015-11-03,0.0,0.0,0.0,0.0,0.0,0.0314814461747095,0.0008880105570235893,0.0,0.0,0.0,0.0
2015-11-04,1.8371704898488688e-05,0.0,0.0,1.8371704898488688e-05,1.8371704898488688e-05,0.0,0.0008378295422079216,0.0007432181345224824,0.0007432181345224824,0.0007432181345224824,0.0
2015-11-05,0.0,0.0,4.246525002163218e-06,0.0,4.246525002163218e-06,0.0017333605657039253,0.0007430917654341676,0.0,0.0,0.0,0.0
2015-11-06,2.068978656373181,0.0,8.358220245211126e-06,2.068978656373181,2.0689870145934264,0.001867034741760319,0.0014268618918403017,1.0,1.0,0.9999959602355228,0.0
2015-11-07,5.998138363768979,0.0,6.225799810847483e-07,5.998138363768979,5.998138986348961,0.03766096522177924,0.006034882592149142,1.0,1.0,0.9999998962044756,0.16665441779654988
2015-11-08,0.0,0.0,0.0,0.0,0.0,0.10792991420553431,0.0072032227647248655,0.0,0.0,0.0,0.0
2015-11-09,0.0,0.0,0.0,0.0,0.0,0.07569279308108877,0.000907976195395548,0.0,0.0,0.0,0.0
2015-11-10,0.0,0.0,0.0,0.0,0.0,0.0035490577912419847,0.0008497956549064843,0.0,0.0,0.0,0.0
2015-11-11,0.0001945920764520491,0.00021451383024137275,0.0,0.00040910590669342183,0.0001945920764520491,0.020004662835968332,0.0009046463608857862,0.0007432181345224824,0.000448073888886921,0.0007432181345224824,0.0
2015-11-12,0.0,0.0,0.00019096294341472978,0.0,0.00019096294341472978,0.0,0.0009084027546541509,0.0,0.0,0.0,0.0
2015-11-13,0.0,0.0,0.00012290345173563298,0.0,0.00012290345173563298,0.004022604427468714,0.0008602430224017785,0.0,0.0,0.0,0.0
2015-11-14,0.0,0.0,0.0,0.0,0.0,0.0891224128171571,0.0004753873676372915,0.0,0.0,0.0,0.0
2015-11-15,0.002327894476362902,5.639489564337621,0.0,5.641817458813984,0.002327894476362902,0.014399765377197988,0.0003680687227189705,0.0072257318634130225,0.00034408937603796835,0.007225731863413022,0.0
2015-11-16,30.246555816491664,0.23233765526847394,0.12372499341165386,30.478893471760138,30.370280809903317,0.0,0.07069931787378668,1.0,0.9955178471791476,0.9959261162520662,0.16002581239156
2015-11-17,3.6678450496276804,4.661527483809308,0.0,8.329372533436988,3.6678450496276804,0.11079222464589104,1.5134597917108026,0.6403237127874809,0.5137826625532965,0.6403237127874809,0.41497710087174916
2015-11-18,1.0776200927670785,5.947946621000124,0.0,7.025566713767203,1.0776200927670785,0.03074432227730954,3.027324105239986,0.2603327965646806,0.20772537168318006,0.2603327965646806,0.3448657312791567
2015-11-19,0.0,0.0,0.0,0.0,0.0,0.02595250026105979,0.6832280236936464,0.0,0.0,0.0,0.3708245222898354
2015-11-20,0.0,0.0,0.0,0.0,0.0,0.0034254343906611915,0.21301681211780926,0.0,0.0,0.0,0.3777342042514926
2015-11-21,0.0,0.0,0.0,0.0,0.0,6.327705134750984e-06,0.09837756818350732,0.0,0.0,0.0,0.40482120028020924
2015-11-22,1.925067263360622,3.660355316279671,0.0,5.5854225796402925,1.925067263360622,0.0006496502675639681,0.07102853572784419,0.3875469672571122,0.32471717124887584,0.3875469672571122,0.3913901650707903
2015-11-23,0.024187456193014264,5.007243851799922,0.0,5.0314313079929365,0.024187456193014264,0.0,0.06216074919028256,0.020149469424831742,0.006448667444065793,0.020149469424831742,0.3932169950996048
2015-11-24,0.0,0.0,0.0,0.0,0.0,0.0,0.04579296488586335,0.0,0.0,0.0,0.3830162796692476
2015-11-25,0.0,0.0,0.0,0.0,0.0,0.0,0.07828534391129467,0.0,0.0,0.0,0.3967065162304479
2015-11-26,0.0,0.0,0.0,0.0,0.0,0.0,0.09512017215475796,0.0,0.0,0.0,0.4079379890907209
2015-11-27,0.0,0.0,0.0,0.0,0.0,0.0,0.06486453247833508,0.0,0.0,0.0,0.4069507898150822
2015-11-28,0.0,0.0,0.0,0.0,0.0,0.0,0.04691846466377806,0.0,0.0,0.0,0.40340281721529747
2015-11-29,0.0,0.0,0.0,0.0,0.0,0.0,0.03819257655964269,0.0,0.0,0.0,0.4012443267002353
2015-11-30,0.0,4.810562587386292,0.0,4.810562587386292,0.0,0.0,0.03413425688277795,0.0,0.0,0.0,0.4005343966051374
2015-12-01,0.0,8.90899994022341,0.0,8.90899994022341,0.0,0.0,0.03181604601112065,0.0,0.0,0.0,0.40041228526477557
2015-12-02,0.011023909424012312,6.711088391623385,0.0,6.722112301047398,0.011023909424012312,0.0,0.030226547520471492,0.01626821916676989,0.0013307378929610484,0.01626821916676989,0.4006369389564062
2015-12-03,0.0,0.0,0.0,0.0,0.0,0.0,0.02889287138274515,0.0,0.0,0.0,0.4008566679048655
2015-12-04,0.0,14.296318550543644,0.0,14.296318550543644,0.0,0.0,0.0276495813201782,0.0,0.0,0.0,0.40081129128483345
2015-12-05,14.154113884173922,0.3987771431763948,0.01514907771616614,14.552891027350316,14.16926296189009,0.0,0.05828166982133323,0.9990090424873034,0.9742496250941459,0.9979409512489307,0.42243906955080507
2015-12-06,30.85384710229326,0.0,0.2026292766571416,30.85384710229326,31.0564763789504,0.0,0.3927937345900921,1.0,1.0,0.9934754582527436,0.17821260333024438
2015-12-07,38.679705183526735,0.0,3.8293175559929375,38.679705183526735,42.50902273951967,0.0,19.556181757556605,1.0,1.0,0.909917534932345,0.7524024850266389
2015-12-08,18.70448520321906,0.0,1.386914953639007,18.70448520321906,20.091400156858068,0.0,31.05194194874803,1.0,1.0,0.9309697212334108,0.8277024689850326
2015-12-09,7.1930703365799165,6.920909500675942,1.157499269764584e-05,14.113979837255858,7.193081911572614,0.0,16.44539546359905,0.7162558321978612,0.5911604490668754,0.7162546796103988,0.9569107967232743
2015-12-10,0.3702594075113467,4.342476155683716,0.0,4.7127355631950625,0.3702594075113467,0.0,6.8032791048321295,0.18844708699781162,0.13732142172839684,0.18844708699781162,0.7674015643945836
2015-12-11,2.6600313381819687,11.053226360731367,0.0,13.713257698913335,2.6600313381819687,0.0,1.9038352733148207,0.3222676411082208,0.24292790230566738,0.3222676411082208,0.9235818177801586
2015-12-12,0.0,0.0002123532135048857,0.0002945003642794804,0.0002123532135048857,0.0002945003642794804,0.0,1.5337696253087105,0.0,0.0,0.0,0.68589627508551
2015-12-13,0.0,0.0,0.0,0.0,0.0,0.0,0.6376049942836548,0.0,0.0,0.0,0.6664396977707937
2015-12-14,0.0,0.0,0.0,0.0,0.0,0.0,0.3556163135571235,0.0,0.0,0.0,0.6574627627581601
2015-12-15,0.0,12.700626288446095,0.0,12.700626288446095,0.0,0.0,0.30330662998060115,0.0,0.0,0.0,0.648725751313734
2015-12-16,0.0,25.630803224546778,0.0,25.630803224546778,0.0,0.0,0.27172648851603964,0.0,0.0,0.0,0.6420812380474997
2015-12-17,0.0,0.07105425568497473,0.0,0.07105425568497473,0.0,0.0,0.24857391839520251,0.0,0.0,0.0,0.63706284339825
2015-12-18,0.0,7.853467785469107e-05,0.0,7.853467785469107e-05,0.0,0.0,0.2291625404355639,0.0,0.0,0.0,0.6329050413412095
2015-12-19,0.0,6.577371066228914,0.0,6.577371066228914,0.0,0.0,0.2140799910492702,0.0,0.0,0.0,0.629261087642593
2015-12-20,0.0,18.65748967524503,0.0,18.65748967524503,0.0,0.0,0.20074350990138554,0.0,0.0,0.0,0.6260404453645672
2015-12-21,0.0,6.944601860745318,0.0,6.944601860745318,0.0,0.0,0.1895306732736441,0.0,0.0,0.0,0.6230252577956842
2015-12-22,0.0,0.11562077936118288,0.0,0.11562077936118288,0.0,0.0,0.18003615326198935,0.0,0.0,0.0,0.5651171874687203
2015-12-23,0.0,0.0,0.0,0.0,0.0,0.0,0.17170609527891997,0.0,0.0,0.0,0.5626816440948647
2015-12-24,0.0,0.0,0.0,0.0,0.0,0.0,0.1641421252653786,0.0,0.0,0.0,0.5603092989531712
2015-12-25,0.0,0.0,0.0,0.0,0.0,0.0,0.15728739146774262,0.0,0.0,0.0,0.5580550399171827
2015-12-26,0.0,5.4852695315676385,0.0,5.4852695315676385,0.0,0.0,0.15117256478366528,0.0,0.0,0.0,0.5557589446619544
2015-12-27,0.0,0.0,0.0,0.0,0.0,0.0,0.14562171583166597,0.0,0.0,0.0,0.5533546458571998
2015-12-28,0.0,0.0,0.0,0.0,0.0,0.0,0.1404180255452447,0.0,0.0,0.0,0.5508457338385403
2015-12-29,0.0,0.0,0.0,0.0,0.0,0.0,0.13560134940772806,0.0,0.0,0.0,0.5482188741549324
2015-12-30,0.0,0.0,0.0,0.0,0.0,0.0,0.13120155060804692,0.0,0.0,0.0,0.545466629765134
2015-12-31,0.0,0.0,0.0,0.0,0.0,0.0,0.12716915669628057,0.0,0.0,0.0,0.5425845279623837
2016-01-01,0.0,0.0,0.0,0.0,0.0,0.0,0.12340047699859141,0.0,0.0,0.0,0.5396402151767603
2016-01-02,0.0,7.889931628418771,0.0,7.889931628418771,0.0,0.0,0.11985700627772,0.0,0.0,0.0,0.5365890448689966
2016-01-03,0.0,0.20308134061637276,0.0,0.20308134061637276,0.0,0.0,0.11649595910761806,0.0,0.0,0.0,0.5334581768402229
2016-01-04,0.0,2.3405075935751043,0.0,2.3405075935751043,0.0,0.0,0.11332385952393943,0.0,0.0,0.0,0.5302831815766463
2016-01-05,0.0,0.0,0.0,0.0,0.0,0.0,0.11030313332672034,0.0,0.0,0.0,0.5270411039362575
2016-01-06,0.0,0.0002636442772110531,0.0,0.0002636442772110531,0.0,0.0,0.10755004728186403,0.0,0.0,0.0,0.5237581899652984
2016-01-07,0.0,0.0,0.0,0.0,0.0,0.0,0.10498131521769985,0.0,0.0,0.0,0.5204507119424892
2016-01-08,0.0,0.0,0.0,0.0,0.0,0.0,0.10251657593553265,0.0,0.0,0.0,0.5171219201556956
2016-01-09,0.0,0.0,0.0,0.0,0.0,0.0,0.10012350084726164,0.0,0.0,0.0,0.5137685801573889
2016-01-10,0.0,5.550774154320615,0.0,5.550774154320615,0.0,0.0,0.09766677526499191,0.0,0.0,0.0,0.5103975517821676
2016-01-11,1.3002874197555687,12.951979243296043,0.0,14.25226666305161,1.3002874197555687,0.0,0.10943391934786689,0.19298897559767125,0.1396345845482053,0.19298897559767128,0.6639375623091391
2016-01-12,0.0,0.0,0.0,0.0,0.0,0.0,0.15448329999573127,0.0,0.0,0.0,0.6036933352026905
2016-01-13,0.0,0.0,0.0,0.0,0.0,0.0,0.12769995970019102,0.0,0.0,0.0,0.5475579231116967
2016-01-14,0.0,6.568755568011681,0.0,6.568755568011681,0.0,0.0,0.10041875083374845,0.0,0.0,0.0,0.5397673275563285
2016-01-15,1.7497347677514306,7.058649666221418,0.0,8.808384433972849,1.7497347677514306,0.0,0.10332836079074018,0.4093480325364383,0.29560602974261285,0.4093480325364383,0.6236376189278596
2016-01-16,0.7577785293968655,5.117304640840521,0.0,5.875083170237387,0.7577785293968655,0.0,0.1650047479360711,0.19517734010487633,0.14111007425043579,0.19517734010487636,0.5876056253912881
2016-01-17,0.1319871627278025,2.2132668433394542,0.0,2.3452540060672566,0.1319871627278025,0.0,0.25991265264671126,0.14723977042817624,0.08167634739579244,0.14723977042817624,0.5603722926504805
2016-01-18,1.2612339184403456,16.733038710233146,0.0,17.994272628673492,1.2612339184403456,0.0,0.22072453248118257,0.11552913002188364,0.07282035294119558,0.11552913002188364,0.746883442355359
2016-01-19,1.8256729532217193,8.500189692995745,0.0,10.325862646217464,1.8256729532217193,0.0,0.5927407290772535,0.30612329163053803,0.20548024833073358,0.30612329163053803,0.7952813436567977
2016-01-20,5.3512479764766985,0.0,0.0,5.3512479764766985,5.3512479764766985,0.0,0.6789438949299225,1.0,1.0,1.0,0.7842426312540729
2016-01-21,7.356165080147445,0.0,6.65369770006857e-05,7.356165080147445,7.356231617124446,0.0,0.5563845130772084,1.0,1.0,0.9999909550187563,0.7650905223682907
2016-01-22,0.11941756420511193,0.9228420915381284,0.0,1.0422596557432402,0.11941756420511193,0.0,1.4064089758529958,0.05392460464924233,0.022911859956494893,0.05392460464924233,0.6425896114050439
2016-01-23,0.0,0.0,0.0,0.0,0.0,0.0,1.064503908430098,0.0,0.0,0.0,0.46285865777921736
2016-01-24,0.0,0.0,0.0,0.0,0.0,0.0,0.5100305916959497,0.0,0.0,0.0,0.45566890860099
2016-01-25,0.3136906133238256,0.0,0.0,0.3136906133238256,0.3136906133238256,0.0,0.3223798077230259,0.1685040670547917,0.1685040670547917,0.1685040670547917,0.4525203871083681
2016-01-26,6.673574511162554,0.0,0.2259117791155907,6.673574511162554,6.899486290278145,0.0,0.3028703313838429,1.0,1.0,0.9672567246877617,0.489374444455456
2016-01-27,0.39843374024019534,0.0,0.7029333995533186,0.39843374024019534,1.1013671397935139,0.0,0.7774804660085741,0.044882117345885465,0.044882117345885465,0.016236683697838622,0.30916946237099263
2016-01-28,4.625093192656744,12.260771005635595,0.0,16.88586419829234,4.625093192656744,0.0,1.7112341056675051,0.4574507617985879,0.36466419531756655,0.45745076179858785,0.6737571599185831
2016-01-29,0.0,0.0,0.0,0.0,0.0,0.0,2.3044913601209114,0.0,0.0,0.0,0.6555648548039708
2016-01-30,0.0,0.0,0.0,0.0,0.0,0.0,1.021251395397746,0.0,0.0,0.0,0.4252748200028235
2016-01-31,0.0,0.0,0.0,0.0,0.0,0.0,0.42689282799966893,0.0,0.0,0.0,0.42621708752442194
2016-02-01,0.0,0.0,0.0,0.0,0.0,0.0,0.3513330926125139,0.0,0.0,0.0,0.43368550509062537
2016-02-02,0.0,4.42009423589999,0.0,4.42009423589999,0.0,0.0,0.32199800316183386,0.0,0.0,0.0,0.4451031291067253
2016-02-03,0.0,0.0002572239261148185,0.0,0.0002572239261148185,0.0,0.0,0.30146065198230276,0.0,0.0,0.0,0.45806468635329817
2016-02-04,0.0,0.0,0.0,0.0,0.0,0.0,0.2843125031135975,0.0,0.0,0.0,0.47123051535192645
2016-02-05,0.0,0.0,0.0,0.0,0.0,0.0,0.2697845772951732,0.0,0.0,0.0,0.4836310717821906
2016-02-06,0.0,0.0,0.0,0.0,0.0,0.0,0.25709099079182723,0.0,0.0,0.0,0.4945964162557359
2016-02-07,0.0,0.0,6.261891183404183,0.0,6.261891183404183,0.0,0.26246472775886853,0.0,0.0,0.0,0.45574497352923454
2016-02-08,0.0,0.0,3.470732911611685,0.0,3.470732911611685,0.0,0.47037156958113857,0.0,0.0,0.0,0.3951931089988239
2016-02-09,0.07215999866926548,0.0,0.9013865270870819,0.07215999866926548,0.9735465257563474,0.0,1.6382869942621754,0.04983690490936868,0.04983690490936868,0.003693948770600815,0.4723992417434446
2016-02-10,7.966637052804468,0.0,0.3992343246609707,7.966637052804468,8.365871377465439,0.0,1.4383255866266433,1.0,1.0,0.9522782138706603,0.5789520521768834
2016-02-11,4.598429209218957,0.0,0.5538175107714673,4.598429209218957,5.1522467199904245,0.0,3.420787168075269,1.0,1.0,0.8925095126709117,0.38806718528314227
2016-02-12,5.293068905927494,2.0218456946991012,0.07084762935180518,7.3149146006265955,5.363916535279299,0.0,4.263256006935005,0.909657706759156,0.7917916662157326,0.8976427748299197,0.5630967863709203
2016-02-13,0.00029515913548360233,0.0,2.0091310083742493,0.00029515913548360233,2.0094261675097327,0.0,4.202184564920692,0.0007432181345224824,0.0007432181345224824,1.0916928703742933e-07,0.46787531549027134
2016-02-14,6.633826342015301e-05,0.0,7.534053921991507,6.633826342015301e-05,7.5341202602549275,0.0,3.1912025326870466,0.0007432181345224824,0.0007432181345224824,6.544068674704018e-09,0.3519071105252543
2016-02-15,0.0,0.0,5.048193785241277,0.0,5.048193785241277,0.0,5.3141489018042805,0.0,0.0,0.0,0.2643769183249703
2016-02-16,5.568935050961697,0.0,4.698991882825136,5.568935050961697,10.267926933786832,0.0,5.618268625490231,1.0,1.0,0.5423621619897778,0.22258774559772998
2016-02-17,3.6299917450317727,0.17483459953595726,0.7443730816039894,3.80482634456773,4.374364826635762,0.0,7.456271693485391,0.9990090424873034,0.9646760957700199,0.8290105469392216,0.2933938003484664
2016-02-18,4.631564399493659,1.6689259982829692,0.1597578218148437,6.300490397776628,4.791322221308502,0.0,4.612378147158503,0.8957430116850407,0.7990427548810811,0.865876109430742,0.4919989350716077
2016-02-19,0.0,0.0,0.0,0.0,0.0,0.0,3.9700506670774445,0.0,0.0,0.0,0.6751093242396705
2016-02-20,0.0,0.0,0.0,0.0,0.0,0.0,1.830566896019152,0.0,0.0,0.0,0.5307322499045194
2016-02-21,0.0,0.0,0.0,0.0,0.0,2.8282664162480666e-05,0.7609700959992644,0.0,0.0,0.0,0.5406677103318062
2016-02-22,0.0,0.0,0.0,0.0,0.0,9.724686760751251e-06,0.544359571308405,0.0,0.0,0.0,0.5461411990217662
2016-02-23,0.0,0.0,0.8397056590652793,0.0,0.8397056590652793,0.0005468525377853964,0.4843245045512053,0.0,0.0,0.0,0.5043192752442206
2016-02-24,0.0,0.0,3.246274574274757,0.0,3.246274574274757,0.000575404460597826,0.6295065826914157,0.0,0.0,0.0,0.41538031023357364
2016-02-25,4.517509238637218,0.0,5.588836434266767,4.517509238637218,10.106345672903984,0.0,1.6432856782341603,1.0,1.0,0.4469973009877412,0.3509712779790169
2016-02-26,0.0,0.0,2.954484337964719,0.0,2.954484337964719,0.00010527394793224822,5.720691504220653,0.0,0.0,0.0,0.194863980194526
2016-02-27,0.0003144918645030492,0.0,1.1676168997408907,0.0003144918645030492,1.1679313916053937,0.001049694150489784,4.186681725034571,0.0007432181345224824,0.0007432181345224824,2.0012824258209968e-07,0.24253874897087901
2016-02-28,7.413060302541266,1.4238704396060848,0.0966208083526566,8.83693074214735,7.509681110893922,0.0007992323485555407,2.168238565474662,0.923407242247822,0.8414552232965913,0.9115265308211737,0.5321715673820889
2016-02-29,9.94384200355692,0.46805844718660217,0.30891791730436924,10.411900450743522,10.252759920861289,8.75426772994154e-07,5.291734376249765,0.9990090424873034,0.9737098262953289,0.9689086797405392,0.5515009325739916
2016-03-01,5.235457741225782,0.03738855372928885,0.27516503569096096,5.272846294955071,5.510622776916743,0.0012791544751500775,8.100114762036574,1.0,0.995289144857504,0.9500664358947613,0.6985596379767633
2016-03-02,0.09615626148676844,0.0,1.6868056685441561,0.09615626148676844,1.7829619300309245,0.00025785470945571554,5.682505061595049,0.039597010611503364,0.039597010611503364,0.0021354917580253792,0.5779451329495701
2016-03-03,0.0,0.0,0.9932698910324045,0.0,0.9932698910324045,0.022232500060468924,2.990624444323275,0.0,0.0,0.0,0.539583023113266
2016-03-04,25.459957199819446,0.0,7.632609498190161,25.459957199819446,33.092566698009605,0.0,5.300681690751254,1.0,1.0,0.7693557720124129,0.5976057842463924
2016-03-05,4.819705863393552,0.0,2.234328411544826,4.819705863393552,7.0540342749383775,0.03240770103939775,23.94498020057004,1.0,1.0,0.6832552374344192,0.7849177205378717
2016-03-06,7.052388372515615e-05,7.03269713137569e-05,0.23817672367009282,0.00014085085503891305,0.238247247553818,0.051118725017485246,8.305444914246037,0.0007432181345224824,0.0004565212923873763,2.2000098569722616e-07,0.5456417418569646
2016-03-07,0.0,0.00024027866526778348,0.0,0.00024027866526778348,0.0,0.07965129811206177,2.202710179748429,0.0,0.0,0.0,0.542267451921624
2016-03-08,14.322004939120708,4.400961950493717,0.0,18.722966889614426,14.322004939120708,0.007256864891968458,1.3901474059717585,0.909657706759156,0.7921785932500697,0.909657706759156,0.6291210359386142
2016-03-09,4.708393849262683,0.5135486310058617,0.4879551414753659,5.221942480268545,5.196348990738049,0.00067930860772341,9.822073388653825,0.9844749989677526,0.9410487374156065,0.8920293918200232,0.7869753726839486
2016-03-10,2.4067103379045856,2.4778483509528217,1.1468124144342018e-07,4.884558688857407,2.406710452585827,0.06677292867533764,5.522986656365961,0.6936289689912878,0.5748000632092238,0.6936289359394385,0.8625032168911938
2016-03-11,0.18912490739904342,0.4721858653063271,0.2464571360664487,0.6613107727053705,0.4355820434654921,0.010586557186898871,3.134792179546943,0.10702341137123746,0.05535560173393281,0.04646838194724282,0.7639784487249752
2016-03-12,10.428022195048229,7.121194159400809,0.00037400812061656345,17.549216354449037,10.428396203168845,0.049627262614757375,1.9893494517994892,0.7691068995416821,0.6448238818095148,0.769079315988042,0.7436976705827217
2016-03-13,0.0,0.0006320348078169589,2.4724979319823717e-05,0.0006320348078169589,2.4724979319823717e-05,0.05792271289498645,7.078317864595569,0.0,0.0,0.0,0.7334695499037768
2016-03-14,0.0,0.0,0.0003183794591951527,0.0,0.0003183794591951527,0.055105628952120886,2.429379048636835,0.0,0.0,0.0,0.6044987856306333
2016-03-15,0.0,0.0,0.004147903909311903,0.0,0.004147903909311903,0.10772586774421788,0.7577231397296277,0.0,0.0,0.0,0.6224040455442724
2016-03-16,0.0,0.0,9.523267948044694e-09,0.0,9.523267948044694e-09,0.1316520347708719,0.5172978995957473,0.0,0.0,0.0,0.6507286639699639
2016-03-17,0.0,0.0,7.418697229529754e-07,0.0,7.418697229529754e-07,0.11755228003032989,0.43080278049717424,0.0,0.0,0.0,0.6409537258563802
2016-03-18,0.0,0.0,1.8338558312674504,0.0,1.8338558312674504,0.13375887823668828,0.3857203529064807,0.0,0.0,0.0,0.6111814579962613
2016-03-19,2.456556535407883,0.0,4.202806021313023,2.456556535407883,6.659362556720906,0.01291176460464768,0.6531569522142775,1.0,1.0,0.3688876396928748,0.5247951512779
2016-03-20,0.0,0.0,1.2927435013780546,0.0,1.2927435013780546,0.14672334884817778,2.670693911448369,0.0,0.0,0.0,0.5193116025744409
2016-03-21,0.0,0.0,1.699621333902634,0.0,1.699621333902634,0.08752158425792185,2.323096914506782,0.0,0.0,0.0,0.2938911805487679
2016-03-22,0.0,0.0,2.3485599122595415,0.0,2.3485599122595415,0.050961429600743464,1.6970005814967015,0.0,0.0,0.0,0.26118936336185866
2016-03-23,7.880413696959697e-05,7.838642050100238e-05,0.4368414531133538,0.00015719055747059934,0.4369202572503234,0.07416276625394005,1.8401233660677692,0.0007432181345224824,0.00045598760803187754,1.3404886292017923e-07,0.30043534871021965
2016-03-24,0.0,0.0,0.29305932064255996,0.0,0.29305932064255996,0.27080886522535147,1.135343861716345,0.0,0.0,0.0,0.3147354505264857
2016-03-25,0.0,0.0,0.9119767527887019,0.0,0.9119767527887019,0.3096787828660905,0.6304732289946998,0.0,0.0,0.0,0.2719128343786337
2016-03-26,3.788758010056714e-05,3.676433490057026e-05,0.07649774314896303,7.46519150011374e-05,0.0765356307290636,0.1888567903806973,0.6468794775255631,0.0007432181345224824,0.00045827511667449533,3.6791669887188443e-07,0.2724657059436231
2016-03-27,0.0,0.0,0.05003494639573263,0.0,0.05003494639573263,0.31060264542115584,0.4965638717067785,0.0,0.0,0.0,0.2974568155950689
2016-03-28,0.0,0.0,4.316081562479508,0.0,4.316081562479508,0.33626047361859795,0.3222561750332786,0.0,0.0,0.0,0.20924284383436434
2016-03-29,0.0,0.0,10.032172829269454,0.0,10.032172829269454,0.3745936501655176,1.3358019201408433,0.0,0.0,0.0,0.1487832593125769
2016-03-30,0.0,0.0,15.245255676377033,0.0,15.245255676377033,0.3594998572046088,6.401414128499385,0.0,0.0,0.0,0.1048077709930811
2016-03-31,0.0,0.0,16.059936593369166,0.0,16.059936593369166,0.4338081491402161,12.717156067427869,0.0,0.0,0.0,0.03216839377325347
2016-04-01,0.0,0.0,12.732205404528573,0.0,12.732205404528573,0.5168313891227271,14.033569769916143,0.0,0.0,0.0,0.019936093029991876
2016-04-02,0.0,0.0,12.775271766947911,0.0,12.775271766947911,0.5262889829072794,12.092954616226866,0.0,0.0,0.0,0.022039527883619302
2016-04-03,0.00012929562413181378,0.0,1.532145937379581,0.00012929562413181378,1.5322752330037128,0.5307645448240178,10.228412236919015,0.0007432181345224824,0.0007432181345224824,6.271383267142702e-08,0.02471682736289199
2016-04-04,0.0,0.0,1.4268012674556263,0.0,1.4268012674556263,0.4355843241163263,3.743072252771543,0.0,0.0,0.0,0.02932889069639642
2016-04-05,0.0,0.0,12.527811547377604,0.0,12.527811547377604,0.5297516810000142,1.7423995386588886,0.0,0.0,0.0,0.02704417176024826
2016-04-06,0.0,0.0,14.629112414555903,0.0,14.629112414555903,0.47643874887768434,9.527759276127144,0.0,0.0,0.0,0.02789898765346452
2016-04-07,0.0,0.0,17.717652569962894,0.0,17.717652569962894,0.5313140223861873,14.099681598817355,0.0,0.0,0.0,0.016946423494010928
2016-04-08,0.0,0.0,13.225458348816026,0.0,13.225458348816026,0.8382879957038433,15.673984385460974,0.0,0.0,0.0,0.014675132428062876
2016-04-09,0.0,0.0,8.608684152682581,0.0,8.608684152682581,1.0970383273773796,11.957062264001003,0.0,0.0,0.0,0.016663106431848106
2016-04-10,0.0,0.0,6.940721693130663,0.0,6.940721693130663,0.7488040909552608,8.0928390205135,0.0,0.0,0.0,0.019986874670667485
2016-04-11,0.0,0.0,2.214379869660039,0.0,2.214379869660039,0.6017418288453059,6.059860429253439,0.0,0.0,0.0,0.025018834889906024
2016-04-12,7.537571851506548,0.0,0.2671226325969647,7.537571851506548,7.804694484103512,0.5221151545639328,3.2786603420811793,1.0,1.0,0.965774107732079,0.03646440354198149
2016-04-13,6.109980593134893,0.0,0.07857977415360316,6.109980593134893,6.188560367288496,0.32951396563017077,3.700880708901448,1.0,1.0,0.9873024145374811,0.05714471629615631
2016-04-14,0.0,0.0,1.359420439777459,0.0,1.359420439777459,0.5514977430401572,4.264425920603853,0.0,0.0,0.0,0.289176079261173
2016-04-15,0.0,0.0,3.126788333499487,0.0,3.126788333499487,0.7121311224105801,2.2739794293903177,0.0,0.0,0.0,0.4228532453599822
2016-04-16,0.0,0.0,5.401472417439278,0.0,5.401472417439278,0.7290243384813182,1.943039725578686,0.0,0.0,0.0,0.39682651096779525
2016-04-17,0.0,0.0,7.630855671439489,0.0,7.630855671439489,0.8165463564577334,4.339660431400657,0.0,0.0,0.0,0.3036523238487062
2016-04-18,0.0,0.0,7.6021307305784545,0.0,7.6021307305784545,0.9485588389468369,6.656719727446837,0.0,0.0,0.0,0.0692889044668998
2016-04-19,0.0,0.0,6.170871091506476,0.0,6.170871091506476,1.290691178799552,6.861401622007128,0.0,0.0,0.0,0.03361525549784212
2016-04-20,0.0,0.0,4.294785028392416,0.0,4.294785028392416,1.2418558959674075,5.665343180025102,0.0,0.0,0.0,0.02476350279997393
2016-04-21,0.0,0.0,2.5598771702486682,0.0,2.5598771702486682,1.1631865873145486,4.10343675601829,0.0,0.0,0.0,0.023538630461503274
2016-04-22,0.0,0.0,1.0627601301107683,0.0,1.0627601301107683,0.8372955681321486,2.622758479642107,0.0,0.0,0.0,0.025770101305709617
2016-04-23,0.0,0.0,0.14472510809705508,0.0,0.14472510809705508,0.7219516054207492,1.4671243890343426,0.0,0.0,0.0,0.029258832351272922
2016-04-24,0.0,0.0,0.0006523601309119496,0.0,0.0006523601309119496,0.7114497712154892,0.7259968115501744,0.0,0.0,0.0,0.03441793090485206
2016-04-25,0.0,0.0,0.31784536407248065,0.0,0.31784536407248065,0.836566999408667,0.33321570566618147,0.0,0.0,0.0,0.04213415918575351
2016-04-26,0.0,0.0,0.14597198028781772,0.0,0.14597198028781772,0.3459837580994154,0.16582486971132923,0.0,0.0,0.0,0.0552849414307989
2016-04-27,0.0,0.0,1.0473477835195233,0.0,1.0473477835195233,0.8174675446718541,0.10998506519093261,0.0,0.0,0.0,0.06900066353753297
2016-04-28,0.0,0.0,0.3832642971006302,0.0,0.3832642971006302,0.48286688010590567,0.09921249961404202,0.0,0.0,0.0,0.06701764586948736
2016-04-29,0.0,0.0,1.2804282091870136,0.0,1.2804282091870136,0.83624095939076,0.18016879514019954,0.0,0.0,0.0,0.03661371065463243
2016-04-30,0.0,0.0,1.4280192171973518,0.0,1.4280192171973518,1.0852073415321408,0.4251782368286918,0.0,0.0,0.0,0.03923962069021612
2016-05-01,0.0,0.0,1.5854429784265582,0.0,1.5854429784265582,1.2295613274017765,0.8502305657331906,0.0,0.0,0.0,0.03353175027079134
2016-05-02,2.1408531838076,0.0,1.3497959062407963,2.1408531838076,3.4906490900483966,0.9394604801615717,1.1751436629367917,1.0,1.0,0.6133109139818801,0.044507456716200856
2016-05-03,1.562143281087992,0.0,0.8591624554776562,1.562143281087992,2.4213057365656483,1.0841597743500015,1.3656736135843746,0.5897435897435898,0.5897435897435898,0.38048230439059383,0.06900491726121556
2016-05-04,0.0,0.0,0.4753127346223861,0.0,0.4753127346223861,1.0690068118810423,1.117764992840722,0.0,0.0,0.0,0.08841845927859042
2016-05-05,0.0,0.0,0.6053127338508272,0.0,0.6053127338508272,1.1974037556036212,0.6512317906230625,0.0,0.0,0.0,0.09724034840674282
2016-05-06,0.0,0.0,0.6322873565463232,0.0,0.6322873565463232,1.3312832310314766,0.43486714498930185,0.0,0.0,0.0,0.09727096488162805
2016-05-07,0.0,0.0,0.1282917006674215,0.0,0.1282917006674215,1.9173297776658382,0.3691344158739096,0.0,0.0,0.0,0.09811572790280458
2016-05-08,0.0,0.0,0.028039318439918356,0.0,0.028039318439918356,1.1413834826925937,0.3094200037455689,0.0,0.0,0.0,0.09658135384073312
2016-05-09,0.0,0.0,0.15950252133540058,0.0,0.15950252133540058,1.1164291638317507,0.162489409019569,0.0,0.0,0.0,0.10288106795398465
2016-05-10,0.0,0.0,0.22500150748761427,0.0,0.22500150748761427,1.2685635863177385,0.09270166220500616,0.0,0.0,0.0,0.12747451435915197
2016-05-11,0.0,0.0,0.20425788686401938,0.0,0.20425788686401938,1.388564907993774,0.0641735373989476,0.0,0.0,0.0,0.1661835495304556
2016-05-12,0.0,0.0,0.13045673576802824,0.0,0.13045673576802824,1.3733917973850978,0.04211528477716445,0.0,0.0,0.0,0.1982722135755309
2016-05-13,22.30119859290177,0.0,0.05423090867818735,22.30119859290177,22.355429501579955,0.9357889902781937,0.10098391779671922,1.0,1.0,0.9975741504463445,0.3633870315467584
2016-05-14,10.603419970526378,0.0,0.028670429268094745,10.603419970526378,10.632090399794473,0.5610448873126528,0.7648309826963705,1.0,1.0,0.9973034061797811,0.06742925945177831
2016-05-15,0.0,0.0,0.060524136005814945,0.0,0.060524136005814945,0.8552485676214999,4.042589660159877,0.0,0.0,0.0,0.14735485654589756
2016-05-16,0.0,0.0,0.07085364730226652,0.0,0.07085364730226652,1.4925406717632714,2.047967675797812,0.0,0.0,0.0,0.3512291284955075
2016-05-17,0.0,0.0,0.039345742799848496,0.0,0.039345742799848496,1.9655909150407067,0.5773979907738359,0.0,0.0,0.0,0.4042754105781155
2016-05-18,0.0,0.0,0.0001468223015596078,0.0,0.0001468223015596078,1.6441835444698265,0.1855680163817778,0.0,0.0,0.0,0.42630430633464717
2016-05-19,5.063910683833411,0.0,0.0011965668719626857,5.063910683833411,5.065107250705374,0.8855442931679302,0.07595930686560567,1.0,1.0,0.9997637627768304,0.4494749879501429
2016-05-20,3.048665781562254,0.0,0.007016976850346296,3.048665781562254,3.0556827584126003,0.14302409238194755,0.07482459518143333,1.0,1.0,0.9977036304469017,0.42935400788204214
2016-05-21,0.0,0.0,0.00642929569116394,0.0,0.00642929569116394,0.8948927973731147,0.05864190850622705,0.0,0.0,0.0,0.3850575213891951
2016-05-22,0.0,0.0,0.009790906057258448,0.0,0.009790906057258448,0.99513796561496,0.22075235727496523,0.0,0.0,0.0,0.45024265143120307
2016-05-23,0.0,0.0,0.015907988797090294,0.0,0.015907988797090294,1.071278991373592,0.2549657241491693,0.0,0.0,0.0,0.4263415184944254
2016-05-24,0.0,0.0,0.016330102909080272,0.0,0.016330102909080272,1.2964699885704034,0.12767205750916072,0.0,0.0,0.0,0.4120005164800277
2016-05-25,0.0,0.0,0.005461145619918716,0.0,0.005461145619918716,1.4459740383115611,0.06141990957706022,0.0,0.0,0.0,0.4089026579982347
2016-05-26,0.0,0.0,3.474386456263774e-05,0.0,3.474386456263774e-05,1.083873658038731,0.02983229916053934,0.0,0.0,0.0,0.37237857725616114
2016-05-27,0.0,0.0,0.00546639874346905,0.0,0.00546639874346905,1.1552045433637201,0.01676878841813857,0.0,0.0,0.0,0.35382759258743635
2016-05-28,0.0,0.0,0.007113257334632706,0.0,0.007113257334632706,1.1617242966137298,0.011533326377013297,0.0,0.0,0.0,0.30718987459820996
2016-05-29,0.0,0.0,0.007603621782612266,0.0,0.007603621782612266,1.662824157409998,0.007897621476593026,0.0,0.0,0.0,0.3040495698831733
2016-05-30,0.0,0.0,0.0075577058294677936,0.0,0.0075577058294677936,1.6452660667093262,0.006567210461268466,0.0,0.0,0.0,0.28508027535728836
2016-05-31,0.0,0.0,0.0024719517624971284,0.0,0.0024719517624971284,1.6326825443125916,0.005164357336106103,0.0,0.0,0.0,0.28441311308835354
2016-06-01,0.0,0.0,0.0005215191126630853,0.0,0.0005215191126630853,1.0694784022196142,0.0033667131440135345,0.0,0.0,0.0,0.3301931125266994
2016-06-02,0.0,0.0,0.00035114216332195246,0.0,0.00035114216332195246,1.7665183992257594,0.002647922964396941,0.0,0.0,0.0,0.21020357738206663
2016-06-03,0.0,0.0,9.141447728874546e-05,0.0,9.141447728874546e-05,2.0472589644287114,0.0022002615159305667,0.0,0.0,0.0,0.20563387691809473
2016-06-04,0.0,0.0,1.3971131693322499e-05,0.0,1.3971131693322499e-05,2.2602275757457324,0.0016083636747448874,0.0,0.0,0.0,0.20032980060799466
2016-06-05,0.0,0.0,1.4591008240698234e-06,0.0,1.4591008240698234e-06,2.3548267862482732,0.0011218923497313908,0.0,0.0,0.0,0.14951574504799522
2016-06-06,0.0,0.0,7.687625672206632e-08,0.0,7.687625672206632e-08,2.441773496432524,0.0006824586332845672,0.0,0.0,0.0,0.20481066392372008
2016-06-07,0.0,0.0,0.0,0.0,0.0,1.9872496176282395,0.00038284948484940443,0.0,0.0,0.0,0.3036239548488538
2016-06-08,3.1864520296409626,0.0,0.0,3.1864520296409626,3.1864520296409626,0.9675512313018175,0.00029867761624952283,1.0,1.0,1.0,0.26605266807686273
2016-06-09,0.0,0.0,0.0,0.0,0.0,1.1115712977526468,0.0005169908925430614,0.0,0.0,0.0,0.1754415722518156
2016-06-10,0.0,0.0,0.0,0.0,0.0,1.1159620117726265,0.000469816040459452,0.0,0.0,0.0,0.17747938118451348
2016-06-11,0.0,0.0,0.0,0.0,0.0,1.471180169549978,0.0004897651734110823,0.0,0.0,0.0,0.1443951993207274
2016-06-12,0.0,0.0,0.0,0.0,0.0,1.227410952758611,0.0004434330581908113,0.0,0.0,0.0,0.18116709146350282
2016-06-13,0.0,0.0,0.0,0.0,0.0,0.9336026606373666,0.0002538336490772981,0.0,0.0,0.0,0.2789803995891799
2016-06-14,0.0,0.0,0.0,0.0,0.0,1.0872814268080933,0.00025073470670623136,0.0,0.0,0.0,0.1662061750332019
2016-06-15,0.30138074371265067,0.0,0.0,0.30138074371265067,0.30138074371265067,0.8958435427750838,0.0003781345157374512,0.10978983442751558,0.10978983442751558,0.10978983442751557,0.1418147636916052
2016-06-16,5.390972940219055,0.0,0.0,5.390972940219055,5.390972940219055,0.7648034341194212,0.0017643831719246304,1.0,1.0,1.0,0.404146197848591
2016-06-17,3.986672790656247,0.0,0.0,3.986672790656247,3.986672790656247,0.4664991825888838,0.004658573651474037,1.0,1.0,1.0,0.42932126920230146
2016-06-18,0.0,0.0,0.0,0.0,0.0,1.424013670159029,0.0028698644756967886,0.0,0.0,0.0,0.41626063723946966
2016-06-19,0.0,0.0,0.0,0.0,0.0,1.4500597509020097,0.0007404801424662753,0.0,0.0,0.0,0.06295998677565805
2016-06-20,0.0,0.0,0.0,0.0,0.0,1.7202992634460885,0.0005133911942547175,0.0,0.0,0.0,0.08077882003391743
2016-06-21,0.0,0.0,0.0,0.0,0.0,1.6352060948851759,0.00027378826713069226,0.0,0.0,0.0,0.06913455626818692
2016-06-22,5.09783632905181,0.0,0.0,5.09783632905181,5.09783632905181,1.109377593916518,0.0014997228248605045,0.8554853627317396,0.8554853627317396,0.8554853627317397,0.09968594848599416
2016-06-23,0.0,0.0,0.0,0.0,0.0,1.1857914842868753,0.0038827108877129944,0.0,0.0,0.0,0.1519454016002916
2016-06-24,0.0,0.0,0.0,0.0,0.0,1.424015295423308,0.0004344302286006734,0.0,0.0,0.0,0.06785698361155533
2016-06-25,0.0,0.0,0.0,0.0,0.0,1.702740466848769,0.000524586226965819,0.0,0.0,0.0,0.06323885137844586
2016-06-26,0.0,0.0,0.0,0.0,0.0,1.9886113099388465,0.00036408926653115495,0.0,0.0,0.0,0.06974702097655264
2016-06-27,0.0,0.0,0.0,0.0,0.0,2.0297951754740717,0.0001980226970500131,0.0,0.0,0.0,0.06800077497050021
2016-06-28,0.0,0.0,0.0,0.0,0.0,2.1378220768067377,9.196623904044638e-05,0.0,0.0,0.0,0.14893371668971594
2016-06-29,0.0,0.0,0.0,0.0,0.0,2.0544788174622632,1.15209462970667e-05,0.0,0.0,0.0,0.0
2016-06-30,0.0,0.0,0.0,0.0,0.0,1.9648103450107963,0.0,0.0,0.0,0.0,0.0
2016-07-01,0.0,0.0,0.0,0.0,0.0,1.6136871467858696,0.0,0.0,0.0,0.0,0.0
2016-07-02,0.0,0.0,0.0,0.0,0.0,1.3429251372571704,2.0713367879310506e-07,0.0,0.0,0.0,0.0
2016-07-03,0.0,0.0,0.0,0.0,0.0,1.2575106724447276,0.0,0.0,0.0,0.0,0.0
2016-07-04,0.0,0.0,0.0,0.0,0.0,1.184323974633296,1.7572026062729646e-06,0.0,0.0,0.0,0.0
2016-07-05,0.0,0.0,0.0,0.0,0.0,1.5656710277092247,2.030340127698178e-05,0.0,0.0,0.0,0.0
2016-07-06,4.58060564854633,0.0,0.0,4.58060564854633,4.58060564854633,0.6892270756973786,0.0001134395666676067,1.0,1.0,1.0,0.0
2016-07-07,2.207472438120456,0.0,0.0,2.207472438120456,2.207472438120456,0.9500483607307333,0.0009098165432266007,1.0,1.0,1.0,0.15518892476959786
2016-07-08,0.0,0.0,0.0,0.0,0.0,1.3539047855911122,0.0004356355394286859,0.0,0.0,0.0,0.0
2016-07-09,0.0,0.0,0.0,0.0,0.0,1.0451931855654877,3.002347495342936e-05,0.0,0.0,0.0,0.0
2016-07-10,0.0,0.0,0.0,0.0,0.0,1.3963234898762438,5.2163748820621296e-05,0.0,0.0,0.0,0.0
2016-07-11,0.0,0.0,0.0,0.0,0.0,1.0574357339602476,6.469651777102295e-05,0.0,0.0,0.0,0.0
2016-07-12,0.0,0.0,0.0,0.0,0.0,1.749030978735696,5.264880480277728e-05,0.0,0.0,0.0,0.0
2016-07-13,0.0,0.0,0.0,0.0,0.0,1.8306044052501025,2.4657659466427926e-05,0.0,0.0,0.0,0.0
2016-07-14,0.0,0.0,0.0,0.0,0.0,1.5283693410623005,2.410203272595063e-05,0.0,0.0,0.0,0.0
2016-07-15,0.0,0.0,0.0,0.0,0.0,1.5178389582717147,1.7262585113507072e-05,0.0,0.0,0.0,0.0
2016-07-16,3.7606598899072523,0.0,0.0,3.7606598899072523,3.7606598899072523,0.9008943293466937,8.562013279520191e-05,1.0,1.0,1.0,0.0
2016-07-17,5.992931961597974,0.0,0.0,5.992931961597974,5.992931961597974,0.9503686182981557,0.001853291960843809,1.0,1.0,1.0,0.0
2016-07-18,0.26851163209438533,0.0,0.0,0.26851163209438533,0.26851163209438533,1.506250125167698,0.0022279190189649746,0.42920847268673357,0.42920847268673357,0.42920847268673357,0.0
2016-07-19,0.0,0.0,0.0,0.0,0.0,1.6895097444532132,0.00030708665725840545,0.0,0.0,0.0,0.0
2016-07-20,3.016497494181362,0.0,0.0,3.016497494181362,3.016497494181362,1.287082553978727,0.0005807128184893474,1.0,1.0,1.0,0.04732475398092768
2016-07-21,0.0,0.0,0.0,0.0,0.0,1.2233553446888892,0.0008139553842026027,0.0,0.0,0.0,0.0
2016-07-22,0.0,0.0,0.0,0.0,0.0,1.6491864494222994,7.0205585681905526e-06,0.0,0.0,0.0,0.0
2016-07-23,0.0,0.0,0.0,0.0,0.0,1.8643665973791772,3.8730500315103213e-05,0.0,0.0,0.0,0.0
2016-07-24,0.0,0.0,0.0,0.0,0.0,1.9848897444633449,5.8321352731310455e-05,0.0,0.0,0.0,0.0
2016-07-25,0.0,0.0,0.0,0.0,0.0,1.8193635849438163,4.519423369919176e-05,0.0,0.0,0.0,0.0
2016-07-26,0.0,0.0,0.0,0.0,0.0,2.0556790583162696,1.2560585691818293e-05,0.0,0.0,0.0,0.0
2016-07-27,0.0,0.0,0.0,0.0,0.0,2.043483096351923,4.028723475992207e-06,0.0,0.0,0.0,0.0
2016-07-28,0.0,0.0,0.0,0.0,0.0,2.1920898495740606,7.3336832998476516e-06,0.0,0.0,0.0,0.0
2016-07-29,0.0,0.0,0.0,0.0,0.0,1.9043216751326795,0.0,0.0,0.0,0.0,0.0
2016-07-30,0.0,0.0,0.0,0.0,0.0,1.7371458907597974,0.0,0.0,0.0,0.0,0.0
2016-07-31,0.0,0.0,0.0,0.0,0.0,1.7861468947471268,0.0,0.0,0.0,0.0,0.0
2016-08-01,0.0,0.0,0.0,0.0,0.0,1.0530581418267955,0.0,0.0,0.0,0.0,0.0
2016-08-02,0.0,0.0,0.0,0.0,0.0,1.4132322852273356,0.0,0.0,0.0,0.0,0.0
2016-08-03,0.0,0.0,0.0,0.0,0.0,1.4492067107386868,1.0776790456840567e-05,0.0,0.0,0.0,0.0
2016-08-04,0.0,0.0,0.0,0.0,0.0,1.7028000912162697,2.274159099688683e-05,0.0,0.0,0.0,0.0
2016-08-05,0.0,0.0,0.0,0.0,0.0,1.5177280637286448,1.6237647937291578e-06,0.0,0.0,0.0,0.0
2016-08-06,0.0,0.0,0.0,0.0,0.0,1.0527214453246776,0.0,0.0,0.0,0.0,0.0
2016-08-07,4.671163386780635,0.0,0.0,4.671163386780635,4.671163386780635,0.5998697030830326,0.0,0.9782402246170362,0.9782402246170362,0.9782402246170361,0.0
2016-08-08,0.0,0.0,0.0,0.0,0.0,0.8064859168706666,2.450517505136371e-05,0.0,0.0,0.0,0.0
2016-08-09,0.0,0.0,0.0,0.0,0.0,1.1948875615726295,6.812621289120695e-05,0.0,0.0,0.0,0.0
2016-08-10,0.0,0.0,0.0,0.0,0.0,1.3217539121852289,5.939402652038854e-05,0.0,0.0,0.0,0.0
2016-08-11,0.0,0.0,0.0,0.0,0.0,1.4439042491109098,5.7838879077223244e-05,0.0,0.0,0.0,0.0
2016-08-12,0.0,0.0,0.0,0.0,0.0,1.5022078443542346,3.2614035175743974e-05,0.0,0.0,0.0,0.0
2016-08-13,0.0,0.0,0.0,0.0,0.0,1.4060401747381035,2.672607594619292e-05,0.0,0.0,0.0,0.0
2016-08-14,0.0,0.0,0.0,0.0,0.0,1.5261057230698067,1.24302626559579e-05,0.0,0.0,0.0,0.0
2016-08-15,0.0,0.0,0.0,0.0,0.0,1.3493198416090149,7.839549445473203e-10,0.0,0.0,0.0,0.0
2016-08-16,0.0,0.0,0.0,0.0,0.0,1.34539385420384,5.295740006786135e-06,0.0,0.0,0.0,0.0
2016-08-17,0.0,0.0,0.0,0.0,0.0,1.3652467525558887,1.5158672722259007e-05,0.0,0.0,0.0,0.0
2016-08-18,0.0,0.0,0.0,0.0,0.0,1.29913552208427,8.983444031526109e-06,0.0,0.0,0.0,0.0
2016-08-19,0.0,0.0,0.0,0.0,0.0,1.3831891534139722,0.0,0.0,0.0,0.0,0.0
2016-08-20,0.0,0.0,0.0,0.0,0.0,1.3525015065949482,0.0,0.0,0.0,0.0,0.0
2016-08-21,0.0,0.0,0.0,0.0,0.0,0.8266098268443329,0.0,0.0,0.0,0.0,0.0
2016-08-22,0.0,0.0,0.0,0.0,0.0,0.9085916657286826,0.0,0.0,0.0,0.0,0.0
2016-08-23,0.0,0.0,0.0,0.0,0.0,0.8398908638472273,3.5172870726422565e-05,0.0,0.0,0.0,0.0
2016-08-24,0.0,0.0,0.0,0.0,0.0,0.9218233094028632,5.705097692499148e-05,0.0,0.0,0.0,0.0
2016-08-25,0.0,0.0,0.0,0.0,0.0,0.993774268738262,3.763495381502443e-05,0.0,0.0,0.0,0.0
2016-08-26,0.0,0.0,0.0,0.0,0.0,0.8752986907625748,1.384683863493129e-05,0.0,0.0,0.0,0.0
2016-08-27,0.0,0.0,0.0,0.0,0.0,0.7980120624928491,2.1186313093409523e-05,0.0,0.0,0.0,0.0
2016-08-28,0.0,0.0,0.0,0.0,0.0,0.9470538489201263,4.842227146784989e-05,0.0,0.0,0.0,0.0
2016-08-29,0.0,0.0,0.0,0.0,0.0,0.8777755243769981,2.0085786317219543e-05,0.0,0.0,0.0,0.0
2016-08-30,0.0,0.0,0.0,0.0,0.0,0.8347115562683163,8.858968819844352e-06,0.0,0.0,0.0,0.0
2016-08-31,2.111484119138921,0.0,0.0,2.111484119138921,2.111484119138921,0.2742315442664036,4.204135285689526e-05,1.0,1.0,1.0,0.0
2016-09-01,0.584253650126998,0.0,0.0,0.584253650126998,0.584253650126998,0.3118870928618819,6.819517376869115e-05,0.19455799165944093,0.19455799165944093,0.19455799165944093,0.0
2016-09-02,0.0,0.0,0.0,0.0,0.0,0.4452899946860841,6.209458427201202e-05,0.0,0.0,0.0,0.0
2016-09-03,0.0,0.0,0.0,0.0,0.0,0.46309969173747706,7.584981704380735e-05,0.0,0.0,0.0,0.0
2016-09-04,1.9676402584337216,0.0,0.0,1.9676402584337216,1.9676402584337216,0.44934010367484206,9.25105821121349e-05,1.0,1.0,1.0,0.0
2016-09-05,0.09263700612188532,0.0,0.0,0.09263700612188532,0.09263700612188532,0.28294467658329625,0.00010392602240767254,0.07159668029233246,0.07159668029233246,0.07159668029233246,0.0
2016-09-06,0.0,0.0,0.0,0.0,0.0,0.4204640906413872,0.00010447844391574395,0.0,0.0,0.0,0.0
2016-09-07,0.0,0.0,0.0,0.0,0.0,0.45734723133248933,8.706134249956678e-05,0.0,0.0,0.0,0.0
2016-09-08,0.0,0.0,0.0,0.0,0.0,0.5972520664453129,6.03797590791252e-05,0.0,0.0,0.0,0.0
2016-09-09,0.0,0.0,0.0,0.0,0.0,0.4809549718168005,7.9685464441089e-05,0.0,0.0,0.0,0.0
2016-09-10,0.0,0.0,0.0,0.0,0.0,0.5465769114594834,7.668698390182692e-05,0.0,0.0,0.0,0.0
2016-09-11,0.0,0.0,0.0,0.0,0.0,0.38527586043833334,4.5389329321891516e-05,0.0,0.0,0.0,0.0
2016-09-12,0.0,0.0,0.0,0.0,0.0,0.45745385862293303,5.970182314541787e-05,0.0,0.0,0.0,0.0
2016-09-13,0.0,0.0,0.0,0.0,0.0,0.403644440879125,8.33642146725494e-05,0.0,0.0,0.0,0.0
2016-09-14,0.0,0.0,0.0,0.0,0.0,0.4049643824709039,0.000105838373667347,0.0,0.0,0.0,0.0
2016-09-15,0.0,0.0,0.0,0.0,0.0,0.49568505556528747,9.328721744291033e-05,0.0,0.0,0.0,0.0
2016-09-16,0.0,0.0,0.0,0.0,0.0,0.2465216710005383,7.227170039848658e-05,0.0,0.0,0.0,0.0
2016-09-17,0.0,0.0,0.0,0.0,0.0,0.2279990282754609,7.216678472897753e-05,0.0,0.0,0.0,0.0
2016-09-18,0.0,0.0,0.0,0.0,0.0,0.18488973504718664,6.216103215701608e-05,0.0,0.0,0.0,0.0
2016-09-19,0.0,0.0,0.0,0.0,0.0,0.25062380585117017,6.626083319242209e-05,0.0,0.0,0.0,0.0
2016-09-20,0.0,0.0,0.0,0.0,0.0,0.21965415201511235,9.101755362483264e-05,0.0,0.0,0.0,0.0
2016-09-21,0.0,0.0,0.0,0.0,0.0,0.15107762727126875,0.0001089344471927103,0.0,0.0,0.0,0.0
2016-09-22,0.0,0.0,0.0,0.0,0.0,0.13046465715915395,9.904369399709461e-05,0.0,0.0,0.0,0.0
2016-09-23,0.0,0.0,0.0,0.0,0.0,0.1735264634224384,9.396074145649981e-05,0.0,0.0,0.0,0.0
2016-09-24,0.0,0.0,0.0,0.0,0.0,0.09396324318395544,0.00012162840759017784,0.0,0.0,0.0,0.0
2016-09-25,0.0,0.0,0.0,0.0,0.0,0.2436925736779617,0.00012349914436948192,0.0,0.0,0.0,0.0
2016-09-26,0.0,0.0,0.0,0.0,0.0,0.3177519697994914,9.21759113427534e-05,0.0,0.0,0.0,0.0
2016-09-27,0.0,0.0,0.0,0.0,0.0,0.22138707303480132,7.64676681909635e-05,0.0,0.0,0.0,0.0
2016-09-28,0.0,0.0,0.0,0.0,0.0,0.23809706447559306,8.125318028447037e-05,0.0,0.0,0.0,0.0
2016-09-29,0.0,0.0,0.0,0.0,0.0,0.24229742602097998,7.953163190602845e-05,0.0,0.0,0.0,0.0
2016-09-30,0.0,0.0,0.0,0.0,0.0,0.1957981695546794,5.50788494852188e-05,0.0,0.0,0.0,0.0
2016-10-01,0.0,0.0,0.0,0.0,0.0,0.08750799557637236,7.162535875091109e-05,0.0,0.0,0.0,0.0
2016-10-02,0.0,0.0,0.0,0.0,0.0,0.05103794657334905,0.00010940737827893452,0.0,0.0,0.0,0.0
2016-10-03,2.513539119495776,0.0,0.0,2.513539119495776,2.513539119495776,0.001467622519768551,0.00012788306455579666,1.0,1.0,1.0,0.0
2016-10-04,1.9734228337386308,0.0,0.0,1.9734228337386308,1.9734228337386308,0.014082084582747985,0.0001935157090877818,0.9661422849828647,0.9661422849828647,0.9661422849828647,0.0
2016-10-05,5.037308421459278,0.0,0.0,5.037308421459278,5.037308421459278,0.0015637183784605031,0.0015540539469931058,1.0,1.0,1.0,0.0
2016-10-06,4.485652838217873,0.0,0.0,4.485652838217873,4.485652838217873,1.127605030860895e-05,0.0038911666819724366,0.7291382798629176,0.7291382798629176,0.7291382798629176,0.0
2016-10-07,4.626896615893134,0.0,0.0,4.626896615893134,4.626896615893134,0.0,0.007211296193392407,0.5795036954457244,0.5795036954457244,0.5795036954457244,0.0
2016-10-08,16.39341817293326,0.0,0.0,16.39341817293326,16.39341817293326,0.126791536400302,0.019558200542536618,1.0,1.0,1.0,0.15881272803674865
2016-10-09,0.0,0.0,0.0,0.0,0.0,0.25990617679148154,0.015949686275352128,0.0,0.0,0.0,0.16666666666666666
2016-10-10,0.0,0.0,0.0,0.0,0.0,0.09021886376610984,0.0002861985510536448,0.0,0.0,0.0,0.0
2016-10-11,9.24706997484432,0.0,0.0,9.24706997484432,9.24706997484432,0.022314441193909365,0.003989831143513245,1.0,1.0,1.0,0.1266036966659154
2016-10-12,34.49050982547355,0.0,0.0,34.49050982547355,34.49050982547355,0.0,0.07040078943087777,1.0,1.0,1.0,0.16268911761729352
2016-10-13,17.593765488191963,0.0,0.0,17.593765488191963,17.593765488191963,0.04053833777442413,0.20367035935565508,1.0,1.0,1.0,0.1662378187159931
2016-10-14,20.270324477118738,0.0,0.0,20.270324477118738,20.270324477118738,0.20077619949305897,1.2249959493607878,1.0,1.0,1.0,0.45516502063246694
2016-10-15,5.251553246214104,0.0,0.0,5.251553246214104,5.251553246214104,0.006629430317512024,4.985823013480472,1.0,1.0,1.0,0.49202540835846637
2016-10-16,6.24027398443613,0.0,0.0,6.24027398443613,6.24027398443613,0.2337091127978836,2.4701538500073053,1.0,1.0,1.0,0.5462499598625615
2016-10-17,0.7621152261711616,0.0,0.0,0.7621152261711616,0.7621152261711616,0.11760230049849721,1.2401581535065276,0.31640447582476566,0.31640447582476566,0.31640447582476566,0.557014558205571
2016-10-18,3.9939173675861457,0.0,0.0,3.9939173675861457,3.9939173675861457,0.1930138933761337,1.0765201634153043,1.0,1.0,1.0,0.5849348320720084
2016-10-19,6.940446135999888,0.0,0.0,6.940446135999888,6.940446135999888,0.0,0.5934238265056471,1.0,1.0,1.0,0.5623736634357664
2016-10-20,4.928158255750568,0.0,0.0,4.928158255750568,4.928158255750568,0.2853070754275316,1.5330096473848107,1.0,1.0,1.0,0.45862997640586545
2016-10-21,0.0,0.0,0.0,0.0,0.0,0.4876156932987499,2.108306018363774,0.0,0.0,0.0,0.5257766202291755
2016-10-22,0.0,0.0,0.0,0.0,0.0,3.558253007220422e-05,0.913900975187936,0.0,0.0,0.0,0.4788378742819033
2016-10-23,1.5620677375783396,0.0,0.0,1.5620677375783396,1.5620677375783396,0.0,0.3410974909342766,0.781246129072216,0.781246129072216,0.781246129072216,0.4738338530220078
2016-10-24,11.60601245216341,0.0,0.0,11.60601245216341,11.60601245216341,0.30631471878326844,0.2514603850963247,1.0,1.0,1.0,0.4865204028996013
2016-10-25,22.910956654039577,0.0,0.0,22.910956654039577,22.910956654039577,0.04568348791615877,3.4520843490920003,1.0,1.0,1.0,0.3276771164423368
2016-10-26,10.157829397643063,0.0,0.0,10.157829397643063,10.157829397643063,0.41569435122660786,14.074256337154647,1.0,1.0,1.0,0.5881194144422989
2016-10-27,8.435290756930499,0.0,0.0,8.435290756930499,8.435290756930499,0.13650788763973365,8.44381741974544,1.0,1.0,1.0,0.6476497436391505
2016-10-28,6.256996149674104,0.0,0.0,6.256996149674104,6.256996149674104,0.2336996857913724,6.134857996981997,1.0,1.0,1.0,0.8182080768009765
2016-10-29,7.503244239304213,0.0,0.0,7.503244239304213,7.503244239304213,0.0005417949538938895,4.783968296872947,1.0,1.0,1.0,0.9501381985879301
2016-10-30,7.68488286116422,0.0,0.0,7.68488286116422,7.68488286116422,2.3298749523408097e-05,5.3718575711915575,1.0,1.0,1.0,0.9234189959695304
2016-10-31,0.9602641820941762,0.0,0.0,0.9602641820941762,0.9602641820941762,0.21789912267042252,5.419325311389824,0.31136710846855775,0.31136710846855775,0.31136710846855775,0.7276045491190981
2016-11-01,6.522236373464385e-05,0.0,0.0,6.522236373464385e-05,6.522236373464385e-05,0.014411650457808478,2.5041114453403814,0.0007432181345224824,0.0007432181345224824,0.0007432181345224824,0.6782038830128708
2016-11-02,0.0,0.0,0.0,0.0,0.0,0.07301842397995024,0.9598547726903598,0.0,0.0,0.0,0.6703743010740554
2016-11-03,0.0,0.0,0.0,0.0,0.0,0.04250519046068918,0.4990931099528449,0.0,0.0,0.0,0.6854690341097477
2016-11-04,6.450681471155901,0.0,0.0,6.450681471155901,6.450681471155901,0.5863678621074969,0.36577293518376475,1.0,1.0,1.0,0.7157700780694677
2016-11-05,2.951062828420261,0.0,0.0,2.951062828420261,2.951062828420261,0.4585972512912976,0.7863765718592433,1.0,1.0,1.0,0.5780643127598442
2016-11-06,0.0,0.0,0.0,0.0,0.0,0.0,1.8840382785881866,0.0,0.0,0.0,0.6397866013462316
2016-11-07,0.0,0.0,0.0,0.0,0.0,0.004060257721764685,1.0866194840601822,0.0,0.0,0.0,0.55591418444874
2016-11-08,0.0,0.0,0.0,0.0,0.0,0.5570872927380799,0.5521300313993194,0.0,0.0,0.0,0.5395818588667023
2016-11-09,0.0,0.0,0.0,0.0,0.0,0.017766879306045032,0.3449198937765472,0.0,0.0,0.0,0.5050122440033559
2016-11-10,0.0,0.0,0.0,0.0,0.0,0.01563767701348772,0.2572804529855683,0.0,0.0,0.0,0.5435242951306236
2016-11-11,10.15368295291327,0.0,0.0,10.15368295291327,10.15368295291327,0.8384720267691312,0.28082557316911394,1.0,1.0,1.0,0.5547601524479479
2016-11-12,8.773798048955355,0.0,0.0,8.773798048955355,8.773798048955355,1.098140199248197,2.192277537216905,1.0,1.0,1.0,0.5479181230933587
2016-11-13,13.373376141505485,0.0,0.0,13.373376141505485,13.373376141505485,0.0,6.64258483573198,1.0,1.0,1.0,0.5770108335836369
2016-11-14,6.291575650787961,0.0,0.0,6.291575650787961,6.291575650787961,0.44857247380996773,10.069611870351654,0.9890994673603369,0.9890994673603369,0.9890994673603369,0.6787709423052398
2016-11-15,0.0,0.0,0.0,0.0,0.0,1.1554995565065702,5.735067395248173,0.0,0.0,0.0,0.7960984711682952
2016-11-16,0.0,0.0,0.0,0.0,0.0,0.28513369086914636,1.9328429242929748,0.0,0.0,0.0,0.7226446658248212
2016-11-17,0.1532414038807894,2.37190541805796,0.0,2.5251468219387494,0.1532414038807894,0.1651399536877595,0.6414966922387688,0.16119575539865394,0.11340149233570196,0.16119575539865394,0.7597491891317905
2016-11-18,1.941626917199828,0.9976425397556514,0.0,2.939269456955479,1.941626917199828,0.0,0.3765189616241378,0.8835624922581444,0.7580106774437152,0.8835624922581444,0.7321105687967228
2016-11-19,0.8852615849681975,0.0,0.003359722353984042,0.8852615849681975,0.8886213073221816,0.0,0.47819247538632176,0.31640447582476566,0.31640447582476566,0.31520820562330887,0.6780394690562676
2016-11-20,0.0,0.0,0.0,0.0,0.0,0.05939791510980732,0.7319931645231281,0.0,0.0,0.0,0.658447960272087
2016-11-21,0.8808073072705966,3.823536409351476,0.0,4.7043437166220725,0.8808073072705966,0.054305786638807085,0.6074661729514645,0.3935752921260168,0.272332908857796,0.3935752921260168,0.7684202292177013
2016-11-22,0.0,0.0,1.1118392857778709e-07,0.0,1.1118392857778709e-07,0.0,0.5956377932624574,0.0,0.0,0.0,0.6978194505444314
2016-11-23,0.13685650149797066,0.19783825051658727,0.00722784744091251,0.3346947520145579,0.14408434893888317,0.0,0.475961578530067,0.02555844584830092,0.018643951471666875,0.02427633194225342,0.6733153807958292
2016-11-24,0.9848745513108209,0.28320447712483365,0.016316482985254798,1.2680790284356545,1.0011910342960757,9.34666485701447e-06,0.3799932838866365,0.17886783104174409,0.15018652661192622,0.17595280901115432,0.6644090584562069
2016-11-25,0.0,0.0,0.0025284505312635937,0.0,0.0025284505312635937,0.02308879655544522,0.355538794352785,0.0,0.0,0.0,0.6637783340715789
2016-11-26,4.49960385392642,1.949725654146016,0.0,6.449329508072436,4.49960385392642,0.02753062246417919,0.5809293616049003,0.8830670135017961,0.7721317665578202,0.8830670135017961,0.695549856253694
2016-11-27,0.0,0.0,9.011419185550204e-06,0.0,9.011419185550204e-06,0.004832056535711057,1.028509483154947,0.0,0.0,0.0,0.5686641469762982
2016-11-28,0.0,0.0,0.0,0.0,0.0,0.03915521721654111,1.112974693502704,0.0,0.0,0.0,0.6237687327339257
2016-11-29,0.0,0.00015978723615013378,0.0,0.00015978723615013378,0.0,0.005231285637043543,0.513467396388268,0.0,0.0,0.0,0.5861632286009526
2016-11-30,0.0,0.0,0.0,0.0,0.0,0.026290692206997743,0.35463058678297904,0.0,0.0,0.0,0.5851104395094703
2016-12-01,0.0,0.00010466141945047848,0.0,0.00010466141945047848,0.0,0.024405136559710786,0.3164810794059538,0.0,0.0,0.0,0.5742505613799257
2016-12-02,2.221051809344137,2.1708592203586514,0.0,4.391911029702788,2.221051809344137,0.0,0.3048486715255394,0.7187745158759652,0.5998108176495852,0.7187745158759652,0.53110264166915
2016-12-03,0.0,0.00023896549042491417,0.0,0.00023896549042491417,0.0,0.06276388910309244,0.5037503577939648,0.0,0.0,0.0,0.5303898021572527
2016-12-04,0.0,0.0,0.0,0.0,0.0,0.06306240818974544,0.6479130079220619,0.0,0.0,0.0,0.5866075354355508
2016-12-05,0.0,0.0,0.0,0.0,0.0,0.0015943029512902975,0.36306970821945517,0.0,0.0,0.0,0.5141709573966464
2016-12-06,0.0,0.0,0.0,0.0,0.0,0.027635766392351314,0.29182388949828403,0.0,0.0,0.0,0.5644620289879002
2016-12-07,0.0,12.116300548500147,0.0,12.116300548500147,0.0,0.0,0.27213308544537756,0.0,0.0,0.0,0.5267640327338019
2016-12-08,0.0,11.488462074356299,0.0,11.488462074356299,0.0,0.0,0.2624595743601202,0.0,0.0,0.0,0.5282189374648009
2016-12-09,0.0,0.00037908359308731895,0.0,0.00037908359308731895,0.0,0.0,0.2531340157885678,0.0,0.0,0.0,0.5285108778065775
2016-12-10,0.0,1.815631370616363,0.0,1.815631370616363,0.0,0.0,0.24352695688749001,0.0,0.0,0.0,0.527395142942082
2016-12-11,0.0,0.0,0.0,0.0,0.0,0.0,0.2347359138871451,0.0,0.0,0.0,0.5252080444127312
2016-12-12,0.0,0.0,0.0,0.0,0.0,0.0,0.22660557577612855,0.0,0.0,0.0,0.5228058443076881
2016-12-13,0.0,4.2573296652709205,0.0,4.2573296652709205,0.0,0.0,0.21917749428029493,0.0,0.0,0.0,0.5207923514892495
2016-12-14,0.0,0.0,0.0,0.0,0.0,0.0,0.2122657809022347,0.0,0.0,0.0,0.5195288288327828
2016-12-15,0.0,0.0,0.0,0.0,0.0,1.9101267572390006e-07,0.20589200159158505,0.0,0.0,0.0,0.5191645855360606
2016-12-16,0.0,0.0,0.0,0.0,0.0,8.696323778923197e-08,0.19995884378815076,0.0,0.0,0.0,0.5196585162215107
2016-12-17,0.0,6.518211738671073e-05,0.0,6.518211738671073e-05,0.0,0.0,0.19439574560309303,0.0,0.0,0.0,0.520783792824497
2016-12-18,0.0,11.996621428117402,0.0,11.996621428117402,0.0,0.0,0.18911728169012568,0.0,0.0,0.0,0.5222277069204533
2016-12-19,0.0,0.00012258569566886684,0.0,0.00012258569566886684,0.0,0.0,0.18411326261531555,0.0,0.0,0.0,0.5236709258173932
2016-12-20,0.0,0.0,0.0,0.0,0.0,5.326833491025434e-06,0.17936350934333203,0.0,0.0,0.0,0.5248795543880453
2016-12-21,0.0,3.487168545379207,0.0,3.487168545379207,0.0,0.0,0.17496179437446424,0.0,0.0,0.0,0.5256530896335436
2016-12-22,0.0,0.07393212631601093,0.0,0.07393212631601093,0.0,0.0,0.17079676815495543,0.0,0.0,0.0,0.5258965012191678
2016-12-23,0.0,0.0,0.0,0.0,0.0,0.0,0.16683633989340715,0.0,0.0,0.0,0.5255723637492239
2016-12-24,0.0,0.0,0.0,0.0,0.0,1.2050989148747097e-08,0.1630865167708804,0.0,0.0,0.0,0.5246973847982482
2016-12-25,0.0,5.944548911795959,0.0,5.944548911795959,0.0,0.0,0.1595217467332101,0.0,0.0,0.0,0.5233211198941184
2016-12-26,0.0,0.000324209824670712,0.0,0.000324209824670712,0.0,0.0,0.15607770685230413,0.0,0.0,0.0,0.5215118773993596
2016-12-27,0.0,0.0,0.0,0.0,0.0,2.355092419184403e-06,0.15266581865232745,0.0,0.0,0.0,0.5193484819961262
2016-12-28,0.0,0.0,0.0,0.0,0.0,0.0,0.1493912714989335,0.0,0.0,0.0,0.516911619631765
2016-12-29,0.0,0.0,0.0,0.0,0.0,0.0,0.14626685620595434,0.0,0.0,0.0,0.5142743767686383
2016-12-30,0.0,11.187276426428669,0.0,11.187276426428669,0.0,0.0,0.1432954522833702,0.0,0.0,0.0,0.5114981005608608
2016-12-31,0.0,0.0,0.0,0.0,0.0,0.0,0.14038396715537946,0.0,0.0,0.0,0.5086395016049718
2017-01-01,0.0,0.0,0.0,0.0,0.0,0.0,0.1375852865241535,0.0,0.0,0.0,0.5057432454892524
2017-01-02,0.0,0.0,0.0,0.0,0.0,6.956054678177364e-07,0.13491584324621292,0.0,0.0,0.0,0.5028419940009173
2017-01-03,0.0,0.0,0.0,0.0,0.0,4.661186470060883e-05,0.13234139828986752,0.0,0.0,0.0,0.49996281581541363
2017-01-04,0.0,0.0,0.0,0.0,0.0,1.704084476554546e-05,0.12987533188080305,0.0,0.0,0.0,0.49712689342752875
2017-01-05,0.0,5.183775698167793,0.0,5.183775698167793,0.0,0.0,0.12749970373614844,0.0,0.0,0.0,0.4943467426734008
2017-01-06,0.0,15.168913611747726,0.0,15.168913611747726,0.0,0.0,0.12516906020605753,0.0,0.0,0.0,0.4916349939706679
2017-01-07,0.0,4.998608574796688,0.0,4.998608574796688,0.0,0.0,0.12297147079024326,0.0,0.0,0.0,0.4889903053623906
2017-01-08,0.0,5.122359101541689,0.0,5.122359101541689,0.0,0.0,0.12084480315273952,0.0,0.0,0.0,0.48638042011017596
2017-01-09,0.0,3.6519831592406415,0.0,3.6519831592406415,0.0,0.0,0.11875123745092295,0.0,0.0,0.0,0.4834061150396051
2017-01-10,0.0,0.0,0.0,0.0,0.0,0.00010795133916758995,0.11674215341251241,0.0,0.0,0.0,0.42029444514491976
2017-01-11,0.0,0.0,0.0,0.0,0.0,2.2012189314040126e-06,0.11480442837895986,0.0,0.0,0.0,0.4181021237119413
2017-01-12,0.0,0.0,0.0,0.0,0.0,4.550738724223316e-06,0.11296591502969386,0.0,0.0,0.0,0.41599699226884473
2017-01-13,0.0,2.5015791748240974,0.0,2.5015791748240974,0.0,0.0,0.11121288056904714,0.0,0.0,0.0,0.4139769663929724
2017-01-14,0.0,0.00018148798091040716,0.0,0.00018148798091040716,0.0,0.0,0.10950125796876152,0.0,0.0,0.0,0.41203827384540065
2017-01-15,0.4278959862363694,17.48780356522814,0.0,17.91569955146451,0.4278959862363694,0.0,0.11979905417489581,0.04657500309674223,0.01767779166954357,0.04657500309674223,0.41019024724473213
2017-01-16,0.0,15.303765498008966,0.0,15.303765498008966,0.0,0.0,0.1263129281665039,0.0,0.0,0.0,0.4086578233871306
2017-01-17,0.0,0.0,0.0,0.0,0.0,0.0,0.10768978597508297,0.0,0.0,0.0,0.4071409689830783
2017-01-18,0.0,13.77637918408732,0.0,13.77637918408732,0.0,0.0,0.10592888330014483,0.0,0.0,0.0,0.4051799940355459
2017-01-19,0.5422708339744652,4.712732194413385,0.0,5.25500302838785,0.5422708339744652,0.0,0.11859911610080462,0.17535818985094348,0.12403528490750947,0.17535818985094348,0.559012427713602
2017-01-20,0.0,10.333582743372574,0.0,10.333582743372574,0.0,0.0,0.14275614729405908,0.0,0.0,0.0,0.49359931843620347
2017-01-21,0.0,0.0,0.0,0.0,0.0,0.0,0.12250150653210437,0.0,0.0,0.0,0.4594880432182113
2017-01-22,0.0,0.0,0.0,0.0,0.0,0.0,0.10630667887003904,0.0,0.0,0.0,0.4575241954445998
2017-01-23,0.0,0.10730899834623417,0.0,0.10730899834623417,0.0,0.0,0.10347706582305398,0.0,0.0,0.0,0.45605660835116907
2017-01-24,0.0,0.0,0.0,0.0,0.0,0.0,0.10169564190369562,0.0,0.0,0.0,0.4551067256726074
2017-01-25,0.0,0.0,0.0,0.0,0.0,0.0,0.1000834995108,0.0,0.0,0.0,0.45483778007705
2017-01-26,0.0,0.0,0.0,0.0,0.0,0.0,0.09863420624963105,0.0,0.0,0.0,0.45471538027853214
2017-01-27,0.0,0.0,0.0,0.0,0.0,0.0,0.09730003738214163,0.0,0.0,0.0,0.4542176742058051
2017-01-28,0.0,5.0921673622290315,0.0,5.0921673622290315,0.0,0.0,0.0960370765455861,0.0,0.0,0.0,0.45310490432209244
2017-01-29,0.0,0.5450838142827559,0.0,0.5450838142827559,0.0,0.0,0.09484160503474316,0.0,0.0,0.0,0.45136319595080604
2017-01-30,0.0,0.0,0.0,0.0,0.0,0.0,0.09366964306800864,0.0,0.0,0.0,0.4494493254334491
2017-01-31,0.0,8.131074293516553,0.0,8.131074293516553,0.0,0.0,0.09253118358090043,0.0,0.0,0.0,0.4476096691817723
2017-02-01,0.0,12.873001090847016,0.0,12.873001090847016,0.0,0.0,0.09143953978204564,0.0,0.0,0.0,0.44594898614158146
2017-02-02,0.0,11.625683559018219,0.0,11.625683559018219,0.0,0.0,0.09040788661734701,0.0,0.0,0.0,0.44447857989405093
2017-02-03,0.0,19.630805685076666,0.0,19.630805685076666,0.0,0.0,0.08942814542704514,0.0,0.0,0.0,0.44316827157130473
2017-02-04,0.0,4.097014866768918,0.0,4.097014866768918,0.0,0.0,0.08843747673666576,0.0,0.0,0.0,0.44198014434635685
2017-02-05,0.0,8.148797852467839,0.0,8.148797852467839,0.0,0.0,0.08746823070092716,0.0,0.0,0.0,0.44088290336431163
2017-02-06,0.0,18.354646220916838,0.0,18.354646220916838,0.0,0.0,0.08657363881862436,0.0,0.0,0.0,0.4398517414809029
2017-02-07,16.056889603063908,1.0198771540323166,0.0,17.076766757096223,16.056889603063908,0.0,0.16277198699836767,0.9644493992320079,0.9210858061752657,0.9644493992320079,0.5283795355693875
2017-02-08,0.0,0.0,0.0,0.0,0.0,0.0,1.3615567901530907,0.0,0.0,0.0,0.31579893335516135
2017-02-09,0.0,0.0,0.0,0.0,0.0,0.0,2.281180151464309,0.0,0.0,0.0,0.2978224234826063
2017-02-10,0.0,0.0,0.0,0.0,0.0,0.0,0.6933572367049577,0.0,0.0,0.0,0.2672262034851726
2017-02-11,0.0,0.0,0.0,0.0,0.0,0.0,0.3271655897050769,0.0,0.0,0.0,0.2668316447974886
2017-02-12,2.261723471777954,4.81699681273159,0.0,7.078720284509544,2.261723471777954,0.0,0.2770837138883919,0.3051736240142037,0.25251726193612883,0.3051736240142037,0.2715941057744254
2017-02-13,22.4109019494533,3.7367311365933524,0.0,26.147633086046653,22.4109019494533,0.0,0.5265368373496543,0.8260043767290144,0.7965250873082771,0.8260043767290145,0.11175704266759894
2017-02-14,6.506887658788458,0.0,0.0,6.506887658788458,6.506887658788458,0.0,12.240356935241833,1.0,1.0,1.0,0.6333804503650649
2017-02-15,3.516168322760067,2.332359939254303,0.0,5.84852826201437,3.516168322760067,0.0,7.168613847745773,0.7847144803666543,0.6599721211645293,0.7847144803666543,0.7411973138291211
2017-02-16,1.2163693244732563,1.7704578770804076,0.0,2.986827201553664,1.2163693244732563,0.0,3.6415274003821896,0.5488253024484908,0.436767752472629,0.5488253024484908,0.7490776489240106
2017-02-17,2.6603097494920482,2.1268142193155914,0.0,4.78712396880764,2.6603097494920482,0.0,1.9348033837389065,0.6869400057805854,0.567881089084891,0.6869400057805854,0.7429244254478524
2017-02-18,4.055481677190737,4.752902536382509,0.0,8.808384213573245,4.055481677190737,0.0,2.065185724443266,0.6455675296255007,0.5078881445332267,0.6455675296255007,0.8407515431894765
2017-02-19,0.8506031677637327,1.9448320819819864,0.0,2.795435249745719,0.8506031677637327,0.0,3.066768864949969,0.44407283537718323,0.35778301471760954,0.44407283537718323,0.8572547397791839
2017-02-20,0.0,0.0,0.0,0.0,0.0,5.605604172684155e-05,1.6321369480053078,0.0,0.0,0.0,0.7683557132970161
2017-02-21,0.0,0.0,0.0,0.0,0.0,0.001007909251074703,0.7223577366651788,0.0,0.0,0.0,0.5949529115411057
2017-02-22,0.0,0.0,0.0,0.0,0.0,0.0017363927172144565,0.5006948594619703,0.0,0.0,0.0,0.5993179381566277
2017-02-23,0.0,0.0,0.0,0.0,0.0,0.0025533285745969895,0.4488817928786099,0.0,0.0,0.0,0.6064441040401554
2017-02-24,0.0,3.3861585132705714,0.0,3.3861585132705714,0.0,0.0,0.41410046366667813,0.0,0.0,0.0,0.6143307540110942
2017-02-25,0.0,0.0001067516262395955,0.0,0.0001067516262395955,0.0,0.0,0.39029916908424334,0.0,0.0,0.0,0.6205260338872914
2017-02-26,0.0,3.7214240860309446e-05,0.0,3.7214240860309446e-05,0.0,0.001226293701311831,0.37304395352454106,0.0,0.0,0.0,0.6236975610518478
2017-02-27,0.0,2.150354915425691e-05,0.0,2.150354915425691e-05,0.0,0.0006081339472116361,0.35612451957551966,0.0,0.0,0.0,0.6232011017331415
2017-02-28,1.4237603423797496e-05,7.199104978304121e-05,0.0,8.62286532068387e-05,1.4237603423797496e-05,3.6768300270635227e-06,0.33901977595684574,0.0002477393781741608,0.0002477393781741608,0.0002477393781741608,0.6190429608388844
2017-03-01,0.00014097832816176812,0.00015401275573602267,0.01756031662352923,0.0002949910838977908,0.017701294951691,0.0015022197029366218,0.32424883125462495,0.0007432181345224824,0.00044871753828194187,5.919208190724955e-06,0.6085938299530612
2017-03-02,0.7863841812228027,5.56382524809037,0.0,6.350209429313173,0.7863841812228027,0.0,0.33205154701436707,0.2571121846484165,0.16633294263841034,0.2571121846484165,0.6460597691474693
2017-03-03,0.0,0.0,0.0,0.0,0.0,9.594477913744994e-05,0.45272094692495596,0.0,0.0,0.0,0.5803101976279147
2017-03-04,0.0,3.010903839936269,0.0,3.010903839936269,0.0,0.0010819103753965868,0.3680581751285109,0.0,0.0,0.0,0.5585363479311375
2017-03-05,0.0,11.528023486493204,0.0,11.528023486493204,0.0,0.0,0.3028333317108913,0.0,0.0,0.0,0.5579391175555327
2017-03-06,0.7215755562376581,5.926304402943464,0.0,6.647879959181123,0.7215755562376581,0.0,0.29784065203720944,0.2553780090011974,0.19515806676243158,0.2553780090011974,0.5347442670089212
2017-03-07,10.818761617383801,0.0,0.004812102904292906,10.818761617383801,10.823573720288094,0.0,0.528119560111798,1.0,1.0,0.9995554053560635,0.632628616267949
2017-03-08,0.0,0.0,3.044215834567529,0.0,3.044215834567529,0.006778285374010307,2.756750674884907,0.0,0.0,0.0,0.36142903017001976
2017-03-09,0.12073735540820164,0.0,1.1023959561874594,0.12073735540820164,1.223133311595661,0.002465806355720198,3.550888296731995,0.039597010611503364,0.039597010611503364,0.003908681333407953,0.23587579689419078
2017-03-10,0.0,0.0,3.8340388276163644,0.0,3.8340388276163644,0.022833296511591716,1.9034382642670393,0.0,0.0,0.0,0.23596713893851493
2017-03-11,8.655021431748104,0.0,6.801074056717967,8.655021431748104,15.45609548846607,0.0,3.467541579890746,1.0,1.0,0.559974635133874,0.3516282839659293
2017-03-12,10.494242619793793,0.0,9.237097557194266,10.494242619793793,19.73134017698806,0.0,12.831687560868591,1.0,1.0,0.5318565553916528,0.3393000872714749
2017-03-13,0.00021467549813452197,0.0,5.531145124737688,0.00021467549813452197,5.531359800235823,0.01366430293245128,16.019026482587616,0.0007432181345224824,0.0007432181345224824,2.8844755903317267e-08,0.32024101211554906
2017-03-14,0.0,0.0,0.5307870099485386,0.0,0.5307870099485386,0.042604131720943135,6.891454506841233,0.0,0.0,0.0,0.27697812833405894
2017-03-15,5.999735012186278,0.05034309795170305,0.04898136052721315,6.0500781101379815,6.048716372713491,0.004676912406525354,1.9128042627439927,1.0,0.9953391523916254,0.9919021892399892,0.471001921398686
2017-03-16,0.0001210769850509909,0.00013690022498115577,1.0655555050276588,0.0002579772100321467,1.0656765820127099,0.09107300491134143,2.9441654474501537,0.0007432181345224824,0.0004449944872129818,8.444082612123188e-08,0.2635843105123858
2017-03-17,0.0,0.0,0.10149944192034487,0.0,0.10149944192034487,0.08679290552338745,2.7228517811604207,0.0,0.0,0.0,0.2913503605043924
2017-03-18,0.8231925009428226,1.652784295882295,3.688137300485677e-05,2.4759767968251176,0.8232293823158274,0.0004570463755610075,0.9775577160034072,0.4574507617985879,0.36673165057757534,0.45743026761733097,0.6151873009892229
2017-03-19,6.7226242287836255,0.0,0.5243681955042166,6.7226242287836255,7.246992424287842,0.0,1.067867599344046,1.0,1.0,0.9276433360483682,0.5315819656871242
2017-03-20,0.0,0.0,2.284984766989087,0.0,2.284984766989087,0.06530559258884872,3.6908523096677683,0.0,0.0,0.0,0.384496477035633
2017-03-21,7.998126788745065,0.056974051832764584,0.5205495297341534,8.055100840577829,8.51867631847922,0.02014201585664606,3.8280386414939436,1.0,0.9953825158645487,0.9388931436912391,0.47530382760031786
2017-03-22,6.597613495157564,0.0,1.723101573630537,6.597613495157564,8.3207150687881,3.9977356252371305e-07,6.066841831657873,1.0,1.0,0.7929142436214315,0.4343333826146216
2017-03-23,0.0,0.0,0.7710374048442149,0.0,0.7710374048442149,0.1145723932478967,7.046877254681542,0.0,0.0,0.0,0.4834301251809583
2017-03-24,4.766169608060854,0.876319967545259,6.290186464530997e-05,5.642489575606112,4.766232509925499,0.0,3.0801368565127194,0.9590817127049011,0.8684131834737374,0.9590690553223772,0.7827465209827592
2017-03-25,2.4147836345497646e-05,0.0,1.6780042367214343,2.4147836345497646e-05,1.6780283845577797,0.11210852194273904,2.997124823661698,0.0007432181345224824,0.0007432181345224824,1.069535536264761e-08,0.4895281729776119
2017-03-26,5.237361445833622,0.026300740406209586,1.6867631293118077,5.263662186239832,6.92412457514543,2.3860860105174873e-05,3.160581990471313,1.0,0.9957205836955275,0.756393301275002,0.48893347208102284
2017-03-27,0.28199926207442694,0.0,5.613360843093691,0.28199926207442694,5.895360105168118,0.07941646088736214,4.916715227715071,0.04686403237127875,0.04686403237127875,0.00224169894811808,0.37336166345841565
2017-03-28,0.0,0.0,1.1376404233401953,0.0,1.1376404233401953,0.11226083871959018,5.1966098208238645,0.0,0.0,0.0,0.2954673748363294
2017-03-29,0.0,0.0,4.845011888164571,0.0,4.845011888164571,0.2646570662461267,2.5922451060047456,0.0,0.0,0.0,0.23037167172093784
2017-03-30,0.0,0.0,7.240525867913693,0.0,7.240525867913693,0.1450169456281335,3.596435580908933,0.0,0.0,0.0,0.17567344120027314
2017-03-31,0.0,0.0,1.1280340558900577,0.0,1.1280340558900577,0.09313068793705757,5.001414212996902,0.0,0.0,0.0,0.12195123429303621
2017-04-01,0.0,0.0,0.8586629492736176,0.0,0.8586629492736176,0.29987195648312687,2.3890723279941986,0.0,0.0,0.0,0.12128337248558181
2017-04-02,2.098195790562062,0.0,1.8603461786201378,2.098195790562062,3.9585419691821997,0.15004518057262656,1.3213441066096299,1.0,1.0,0.5300425780241332,0.2373282403479372
2017-04-03,5.39096804421502,0.0,8.948949966528183,5.39096804421502,14.339918010743203,0.04083665105262015,2.8782860802390515,1.0,1.0,0.37594134360992904,0.3499538831783838
2017-04-04,11.36963951045481,0.0,8.857474130013271,11.36963951045481,20.227113640468083,0.004131634021725199,12.750320412785198,1.0,1.0,0.5620989584845039,0.4978965151174046
2017-04-05,6.115136593811313,0.0,2.5515943480591887,6.115136593811313,8.666730941870501,0.08905671788103106,16.67882007178952,0.9609397580412073,0.9609397580412073,0.6780270344446305,0.6524925668551584
2017-04-06,0.0,0.0,0.2267986326317546,0.0,0.2267986326317546,0.3016781344431616,8.193293473994911,0.0,0.0,0.0,0.49308232772591953
2017-04-07,2.064885900342837,0.8455388545677289,0.003255537098273448,2.910424754910566,2.0681414374411107,0.21398436355711403,2.5204277999959976,0.896238490441389,0.7829481973278,0.8948276886452882,0.5486481938849211
2017-04-08,0.0,0.0,0.45865039210363046,0.0,0.45865039210363046,0.3171277576140488,1.2674954019604434,0.0,0.0,0.0,0.48242607392145836
2017-04-09,8.45501475788965,4.435561112880402,0.024111006240398726,12.890575870770052,8.479125764130048,0.23440358529818606,1.4269042412253408,0.830092076468888,0.7141940065453362,0.8277316497229474,0.7000603848023147
2017-04-10,17.510664877060268,0.0,2.482057468993439,17.510664877060268,19.992722346053707,0.01798984541841071,7.200305917942385,1.0,1.0,0.8758519512234729,0.6994274342671626
2017-04-11,0.0,0.0,1.8175358778689907,0.0,1.8175358778689907,0.27815126340190904,14.128719362146077,0.0,0.0,0.0,0.7641737003792413
2017-04-12,0.0,0.0,0.19110173164662816,0.0,0.19110173164662816,0.43026248543044615,4.896772329806688,0.0,0.0,0.0,0.6607097446304656
2017-04-13,0.0,0.0,0.5261441172217001,0.0,0.5261441172217001,0.5247551148122844,1.2111170636040098,0.0,0.0,0.0,0.5986249445336358
2017-04-14,4.080974409045125,0.0,1.352079467172377,4.080974409045125,5.433053876217502,0.29241348802817324,0.756055539085526,1.0,1.0,0.7511382183985085,0.5821754948038208
2017-04-15,4.146104460321912,0.0,6.136626759267639,4.146104460321912,10.28273121958955,0.13073854628272474,2.485286933309548,1.0,1.0,0.40321042841450544,0.4324946972469074
2017-04-16,2.9035799879174298,0.0,4.0505689336597905,2.9035799879174298,6.95414892157722,0.2679451447627213,7.731409886616555,0.9362896899128783,0.9362896899128783,0.3909309445601957,0.3678743338781061
2017-04-17,5.288439578291109,0.0,3.149778500557324,5.288439578291109,8.438218078848433,0.2973485660824136,7.012747233967065,1.0,1.0,0.6267246862874186,0.4415097686629192
2017-04-18,0.0,0.0,4.004418272831282,0.0,4.004418272831282,0.4290629038774103,6.943657800657487,0.0,0.0,0.0,0.4132530890330295
2017-04-19,0.0,0.0,3.840165083302919,0.0,3.840165083302919,0.7872366883038098,4.5590911575941995,0.0,0.0,0.0,0.48401122842738853
2017-04-20,0.0,0.0,7.155808886329851,0.0,7.155808886329851,0.48357999681528097,3.5534338764152995,0.0,0.0,0.0,0.26921365417714593
2017-04-21,2.256487720549249,0.0,3.374069179781482,2.256487720549249,5.630556900330731,0.3678446696199595,5.169212789694303,0.4996903257772823,0.4996903257772823,0.20025462918729423,0.2807643204985139
2017-04-22,2.5348455830846444,0.0,3.0734853997110085,2.5348455830846444,5.608330982795653,0.20182617033967315,4.908794152484347,0.7288905404847433,0.7288905404847433,0.32944292567036093,0.212868470123034
2017-04-23,1.4696069677026993,0.0,3.166699950755314,1.4696069677026993,4.636306918458013,0.3945162420211006,4.9982057124952695,0.6542796977579586,0.6542796977579586,0.20739222393225604,0.3040004563745086
2017-04-24,0.2713952845474589,0.0,1.6735250565481317,0.2713952845474589,1.9449203410955906,0.5811500923518025,4.214265384429221,0.13344894504314794,0.13344894504314794,0.018621541277182466,0.41789384173473815
2017-04-25,0.0,0.0,0.23426453228743022,0.0,0.23426453228743022,0.699549283646425,2.378450043264528,0.0,0.0,0.0,0.24983782142469205
2017-04-26,0.0,0.0,3.1770595527470333,0.0,3.1770595527470333,0.7481716465485092,0.9997012648567417,0.0,0.0,0.0,0.24620160320547183
2017-04-27,0.00016472191960261256,0.0,1.8966389779679043,0.00016472191960261256,1.8968036998875069,0.9849303835360255,1.2106087982626115,0.0007432181345224824,0.0007432181345224824,6.454242882870621e-08,0.19642934001771908
2017-04-28,0.0,0.0,2.4249889369754127,0.0,2.4249889369754127,0.47609826372864794,1.4874107552793465,0.0,0.0,0.0,0.2236017316437117
2017-04-29,0.0,0.0,0.6392328834890233,0.0,0.6392328834890233,0.7632125851598239,1.5780895006971045,0.0,0.0,0.0,0.18182100905712004
2017-04-30,0.0,0.0,7.993287319125951,0.0,7.993287319125951,0.8493859286540184,1.1457158695621619,0.0,0.0,0.0,0.14607073286273595
2017-05-01,0.0,0.0,18.981154450926315,0.0,18.981154450926315,0.9142295153068555,4.89495252425567,0.0,0.0,0.0,0.07564645804010765
2017-05-02,5.167443654096285,0.0,21.566706548486867,5.167443654096285,26.73415020258315,0.3725733077290403,17.23521753690842,1.0,1.0,0.19328999107654404,0.03721239997779037
2017-05-03,0.40751146186108744,0.0,8.394061931635774,0.40751146186108744,8.801573393496861,1.5107163475397112,20.539148368989952,0.2094223543498906,0.2094223543498906,0.009696222022141002,0.10695161203145594
2017-05-04,0.0,0.0,1.215842111799655,0.0,1.215842111799655,1.0576343904866994,8.722638776379327,0.0,0.0,0.0,0.0952621253721092
2017-05-05,0.0,0.0,3.571662708286925,0.0,3.571662708286925,1.009599990131272,2.809556796780637,0.0,0.0,0.0,0.08739592518855992
2017-05-06,0.0,0.0,8.436960229583626,0.0,8.436960229583626,1.1358070958375697,1.9667644413812595,0.0,0.0,0.0,0.06471138340680739
2017-05-07,0.0,0.0,10.657403530120213,0.0,10.657403530120213,1.150911000586841,5.985490318181157,0.0,0.0,0.0,0.04288534164158208
2017-05-08,3.1163384898609876,0.0,12.501572766665491,3.1163384898609876,15.61791125652648,0.6721259169486029,9.60663409190537,0.9400470704818531,0.9400470704818531,0.1875734097797149,0.025138134787507233
2017-05-09,6.01283604822285,0.0,5.147433894596572,6.01283604822285,11.160269942819422,1.054918577450157,12.265885323700346,1.0,1.0,0.5387715600993631,0.08935340058080399
2017-05-10,4.1564875563513635,0.0,0.2962952546379697,4.1564875563513635,4.4527828109893335,1.1160525474792933,8.501202140850749,1.0,1.0,0.9334584085469603,0.1840143424958706
2017-05-11,0.0,0.0,0.2804277581285734,0.0,0.2804277581285734,0.9163550222804452,3.7994974713995635,0.0,0.0,0.0,0.41976841894232403
2017-05-12,3.5461757404231395,0.0,0.9697562660774223,3.5461757404231395,4.515932006500562,0.5671931157304615,1.4662399540002018,1.0,1.0,0.7852588868296767,0.43454170659692265
2017-05-13,3.4695297061329837,0.0,0.5610081812571609,3.4695297061329837,4.030537887390144,0.8049762871891841,1.3560650784482942,1.0,1.0,0.8608105923002687,0.41273717367211527
2017-05-14,4.465750213430525,0.0,0.2497336749310961,4.465750213430525,4.715483888361621,0.22201304805462166,2.6616997771664237,1.0,1.0,0.9470396504699192,0.4202201042077402
2017-05-15,0.0,0.0,2.555995826322091,0.0,2.555995826322091,0.8483705274190417,3.099927447873725,0.0,0.0,0.0,0.4757300942834884
2017-05-16,0.0,0.0,6.330018549383096,0.0,6.330018549383096,1.3014087623315032,2.5657225460069606,0.0,0.0,0.0,0.47404884109909445
2017-05-17,0.0,0.0,9.022778987553185,0.0,9.022778987553185,1.3181562240499392,4.389131677133485,0.0,0.0,0.0,0.37765326242431024
2017-05-18,0.0,0.0,8.405712945794024,0.0,8.405712945794024,1.233806723289765,7.304517642172328,0.0,0.0,0.0,0.07011766189314433
2017-05-19,0.0,0.0,9.766692716966476,0.0,9.766692716966476,1.5304488628468356,7.624736496482392,0.0,0.0,0.0,0.026017822044152854
2017-05-20,0.0,0.0,10.079450169051734,0.0,10.079450169051734,1.6576569858363217,8.515932863030384,0.0,0.0,0.0,0.01934804364379984
2017-05-21,0.0,0.0,7.405913082341612,0.0,7.405913082341612,2.20601177374222,8.522621726857986,0.0,0.0,0.0,0.01548158872552625
2017-05-22,0.0,0.0,1.5105916913965263,0.0,1.5105916913965263,1.7262873432160926,6.116455995523368,0.0,0.0,0.0,0.016087356123878644
2017-05-23,0.0,0.0,3.088497187546323,0.0,3.088497187546323,1.2537612090638022,2.663249800246421,0.0,0.0,0.0,0.019232957724749387
2017-05-24,0.0,0.0,4.763232033752666,0.0,4.763232033752666,1.4401681938087663,1.889227553742944,0.0,0.0,0.0,0.01683315576847197
2017-05-25,0.0,0.0,5.906455096028616,0.0,5.906455096028616,1.5874986197390215,3.6917785791166615,0.0,0.0,0.0,0.02851721318102098
2017-05-26,0.0,0.0,5.753593812432262,0.0,5.753593812432262,1.807990308196558,4.943503139902801,0.0,0.0,0.0,0.02675174353969954
2017-05-27,0.0,0.0,5.1449221735302695,0.0,5.1449221735302695,1.8829858319235693,5.048615884290437,0.0,0.0,0.0,0.019787284990941845
2017-05-28,2.0346959825198825,0.0,3.209895268784557,2.0346959825198825,5.24459125130444,1.8380408916101008,4.536297394983509,1.0,1.0,0.3879608314592316,0.020303746950473323
2017-05-29,2.65862748556722,0.0,1.4371072495099189,2.65862748556722,4.095734735077139,1.5665537289291198,3.32303946855386,0.8485899500392254,0.8485899500392254,0.5508375691005065,0.023903851576219742
2017-05-30,4.604321010659074,0.0,0.85212598355222,4.604321010659074,5.456446994211294,0.9030600974284675,1.8927345353736535,1.0,1.0,0.8438313458453396,0.03858373654793389
2017-05-31,0.0,0.0,0.8248027536051263,0.0,0.8248027536051263,1.5281644234449172,1.3352780080164226,0.0,0.0,0.0,0.04803134738099099
2017-06-01,0.0,0.0,0.6427325639994496,0.0,0.6427325639994496,1.674132887657924,1.1454388297165876,0.0,0.0,0.0,0.06475248500032359
2017-06-02,0.0,0.0,0.25789361769647057,0.0,0.25789361769647057,1.6044446922343976,0.5975356761718464,0.0,0.0,0.0,0.08108573515656343
2017-06-03,0.0,0.0,0.267945328233289,0.0,0.267945328233289,1.703635760965436,0.3518666230011232,0.0,0.0,0.0,0.09309628128693558
2017-06-04,0.0,0.0,0.3880537508830189,0.0,0.3880537508830189,1.6961390742020177,0.2236597105655142,0.0,0.0,0.0,0.11094861028191226
2017-06-05,3.8791982781893046,0.0,0.30676510384310235,3.8791982781893046,4.185963382032407,1.10149958006092,0.16820523280065947,1.0,1.0,0.926715769860806,0.14550420435699898
2017-06-06,5.740400903963545,0.0,0.05946173169092536,5.740400903963545,5.7998626356544705,1.9942048937729058,0.15922632089895947,1.0,1.0,0.9897477344850573,0.12948934461059186
2017-06-07,0.0,0.0,0.01312575129465066,0.0,0.01312575129465066,1.5866297211624083,0.36428943664644864,0.0,0.0,0.0,0.12502047656207754
2017-06-08,3.9003393330689504,0.0,0.014401109549488655,3.9003393330689504,3.914740442618439,0.7771179310944021,0.30916112301895193,1.0,1.0,0.9963213117802885,0.14826034577524339
2017-06-09,0.0,0.0,0.039909075060918314,0.0,0.039909075060918314,1.3903483488625323,0.20845375448348785,0.0,0.0,0.0,0.14432921539010207
2017-06-10,0.0,0.0,0.033342130392419275,0.0,0.033342130392419275,0.9427785748704806,0.11021181104637351,0.0,0.0,0.0,0.14880672968221453
2017-06-11,0.0,0.0,0.016541147397251987,0.0,0.016541147397251987,1.1116219296299341,0.0819962159165427,0.0,0.0,0.0,0.15225321076376555
2017-06-12,0.7117844698158363,0.0,0.025740371300122994,0.7117844698158363,0.7375248411159593,1.3222194620500842,0.06998288603605744,0.7583715264874685,0.7583715264874685,0.7319035845457553,0.17880965492720255
2017-06-13,10.15354901527713,0.0,0.017475483229502972,10.15354901527713,10.171024498506634,0.488309735930035,0.08454910000716184,1.0,1.0,0.9982818364824438,0.2466337128093439
2017-06-14,0.0,0.0,0.016143019624444317,0.0,0.016143019624444317,0.6623970881177269,0.11067095741708034,0.0,0.0,0.0,0.19836946447333412
2017-06-15,0.0,0.0,0.014799847984995089,0.0,0.014799847984995089,1.5189683124528954,0.8393817517742341,0.0,0.0,0.0,0.18298401461477176
2017-06-16,0.0,0.0,0.010262279359075225,0.0,0.010262279359075225,1.613784700017292,0.4566650585483444,0.0,0.0,0.0,0.19294811258178227
2017-06-17,0.0,0.0,0.0033385522220933804,0.0,0.0033385522220933804,2.119491730220853,0.16477526981676166,0.0,0.0,0.0,0.1999073135949033
2017-06-18,0.0,0.0,0.0005444353262275338,0.0,0.0005444353262275338,2.295465581087455,0.06244663031139794,0.0,0.0,0.0,0.22036941622561523
2017-06-19,0.0,0.0,0.0001458214312558484,0.0,0.0001458214312558484,2.0818483733285436,0.01906275071274722,0.0,0.0,0.0,0.2696628039437818
2017-06-20,0.0,0.0,6.252781358358213e-05,0.0,6.252781358358213e-05,2.047196597830852,0.00612152768424247,0.0,0.0,0.0,0.2644970997275584
2017-06-21,0.0,0.0,2.255985808840347e-05,0.0,2.255985808840347e-05,2.1052073240249065,0.004653532727794611,0.0,0.0,0.0,0.24795299845554233
2017-06-22,0.0,0.0,5.478053124139265e-06,0.0,5.478053124139265e-06,2.267227950343723,0.0036824943681730165,0.0,0.0,0.0,0.24818172397568794
2017-06-23,0.0,0.0,7.708578922279363e-07,0.0,7.708578922279363e-07,2.565371996341203,0.0026820893277780377,0.0,0.0,0.0,0.2533882202388543
2017-06-24,0.0,0.0,0.0,0.0,0.0,2.4570818230310603,0.001734172334459043,0.0,0.0,0.0,0.2148271998929507
2017-06-25,0.0,0.0,0.0,0.0,0.0,2.3358394695188816,0.000993114003273708,0.0,0.0,0.0,0.20027238459004804
2017-06-26,0.0,0.0,0.0,0.0,0.0,1.8683546033118512,0.0007587935480356112,0.0,0.0,0.0,0.17103867856719743
2017-06-27,0.0,0.0,0.0,0.0,0.0,2.2209084247773148,0.0007600829698247885,0.0,0.0,0.0,0.15983971612165074
2017-06-28,0.0,0.0,0.0,0.0,0.0,2.2540289641837186,0.0007519011114115417,0.0,0.0,0.0,0.13692597096815273
2017-06-29,0.0,0.0,0.0,0.0,0.0,2.0584641390182625,0.0006469288831847932,0.0,0.0,0.0,0.14650895049083704
2017-06-30,0.0,0.0,0.0,0.0,0.0,2.3371099787898384,0.0003829924815301602,0.0,0.0,0.0,0.16203287126786112
2017-07-01,0.0,0.0,0.0,0.0,0.0,2.184819572798671,0.0002011021222694118,0.0,0.0,0.0,0.2519117077671181
2017-07-02,0.0,0.0,0.0,0.0,0.0,2.4322001769957016,5.5664303099802805e-05,0.0,0.0,0.0,0.3291188664368744
2017-07-03,0.0,0.0,0.0,0.0,0.0,2.4999371805497943,3.602787007801799e-05,0.0,0.0,0.0,0.07456271893948312
2017-07-04,0.0,0.0,0.0,0.0,0.0,2.552106307639301,5.224964876124784e-05,0.0,0.0,0.0,0.08199977086764185
2017-07-05,0.0,0.0,0.0,0.0,0.0,2.6691378490907383,1.7120002589271783e-05,0.0,0.0,0.0,0.0
2017-07-06,0.0,0.0,0.0,0.0,0.0,2.5658894204794866,0.0,0.0,0.0,0.0,0.0
2017-07-07,0.0,0.0,0.0,0.0,0.0,1.972965452901853,0.0,0.0,0.0,0.0,0.0
2017-07-08,0.0,0.0,0.0,0.0,0.0,1.67374089701292,0.0,0.0,0.0,0.0,0.0
2017-07-09,0.0,0.0,0.0,0.0,0.0,1.9550920782278978,0.0,0.0,0.0,0.0,0.0
2017-07-10,0.0,0.0,0.0,0.0,0.0,1.8414078904489732,0.0,0.0,0.0,0.0,0.0
2017-07-11,0.0,0.0,0.0,0.0,0.0,1.6246548227331064,0.0,0.0,0.0,0.0,0.0
2017-07-12,0.0,0.0,0.0,0.0,0.0,2.1619138461570517,0.0,0.0,0.0,0.0,0.0
2017-07-13,0.0,0.0,0.0,0.0,0.0,1.8094633375997429,3.826884401158531e-07,0.0,0.0,0.0,0.0
2017-07-14,0.0,0.0,0.0,0.0,0.0,1.7205951982516268,2.8153710550361974e-06,0.0,0.0,0.0,0.0
2017-07-15,0.0,0.0,0.0,0.0,0.0,1.6751225657780096,0.0,0.0,0.0,0.0,0.0
2017-07-16,0.0,0.0,0.0,0.0,0.0,1.7397195923780557,3.992921451187643e-07,0.0,0.0,0.0,0.0
2017-07-17,0.0,0.0,0.0,0.0,0.0,1.6678504031568213,1.9500835027445135e-05,0.0,0.0,0.0,0.0
2017-07-18,0.0,0.0,0.0,0.0,0.0,1.1308480497318913,8.859831860123253e-06,0.0,0.0,0.0,0.0
2017-07-19,0.0,0.0,0.0,0.0,0.0,1.6085112559625228,5.679097963309606e-07,0.0,0.0,0.0,0.0
2017-07-20,0.0,0.0,0.0,0.0,0.0,1.5630014425141856,3.641184722986564e-05,0.0,0.0,0.0,0.0
2017-07-21,0.0,0.0,0.0,0.0,0.0,1.6634337060836375,4.726531614236131e-05,0.0,0.0,0.0,0.0
2017-07-22,0.0,0.0,0.0,0.0,0.0,1.9023452344540555,8.296827526524713e-06,0.0,0.0,0.0,0.0
2017-07-23,0.0,0.0,0.0,0.0,0.0,1.7418662723010334,0.0,0.0,0.0,0.0,0.0
2017-07-24,0.0,0.0,0.0,0.0,0.0,1.842723462790374,1.481529725984073e-06,0.0,0.0,0.0,0.0
2017-07-25,0.0,0.0,0.0,0.0,0.0,1.672185929131495,2.802793346467858e-06,0.0,0.0,0.0,0.0
2017-07-26,0.0,0.0,0.0,0.0,0.0,1.8187812426681562,0.0,0.0,0.0,0.0,0.0
2017-07-27,0.0,0.0,0.0,0.0,0.0,1.5728198723330167,2.5961712872582007e-08,0.0,0.0,0.0,0.0
2017-07-28,0.0,0.0,0.0,0.0,0.0,1.5720114499671027,8.172612247961563e-06,0.0,0.0,0.0,0.0
2017-07-29,0.0,0.0,0.0,0.0,0.0,1.8140203248739288,3.920757214737074e-06,0.0,0.0,0.0,0.0
2017-07-30,0.0,0.0,0.0,0.0,0.0,1.7990903646663245,1.5570424423230275e-06,0.0,0.0,0.0,0.0
2017-07-31,0.0,0.0,0.0,0.0,0.0,1.7379134538502885,3.7582279419705743e-06,0.0,0.0,0.0,0.0
2017-08-01,0.0,0.0,0.0,0.0,0.0,1.8604254197501284,2.2251455253458507e-08,0.0,0.0,0.0,0.0
2017-08-02,0.0,0.0,0.0,0.0,0.0,1.8030387036765898,0.0,0.0,0.0,0.0,0.0
2017-08-03,0.0,0.0,0.0,0.0,0.0,1.5852516655946316,0.0,0.0,0.0,0.0,0.0
2017-08-04,0.0,0.0,0.0,0.0,0.0,1.5168324580245298,0.0,0.0,0.0,0.0,0.0
2017-08-05,0.0,0.0,0.0,0.0,0.0,1.505553975530529,0.0,0.0,0.0,0.0,0.0
2017-08-06,0.0,0.0,0.0,0.0,0.0,1.618056908113338,0.0,0.0,0.0,0.0,0.0
2017-08-07,0.0,0.0,0.0,0.0,0.0,1.578028856694401,0.0,0.0,0.0,0.0,0.0
2017-08-08,0.0,0.0,0.0,0.0,0.0,1.5579181357087577,0.0,0.0,0.0,0.0,0.0
2017-08-09,0.0,0.0,0.0,0.0,0.0,1.619922584133705,0.0,0.0,0.0,0.0,0.0
2017-08-10,8.263165312604233,0.0,0.0,8.263165312604233,8.263165312604233,1.0636831234054687,5.2861932364370166e-05,1.0,1.0,1.0,0.0
2017-08-11,0.0,0.0,0.0,0.0,0.0,1.0392035957618055,7.554170255090638e-05,0.0,0.0,0.0,0.0
2017-08-12,0.0,0.0,0.0,0.0,0.0,0.9697015724927983,0.0,0.0,0.0,0.0,0.0
2017-08-13,0.0,0.0,0.0,0.0,0.0,1.0730535210460341,2.5101469878269265e-05,0.0,0.0,0.0,0.0
2017-08-14,0.0,0.0,0.0,0.0,0.0,0.9649930113083599,7.177400251263005e-05,0.0,0.0,0.0,0.0
2017-08-15,0.0,0.0,0.0,0.0,0.0,1.1638899418436444,6.861890795224575e-05,0.0,0.0,0.0,0.0
2017-08-16,0.0,0.0,0.0,0.0,0.0,1.076218433534161,3.32911033527218e-05,0.0,0.0,0.0,0.0
2017-08-17,0.0,0.0,0.0,0.0,0.0,0.8177427566864662,3.5029726805734086e-05,0.0,0.0,0.0,0.0
2017-08-18,0.0,0.0,0.0,0.0,0.0,0.8892064802889725,2.8461606590177838e-05,0.0,0.0,0.0,0.0
2017-08-19,0.0,0.0,0.0,0.0,0.0,0.9420591612307693,4.246578147727207e-05,0.0,0.0,0.0,0.0
2017-08-20,0.0,0.0,0.0,0.0,0.0,1.0987887506352516,6.727694239389236e-05,0.0,0.0,0.0,0.0
2017-08-21,0.0,0.0,0.0,0.0,0.0,0.9581308656424424,4.773575982609839e-05,0.0,0.0,0.0,0.0
2017-08-22,0.0,0.0,0.0,0.0,0.0,0.7070788911040834,2.801389946409214e-05,0.0,0.0,0.0,0.0
2017-08-23,0.0,0.0,0.0,0.0,0.0,0.9090919796537104,7.521767967314158e-06,0.0,0.0,0.0,0.0
2017-08-24,0.0,0.0,0.0,0.0,0.0,0.8061185630220598,5.036943655121342e-05,0.0,0.0,0.0,0.0
2017-08-25,0.0,0.0,0.0,0.0,0.0,0.9355620424103143,8.693608536144337e-05,0.0,0.0,0.0,0.0
2017-08-26,0.0,0.0,0.0,0.0,0.0,0.9309535626256994,8.433522259257684e-05,0.0,0.0,0.0,0.0
2017-08-27,0.0,0.0,0.0,0.0,0.0,1.1457308010071323,5.6702666757957894e-05,0.0,0.0,0.0,0.0
2017-08-28,0.0,0.0,0.0,0.0,0.0,0.9907513722786843,1.2049138524388084e-05,0.0,0.0,0.0,0.0
2017-08-29,0.0,0.0,0.0,0.0,0.0,0.7331251390943303,1.9004343622068015e-05,0.0,0.0,0.0,0.0
2017-08-30,0.0,0.0,0.0,0.0,0.0,0.798260075596531,4.9117409999617736e-05,0.0,0.0,0.0,0.0
2017-08-31,0.0,0.0,0.0,0.0,0.0,0.8391808120688554,7.073290253287858e-05,0.0,0.0,0.0,0.0
2017-09-01,0.0,0.0,0.0,0.0,0.0,0.8293476967241978,7.018306856811561e-05,0.0,0.0,0.0,0.0
2017-09-02,0.0,0.0,0.0,0.0,0.0,0.7616868627941317,4.574801340109426e-05,0.0,0.0,0.0,0.0
2017-09-03,0.0,0.0,0.0,0.0,0.0,0.6460791481055936,5.14770079124758e-05,0.0,0.0,0.0,0.0
2017-09-04,0.0,0.0,0.0,0.0,0.0,0.7367739638251054,4.198866096239677e-05,0.0,0.0,0.0,0.0
2017-09-05,0.0,0.0,0.0,0.0,0.0,0.567696928460153,2.0188140377640932e-05,0.0,0.0,0.0,0.0
2017-09-06,0.0,0.0,0.0,0.0,0.0,0.43558963349967045,5.239448867365006e-05,0.0,0.0,0.0,0.0
2017-09-07,0.0,0.0,0.0,0.0,0.0,0.3837123669737895,5.8395528433299945e-05,0.0,0.0,0.0,0.0
2017-09-08,0.0,0.0,0.0,0.0,0.0,0.503989751969845,4.639914437425975e-05,0.0,0.0,0.0,0.0
2017-09-09,0.0,0.0,0.0,0.0,0.0,0.4591498838149441,7.449602583525077e-05,0.0,0.0,0.0,0.0
2017-09-10,0.0,0.0,0.0,0.0,0.0,0.6020522174886844,8.03275824680159e-05,0.0,0.0,0.0,0.0
2017-09-11,0.0,0.0,0.0,0.0,0.0,0.4379600284905923,3.727178668133396e-05,0.0,0.0,0.0,0.0
2017-09-12,0.0,0.0,0.0,0.0,0.0,0.21602045613387405,4.3011218898947e-05,0.0,0.0,0.0,0.0
2017-09-13,0.0,0.0,0.0,0.0,0.0,0.2926856188047318,7.057791888966195e-05,0.0,0.0,0.0,0.0
2017-09-14,0.0,0.0,0.0,0.0,0.0,0.2630103283053092,6.360684145409175e-05,0.0,0.0,0.0,0.0
2017-09-15,7.703480708190613,0.0,0.0,7.703480708190613,7.703480708190613,0.030861284897359547,0.00013575840761339067,1.0,1.0,1.0,0.0
2017-09-16,0.0,0.0,0.0,0.0,0.0,0.13188490862108357,0.001063724540973771,0.0,0.0,0.0,0.0
2017-09-17,8.870369739414455,0.0,0.0,8.870369739414455,8.870369739414455,0.029689915915430604,0.00195798989975575,1.0,1.0,1.0,0.0
2017-09-18,7.894817012625363,0.0,0.0,7.894817012625363,7.894817012625363,0.040253682775271304,0.008127882816130284,1.0,1.0,1.0,0.0
2017-09-19,4.841450391900735,0.0,0.0,4.841450391900735,4.841450391900735,0.004181644471600207,0.0070686334507897705,1.0,1.0,1.0,0.16666666666666666
2017-09-20,0.0,0.0,0.0,0.0,0.0,0.09653179348033258,0.0025812890187296013,0.0,0.0,0.0,0.16541280353494123
2017-09-21,0.0,0.0,0.0,0.0,0.0,0.15272087093817732,0.00023224690584107207,0.0,0.0,0.0,0.0
2017-09-22,0.0,0.0,0.0,0.0,0.0,0.2999230467852204,0.0001879944193789332,0.0,0.0,0.0,0.0
2017-09-23,0.0,0.0,0.0,0.0,0.0,0.09753007751117591,0.00015872553008699296,0.0,0.0,0.0,0.0
2017-09-24,0.0,0.0,0.0,0.0,0.0,0.273025234767671,0.00016375544568979114,0.0,0.0,0.0,0.0
2017-09-25,0.0,0.0,0.0,0.0,0.0,0.2888730178579126,0.00016071419641178149,0.0,0.0,0.0,0.0
2017-09-26,0.0,0.0,0.0,0.0,0.0,0.3162175337906793,0.00014635125919207486,0.0,0.0,0.0,0.0
2017-09-27,0.0,0.0,0.0,0.0,0.0,0.4356597933972431,9.500125654724388e-05,0.0,0.0,0.0,0.0
2017-09-28,0.0,0.0,0.0,0.0,0.0,0.221353821164758,6.849530631096879e-05,0.0,0.0,0.0,0.0
2017-09-29,0.0,0.0,0.0,0.0,0.0,0.15375541327836392,9.069905629125076e-05,0.0,0.0,0.0,0.0
2017-09-30,0.0,0.0,0.0,0.0,0.0,0.13282264646271152,0.00012199107942635478,0.0,0.0,0.0,0.0
2017-10-01,0.0,0.0,0.0,0.0,0.0,0.15140314085866793,0.00012313544557582617,0.0,0.0,0.0,0.0
2017-10-02,0.0,0.0,0.0,0.0,0.0,0.18687570269302362,0.00010990017944656456,0.0,0.0,0.0,0.0
2017-10-03,8.804052053783291e-05,0.0,0.0,8.804052053783291e-05,8.804052053783291e-05,0.18929331624092888,0.00011733655457655268,0.0007432181345224824,0.0007432181345224824,0.0007432181345224825,0.0
2017-10-04,0.0,0.0,0.0,0.0,0.0,0.15589139956963147,0.00012566280850674096,0.0,0.0,0.0,0.0
2017-10-05,4.781591251396023,0.0,0.0,4.781591251396023,4.781591251396023,0.14212650043784644,0.000449934918422997,0.6542796977579586,0.6542796977579586,0.6542796977579586,0.0
2017-10-06,0.0,0.0,0.0,0.0,0.0,0.10013695299562782,0.001807612153903535,0.0,0.0,0.0,0.0
2017-10-07,0.0,0.0,0.0,0.0,0.0,0.12193371263616758,0.00018766636404082604,0.0,0.0,0.0,0.0
2017-10-08,0.0,0.0,0.0,0.0,0.0,0.12400827640817225,0.0001316936450536151,0.0,0.0,0.0,0.0
2017-10-09,0.0,0.0,0.0,0.0,0.0,0.06891730829181773,0.00011055543925750294,0.0,0.0,0.0,0.0
2017-10-10,1.2728731028369884,0.3385096707119474,0.0,1.6113827735489359,1.2728731028369884,0.016771903152040656,0.00011897309662288978,0.4659151905528717,0.4250930897154419,0.4659151905528717,0.0
2017-10-11,0.0,0.0,0.0,0.0,0.0,0.047908862300740505,0.0001297131267954294,0.0,0.0,0.0,0.0
2017-10-12,0.0,0.0,0.0,0.0,0.0,0.052457674826602865,0.00012990792002855463,0.0,0.0,0.0,0.0
2017-10-13,0.0,0.0,0.11901661049799703,0.0,0.11901661049799703,0.009961277802658255,0.00013889305744442475,0.0,0.0,0.0,0.0
2017-10-14,0.0,0.0,0.11803337917602634,0.0,0.11803337917602634,0.02336201500053147,0.00014371638546094778,0.0,0.0,0.0,0.0
2017-10-15,0.0,0.0,0.02513669688575972,0.0,0.02513669688575972,0.12622969871772874,0.00012996925195098933,0.0,0.0,0.0,0.0
2017-10-16,3.0420419232251836,0.0,0.021499693834965004,3.0420419232251836,3.0635416170601486,0.006338991329275724,0.00026829570031504477,0.6542796977579586,0.6542796977579586,0.6496880143592756,0.0
2017-10-17,11.948059224720529,0.0,0.006150251105643891,11.948059224720529,11.954209475826174,0.031433811748861284,0.010886599755296747,0.9584623642594657,0.9584623642594657,0.9579692505803532,0.0
2017-10-18,10.191877745007668,0.0,0.0,10.191877745007668,10.191877745007668,0.12496921997202037,0.02799614883137003,1.0,1.0,1.0,0.0
2017-10-19,46.0770925498343,0.0,1.736574932229337e-05,46.0770925498343,46.07710991558362,0.027087354135792534,0.10450159068068368,1.0,1.0,0.9999996231154828,0.16494116824406296
2017-10-20,8.373564407410079,0.0,0.009359788715670222,8.373564407410079,8.38292419612575,0.0,0.23166412539740028,0.6680292332466246,0.6680292332466246,0.6672833583785243,0.16657851585219022
2017-10-21,0.0,0.0,0.015234737346503888,0.0,0.015234737346503888,0.01638559614763327,3.7259622874619773,0.0,0.0,0.0,0.40197575859800433
2017-10-22,0.0,0.0,0.01919527779347938,0.0,0.01919527779347938,0.0012326128993234494,0.9038296641859894,0.0,0.0,0.0,0.45186351140260156
2017-10-23,0.0,0.0,0.0077859258381715694,0.0,0.0077859258381715694,0.11853315262988778,0.2545718401513628,0.0,0.0,0.0,0.4539529801490853
2017-10-24,0.0,0.0,0.0019457856489870308,0.0,0.0019457856489870308,0.1150944720473907,0.08569977830634742,0.0,0.0,0.0,0.4316685016296735
2017-10-25,0.0,0.0,0.0027823618807072143,0.0,0.0027823618807072143,0.0029184825291884747,0.0352007489974625,0.0,0.0,0.0,0.39630852572944536
2017-10-26,0.0,0.0,0.0023992667694568187,0.0,0.0023992667694568187,0.0009530002065134903,0.01707611431498124,0.0,0.0,0.0,0.3584273406165435
2017-10-27,0.0,0.0,0.0006442442272903287,0.0,0.0006442442272903287,0.11220429306847728,0.009892218585168712,0.0,0.0,0.0,0.34552465755578776
2017-10-28,0.0,0.0,5.576578989082389e-09,0.0,5.576578989082389e-09,0.13792557520012044,0.005426539459260752,0.0,0.0,0.0,0.34769791842108727
2017-10-29,0.0,0.0,0.0004293228521560772,0.0,0.0004293228521560772,0.000809536656150547,0.0042824262611601115,0.0,0.0,0.0,0.3221521184458797
2017-10-30,0.0,0.0,9.372634660365056e-07,0.0,9.372634660365056e-07,0.08007728816048491,0.004071519836987819,0.0,0.0,0.0,0.3265399857537952
2017-10-31,2.0135809797023274,1.015154044398553,0.0,3.0287350241008806,2.0135809797023274,0.06264032629517813,0.00347018183468226,0.896238490441389,0.7927792417511863,0.896238490441389,0.36240193464315545
2017-11-01,0.6701560763899167,2.4940533187930805,0.0,3.164209395182997,0.6701560763899167,0.012015849814547204,0.0039048895118667343,0.44407283537718323,0.34133315401447356,0.44407283537718323,0.358286757659177
2017-11-02,0.6336306954935111,7.982853831349479,0.0,8.61648452684299,0.6336306954935111,0.00459094627311789,0.004210831901528825,0.1582641727569264,0.10205006352311584,0.1582641727569264,0.47773610722575127
2017-11-03,0.05093727365093212,4.309796469909257,0.0,4.360733743560189,0.05093727365093212,0.0008691004664637278,0.006067634578774212,0.07547793055039431,0.03945351747464499,0.07547793055039431,0.4284264053785109
2017-11-04,0.0,0.0,0.0,0.0,0.0,0.0,0.008822742091043114,0.0,0.0,0.0,0.35786240227527305
2017-11-05,0.0,0.0,0.0,0.0,0.0,0.0022275629397385454,0.007088425495201189,0.0,0.0,0.0,0.36511050519086274
2017-11-06,1.7704918467885502,5.702486248816036,0.0,7.472978095604586,1.7704918467885502,0.0,0.009527113923404298,0.3222676411082208,0.24322227957122244,0.3222676411082208,0.43011429965563286
2017-11-07,1.9512533287235279,2.198178270268852,0.0,4.14943159899238,1.9512533287235279,0.0,0.02145051305244677,0.6869400057805854,0.5658995417259937,0.6869400057805854,0.4199039112639638
2017-11-08,2.836382140003579,0.2828523446306207,0.0,3.1192344846341995,2.836382140003579,0.0,0.02967170937177622,0.9772079772079773,0.9177967367042126,0.9772079772079773,0.4270942587188324
2017-11-09,2.515052305874014,0.16076867663118047,0.0027788586623284004,2.6758209825051944,2.5178311645363425,0.0,0.03222876026426113,0.9975226062182584,0.9550878724062066,0.9964216688821091,0.4380177042365505
2017-11-10,3.5933177683714623,0.0,0.5838489238187122,3.5933177683714623,4.177166692190174,0.0,0.03283101670838445,1.0,1.0,0.860228483361628,0.4313529837403978
2017-11-11,0.1940202268000479,0.0535390893864883,0.6963500822510488,0.2475593161865362,0.8903703090510967,0.0,0.06058861544470771,0.039597010611503364,0.0319445647496347,0.008628568250030106,0.43101413562871466
2017-11-12,0.0,0.0,0.01614894439129941,0.0,0.01614894439129941,0.008082354814072601,0.12591206051046774,0.0,0.0,0.0,0.4603976134112268
2017-11-13,4.1486109155626405,0.430195791804135,0.01754216003678326,4.578806707366775,4.166153075599424,0.0010433164515685684,0.1216102260540315,0.9859614352367976,0.9509596237544226,0.9818099091230981,0.45300837343206
2017-11-14,2.5972862624276753e-05,0.00011947829429129347,9.149916306541273e-05,0.00014545115691557022,0.00011747202568968949,0.004346242671380808,0.08707548710480105,0.0002477393781741608,0.0002477393781741608,5.4774749972716106e-05,0.4541880675347561
2017-11-15,0.0,5.5020277386812526e-05,0.0,5.5020277386812526e-05,0.0,0.003829831071053311,0.08139068270478217,0.0,0.0,0.0,0.43839210078184543
2017-11-16,0.0,0.0,4.70361919654676e-08,0.0,4.70361919654676e-08,4.502236804285685e-06,0.12695808870214872,0.0,0.0,0.0,0.4312249235397343
2017-11-17,0.7417768580603643,8.537370318365067,0.0,9.27914717642543,0.7417768580603643,0.009132204014736377,0.10178377748029989,0.17965233907262892,0.12250519876104062,0.17965233907262892,0.4588335412334546
2017-11-18,10.328649147725843,0.07040837120418268,0.04893506519135494,10.399057518930025,10.377584212917197,0.0,0.11675514692668106,1.0,0.9954491090621597,0.9952845417404135,0.4646863476836607
2017-11-19,14.620970668055076,0.0,0.0,14.620970668055076,14.620970668055076,0.010492062147829311,0.2171978440011854,1.0,1.0,1.0,0.3325491857258258
2017-11-20,5.65480891008144,0.0,7.785379007491622,5.65480891008144,13.440187917573063,0.0,3.3441517194414545,1.0,1.0,0.4207388278171148,0.33766758873078767
2017-11-21,11.899892652810689,0.0,4.157983367173697,11.899892652810689,16.057876019984384,0.0,7.8746398199744965,1.0,1.0,0.7410626808926042,0.3880578579897656
2017-11-22,0.0,0.0,0.002623253316613033,0.0,0.002623253316613033,0.057181970776022384,8.859749115770224,0.0,0.0,0.0,0.3749390261003433
2017-11-23,5.551347398301983,2.035786176391142,0.0,7.587133574693125,5.551347398301983,0.026634425963235998,2.6832992402271714,0.909657706759156,0.7894495403151279,0.909657706759156,0.4301480793186927
2017-11-24,5.810448142274402,0.0,0.02151547298990103,5.810448142274402,5.8319636152643035,0.0,1.941161544511936,1.0,1.0,0.9963107669372991,0.36926446896158477
2017-11-25,0.0,0.0,0.0,0.0,0.0,0.0219060981247559,2.9998519472356517,0.0,0.0,0.0,0.46020782662849236
2017-11-26,0.4597957201153947,2.540136646118086,0.0,2.9999323662334807,0.4597957201153947,0.011517002582037689,1.6683621785222764,0.3012510838597795,0.20696149253859106,0.3012510838597795,0.5000950751703322
2017-11-27,0.0,0.0,0.0,0.0,0.0,2.117530379022324e-07,0.6629841947016247,0.0,0.0,0.0,0.5187521412208431
2017-11-28,0.0,0.0,0.0,0.0,0.0,0.007819360965997117,0.3916759487488044,0.0,0.0,0.0,0.5260320355369291
2017-11-29,0.0,8.373112234196162e-05,0.0,8.373112234196162e-05,0.0,0.006416723574484591,0.27674506575178803,0.0,0.0,0.0,0.5292081063596487
2017-11-30,0.1985549532567667,1.3051950577662979,0.0,1.5037500110230646,0.1985549532567667,0.0,0.2462393625912621,0.13811470333209463,0.12104558068631964,0.13811470333209463,0.5315770301065411
2017-12-01,0.0,0.0,0.0,0.0,0.0,1.5475876843484035e-07,0.23572028918876062,0.0,0.0,0.0,0.5323322594833045
2017-12-02,0.0,0.0,0.0,0.0,0.0,0.010623786369852312,0.21346250461330527,0.0,0.0,0.0,0.535903919784185
2017-12-03,0.0,0.0,0.0,0.0,0.0,0.0024642679251518215,0.19628690531834503,0.0,0.0,0.0,0.5345135407136475
2017-12-04,0.0,0.0,0.0,0.0,0.0,0.00043882427429715057,0.18773254952763083,0.0,0.0,0.0,0.5337537857855138
2017-12-05,0.0,0.0,0.0,0.0,0.0,0.004213786919443078,0.1798172252932888,0.0,0.0,0.0,0.5347603188779563
2017-12-06,0.0,0.0,0.0,0.0,0.0,0.0,0.1716362014393509,0.0,0.0,0.0,0.5324287184688562
2017-12-07,0.0,0.0,0.0,0.0,0.0,1.1141977332382274e-06,0.16577653031113435,0.0,0.0,0.0,0.5311890564242189
2017-12-08,0.0,0.0,0.0,0.0,0.0,0.00023858436643078764,0.15946319170376574,0.0,0.0,0.0,0.5294865977021718
2017-12-09,0.0,0.0,0.0,0.0,0.0,0.0006699552843912552,0.15324532906383673,0.0,0.0,0.0,0.5277378795523658
2017-12-10,0.0,0.0,0.0,0.0,0.0,3.876302697395797e-05,0.14762295994500438,0.0,0.0,0.0,0.5254729111531016
2017-12-11,0.0,0.0,0.0,0.0,0.0,0.0026776038550854605,0.14269611545498784,0.0,0.0,0.0,0.524413567693959
2017-12-12,0.0,0.0,0.0,0.0,0.0,0.0,0.1378483456257684,0.0,0.0,0.0,0.5211120616843411
2017-12-13,0.0,0.0,0.0,0.0,0.0,0.00048742547565022325,0.13431337417832104,0.0,0.0,0.0,0.5192703013788875
2017-12-14,0.0,0.0,0.0,0.0,0.0,0.005704866780923325,0.12986225226577172,0.0,0.0,0.0,0.520132062554044
2017-12-15,0.5796033084445696,1.648821682166876,0.0,2.2284249906114457,0.5796033084445696,0.0,0.12553517223238714,0.4632726371856807,0.30580798090942446,0.4632726371856807,0.515666654270191
2017-12-16,6.632467475078872,0.0,7.600619678329396e-05,6.632467475078872,6.632543481275656,0.0,0.15921390980189615,1.0,1.0,0.9999885404148502,0.4866025519359473
2017-12-17,1.6439761711500372e-05,0.30393187771213903,7.535409801820437e-08,0.30394831747385054,1.6515115809518578e-05,0.003471527918554978,0.32619406858291927,0.0002890292745365209,2.022547714503979e-05,0.00028771051053057896,0.4987338597623112
2017-12-18,0.0,0.0,0.0,0.0,0.0,0.013296385828492982,0.8661436652665103,0.0,0.0,0.0,0.4641737580578735
2017-12-19,0.0,4.8914945003639495e-05,0.0,4.8914945003639495e-05,0.0,0.007117819924710092,0.4607830982595718,0.0,0.0,0.0,0.49385036933433435
2017-12-20,0.0,4.797361520347728,0.0,4.797361520347728,0.0,0.0,0.2476339613119438,0.0,0.0,0.0,0.48758102540101556
2017-12-21,0.0,0.0,0.0,0.0,0.0,0.00019633656077594017,0.19131570530076028,0.0,0.0,0.0,0.48201015923145873
2017-12-22,0.0,6.250633985175442,0.0,6.250633985175442,0.0,0.0,0.17660335518170306,0.0,0.0,0.0,0.475966669313112
2017-12-23,0.0,0.0,0.0,0.0,0.0,0.0,0.16812114044614104,0.0,0.0,0.0,0.469490419714401
2017-12-24,0.0,0.0,0.0,0.0,0.0,0.0,0.16115124930427152,0.0,0.0,0.0,0.4625322127305527
2017-12-25,0.0,5.384697795124632,0.0,5.384697795124632,0.0,0.0,0.15518719099535006,0.0,0.0,0.0,0.45540898828109616
2017-12-26,0.0,12.629123384521185,0.0,12.629123384521185,0.0,0.0,0.14993643211288632,0.0,0.0,0.0,0.4484049990033374
2017-12-27,8.60862251593637,0.9185734712449236,0.0,9.527195987181294,8.60862251593637,0.0,0.22026682841101355,0.49324910194475413,0.4561953825111535,0.4932491019447542,0.44092330995679124
2017-12-28,0.0,0.0,0.0,0.0,0.0,0.0,1.4708896233060917,0.0,0.0,0.0,0.363479109017062
2017-12-29,0.0,0.0,0.0,0.0,0.0,0.0,2.1531144835031792,0.0,0.0,0.0,0.3425901377873508
2017-12-30,0.0,0.0,0.0,0.0,0.0,0.0,0.6340394341573987,0.0,0.0,0.0,0.31840951398063994
2017-12-31,0.0,0.13024146881038406,0.0,0.13024146881038406,0.0,0.0,0.2785636799412308,0.0,0.0,0.0,0.315283997034302
2018-01-01,0.0,0.0,0.0,0.0,0.0,0.0,0.2066014025923816,0.0,0.0,0.0,0.314666481625528
2018-01-02,0.0,1.0536236085360131,0.0,1.0536236085360131,0.0,0.0,0.1904622271746148,0.0,0.0,0.0,0.3157968025157988
2018-01-03,2.962409165010807,3.459870183043685e-06,0.0,2.96241262488099,2.962409165010807,0.0,0.19334349195883596,1.0,0.9999981722956792,1.0,0.3214182194561722
2018-01-04,0.0,0.0,0.0,0.0,0.0,0.0,0.2278477547728426,0.0,0.0,0.0,0.30986737384234747
2018-01-05,1.8702923763042216,1.78012728858239,0.0,3.650419664886612,1.8702923763042216,0.0,0.46197625129756786,0.722655766134027,0.6179909270905238,0.722655766134027,0.32606452744741526
2018-01-06,2.0092293009278044,0.0,0.0,2.0092293009278044,2.0092293009278044,0.0,0.473964755105047,1.0,1.0,1.0,0.36105713540094686
2018-01-07,0.0,0.0,0.0,0.0,0.0,0.0,0.4867820171224243,0.0,0.0,0.0,0.4129055880930272
2018-01-08,1.2445748731974593,4.197143611828916,0.0,5.441718485026375,1.2445748731974593,0.0,0.500983969093119,0.30686650976506047,0.22827017839434316,0.30686650976506047,0.4520585778766344
2018-01-09,9.403969185313658,7.50939185148543,0.0,16.91336103679909,9.403969185313658,0.0,0.5162448112586213,0.7648953301127214,0.6244271310042483,0.7648953301127214,0.6119466951551137
2018-01-10,0.08051868454639871,0.0,0.033981003232961854,0.08051868454639871,0.11449968777936056,0.0,2.339430901346084,0.039597010611503364,0.039597010611503364,0.027845483845788763,0.5561707165560862
2018-01-11,0.0,0.0,3.055581068421424,0.0,3.055581068421424,0.0,1.7450161026903848,0.0,0.0,0.0,0.41663254060086424
2018-01-12,0.0,0.0,0.1293334473395224,0.0,0.1293334473395224,0.0,0.7086421311649177,0.0,0.0,0.0,0.4154135550689684
2018-01-13,3.7135064690948556,0.02655642327466392,0.5355442388894163,3.7400628923695196,4.249050707984272,0.0,0.7879686992334659,1.0,0.9950966425139183,0.873961438520117,0.4489462496816164
2018-01-14,3.597809387142252,0.9007398254696554,0.041582876174452214,4.498549212611907,3.639392263316704,0.0,1.0839266681817352,0.8378545769850118,0.7497407989244627,0.8282814393273484,0.43570910647292677
2018-01-15,8.2067796514449,0.0,0.004772257716142657,8.2067796514449,8.211551909161043,0.0,2.2722700245547163,1.0,1.0,0.9994188360776458,0.645957840100393
2018-01-16,0.0,0.0,0.08397376804283317,0.0,0.08397376804283317,0.0,4.386362096578881,0.0,0.0,0.0,0.48165238232717617
2018-01-17,0.0,0.00012091780350761875,0.0,0.00012091780350761875,0.0,0.0,2.408571151869756,0.0,0.0,0.0,0.5214623154253669
2018-01-18,2.320177696520498e-06,0.10212744340170528,0.0,0.1021297635794018,2.320177696520498e-06,0.0,0.8200198336007626,0.0002890292745365209,1.2139445611500741e-05,0.0002890292745365209,0.5466010069164908
2018-01-19,0.001817458348004242,1.6423131412054792,0.0,1.6441305995534834,0.001817458348004242,0.0,0.48555572649761214,0.00962054585242991,0.0005794460910606576,0.00962054585242991,0.5584124046654225
2018-01-20,4.509324270357645e-08,1.6816706949245364,0.0,1.681670740017779,4.509324270357645e-08,0.0,0.4140677452491074,4.128989636236013e-05,1.5755978342074327e-08,4.1289896362360134e-05,0.5647502532744207
2018-01-21,0.0,10.65160738224062,0.0,10.65160738224062,0.0,0.0,0.38056912374725066,0.0,0.0,0.0,0.5694881426530193
2018-01-22,2.1190116585773247,2.6828998571318436,0.0,4.801911515709168,2.1190116585773247,0.0,0.36104209292555345,0.6718691936083241,0.5513062432495499,0.6718691936083241,0.5663666043097966
2018-01-23,0.0,0.0341967163201558,0.0,0.0341967163201558,0.0,0.0,0.6018112925128738,0.0,0.0,0.0,0.5324870342569235
2018-01-24,0.3644924195406757,10.729124356830704,0.0,11.09361677637138,0.3644924195406757,0.0,0.7418143571311134,0.077046946612164,0.04656482170431453,0.077046946612164,0.6437289940508949
2018-01-25,2.2316732232822623,5.217827070341075,0.00017753355177174178,7.449500293623338,2.2318507568340338,0.0,0.4802818055740538,0.38539989264626945,0.2643421325745015,0.38536923584200766,0.8087409298856142
2018-01-26,0.00432083460055042,0.0,0.5475038788963491,0.00432083460055042,0.5518247134968995,0.0,0.8488020181159996,0.014781782897724926,0.014781782897724926,0.00011574262159730758,0.46405495372943156
2018-01-27,2.0326175433833567,0.0,1.3548309695048137,2.0326175433833567,3.38744851288817,0.0,1.0920344703998912,0.527395846236426,0.527395846236426,0.31646061786299406,0.47785421665302924
2018-01-28,0.0,0.0001143009803403251,0.0,0.0001143009803403251,0.0,0.0,0.7904119860419507,0.0,0.0,0.0,0.48916056818377385
2018-01-29,0.0,0.0,0.0,0.0,0.0,0.0,0.8739854636793384,0.0,0.0,0.0,0.49700234738946
2018-01-30,3.4109016095626457,3.426341466944365,0.0,6.8372430765070105,3.4109016095626457,0.0,0.578788457587758,0.7162558321978612,0.5916018362110292,0.7162558321978613,0.6906502940890237
2018-01-31,3.170426562634107,0.0,4.5952761031409715,3.170426562634107,7.765702665775079,0.0,1.158864379840646,0.7869028448738594,0.7869028448738594,0.32126103573287235,0.37149929610931814
2018-02-01,0.0,0.0,8.077195716425217,0.0,8.077195716425217,0.0,3.4573840437341334,0.0,0.0,0.0,0.33588400998522633
2018-02-02,0.0,0.0,6.97705795740033,0.0,6.97705795740033,0.0002516584758588718,6.348108840141103,0.0,0.0,0.0,0.24744374931056745
2018-02-03,0.0,0.0,1.786339755573577,0.0,1.786339755573577,0.021807830638394927,5.782342515454657,0.0,0.0,0.0,0.21129812579342813
2018-02-04,0.0,0.0,0.33033916135305447,0.0,0.33033916135305447,0.03262167862965452,2.882348864431702,0.0,0.0,0.0,0.21854642605755115
2018-02-05,0.0,0.0,5.841779088039722,0.0,5.841779088039722,0.0,1.241844301284803,0.0,0.0,0.0,0.1879908794456755
2018-02-06,0.0,0.0,3.242579407937683,0.0,3.242579407937683,0.007066592590168372,2.871357174618796,0.0,0.0,0.0,0.18860011175757874
2018-02-07,0.0,0.0,0.001288948950990708,0.0,0.001288948950990708,0.11257475978369481,3.292186402004526,0.0,0.0,0.0,0.25940978705739465
2018-02-08,0.0,0.0,0.0,0.0,0.0,0.0628581196991071,1.095878101273965,0.0,0.0,0.0,0.22403188501642324
2018-02-09,0.0,0.0,0.0,0.0,0.0,0.007519299597537526,0.5614583160400768,0.0,0.0,0.0,0.1870753794709403
2018-02-10,0.0,0.0,0.0,0.0,0.0,0.04337901706457829,0.4762074794859056,0.0,0.0,0.0,0.2181377465263603
2018-02-11,0.0,0.0,0.0,0.0,0.0,0.00014410995171543794,0.43012109631159584,0.0,0.0,0.0,0.19196779714113119
2018-02-12,0.0,0.0,0.0,0.0,0.0,0.0008174436576079299,0.4051917812745668,0.0,0.0,0.0,0.19586649472962522
2018-02-13,0.0,0.0,0.0,0.0,0.0,0.020171844650573978,0.3806696108133869,0.0,0.0,0.0,0.21485312148994876
2018-02-14,0.8061475857537163,0.8449716187788985,0.0008711814001562665,1.6511192045326148,0.8070187671538726,0.0,0.3585454869436244,0.40488872372930346,0.2978235065795247,0.4044516440235985,0.2055879482459054
2018-02-15,0.009683502001848475,2.848645293742793,5.164596449146986e-05,2.8583287957446415,0.009735147966339945,0.018042717339511592,0.36291651040587136,0.005615425905280978,0.00044281209711982623,0.005585635491420668,0.22660423414315367
2018-02-16,0.0,0.38256257763959817,0.0,0.38256257763959817,0.0,0.04368200972809847,0.5089598043583575,0.0,0.0,0.0,0.3220802275550638
2018-02-17,0.0,0.0,0.0,0.0,0.0,0.022412734281446536,0.4023969103162119,0.0,0.0,0.0,0.2889424805036723
2018-02-18,0.0,2.5791899603310955,0.0,2.5791899603310955,0.0,0.011549024710225125,0.3209945551049919,0.0,0.0,0.0,0.28465806717619874
2018-02-19,0.0,3.0335351312930015,0.0,3.0335351312930015,0.0,0.002207787490052264,0.30287542133680984,0.0,0.0,0.0,0.2769584039563503
2018-02-20,0.0,0.0,0.0,0.0,0.0,0.0005838140014318001,0.29313441350559744,0.0,0.0,0.0,0.27973444166895906
2018-02-21,0.0,0.028849546370592626,0.0,0.028849546370592626,0.0,0.008690256137002632,0.2823962367532456,0.0,0.0,0.0,0.2951085794845984
2018-02-22,0.0,0.024113617850243258,0.0,0.024113617850243258,0.0,0.0013684071109083345,0.2713665372796547,0.0,0.0,0.0,0.2978867536698005
2018-02-23,0.0,7.015930987373768,0.0,7.015930987373768,0.0,0.002326782565922272,0.2601706706610572,0.0,0.0,0.0,0.30529030412280805
2018-02-24,0.0,0.0,0.0,0.0,0.0,0.016174682427227145,0.24863217418899594,0.0,0.0,0.0,0.31781421916628355
2018-02-25,0.0,0.0,0.0,0.0,0.0,0.012605920671375158,0.2399269112581845,0.0,0.0,0.0,0.32030958049735264
2018-02-26,0.6765228505863117,6.776998561671699,0.0,7.453521412258011,0.6765228505863117,1.019902651069203e-07,0.24209120740401194,0.2140468227424749,0.15240628962508812,0.2140468227424749,0.4054708263739313
2018-02-27,3.219034904624185,1.5275649572336298,0.0016529002843932046,4.746599861857815,3.2206878049085783,0.0,0.30483664467704086,0.8429745241339445,0.7261627232169485,0.8425418982741658,0.40787307924777066
2018-02-28,1.838019647454549,4.452016888131311,0.0,6.29003653558586,1.838019647454549,0.0025985662082312856,0.5808956320417659,0.4354845369338123,0.34394408696234774,0.43548453693381234,0.3913731155628233
2018-03-01,0.0,0.0,0.0,0.0,0.0,0.031542861971188274,1.1355923485131965,0.0,0.0,0.0,0.5737093661655476
2018-03-02,0.0,0.00015346203189216904,0.0,0.00015346203189216904,0.0,0.01613675342896965,0.6100503102048188,0.0,0.0,0.0,0.41624053152036794
2018-03-03,0.0,0.0,0.0,0.0,0.0,0.003176093085236873,0.33037018263489826,0.0,0.0,0.0,0.40669786394546453
2018-03-04,0.0,0.0,0.0,0.0,0.0,0.045723976912391974,0.28792959592018047,0.0,0.0,0.0,0.40378297041490935
2018-03-05,0.0,0.0,0.0,0.0,0.0,0.04711391402886691,0.26899728500046,0.0,0.0,0.0,0.40081810961127456
2018-03-06,0.00022921929723373439,0.042314643211706464,0.02297300435509531,0.0425438625089402,0.023202223652329042,1.3091999684950792e-05,0.25226156622286466,0.0007432181345224824,0.00027461874216191777,7.342397049496148e-06,0.38968320542845003
2018-03-07,0.0,8.954426759583055e-05,0.001187092014077713,8.954426759583055e-05,0.001187092014077713,0.012804051762726065,0.24028035981907542,0.0,0.0,0.0,0.40298323021107607
2018-03-08,0.0,0.0,0.0,0.0,0.0,0.05659763035761141,0.23045154120080932,0.0,0.0,0.0,0.40743682904838147
2018-03-09,0.0,0.0,0.6846208723867939,0.0,0.6846208723867939,0.06111590836386243,0.22537243467430312,0.0,0.0,0.0,0.37855781643136016
2018-03-10,0.0,0.0,2.3305020373286967,0.0,2.3305020373286967,0.047358865952313915,0.23901541229585999,0.0,0.0,0.0,0.3675997934931698
2018-03-11,5.678827612903617,0.0,2.374721961719996,5.678827612903617,8.053549574623613,0.011306158720359269,0.5387350617817034,1.0,1.0,0.7051335017291454,0.40410898028355086
2018-03-12,0.0,0.0,0.1527456191430837,0.0,0.1527456191430837,0.06429822648489485,2.031346060551162,0.0,0.0,0.0,0.46280601627662693
2018-03-13,0.0,0.0,0.0008287876904875895,0.0,0.0008287876904875895,0.14163577789190906,1.5048916526248626,0.0,0.0,0.0,0.4439355731904911
2018-03-14,0.0,0.0,0.007938852970721798,0.0,0.007938852970721798,0.03448297706599587,0.5831376197059582,0.0,0.0,0.0,0.33708487504005985
2018-03-15,0.0,0.0,0.1866693453832249,0.0,0.1866693453832249,0.03192499707099704,0.36255469493596515,0.0,0.0,0.0,0.3183224392358473
2018-03-16,0.0,0.0,0.02672727467694012,0.0,0.02672727467694012,0.10664365957036236,0.3144493423540871,0.0,0.0,0.0,0.358834281991625
2018-03-17,0.0,0.0,0.00660042938329503,0.0,0.00660042938329503,0.12634891077627036,0.2965914365126856,0.0,0.0,0.0,0.3646532215088248
2018-03-18,0.0,0.0,0.08072319055412668,0.0,0.08072319055412668,0.1206123157746945,0.2564841588606238,0.0,0.0,0.0,0.352204972258838
2018-03-19,6.985884796269541,0.0,0.04790885432357777,6.985884796269541,7.033793650593119,0.02823646675161468,0.28061600164306194,1.0,1.0,0.9931887603328343,0.4222854610171541
2018-03-20,4.866737463548271,1.9225217919374915,0.0013297346031536001,6.789259255485763,4.868067198151425,0.057456639590320636,1.2637939214782963,0.8830670135017961,0.7727320223897223,0.8828257997475564,0.5493092914831333
2018-03-21,0.8377126172383422,3.1031637805718604,0.0,3.940876397810203,0.8377126172383422,0.09083831105491369,3.248618602756745,0.3222676411082208,0.24848927630728856,0.3222676411082208,0.6556781113180796
2018-03-22,0.0,9.113641688201678e-05,9.664033109448267e-06,9.113641688201678e-05,9.664033109448267e-06,0.022665354704209766,1.7964987699459412,0.0,0.0,0.0,0.6400046562991965
2018-03-23,0.0,0.0,1.0623203398743792e-07,0.0,1.0623203398743792e-07,0.1181264470754931,0.694635288348657,0.0,0.0,0.0,0.5084921660930609
2018-03-24,0.0,0.0,0.0008803963089017633,0.0,0.0008803963089017633,0.048306285572202616,0.4357224226170683,0.0,0.0,0.0,0.5089616016102682
2018-03-25,0.0,0.0,1.4691576397063668,0.0,1.4691576397063668,0.027547808979867066,0.3769591574975293,0.0,0.0,0.0,0.5126772618347311
2018-03-26,0.0,0.0,0.3546224773007764,0.0,0.3546224773007764,0.1661156050977751,0.4150147266526889,0.0,0.0,0.0,0.58508764212667
2018-03-27,0.0,0.0,4.253480274627713,0.0,4.253480274627713,0.05913821654115581,0.6277024944218657,0.0,0.0,0.0,0.11482284217446308
2018-03-28,0.0,0.0,2.32310715408211,0.0,2.32310715408211,0.15255532311561595,1.294250624838199,0.0,0.0,0.0,0.2909483931830045
2018-03-29,0.0,0.0,1.1181393309158072,0.0,1.1181393309158072,0.22428116112021856,2.012034118435465,0.0,0.0,0.0,0.38027844952190387
2018-03-30,0.0,0.0,5.59719331500242e-05,0.0,5.59719331500242e-05,0.27222735260953307,1.3572302204940279,0.0,0.0,0.0,0.28855390328034
2018-03-31,0.0,1.7793599211385782e-05,0.0,1.7793599211385782e-05,0.0,0.16615286442702168,0.6066442585538449,0.0,0.0,0.0,0.2796803035240463
2018-04-01,0.0,0.0,1.6177568553565224e-09,0.0,1.6177568553565224e-09,0.20142125376626033,0.3381484716050043,0.0,0.0,0.0,0.22152581007737274
2018-04-02,0.013461016453490472,0.0,0.09021369026412773,0.013461016453490472,0.1036747067176182,0.07121092892899765,0.2942070256994369,0.012841157768694001,0.012841157768694001,0.0016672826138497522,0.18881684879110597
2018-04-03,5.738703426478856,0.0,3.1415411877482544,5.738703426478856,8.88024461422711,0.0,0.31458863472016607,1.0,1.0,0.6462325843237284,0.2780637278250998
2018-04-04,10.851615326850988,0.0,6.209270318583089,10.851615326850988,17.060885645434077,0.0,3.4264467349295202,1.0,1.0,0.6360522866381884,0.4749854307866974
2018-04-05,12.42726420976268,0.0,2.4899594607062014,12.42726420976268,14.91722367046888,0.22346635546627855,13.043581483824966,1.0,1.0,0.8330815763233819,0.6859506358517496
2018-04-06,0.28231975892010536,0.0,0.2518311892272331,0.28231975892010536,0.5341509481473384,0.44525402928988694,11.187516362192227,0.039597010611503364,0.039597010611503364,0.020928575580685668,0.6034669612225451
2018-04-07,0.3628573521642372,0.0,3.3956186832133257,0.3628573521642372,3.758476035377563,0.3411593652436047,3.501120514908024,0.18283166109253066,0.18283166109253066,0.017651253276957612,0.6116175569028995
2018-04-08,0.10337275353551001,0.0,2.822485145148993,0.10337275353551001,2.9258578986845034,0.24962028536930023,1.9722406310022704,0.039597010611503364,0.039597010611503364,0.001398992076999461,0.4942003729937096
2018-04-09,4.349442434572374,0.02487935382868134,0.006795984340358151,4.374321788401056,4.356238418912732,0.541962047707137,2.8340993288482976,1.0,0.9954318006114631,0.9984399420585308,0.5647046063252363
2018-04-10,6.927546975014348e-05,8.048408593488216e-05,0.001151911789066417,0.00014975955568502562,0.0012211872588165605,0.2880539959605919,2.3504304026020675,0.0007432181345224824,0.00044190209780418525,4.216125334108512e-05,0.4077401658938693
2018-04-11,0.053427686917167816,0.0,0.10273428036313052,0.053427686917167816,0.15616196728029835,0.471442002329182,1.553457404550543,0.014781782897724926,0.014781782897724926,0.005057290725081881,0.41279234968176165
2018-04-12,0.0,0.0,2.439070500896938,0.0,2.439070500896938,0.15112766062296568,0.657576519170523,0.0,0.0,0.0,0.37623753275133015
2018-04-13,5.764756218446592,0.0,0.9149321970550688,5.764756218446592,6.67968841550166,0.21735758589099904,0.693447100170356,1.0,1.0,0.8630277132490536,0.3952643061168866
2018-04-14,0.07436975189397516,0.43747800004277804,0.00017459496704815998,0.5118477519367532,0.07454434686102332,0.39040003513821775,3.2590572308342285,0.03154548082084314,0.016950901981082567,0.03147159618147938,0.47755186900810603
2018-04-15,3.525173610774015e-05,3.4556268793562534e-05,1.1837827431849959e-05,6.980800490130268e-05,4.708956353959011e-05,0.39767742038946996,1.9051937371192926,0.0007432181345224824,0.0004575171836397815,0.0005563808109337495,0.386199642032189
2018-04-16,0.0,0.0,0.00025097269482706966,0.0,0.00025097269482706966,0.6083671084869567,0.7065875341670957,0.0,0.0,0.0,0.4101667019399002
2018-04-17,0.0,0.0,1.8976697057396643,0.0,1.8976697057396643,0.5923614529937461,0.39499900329051757,0.0,0.0,0.0,0.38493424263710607
2018-04-18,0.0,0.0,5.079405246424289,0.0,5.079405246424289,0.6790134095643071,0.3361868625009755,0.0,0.0,0.0,0.42648012585949907
2018-04-19,0.0,0.0,0.5335660521569975,0.0,0.5335660521569975,0.6225731217186695,1.5789451956867528,0.0,0.0,0.0,0.5032715250126797
2018-04-20,0.0,0.0,0.6290307081975282,0.0,0.6290307081975282,0.8561705239797538,1.777794475790735,0.0,0.0,0.0,0.34684472778479786
2018-04-21,0.0,0.0,2.4477528941723774,0.0,2.4477528941723774,0.7579537786481273,0.6769295642717822,0.0,0.0,0.0,0.30759478569853865
2018-04-22,0.0,0.0,5.843352830312323,0.0,5.843352830312323,0.712659616666453,0.6325207423202632,0.0,0.0,0.0,0.22516126572232173
2018-04-23,0.0,0.0,9.024819198396676,0.0,9.024819198396676,0.7376873080970293,3.5173612282143734,0.0,0.0,0.0,0.15233809177645288
2018-04-24,0.0,0.0,8.885161970652607,0.0,8.885161970652607,1.0687053469664038,7.222649825295837,0.0,0.0,0.0,0.04705740077878323
2018-04-25,0.0,0.0,8.15501049330388,0.0,8.15501049330388,1.1806832826994882,7.7735417474437725,0.0,0.0,0.0,0.02655752726152369
2018-04-26,0.0,0.0,2.04500477280039,0.0,2.04500477280039,0.9620815889780455,6.726905283084286,0.0,0.0,0.0,0.024825124154739336
2018-04-27,0.0,0.0,1.5200423554148574,0.0,1.5200423554148574,0.7458797630965454,3.1855168049939806,0.0,0.0,0.0,0.02717303250341062
2018-04-28,0.0,0.0,0.9370972413761983,0.0,0.9370972413761983,0.80775967520576,1.4728858399290694,0.0,0.0,0.0,0.030606633573494513
2018-04-29,0.0,0.0,2.7409105812034067,0.0,2.7409105812034067,0.6261665553458496,1.0374872328688713,0.0,0.0,0.0,0.035148006303360395
2018-04-30,0.0,0.0,4.0601966738178135,0.0,4.0601966738178135,0.9771479115632496,1.3209053775607167,0.0,0.0,0.0,0.02864455715322614
2018-05-01,0.0,0.0,5.459933265384543,0.0,5.459933265384543,0.9807493675783571,3.0973285288135433,0.0,0.0,0.0,0.055470101213396926
2018-05-02,0.0,0.0,4.370295302914073,0.0,4.370295302914073,1.0676055863025535,4.467461447179246,0.0,0.0,0.0,0.04677135202272024
2018-05-03,0.0,0.0,3.4805094303042434,0.0,3.4805094303042434,0.9431945556279188,4.035543125410619,0.0,0.0,0.0,0.030510722240506934
2018-05-04,4.954380456411744,0.0,2.891867708614064,4.954380456411744,7.846248165025808,0.6261150569195386,3.3745387501810633,1.0,1.0,0.6314330559280046,0.03466853800146212
2018-05-05,0.0,0.0,2.8514263620745575,0.0,2.8514263620745575,1.0504697977045425,3.595624709862419,0.0,0.0,0.0,0.040974446317002554
2018-05-06,4.676769184934058,0.0,2.1114575533719275,4.676769184934058,6.788226738305985,0.9953293925058165,3.0222540978591024,1.0,1.0,0.6889530013107892,0.08588510313725879
2018-05-07,0.0,0.0,0.8751229226665366,0.0,0.8751229226665366,1.4885574689357814,2.7833678639596573,0.0,0.0,0.0,0.15925226765787237
2018-05-08,0.0,0.0,0.2705202601780349,0.0,0.2705202601780349,1.0983815179623169,1.6416357389943779,0.0,0.0,0.0,0.15145994148200595
2018-05-09,0.0,0.0,0.6846189812390907,0.0,0.6846189812390907,0.7969947840421241,0.667738772592042,0.0,0.0,0.0,0.14111030144167455
2018-05-10,0.0,0.0,1.2031502108064094,0.0,1.2031502108064094,1.135922682465273,0.40973487170025713,0.0,0.0,0.0,0.14933052858111964
2018-05-11,0.0,0.0,1.190132110555306,0.0,1.190132110555306,1.3622471571370083,0.5132760655800317,0.0,0.0,0.0,0.13504936096344786
2018-05-12,0.0,0.0,0.8699812754526518,0.0,0.8699812754526518,1.6767133798450968,0.9414115128394108,0.0,0.0,0.0,0.13458044075423992
2018-05-13,0.0,0.0,0.5984021301830715,0.0,0.5984021301830715,1.7816316540202661,0.8223916519395257,0.0,0.0,0.0,0.16703322635706755
2018-05-14,0.0,0.0,0.34391527887338297,0.0,0.34391527887338297,1.5455018610658364,0.5496986092665488,0.0,0.0,0.0,0.1869821774454323
2018-05-15,0.0,0.0,0.17134279604497807,0.0,0.17134279604497807,1.729430491228159,0.34619863791033423,0.0,0.0,0.0,0.2013142245096952
2018-05-16,0.00012686757031371898,0.0,0.08243077465094958,0.00012686757031371898,0.0825576422212633,1.1411730219927958,0.19258498544858732,0.0007432181345224824,0.0007432181345224824,1.1421144839293505e-06,0.21225478822975666
2018-05-17,0.0001659969937245985,0.0,0.08222074630556749,0.0001659969937245985,0.08238674329929209,0.8884498993469834,0.1070884777100573,0.0017341756472191254,0.0017341756472191254,3.494105149696556e-06,0.21215807389339728
2018-05-18,0.10038356071582413,0.0,0.07234819303229459,0.10038356071582413,0.17273175374811872,1.031037393381504,0.06189529081282992,0.2901441017383046,0.2901441017383046,0.1686180879958939,0.22536033639627182
2018-05-19,0.0,0.0,0.07693642142412442,0.0,0.07693642142412442,1.4442483495695448,0.038365068265022506,0.0,0.0,0.0,0.2532174773308124
2018-05-20,0.0,0.0,0.06857927363696895,0.0,0.06857927363696895,1.5793160845095444,0.029000504173429746,0.0,0.0,0.0,0.25334355207048287
2018-05-21,0.0,0.0,0.03843793014629542,0.0,0.03843793014629542,1.7770367126713973,0.021161630516632328,0.0,0.0,0.0,0.26434880905521546
2018-05-22,0.0,0.0,0.013006767033563824,0.0,0.013006767033563824,1.6832249607475396,0.011595854465902885,0.0,0.0,0.0,0.271484898371184
2018-05-23,0.0,0.0,0.003349694764352549,0.0,0.003349694764352549,1.665158487033379,0.00470632849266281,0.0,0.0,0.0,0.30913772953518687
2018-05-24,0.0,0.0,0.0007836671476255623,0.0,0.0007836671476255623,1.210416583443697,0.00258914946706484,0.0,0.0,0.0,0.31956556232287964
2018-05-25,0.0,0.0,0.0006273361455437648,0.0,0.0006273361455437648,1.4738070260301437,0.002685885988879386,0.0,0.0,0.0,0.20475151570519837
2018-05-26,0.0,0.0,0.00019620664292103093,0.0,0.00019620664292103093,1.592179690299381,0.0022474268345795906,0.0,0.0,0.0,0.2468109583192916
2018-05-27,0.0,0.0,2.8079199715179412e-05,0.0,2.8079199715179412e-05,1.1918978337734991,0.001132044760946828,0.0,0.0,0.0,0.35505099955119285
2018-05-28,0.0,0.0,2.6834670347983358e-05,0.0,2.6834670347983358e-05,1.2669135536280398,0.0010338779083402545,0.0,0.0,0.0,0.24812956782373297
2018-05-29,0.0,0.0,5.7296636181851516e-06,0.0,5.7296636181851516e-06,0.7799518561257986,0.0013332348549592277,0.0,0.0,0.0,0.22505945604160463
2018-05-30,0.0,0.0,1.598879552701697e-05,0.0,1.598879552701697e-05,1.2288827711411392,0.0013568290026455105,0.0,0.0,0.0,0.2418702107352699
2018-05-31,0.0,0.0,3.0111724115642116e-05,0.0,3.0111724115642116e-05,1.3743625389680607,0.0013095449329512227,0.0,0.0,0.0,0.20375965000191165
2018-06-01,0.0,0.0,1.104866010213306e-05,0.0,1.104866010213306e-05,1.648364518146202,0.0009326011720518884,0.0,0.0,0.0,0.2742024985017882
2018-06-02,0.0,0.0,1.416179631985923e-06,0.0,1.416179631985923e-06,1.1254744821600433,0.0004317202521139634,0.0,0.0,0.0,0.20368778104107185
2018-06-03,0.0,0.0,1.8775393419788646e-06,0.0,1.8775393419788646e-06,1.3839343901714305,0.0003265299610452127,0.0,0.0,0.0,0.18311256121769426
2018-06-04,0.0,0.0,1.7226311946619108e-06,0.0,1.7226311946619108e-06,1.499864244054931,0.00037906873812161595,0.0,0.0,0.0,0.1398895763752495
2018-06-05,0.0,0.0,6.22875606342761e-07,0.0,6.22875606342761e-07,1.443178889406678,0.00039750684371218654,0.0,0.0,0.0,0.1400030602269515
2018-06-06,7.779519087310692,0.0,6.083842635484323e-08,7.779519087310692,7.779519148149118,1.0712062861037215,0.0014596192660119398,1.0,1.0,0.9999999921796675,0.4574909743158189
2018-06-07,0.022868717593857273,0.0,0.0,0.022868717593857273,0.022868717593857273,0.902891734005325,0.0029790831939766655,0.021759775382963788,0.021759775382963788,0.021759775382963788,0.42991246544765777
2018-06-08,0.0,0.0,0.0,0.0,0.0,0.7920771163442414,0.0005970225532046965,0.0,0.0,0.0,0.37398215250662664
2018-06-09,0.0,0.0,0.0,0.0,0.0,1.1944933966634248,0.0006132965085730697,0.0,0.0,0.0,0.21163963789620377
2018-06-10,0.0,0.0,0.0,0.0,0.0,1.4255922642409542,0.0005750146420377012,0.0,0.0,0.0,0.20084080534391305
2018-06-11,0.0,0.0,0.0,0.0,0.0,1.1443017056521916,0.0004101165029843292,0.0,0.0,0.0,0.25501875091324816
2018-06-12,0.0,0.0,0.0,0.0,0.0,1.2973802152649017,0.00026921673176607424,0.0,0.0,0.0,0.07898667739414815
2018-06-13,0.0,0.0,0.0,0.0,0.0,1.352403597686871,0.00024040946686176493,0.0,0.0,0.0,0.06573717620246362
2018-06-14,9.301128738247716,0.0,0.0,9.301128738247716,9.301128738247716,0.758102844657332,0.0031194716210566965,1.0,1.0,1.0,0.27548132496732386
2018-06-15,0.0,0.0,0.0,0.0,0.0,1.498243989279762,0.009602411569810438,0.0,0.0,0.0,0.23569624688250482
2018-06-16,0.0,0.0,0.0,0.0,0.0,1.6108539937860167,0.0007656472748611453,0.0,0.0,0.0,0.07302569421307199
2018-06-17,0.0,0.0,0.0,0.0,0.0,1.7898184077505743,0.0004148927205356745,0.0,0.0,0.0,0.07653675736972795
2018-06-18,0.0,0.0,0.0,0.0,0.0,1.9494030396660598,0.000229156913843813,0.0,0.0,0.0,0.08003590386854977
2018-06-19,0.0,0.0,0.0,0.0,0.0,1.8799049031694142,0.0001351435973522242,0.0,0.0,0.0,0.11119035764785574
2018-06-20,0.0,0.0,0.0,0.0,0.0,1.592458702317709,3.6294277752603064e-05,0.0,0.0,0.0,0.16666666666666666
2018-06-21,0.0,0.0,0.0,0.0,0.0,1.5403117369348314,1.3419858187681253e-05,0.0,0.0,0.0,0.08451550800487874
2018-06-22,0.0,0.0,0.0,0.0,0.0,1.8628778372781356,5.163234566361234e-05,0.0,0.0,0.0,0.06511051309873789
2018-06-23,0.0,0.0,0.0,0.0,0.0,1.242236022717756,2.700791565153134e-05,0.0,0.0,0.0,0.0
2018-06-24,0.0,0.0,0.0,0.0,0.0,1.5461569968044828,0.0,0.0,0.0,0.0,0.0
2018-06-25,0.0,0.0,0.0,0.0,0.0,1.561057344312875,0.0,0.0,0.0,0.0,0.0
2018-06-26,0.0,0.0,0.0,0.0,0.0,0.9987843369695646,0.0,0.0,0.0,0.0,0.0
2018-06-27,0.0,0.0,0.0,0.0,0.0,1.2475750341061436,1.1903119422963642e-05,0.0,0.0,0.0,0.10434404232904625
2018-06-28,0.0,0.0,0.0,0.0,0.0,1.3456343202048435,2.0396689165400724e-05,0.0,0.0,0.0,0.0
2018-06-29,0.0,0.0,0.0,0.0,0.0,1.2744245812244728,6.78785104405967e-06,0.0,0.0,0.0,0.0
2018-06-30,0.0,0.0,0.0,0.0,0.0,0.9771283815054116,3.2197087893048873e-06,0.0,0.0,0.0,0.0
2018-07-01,0.0,0.0,0.0,0.0,0.0,1.3918837628613898,3.844233324293969e-06,0.0,0.0,0.0,0.0
2018-07-02,0.0,0.0,0.0,0.0,0.0,1.3976675206621563,1.4446181894125911e-05,0.0,0.0,0.0,0.0
2018-07-03,0.0,0.0,0.0,0.0,0.0,1.7563015340201438,2.610573781613449e-05,0.0,0.0,0.0,0.0
2018-07-04,0.0,0.0,0.0,0.0,0.0,1.9094363218371646,1.6169657008329303e-05,0.0,0.0,0.0,0.0
2018-07-05,0.0,0.0,0.0,0.0,0.0,1.73765095974088,0.0,0.0,0.0,0.0,0.0
2018-07-06,0.0,0.0,0.0,0.0,0.0,1.8243703875009594,0.0,0.0,0.0,0.0,0.0
2018-07-07,0.0,0.0,0.0,0.0,0.0,1.8744154499212293,0.0,0.0,0.0,0.0,0.0
2018-07-08,0.0,0.0,0.0,0.0,0.0,1.2837914274637432,0.0,0.0,0.0,0.0,0.0
2018-07-09,0.0,0.0,0.0,0.0,0.0,1.653960820156907,0.0,0.0,0.0,0.0,0.0
2018-07-10,0.0,0.0,0.0,0.0,0.0,1.7960554534029383,0.0,0.0,0.0,0.0,0.0
2018-07-11,0.0,0.0,0.0,0.0,0.0,2.1049975301348227,0.0,0.0,0.0,0.0,0.0
2018-07-12,0.0,0.0,0.0,0.0,0.0,1.9085818202018339,0.0,0.0,0.0,0.0,0.0
2018-07-13,0.0,0.0,0.0,0.0,0.0,2.0349887786708942,0.0,0.0,0.0,0.0,0.0
2018-07-14,0.0,0.0,0.0,0.0,0.0,1.9873911200026975,0.0,0.0,0.0,0.0,0.0
2018-07-15,0.0,0.0,0.0,0.0,0.0,1.9725947285457177,0.0,0.0,0.0,0.0,0.0
2018-07-16,0.0,0.0,0.0,0.0,0.0,1.6143937494830758,0.0,0.0,0.0,0.0,0.0
2018-07-17,0.0,0.0,0.0,0.0,0.0,1.5879451225361163,0.0,0.0,0.0,0.0,0.0
2018-07-18,0.0,0.0,0.0,0.0,0.0,1.316866467797401,0.0,0.0,0.0,0.0,0.0
2018-07-19,0.0,0.0,0.0,0.0,0.0,1.2842165793007603,0.0,0.0,0.0,0.0,0.0
2018-07-20,0.0,0.0,0.0,0.0,0.0,1.4475963955319566,0.0,0.0,0.0,0.0,0.0
2018-07-21,0.0,0.0,0.0,0.0,0.0,1.6070370940825451,0.0,0.0,0.0,0.0,0.0
2018-07-22,0.0,0.0,0.0,0.0,0.0,1.7237055641673604,0.0,0.0,0.0,0.0,0.0
2018-07-23,0.0,0.0,0.0,0.0,0.0,1.7828564461098755,0.0,0.0,0.0,0.0,0.0
2018-07-24,0.0,0.0,0.0,0.0,0.0,1.7097273587063693,0.0,0.0,0.0,0.0,0.0
2018-07-25,0.0,0.0,0.0,0.0,0.0,1.6272688831817004,0.0,0.0,0.0,0.0,0.0
2018-07-26,0.0,0.0,0.0,0.0,0.0,1.4709636912825976,0.0,0.0,0.0,0.0,0.0
2018-07-27,0.0,0.0,0.0,0.0,0.0,1.5762530839118618,0.0,0.0,0.0,0.0,0.0
2018-07-28,0.0,0.0,0.0,0.0,0.0,1.6276823925378874,0.0,0.0,0.0,0.0,0.0
2018-07-29,0.0,0.0,0.0,0.0,0.0,1.6173404107420128,0.0,0.0,0.0,0.0,0.0
2018-07-30,0.0,0.0,0.0,0.0,0.0,1.457613709798967,0.0,0.0,0.0,0.0,0.0
2018-07-31,0.0,0.0,0.0,0.0,0.0,1.117877961800932,0.0,0.0,0.0,0.0,0.0
2018-08-01,0.0,0.0,0.0,0.0,0.0,0.5895090658840987,0.0,0.0,0.0,0.0,0.0
2018-08-02,0.0,0.0,0.0,0.0,0.0,0.9584910390746492,0.0,0.0,0.0,0.0,0.0
2018-08-03,0.0,0.0,0.0,0.0,0.0,1.0464949926413762,0.0,0.0,0.0,0.0,0.0
2018-08-04,0.0,0.0,0.0,0.0,0.0,1.2248169159982123,0.0,0.0,0.0,0.0,0.0
2018-08-05,0.0,0.0,0.0,0.0,0.0,1.3542692083476335,0.0,0.0,0.0,0.0,0.0
2018-08-06,0.0,0.0,0.0,0.0,0.0,1.3057271505954202,0.0,0.0,0.0,0.0,0.0
2018-08-07,0.0,0.0,0.0,0.0,0.0,1.3623408250331415,0.0,0.0,0.0,0.0,0.0
2018-08-08,0.0,0.0,0.0,0.0,0.0,1.3327273868258438,0.0,0.0,0.0,0.0,0.0
2018-08-09,0.0,0.0,0.0,0.0,0.0,0.8684056887831193,0.0,0.0,0.0,0.0,0.0
2018-08-10,0.0,0.0,0.0,0.0,0.0,0.8051342474375935,0.0,0.0,0.0,0.0,0.0
2018-08-11,0.0,0.0,0.0,0.0,0.0,0.803844853513958,0.0,0.0,0.0,0.0,0.0
2018-08-12,0.0,0.0,0.0,0.0,0.0,0.9982472524550876,0.0,0.0,0.0,0.0,0.0
2018-08-13,0.0,0.0,0.0,0.0,0.0,1.048318483069887,0.0,0.0,0.0,0.0,0.0
2018-08-14,0.0,0.0,0.0,0.0,0.0,1.0496221696238723,0.0,0.0,0.0,0.0,0.0
2018-08-15,0.0,0.0,0.0,0.0,0.0,0.7630158349785836,0.0,0.0,0.0,0.0,0.0
2018-08-16,0.0,0.0,0.0,0.0,0.0,1.0109485018029756,0.0,0.0,0.0,0.0,0.0
2018-08-17,0.0,0.0,0.0,0.0,0.0,0.8721300435912864,0.0,0.0,0.0,0.0,0.0
2018-08-18,0.0,0.0,0.0,0.0,0.0,0.7622001141880365,0.0,0.0,0.0,0.0,0.0
2018-08-19,0.0,0.0,0.0,0.0,0.0,0.8281211804226848,0.0,0.0,0.0,0.0,0.0
2018-08-20,0.0,0.0,0.0,0.0,0.0,0.9370084461857721,0.0,0.0,0.0,0.0,0.0
2018-08-21,0.0,0.0,0.0,0.0,0.0,0.8284317519422651,0.0,0.0,0.0,0.0,0.0
2018-08-22,0.0,0.0,0.0,0.0,0.0,0.4809679961142589,0.0,0.0,0.0,0.0,0.0
2018-08-23,0.0,0.0,0.0,0.0,0.0,0.5007791540946208,0.0,0.0,0.0,0.0,0.0
2018-08-24,0.0,0.0,0.0,0.0,0.0,0.11362950599158522,0.0,0.0,0.0,0.0,0.0
2018-08-25,0.0,0.0,0.0,0.0,0.0,0.40997132284355525,2.454945443680743e-05,0.0,0.0,0.0,0.0
2018-08-26,0.0,0.0,0.0,0.0,0.0,0.6632665966571835,3.135852015927673e-05,0.0,0.0,0.0,0.0
2018-08-27,0.0,0.0,0.0,0.0,0.0,0.6253404992059437,1.0403351113049283e-05,0.0,0.0,0.0,0.0
2018-08-28,0.0,0.0,0.0,0.0,0.0,0.3825214316625899,1.7846091802419716e-05,0.0,0.0,0.0,0.0
2018-08-29,0.0,0.0,0.0,0.0,0.0,0.4521875164096785,7.5780934314714e-06,0.0,0.0,0.0,0.0
2018-08-30,0.0,0.0,0.0,0.0,0.0,0.39808160514427626,2.3603721772658186e-05,0.0,0.0,0.0,0.0
2018-08-31,0.0,0.0,0.0,0.0,0.0,0.6072076292317599,2.7945908061427095e-05,0.0,0.0,0.0,0.0
2018-09-01,0.0,0.0,0.0,0.0,0.0,0.49432895312703845,2.5964699962236695e-05,0.0,0.0,0.0,0.0
2018-09-02,0.0,0.0,0.0,0.0,0.0,0.549360557115887,1.9219311601413692e-05,0.0,0.0,0.0,0.0
2018-09-03,0.0,0.0,0.0,0.0,0.0,0.5461486546943713,1.0081609329483416e-05,0.0,0.0,0.0,0.0
2018-09-04,0.0,0.0,0.0,0.0,0.0,0.5342518938537828,3.435704864243498e-05,0.0,0.0,0.0,0.0
2018-09-05,0.0,0.0,0.0,0.0,0.0,0.6285034490835795,3.237916330696461e-05,0.0,0.0,0.0,0.0
2018-09-06,0.0,0.0,0.0,0.0,0.0,0.3365468531936135,7.182329789881967e-06,0.0,0.0,0.0,0.0
2018-09-07,0.0,0.0,0.0,0.0,0.0,0.3262128700876511,7.763633429142217e-06,0.0,0.0,0.0,0.0
2018-09-08,0.0,0.0,0.0,0.0,0.0,0.12972601384480614,2.693664619986714e-05,0.0,0.0,0.0,0.0
2018-09-09,0.0,0.0,0.0,0.0,0.0,0.12013816231471514,2.4319152823619145e-05,0.0,0.0,0.0,0.0
2018-09-10,1.4257753115925071,0.0,0.0,1.4257753115925071,1.4257753115925071,0.2969905408362452,3.465505951989407e-05,0.6888393410132541,0.6888393410132541,0.6888393410132541,0.0
2018-09-11,0.0,0.0,0.0,0.0,0.0,0.24469587621111893,3.8286122279465185e-05,0.0,0.0,0.0,0.0
2018-09-12,0.0,0.0,0.0,0.0,0.0,0.2807159939022645,4.149123314989107e-05,0.0,0.0,0.0,0.0
2018-09-13,0.0,0.0,0.0,0.0,0.0,0.15224787608105275,4.772856074046811e-05,0.0,0.0,0.0,0.0
2018-09-14,0.0,0.0,0.0,0.0,0.0,0.12767250408104372,4.456220117643621e-05,0.0,0.0,0.0,0.0
2018-09-15,0.0,0.0,0.0,0.0,0.0,0.23848736330591533,3.953177866810048e-05,0.0,0.0,0.0,0.0
2018-09-16,0.0,0.0,0.0,0.0,0.0,0.2500937159418544,5.370876617080418e-05,0.0,0.0,0.0,0.0
2018-09-17,0.0,0.0,0.0,0.0,0.0,0.1737572289950339,6.865375191915425e-05,0.0,0.0,0.0,0.0
2018-09-18,0.0,0.0,0.0,0.0,0.0,0.21818617073391483,4.9753405473795696e-05,0.0,0.0,0.0,0.0
2018-09-19,0.0,0.0,0.0,0.0,0.0,0.15383777972427617,4.7244064726622246e-05,0.0,0.0,0.0,0.0
2018-09-20,0.0,0.0,0.0,0.0,0.0,0.19032606805160138,6.02241402767022e-05,0.0,0.0,0.0,0.0
2018-09-21,0.0,0.0,0.0,0.0,0.0,0.11938134254576209,3.251393160359652e-05,0.0,0.0,0.0,0.0
2018-09-22,0.0,0.0,0.0,0.0,0.0,0.16415338271349536,3.6790155309594644e-05,0.0,0.0,0.0,0.0
2018-09-23,0.0,0.0,0.0,0.0,0.0,0.1671127270622825,6.103178130432555e-05,0.0,0.0,0.0,0.0
2018-09-24,0.0,0.0,0.0,0.0,0.0,0.1626625359258944,6.919747971787935e-05,0.0,0.0,0.0,0.0
2018-09-25,0.0,0.0,0.0,0.0,0.0,0.19063213621763755,7.364156888040285e-05,0.0,0.0,0.0,0.0
2018-09-26,0.0,0.0,0.0,0.0,0.0,0.21899137169525998,5.434403652930286e-05,0.0,0.0,0.0,0.0
2018-09-27,0.0,0.0,0.0,0.0,0.0,0.1820590790920109,2.5547549094379236e-05,0.0,0.0,0.0,0.0
2018-09-28,0.0,0.0,0.0,0.0,0.0,0.09245422723417218,2.0582513331543458e-05,0.0,0.0,0.0,0.0
2018-09-29,0.0,0.0,0.0,0.0,0.0,0.003592618082575396,5.8619160803144464e-05,0.0,0.0,0.0,0.0
2018-09-30,0.0,0.0,0.0,0.0,0.0,0.14043462869418086,6.190526578713918e-05,0.0,0.0,0.0,0.0
2018-10-01,0.0,0.0,0.0,0.0,0.0,0.11535040934344874,9.549081913853114e-06,0.0,0.0,0.0,0.0
2018-10-02,0.0,0.0,0.0,0.0,0.0,0.016762716640384805,3.8240172192100917e-05,0.0,0.0,0.0,0.0
2018-10-03,6.838086782167698,0.0,0.0,6.838086782167698,6.838086782167698,0.010520523350503548,0.00013965925058660484,1.0,1.0,1.0,0.0
2018-10-04,1.53932476791257e-05,0.0,0.0,1.53932476791257e-05,1.53932476791257e-05,0.0031344262619875645,0.000561263387092092,0.0008670878236095627,0.0008670878236095627,0.0008670878236095627,0.0
2018-10-05,1.209758183534839,0.0,0.0,1.209758183534839,1.209758183534839,0.01673912441986722,0.00017335906646784354,1.0,1.0,1.0,0.0
2018-10-06,6.408936363360128,0.0,0.0,6.408936363360128,6.408936363360128,0.0,0.0015328336091865278,1.0,1.0,1.0,0.15150168343471218
2018-10-07,1.986769914242056,0.0,0.0,1.986769914242056,1.986769914242056,0.0012532291974574315,0.0023448439264566203,1.0,1.0,1.0,0.1664458382931035
2018-10-08,5.926044471705852e-07,0.0,0.0,5.926044471705852e-07,5.926044471705852e-07,0.017475079523311586,0.0005614113658119339,8.257979272472025e-05,8.257979272472025e-05,8.257979272472025e-05,0.16666666666666666
2018-10-09,0.0,0.0,0.0,0.0,0.0,0.06952744667177574,0.00011501091651138825,0.0,0.0,0.0,0.0
2018-10-10,0.0,0.0,0.0,0.0,0.0,0.027488244463106208,0.00010780607505671183,0.0,0.0,0.0,0.0
2018-10-11,0.0,0.0,0.0,0.0,0.0,0.10789134615750647,8.985297151413575e-05,0.0,0.0,0.0,0.0
2018-10-12,0.0,0.0,0.0,0.0,0.0,0.041158297041319486,5.19207771950705e-05,0.0,0.0,0.0,0.0
2018-10-13,0.0,0.0,0.0,0.0,0.0,0.0075515827686978105,6.557939518374328e-05,0.0,0.0,0.0,0.0
2018-10-14,0.0,0.0,0.0,0.0,0.0,0.0210828886998438,9.109968302809555e-05,0.0,0.0,0.0,0.0
2018-10-15,0.0,0.0,0.0,0.0,0.0,0.044211102946168396,8.12647231675322e-05,0.0,0.0,0.0,0.0
2018-10-16,0.0,0.0,0.0,0.0,0.0,0.012021960569278256,7.404526445447407e-05,0.0,0.0,0.0,0.0
2018-10-17,0.0,0.0,0.0,0.0,0.0,0.016088100941115666,8.9363612063857e-05,0.0,0.0,0.0,0.0
2018-10-18,0.0,0.0,0.0,0.0,0.0,0.02041505281985275,8.176630851663536e-05,0.0,0.0,0.0,0.0
2018-10-19,0.0,0.0,0.0,0.0,0.0,0.02659857586569274,7.008582179429967e-05,0.0,0.0,0.0,0.0
2018-10-20,0.0,0.0,0.0,0.0,0.0,0.014632991217813989,6.799241664619252e-05,0.0,0.0,0.0,0.0
2018-10-21,0.0,0.0,0.0,0.0,0.0,0.012917624303589243,5.289268656023488e-05,0.0,0.0,0.0,0.0
2018-10-22,0.0,0.0,0.0,0.0,0.0,0.005325787404726542,5.2574654445802294e-05,0.0,0.0,0.0,0.0
2018-10-23,9.625672417339198,0.0,0.0,9.625672417339198,9.625672417339198,0.00567275822922977,0.0013255440939993976,1.0,1.0,1.0,0.06431359761438976
2018-10-24,0.0,0.0,0.0,0.0,0.0,1.3687224653683458e-06,0.004191282798731335,0.0,0.0,0.0,0.165489839844327
2018-10-25,25.692983141464367,0.0,0.0,25.692983141464367,25.692983141464367,0.13809161710457077,0.019981373984520923,1.0,1.0,1.0,0.16666666666666666
2018-10-26,14.027727805794887,0.0,0.0,14.027727805794887,14.027727805794887,0.046895733960720366,0.05150563385744714,1.0,1.0,1.0,0.16658021585338234
2018-10-27,1.953164702274247,0.0,0.0,1.953164702274247,1.953164702274247,0.11612120274439838,0.026882448769209664,0.26974689293529874,0.26974689293529874,0.2697468929352988,0.16666666666666666
2018-10-28,4.76017041472304,0.0,0.0,4.76017041472304,4.76017041472304,0.006016415734818455,0.012572333483701273,1.0,1.0,1.0,0.1577851347813997
2018-10-29,1.7122872966864722,0.0,0.0,1.7122872966864722,1.7122872966864722,7.061467637297022e-08,0.009075941879987184,0.5945332177216235,0.5945332177216235,0.5945332177216234,0.15925812696522898
2018-10-30,1.5869416868042097,0.0,0.0,1.5869416868042097,1.5869416868042097,0.0,0.004714822959461788,0.7012675998183244,0.7012675998183244,0.7012675998183245,0.09700086986024821
2018-10-31,0.00018649110154911374,0.0,0.0,0.00018649110154911374,0.00018649110154911374,0.06837238653476696,0.0024916853804847023,0.0007432181345224824,0.0007432181345224824,0.0007432181345224824,0.07144343645250104
2018-11-01,0.832723181940482,0.0,0.0,0.832723181940482,0.832723181940482,0.03890073050183393,0.0011639598876616816,0.5622858086626202,0.5622858086626202,0.5622858086626202,0.0
2018-11-02,0.04008220031194728,0.0,0.0,0.04008220031194728,0.04008220031194728,0.019414374102874082,0.001621701823528572,0.014781782897724926,0.014781782897724926,0.014781782897724926,0.0
2018-11-03,0.0,0.0,0.0,0.0,0.0,0.03247859822738171,0.0007046292649617235,0.0,0.0,0.0,0.0
2018-11-04,0.0,0.0,0.0,0.0,0.0,0.0192242222422949,0.00037193482126663454,0.0,0.0,0.0,0.0
2018-11-05,0.0,0.0,0.0,0.0,0.0,0.017139317690891855,0.00031861494078639355,0.0,0.0,0.0,0.0
2018-11-06,0.0,0.0,0.0,0.0,0.0,0.0052518232094008604,0.00033637944642616566,0.0,0.0,0.0,0.0
2018-11-07,0.0,0.0,0.0,0.0,0.0,0.0017724579987822425,0.0003523193778045249,0.0,0.0,0.0,0.0
2018-11-08,0.0,0.0,0.0,0.0,0.0,0.014349534261900186,0.00029697551936914496,0.0,0.0,0.0,0.0
2018-11-09,0.0,0.0,0.0,0.0,0.0,0.00753112010081615,0.00023711391217127946,0.0,0.0,0.0,0.0
2018-11-10,0.0,0.0,0.0,0.0,0.0,0.003696157348569395,0.00027435156667461196,0.0,0.0,0.0,0.0
2018-11-11,0.0,0.0,0.0,0.0,0.0,0.0,0.0002973621113859644,0.0,0.0,0.0,0.0
2018-11-12,0.0,0.0,0.0,0.0,0.0,0.002411085055295788,0.00030507550412580965,0.0,0.0,0.0,0.0
2018-11-13,0.0,0.0,0.00015727643476486287,0.0,0.00015727643476486287,0.0,0.00030843034300416495,0.0,0.0,0.0,0.0
2018-11-14,0.0,0.0,7.893684047114535e-05,0.0,7.893684047114535e-05,0.005954944928341425,0.00028928299924315716,0.0,0.0,0.0,0.0
2018-11-15,0.0,0.0,0.0,0.0,0.0,0.024363117666906544,0.00015283004730467346,0.0,0.0,0.0,0.0
2018-11-16,0.0,0.0,0.0,0.0,0.0,0.0027457713965863377,0.00015314330543420737,0.0,0.0,0.0,0.0
2018-11-17,0.0,0.0,0.0,0.0,0.0,2.9863379340988958e-05,0.00023151332974876275,0.0,0.0,0.0,0.0
2018-11-18,0.0,0.0,0.0,0.0,0.0,0.003470606397912421,0.00024958406847274095,0.0,0.0,0.0,0.0
2018-11-19,0.2959929853596209,0.0,0.0,0.2959929853596209,0.2959929853596209,0.00259620258477405,0.0002539530236677859,0.23696271522358478,0.23696271522358478,0.23696271522358478,0.0
2018-11-20,1.0118618712670865e-05,7.354098714615597,0.0,7.35410883323431,1.0118618712670865e-05,1.2253907174453124e-06,0.0002977852732432676,0.000330319170898881,1.2880004144848942e-06,0.000330319170898881,0.0
2018-11-21,0.08080702764698418,4.622355164827642,0.0,4.703162192474626,0.08080702764698418,0.0,0.0002798338282085841,0.09352161526074569,0.04211641562213361,0.09352161526074569,0.0
2018-11-22,0.0,0.0,0.0,0.0,0.0,0.0,0.0002814905733950242,0.0,0.0,0.0,0.0
2018-11-23,0.0,0.0,0.0,0.0,0.0,0.0,0.0002594245694124989,0.0,0.0,0.0,0.0
2018-11-24,8.779273223478434,0.0,0.0,8.779273223478434,8.779273223478434,0.0,0.005656454451768435,1.0,1.0,1.0,0.022680470653646184
2018-11-25,8.42491026951795,0.0,0.3061766898399694,8.42491026951795,8.731086959357919,0.0,0.03128777821113274,1.0,1.0,0.9649325804146515,0.11232425070217006
2018-11-26,5.303995973320481,0.26479542097172915,0.0,5.56879139429221,5.303995973320481,0.0,0.037985731477607365,0.9990090424873034,0.970330200099013,0.9990090424873034,0.16556163484641523
2018-11-27,0.0009804655580736169,0.0,0.007348882905677265,0.0009804655580736169,0.008329348463750882,0.0,0.013487548416491432,0.0039225401544242125,0.0039225401544242125,0.000461730654961914,0.15992073434763085
2018-11-28,1.7886517660487244,1.105082051795972,0.002033308561261888,2.8937338178446965,1.7906850746099863,0.0,0.003317706790008163,0.775506833477848,0.6545031116292173,0.7746262516791914,0.15826361164334488
2018-11-29,0.633461859541779,3.2925630016633063,0.0,3.9260248612050854,0.633461859541779,0.0,0.0034602764651731626,0.25682315537388,0.17998434266859145,0.25682315537388,0.16427946118976144
2018-11-30,0.0,0.0,0.0,0.0,0.0,0.0,0.00219089781388651,0.0,0.0,0.0,0.1466781771935727
2018-12-01,0.0,0.0,0.0,0.0,0.0,0.0,0.0016633085418487942,0.0,0.0,0.0,0.06842202498384907
2018-12-02,0.0,0.0,0.0,0.0,0.0,0.0,0.0015094652838160908,0.0,0.0,0.0,0.062174013572043246
2018-12-03,0.0,0.0,0.0,0.0,0.0,0.0,0.0013802931677509291,0.0,0.0,0.0,0.06182141865732519
2018-12-04,0.0,0.0,0.0,0.0,0.0,0.0,0.0012770483881529775,0.0,0.0,0.0,0.0617521043555816
2018-12-05,0.0,0.0,0.0,0.0,0.0,0.0,0.0011877054746875877,0.0,0.0,0.0,0.06169815202473464
2018-12-06,0.0,0.0,0.0,0.0,0.0,0.0,0.0011176590251028358,0.0,0.0,0.0,0.06164921479373356
2018-12-07,0.0,3.671199499761943,0.0,3.671199499761943,0.0,0.0,0.0010566346840263897,0.0,0.0,0.0,0.0616013291942993
2018-12-08,0.0,0.0,0.0,0.0,0.0,0.0,0.0010053400856243325,0.0,0.0,0.0,0.061555782704082566
2018-12-09,2.5559214121484075,7.591484587784378,0.0,10.147405999932786,2.5559214121484075,0.0,0.002257946214928497,0.5211197819893472,0.3827437338397713,0.5211197819893472,0.06136981174058027
2018-12-10,0.0,0.029108900746299567,0.0,0.029108900746299567,0.0,0.0,0.0030365540375173047,0.0,0.0,0.0,0.061446859895218774
2018-12-11,0.00013256905439591298,0.02236848303458275,0.031973557572751124,0.022501052088978665,0.032106126627147034,0.0,0.0010820748982943284,0.0007432181345224824,0.00027736557983463545,3.0688138263377664e-06,0.023650886256012246
2018-12-12,0.12284322743432936,0.6619609967113355,0.0,0.7848042241456649,0.12284322743432936,0.0,0.002352344224330395,0.03154548082084314,0.01726199956767591,0.03154548082084314,0.05768792501488968
2018-12-13,1.1253332156129514,4.0293276798790885,0.0,5.154660895492039,1.1253332156129514,0.0,0.0031643089426707334,0.3090548742722656,0.2237976744835545,0.3090548742722656,0.1633473739810023
2018-12-14,5.521476933490719,1.8520984996270442,0.0,7.373575433117764,5.521476933490719,0.0,0.004766806057351413,0.9225401544242124,0.8152870034018515,0.9225401544242126,0.1649240221690889
2018-12-15,11.743250806410593,1.3474493348447247,0.0,13.090700141255319,11.743250806410593,0.0,0.021015041087008766,0.9772079772079773,0.9179312254364299,0.9772079772079773,0.15503760411664746
2018-12-16,19.135137890961172,0.9409296707466054,0.18564827030945535,20.076067561707777,19.32078616127063,0.0,0.0813495309299506,0.9990090424873034,0.9711540642612589,0.9894098316056549,0.14221062176686036
2018-12-17,0.0,0.0,0.0,0.0,0.0,0.0,1.6075796936610154,0.0,0.0,0.0,0.05206234148222089
2018-12-18,0.00011491810212183761,0.0001318216676705931,0.1405840757550434,0.0002467397697924307,0.14069899385716522,0.0,2.155168715978319,0.0007432181345224824,0.00044343135186712934,6.070350266225926e-07,0.1948218605367268
2018-12-19,0.0,0.0,0.0,0.0,0.0,0.0,0.4967843453342439,0.0,0.0,0.0,0.23899566126620098
2018-12-20,0.0,5.495454809930058,0.0,5.495454809930058,0.0,0.0,0.17628433981831312,0.0,0.0,0.0,0.2529538350227684
2018-12-21,0.14067251802873704,6.615173899756682,0.0,6.755846417785419,0.14067251802873704,0.0,0.0937680314610661,0.09063132251538049,0.051254389597307326,0.09063132251538049,0.26674355002896377
2018-12-22,0.0,0.0,0.0,0.0,0.0,0.0,0.06956733990753858,0.0,0.0,0.0,0.26871477241715386
2018-12-23,0.0,0.0,0.0,0.0,0.0,0.0,0.051709916424538274,0.0,0.0,0.0,0.26849823498234415
2018-12-24,0.0,4.258383796945862,0.0,4.258383796945862,0.0,0.0,0.04171213325476367,0.0,0.0,0.0,0.270665201180178
2018-12-25,0.0,0.0,0.0,0.0,0.0,0.0,0.03686885136655764,0.0,0.0,0.0,0.2730289029689803
2018-12-26,0.0,4.176547737228454,0.0,4.176547737228454,0.0,0.0,0.03354680397633394,0.0,0.0,0.0,0.2753099714381569
2018-12-27,0.6796807552291121,0.05006574331012028,0.2730136188425937,0.7297464985392323,0.9526943740717058,0.0,0.03767412185652226,0.09195259919897601,0.08597778952245354,0.06560174361241251,0.253294939392282
2018-12-28,0.0,0.0,0.0,0.0,0.0,0.0,0.041218465407000214,0.0,0.0,0.0,0.27717914084601813
2018-12-29,0.0,0.0,0.0,0.0,0.0,0.0,0.030389121439055436,0.0,0.0,0.0,0.28294822485797627
2018-12-30,0.0,0.0,0.0,0.0,0.0,0.0,0.027525420245983572,0.0,0.0,0.0,0.2840903617059539
2018-12-31,0.40368251725177806,0.4828823570441549,0.0,0.8865648742959329,0.40368251725177806,0.0,0.028096690205571977,0.23142986911102853,0.1753489529288561,0.23142986911102853,0.2854859923528968
2019-01-01,2.714469789089849,0.0,0.0,2.714469789089849,2.714469789089849,0.0,0.03738866097600098,0.5576613402700359,0.5576613402700359,0.5576613402700359,0.2826954370545495
2019-01-02,0.010439121045329453,0.10589921032957894,0.12205142485725526,0.1163383313749084,0.13249054590258472,0.0,0.04275602491171725,0.012841157768694001,0.0050154912902505774,0.0010117733261370328,0.26812813574982736
2019-01-03,0.8460641636096758,1.6962519599364232,0.0,2.542316123546099,0.8460641636096758,0.0,0.032812406449026985,0.571782484825963,0.42371708808963815,0.571782484825963,0.28793776669318555
2019-01-04,0.0,0.10887953087892394,0.0,0.10887953087892394,0.0,0.0,0.12955972966873977,0.0,0.0,0.0,0.3021059293182778
2019-01-05,0.0,0.0,0.0,0.0,0.0,0.0,0.12630727766229027,0.0,0.0,0.0,0.30820300596250755
2019-01-06,0.0,11.833425506797342,0.0,11.833425506797342,0.0,0.0,0.0800939902680508,0.0,0.0,0.0,0.31020160843485767
2019-01-07,0.36468218506883177,6.381308337320455,0.0,6.745990522389286,0.36468218506883177,0.0,0.053724022149444675,0.1899335232668566,0.10050746701900226,0.1899335232668566,0.31044208213280206
2019-01-08,0.0,0.0,0.0,0.0,0.0,0.0,0.04360689506320892,0.0,0.0,0.0,0.31032596882680247
2019-01-09,0.0,0.0,0.0,0.0,0.0,0.0,0.04895994953457791,0.0,0.0,0.0,0.3119450852048774
2019-01-10,0.0,0.0,0.0,0.0,0.0,0.0,0.046436390135569494,0.0,0.0,0.0,0.3153325940555368
2019-01-11,0.0,0.0,0.0,0.0,0.0,0.0,0.03754490402231861,0.0,0.0,0.0,0.3160852519469403
2019-01-12,0.0,0.0,0.0,0.0,0.0,0.0,0.03474162928608689,0.0,0.0,0.0,0.31751573791569465
2019-01-13,0.0,0.0,0.0,0.0,0.0,0.0,0.033534229344503,0.0,0.0,0.0,0.31896369668155966
2019-01-14,0.0,9.320791995536869,0.0,9.320791995536869,0.0,0.0,0.032565646627896565,0.0,0.0,0.0,0.32035001393951806
2019-01-15,0.003922352624860436,1.7285945601418913,0.0,1.7325169127667517,0.003922352624860436,0.0,0.03172406973043696,0.00941409637061811,0.003304942166711702,0.00941409637061811,0.32168148737558555
2019-01-16,7.289051261950075,8.681305511225887,0.0,15.970356773175961,7.289051261950075,0.0,0.04669324283737019,0.6458152690036748,0.5034644551991158,0.6458152690036748,0.3848205087475212
2019-01-17,2.3619539162609415,1.6856869285148401,0.0,4.047640844775781,2.3619539162609415,0.0,0.13690199012242657,0.7780255171559519,0.6310306401752976,0.7780255171559519,0.31368961387823324
2019-01-18,1.624034765867364e-07,0.2848912060350082,0.0,0.28489136843848484,1.624034765867364e-07,0.0,0.3542573408755654,4.128989636236013e-05,4.850707236121896e-06,4.128989636236013e-05,0.2996025218593195
2019-01-19,0.0,0.0,0.0,0.0,0.0,0.0,0.23937862389747833,0.0,0.0,0.0,0.2893099370508832
2019-01-20,0.0,6.3642770988380235,0.0,6.3642770988380235,0.0,0.0,0.14449238302717735,0.0,0.0,0.0,0.3069546414656132
2019-01-21,0.00013447999488463533,0.0,0.48558062376338834,0.00013447999488463533,0.485715103758273,0.0,0.0924298709976904,0.0017341756472191254,0.0017341756472191254,4.801414046270842e-07,0.30390399509438154
2019-01-22,0.0,0.0,0.0,0.0,0.0,0.0,0.0776229673650464,0.0,0.0,0.0,0.32991340813858344
2019-01-23,0.0,0.0,0.09189294198726347,0.0,0.09189294198726347,0.0,0.0637374563920262,0.0,0.0,0.0,0.34021109945123434
2019-01-24,0.0,0.0,3.885093676869774,0.0,3.885093676869774,0.0,0.06332318733588285,0.0,0.0,0.0,0.3474132792545846
2019-01-25,0.0,0.0,1.2699467443995776,0.0,1.2699467443995776,0.0,0.07072127639392671,0.0,0.0,0.0,0.3341799491514386
2019-01-26,0.0,0.0,0.0,0.0,0.0,0.0,0.15184686527392616,0.0,0.0,0.0,0.35980918152673974
2019-01-27,0.0,0.0,0.0,0.0,0.0,0.0,0.2380938903443939,0.0,0.0,0.0,0.369111579074358
2019-01-28,0.0,0.0,0.0,0.0,0.0,0.0,0.15094436023972502,0.0,0.0,0.0,0.3635383900912053
2019-01-29,0.0,0.0,0.6898366348744145,0.0,0.6898366348744145,0.0,0.09947985603668498,0.0,0.0,0.0,0.3617698139100209
2019-01-30,0.0,0.0,0.0,0.0,0.0,0.0,0.07784071978955431,0.0,0.0,0.0,0.36280743248609665
2019-01-31,0.0,0.0,0.0,0.0,0.0,0.0,0.06791525996464248,0.0,0.0,0.0,0.36848055634854554
2019-02-01,0.0,8.169120243107193,0.0,8.169120243107193,0.0,0.0,0.0651086131182307,0.0,0.0,0.0,0.36991904128424263
2019-02-02,0.0,12.790870819502436,0.0,12.790870819502436,0.0,0.0,0.06928216676623435,0.0,0.0,0.0,0.3734838299777681
2019-02-03,0.0,0.0,0.0,0.0,0.0,0.0,0.06645401419880617,0.0,0.0,0.0,0.37661359716191306
2019-02-04,0.0,0.0,0.0,0.0,0.0,9.564542281032765e-06,0.05995423747564938,0.0,0.0,0.0,0.3783107668288798
2019-02-05,0.0,0.0,0.0,0.0,0.0,8.291256205728229e-06,0.05688961347155036,0.0,0.0,0.0,0.3797631568615773
2019-02-06,0.0,5.993042709705353,0.0,5.993042709705353,0.0,0.0,0.054960377838206634,0.0,0.0,0.0,0.3807495333901973
2019-02-07,0.0,9.085792616440665,0.0,9.085792616440665,0.0,0.0,0.053321013770605344,0.0,0.0,0.0,0.38130146238325335
2019-02-08,0.0,9.468513619587132,0.0,9.468513619587132,0.0,0.0,0.05186182168462967,0.0,0.0,0.0,0.38153822252662256
2019-02-09,0.0,20.623239510418223,0.0,20.623239510418223,0.0,0.0,0.05052569584312997,0.0,0.0,0.0,0.3815243955166571
2019-02-10,0.0,15.584860914499796,0.0,15.584860914499796,0.0,0.0,0.049243866919481606,0.0,0.0,0.0,0.38133827527646497
2019-02-11,0.0,0.0,0.0,0.0,0.0,0.0,0.04807260520424747,0.0,0.0,0.0,0.3810429419193277
2019-02-12,0.0,11.795363605361967,0.0,11.795363605361967,0.0,0.0,0.0469502139560121,0.0,0.0,0.0,0.38068447234251984
2019-02-13,0.0,2.963741599209271,0.0,2.963741599209271,0.0,0.0,0.045918972615322684,0.0,0.0,0.0,0.3802413290517985
2019-02-14,0.0,8.247001548180027,0.0,8.247001548180027,0.0,0.0,0.044943883906412775,0.0,0.0,0.0,0.3797361592045465
2019-02-15,0.0,1.512906388694028,0.0,1.512906388694028,0.0,0.0,0.04401827596139265,0.0,0.0,0.0,0.3791886048069828
2019-02-16,0.0,0.0,0.0,0.0,0.0,2.1906417075707717e-05,0.04313923899494931,0.0,0.0,0.0,0.37860858867999486
2019-02-17,0.0,0.07575213716414354,0.0,0.07575213716414354,0.0,0.00014105118624719196,0.04230915495533108,0.0,0.0,0.0,0.3780117730195989
2019-02-18,0.0,0.0,0.0,0.0,0.0,0.0006388965019703572,0.041545416830832196,0.0,0.0,0.0,0.37740821949031206
2019-02-19,0.0,0.0,0.0,0.0,0.0,0.005947756524288821,0.040788268884126,0.0,0.0,0.0,0.3767731979275088
2019-02-20,0.0,0.06836461910152689,0.0,0.06836461910152689,0.0,0.0012641465748551984,0.039961154105459466,0.0,0.0,0.0,0.37608242165238276
2019-02-21,0.0,6.495659507783164,0.0,6.495659507783164,0.0,0.0,0.039062253351530275,0.0,0.0,0.0,0.3753401274335267
2019-02-22,0.0,3.8292215347684384,0.0,3.8292215347684384,0.0,0.0,0.03811357752521558,0.0,0.0,0.0,0.3746291718940795
2019-02-23,0.0,3.35237289370723,0.0,3.35237289370723,0.0,0.0,0.03741036727201635,0.0,0.0,0.0,0.3740617574346552
2019-02-24,0.0,0.0,0.0,0.0,0.0,2.4566462135329664e-06,0.03687842643937416,0.0,0.0,0.0,0.3734993356427391
2019-02-25,0.0,3.461777478199635,0.0,3.461777478199635,0.0,0.0,0.036378148989996195,0.0,0.0,0.0,0.3729682877243536
2019-02-26,0.0,0.0,0.0,0.0,0.0,0.01474503950113671,0.035958109448549755,0.0,0.0,0.0,0.3724589005882677
2019-02-27,0.0,0.0,0.0,0.0,0.0,0.008654753116741881,0.03545732843256069,0.0,0.0,0.0,0.3719289059879142
2019-02-28,0.0,0.0,0.0,0.0,0.0,0.0,0.03497838298042424,0.0,0.0,0.0,0.3713714922313314
2019-03-01,0.0,0.0,0.0,0.0,0.0,0.005226459021470014,0.034322947224966406,0.0,0.0,0.0,0.3707141016186346
2019-03-02,0.0,0.0,0.0,0.0,0.0,0.01557173240570272,0.03351982501035691,0.0,0.0,0.0,0.3701095610352314
2019-03-03,0.0,0.0,0.0,0.0,0.0,0.02250540682847933,0.032806630857843015,0.0,0.0,0.0,0.3694905077833088
2019-03-04,0.0,5.37193049560044,0.0,5.37193049560044,0.0,0.0,0.0320174227844719,0.0,0.0,0.0,0.36877179832678736
2019-03-05,0.0,0.0,0.0,0.0,0.0,0.009186838132006785,0.03117295430273726,0.0,0.0,0.0,0.3689115706886071
2019-03-06,0.0,0.0,0.0,0.0,0.0,0.02841027403519834,0.030457469320912766,0.0,0.0,0.0,0.36789500554432064
2019-03-07,0.0,0.0,0.0,0.0,0.0,0.04053948900463468,0.030069738248335844,0.0,0.0,0.0,0.36730819406406584
2019-03-08,0.0,0.0,0.0,0.0,0.0,0.047492065834819595,0.029484202894762085,0.0,0.0,0.0,0.36661592384823044
2019-03-09,0.0,8.588821730396396e-07,0.0,8.588821730396396e-07,0.0,0.054024016170012214,0.028446406832009625,0.0,0.0,0.0,0.365793585165994
2019-03-10,0.0,0.00016392299461350375,0.0,0.00016392299461350375,0.0,0.023418373668152484,0.027217548787779055,0.0,0.0,0.0,0.3648343289468583
2019-03-11,0.0,0.0,0.0,0.0,0.0,0.04863193284415094,0.02573311999125782,0.0,0.0,0.0,0.36387141640961057
2019-03-12,0.0,0.0,0.0,0.0,0.0,0.06226138142708146,0.024065280144187545,0.0,0.0,0.0,0.3628656825976669
2019-03-13,0.0,0.0,0.0,0.0,0.0,0.07029725003173803,0.022669526320638175,0.0,0.0,0.0,0.36185963050278835
2019-03-14,0.0,0.0,2.0550939315341648,0.0,2.0550939315341648,0.05610881554830493,0.022768347055703558,0.0,0.0,0.0,0.3348817935118607
2019-03-15,0.0,0.0,3.5011100080781103,0.0,3.5011100080781103,0.07055680437206964,0.035547706723798166,0.0,0.0,0.0,0.2833975769968981
2019-03-16,0.0,0.0,3.504395261888862,0.0,3.504395261888862,0.08380475503319357,0.06869904589484499,0.0,0.0,0.0,0.2497669628864542
2019-03-17,0.0,0.0,6.011177082464144,0.0,6.011177082464144,0.09755269536973361,0.2293402763665731,0.0,0.0,0.0,0.2928943932559653
2019-03-18,0.0,0.0,8.694125983957433,0.0,8.694125983957433,0.100130541517273,0.5475642149777856,0.0,0.0,0.0,0.22113442223315694
2019-03-19,0.0,0.0,12.839501467994552,0.0,12.839501467994552,0.0905264947615251,1.8302429998035172,0.0,0.0,0.0,0.1853069940905804
2019-03-20,0.0,0.0,10.647214417448433,0.0,10.647214417448433,0.07867437902988818,4.770474856729911,0.0,0.0,0.0,0.09343101110205172
2019-03-21,5.189515921960343,0.0,6.460001149674994,5.189515921960343,11.649517071635337,0.0032377651733223756,6.995305596108124,0.9992567818654775,0.9992567818654775,0.44513939485474274,0.17975119332682465
2019-03-22,2.8800685008469746,0.0,1.7691661920618924,2.8800685008469746,4.649234692908867,7.804956583035876e-06,7.693743421582926,1.0,1.0,0.6194715240423826,0.2641239234194282
2019-03-23,2.7825190202504135,0.0,1.7417509834975955,2.7825190202504135,4.5242700037480095,0.011262645534267462,4.3906177734689535,1.0,1.0,0.6150205487173203,0.2940642748358904
2019-03-24,0.0,0.0,2.34376142570451,0.0,2.34376142570451,0.18369118146838448,3.180963698477485,0.0,0.0,0.0,0.23626574490865462
2019-03-25,0.0,0.0,0.32816500342673766,0.0,0.32816500342673766,0.10837570915589266,2.2369816833529956,0.0,0.0,0.0,0.2455575274659356
2019-03-26,0.0,0.0,2.3028621078266553,0.0,2.3028621078266553,0.24251277450160316,1.0046469682361352,0.0,0.0,0.0,0.23606989460023034
2019-03-27,0.0,0.0,2.933166879856189,0.0,2.933166879856189,0.14065338247744472,1.2707854842286361,0.0,0.0,0.0,0.1788794038075611
2019-03-28,0.0,0.0,5.0619316700629335,0.0,5.0619316700629335,0.3071196573083083,1.9472630990944666,0.0,0.0,0.0,0.20869406744937882
2019-03-29,0.0,0.0,8.57246157145257,0.0,8.57246157145257,0.3209885430087608,2.997546259287999,0.0,0.0,0.0,0.16195339596831776
2019-03-30,0.0,0.0,8.197432476958518,0.0,8.197432476958518,0.19933252820764102,5.3280495957010485,0.0,0.0,0.0,0.11469147645558485
2019-03-31,0.0,0.0,10.021312165713018,0.0,10.021312165713018,0.10233038506968195,6.732561043674695,0.0,0.0,0.0,0.1457100660299028
2019-04-01,0.0,0.0,6.190896169728858,0.0,6.190896169728858,0.2520253623883651,7.755371937961047,0.0,0.0,0.0,0.16751085419134917
2019-04-02,3.616243270987124,0.0,6.397902067461499,3.616243270987124,10.014145338448623,0.10715502534392125,6.140633195678067,1.0,1.0,0.36111351980311357,0.18729647909275035
2019-04-03,7.2352199601109435,0.0,2.3316863646714023,7.2352199601109435,9.566906324782346,0.12763898086859304,7.947044392672525,1.0,1.0,0.756275823603358,0.4518700260716424
2019-04-04,12.753594841683134,0.05908610815536276,0.4456142317226232,12.812680949838496,13.199209073405756,0.19540511039913422,8.785722360711757,1.0,0.9956612815255826,0.9662393231863823,0.6529291964463767
2019-04-05,7.75725726296334,0.0,2.1546661793798365,7.75725726296334,9.911923442343177,0.04926323294197576,10.599229758787683,1.0,1.0,0.7826187629562165,0.8414335902058147
2019-04-06,5.843530237747752,0.0,3.6819631943535565,5.843530237747752,9.525493432101308,0.02156821490744937,9.098326769303476,1.0,1.0,0.61346220848306,0.8380746558581
2019-04-07,0.0,0.0,1.3641293391099718,0.0,1.3641293391099718,0.3100340823997391,7.772128858948764,0.0,0.0,0.0,0.5683685669853258
2019-04-08,0.3423126818391407,0.0,0.830923671774887,0.3423126818391407,1.1732363536140278,0.22900087783211823,3.212529964091555,0.09195259919897601,0.09195259919897601,0.026828814788189114,0.5330630276777665
2019-04-09,0.0,0.0,1.8533695194893207,0.0,1.8533695194893207,0.3042288745827702,1.3235389427928026,0.0,0.0,0.0,0.5238391408348051
2019-04-10,0.0,0.0,3.8119004441788857,0.0,3.8119004441788857,0.404232951645287,1.285673715212051,0.0,0.0,0.0,0.45012157137684383
2019-04-11,7.09777154057232e-05,4.942610926147096e-05,0.2453331377700269,0.00012040382466719416,0.24540411548543264,0.38576615506207446,2.0698667845173095,0.0007432181345224824,0.0007432181345224824,2.1495941554264862e-07,0.44913771640815764
2019-04-12,0.0,0.0,2.5946638410871567e-05,0.0,2.5946638410871567e-05,0.3622865434035855,1.3341201096491515,0.0,0.0,0.0,0.41383511582625115
2019-04-13,3.393870807066671e-05,0.04222316215731122,0.0008230428631319643,0.04225710086538189,0.000856981571202631,0.5538023029540088,0.4922934380393214,0.0007432181345224824,0.00025273056209554296,2.9433378905670668e-05,0.3383668866976575
2019-04-14,0.0,0.0,2.592529691283622,0.0,2.592529691283622,0.3861039390458989,0.3118622637851331,0.0,0.0,0.0,0.28577103717877184
2019-04-15,0.0,0.0,6.417988204157078,0.0,6.417988204157078,0.4509267509206741,0.3536981583334819,0.0,0.0,0.0,0.231975702920275
2019-04-16,0.0,0.0,13.098077801851339,0.0,13.098077801851339,0.4886310923156507,3.350498148856022,0.0,0.0,0.0,0.22886021931919334
2019-04-17,0.0,0.0,8.861156188607355,0.0,8.861156188607355,0.4304448637051875,9.621022964923213,0.0,0.0,0.0,0.19785329115335712
2019-04-18,0.0,0.0,7.232510935281205,0.0,7.232510935281205,0.7194943375861114,8.201411022902786,0.0,0.0,0.0,0.030761869890399002
2019-04-19,0.0,0.0,5.933513013683503,0.0,5.933513013683503,1.0066534174656043,6.361837635295295,0.0,0.0,0.0,0.035421339549072096
2019-04-20,0.0,0.0,6.703619580137326,0.0,6.703619580137326,0.9635439365294025,5.152190487570876,0.0,0.0,0.0,0.03863914146491432
2019-04-21,0.0,0.0,5.11181053959301,0.0,5.11181053959301,0.6848528509675377,5.290935806160172,0.0,0.0,0.0,0.03919034688249452
2019-04-22,0.0,0.0,4.699746033267732,0.0,4.699746033267732,1.0128496776628884,4.5637219164709455,0.0,0.0,0.0,0.03818572465695683
2019-04-23,0.0,0.0,4.200197248134081,0.0,4.200197248134081,1.1005067165635158,3.8260094178571333,0.0,0.0,0.0,0.04114454686523756
2019-04-24,0.0,0.0,3.6686177332842638,0.0,3.6686177332842638,0.7337902134182397,3.3444218276767654,0.0,0.0,0.0,0.04606473111138192
2019-04-25,0.0,0.0,6.35522017038052e-07,0.0,6.35522017038052e-07,0.8976825189435669,2.8323490805263427,0.0,0.0,0.0,0.048709451409742144
2019-04-26,0.0,0.0,0.0005289630612613533,0.0,0.0005289630612613533,0.7351781519392616,1.182311533594473,0.0,0.0,0.0,0.05349362986804652
2019-04-27,0.0,0.0,0.3500092128553274,0.0,0.3500092128553274,0.752580941992947,0.3470071798916172,0.0,0.0,0.0,0.06160012567980752
2019-04-28,0.0,0.0,0.6498602276707582,0.0,0.6498602276707582,0.9056621408689228,0.17120728882655042,0.0,0.0,0.0,0.07175003529748492
2019-04-29,0.0,0.0,1.4172370319466836,0.0,1.4172370319466836,0.9203052359870162,0.11752048852953266,0.0,0.0,0.0,0.08337828472757125
2019-04-30,0.0,0.0,1.9514396088027461,0.0,1.9514396088027461,0.8663302010369658,0.12601709883476728,0.0,0.0,0.0,0.06926057750626105
2019-05-01,0.0,0.0,4.093620658204408,0.0,4.093620658204408,0.8854680261141533,0.3555607757490534,0.0,0.0,0.0,0.05361624088304102
2019-05-02,0.0,0.0,5.2138451481311785,0.0,5.2138451481311785,1.073043270739229,1.689236529634451,0.0,0.0,0.0,0.040003195010355076
2019-05-03,0.0,0.0,4.7075708363837245,0.0,4.7075708363837245,0.9380445289212839,3.737681743704551,0.0,0.0,0.0,0.06368037212617396
2019-05-04,0.0,0.0,4.128971513175514,0.0,4.128971513175514,1.3366625338705391,4.029018042920511,0.0,0.0,0.0,0.03622705895339226
2019-05-05,0.0,0.0,3.6783173343773465,0.0,3.6783173343773465,1.1307816857688229,3.5676159304121997,0.0,0.0,0.0,0.03267227476749487
2019-05-06,0.0,0.0,2.7763256905537586,0.0,2.7763256905537586,1.2970263196961087,3.1763383512670607,0.0,0.0,0.0,0.033963046845061386
2019-05-07,0.0,0.0,2.1624317205868007,0.0,2.1624317205868007,1.1737590741787514,2.520713650732985,0.0,0.0,0.0,0.03438490319422416
2019-05-08,0.0,0.0,1.7806832827737709,0.0,1.7806832827737709,1.486546845770953,1.9448716886973252,0.0,0.0,0.0,0.03527080190851402
2019-05-09,0.0,0.0,1.6690909824670193,0.0,1.6690909824670193,1.3597958067432887,1.5267005911507108,0.0,0.0,0.0,0.037970062383104845
2019-05-10,0.0,0.0,1.0137935047248696,0.0,1.0137935047248696,1.5355729709489598,1.2902379477294343,0.0,0.0,0.0,0.041170773544497906
2019-05-11,0.0,0.0,0.6470143752554475,0.0,0.6470143752554475,1.5429757788384346,0.9827694336726011,0.0,0.0,0.0,0.04512561409077583
2019-05-12,0.0,0.0,0.1941823062209747,0.0,0.1941823062209747,1.0484959780699237,0.5682913115495045,0.0,0.0,0.0,0.050035665982775944
2019-05-13,5.988920957971322,0.0,0.03526904269498413,5.988920957971322,6.024190000666306,0.6782869166991896,0.35255057184202826,1.0,1.0,0.9941454298932997,0.07351515434767913
2019-05-14,6.708904716184099,0.0,0.2558547471676508,6.708904716184099,6.96475946335175,0.02704081409216918,0.3156767291884764,1.0,1.0,0.9632643814170544,0.08926379457652327
2019-05-15,0.0,0.0,0.07249465269453197,0.0,0.07249465269453197,0.926100246445869,0.7777768394321203,0.0,0.0,0.0,0.05576049086591606
2019-05-16,6.035922285522096,0.0,0.11707780431463498,6.035922285522096,6.1530000898367305,0.7381699250998555,1.1509981555640536,1.0,1.0,0.9809722407597525,0.06978780989388386
2019-05-17,11.71011142760531,0.0,0.1763484028811896,11.71011142760531,11.8864598304865,0.29172455531628555,0.710189868635847,1.0,1.0,0.9851639255593252,0.09202749583275992
2019-05-18,11.025865090477483,0.0,0.061992667513522774,11.025865090477483,11.087857757991006,1.232638268385638,3.747550207297512,1.0,1.0,0.9944089589831863,0.21365676119500246
2019-05-19,8.091673317636166,0.0,0.10200617695306326,8.091673317636166,8.19367949458923,0.6226716541055882,6.124990997184078,0.6276477146042363,0.6276477146042363,0.6198338937338466,0.46499533138106525
2019-05-20,0.0,0.0,0.1724097679657279,0.0,0.1724097679657279,0.7846412735619315,6.216884959744485,0.0,0.0,0.0,0.5789656918093934
2019-05-21,0.0,0.0,0.25053234174913114,0.0,0.25053234174913114,1.2976395846774262,2.4662767389136464,0.0,0.0,0.0,0.5975366548532809
2019-05-22,0.0,0.0,0.08881149910467327,0.0,0.08881149910467327,1.8772533239373361,0.6685465928603975,0.0,0.0,0.0,0.601903136153875
2019-05-23,5.853880344267864,0.0,0.05343333828385332,5.853880344267864,5.907313682551718,0.7524949358900672,0.2861037218632436,1.0,1.0,0.9909547145868217,0.6370241849300516
2019-05-24,11.265409336037537,0.0,0.07055965440195923,11.265409336037537,11.335968990439497,0.16145671792381233,0.3594392811367795,1.0,1.0,0.9937755956758996,0.7184002254348183
2019-05-25,0.0,0.0,0.14166526823902387,0.0,0.14166526823902387,1.0650587279238242,4.873959331920099,0.0,0.0,0.0,0.44358553370256076
2019-05-26,0.0,0.0,0.14469955484533412,0.0,0.14469955484533412,1.4853593880029698,2.5772646869856923,0.0,0.0,0.0,0.4940310523721856
2019-05-27,0.0,0.0,0.09496694031389631,0.0,0.09496694031389631,2.4481455487946207,0.653117299126603,0.0,0.0,0.0,0.46381827032576894
2019-05-28,0.0,0.0,0.06770754905108324,0.0,0.06770754905108324,1.546222504430229,0.22918551386188762,0.0,0.0,0.0,0.46126149474287476
2019-05-29,0.0,0.0,0.025988527295359016,0.0,0.025988527295359016,2.1795095720462596,0.10502361680919878,0.0,0.0,0.0,0.46357609350261536
2019-05-30,0.0,0.0,0.007168935603275783,0.0,0.007168935603275783,2.069964555917694,0.04665816009735172,0.0,0.0,0.0,0.4373557481479952
2019-05-31,0.0,0.0,0.001482925919276154,0.0,0.001482925919276154,2.1923541379249283,0.01768708732553218,0.0,0.0,0.0,0.40968891522541556
2019-06-01,0.0,0.0,0.00027026752027066496,0.0,0.00027026752027066496,1.9230429911208395,0.006197869964993272,0.0,0.0,0.0,0.3646056650744103
2019-06-02,0.0,0.0,9.072629128830474e-05,0.0,9.072629128830474e-05,1.831421136728928,0.0036590708337499857,0.0,0.0,0.0,0.35457514996959594
2019-06-03,0.0,0.0,3.174248794908471e-05,0.0,3.174248794908471e-05,1.3711968188134702,0.003586516975574406,0.0,0.0,0.0,0.3341268866038063
2019-06-04,0.0,0.0,2.1082367355982026e-06,0.0,2.1082367355982026e-06,1.1985089546109355,0.0030764060870596284,0.0,0.0,0.0,0.38666767565892574
2019-06-05,0.0,0.0,1.5533955850631756e-09,0.0,1.5533955850631756e-09,1.0951976372939924,0.002779830674313425,0.0,0.0,0.0,0.43069458148468526
2019-06-06,0.0,0.0,6.616716506130105e-06,0.0,6.616716506130105e-06,1.1983626523804154,0.003056752811424515,0.0,0.0,0.0,0.21337110942413184
2019-06-07,0.0,0.0,9.989780293334478e-06,0.0,9.989780293334478e-06,1.5421639635466948,0.002676698102802964,0.0,0.0,0.0,0.21559057696833597
2019-06-08,0.0,0.0,6.721337818742395e-06,0.0,6.721337818742395e-06,1.6704055498013868,0.002014775770375173,0.0,0.0,0.0,0.21138522846201316
2019-06-09,0.0,0.0,1.6598763576044896e-06,0.0,1.6598763576044896e-06,1.8944997413296683,0.0015656576145168894,0.0,0.0,0.0,0.20935529654228338
2019-06-10,0.0,0.0,2.192941182879148e-07,0.0,2.192941182879148e-07,2.1049097988736687,0.001133898757578088,0.0,0.0,0.0,0.1536692420987272
2019-06-11,0.0,0.0,0.0,0.0,0.0,2.2322237351345144,0.0007381368628455682,0.0,0.0,0.0,0.16780250795841622
2019-06-12,0.0,0.0,0.0,0.0,0.0,2.089837254208646,0.00031103913424161613,0.0,0.0,0.0,0.3169966846804954
2019-06-13,0.0,0.0,0.0,0.0,0.0,1.9649743417132048,0.00019694139587828896,0.0,0.0,0.0,0.17431643756327952
2019-06-14,0.0,0.0,0.0,0.0,0.0,1.7999897250375738,0.0002851269711170195,0.0,0.0,0.0,0.14767625757859973
2019-06-15,0.0,0.0,0.0,0.0,0.0,1.8567640623623607,0.00024734668412595756,0.0,0.0,0.0,0.18019786425366338
2019-06-16,0.0,0.0,0.0,0.0,0.0,1.6414378219372443,9.434704800778524e-05,0.0,0.0,0.0,0.16666666666666666
2019-06-17,0.0,0.0,0.0,0.0,0.0,1.1278823642459368,1.608103633949506e-05,0.0,0.0,0.0,0.16666666666666666
2019-06-18,0.0,0.0,0.0,0.0,0.0,0.8948978103505053,3.774164031050127e-05,0.0,0.0,0.0,0.09075825669397082
2019-06-19,0.0,0.0,0.0,0.0,0.0,1.0986455217071562,0.00012260525862782466,0.0,0.0,0.0,0.0641121847416078
2019-06-20,0.0,0.0,0.0,0.0,0.0,1.5085606120921733,0.00011897919057577655,0.0,0.0,0.0,0.08611291981753327
2019-06-21,0.0,0.0,0.0,0.0,0.0,1.2293310077236934,7.087259798445981e-05,0.0,0.0,0.0,0.12729996262801643
2019-06-22,0.0,0.0,0.0,0.0,0.0,1.4424900640795386,6.47974349655333e-05,0.0,0.0,0.0,0.09294037510618484
2019-06-23,0.0,0.0,0.0,0.0,0.0,1.4622748776338128,6.62516062408401e-05,0.0,0.0,0.0,0.10688199034409544
2019-06-24,5.467525249226974,0.0,0.0,5.467525249226974,5.467525249226974,0.9297511934464792,0.00012952191545253066,1.0,1.0,1.0,0.1421499790629314
2019-06-25,0.0,0.0,0.0,0.0,0.0,1.1459997030256863,0.00025489224781069134,0.0,0.0,0.0,0.10133438237240783
2019-06-26,0.0,0.0,0.0,0.0,0.0,1.3744698573365908,9.392880552295609e-05,0.0,0.0,0.0,0.09085962853466167
2019-06-27,0.0,0.0,0.0,0.0,0.0,1.5968733542113722,8.90402010651555e-05,0.0,0.0,0.0,0.07004693578719456
2019-06-28,0.0,0.0,0.0,0.0,0.0,1.4839529322985001,8.966055726085292e-05,0.0,0.0,0.0,0.06814860500749431
2019-06-29,0.0,0.0,0.0,0.0,0.0,1.7406156954631504,6.551708598165202e-05,0.0,0.0,0.0,0.09412940557498219
2019-06-30,0.0,0.0,0.0,0.0,0.0,1.0722408450179943,1.707983956833522e-05,0.0,0.0,0.0,0.0
2019-07-01,0.0,0.0,0.0,0.0,0.0,1.517514771380416,0.0,0.0,0.0,0.0,0.0
2019-07-02,0.0,0.0,0.0,0.0,0.0,1.6856499754611862,2.176973773691679e-05,0.0,0.0,0.0,0.08812389950533644
2019-07-03,0.0,0.0,0.0,0.0,0.0,1.8155774036770655,1.1588095347372128e-05,0.0,0.0,0.0,0.0
2019-07-04,0.0,0.0,0.0,0.0,0.0,1.2149900788904289,0.0,0.0,0.0,0.0,0.0
2019-07-05,0.0,0.0,0.0,0.0,0.0,1.334010973703141,0.0,0.0,0.0,0.0,0.0
2019-07-06,0.0,0.0,0.0,0.0,0.0,1.3752434387919277,0.0,0.0,0.0,0.0,0.0
2019-07-07,0.9858393164577032,0.0,0.0,0.9858393164577032,0.9858393164577032,1.4874165680982727,0.0,0.7423510466988728,0.7423510466988728,0.7423510466988728,0.0
2019-07-08,0.0,0.0,0.0,0.0,0.0,1.0298807130183214,0.0,0.0,0.0,0.0,0.0
2019-07-09,0.0,0.0,0.0,0.0,0.0,1.435905382332404,0.0,0.0,0.0,0.0,0.0
2019-07-10,0.0,0.0,0.0,0.0,0.0,1.6675889881137314,0.0,0.0,0.0,0.0,0.0
2019-07-11,0.0,0.0,0.0,0.0,0.0,1.3653806977402392,0.0,0.0,0.0,0.0,0.0
2019-07-12,0.0,0.0,0.0,0.0,0.0,1.7780040778567214,0.0,0.0,0.0,0.0,0.0
2019-07-13,1.9128450908006056,0.0,0.0,1.9128450908006056,1.9128450908006056,0.8757554978385204,0.0,1.0,1.0,1.0,0.0
2019-07-14,0.0,0.0,0.0,0.0,0.0,1.4589485346454987,0.0,0.0,0.0,0.0,0.0
2019-07-15,0.0,0.0,0.0,0.0,0.0,1.1033304854774928,0.0,0.0,0.0,0.0,0.0
2019-07-16,0.0,0.0,0.0,0.0,0.0,1.0339787873180928,0.0,0.0,0.0,0.0,0.0
2019-07-17,0.0,0.0,0.0,0.0,0.0,1.369242440976406,0.0,0.0,0.0,0.0,0.0
2019-07-18,0.0,0.0,0.0,0.0,0.0,1.5390294989693807,0.0,0.0,0.0,0.0,0.0
2019-07-19,0.0,0.0,0.0,0.0,0.0,1.6860211301530301,0.0,0.0,0.0,0.0,0.0
2019-07-20,0.0,0.0,0.0,0.0,0.0,1.8181600458208287,0.0,0.0,0.0,0.0,0.0
2019-07-21,0.148922402847943,0.0,0.0,0.148922402847943,0.148922402847943,1.9649530313904024,0.0,0.10797307898757175,0.10797307898757175,0.10797307898757176,0.0
2019-07-22,0.0,0.0,0.0,0.0,0.0,1.6981555382996907,0.0,0.0,0.0,0.0,0.0
2019-07-23,0.0,0.0,0.0,0.0,0.0,1.629346098847175,0.0,0.0,0.0,0.0,0.0
2019-07-24,0.0,0.0,0.0,0.0,0.0,1.7186553402807374,0.0,0.0,0.0,0.0,0.0
2019-07-25,0.0,0.0,0.0,0.0,0.0,1.2647390471166724,0.0,0.0,0.0,0.0,0.0
2019-07-26,0.0,0.0,0.0,0.0,0.0,1.5684131220037023,0.0,0.0,0.0,0.0,0.0
2019-07-27,0.0,0.0,0.0,0.0,0.0,1.5337107782085981,0.0,0.0,0.0,0.0,0.0
2019-07-28,0.0,0.0,0.0,0.0,0.0,1.4783522874984079,0.0,0.0,0.0,0.0,0.0
2019-07-29,0.0,0.0,0.0,0.0,0.0,1.4872660396054516,0.0,0.0,0.0,0.0,0.0
2019-07-30,0.0,0.0,0.0,0.0,0.0,1.5432991446576225,0.0,0.0,0.0,0.0,0.0
2019-07-31,0.0,0.0,0.0,0.0,0.0,1.1540839034657424,0.0,0.0,0.0,0.0,0.0
2019-08-01,0.0,0.0,0.0,0.0,0.0,1.5977147508144547,0.0,0.0,0.0,0.0,0.0
2019-08-02,0.0,0.0,0.0,0.0,0.0,1.4925231125602179,0.0,0.0,0.0,0.0,0.0
2019-08-03,0.0,0.0,0.0,0.0,0.0,1.5339351349091233,0.0,0.0,0.0,0.0,0.0
2019-08-04,0.0,0.0,0.0,0.0,0.0,1.597972619084681,0.0,0.0,0.0,0.0,0.0
2019-08-05,0.0,0.0,0.0,0.0,0.0,1.6042224907151497,0.0,0.0,0.0,0.0,0.0
2019-08-06,0.0,0.0,0.0,0.0,0.0,1.6607690928832017,0.0,0.0,0.0,0.0,0.0
2019-08-07,9.484456006463722,0.0,0.0,9.484456006463722,9.484456006463722,1.2137070135649222,8.705870001087086e-06,1.0,1.0,1.0,0.0
2019-08-08,0.6847112816881779,0.0,0.0,0.6847112816881779,0.6847112816881779,1.187255773965516,0.00046801588313826896,0.0972377059333581,0.0972377059333581,0.0972377059333581,0.0
2019-08-09,0.0,0.0,0.0,0.0,0.0,0.825272077753493,7.719964202983718e-06,0.0,0.0,0.0,0.0
2019-08-10,0.0,0.0,0.0,0.0,0.0,1.0492221848391923,0.0,0.0,0.0,0.0,0.0
2019-08-11,0.0,0.0,0.0,0.0,0.0,1.1268065041988737,0.0,0.0,0.0,0.0,0.0
2019-08-12,0.0,0.0,0.0,0.0,0.0,1.13445955544009,0.0,0.0,0.0,0.0,0.0
2019-08-13,0.0,0.0,0.0,0.0,0.0,0.9826757139193573,0.0,0.0,0.0,0.0,0.0
2019-08-14,0.0,0.0,0.0,0.0,0.0,0.9622902661845945,0.0,0.0,0.0,0.0,0.0
2019-08-15,0.0,0.0,0.0,0.0,0.0,0.9209966625364399,0.0,0.0,0.0,0.0,0.0
2019-08-16,0.0,0.0,0.0,0.0,0.0,1.0101089375660544,0.0,0.0,0.0,0.0,0.0
2019-08-17,0.0,0.0,0.0,0.0,0.0,0.9865336531630214,0.0,0.0,0.0,0.0,0.0
2019-08-18,0.0,0.0,0.0,0.0,0.0,1.0937571466843332,0.0,0.0,0.0,0.0,0.0
2019-08-19,0.413427760847351,0.0,0.0,0.413427760847351,0.413427760847351,0.8068431140633661,0.0,0.49824517940459967,0.49824517940459967,0.49824517940459967,0.0
2019-08-20,0.0,0.0,0.0,0.0,0.0,0.7455206273814333,0.0,0.0,0.0,0.0,0.0
2019-08-21,0.0,0.0,0.0,0.0,0.0,0.8747841608050352,0.0,0.0,0.0,0.0,0.0
2019-08-22,0.0,0.0,0.0,0.0,0.0,0.527409310328598,0.0,0.0,0.0,0.0,0.0
2019-08-23,0.0,0.0,0.0,0.0,0.0,0.5704440228690485,0.0,0.0,0.0,0.0,0.0
2019-08-24,0.0,0.0,0.0,0.0,0.0,0.8778748501507156,0.0,0.0,0.0,0.0,0.0
2019-08-25,0.0,0.0,0.0,0.0,0.0,0.8027432955710162,0.0,0.0,0.0,0.0,0.0
2019-08-26,0.0,0.0,0.0,0.0,0.0,0.9900223330420344,0.0,0.0,0.0,0.0,0.0
2019-08-27,1.7640005833650052,0.0,0.0,1.7640005833650052,1.7640005833650052,0.756952206369567,0.0,1.0,1.0,1.0,0.0
2019-08-28,0.0,0.0,0.0,0.0,0.0,0.6622309417268577,0.0,0.0,0.0,0.0,0.0
2019-08-29,0.0,0.0,0.0,0.0,0.0,0.8224657766141397,0.0,0.0,0.0,0.0,0.0
2019-08-30,0.0,0.0,0.0,0.0,0.0,0.623014011158438,0.0,0.0,0.0,0.0,0.0
2019-08-31,0.0,0.0,0.0,0.0,0.0,0.756180249701757,0.0,0.0,0.0,0.0,0.0
2019-09-01,0.0,0.0,0.0,0.0,0.0,0.7123269243000756,0.0,0.0,0.0,0.0,0.0
2019-09-02,0.0,0.0,0.0,0.0,0.0,0.7622883774916864,0.0,0.0,0.0,0.0,0.0
2019-09-03,0.0,0.0,0.0,0.0,0.0,0.6284385225827037,0.0,0.0,0.0,0.0,0.0
2019-09-04,0.0,0.0,0.0,0.0,0.0,0.4669624287310058,0.0,0.0,0.0,0.0,0.0
2019-09-05,9.305907039533503,0.0,0.0,9.305907039533503,9.305907039533503,0.3471773038095377,0.00017647589959404554,1.0,1.0,1.0,0.0
2019-09-06,0.36535981004346435,0.0,0.0,0.36535981004346435,0.36535981004346435,0.44181398153414975,0.0014504968397531797,0.39419464057145215,0.39419464057145215,0.39419464057145215,0.0
2019-09-07,1.8377417366544562,0.0,0.0,1.8377417366544562,1.8377417366544562,0.10896507137979834,6.93525956077601e-05,0.82435278087452,0.82435278087452,0.82435278087452,0.0
2019-09-08,1.319856952974053,0.0,0.0,1.319856952974053,1.319856952974053,0.0971113934093754,0.00048714262603992924,0.5391221768033362,0.5391221768033362,0.5391221768033362,0.0
2019-09-09,0.0,0.0,0.0,0.0,0.0,0.3945354988825553,0.00041924536918802336,0.0,0.0,0.0,0.0
2019-09-10,0.0,0.0,0.0,0.0,0.0,0.45874229393030985,8.470737944380563e-05,0.0,0.0,0.0,0.0
2019-09-11,0.0,0.0,0.0,0.0,0.0,0.2359599534523124,3.796069835837866e-05,0.0,0.0,0.0,0.0
2019-09-12,0.0,0.0,0.0,0.0,0.0,0.12353829938631204,2.671467290361422e-05,0.0,0.0,0.0,0.0
2019-09-13,4.070302040644057,0.0,0.0,4.070302040644057,4.070302040644057,0.06686942386386244,0.00018513446975044706,1.0,1.0,1.0,0.0
2019-09-14,0.4212981897807994,0.0,0.0,0.4212981897807994,0.4212981897807994,0.17470020352944676,0.0008204145350924312,0.2671869193608324,0.2671869193608324,0.2671869193608324,0.0
2019-09-15,7.4147596407088034,0.0,0.0,7.4147596407088034,7.4147596407088034,0.09635255597639246,0.0030744094846988446,1.0,1.0,1.0,0.0
2019-09-16,0.6685491972912558,0.0,0.0,0.6685491972912558,0.6685491972912558,0.0517708894133065,0.003954002102271805,0.1685040670547917,0.1685040670547917,0.1685040670547917,0.16557457392160502
2019-09-17,0.0,0.0,0.0,0.0,0.0,0.2440061674344976,0.00021625609681219155,0.0,0.0,0.0,0.0
2019-09-18,0.0,0.0,0.0,0.0,0.0,0.1505336741472884,0.00011595764465448622,0.0,0.0,0.0,0.0
2019-09-19,0.0,0.0,0.0,0.0,0.0,0.3615024431022117,8.717083208857299e-05,0.0,0.0,0.0,0.0
2019-09-20,0.6871807297253931,0.0,0.0,0.6871807297253931,0.6871807297253931,0.1780171748559642,3.1938964885046304e-05,0.3488583343655807,0.3488583343655807,0.3488583343655807,0.0
2019-09-21,0.0,0.0,0.0,0.0,0.0,0.15716842388342894,2.496389433965641e-05,0.0,0.0,0.0,0.0
2019-09-22,0.0,0.0,0.0,0.0,0.0,0.16785974185477204,5.1640234315942985e-05,0.0,0.0,0.0,0.0
2019-09-23,0.0,0.0,0.0,0.0,0.0,0.2850449025357397,6.0716371604008415e-05,0.0,0.0,0.0,0.0
2019-09-24,0.0,0.0,0.0,0.0,0.0,0.1801287008844469,4.744440352939748e-05,0.0,0.0,0.0,0.0
2019-09-25,0.0,0.0,0.0,0.0,0.0,0.3605071235363258,1.7332974141140094e-05,0.0,0.0,0.0,0.0
2019-09-26,4.646256844471488,0.4277424649937136,0.0,5.073999309465201,4.646256844471488,0.12032314706822585,3.5580837455359726e-05,0.9844749989677526,0.9414213728132784,0.9844749989677527,0.0
2019-09-27,2.2495014957485138,2.5242702126308423,0.0,4.773771708379356,2.2495014957485138,0.013295437610346666,0.0010139654977133364,0.6933812296131137,0.574630173591867,0.6933812296131137,0.0
2019-09-28,0.0,0.0,0.0,0.0,0.0,0.024231900322834992,0.0005046596166734526,0.0,0.0,0.0,0.0
2019-09-29,0.0,0.0,1.944908349372474e-05,0.0,1.944908349372474e-05,0.18814824911236577,0.00011174270777996825,0.0,0.0,0.0,0.0
2019-09-30,0.0,0.0,0.08441399902197946,0.0,0.08441399902197946,0.16278671334824546,9.068357893939894e-05,0.0,0.0,0.0,0.0
2019-10-01,1.7895062733037135,0.0,0.45362225190590366,1.7895062733037135,2.243128525209617,0.06957695001948537,0.0003920703440751985,0.9584623642594657,0.9584623642594657,0.7646349258598735,0.0
2019-10-02,0.0,0.0,0.2574303697268012,0.0,0.2574303697268012,0.10634624564521984,0.000834739834911837,0.0,0.0,0.0,0.0
2019-10-03,0.0,0.0,0.4379037826151466,0.0,0.4379037826151466,0.10948759871588964,0.0003805230486588093,0.0,0.0,0.0,0.0
2019-10-04,0.0,0.0,0.6176392218137793,0.0,0.6176392218137793,0.16587495921126344,0.0007665005369758257,0.0,0.0,0.0,0.0
2019-10-05,1.3347741449925625,0.0,0.5230666231999359,1.3347741449925625,1.8578407681924984,0.06388782509698007,0.0019059446048057393,0.5384202485651761,0.5384202485651761,0.3868304750489799,0.0
2019-10-06,0.625106244998483,0.0,0.003259238626412179,0.625106244998483,0.6283654836248952,0.24667485849715737,0.0015311649813517629,0.3336636525042322,0.3336636525042322,0.33193298859475373,0.0
2019-10-07,0.0,0.0,0.0,0.0,0.0,0.18353876100725053,0.00021434280853760838,0.0,0.0,0.0,0.0
2019-10-08,0.0,0.0,0.0,0.0,0.0,0.1107070098647975,0.00012887524795611953,0.0,0.0,0.0,0.0
2019-10-09,0.0,0.0,0.0,0.0,0.0,0.07339477226884548,0.00015807633420496228,0.0,0.0,0.0,0.0
2019-10-10,0.0,0.0,0.07191449251989326,0.0,0.07191449251989326,0.06217011193013303,0.00016340314220130646,0.0,0.0,0.0,0.0
2019-10-11,0.0,0.0,0.0943249035214419,0.0,0.0943249035214419,0.059874182252479514,0.00022352733260532143,0.0,0.0,0.0,0.0
2019-10-12,0.0,0.0,0.08674135176364091,0.0,0.08674135176364091,0.09171536396864699,0.00024068968926621012,0.0,0.0,0.0,0.0
2019-10-13,0.0,0.0,0.07984754610628768,0.0,0.07984754610628768,0.06219260143470659,0.00022067034546455165,0.0,0.0,0.0,0.0
2019-10-14,5.034574664348491,0.0,0.07686218952458032,5.034574664348491,5.111436853873071,0.00017554757326237102,0.0018994436465387824,1.0,1.0,0.9849627038889583,0.0
2019-10-15,7.612489312435654,0.0,0.00878725483885974,7.612489312435654,7.621276567274514,0.05956826401366717,0.009889032530823948,1.0,1.0,0.9988470101089636,0.16290468769104877
2019-10-16,14.010577233894084,0.0,9.484445300668874e-05,14.010577233894084,14.01067207834709,0.08087546316373954,0.025965971171261988,1.0,1.0,0.9999932305565018,0.16666666666666666
2019-10-17,8.981064489241849,0.06402054036378384,4.6346065217483924e-09,9.045085029605632,8.981064493876456,0.051658282520873386,0.03711296022998367,1.0,0.9955632167727461,0.9999999994839579,0.16666666666666666
2019-10-18,3.295293323627532,0.014904312874361897,2.2852347857780205e-09,3.310197636501894,3.2952933259127666,0.02006455415078151,0.023793080212278446,1.0,0.9956099626639336,0.9999999993065155,0.165929863469348
2019-10-19,1.3390004708700398,0.0,0.012397309408125457,1.3390004708700398,1.3513977802781654,7.610637564696553e-07,0.009770762862039166,0.578760477311202,0.578760477311202,0.5734511059217177,0.14523831123773293
2019-10-20,0.0,0.0,0.08504204894845813,0.0,0.08504204894845813,0.007109292879485359,0.004960716707932446,0.0,0.0,0.0,0.07588818794453862
2019-10-21,0.0,0.0,0.02292346868380156,0.0,0.02292346868380156,0.19647132749517318,0.0017549242458378214,0.0,0.0,0.0,0.0
2019-10-22,0.0,0.0,0.08425838294841763,0.0,0.08425838294841763,0.01525433109947998,0.0014821730244324986,0.0,0.0,0.0,0.0
2019-10-23,0.0,0.0,0.024428348152741662,0.0,0.024428348152741662,0.16662547869241048,0.0014361749979696463,0.0,0.0,0.0,0.0
2019-10-24,0.0,0.0,1.8845495106431713e-07,0.0,1.8845495106431713e-07,0.16132436260013325,0.00042652653748561384,0.0,0.0,0.0,0.0
2019-10-25,0.0,0.0,0.0,0.0,0.0,0.05865771092598015,0.00033971511146303404,0.0,0.0,0.0,0.0
2019-10-26,0.0,0.0,0.0,0.0,0.0,0.03805045021291737,0.00040107950242150917,0.0,0.0,0.0,0.0
2019-10-27,0.0,0.0,0.0,0.0,0.0,0.10120887342531601,0.00029183935315919374,0.0,0.0,0.0,0.0
2019-10-28,0.0,0.0,0.0,0.0,0.0,0.0005366659677448224,0.00031178769080994104,0.0,0.0,0.0,0.0
2019-10-29,0.0,0.0,0.0,0.0,0.0,0.0002883505711337919,0.00045151451654317724,0.0,0.0,0.0,0.0
2019-10-30,0.0,0.0,0.0,0.0,0.0,0.010645138578466593,0.0005061391444719671,0.0,0.0,0.0,0.0
2019-10-31,0.0,0.0,0.021121813236978954,0.0,0.021121813236978954,1.399340762741241e-05,0.0005369251458435787,0.0,0.0,0.0,0.0
2019-11-01,0.0,0.0,0.016817566525368904,0.0,0.016817566525368904,4.072087931215237e-05,0.0006456819928851908,0.0,0.0,0.0,0.0
2019-11-02,0.0,0.0,0.011863769468648895,0.0,0.011863769468648895,0.0004020803220549588,0.0006174462172782581,0.0,0.0,0.0,0.0
2019-11-03,0.0,0.0,0.006178579185040842,0.0,0.006178579185040842,0.01661741087330797,0.000494132102950867,0.0,0.0,0.0,0.0
2019-11-04,0.0,0.0,2.5376932885761216e-05,0.0,2.5376932885761216e-05,0.07487781887823798,0.00020038767488533797,0.0,0.0,0.0,0.0
2019-11-05,0.0,0.0,0.0012581355635969476,0.0,0.0012581355635969476,0.0027636875090648076,0.00018163666531787774,0.0,0.0,0.0,0.0
2019-11-06,0.0,0.0,0.0024290290156793806,0.0,0.0024290290156793806,0.0,0.00028996470303633415,0.0,0.0,0.0,0.0
2019-11-07,0.0,0.0,0.0009811698940008435,0.0,0.0009811698940008435,0.010463766333076002,0.0003482442974297173,0.0,0.0,0.0,0.0
2019-11-08,0.0,0.0,0.0004577286523434004,0.0,0.0004577286523434004,0.0051988006017481166,0.0002841881922533953,0.0,0.0,0.0,0.0
2019-11-09,0.0,0.0,1.0205792977919925e-06,0.0,1.0205792977919925e-06,0.02476060137633678,0.00022178079448407448,0.0,0.0,0.0,0.0
2019-11-10,0.0,0.0,0.00030882880453844826,0.0,0.00030882880453844826,0.0006449033314938479,0.00023114902883102382,0.0,0.0,0.0,0.0
2019-11-11,0.0,0.0,4.886662021308242e-07,0.0,4.886662021308242e-07,0.012794078368214383,0.00029076738303758406,0.0,0.0,0.0,0.0
2019-11-12,0.0,0.0,0.00011915815267083065,0.0,0.00011915815267083065,5.37740700588769e-05,0.00027735838129912775,0.0,0.0,0.0,0.0
2019-11-13,0.00012921223300478853,0.0,6.107642728695293e-05,0.00012921223300478853,0.00019028866029174147,0.0009387675395152879,0.00033940737632077046,0.0017341756472191254,0.0017341756472191254,0.0011775620652127346,0.0
2019-11-14,0.0,0.0,6.673577957709324e-08,0.0,6.673577957709324e-08,0.011279178440485425,0.0002811514843990997,0.0,0.0,0.0,0.0
2019-11-15,0.0,0.0,0.00047607301795448597,0.0,0.00047607301795448597,0.0,0.00031457636241967484,0.0,0.0,0.0,0.0
2019-11-16,3.494936617719192,0.0,0.0002005652084956643,3.494936617719192,3.4951371829276874,0.0408224493240752,0.0017470910826498207,1.0,1.0,0.9999426159266437,0.0
2019-11-17,0.0,0.0,7.990804990330683e-08,0.0,7.990804990330683e-08,0.03758949321086044,0.0022397472319974853,0.0,0.0,0.0,0.0
2019-11-18,0.0,0.0,1.5361196328877904e-09,0.0,1.5361196328877904e-09,0.024023246097488907,0.000244233550361752,0.0,0.0,0.0,0.0
2019-11-19,0.0,0.0,0.0,0.0,0.0,0.00902792201834193,0.00033357468215339004,0.0,0.0,0.0,0.0
2019-11-20,0.0,0.0,0.0,0.0,0.0,0.0011078570550313058,0.00046089377183044264,0.0,0.0,0.0,0.0
2019-11-21,0.0,0.0,0.0,0.0,0.0,0.0006920401316120409,0.000541008489667049,0.0,0.0,0.0,0.0
2019-11-22,0.0,0.0,1.0169954472466403e-10,0.0,1.0169954472466403e-10,0.010711581975601377,0.00040507685131519123,0.0,0.0,0.0,0.0
2019-11-23,0.0,0.0,0.0,0.0,0.0,0.026345391362349656,0.0002054253712746449,0.0,0.0,0.0,0.0
2019-11-24,0.0,8.771742764680337,0.0,8.771742764680337,0.0,0.002364348823655698,0.0002233454357190741,0.0,0.0,0.0,0.0
2019-11-25,0.0,0.00031368149417130794,0.0,0.00031368149417130794,0.0,0.0,0.0004205179563798993,0.0,0.0,0.0,0.0
2019-11-26,0.0,0.0,0.0,0.0,0.0,0.0002974757375197113,0.0004756026222629646,0.0,0.0,0.0,0.0
2019-11-27,0.0,0.0,0.0,0.0,0.0,0.0006322184336783316,0.0004720156912815251,0.0,0.0,0.0,0.0
2019-11-28,0.0,4.431458982511245,0.0,4.431458982511245,0.0,0.00010172393076289117,0.0004806490679059289,0.0,0.0,0.0,0.0
2019-11-29,0.0,3.9514971952996323,0.0,3.9514971952996323,0.0,0.0,0.0004863981425391397,0.0,0.0,0.0,0.0
2019-11-30,0.0,0.0,0.0,0.0,0.0,0.0,0.0004827658560509149,0.0,0.0,0.0,0.0
2019-12-01,0.0,0.0,0.0,0.0,0.0,0.0,0.0004785505081641196,0.0,0.0,0.0,0.0
2019-12-02,0.0,0.0,0.0,0.0,0.0,0.0,0.00047512843715706126,0.0,0.0,0.0,0.039716186972571475
2019-12-03,0.0,0.0,0.0,0.0,0.0,0.0,0.0004743063666038455,0.0,0.0,0.0,0.056797956988933966
2019-12-04,4.840315365334289,0.0,0.0,4.840315365334289,4.840315365334289,0.0,0.0027915974281316016,0.9995045212436516,0.9995045212436516,0.9995045212436517,0.07807549291452198
2019-12-05,1.2027423250466991e-05,0.0,0.006833243463394151,1.2027423250466991e-05,0.0068452708866446185,0.0,0.00504118719818962,0.0005367686527106817,0.0005367686527106817,9.431246594389835e-07,0.13221282124412878
2019-12-06,0.0,0.0,0.0,0.0,0.0,0.0,0.0008416136160099583,0.0,0.0,0.0,0.06773879950221365
2019-12-07,0.0,0.0,0.0,0.0,0.0,0.0,0.0007623081983890013,0.0,0.0,0.0,0.06373939933248612
2019-12-08,4.825024830721906,0.0,0.0,4.825024830721906,4.825024830721906,0.0,0.004310467456789492,1.0,1.0,1.0,0.1534728510082753
2019-12-09,1.1110385197185384,5.321207343755495,0.0,6.432245863474034,1.1110385197185384,0.0,0.006558187683390638,0.37714191337379743,0.23010400513740198,0.37714191337379743,0.16189745731002883
2019-12-10,0.004992335458580807,9.726759894384562,0.0,9.731752229843144,0.004992335458580807,0.0,0.0015407361411922877,0.0072257318634130225,0.0003456257194197445,0.0072257318634130225,0.13337863980433304
2019-12-11,0.0,0.0,0.0,0.0,0.0,0.0,0.001032622196341594,0.0,0.0,0.0,0.06531997133387389
2019-12-12,0.0,0.0,0.0,0.0,0.0,0.0,0.0009690728203246581,0.0,0.0,0.0,0.06341977487681591
2019-12-13,0.0,0.0,0.0,0.0,0.0,0.0,0.0009319939321094741,0.0,0.0,0.0,0.0633443537989105
2019-12-14,0.0,0.0,0.0,0.0,0.0,0.0,0.0009057178898820341,0.0,0.0,0.0,0.06330440236103782
2019-12-15,0.0,0.0,0.0,0.0,0.0,0.0,0.0008841321151299489,0.0,0.0,0.0,0.06326580709204427
2019-12-16,0.0,3.70448869157173,0.0,3.70448869157173,0.0,0.0,0.0008650884700658679,0.0,0.0,0.0,0.06322783308637163
2019-12-17,0.0,19.122580457514154,0.0,19.122580457514154,0.0,0.0,0.0008467161439836662,0.0,0.0,0.0,0.06319039422307839
2019-12-18,17.933931237211326,0.0,0.15473742436324883,17.933931237211326,18.088668661574573,0.0,0.043068848419675385,1.0,1.0,0.9914456156360499,0.11828619148149516
2019-12-19,0.0,0.0,0.5765396032452619,0.0,0.5765396032452619,0.0,0.08126451446042844,0.0,0.0,0.0,0.017184493485249485
2019-12-20,2.993349387393174,2.100322224636836,0.01716865327762195,5.093671612030009,3.010518040670796,0.0,0.008562442091753324,0.7950369544572443,0.669520925718067,0.790502946147189,0.12969091649457162
2019-12-21,0.0,0.0,0.0,0.0,0.0,0.0,0.007763442870115847,0.0,0.0,0.0,0.1100178526068956
2019-12-22,0.0,0.0,0.0,0.0,0.0,0.0,0.0043740486913462304,0.0,0.0,0.0,0.06344721036516704
2019-12-23,0.0,0.0,0.0,0.0,0.0,0.0,0.0038631399747538473,0.0,0.0,0.0,0.06298936147124877
2019-12-24,0.0,0.0,0.0,0.0,0.0,0.0,0.0034210050223912962,0.0,0.0,0.0,0.06295660297695907
2019-12-25,0.0,0.0,0.0,0.0,0.0,0.0,0.0030472256002079374,0.0,0.0,0.0,0.06292713985964904
2019-12-26,0.0,0.0,0.0,0.0,0.0,0.0,0.002790933502288372,0.0,0.0,0.0,0.06289972059351777
2019-12-27,0.0,0.0,0.0,0.0,0.0,0.0,0.002621392505378283,0.0,0.0,0.0,0.06287162642883862
2019-12-28,0.0,0.0,0.0,0.0,0.0,0.0,0.0024865120883237253,0.0,0.0,0.0,0.06284380334889843
2019-12-29,17.79034681424076,0.0,0.21049847252010478,17.79034681424076,18.000845286760864,0.0,0.04365266577105825,1.0,1.0,0.9883061895612802,0.14175086323851546
2019-12-30,9.146892893311714,0.06261768175548628,0.6950116017298058,9.2095105750672,9.84190449504152,0.0,0.1291731831927173,1.0,0.9956022318573648,0.929382407431411,0.10690565759779098
2019-12-31,0.010245238838227583,0.3489377950022748,0.0,0.3591830338405024,0.010245238838227583,0.0,2.2331170766886768,0.017630785746727776,0.002572727189859313,0.017630785746727776,0.46004761034215624
2020-01-01,0.0,0.0,0.0,0.0,0.0,0.0,1.4587361826155432,0.0,0.0,0.0,0.35079746829738073
2020-01-02,7.283124480386852e-06,0.5048117386238855,0.0,0.5048190217483659,7.283124480386852e-06,0.0,0.4773683618157813,0.0002890292745365209,1.4267788938089592e-05,0.0002890292745365209,0.3521696979746083
2020-01-03,1.389625146812929e-06,2.991377759279281,0.0,2.991379148904428,1.389625146812929e-06,0.0,0.20974648681425986,0.0002890292745365209,3.0964547167032833e-07,0.0002890292745365209,0.35681065212035273
2020-01-04,7.915141694274582,1.955375128717214,0.012699776062505233,9.870516822991796,7.927841470337087,0.0,0.14436519917331053,0.7135306990379454,0.6414328826494435,0.7123876791976257,0.3826935780559855
2020-01-05,0.0,0.0,0.3273308397713467,0.0,0.3273308397713467,0.0,0.7930915809309909,0.0,0.0,0.0,0.3017101828371861
2020-01-06,0.0,0.18635713991458924,0.0,0.18635713991458924,0.0,0.0,1.6642249689454671,0.0,0.0,0.0,0.4572817476521811
2020-01-07,0.0,0.0,0.0,0.0,0.0,0.0,0.5139791488034984,0.0,0.0,0.0,0.4297484292372134
2020-01-08,0.0,10.243625255870834,0.0,10.243625255870834,0.0,0.0,0.22981235022053204,0.0,0.0,0.0,0.4113134483076573
2020-01-09,0.0,0.9128394911146874,0.0,0.9128394911146874,0.0,0.0,0.15766532396142652,0.0,0.0,0.0,0.399427508504391
2020-01-10,0.0,7.4755878446570785,0.0,7.4755878446570785,0.0,0.0,0.1380011519879876,0.0,0.0,0.0,0.3901167422770209
2020-01-11,0.0,3.848624627958008,0.0,3.848624627958008,0.0,0.0,0.12830407851554773,0.0,0.0,0.0,0.3823292497295136
2020-01-12,0.0,1.098781207834343,0.0,1.098781207834343,0.0,0.0,0.12092633112132131,0.0,0.0,0.0,0.37594014660811964
2020-01-13,0.0,7.634729375144826,0.0,7.634729375144826,0.0,0.0,0.11487682257797888,0.0,0.0,0.0,0.3708442181181269
2020-01-14,0.0,0.36078130622659127,0.0,0.36078130622659127,0.0,0.0,0.10984279295854653,0.0,0.0,0.0,0.36691492112826446
2020-01-15,0.0,4.4257286768056785,0.0,4.4257286768056785,0.0,0.0,0.10518776245220252,0.0,0.0,0.0,0.36404696926335495
2020-01-16,0.0,8.774724523250404,0.0,8.774724523250404,0.0,0.0,0.10109431065428616,0.0,0.0,0.0,0.36211377067446576
2020-01-17,0.0,0.0,0.0,0.0,0.0,0.0,0.0976454991221403,0.0,0.0,0.0,0.36098182481668006
2020-01-18,4.3770101676334985,0.0,0.0,4.3770101676334985,4.3770101676334985,0.0,0.10315882309913971,0.9604029893884967,0.9604029893884967,0.9604029893884967,0.3699828432295537
2020-01-19,1.4290029000733957,7.34509483272485,0.0,8.774097732798246,1.4290029000733957,0.0,0.14505207896647146,0.3090548742722656,0.21031626660000574,0.3090548742722656,0.3590275470388679
2020-01-20,0.0,9.972868830698534,0.0,9.972868830698534,0.0,0.0,0.4080797388988343,0.0,0.0,0.0,0.35181066409941275
2020-01-21,11.136475082488891,0.0,0.0,11.136475082488891,11.136475082488891,0.0,0.36511659580893974,1.0,1.0,1.0,0.3868316221105617
2020-01-22,6.006080263234676,0.0,0.28307166470311995,6.006080263234676,6.289151927937795,0.0,1.1418423270884752,1.0,1.0,0.954990487120266,0.2618050266885428
2020-01-23,6.633486495592089,0.0,0.12780035626295547,6.633486495592089,6.761286851855044,0.0,3.1781170776313052,1.0,1.0,0.9810982200484673,0.5738129959156383
2020-01-24,2.8202952949086657,0.19124061806494635,0.283442570918912,3.011535912973612,3.103737865827578,0.0,3.276213312501712,0.4281349353813122,0.40867017267525674,0.3890363800165781,0.519357011816258
2020-01-25,8.497530871168843,7.8605538965916795,0.0,16.358084767760523,8.497530871168843,0.0,2.948759703405444,0.6578306288451216,0.5524603455437209,0.6578306288451216,0.7783317254151151
2020-01-26,5.195698217739287,0.51813213925058,0.0,5.713830356989867,5.195698217739287,0.0,5.108151050457231,0.9844749989677526,0.9364013879010391,0.9844749989677526,0.8500317571677134
2020-01-27,0.5929403595761665,1.758262171420895,0.0,2.3512025309970617,0.5929403595761665,0.0,3.2094129458491087,0.379495437466452,0.25588117104319374,0.379495437466452,0.689174379369728
2020-01-28,1.830158048075828,1.4483237232765722,0.0,3.2784817713524,1.830158048075828,0.0,1.9163466278686696,0.7741855567942525,0.635578622705742,0.7741855567942525,0.7049833975810369
2020-01-29,2.065910118299839,0.0,7.013423429110226,2.065910118299839,9.079333547410066,0.0,1.1559620475414776,0.7417316982534374,0.7417316982534374,0.16877351321921769,0.5849081931349973
2020-01-30,0.2330398847629804,0.22574229311901584,0.9982310540070573,0.45878217788199627,1.2312709387700376,0.0,3.2920341903467856,0.06499029687435484,0.04463970705409148,0.012300567500960247,0.5390151573971638
2020-01-31,0.0,0.0,0.0,0.0,0.0,0.0,2.2126869287697177,0.0,0.0,0.0,0.4399188073247229
2020-02-01,0.0,0.0,0.0,0.0,0.0,0.0,0.7362504484840162,0.0,0.0,0.0,0.408567161075068
2020-02-02,0.0,2.2949856815520637,0.0,2.2949856815520637,0.0,0.0,0.4972506393845703,0.0,0.0,0.0,0.40026215058664344
2020-02-03,8.511352844630656,0.0,0.0,8.511352844630656,8.511352844630656,0.0,0.4607295124229336,0.7542012469548701,0.7542012469548701,0.7542012469548701,0.4008150729254663
2020-02-04,13.927032271556747,0.0,1.6670732958405186,13.927032271556747,15.594105567397266,0.0,3.9000257957866378,1.0,1.0,0.8930959336759985,0.4979077061350681
2020-02-05,10.587651971265766,0.055187507120338986,1.0038655148471214,10.642839478386104,11.591517486112886,0.0,11.774658136702728,1.0,0.9956878155961738,0.9133965405263123,0.7549758184484429
2020-02-06,0.002194769825812696,0.44254911275177855,0.0002165204949951389,0.44474388257759123,0.002411290320807835,0.0,9.022207696577292,0.005574136008918618,0.0008187254379839709,0.005073609515942465,0.8332982234535552
2020-02-07,0.0,0.0,0.0,0.0,0.0,0.0018768480899628362,2.9113860233934536,0.0,0.0,0.0,0.6900552048573659
2020-02-08,0.0,0.0,0.0,0.0,0.0,0.00281827226592352,0.9056901721109805,0.0,0.0,0.0,0.6863673548320482
2020-02-09,0.0,0.0,0.017379377937745345,0.0,0.017379377937745345,0.00034002350301214014,0.5345645335791775,0.0,0.0,0.0,0.6740169756899941
2020-02-10,0.0,0.0,0.0,0.0,0.0,0.007025040289211408,0.44671966382943146,0.0,0.0,0.0,0.6779420775745327
2020-02-11,0.0,0.0,0.0,0.0,0.0,0.004843954411777168,0.40143975732434345,0.0,0.0,0.0,0.6745999322951297
2020-02-12,0.0,0.022719176785483162,0.0,0.022719176785483162,0.0,1.748457096075101e-05,0.3680680913234491,0.0,0.0,0.0,0.6720910513771848
2020-02-13,0.0,0.18327419276624213,0.0,0.18327419276624213,0.0,2.086449905679925e-06,0.34154147590192724,0.0,0.0,0.0,0.6693559102139219
2020-02-14,0.0,0.0,0.0,0.0,0.0,0.00010781874124292884,0.32259523103250254,0.0,0.0,0.0,0.6658276820047129
2020-02-15,0.0,0.0,0.0,0.0,0.0,0.006764021479480161,0.30737837264025114,0.0,0.0,0.0,0.6615821238164067
2020-02-16,0.0,0.0,0.0,0.0,0.0,0.01556080299929704,0.2914529281725546,0.0,0.0,0.0,0.656656666721519
2020-02-17,0.0,0.0,0.0,0.0,0.0,0.019618633338529298,0.27502056928890006,0.0,0.0,0.0,0.651289746637406
2020-02-18,0.0,0.0,0.0,0.0,0.0,0.03017104350397259,0.2588091298661424,0.0,0.0,0.0,0.6456095693473177
2020-02-19,0.0,0.0,0.0,0.0,0.0,0.033329907553774504,0.24356666686633013,0.0,0.0,0.0,0.6398183844496889
2020-02-20,0.0,0.0,0.0,0.0,0.0,0.019441896379487483,0.2298964802375238,0.0,0.0,0.0,0.6338857661579396
2020-02-21,4.430830061243102,5.670961927631638,0.0,10.10179198887474,4.430830061243102,1.410032682534412e-07,0.23967976022363074,0.6141046285973822,0.5021582175002139,0.6141046285973822,0.6734998817814747
2020-02-22,0.0,0.0,0.0,0.0,0.0,0.0015711182455544243,0.7464244546098124,0.0,0.0,0.0,0.7082546324890581
2020-02-23,0.0,0.0,0.0,0.0,0.0,0.05272684596931544,0.7699027069308587,0.0,0.0,0.0,0.5885178955448686
2020-02-24,0.0,0.0,1.115786325280159,0.0,1.115786325280159,0.024639068714277415,0.34736773051424025,0.0,0.0,0.0,0.563144631547615
2020-02-25,0.0,0.0,5.221400767797115,0.0,5.221400767797115,0.03638224869565081,0.3461155680997582,0.0,0.0,0.0,0.493769073606547
2020-02-26,0.0,0.0,2.79243009536443,0.0,2.79243009536443,0.07733573821761121,1.2098166342547176,0.0,0.0,0.0,0.3720367893617394
2020-02-27,0.0,0.22144956540249783,0.0,0.22144956540249783,0.0,0.027587487775565942,1.72794060391342,0.0,0.0,0.0,0.5126934867118785
2020-02-28,0.0,0.0,0.0,0.0,0.0,0.06630342853911371,0.6682441892639034,0.0,0.0,0.0,0.48376852731735237
2020-02-29,0.02240712802175365,0.03155872187560168,0.06636675509022201,0.053965849897355325,0.08877388311197566,0.045942233066159105,0.37182603084247945,0.08369461992650398,0.0537657248194538,0.021125087668629895,0.434140233659102
2020-03-01,0.0,0.0,2.7915545268203545,0.0,2.7915545268203545,0.020240582106741123,0.32038923343039966,0.0,0.0,0.0,0.38767429037096496
2020-03-02,0.0,0.0,0.3479749181672175,0.0,0.3479749181672175,0.06288399188657438,0.6062016065368175,0.0,0.0,0.0,0.3209865234329166
2020-03-03,0.0,0.0,0.5888867996143397,0.0,0.5888867996143397,0.11911817727536574,0.7663084994380489,0.0,0.0,0.0,0.3082589628214057
2020-03-04,0.8812560508632183,0.0,0.18173719344610514,0.8812560508632183,1.0629932443093235,0.041052189889462395,0.5098530380050719,0.4597217060985177,0.4597217060985177,0.38112428031065654,0.34483101352984313
2020-03-05,0.0,0.0,2.6742665882653307e-05,0.0,2.6742665882653307e-05,0.05459392952840647,0.6214445330740068,0.0,0.0,0.0,0.3556911776711982
2020-03-06,0.0,0.0,0.0,0.0,0.0,0.1396497748810629,0.4196867159305507,0.0,0.0,0.0,0.38909523141144003
2020-03-07,0.0,0.0,0.0,0.0,0.0,0.13326455931364511,0.2919101972617839,0.0,0.0,0.0,0.36847618794072917
2020-03-08,0.0,0.0,0.0,0.0,0.0,0.13817829286150432,0.25256060785081336,0.0,0.0,0.0,0.35465859569453634
2020-03-09,0.0,0.0,0.005964011047743213,0.0,0.005964011047743213,0.06665386948913236,0.22724160250886352,0.0,0.0,0.0,0.3524107621028724
2020-03-10,0.0,0.0,6.760235735578721e-05,0.0,6.760235735578721e-05,0.15932532205138,0.2071075730230867,0.0,0.0,0.0,0.370640277334006
2020-03-11,0.0,5.638524029355207,0.0,5.638524029355207,0.0,0.0019865116306930775,0.1924924350494669,0.0,0.0,0.0,0.3452831301192743
2020-03-12,0.0,0.0,0.0,0.0,0.0,0.0,0.1916028555440106,0.0,0.0,0.0,0.3381739624932731
2020-03-13,0.0,0.0,0.0,0.0,0.0,0.06616518911460047,0.19438024340572196,0.0,0.0,0.0,0.337245742871594
2020-03-14,0.0,0.0,0.0,0.0,0.0,0.2110762220811941,0.19472321010373392,0.0,0.0,0.0,0.33695838067050304
2020-03-15,0.0,0.0,0.0,0.0,0.0,0.23818212779140696,0.1848308904433927,0.0,0.0,0.0,0.33793653378629435
2020-03-16,0.0,0.0,0.7181010447509586,0.0,0.7181010447509586,0.24960407390740896,0.16538944079854162,0.0,0.0,0.0,0.3098252238323978
2020-03-17,0.0,0.0,2.964898401003125,0.0,2.964898401003125,0.2297172120388753,0.16704281193917475,0.0,0.0,0.0,0.2924384746501251
2020-03-18,0.0,0.0,5.101696744164204,0.0,5.101696744164204,0.21672251387201363,0.34326265573997566,0.0,0.0,0.0,0.2658676005774351
2020-03-19,0.0,0.0,5.328176645086587,0.0,5.328176645086587,0.23032325917656532,1.1725437971429127,0.0,0.0,0.0,0.2969141618459159
2020-03-20,0.0,0.0,3.6131477730985484,0.0,3.6131477730985484,0.31097669625793645,2.159889178595503,0.0,0.0,0.0,0.37967851768243216
2020-03-21,0.08688013782331384,0.2539691608285008,0.016375593877551223,0.3408492986518146,0.10325573170086506,0.16793177538371182,2.057481694785622,0.05227300879474792,0.031590811826717774,0.04398289696579573,0.28457445145254373
2020-03-22,0.004605841253182104,1.1464495363512048,0.0,1.151055377604387,0.004605841253182104,0.14799054240546924,0.8926758090399912,0.014699203105000206,0.0015581916352512938,0.014699203105000206,0.3029249237976072
2020-03-23,0.046372042755321086,0.0,0.000853623930107769,0.046372042755321086,0.04722566668542885,0.13887468076359813,0.3791528465564935,0.04153763574053429,0.04153763574053429,0.040786825379202536,0.27005571951263285
2020-03-24,0.0,0.0,0.0,0.0,0.0,0.2063653998533838,0.2923888034640907,0.0,0.0,0.0,0.25793904310061405
2020-03-25,0.0,0.0,0.1354100916195651,0.0,0.1354100916195651,0.16714287699364383,0.25910087091200673,0.0,0.0,0.0,0.2152142062688903
2020-03-26,0.0,0.0,1.867373400018583,0.0,1.867373400018583,0.17427423419926527,0.23444381822516097,0.0,0.0,0.0,0.22059959445417957
2020-03-27,7.499472169780837,0.0,3.4106421350969973,7.499472169780837,10.910114304877835,0.010529643184246349,0.42401415035910606,1.0,1.0,0.6873871308963166,0.2583374845517807
2020-03-28,12.586814758310393,2.282185616157871,0.044536825947126255,14.869000374468264,12.63135158425752,0.15885352708060846,4.410536629719129,0.9590817127049011,0.8873477085801406,0.9557000907919266,0.5096109947172415
2020-03-29,1.022074769525982,1.6737298856032563,0.00016690650928826396,2.6958046551292383,1.0222416760352702,0.22873440028866776,8.15713340308205,0.5829720467401627,0.46579730276553777,0.5828768619794402,0.5806818821118677
2020-03-30,0.0,0.0,7.629423189391391e-09,0.0,7.629423189391391e-09,0.30104637855065963,3.2338697811178134,0.0,0.0,0.0,0.6460100952494208
2020-03-31,0.0,0.0,0.0,0.0,0.0,0.368977035302156,0.960255439560109,0.0,0.0,0.0,0.6852963301008818
2020-04-01,0.0,0.0,0.0,0.0,0.0,0.20834386028706936,0.4571934415828558,0.0,0.0,0.0,0.6426837466020842
2020-04-02,0.0,0.0,0.0,0.0,0.0,0.2191742060687805,0.3340671769715031,0.0,0.0,0.0,0.6255203947627435
2020-04-03,0.0,0.0,0.0026077860016119605,0.0,0.0026077860016119605,0.2089938649798245,0.2959403763439009,0.0,0.0,0.0,0.6141856732217293
2020-04-04,0.0,0.0,1.4406412855721153,0.0,1.4406412855721153,0.403526549251749,0.2707015997467643,0.0,0.0,0.0,0.6139636114852279
2020-04-05,0.0,0.0,6.299622192768708,0.0,6.299622192768708,0.394519246362872,0.30185260220000554,0.0,0.0,0.0,0.4621332772886764
2020-04-06,0.0,0.0,7.780323937204688,0.0,7.780323937204688,0.5421330534514555,1.8531540685342232,0.0,0.0,0.0,0.544952374279872
2020-04-07,0.0,0.0,12.895724681097677,0.0,12.895724681097677,0.43809367830339985,5.6345058507988375,0.0,0.0,0.0,0.2006737828790798
2020-04-08,0.0,0.0,12.187887248920166,0.0,12.187887248920166,0.39717658547190726,10.068836877976423,0.0,0.0,0.0,0.16168324848915364
2020-04-09,0.0,0.0,3.7253061815319466,0.0,3.7253061815319466,0.6243435832954137,9.649936182499978,0.0,0.0,0.0,0.031154514085291057
2020-04-10,0.0,0.0,0.2356377149092481,0.0,0.2356377149092481,0.6237077384246393,4.530024058977389,0.0,0.0,0.0,0.036240671283483496
2020-04-11,0.0,0.0,0.2787708048795658,0.0,0.2787708048795658,0.6175961205607442,1.5033628649522595,0.0,0.0,0.0,0.044500864607976594
2020-04-12,0.0,0.0,7.017396478855445,0.0,7.017396478855445,0.381788972206737,0.5785135539481971,0.0,0.0,0.0,0.05452523372009103
2020-04-13,0.0,0.0,4.996650981354323,0.0,4.996650981354323,0.46090890358639747,2.59286969210182,0.0,0.0,0.0,0.05567193681188345
2020-04-14,0.0,0.0,1.499543625383258,0.0,1.499543625383258,0.8120905357147423,4.3454388937274,0.0,0.0,0.0,0.06406410485960423
2020-04-15,0.0,0.0,6.284896637310898,0.0,6.284896637310898,0.5877919036165006,2.318773948527498,0.0,0.0,0.0,0.0650312159862524
2020-04-16,0.0,0.0,4.2939252297091,0.0,4.2939252297091,0.5135397021529778,3.695316737451727,0.0,0.0,0.0,0.060686661411443826
2020-04-17,0.0,0.0,5.006899172990534,0.0,5.006899172990534,0.6727264759640412,4.091297306097209,0.0,0.0,0.0,0.05947502855183992
2020-04-18,0.0,0.0,5.989354415718018,0.0,5.989354415718018,0.7454911941788,4.104956096823147,0.0,0.0,0.0,0.05371184226372442
2020-04-19,0.0,0.0,3.6150660953165406,0.0,3.6150660953165406,0.6946228064205365,4.717632725692407,0.0,0.0,0.0,0.0532868173896967
2020-04-20,4.439859220825633,0.0,2.131222837942534,4.439859220825633,6.571082058768167,0.28579681175562754,3.6824738549360907,1.0,1.0,0.6756663790100258,0.05014117931778827
2020-04-21,0.0,0.0,2.118787676643819,0.0,2.118787676643819,0.29995652984254295,3.868580841423514,0.0,0.0,0.0,0.05891790884041318
2020-04-22,0.0,0.0,2.412822589452866,0.0,2.412822589452866,0.6490231794469585,2.8002807571319517,0.0,0.0,0.0,0.12666361894588832
2020-04-23,3.9319424980557884,0.0,1.7545817044606682,3.9319424980557884,5.686524202516456,0.4166914548728367,2.015591282506147,1.0,1.0,0.6914491802067397,0.1986900748136714
2020-04-24,0.43657308840900794,0.0,1.9326196906787174,0.43657308840900794,2.3691927790877254,0.9473488280556779,2.8978901664764547,0.37280647425574964,0.37280647425574964,0.0686973534958083,0.2406318844882831
2020-04-25,0.0,0.0,1.8220819786862523,0.0,1.8220819786862523,0.5513904186052916,2.472327761055689,0.0,0.0,0.0,0.17554099725273944
2020-04-26,0.0,0.0,2.294699820702475,0.0,2.294699820702475,0.9570387367032113,1.745798783325522,0.0,0.0,0.0,0.19961620251517906
2020-04-27,0.0,0.0,3.420225652565706,0.0,3.420225652565706,0.5778708558264845,1.766053212984556,0.0,0.0,0.0,0.2401084226543745
2020-04-28,0.0,0.0,0.3886505085874115,0.0,0.3886505085874115,1.0242501183746393,2.4497597778696214,0.0,0.0,0.0,0.24174805763896234
2020-04-29,0.0,0.0,0.685117541087743,0.0,0.685117541087743,0.9710748421496419,1.5286054892266463,0.0,0.0,0.0,0.16975203519429802
2020-04-30,5.8257842970830085,0.0,0.8068763897270498,5.8257842970830085,6.632660686810058,0.2916648246234162,0.6401004072251293,1.0,1.0,0.8783480072587412,0.16781346536174688
2020-05-01,0.0,0.0,7.053342716464548e-05,0.0,7.053342716464548e-05,1.230619568394692,0.9918519774429235,0.0,0.0,0.0,0.10321510206002014
2020-05-02,1.6132536776545428,0.0,0.3193137206738944,1.6132536776545428,1.932567398328437,0.5209835581785582,1.2690418829485695,0.6999876130310912,0.6999876130310912,0.584330250014451,0.08287998374644341
2020-05-03,5.189005752436244,0.0,1.9585105416440194,5.189005752436244,7.147516294080264,0.20904767703210758,0.5945177388899793,1.0,1.0,0.7259872575224343,0.10684316060936384
2020-05-04,0.0,0.0,0.056783272106402036,0.0,0.056783272106402036,1.656568418427964,1.877560033678281,0.0,0.0,0.0,0.09863595404514801
2020-05-05,0.0,0.0,0.260871825918419,0.0,0.260871825918419,0.8977601561025124,1.6890538148774459,0.0,0.0,0.0,0.19043610318913232
2020-05-06,0.0,0.0,1.232945204024276,0.0,1.232945204024276,0.7181161626755976,0.5348507438465918,0.0,0.0,0.0,0.23797938093483026
2020-05-07,0.0,0.0,1.6112047747625085,0.0,1.6112047747625085,0.7895112481733952,0.3124673486806733,0.0,0.0,0.0,0.24912585364251327
2020-05-08,0.0,0.0,1.6275415535406585,0.0,1.6275415535406585,0.740171532261422,0.8007385409295059,0.0,0.0,0.0,0.22219032811458259
2020-05-09,0.6329616850931276,0.0,1.03782087245435,0.6329616850931276,1.6707825575474775,1.117498373396987,1.3212977185290782,0.5428382674759487,0.5428382674759487,0.20564963583230764,0.29136400927098105
2020-05-10,1.7851793194851677,0.0,0.5346126372515102,1.7851793194851677,2.319791956736678,1.0012770355373801,1.1496805193271127,1.0,1.0,0.7695428524532149,0.30052328316858923
2020-05-11,0.0,0.0,0.4046700966421612,0.0,0.4046700966421612,0.8487040315466109,0.8491235743479285,0.0,0.0,0.0,0.279399618096079
2020-05-12,4.018437673052629,0.0,0.3880858654977381,4.018437673052629,4.406523538550367,0.32233970762700764,0.6450098631394318,1.0,1.0,0.9119292426098311,0.26734818770886287
2020-05-13,0.0,0.0,0.4495483917463242,0.0,0.4495483917463242,0.9945627307125292,0.5087570371665334,0.0,0.0,0.0,0.23695756835386317
2020-05-14,3.6873148039120003,0.0,0.3958705099542049,3.6873148039120003,4.083185313866205,0.5526321702481651,0.7757259745317601,1.0,1.0,0.9030486055556046,0.19592768694342863
2020-05-15,2.9722157100251736,0.0,0.3514511863183509,2.9722157100251736,3.3236668963435245,0.5534083934295403,0.6183376217166847,1.0,1.0,0.8942579995892507,0.15219741617947857
2020-05-16,3.053223196828232,0.0,0.33997514062406775,3.053223196828232,3.3931983374523,0.6507457939837853,1.0046540185958766,1.0,1.0,0.8998068763409421,0.29322446835790367
2020-05-17,2.450900386818796,0.0,0.3047981538021497,2.450900386818796,2.7556985406209455,0.5442342634515753,1.1102386626071152,1.0,1.0,0.8893935061077222,0.30844494991476734
2020-05-18,0.0,0.0,0.23756071672961268,0.0,0.23756071672961268,0.9462194025715751,1.0593824503085727,0.0,0.0,0.0,0.3244966868853216
2020-05-19,0.0,0.0,0.0007342733530694458,0.0,0.0007342733530694458,1.470945676791628,0.7025268152732657,0.0,0.0,0.0,0.2646527415750321
2020-05-20,0.0,0.0,0.00392661942677961,0.0,0.00392661942677961,0.9952600723732903,0.32637470121479956,0.0,0.0,0.0,0.2873092293255566
2020-05-21,0.0,0.0,0.1987902116037399,0.0,0.1987902116037399,0.9450386700955968,0.1643077569309766,0.0,0.0,0.0,0.2942981437024547
2020-05-22,0.0,0.0,0.34515133326339886,0.0,0.34515133326339886,0.977411435019432,0.10751940069347933,0.0,0.0,0.0,0.3125726459168963
2020-05-23,0.1740598982265233,0.0,0.3215283747537947,0.1740598982265233,0.495588272980318,0.8616305986905443,0.09313515783946562,0.18250134192163178,0.18250134192163178,0.06409789483122966,0.328702903459134
2020-05-24,0.0,0.0,0.29274539470223515,0.0,0.29274539470223515,1.1598169104824874,0.0766147231466571,0.0,0.0,0.0,0.3123884734369556
2020-05-25,0.0,0.0,0.29082783176094723,0.0,0.29082783176094723,1.48804195480452,0.13643036692001415,0.0,0.0,0.0,0.31536391146434234
2020-05-26,0.0,0.0,0.2561380498914054,0.0,0.2561380498914054,1.4275494194525777,0.20237440671889606,0.0,0.0,0.0,0.33060897246452986
2020-05-27,0.0,0.0,0.17965744096594277,0.0,0.17965744096594277,1.6301594532198835,0.17020720900821779,0.0,0.0,0.0,0.3393357897089231
2020-05-28,10.535073349773967,0.0,0.05789049065551426,10.535073349773967,10.592963840429482,1.7653916778364078,0.16693419051486044,1.0,1.0,0.9945350053556713,0.3805164716180891
2020-05-29,0.0,0.0,0.015586072852071574,0.0,0.015586072852071574,2.369046358478768,0.16904500545253115,0.0,0.0,0.0,0.38078901874714743
2020-05-30,0.0,0.0,0.005787550987795626,0.0,0.005787550987795626,1.4356213262554083,0.21623005262265077,0.0,0.0,0.0,0.3756239257280562
2020-05-31,0.0,0.0,0.004739506231969149,0.0,0.004739506231969149,1.3603658907427327,0.16221971319944214,0.0,0.0,0.0,0.39022846690159496
2020-06-01,0.0,0.0,0.002167610480974644,0.0,0.002167610480974644,1.3185888061653008,0.06180834125640664,0.0,0.0,0.0,0.37178188069476703
2020-06-02,0.0,0.0,0.000719915113161442,0.0,0.000719915113161442,1.3971077526735807,0.02493760361377857,0.0,0.0,0.0,0.3744278010264632
2020-06-03,0.0,0.0,0.00039041691126549767,0.0,0.00039041691126549767,1.0672694452899554,0.00948829909628867,0.0,0.0,0.0,0.3464702064906848
2020-06-04,2.217677882930828,0.0,9.79078335573621e-05,2.217677882930828,2.2177757907643856,1.0713648626042414,0.0069815157233431005,0.8684503901895206,0.8684503901895206,0.8684120508332116,0.3629381308896878
2020-06-05,0.0,0.0,3.8070427779390496e-05,0.0,3.8070427779390496e-05,0.9045664351492819,0.006911482733374628,0.0,0.0,0.0,0.33966808543722404
2020-06-06,2.725471927466133,0.0,1.0246526153996297e-05,2.725471927466133,2.7254821739922868,0.4767614323893327,0.006958453755789625,1.0,1.0,0.9999962404721442,0.37371294875040917
2020-06-07,7.0969752604097796,0.0,8.622742047331911e-05,7.0969752604097796,7.097061487830253,0.4316789125241451,0.020125172314437976,1.0,1.0,0.9999878502644198,0.39430280195331213
2020-06-08,0.0,0.0,9.10637093644116e-05,0.0,9.10637093644116e-05,1.310831990957427,0.02513871276329441,0.0,0.0,0.0,0.32316508246676573
2020-06-09,4.673827172981067,0.0,3.918674406472325e-05,4.673827172981067,4.673866359725132,0.8187954598653502,0.016043177481487318,1.0,1.0,0.9999916157756665,0.43670827816259483
2020-06-10,0.0,0.0,1.280952135934085e-05,0.0,1.280952135934085e-05,1.7342372351743225,0.0391874049780628,0.0,0.0,0.0,0.37586887177382616
2020-06-11,0.0,0.0,1.306936791708868e-06,0.0,1.306936791708868e-06,1.443077853151883,0.09409886554018088,0.0,0.0,0.0,0.4256420089675961
2020-06-12,3.6524537925192457,0.0,9.032539885001446e-07,3.6524537925192457,3.6524546957732342,0.9405230259591766,0.06923865021008933,1.0,1.0,0.9999997526994683,0.44608417595034155
2020-06-13,2.929010473623664,0.0,1.1026637681467638e-06,2.929010473623664,2.9290115762874325,0.3066029277269293,0.05961849818171476,1.0,1.0,0.9999996235372447,0.44600657063148036
2020-06-14,0.0,0.0,1.0660530357531862e-06,0.0,1.0660530357531862e-06,1.15790478972588,0.04227927947044527,0.0,0.0,0.0,0.4326436238872109
2020-06-15,0.0,0.0,2.2924863778600143e-06,0.0,2.2924863778600143e-06,1.3796701915867786,0.02183034257514687,0.0,0.0,0.0,0.39134941297166853
2020-06-16,0.0,0.0,8.973399414830561e-07,0.0,8.973399414830561e-07,1.7136499388766984,0.06617050286857086,0.0,0.0,0.0,0.41858610354165854
2020-06-17,0.0,0.0,0.0,0.0,0.0,1.9439625564996785,0.05814538904425601,0.0,0.0,0.0,0.41876372049379657
2020-06-18,0.0,0.0,0.0,0.0,0.0,1.4683952845061865,0.02584559612736647,0.0,0.0,0.0,0.41346485410698935
2020-06-19,0.0,0.0,0.0,0.0,0.0,1.786247533937211,0.008873436831330614,0.0,0.0,0.0,0.41478736063783134
2020-06-20,0.0,0.0,0.0,0.0,0.0,1.9226219766241779,0.004071171267482574,0.0,0.0,0.0,0.3598727364460434
2020-06-21,0.0,0.0,0.0,0.0,0.0,2.138722792541134,0.0031423760264804707,0.0,0.0,0.0,0.3590071173140312
2020-06-22,0.0,0.0,0.0,0.0,0.0,1.886581009611576,0.0022226611102271403,0.0,0.0,0.0,0.4354848423075042
2020-06-23,0.0,0.0,0.0,0.0,0.0,2.056249945102962,0.0016615188662058307,0.0,0.0,0.0,0.43147876614516356
2020-06-24,0.0,0.0,0.0,0.0,0.0,2.1641940829055093,0.0012192306889967296,0.0,0.0,0.0,0.32883680026850287
2020-06-25,0.0,0.0,0.0,0.0,0.0,1.770984278158863,0.000843441522074531,0.0,0.0,0.0,0.2861834813394306
2020-06-26,0.0,0.0,0.0,0.0,0.0,1.2744021624687136,0.0007035060044192861,0.0,0.0,0.0,0.2176249025267258
2020-06-27,0.0,0.0,0.0,0.0,0.0,1.3962083178996711,0.0008637689296144514,0.0,0.0,0.0,0.2336492253944207
2020-06-28,0.0,0.0,0.0,0.0,0.0,1.2728779776439407,0.0008185668191090169,0.0,0.0,0.0,0.23302466635466024
2020-06-29,0.0,0.0,0.0,0.0,0.0,1.1714808855224623,0.0006228880936732948,0.0,0.0,0.0,0.22183231002446532
2020-06-30,0.0,0.0,0.0,0.0,0.0,1.3173905511515327,0.0005774190029639008,0.0,0.0,0.0,0.17776935626425935
2020-07-01,0.0,0.0,0.0,0.0,0.0,1.6742752845428461,0.00047599925961108367,0.0,0.0,0.0,0.19532599563205433
2020-07-02,0.0,0.0,0.0,0.0,0.0,1.671085386650862,0.0003457161218953403,0.0,0.0,0.0,0.18564298358357645
2020-07-03,0.0,0.0,0.0,0.0,0.0,1.8199122909043135,0.00029087660400602014,0.0,0.0,0.0,0.18157676173069479
2020-07-04,0.0,0.0,0.0,0.0,0.0,1.717338142264889,0.00023604580590518725,0.0,0.0,0.0,0.1899222153921124
2020-07-05,0.0,0.0,0.0,0.0,0.0,1.2785197504714836,0.00013979548554963512,0.0,0.0,0.0,0.16666666666666666
2020-07-06,0.0,0.0,0.0,0.0,0.0,1.5903863102688742,8.679251576890062e-05,0.0,0.0,0.0,0.15908523592885476
2020-07-07,0.0,0.0,0.0,0.0,0.0,1.333563027174024,0.00011087498267696948,0.0,0.0,0.0,0.10219148353835496
2020-07-08,0.0,0.0,0.0,0.0,0.0,1.7840981866467172,8.507317440649243e-05,0.0,0.0,0.0,0.098863695298146
2020-07-09,0.0,0.0,0.0,0.0,0.0,1.9259850982170579,7.257844191920497e-05,0.0,0.0,0.0,0.10367374462223057
2020-07-10,0.0,0.0,0.0,0.0,0.0,1.4476162251447053,3.9940290821553824e-05,0.0,0.0,0.0,0.16666666666666666
2020-07-11,0.0,0.0,0.0,0.0,0.0,1.718679085837504,1.4744555924912947e-05,0.0,0.0,0.0,0.16666666666666666
2020-07-12,0.0,0.0,0.0,0.0,0.0,1.8404161914341561,3.2169392430364846e-05,0.0,0.0,0.0,0.09051032337671054
2020-07-13,0.0,0.0,0.0,0.0,0.0,1.715756562922501,6.188508224264452e-05,0.0,0.0,0.0,0.07352397772175491
2020-07-14,0.0,0.0,0.0,0.0,0.0,1.6758656139778387,6.536968277393464e-05,0.0,0.0,0.0,0.07518263010751154
2020-07-15,0.0,0.0,0.0,0.0,0.0,1.5819489742784993,1.6209090702447387e-05,0.0,0.0,0.0,0.0
2020-07-16,0.0,0.0,0.0,0.0,0.0,1.8288833797984647,0.0,0.0,0.0,0.0,0.0
2020-07-17,0.0,0.0,0.0,0.0,0.0,1.9753736634495649,0.0,0.0,0.0,0.0,0.0
2020-07-18,0.0,0.0,0.0,0.0,0.0,2.035290672227893,0.0,0.0,0.0,0.0,0.0
2020-07-19,0.0,0.0,0.0,0.0,0.0,2.1524356062061054,0.0,0.0,0.0,0.0,0.0
2020-07-20,0.0,0.0,0.0,0.0,0.0,1.8370577866040896,0.0,0.0,0.0,0.0,0.0
2020-07-21,0.0,0.0,0.0,0.0,0.0,1.7593029447258273,0.0,0.0,0.0,0.0,0.0
2020-07-22,0.0,0.0,0.0,0.0,0.0,1.335054168480852,0.0,0.0,0.0,0.0,0.0
2020-07-23,0.0,0.0,0.0,0.0,0.0,1.6221386461544087,0.0,0.0,0.0,0.0,0.0
2020-07-24,0.0,0.0,0.0,0.0,0.0,1.69889929647024,0.0,0.0,0.0,0.0,0.0
2020-07-25,0.0,0.0,0.0,0.0,0.0,1.989872518484809,0.0,0.0,0.0,0.0,0.0
2020-07-26,0.0,0.0,0.0,0.0,0.0,1.8345311592626812,0.0,0.0,0.0,0.0,0.0
2020-07-27,0.0,0.0,0.0,0.0,0.0,2.115142983350187,0.0,0.0,0.0,0.0,0.0
2020-07-28,0.0,0.0,0.0,0.0,0.0,1.858299731592187,0.0,0.0,0.0,0.0,0.0
2020-07-29,0.0,0.0,0.0,0.0,0.0,1.8395344408140781,0.0,0.0,0.0,0.0,0.0
2020-07-30,0.0,0.0,0.0,0.0,0.0,1.3255938901634365,0.0,0.0,0.0,0.0,0.0
2020-07-31,0.0,0.0,0.0,0.0,0.0,1.4079311973630526,0.0,0.0,0.0,0.0,0.0
2020-08-01,0.0,0.0,0.0,0.0,0.0,1.1814966012569756,0.0,0.0,0.0,0.0,0.0
2020-08-02,0.0,0.0,0.0,0.0,0.0,1.4637641033323319,0.0,0.0,0.0,0.0,0.0
2020-08-03,0.012987826223048069,0.0,0.0,0.012987826223048069,0.012987826223048069,1.4717833882662026,0.0,0.012510838597795119,0.012510838597795119,0.012510838597795119,0.0
2020-08-04,0.0,0.0,0.0,0.0,0.0,0.9078240470146276,0.0,0.0,0.0,0.0,0.0
2020-08-05,0.0,0.0,0.0,0.0,0.0,1.0427053309055476,0.0,0.0,0.0,0.0,0.0
2020-08-06,0.0,0.0,0.0,0.0,0.0,0.6645639042114778,0.0,0.0,0.0,0.0,0.0
2020-08-07,0.0,0.0,0.0,0.0,0.0,1.30627014591458,0.0,0.0,0.0,0.0,0.0
2020-08-08,0.0,0.0,0.0,0.0,0.0,1.2041982045488837,0.0,0.0,0.0,0.0,0.0
2020-08-09,0.0,0.0,0.0,0.0,0.0,1.2894621047689645,0.0,0.0,0.0,0.0,0.0
2020-08-10,0.0,0.0,0.0,0.0,0.0,0.87523204431963,0.0,0.0,0.0,0.0,0.0
2020-08-11,0.0,0.0,0.0,0.0,0.0,1.064332755967318,0.0,0.0,0.0,0.0,0.0
2020-08-12,0.0,0.0,0.0,0.0,0.0,1.131576536952067,0.0,0.0,0.0,0.0,0.0
2020-08-13,0.0,0.0,0.0,0.0,0.0,1.2511092225761067,0.0,0.0,0.0,0.0,0.0
2020-08-14,0.0,0.0,0.0,0.0,0.0,1.3226729907572499,0.0,0.0,0.0,0.0,0.0
2020-08-15,0.0,0.0,0.0,0.0,0.0,1.4187009327527913,0.0,0.0,0.0,0.0,0.0
2020-08-16,0.0,0.0,0.0,0.0,0.0,1.4804487446888017,0.0,0.0,0.0,0.0,0.0
2020-08-17,0.0,0.0,0.0,0.0,0.0,1.2505370338254245,0.0,0.0,0.0,0.0,0.0
2020-08-18,0.0,0.0,0.0,0.0,0.0,0.6825266507134438,0.0,0.0,0.0,0.0,0.0
2020-08-19,0.0,0.0,0.0,0.0,0.0,0.6655972277985276,0.0,0.0,0.0,0.0,0.0
2020-08-20,0.0,0.0,0.0,0.0,0.0,0.9464495366824078,0.0,0.0,0.0,0.0,0.0
2020-08-21,0.0,0.0,0.0,0.0,0.0,0.8651251690091233,0.0,0.0,0.0,0.0,0.0
2020-08-22,0.0,0.0,0.0,0.0,0.0,0.856063677404928,0.0,0.0,0.0,0.0,0.0
2020-08-23,0.0,0.0,0.0,0.0,0.0,0.800004418632669,0.0,0.0,0.0,0.0,0.0
2020-08-24,0.0,0.0,0.0,0.0,0.0,0.9240207985567267,0.0,0.0,0.0,0.0,0.0
2020-08-25,0.0,0.0,0.0,0.0,0.0,0.758151248894318,0.0,0.0,0.0,0.0,0.0
2020-08-26,0.0,0.0,0.0,0.0,0.0,0.8746480604892564,0.0,0.0,0.0,0.0,0.0
2020-08-27,0.0,0.0,0.0,0.0,0.0,0.7594366728615355,0.0,0.0,0.0,0.0,0.0
2020-08-28,0.0,0.0,0.0,0.0,0.0,0.6996333591089272,0.0,0.0,0.0,0.0,0.0
2020-08-29,0.0,0.0,0.0,0.0,0.0,0.3909612958843023,0.0,0.0,0.0,0.0,0.0
2020-08-30,0.0,0.0,0.0,0.0,0.0,0.4260042128206703,0.0,0.0,0.0,0.0,0.0
2020-08-31,0.0,0.0,0.0,0.0,0.0,0.5610982489489404,0.0,0.0,0.0,0.0,0.0
2020-09-01,0.0,0.0,0.0,0.0,0.0,0.8484020484875658,0.0,0.0,0.0,0.0,0.0
2020-09-02,0.0,0.0,0.0,0.0,0.0,0.807107982894323,0.0,0.0,0.0,0.0,0.0
2020-09-03,0.0,0.0,0.0,0.0,0.0,0.7688175720926104,0.0,0.0,0.0,0.0,0.0
2020-09-04,0.0,0.0,0.0,0.0,0.0,0.6103878410057396,0.0,0.0,0.0,0.0,0.0
2020-09-05,0.0,0.0,0.0,0.0,0.0,0.8801531791391477,0.0,0.0,0.0,0.0,0.0
2020-09-06,0.0,0.0,0.0,0.0,0.0,0.5590630978697354,0.0,0.0,0.0,0.0,0.0
2020-09-07,0.0,0.0,0.0,0.0,0.0,0.31550465309460357,0.0,0.0,0.0,0.0,0.0
2020-09-08,0.0,0.0,0.0,0.0,0.0,0.454286231882892,0.0,0.0,0.0,0.0,0.0
2020-09-09,0.0,0.0,0.0,0.0,0.0,0.5248608542209348,0.0,0.0,0.0,0.0,0.0
2020-09-10,0.0,0.0,0.0,0.0,0.0,0.4383140151326103,0.0,0.0,0.0,0.0,0.0
2020-09-11,0.0,0.0,0.0,0.0,0.0,0.3516524430072569,0.0,0.0,0.0,0.0,0.0
2020-09-12,0.0,0.0,0.0,0.0,0.0,0.19435142247356094,0.0,0.0,0.0,0.0,0.0
2020-09-13,0.0,0.0,0.0,0.0,0.0,0.22945373224704363,0.0,0.0,0.0,0.0,0.0
2020-09-14,0.0,0.0,0.0,0.0,0.0,0.3060230762527866,0.0,0.0,0.0,0.0,0.0
2020-09-15,0.0,0.0,0.0,0.0,0.0,0.33597751285470545,0.0,0.0,0.0,0.0,0.0
2020-09-16,0.0,0.0,0.0,0.0,0.0,0.2673152557911643,0.0,0.0,0.0,0.0,0.0
2020-09-17,0.0,0.0,0.0,0.0,0.0,0.12147493193366002,0.0,0.0,0.0,0.0,0.0
2020-09-18,0.0,0.0,0.0,0.0,0.0,0.2064217948655604,0.0,0.0,0.0,0.0,0.0
2020-09-19,0.0,0.0,0.0,0.0,0.0,0.2062554629198972,0.0,0.0,0.0,0.0,0.0
2020-09-20,0.0,0.0,0.0,0.0,0.0,0.14366166515074102,1.6546662105214437e-06,0.0,0.0,0.0,0.0
2020-09-21,12.743850371274153,0.0,0.0,12.743850371274153,12.743850371274153,0.029534220860502232,0.0003666835491301074,1.0,1.0,1.0,0.0
2020-09-22,2.055324780244774,0.0,0.0,2.055324780244774,2.055324780244774,0.06206925985115377,0.0031645138405094145,0.5673231760188282,0.5673231760188282,0.5673231760188282,0.0
2020-09-23,0.5033084674124677,0.0,0.0,0.5033084674124677,0.5033084674124677,0.10105355277013182,0.0009340523208278838,0.07324827614682687,0.07324827614682687,0.07324827614682687,0.0
2020-09-24,0.7757006740305119,0.0,0.0,0.7757006740305119,0.7757006740305119,0.04478934102870772,0.0003343111510152673,0.2856435030348074,0.2856435030348074,0.2856435030348074,0.0
2020-09-25,0.0,0.0,0.0,0.0,0.0,0.1540356562772968,3.07309930372373e-05,0.0,0.0,0.0,0.0
2020-09-26,0.0,0.0,0.0,0.0,0.0,0.18238547857030812,5.231037798737799e-05,0.0,0.0,0.0,0.0
2020-09-27,0.0,0.0,0.0,0.0,0.0,0.23383543521728178,4.9719731277423466e-05,0.0,0.0,0.0,0.0
2020-09-28,0.0,0.0,0.0,0.0,0.0,0.24601977761932528,3.585723876190196e-05,0.0,0.0,0.0,0.0
2020-09-29,0.0,0.0,0.0,0.0,0.0,0.2192490221709597,1.599029042375179e-05,0.0,0.0,0.0,0.0
2020-09-30,0.0,0.0,0.0,0.0,0.0,0.24990623165395143,2.0363962579918715e-05,0.0,0.0,0.0,0.0
2020-10-01,0.0,0.0,0.0,0.0,0.0,0.3236543230763075,6.642918174196544e-06,0.0,0.0,0.0,0.0
2020-10-02,0.0,0.0,0.0,0.0,0.0,0.2176802893722103,0.0,0.0,0.0,0.0,0.0
2020-10-03,0.0,0.0,0.0,0.0,0.0,0.18516261315836882,7.376795810662999e-07,0.0,0.0,0.0,0.0
2020-10-04,0.0,0.0,0.0,0.0,0.0,0.08852258447554666,2.840416937613552e-05,0.0,0.0,0.0,0.0
2020-10-05,0.0,0.0,0.0,0.0,0.0,0.23132121373896208,2.5009518739575167e-05,0.0,0.0,0.0,0.0
2020-10-06,0.0,0.0,0.0,0.0,0.0,0.1366641695994437,2.587895958876062e-07,0.0,0.0,0.0,0.0
2020-10-07,0.0,0.0,0.0,0.0,0.0,0.05324794541886016,0.0,0.0,0.0,0.0,0.0
2020-10-08,12.481310064436121,0.0,0.0,12.481310064436121,12.481310064436121,0.22518159731484738,0.001590800313570646,1.0,1.0,1.0,0.0
2020-10-09,19.59843984137072,0.0,0.0,19.59843984137072,19.59843984137072,0.09492104470997507,0.023507622968997846,1.0,1.0,1.0,0.16666666666666666
2020-10-10,8.249003204504133,0.0,0.0,8.249003204504133,8.249003204504133,0.007516329181902301,0.029793575725716864,1.0,1.0,1.0,0.1666392755531243
2020-10-11,19.433727212138795,0.0,0.0,19.433727212138795,19.433727212138795,0.00011466257909657829,0.03516438320313999,1.0,1.0,1.0,0.1630366094321882
2020-10-12,0.0,0.0,0.0,0.0,0.0,0.15573005318165245,0.03467382911856293,0.0,0.0,0.0,0.16666666666666666
2020-10-13,0.0,0.0,0.0,0.0,0.0,0.07453451875788654,0.0009008737751315428,0.0,0.0,0.0,0.0
2020-10-14,0.0,0.0,0.0,0.0,0.0,0.0007960263973357704,0.0007513351209084892,0.0,0.0,0.0,0.0
2020-10-15,0.0,0.0,0.0,0.0,0.0,0.04896543562652555,0.0005440500076091026,0.0,0.0,0.0,0.0
2020-10-16,0.0,0.0,0.0,0.0,0.0,0.014378214372822981,0.0003471309538989766,0.0,0.0,0.0,0.05269781637454942
2020-10-17,0.0,0.0,0.0,0.0,0.0,0.05187958268810925,0.0003050727173151249,0.0,0.0,0.0,0.0
2020-10-18,0.0,0.0,0.0,0.0,0.0,0.05922186661609408,0.00014118600512306743,0.0,0.0,0.0,0.0
2020-10-19,0.0,0.0,0.0,0.0,0.0,0.090442308500783,8.096417816166777e-05,0.0,0.0,0.0,0.0
2020-10-20,0.0,0.0,0.0,0.0,0.0,0.027023496020012316,9.488545365103617e-05,0.0,0.0,0.0,0.0
2020-10-21,3.782811604068986,0.0,0.0,3.782811604068986,3.782811604068986,0.0035681219362914325,0.0006706886161012678,1.0,1.0,1.0,0.0
2020-10-22,0.0,0.0,0.0,0.0,0.0,0.06220086013317757,0.0016696877614656934,0.0,0.0,0.0,0.16666666666666666
2020-10-23,0.0,0.0,0.0,0.0,0.0,0.030021621910978985,0.0001485223713467012,0.0,0.0,0.0,0.0
2020-10-24,0.0,0.0,0.0,0.0,0.0,2.3120256049467882e-05,0.0002653498542843281,0.0,0.0,0.0,0.0
2020-10-25,0.0,0.0,0.00027336364790746183,0.0,0.00027336364790746183,0.0,0.0003365590477921721,0.0,0.0,0.0,0.0
2020-10-26,0.0,0.0,0.00019880333940526865,0.0,0.00019880333940526865,0.0014745323797546008,0.00033703447683011283,0.0,0.0,0.0,0.05491614534226555
2020-10-27,0.0,0.0,8.965051657206875e-05,0.0,8.965051657206875e-05,0.006187485661724246,0.00032601760757737053,0.0,0.0,0.0,0.06840809542067672
2020-10-28,0.0,0.0,1.4643346222190716e-05,0.0,1.4643346222190716e-05,0.16181141745000865,0.00013957845129747642,0.0,0.0,0.0,0.0
2020-10-29,0.0,0.0,3.883400408421271e-06,0.0,3.883400408421271e-06,0.04107180318137793,4.8895437817598993e-05,0.0,0.0,0.0,0.0
2020-10-30,0.0,0.0,4.85592243124848e-06,0.0,4.85592243124848e-06,0.0005762106601517914,0.00014105694685883404,0.0,0.0,0.0,0.0
2020-10-31,0.0,0.0,1.9258851170864128e-06,0.0,1.9258851170864128e-06,0.001676558200309198,0.00019931720858030533,0.0,0.0,0.0,0.0
2020-11-01,5.985603747183133,0.0,1.350213681884088e-07,5.985603747183133,5.985603882204502,0.08676082354589087,0.0019473670152767018,1.0,1.0,0.9999999774423147,0.16666666666666666
2020-11-02,0.3598287190621127,0.0,4.074156744870846e-09,0.3598287190621127,0.35982872313626946,0.0,0.005054526779338469,0.4908542879557372,0.4908542879557372,0.49085428239804496,0.1466097325082085
2020-11-03,7.681023769520895,0.0,7.975432219316508e-12,7.681023769520895,7.681023769528871,0.16128634725428506,0.007950844291317805,1.0,1.0,0.9999999999989616,0.1429270102170702
2020-11-04,0.01808833359297083,0.0,0.0,0.01808833359297083,0.01808833359297083,0.2240949989991117,0.00942414642627456,0.08286882199925678,0.08286882199925678,0.08286882199925678,0.0
2020-11-05,0.0,0.0,0.0,0.0,0.0,0.08453530632865909,0.00034897678229928614,0.0,0.0,0.0,0.0
2020-11-06,0.0,0.0,0.0,0.0,0.0,0.01785062496949706,0.0005034609171088431,0.0,0.0,0.0,0.0
2020-11-07,0.0,0.5295304219795915,0.0,0.5295304219795915,0.0,0.021644921452197943,0.0006267068352338373,0.0,0.0,0.0,0.0
2020-11-08,0.8906514110980942,10.1081044146226,0.0,10.998755825720695,0.8906514110980942,0.0,0.000852651911880594,0.21429456212064907,0.15244669599118074,0.21429456212064907,0.15956222967681635
2020-11-09,0.0,0.0,0.0,0.0,0.0,0.0025923238635838283,0.0010502756150308932,0.0,0.0,0.0,0.13592040224802956
2020-11-10,0.0,6.716568948460607,0.0,6.716568948460607,0.0,0.0026936112916416404,0.0006199295206371035,0.0,0.0,0.0,0.16420034307630027
2020-11-11,5.600237472152151,7.935575539260589,1.5603744650606702e-06,13.53581301141274,5.600239032526616,0.0,0.003475016304925384,0.5693050910442214,0.4389285503295275,0.5693049324207909,0.07090013982544373
2020-11-12,6.427459024921344,15.729927558948665,0.0,22.157386583870007,6.427459024921344,0.006047154817691124,0.009194510526929368,0.44407283537718323,0.3563300438345316,0.44407283537718323,0.16068081698941675
2020-11-13,7.936565744793601,0.05042936932932211,0.015734933911378993,7.986995114122923,7.9523006787049795,0.0,0.01951991884641959,1.0,0.9955051865829408,0.9980213356427136,0.15574733979962244
2020-11-14,9.180766263822845,0.0,0.0557840344155013,9.180766263822845,9.236550298238345,0.0036671366115899437,0.04419263556160805,1.0,1.0,0.9939605120294597,0.15308070038486718
2020-11-15,7.148537017146208,0.0,2.358142539107945,7.148537017146208,9.506679556254152,0.0,0.057486685253194614,1.0,1.0,0.7519488770864697,0.15065946381697212
2020-11-16,5.9584445826712855,0.3611175896684322,0.005285696038967805,6.319562172339718,5.963730278710253,0.03367337002982285,0.23897795821392942,0.9844749989677526,0.94330328351206,0.9836024518606035,0.19244386466035399
2020-11-17,0.011158987736828474,0.3932842386692603,1.8761124440283784e-05,0.4044432264060888,0.011177748861268757,0.01422503484078085,1.4975626146744918,0.017630785746727776,0.003317702590278554,0.017601193619593797,0.2968318934511374
2020-11-18,0.0,0.0,0.0,0.0,0.0,0.022722413486255484,0.8420057885890007,0.0,0.0,0.0,0.2737210347092767
2020-11-19,0.0,0.0,0.0,0.0,0.0,6.425805313434442e-05,0.3069834960162855,0.0,0.0,0.0,0.2729739924039954
2020-11-20,2.2731135942341023,0.0,0.0,2.2731135942341023,2.2731135942341023,0.009954469568658928,0.1462455208738812,1.0,1.0,1.0,0.2891025868589095
2020-11-21,0.0,0.0,0.0,0.0,0.0,6.835152314205188e-06,0.09665325419974628,0.0,0.0,0.0,0.2885949005128336
2020-11-22,0.0022391836378591475,1.351257062388351,0.0,1.3534962460262103,0.0022391836378591475,0.0020124711908230484,0.09331523093755328,0.00941409637061811,0.000734389622852942,0.00941409637061811,0.2780995971695075
2020-11-23,3.957950249085049e-06,0.16280320350320934,0.0,0.16280716145345842,3.957950249085049e-06,0.0,0.10754581189604324,0.0002890292745365209,1.9507386197917743e-05,0.0002890292745365209,0.28336656697414875
2020-11-24,0.0,0.0,0.0,0.0,0.0,0.0020679170878037012,0.08812467589305743,0.0,0.0,0.0,0.2897260348379403
2020-11-25,0.0,0.0,0.0,0.0,0.0,0.0008404332425549831,0.06371161492601782,0.0,0.0,0.0,0.2950497845876565
2020-11-26,0.0,0.0,0.0,0.0,0.0,1.680509235165859e-05,0.05055262620866549,0.0,0.0,0.0,0.29836872242431245
2020-11-27,0.320299839848842,0.0412500251101196,0.0,0.36154986495896163,0.320299839848842,0.004219000733800261,0.04409012498972569,0.2547999504521244,0.24978031432274492,0.2547999504521244,0.3035892929701328
2020-11-28,0.0022138277456175506,0.6097471482519724,0.0,0.6119609759975899,0.0022138277456175506,0.0005556043301929305,0.04011968020461983,0.005615425905280978,0.00045653162769308917,0.005615425905280978,0.3035846065962132
2020-11-29,0.0,0.0,0.0,0.0,0.0,0.004819461417421196,0.03936804022697858,0.0,0.0,0.0,0.3009566612238112
2020-11-30,0.0,0.0,0.0,0.0,0.0,0.0018951290554011452,0.043101654343124775,0.0,0.0,0.0,0.3033742778219766
2020-12-01,0.0,0.0,0.0,0.0,0.0,0.001772070634987461,0.040432202567953296,0.0,0.0,0.0,0.30636307395110113
2020-12-02,0.0,0.0,0.0,0.0,0.0,0.0,0.03710187557777156,0.0,0.0,0.0,0.3066624447894514
2020-12-03,0.0,0.0,0.0,0.0,0.0,0.009562279943139535,0.03517079331154982,0.0,0.0,0.0,0.3174338558686463
2020-12-04,0.0,0.0,0.0,0.0,0.0,0.0,0.032621780434924925,0.0,0.0,0.0,0.310703806878114
2020-12-05,1.5041094487681506e-05,0.0,0.4202239618945746,1.5041094487681506e-05,0.4202390029890623,0.0,0.03285229505268345,0.0005367686527106817,0.0005367686527106817,1.921189600684684e-08,0.3101269987714543
2020-12-06,0.0,0.0,1.490295432578426,0.0,1.490295432578426,0.0,0.03725907127593889,0.0,0.0,0.0,0.3115505865052726
2020-12-07,0.0,0.0,0.0,0.0,0.0,0.0031128468324587424,0.033220749347411684,0.0,0.0,0.0,0.3162135675022731
2020-12-08,0.0,0.0,0.0,0.0,0.0,0.00897181381167609,0.02992216476711499,0.0,0.0,0.0,0.325783163019327
2020-12-09,0.0,0.0,0.0,0.0,0.0,0.0,0.03590099100007783,0.0,0.0,0.0,0.2984046945959374
2020-12-10,0.0,2.4158268730624872,0.0,2.4158268730624872,0.0,0.001973230295324056,0.05141490264480863,0.0,0.0,0.0,0.3108612397573219
2020-12-11,0.0,1.0424148579899977,0.0,1.0424148579899977,0.0,0.0,0.043871777947515546,0.0,0.0,0.0,0.3136890626550826
2020-12-12,0.0,0.831070758130546,0.0,0.831070758130546,0.0,9.33757971306285e-06,0.03630477359328271,0.0,0.0,0.0,0.31642386103149717
2020-12-13,0.002724930081577844,0.8640819626678524,0.0,0.8668068927494302,0.002724930081577844,0.0,0.032647603850717355,0.005615425905280978,0.0004150106337742454,0.005615425905280978,0.31821464100958347
2020-12-14,10.079999540276965,0.14527250057261373,0.0,10.225272040849578,10.079999540276965,0.0,0.05312365106988831,1.0,0.9889419588636437,1.0,0.3597546967583453
2020-12-15,0.01461081659857474,0.5702534108289798,0.0017154979392018516,0.5848642274275546,0.016326314537776592,0.0,0.09968089299691044,0.017630785746727776,0.0031316235710935874,0.01577821966115854,0.2790339191884124
2020-12-16,0.01953613932728821,0.49014677711091115,0.0,0.5096829164381994,0.01953613932728821,0.0,0.42672192004303205,0.017630785746727776,0.003164725047467045,0.017630785746727776,0.38351354637697765
2020-12-17,10.0792948949583,0.06626202945458946,0.12473160823690967,10.14555692441289,10.20402650319521,0.0,0.35625539565194253,1.0,0.9956130957662662,0.9877762363516154,0.42656354401935553
2020-12-18,10.997583653968427,0.0,0.7798634042324546,10.997583653968427,11.777447058200881,0.0,0.6500898953178993,1.0,1.0,0.9337833232976055,0.47524061615384605
2020-12-19,12.025983519120986,0.0800995909819873,0.3090181364441042,12.106083110102974,12.33500165556509,0.002137282742167046,4.6587634276431364,1.0,0.9955862628943688,0.9749478642100801,0.3951589433170652
2020-12-20,0.0,0.0,0.0,0.0,0.0,0.02699069105768494,6.475992492313969,0.0,0.0,0.0,0.6190959749385029
2020-12-21,0.0,0.0,0.0,0.0,0.0,0.010521732316250127,2.4508385489471047,0.0,0.0,0.0,0.6619478506095826
2020-12-22,0.0,0.0,0.0,0.0,0.0,0.0013534023400832342,0.7190564845843974,0.0,0.0,0.0,0.6565666558216602
2020-12-23,0.0,8.675582074982469,0.0,8.675582074982469,0.0,0.0,0.3772856869146464,0.0,0.0,0.0,0.6528155896267459
2020-12-24,0.0,0.0,0.0,0.0,0.0,0.0,0.29715003162052045,0.0,0.0,0.0,0.6517725755193565
2020-12-25,0.0,0.0,0.0,0.0,0.0,0.0,0.2664485370650442,0.0,0.0,0.0,0.6497853962948587
2020-12-26,0.0,0.0,0.0,0.0,0.0,0.0,0.24549921819962198,0.0,0.0,0.0,0.6490683237721239
2020-12-27,0.0,0.28618847121043783,0.0,0.28618847121043783,0.0,0.0,0.22899190821181853,0.0,0.0,0.0,0.6490170882697406
2020-12-28,0.5220608676920162,9.565848805591678,0.0,10.087909673283693,0.5220608676920162,0.0,0.23016240587567874,0.11874974193814773,0.07262594308485831,0.11874974193814773,0.7053945256255695
2020-12-29,5.142897074725926,0.0,0.0,5.142897074725926,5.142897074725926,0.0,0.28920328487686636,1.0,1.0,1.0,0.8843459787327328
2020-12-30,7.878179385447057,0.39759120767566,7.808843772315302e-08,8.275770593122717,7.878179463535495,0.0,0.4790223086500108,0.9881497997440026,0.9602255606766622,0.9881497899494714,0.5357049924474228
2020-12-31,8.572666114471225,2.982304709504092,0.09374275953635089,11.554970823975317,8.666408874007576,0.0,3.274655251931953,0.909657706759156,0.8057581728526968,0.8998181267318547,0.6603716467733377
2021-01-01,9.37590147853581,2.0953290648053184,0.0,11.471230543341129,9.37590147853581,0.0,6.302395908165514,0.9590817127049011,0.8738280390261878,0.9590817127049011,0.8052328219989019
2021-01-02,0.11978873826210923,3.94413502543845,0.0,4.06392376370056,0.11978873826210923,0.0,6.5745932610695075,0.11065692225112515,0.05708995462409812,0.11065692225112515,0.8612505682370616
2021-01-03,0.11482028137514708,0.11993203215197987,0.0009965343179081823,0.23475231352712694,0.11581681569305526,0.0,2.5331064939178964,0.06499029687435484,0.04434294540175195,0.06443109430278716,0.7010904366265557
2021-01-04,0.013842993062345888,0.005637421332083054,0.0,0.019480414394428942,0.013842993062345888,0.0,0.7858898360733015,0.055452330814649654,0.05348600905632975,0.055452330814649654,0.7007463320769384
2021-01-05,0.5685046505253143,1.6292130748725084,0.0,2.1977177253978226,0.5685046505253143,0.0,0.4827939549826418,0.4194227672488542,0.3190214117352851,0.4194227672488542,0.7182136374354501
2021-01-06,0.0,0.0,0.0,0.0,0.0,0.0,0.5056153379053081,0.0,0.0,0.0,0.6868541046267094
2021-01-07,0.10031058078998659,0.30861943425765626,0.0,0.4089300150476428,0.10031058078998659,0.0,0.4419295060277435,0.03683058755522524,0.02193371298830371,0.03683058755522524,0.6755931681577785
2021-01-08,17.573754680571394,0.1177649643274907,0.0,17.691519644898886,17.573754680571394,0.0,0.5896921423252001,1.0,0.9955380984736503,1.0,0.7599382306522116
2021-01-09,29.73144238542335,0.0,1.8020242898446401,29.73144238542335,31.533466675267988,0.0,12.739162187123467,1.0,1.0,0.9428535939799482,0.7174636213500744
2021-01-10,5.912894043648651,0.22216983282717173,0.16214145703748903,6.135063876475822,6.075035500686139,0.0,22.93744395312547,0.9772492671043396,0.9520814849048083,0.9511666837121571,0.8123686603689633
2021-01-11,0.0,0.0,0.0,0.0,0.0,0.0,7.819513069107134,0.0,0.0,0.0,0.721620427551131
2021-01-12,0.0,0.0,8.806774487563177e-05,0.0,8.806774487563177e-05,0.0,2.1851358299765526,0.0,0.0,0.0,0.7160571187682399
2021-01-13,0.0,0.0,0.0,0.0,0.0,0.0,0.8446367758458184,0.0,0.0,0.0,0.7083840669375485
2021-01-14,0.0,0.0,0.12438729338058484,0.0,0.12438729338058484,0.0,0.5478271001870266,0.0,0.0,0.0,0.6889260517169818
2021-01-15,0.0,0.0,0.0,0.0,0.0,0.0,0.47466081081152894,0.0,0.0,0.0,0.6975588084031918
2021-01-16,0.0,0.0,0.0,0.0,0.0,0.0,0.4269862894775573,0.0,0.0,0.0,0.6926426102643615
2021-01-17,5.488851613200208,0.0,0.0,5.488851613200208,5.488851613200208,0.0,0.4359817259518492,1.0,1.0,1.0,0.8287897990049836
2021-01-18,0.042960709520828054,3.681004883808403,0.0,3.7239655933292313,0.042960709520828054,0.0,1.0980246515117889,0.16747181964573268,0.10072485343723325,0.16747181964573268,0.7122415694130226
2021-01-19,0.0,0.0,0.0,0.0,0.0,0.0,1.5834243780273265,0.0,0.0,0.0,0.6468288097472412
2021-01-20,0.0,0.0,0.0,0.0,0.0,0.0,0.7043558655456477,0.0,0.0,0.0,0.602706807792233
2021-01-21,0.0,4.927394145882071,0.0,4.927394145882071,0.0,0.0,0.44665538547073064,0.0,0.0,0.0,0.5728732540103699
2021-01-22,0.0,0.4691945815357216,0.0,0.4691945815357216,0.0,0.0,0.38853854199564114,0.0,0.0,0.0,0.5508194324439587
2021-01-23,0.0,11.46060496128739,0.0,11.46060496128739,0.0,0.0,0.3614835883835977,0.0,0.0,0.0,0.537097716974558
2021-01-24,0.07740490492274914,6.53163997643696,0.0,6.609044881359709,0.07740490492274914,0.0,0.34508980766770564,0.0633799909162228,0.019159429008964345,0.0633799909162228,0.5469631251612984
2021-01-25,0.0,0.0,0.0,0.0,0.0,0.0,0.3388705846664337,0.0,0.0,0.0,0.5354526342756286
2021-01-26,0.0,0.0,0.0,0.0,0.0,0.0,0.31255509769829887,0.0,0.0,0.0,0.5402858018150255
2021-01-27,1.2727899048607743,4.456827474772133,0.0,5.7296173796329075,1.2727899048607743,0.0,0.30660493134190336,0.4354845369338123,0.3416909429112495,0.4354845369338123,0.5806216489909902
2021-01-28,5.118014182456412,0.0,0.08896314447768362,5.118014182456412,5.206977326934096,0.0,0.4966717152165243,1.0,1.0,0.9829146280285292,0.5958021914233765
2021-01-29,4.690924807080323,0.0,0.707252605538976,4.690924807080323,5.398177412619299,0.0,1.0974650973440931,0.7732771790742805,0.7732771790742805,0.6719647808515725,0.3981553374275997
2021-01-30,0.5527622373789284,1.9843211806669223,0.07152458954627446,2.537083418045851,0.6242868269252029,0.0,2.7315924225148724,0.19071803129774145,0.11721400504164171,0.16886745185362506,0.4853807783605757
2021-01-31,0.0,0.0,0.009776533410357464,0.0,0.009776533410357464,0.0,1.8950075241165634,0.0,0.0,0.0,0.4743037293159313
2021-02-01,4.2451753776795597e-07,0.002997507216684082,0.025849724329157452,0.00299793173422185,0.02585014884669522,0.0,0.8825088229933074,0.0002477393781741608,3.6459287779062408e-06,4.068437340704307e-09,0.48409797408736405
2021-02-02,0.0005630651507550363,0.0,1.204048595829517,0.0005630651507550363,1.2046116609802722,0.0,0.5478172425235877,0.014534043519550765,0.014534043519550765,6.793569803862403e-06,0.41954762996905015
2021-02-03,0.0,0.0,0.27156036371717485,0.0,0.27156036371717485,0.0,0.6745854087497847,0.0,0.0,0.0,0.40163223654724806
2021-02-04,0.0,0.0,9.738970454734235e-07,0.0,9.738970454734235e-07,0.0,0.560738962506018,0.0,0.0,0.0,0.4450577228255312
2021-02-05,0.0,0.0,0.0,0.0,0.0,0.0,0.3834124222596178,0.0,0.0,0.0,0.48637707464123947
2021-02-06,0.0,0.0,0.0,0.0,0.0,1.6764552025093428e-06,0.3555009314222394,0.0,0.0,0.0,0.5319869045253964
2021-02-07,0.0,0.0,0.0,0.0,0.0,6.612363308900621e-06,0.3370200717289346,0.0,0.0,0.0,0.5595828045886387
2021-02-08,0.0,8.77012901028258,0.0,8.77012901028258,0.0,0.0,0.3214707165016734,0.0,0.0,0.0,0.5708316117840666
2021-02-09,0.0,12.479521783038452,0.0,12.479521783038452,0.0,0.0,0.30757376312299767,0.0,0.0,0.0,0.5750089194259415
2021-02-10,0.0,9.122651489930858,0.0,9.122651489930858,0.0,0.0,0.2950475878896674,0.0,0.0,0.0,0.5759623419820333
2021-02-11,0.0,9.895716758503186,0.0,9.895716758503186,0.0,0.0,0.28346954787782,0.0,0.0,0.0,0.5752122613836054
2021-02-12,0.0,10.21362880521967,0.0,10.21362880521967,0.0,0.0,0.2728658747184645,0.0,0.0,0.0,0.5735291801627103
2021-02-13,0.0,0.3581023427183197,0.0,0.3581023427183197,0.0,0.00029735034309229496,0.2632318801780334,0.0,0.0,0.0,0.5714827053210445
2021-02-14,0.0,0.0,0.0,0.0,0.0,0.010228700809841887,0.25432896863399734,0.0,0.0,0.0,0.5696508908123684
2021-02-15,0.0,5.043540203012975,0.0,5.043540203012975,0.0,0.0,0.24547602918973024,0.0,0.0,0.0,0.5682809138237338
2021-02-16,0.0,0.0,0.0,0.0,0.0,0.00043405227060638207,0.2366826961698696,0.0,0.0,0.0,0.5674897707641021
2021-02-17,0.0,7.4453203393608715e-06,0.0,7.4453203393608715e-06,0.0,0.0033069279687701564,0.2295131899603836,0.0,0.0,0.0,0.5673795132742989
2021-02-18,0.01914334320162964,0.011074454862060785,0.0,0.030217798063690425,0.01914334320162964,0.00078812083501793,0.2233176199816746,0.030802262686320657,0.02160283596171492,0.03080226268632066,0.5677044397705838
2021-02-19,0.12729604762086089,0.6028834797547376,0.7450043394203313,0.7301795273755984,0.8723003870411922,0.006008111486831375,0.23600338129874923,0.03154548082084314,0.017044702619042396,0.004603477298014055,0.4518735560164673
2021-02-20,0.0,0.2852560550429045,0.0,0.2852560550429045,0.0,0.0012011370048349618,0.30528120716382035,0.0,0.0,0.0,0.5499379250686464
2021-02-21,0.0,0.0,0.0,0.0,0.0,0.02984620637483327,0.2232386517572616,0.0,0.0,0.0,0.5236119107231196
2021-02-22,2.6254231616857164,5.645877858903553,0.0,8.27130102058927,2.6254231616857164,0.0,0.2435442121779007,0.49073041826665015,0.4030634949433685,0.49073041826665015,0.6996734981363479
2021-02-23,1.169341117601213,6.930138841141804,0.0,8.099479958743016,1.169341117601213,0.0,0.5264452981581574,0.2857260828275321,0.19188686038790445,0.2857260828275321,0.6766530699807203
2021-02-24,0.0,0.0,0.0,0.0,0.0,0.004258346482555788,0.781386526937193,0.0,0.0,0.0,0.5320293063036191
2021-02-25,0.016790504689328554,0.0,0.989522580281595,0.016790504689328554,1.0063130849709236,0.03944443223563929,0.5101054670596129,0.04760725050580123,0.04760725050580123,0.000794335058146234,0.48612896917468823
2021-02-26,0.0,0.0,3.29274147693367,0.0,3.29274147693367,0.03035108610700219,0.5180253106116378,0.0,0.0,0.0,0.382857445444027
2021-02-27,0.0,0.0,0.7690939313448115,0.0,0.7690939313448115,0.02584261762367326,1.0687068284431542,0.0,0.0,0.0,0.2650209959339922
2021-02-28,0.0,0.0,1.047358765370384,0.0,1.047358765370384,0.06539344593245709,1.0101699807111744,0.0,0.0,0.0,0.3371275926395543
2021-03-01,0.0,0.0,3.1155253265471647,0.0,3.1155253265471647,0.05386529426692314,0.9449425899132609,0.0,0.0,0.0,0.29619487196222455
2021-03-02,7.004992801826906,0.0,1.54677596213229,7.004992801826906,8.551768763959195,0.00160042972719782,1.7510153315644528,0.9976051860109831,0.9976051860109831,0.8171662892153327,0.36942410302723533
2021-03-03,0.0,0.0,0.25345987870676684,0.0,0.25345987870676684,0.02337353609874726,2.902356836432935,0.0,0.0,0.0,0.32073205203760197
2021-03-04,0.0,0.0,0.0,0.0,0.0,0.04582716982433527,1.6777289920104501,0.0,0.0,0.0,0.3230392171840946
2021-03-05,0.0,0.0,0.0,0.0,0.0,0.06945448267860932,0.6892577055296283,0.0,0.0,0.0,0.334644132123543
2021-03-06,0.0,0.0,0.0,0.0,0.0,0.09470810577712079,0.4249717488666278,0.0,0.0,0.0,0.35665908439432165
2021-03-07,2.492275595320651,5.960878386225271,0.0,8.453153981545922,2.492275595320651,0.03123928691887042,0.34637525980039063,0.4015442421239523,0.2731574493301354,0.40154424212395234,0.3764921874037199
2021-03-08,0.0,0.0,0.06155887778465904,0.0,0.06155887778465904,0.15728088674854837,0.8721509492599157,0.0,0.0,0.0,0.3542458647930306
2021-03-09,0.0,0.0,0.9070593583702464,0.0,0.9070593583702464,0.19213378536658166,0.9336933612351448,0.0,0.0,0.0,0.4459509580510235
2021-03-10,0.0,0.0,4.696112009998396,0.0,4.696112009998396,0.16305473104272272,0.5518485652659844,0.0,0.0,0.0,0.39436693201447337
2021-03-11,0.03568051680202937,0.0,0.14946169418743166,0.03568051680202937,0.18514221098946104,0.1649310178623607,1.3032139552519502,0.04756596060943887,0.04756596060943887,0.009166888780572898,0.49450357447852955
2021-03-12,0.0,0.0,0.00025806352765085855,0.0,0.00025806352765085855,0.06445790191039938,0.9731210869638578,0.0,0.0,0.0,0.6042441716016336
2021-03-13,0.0,0.0,0.4931472280541815,0.0,0.4931472280541815,0.21732722103523716,0.43456685723380223,0.0,0.0,0.0,0.45071643206065204
2021-03-14,0.0,0.0,0.789537319826651,0.0,0.789537319826651,0.20987553048016472,0.3932914421946883,0.0,0.0,0.0,0.45173193505047204
2021-03-15,3.6566810791634925,0.0,3.693409642441746,3.6566810791634925,7.3500907216052385,0.05644011755950224,0.6278490672575652,1.0,1.0,0.49750148911969944,0.4982299572215743
2021-03-16,0.15368126847523125,0.021943750985700144,0.826151713984801,0.1756250194609314,0.9798329824600323,0.11021126435836606,2.139424468975761,0.07324827614682687,0.06679422035211115,0.011488578353023087,0.4811534217914389
2021-03-17,0.008421859428967778,0.19132105521752013,0.14638975889986008,0.1997429146464879,0.15481161832882787,0.1482091788096129,1.795323152491241,0.012841157768694001,0.0050536112548923455,0.00069856789045012,0.33307439781679576
2021-03-18,0.0,0.0,0.004218194344640057,0.0,0.004218194344640057,0.0414306751392883,0.7278329589491397,0.0,0.0,0.0,0.32362556246825047
2021-03-19,0.0,0.0398447542069143,0.0060502396129268705,0.0398447542069143,0.0060502396129268705,0.11192342209767003,0.42592193377926707,0.0,0.0,0.0,0.31571009051583254
2021-03-20,0.0,0.0,0.23263158414124852,0.0,0.23263158414124852,0.27951490292932274,0.35316364333844347,0.0,0.0,0.0,0.3045007734343195
2021-03-21,0.0,0.0,0.6031594373944391,0.0,0.6031594373944391,0.05175284292813397,0.33585917512331664,0.0,0.0,0.0,0.30442572644438465
2021-03-22,0.0,0.0,1.9066514371852314,0.0,1.9066514371852314,0.13352355657374101,0.42889021348940315,0.0,0.0,0.0,0.28381053950764723
2021-03-23,0.0,0.0,2.2872624790082785,0.0,2.2872624790082785,0.2811416642465158,0.8866740334488933,0.0,0.0,0.0,0.3134734493058371
2021-03-24,0.0,0.0,8.551156279368042,0.0,8.551156279368042,0.2773934217123355,1.4278931814307734,0.0,0.0,0.0,0.33561790758670446
2021-03-25,3.0053523356958793,0.09275148099505007,0.4460799323670245,3.0981038166909296,3.451432268062904,0.2416700762440259,3.410316631726683,0.9772492671043396,0.9579718443409441,0.8509448076457473,0.3329713304907888
2021-03-26,3.7718396208176606e-06,0.11533881090890695,0.0,0.11534258274852777,3.7718396208176606e-06,0.27642886323653765,2.4961526922917527,0.0002890292745365209,2.1946217985602065e-05,0.0002890292745365209,0.1086257930980455
2021-03-27,0.0,0.0,3.7217194814025246e-07,0.0,3.7217194814025246e-07,0.3806867887439097,1.073729440880572,0.0,0.0,0.0,0.252736859331951
2021-03-28,0.0,0.0,3.6864080970639566,0.0,3.6864080970639566,0.42673539840415287,0.5407287057786784,0.0,0.0,0.0,0.2266211733068344
2021-03-29,0.0,0.0,7.670608581098881,0.0,7.670608581098881,0.39026692315435463,0.6626308401243336,0.0,0.0,0.0,0.21568653937577845
2021-03-30,0.0,0.0,5.211194952790284,0.0,5.211194952790284,0.5013277554859494,3.924083549351784,0.0,0.0,0.0,0.37404988225624924
2021-03-31,0.0,0.0,8.144425206301982,0.0,8.144425206301982,0.38291917134927717,4.582217946778534,0.0,0.0,0.0,0.2272686460509518
2021-04-01,0.0,0.0,0.5459402246439556,0.0,0.5459402246439556,0.49418148741080675,5.3641277811813906,0.0,0.0,0.0,0.08465476669538358
2021-04-02,0.0,0.0,0.3041658009099733,0.0,0.3041658009099733,0.5585073843153436,2.2286490473500806,0.0,0.0,0.0,0.08115050553242688
2021-04-03,0.0,0.0,5.664630848188481,0.0,5.664630848188481,0.534956378941418,0.7342514668009934,0.0,0.0,0.0,0.08727007695955323
2021-04-04,0.10837697931283613,0.0,0.5486071564308119,0.10837697931283613,0.6569841357436481,0.43344540085573624,1.4550714047597861,0.07295924687229036,0.07295924687229036,0.012035454676554973,0.06899259157814745
2021-04-05,0.0,0.2113180660906963,5.508271889033945e-06,0.2113180660906963,5.508271889033945e-06,0.28107794258297264,1.7050290101992283,0.0,0.0,0.0,0.10290239680153207
2021-04-06,0.0,0.0,0.0008110928091206259,0.0,0.0008110928091206259,0.5490558237131211,0.5872420465438091,0.0,0.0,0.0,0.10848934489304883
2021-04-07,0.0,0.01923636026017284,1.2936980501823342e-07,0.01923636026017284,1.2936980501823342e-07,0.2581810047495492,0.32648554557818704,0.0,0.0,0.0,0.11070969486425469
2021-04-08,0.0,0.0,0.0,0.0,0.0,0.55493390963934,0.24661525511059232,0.0,0.0,0.0,0.11238559461313785
2021-04-09,0.0,0.0,2.207466960360813e-05,0.0,2.207466960360813e-05,0.5219079811875589,0.2079980335823021,0.0,0.0,0.0,0.1124085789514958
2021-04-10,0.0,0.0,0.5625115936598182,0.0,0.5625115936598182,0.39592853096220476,0.1845938770821299,0.0,0.0,0.0,0.11292707996821529
2021-04-11,0.0,0.0,4.57062168962608,0.0,4.57062168962608,0.5811308760339332,0.16852704121755455,0.0,0.0,0.0,0.11230315083346472
2021-04-12,0.0,0.0,9.285714682132147,0.0,9.285714682132147,0.5181580592842526,0.5839854065724497,0.0,0.0,0.0,0.06233648169150935
2021-04-13,0.0,0.0,9.411425959753426,0.0,9.411425959753426,0.6782570445150915,4.848027207509559,0.0,0.0,0.0,0.06621360457826513
2021-04-14,0.0,0.0,12.124026657615152,0.0,12.124026657615152,0.760273126881909,7.65532388737991,0.0,0.0,0.0,0.04583790798249243
2021-04-15,0.0,0.0,11.889788634133156,0.0,11.889788634133156,0.785707370154266,9.84346400795885,0.0,0.0,0.0,0.027732330228467012
2021-04-16,0.0,0.0,4.6377234808276295,0.0,4.6377234808276295,0.9055972227519993,9.42246172534365,0.0,0.0,0.0,0.026210024876019523
2021-04-17,0.0,0.0,2.9925498908036183,0.0,2.9925498908036183,0.9077093070460189,4.9521076004260145,0.0,0.0,0.0,0.030100035800510586
2021-04-18,0.0,0.0,6.458509189261703,0.0,6.458509189261703,0.764929961947964,2.812235928205688,0.0,0.0,0.0,0.03661186304948368
2021-04-19,0.0,0.0,5.645137565324684,0.0,5.645137565324684,0.7134295740420218,4.4128104397734065,0.0,0.0,0.0,0.05116239467679337
2021-04-20,0.0,0.0,3.8717504972168166,0.0,3.8717504972168166,0.9571635417963555,4.732930538993108,0.0,0.0,0.0,0.0496517733027931
2021-04-21,2.5203641344606367,0.0,0.7946213582463898,2.5203641344606367,3.3149854927070264,0.17508825306273518,3.4363637768519295,1.0,1.0,0.7602941672008646,0.049940620763216446
2021-04-22,0.0,0.0,1.134781756832493,0.0,1.134781756832493,0.6596220534725543,2.434033788047553,0.0,0.0,0.0,0.05373229273155893
2021-04-23,0.0,0.0,1.541793398325439,0.0,1.541793398325439,0.6900254976824531,1.492692698980714,0.0,0.0,0.0,0.06478285558132117
2021-04-24,0.0,0.0,2.3630640616065617,0.0,2.3630640616065617,0.7620279530869114,0.9492269612241027,0.0,0.0,0.0,0.08103191332310626
2021-04-25,0.0,0.0,6.869830640148887,0.0,6.869830640148887,0.6223189504073902,1.3500191688506458,0.0,0.0,0.0,0.0961092346399514
2021-04-26,0.0,0.0,7.725572249367836,0.0,7.725572249367836,0.7288894296297114,4.847974309496133,0.0,0.0,0.0,0.12712831359897972
2021-04-27,0.0,0.0,4.317681342572998,0.0,4.317681342572998,1.0001276038478297,6.5162637266790595,0.0,0.0,0.0,0.043457971702694186
2021-04-28,0.0,0.0,1.7482773186430358,0.0,1.7482773186430358,1.0579563981715705,4.316010852074366,0.0,0.0,0.0,0.035113590748343616
2021-04-29,0.0,0.0,1.2800565918941946,0.0,1.2800565918941946,0.9754131838840976,2.2334906455177874,0.0,0.0,0.0,0.03661478021495853
2021-04-30,0.0,0.0,1.5921221989316299,0.0,1.5921221989316299,0.8434155026300424,1.2001613184937947,0.0,0.0,0.0,0.040594995117698096
2021-05-01,0.0,0.0,2.037636714569809,0.0,2.037636714569809,0.7809044556406279,1.003061829451809,0.0,0.0,0.0,0.04240609734239731
2021-05-02,0.0,0.0,2.2852120534087788,0.0,2.2852120534087788,0.9699695865542335,1.353032185037686,0.0,0.0,0.0,0.04465364032156253
2021-05-03,0.0,0.0,1.9975853433719546,0.0,1.9975853433719546,1.0625765623848906,1.704293252272303,0.0,0.0,0.0,0.06249918505843507
2021-05-04,1.130017916223187,0.013948615298491656,2.102650608892897e-06,1.1439665315216785,1.1300200188737959,0.9543443875570163,1.5809567726858749,0.5039431851026054,0.5003369951433971,0.5039422474055493,0.08391219893858463
2021-05-05,0.0,0.0,0.0003428228593531483,0.0,0.0003428228593531483,0.6197857767282039,0.9619821769033193,0.0,0.0,0.0,0.0902855354692718
2021-05-06,0.0,0.0,0.8357520768996054,0.0,0.8357520768996054,0.6386282611806823,0.42607170434198216,0.0,0.0,0.0,0.09469038868552909
2021-05-07,0.0,0.0,1.2762570985004964,0.0,1.2762570985004964,0.9101021197933779,0.29256060597162326,0.0,0.0,0.0,0.10402746619429265
2021-05-08,0.0,0.0,1.6801875063109686,0.0,1.6801875063109686,1.0238767299309663,0.23492847788744883,0.0,0.0,0.0,0.05662006143318563
2021-05-09,0.0,0.0,1.9111617634790852,0.0,1.9111617634790852,0.9875455834367087,0.911897951093652,0.0,0.0,0.0,0.06687944547291667
2021-05-10,0.0,0.0,1.5324579398289022,0.0,1.5324579398289022,1.2989642316359484,1.3614302284964657,0.0,0.0,0.0,0.07411096419443523
2021-05-11,0.0,0.0,1.4108576307755176,0.0,1.4108576307755176,1.1346977870786172,1.303250129685688,0.0,0.0,0.0,0.09125213119324903
2021-05-12,0.0,0.0,1.3271252542119818,0.0,1.3271252542119818,1.183262009372316,1.1217233572316125,0.0,0.0,0.0,0.12395217153825995
2021-05-13,0.0,0.0,1.1897180227180295,0.0,1.1897180227180295,1.4334347230905282,1.0585726282457806,0.0,0.0,0.0,0.1263723239884031
2021-05-14,0.0,0.0,0.5106632591017497,0.0,0.5106632591017497,1.5671962125666985,0.9088597616416269,0.0,0.0,0.0,0.10792825693155289
2021-05-15,0.0,0.0,0.0019807695973925467,0.0,0.0019807695973925467,0.9981429597250207,0.6202341987054739,0.0,0.0,0.0,0.09564387052800667
2021-05-16,0.0,0.0,0.05353876357992636,0.0,0.05353876357992636,0.822522166245613,0.2953100424303115,0.0,0.0,0.0,0.09407150304448246
2021-05-17,1.8823285841915207,0.0,4.929843187027413e-07,1.8823285841915207,1.8823290771758394,0.5423144110322886,0.14642418705573418,1.0,1.0,0.9999997380987604,0.11918543918010883
2021-05-18,0.0,0.0,0.18488984513388143,0.0,0.18488984513388143,0.6764321926975226,0.08092037720086763,0.0,0.0,0.0,0.12093021826421636
2021-05-19,2.034493973174195,0.0,0.27453118409738914,2.034493973174195,2.309025157271584,0.6031218851975304,0.0594315460819052,0.9604029893884967,0.9604029893884967,0.8462160265235942,0.17804503603743305
2021-05-20,0.0,0.0,0.21891060149785002,0.0,0.21891060149785002,1.1378451424366494,0.04939320324080229,0.0,0.0,0.0,0.19049644212506348
2021-05-21,0.0,0.0,0.21265102349152037,0.0,0.21265102349152037,0.6724535581116187,0.037846789538591656,0.0,0.0,0.0,0.20672853027821994
2021-05-22,1.8514555400359223,0.0,0.20369145398408053,1.8514555400359223,2.055146994020003,0.702156622962702,0.053470423120557754,1.0,1.0,0.9008871605891087,0.1189195932472782
2021-05-23,0.0,0.0,0.260038333215797,0.0,0.260038333215797,1.2436276782529756,0.1091789557389114,0.0,0.0,0.0,0.11692320396485127
2021-05-24,0.0,0.0,0.2223559341636247,0.0,0.2223559341636247,1.2575127679348026,0.11119389412884037,0.0,0.0,0.0,0.10026829508353634
2021-05-25,0.0,0.0,0.060264344055661036,0.0,0.060264344055661036,1.1168946471284122,0.15333631368456874,0.0,0.0,0.0,0.10588852753872942
2021-05-26,0.0,0.0,0.18563257865709537,0.0,0.18563257865709537,1.234026425425242,0.10070939886147481,0.0,0.0,0.0,0.11614149961641125
2021-05-27,0.0,0.0,0.24105270370280948,0.0,0.24105270370280948,1.34509043912573,0.08012029219048387,0.0,0.0,0.0,0.13925482522564603
2021-05-28,0.0,0.0,0.24261636785040208,0.0,0.24261636785040208,1.544009409104292,0.07128068844679421,0.0,0.0,0.0,0.15909457422297413
2021-05-29,0.0,0.0,0.18621578351662377,0.0,0.18621578351662377,1.7531588616983234,0.06047323353251352,0.0,0.0,0.0,0.1898102665875304
2021-05-30,0.0,0.0,0.08715963870708056,0.0,0.08715963870708056,2.1405695861080734,0.0404928543935256,0.0,0.0,0.0,0.2421220681911582
2021-05-31,0.0,0.0,0.025793550142929424,0.0,0.025793550142929424,1.9586982978381804,0.018238590352894785,0.0,0.0,0.0,0.2675577233667235
2021-06-01,0.0,0.0,0.004621469518602588,0.0,0.004621469518602588,1.531528754648853,0.005272418315744648,0.0,0.0,0.0,0.3279431651842163
2021-06-02,0.0,0.0,0.00036079195864295046,0.0,0.00036079195864295046,1.0886502705260939,0.0020966698633904965,0.0,0.0,0.0,0.3508534525315163
2021-06-03,0.0,0.0,3.5181083200438574e-11,0.0,3.5181083200438574e-11,0.6904193186548707,0.0018325633630652907,0.0,0.0,0.0,0.39483560936426354
2021-06-04,0.0,0.0,4.58556034323646e-05,0.0,4.58556034323646e-05,0.7828795676321458,0.0018475012496215729,0.0,0.0,0.0,0.19946124520982492
2021-06-05,0.0007963140944144545,0.0,0.0005740149993436259,0.0007963140944144545,0.0013703290937580803,0.8670258679803614,0.0019656028847460038,0.006977992485238862,0.006977992485238862,0.004054992185471934,0.1989404969408367
2021-06-06,0.0,0.0,0.00047758544707531366,0.0,0.00047758544707531366,1.112948887198011,0.0017019097883462463,0.0,0.0,0.0,0.21761564681813364
2021-06-07,0.0010844675731904855,0.0,0.0002540152949914061,0.0010844675731904855,0.0013384828681818916,0.8675019752281437,0.0013302690567808969,0.010157314505140591,0.010157314505140591,0.008229674412258092,0.21919447821326296
2021-06-08,3.39091964459743,0.0,0.00028597839963537573,3.39091964459743,3.3912056229970653,0.26364376606837836,0.002426424440228346,1.0,1.0,0.9999156705810771,0.26320474420610224
2021-06-09,0.0,0.0,0.00042072492932308824,0.0,0.00042072492932308824,1.300745949910839,0.003177239962273891,0.0,0.0,0.0,0.20759992706762753
2021-06-10,7.567476582918529,0.0,0.000217408580011453,7.567476582918529,7.56769399149854,0.6850073453553837,0.0070719512174434295,1.0,1.0,0.999971271489009,0.306916439696251
2021-06-11,4.5996275224263234,0.0,4.9914638348596866e-05,4.5996275224263234,4.599677437064672,0.9667241642563431,0.017763254112596584,1.0,1.0,0.9999891482307114,0.3242437480110167
2021-06-12,0.0,0.0,1.5777558596112482e-05,0.0,1.5777558596112482e-05,1.3398528404460233,0.0068550268347836955,0.0,0.0,0.0,0.299670123440204
2021-06-13,0.0,0.0,1.2457514668337563e-05,0.0,1.2457514668337563e-05,1.6797439109919654,0.0014521831317507547,0.0,0.0,0.0,0.25578701336145127
2021-06-14,0.0,0.0,8.186292316329368e-06,0.0,8.186292316329368e-06,1.7915247808801822,0.0012592374909665184,0.0,0.0,0.0,0.1917147843752114
2021-06-15,0.0,0.0,2.3906051695303977e-06,0.0,2.3906051695303977e-06,1.9959124697244466,0.000913962678702317,0.0,0.0,0.0,0.1413660553603706
2021-06-16,0.0,0.0,4.1471497125769444e-07,0.0,4.1471497125769444e-07,1.733341972727713,0.0005180594671251687,0.0,0.0,0.0,0.15750685913987728
2021-06-17,0.0,0.0,0.0,0.0,0.0,1.8694745285773757,0.00031623570899079527,0.0,0.0,0.0,0.14929879618902597
2021-06-18,0.0,0.0,0.0,0.0,0.0,2.1936637299175397,0.00025495481989319056,0.0,0.0,0.0,0.12268775260105635
2021-06-19,0.0,0.0,0.0,0.0,0.0,2.1472589343073634,0.00020922209432125373,0.0,0.0,0.0,0.08212302471023807
2021-06-20,0.0,0.0,0.0,0.0,0.0,2.0224710181238477,0.00013433771168418825,0.0,0.0,0.0,0.10956685427331114
2021-06-21,0.0,0.0,0.0,0.0,0.0,2.1338351864596605,5.211626197296702e-05,0.0,0.0,0.0,0.15265944255332606
2021-06-22,0.0,0.0,0.0,0.0,0.0,2.107938490014779,5.086583930194882e-05,0.0,0.0,0.0,0.06380682337109386
2021-06-23,0.0,0.0,0.0,0.0,0.0,2.2244270475886996,7.143942102525203e-05,0.0,0.0,0.0,0.07481302153585913
2021-06-24,0.0,0.0,0.0,0.0,0.0,2.447977379702843,2.9144687386440497e-05,0.0,0.0,0.0,0.13813273586386535
2021-06-25,0.0,0.0,0.0,0.0,0.0,2.4762091424721735,5.31497108496596e-06,0.0,0.0,0.0,0.0
2021-06-26,0.0,0.0,0.0,0.0,0.0,2.8901817322035694,0.0,0.0,0.0,0.0,0.0
2021-06-27,0.0,0.0,0.0,0.0,0.0,2.7384037122662264,0.0,0.0,0.0,0.0,0.0
2021-06-28,0.0,0.0,0.0,0.0,0.0,2.535981807165825,0.0,0.0,0.0,0.0,0.0
2021-06-29,0.0,0.0,0.0,0.0,0.0,2.2761413629491085,0.0,0.0,0.0,0.0,0.0
2021-06-30,0.0,0.0,0.0,0.0,0.0,2.0787710067856358,0.0,0.0,0.0,0.0,0.0
2021-07-01,0.0,0.0,0.0,0.0,0.0,2.0251913923589986,0.0,0.0,0.0,0.0,0.0
2021-07-02,0.0,0.0,0.0,0.0,0.0,1.9766336945136698,0.0,0.0,0.0,0.0,0.0
2021-07-03,0.0,0.0,0.0,0.0,0.0,2.291420072071585,0.0,0.0,0.0,0.0,0.0
2021-07-04,0.0,0.0,0.0,0.0,0.0,1.6087759409754085,0.0,0.0,0.0,0.0,0.0
2021-07-05,0.0,0.0,0.0,0.0,0.0,1.7707426618921949,0.0,0.0,0.0,0.0,0.0
2021-07-06,0.0,0.0,0.0,0.0,0.0,1.8403888089999452,0.0,0.0,0.0,0.0,0.0
2021-07-07,0.0,0.0,0.0,0.0,0.0,1.8689729667866235,0.0,0.0,0.0,0.0,0.0
2021-07-08,0.0,0.0,0.0,0.0,0.0,1.8520906703338984,0.0,0.0,0.0,0.0,0.0
2021-07-09,0.0,0.0,0.0,0.0,0.0,1.9110529480835279,0.0,0.0,0.0,0.0,0.0
2021-07-10,0.0,0.0,0.0,0.0,0.0,1.750780641300933,0.0,0.0,0.0,0.0,0.0
2021-07-11,0.0,0.0,0.0,0.0,0.0,1.8174266130904906,0.0,0.0,0.0,0.0,0.0
2021-07-12,0.0,0.0,0.0,0.0,0.0,1.5730693000657088,0.0,0.0,0.0,0.0,0.0
2021-07-13,0.0,0.0,0.0,0.0,0.0,1.1254976462394646,0.0,0.0,0.0,0.0,0.0
2021-07-14,0.0,0.0,0.0,0.0,0.0,1.4778646777349262,0.0,0.0,0.0,0.0,0.0
2021-07-15,0.0,0.0,0.0,0.0,0.0,1.5547846363729334,0.0,0.0,0.0,0.0,0.0
2021-07-16,0.0,0.0,0.0,0.0,0.0,1.6745381528840988,0.0,0.0,0.0,0.0,0.0
2021-07-17,0.0,0.0,0.0,0.0,0.0,1.3190795232884984,0.0,0.0,0.0,0.0,0.0
2021-07-18,0.0,0.0,0.0,0.0,0.0,1.0320720951501847,0.0,0.0,0.0,0.0,0.0
2021-07-19,0.0,0.0,0.0,0.0,0.0,1.2942453903286903,0.0,0.0,0.0,0.0,0.0
2021-07-20,0.0,0.0,0.0,0.0,0.0,1.293816506301385,0.0,0.0,0.0,0.0,0.0
2021-07-21,0.0,0.0,0.0,0.0,0.0,1.4616865269015151,0.0,0.0,0.0,0.0,0.0
2021-07-22,0.0,0.0,0.0,0.0,0.0,1.3416983086982361,0.0,0.0,0.0,0.0,0.0
2021-07-23,0.0,0.0,0.0,0.0,0.0,1.5400208150912797,0.0,0.0,0.0,0.0,0.0
2021-07-24,0.0,0.0,0.0,0.0,0.0,1.185954745773803,0.0,0.0,0.0,0.0,0.0
2021-07-25,0.0,0.0,0.0,0.0,0.0,1.5938410813573707,0.0,0.0,0.0,0.0,0.0
2021-07-26,0.0,0.0,0.0,0.0,0.0,1.5764759362944347,0.0,0.0,0.0,0.0,0.0
2021-07-27,0.0,0.0,0.0,0.0,0.0,1.3996686367906328,0.0,0.0,0.0,0.0,0.0
2021-07-28,0.9179910230848064,0.0,0.0,0.9179910230848064,0.9179910230848064,1.0038898776352363,0.0,0.908047400801024,0.908047400801024,0.9080474008010239,0.0
2021-07-29,0.0,0.0,0.0,0.0,0.0,1.0399532915700476,0.0,0.0,0.0,0.0,0.0
2021-07-30,0.0,0.0,0.0,0.0,0.0,1.5393702964949467,0.0,0.0,0.0,0.0,0.0
2021-07-31,0.0,0.0,0.0,0.0,0.0,1.5121846662644622,0.0,0.0,0.0,0.0,0.0
2021-08-01,0.0,0.0,0.0,0.0,0.0,1.4766528523994358,0.0,0.0,0.0,0.0,0.0
2021-08-02,0.0,0.0,0.0,0.0,0.0,1.2198729442979792,0.0,0.0,0.0,0.0,0.0
2021-08-03,0.0,0.0,0.0,0.0,0.0,0.6768248623975293,0.0,0.0,0.0,0.0,0.0
2021-08-04,0.0,0.0,0.0,0.0,0.0,0.877315329086939,0.0,0.0,0.0,0.0,0.0
2021-08-05,0.0,0.0,0.0,0.0,0.0,0.7151645490135065,0.0,0.0,0.0,0.0,0.0
2021-08-06,0.0,0.0,0.0,0.0,0.0,0.8988605121740493,0.0,0.0,0.0,0.0,0.0
2021-08-07,0.0,0.0,0.0,0.0,0.0,0.9588439319434741,0.0,0.0,0.0,0.0,0.0
2021-08-08,0.0,0.0,0.0,0.0,0.0,1.3267729458095332,0.0,0.0,0.0,0.0,0.0
2021-08-09,0.0,0.0,0.0,0.0,0.0,1.2331543652860275,0.0,0.0,0.0,0.0,0.0
2021-08-10,0.0,0.0,0.0,0.0,0.0,1.3488178226053864,0.0,0.0,0.0,0.0,0.0
2021-08-11,0.0,0.0,0.0,0.0,0.0,1.0862022426259637,0.0,0.0,0.0,0.0,0.0
2021-08-12,0.0,0.0,0.0,0.0,0.0,1.2251464777515684,0.0,0.0,0.0,0.0,0.0
2021-08-13,0.0,0.0,0.0,0.0,0.0,1.306089464513605,0.0,0.0,0.0,0.0,0.0
2021-08-14,0.0,0.0,0.0,0.0,0.0,0.6361914208677623,0.0,0.0,0.0,0.0,0.0
2021-08-15,0.0,0.0,0.0,0.0,0.0,0.45815580758847263,0.0,0.0,0.0,0.0,0.0
2021-08-16,0.0,0.0,0.0,0.0,0.0,0.5421674522877437,0.0,0.0,0.0,0.0,0.0
2021-08-17,0.0,0.0,0.0,0.0,0.0,0.5578294408352358,0.0,0.0,0.0,0.0,0.0
2021-08-18,0.0,0.0,0.0,0.0,0.0,0.38693477640370805,0.0,0.0,0.0,0.0,0.0
2021-08-19,0.0,0.0,0.0,0.0,0.0,0.5748031626277782,0.0,0.0,0.0,0.0,0.0
2021-08-20,0.0,0.0,0.0,0.0,0.0,0.5845880898585074,0.0,0.0,0.0,0.0,0.0
2021-08-21,0.0,0.0,0.0,0.0,0.0,0.5863806342081297,0.0,0.0,0.0,0.0,0.0
2021-08-22,0.0,0.0,0.0,0.0,0.0,0.6504273989895403,0.0,0.0,0.0,0.0,0.0
2021-08-23,0.0,0.0,0.0,0.0,0.0,0.4485231341667585,0.0,0.0,0.0,0.0,0.0
2021-08-24,0.0,0.0,0.0,0.0,0.0,0.4675049747204834,0.0,0.0,0.0,0.0,0.0
2021-08-25,0.0,0.0,0.0,0.0,0.0,0.6449853363054678,0.0,0.0,0.0,0.0,0.0
2021-08-26,0.0,0.0,0.0,0.0,0.0,0.6426710038491276,0.0,0.0,0.0,0.0,0.0
2021-08-27,0.0,0.0,0.0,0.0,0.0,0.6741793349533057,0.0,0.0,0.0,0.0,0.0
2021-08-28,0.0,0.0,0.0,0.0,0.0,0.3938736337299687,0.0,0.0,0.0,0.0,0.0
2021-08-29,0.0,0.0,0.0,0.0,0.0,0.4968902394177645,0.0,0.0,0.0,0.0,0.0
2021-08-30,0.0,0.0,0.0,0.0,0.0,0.4786015152362654,0.0,0.0,0.0,0.0,0.0
2021-08-31,0.0,0.0,0.0,0.0,0.0,0.5193682023577386,0.0,0.0,0.0,0.0,0.0
2021-09-01,0.0,0.0,0.0,0.0,0.0,0.540170829624155,0.0,0.0,0.0,0.0,0.0
2021-09-02,0.0,0.0,0.0,0.0,0.0,0.4423182198737452,0.0,0.0,0.0,0.0,0.0
2021-09-03,0.0,0.0,0.0,0.0,0.0,0.6277776122291708,0.0,0.0,0.0,0.0,0.0
2021-09-04,0.0,0.0,0.0,0.0,0.0,0.5669826438603437,0.0,0.0,0.0,0.0,0.0
2021-09-05,0.0,0.0,0.0,0.0,0.0,0.4474236745681309,0.0,0.0,0.0,0.0,0.0
2021-09-06,0.0,0.0,0.0,0.0,0.0,0.5115050231934829,0.0,0.0,0.0,0.0,0.0
2021-09-07,7.550872737759029,0.0,0.0,7.550872737759029,7.550872737759029,0.19938139117261502,2.922339394638829e-06,1.0,1.0,1.0,0.0
2021-09-08,0.0,0.0,0.0,0.0,0.0,0.38522121002988907,0.0004502289393878377,0.0,0.0,0.0,0.0
2021-09-09,0.0,0.0,0.0,0.0,0.0,0.31193417199246337,2.452385518076802e-05,0.0,0.0,0.0,0.0
2021-09-10,0.0,0.0,0.0,0.0,0.0,0.3848568986764484,5.2987108268761275e-06,0.0,0.0,0.0,0.0
2021-09-11,0.0,0.0,0.0,0.0,0.0,0.3531518063045524,0.0,0.0,0.0,0.0,0.0
2021-09-12,0.0,0.0,0.0,0.0,0.0,0.34267591126565006,0.0,0.0,0.0,0.0,0.0
2021-09-13,0.0,0.0,0.0,0.0,0.0,0.2889842934211167,0.0,0.0,0.0,0.0,0.0
2021-09-14,3.114108844971043,0.0,0.0,3.114108844971043,3.114108844971043,0.03405055349412551,1.0646835833279095e-06,1.0,1.0,1.0,0.0
2021-09-15,8.22799259093689,0.0,0.0,8.22799259093689,8.22799259093689,0.06970333067744335,0.0022244273552362694,1.0,1.0,1.0,0.0
2021-09-16,0.0,0.0,0.0,0.0,0.0,0.10889231920249783,0.0022862657286704872,0.0,0.0,0.0,0.0
2021-09-17,0.0,0.0,0.0,0.0,0.0,0.19542558493536516,6.550660411423682e-05,0.0,0.0,0.0,0.0
2021-09-18,0.0,0.0,0.0,0.0,0.0,0.25913600550329186,5.4557255582658844e-05,0.0,0.0,0.0,0.0
2021-09-19,0.0,0.0,0.0,0.0,0.0,0.2885529275217312,3.0510297726015795e-05,0.0,0.0,0.0,0.0
2021-09-20,0.0,0.0,0.0,0.0,0.0,0.27239711781932624,1.3529962040124127e-05,0.0,0.0,0.0,0.0
2021-09-21,0.0,0.0,0.0,0.0,0.0,0.3132797595433402,1.6625755166568138e-05,0.0,0.0,0.0,0.0
2021-09-22,0.0,0.0,0.0,0.0,0.0,0.21177288196746233,2.1562238143556854e-05,0.0,0.0,0.0,0.0
2021-09-23,0.0,0.0,0.0,0.0,0.0,0.20585021399397455,1.043210350950239e-05,0.0,0.0,0.0,0.0
2021-09-24,6.7538423630435584,0.0,0.0,6.7538423630435584,6.7538423630435584,0.15835498204581624,0.00015351679353055192,1.0,1.0,1.0,0.0
2021-09-25,0.18883265939017524,0.0,0.0,0.18883265939017524,0.18883265939017524,0.10567436750447977,0.0006584135029588042,0.07324827614682687,0.07324827614682687,0.07324827614682687,0.0
2021-09-26,0.0,0.0,0.0,0.0,0.0,0.06244666082788995,2.7407792933783666e-05,0.0,0.0,0.0,0.0
2021-09-27,0.0,0.0,0.0,0.0,0.0,0.0560285388195437,6.070073092789246e-05,0.0,0.0,0.0,0.0
2021-09-28,0.0,0.0,0.0,0.0,0.0,0.15489742655655436,3.717008990396886e-05,0.0,0.0,0.0,0.0
2021-09-29,0.0,0.0,0.0,0.0,0.0,0.0854907428269425,1.0380767521003925e-05,0.0,0.0,0.0,0.0
2021-09-30,0.0,0.0,0.0,0.0,0.0,0.06288169330099831,3.8725937122629347e-05,0.0,0.0,0.0,0.0
2021-10-01,0.0,0.0,0.0,0.0,0.0,0.061880163259951555,3.739337663159172e-05,0.0,0.0,0.0,0.0
2021-10-02,0.0,0.0,0.0,0.0,0.0,0.1485208347665108,1.6559932891311393e-05,0.0,0.0,0.0,0.0
2021-10-03,0.0,0.0,0.0,0.0,0.0,0.10165571868182342,2.2898452867042052e-06,0.0,0.0,0.0,0.0
2021-10-04,0.0,0.0,0.0,0.0,0.0,0.0597605778843425,0.0,0.0,0.0,0.0,0.0
2021-10-05,0.0,0.0,0.0,0.0,0.0,0.03480264606836356,8.149868039859989e-06,0.0,0.0,0.0,0.0
2021-10-06,0.00011393631641049598,0.0,0.0,0.00011393631641049598,0.00011393631641049598,0.017205317971084114,2.4884474223552945e-05,0.0004954787563483216,0.0004954787563483216,0.0004954787563483216,0.0
2021-10-07,0.0,0.0,0.0,0.0,0.0,0.011669211027926212,2.8210142069961907e-05,0.0,0.0,0.0,0.0
2021-10-08,0.0,0.0,0.0,0.0,0.0,0.02011755810720348,1.8212246662971374e-05,0.0,0.0,0.0,0.0
2021-10-09,0.0,0.0,0.0,0.0,0.0,0.022651975523294628,5.68994435083228e-06,0.0,0.0,0.0,0.0
2021-10-10,0.0,0.0,0.0,0.0,0.0,0.0004858820243238448,2.432973609700505e-05,0.0,0.0,0.0,0.0
2021-10-11,0.1009930500517852,0.0,0.0,0.1009930500517852,0.1009930500517852,0.00011043098252708242,4.154165198956841e-05,0.09195259919897601,0.09195259919897601,0.09195259919897601,0.0
2021-10-12,0.0,0.0,0.0,0.0,0.0,3.737693173431795e-06,4.194716499476502e-05,0.0,0.0,0.0,0.0
2021-10-13,0.0,0.0,0.0,0.0,0.0,0.0011853133116346678,4.25141834506825e-05,0.0,0.0,0.0,0.0
2021-10-14,0.0,0.0,0.0,0.0,0.0,0.018768023824520533,2.9181950576754037e-05,0.0,0.0,0.0,0.0
2021-10-15,0.0,0.0,0.0,0.0,0.0,0.006422478544359415,2.2667014876039214e-05,0.0,0.0,0.0,0.0
2021-10-16,3.703834827351296,0.0,0.0,3.703834827351296,3.703834827351296,0.002506228311884374,0.00016351989234573763,0.908047400801024,0.908047400801024,0.908047400801024,0.0
2021-10-17,0.0,0.0,0.0,0.0,0.0,0.004947367172664521,0.0006789965252868533,0.0,0.0,0.0,0.0
2021-10-18,7.693630986012725,0.0,0.0,7.693630986012725,7.693630986012725,2.725213343979843e-05,0.0019920117486951594,1.0,1.0,1.0,0.1552353319225592
2021-10-19,5.306939289809341,0.0,0.0,5.306939289809341,5.306939289809341,0.05053554597430257,0.005961930237013681,1.0,1.0,1.0,0.16666666666666666
2021-10-20,3.9955982839055926,0.0,0.0,3.9955982839055926,3.9955982839055926,0.054762918632302225,0.004798347072615021,1.0,1.0,1.0,0.16666666666666666
2021-10-21,8.776878450099154,0.0,0.0,8.776878450099154,8.776878450099154,0.008244324475100241,0.008805853378826688,1.0,1.0,1.0,0.15899782263246318
2021-10-22,0.2353111718399614,0.0,0.0,0.2353111718399614,0.2353111718399614,0.018908560975733745,0.008207858381331494,0.09195259919897601,0.09195259919897601,0.09195259919897601,0.16575291454143545
2021-10-23,8.238125471391402,0.0,0.0,8.238125471391402,8.238125471391402,0.00030434254003699086,0.007250146344940873,0.9318303811057435,0.9318303811057435,0.9318303811057435,0.16666004728555753
2021-10-24,2.9066196674175764,0.0,0.0,2.9066196674175764,2.9066196674175764,0.025339303263617927,0.01376055161332396,0.8174986580783682,0.8174986580783682,0.8174986580783683,0.0
2021-10-25,13.581189237940128,0.0,0.0,13.581189237940128,13.581189237940128,0.0,0.023260377648405724,1.0,1.0,1.0,0.15318545744043174
2021-10-26,0.0,0.0,0.0,0.0,0.0,0.22989555574095472,0.025087652026557553,0.0,0.0,0.0,0.0
2021-10-27,0.0,0.0,0.0,0.0,0.0,0.10854570858324455,0.00036874752805295303,0.0,0.0,0.0,0.0
2021-10-28,0.0,0.0,0.0,0.0,0.0,0.005185274340901477,0.0002519643906897442,0.0,0.0,0.0,0.0
2021-10-29,2.808400921641888,0.6994017572477595,0.0,3.5078026788896475,2.808400921641888,0.011686006961530836,0.0006132372735601184,0.9590817127049011,0.8656348897529206,0.9590817127049011,0.0
2021-10-30,5.668906108245816,0.0,0.0,5.668906108245816,5.668906108245816,0.00011968258364249117,0.005359520451251754,1.0,1.0,1.0,0.1622108982936918
2021-10-31,4.935756797633315,0.0,0.20112721852980278,4.935756797633315,5.136884016163118,0.0,0.01660147400536417,1.0,1.0,0.9608464551862648,0.16615990757801274
2021-11-01,12.359115448265191,0.0,0.032376259059784224,12.359115448265191,12.391491707324976,0.05896032244901405,0.039850018125986035,1.0,1.0,0.9973872185993035,0.16342087119144635
2021-11-02,0.0,0.0,0.0,0.0,0.0,0.21731656123252466,0.04071097042482306,0.0,0.0,0.0,0.16666666666666666
2021-11-03,4.805789352984007,3.628430724365253,0.0,8.43422007734926,4.805789352984007,0.07086147121590289,0.0046437238788315,0.6416862793674388,0.5377381653411906,0.6416862793674388,0.0
2021-11-04,0.0013021954308693932,0.44633229720949785,0.0,0.44763449264036725,0.0013021954308693932,0.04570190911702016,0.005299952151516713,0.005574136008918618,0.0006167509229020221,0.005574136008918618,0.0
2021-11-05,3.559441539529867,2.23898950345711,0.0,5.7984310429869765,3.559441539529867,6.9814029714423465e-06,0.0034214385433880322,0.775506833477848,0.6519338232155888,0.775506833477848,0.1403916475822564
2021-11-06,8.981653349697664,0.3762114033026683,0.0,9.357864753000333,8.981653349697664,0.0,0.022130319734112763,0.9990090424873034,0.9740996268338291,0.9990090424873034,0.16642108940605124
2021-11-07,6.231721755411708,0.8772725442647472,0.0,7.108994299676455,6.231721755411708,0.06346976557571929,0.03918995586024239,0.932697468929353,0.861885081961145,0.932697468929353,0.16331689066346636
2021-11-08,34.91987937437819,0.0,0.5649633880060762,34.91987937437819,35.48484276238427,0.0,0.14341198816673972,1.0,1.0,0.9840787405544046,0.16240632646836087
2021-11-09,15.779591334268233,0.0,1.0323708108658751,15.779591334268233,16.811962145134107,0.0,13.44936401666198,1.0,1.0,0.9385930802155253,0.6752557975583507
2021-11-10,9.476169502705732,0.0,0.40924894256364863,9.476169502705732,9.88541844526938,0.16376038926916234,9.723644534497893,1.0,1.0,0.9586007466624246,0.7986946095914039
2021-11-11,1.0020660240515904,0.0,2.308224569707731,1.0020660240515904,3.310290593759321,0.0,5.393022413890278,0.1461249432263925,0.1461249432263925,0.04423383286944193,0.6254993380632218
2021-11-12,3.95401619144149,0.0,0.1555502371813525,3.95401619144149,4.109566428622842,0.4756037778546778,2.437965134449456,0.9259672158222882,0.9259672158222882,0.8909186474282786,0.6194798338865658
2021-11-13,0.0,0.0,0.0,0.0,0.0,0.7253696431745948,1.5564818281481894,0.0,0.0,0.0,0.6163559440284301
2021-11-14,0.0,0.0,0.0,0.0,0.0,0.13551047602479024,0.8072453819865513,0.0,0.0,0.0,0.6061871696364326
2021-11-15,0.8820237113434336,7.884280324909059,0.0,8.766304036252492,0.8820237113434336,0.0,0.33318887261378116,0.19298897559767125,0.1404616589884067,0.19298897559767125,0.5957452160702886
2021-11-16,5.272392575479329,0.4224780653034464,0.0,5.694870640782775,5.272392575479329,0.0,0.211003162444839,0.9844749989677526,0.9419130322395975,0.9844749989677526,0.7507400099172704
2021-11-17,0.0,0.0,0.0,0.0,0.0,0.00960538954029421,0.18831745407514203,0.0,0.0,0.0,0.6732619925950484
2021-11-18,0.0,0.0,0.0,0.0,0.0,0.006269094222090192,0.44294340480297417,0.0,0.0,0.0,0.6631094695778698
2021-11-19,3.2128870584207245,0.0,0.0,3.2128870584207245,3.2128870584207245,0.011419667197845231,0.3595141047871974,1.0,1.0,1.0,0.6804783711541443
2021-11-20,0.0,0.0,0.0,0.0,0.0,2.2130551260136077e-07,0.23825256210320273,0.0,0.0,0.0,0.6302771511354509
2021-11-21,0.0,0.0,0.0,0.0,0.0,0.02108646552928394,0.29000941821302983,0.0,0.0,0.0,0.6854131518461594
2021-11-22,3.8216572184882383,0.0,0.6835549370350508,3.8216572184882383,4.505212155523289,0.0,0.2898346612079889,1.0,1.0,0.8482746398086874,0.6790439273322488
2021-11-23,0.0,0.0,1.4773850278862184,0.0,1.4773850278862184,0.0,0.2607085091391565,0.0,0.0,0.0,0.5863022877986142
2021-11-24,11.334096962096845,0.0,1.928643359756348,11.334096962096845,13.262740321853194,0.008419515930574842,0.667323916896365,1.0,1.0,0.854581835054216,0.5660891185216553
2021-11-25,0.0,0.0,2.466049255764808,0.0,2.466049255764808,0.0,3.804239238750046,0.0,0.0,0.0,0.4621890465544063
2021-11-26,0.0,0.0,1.4766515001741884,0.0,1.4766515001741884,0.06415670613576026,3.2315604287614073,0.0,0.0,0.0,0.4720973143277854
2021-11-27,0.0,0.0,1.3485960377048407,0.0,1.3485960377048407,0.00839317406883158,1.3356626066037758,0.0,0.0,0.0,0.502651663332094
2021-11-28,0.0,0.0,1.3021915402279736,0.0,1.3021915402279736,0.0,0.956368241394401,0.0,0.0,0.0,0.5301293901271629
2021-11-29,0.0,0.0,0.037452659362183977,0.0,0.037452659362183977,0.6532900396200316,0.8773040149370667,0.0,0.0,0.0,0.6133421051061573
2021-11-30,0.0,0.0,0.0,0.0,0.0,0.3100065325888049,0.681825197674019,0.0,0.0,0.0,0.616615576056294
2021-12-01,0.26258046170265287,0.2662755470232786,0.0,0.5288560087259315,0.26258046170265287,0.009794911339032458,0.3504872260308532,0.06499029687435484,0.04433846840928093,0.06499029687435484,0.5472511396639979
2021-12-02,0.0,0.0,0.0,0.0,0.0,0.20181776295686182,0.21337265012018683,0.0,0.0,0.0,0.6166094373954207
2021-12-03,0.00018507993759841497,0.011915298424440699,0.0,0.012100378362039114,0.00018507993759841497,1.3459350000583237e-05,0.1883854035533059,0.005574136008918618,0.0005318063624493238,0.005574136008918618,0.5391450193214142
2021-12-04,0.0,0.0,0.0,0.0,0.0,0.0016885424801851175,0.2458444000762262,0.0,0.0,0.0,0.5350748995197052
2021-12-05,0.0,0.0,0.0,0.0,0.0,0.020126912581232018,0.20228134397388103,0.0,0.0,0.0,0.5291252864220154
2021-12-06,0.0,0.16129822646865788,0.0,0.16129822646865788,0.0,0.14219024390256638,0.17567117142346808,0.0,0.0,0.0,0.6004568805651613
2021-12-07,0.0,0.47748744805560217,0.0,0.47748744805560217,0.0,0.0,0.15889628628948185,0.0,0.0,0.0,0.5208137905139517
2021-12-08,0.012493408391072668,1.953313062745771,6.693418024708335e-09,1.9658064711368437,0.012493415084490693,0.0,0.14178626864742025,0.005574136008918618,0.000965945906715974,0.005574133022543622,0.5134358164480739
2021-12-09,0.23135726826375552,7.052389852851413,0.0,7.2837471211151685,0.23135726826375552,0.009138421222678446,0.14696569974849502,0.0903010033444816,0.0586296435579652,0.09030100334448159,0.5924403595193705
2021-12-10,0.0,7.544019574289899,0.0,7.544019574289899,0.0,0.0003467965406066224,0.15880204001825585,0.0,0.0,0.0,0.5290184075682894
2021-12-11,0.0,0.0,0.0,0.0,0.0,0.0,0.14608262370346436,0.0,0.0,0.0,0.4975779171129981
2021-12-12,0.0,3.7726988640975687,0.0,3.7726988640975687,0.0,0.0,0.1406438643093959,0.0,0.0,0.0,0.49274532809042465
2021-12-13,0.0,0.5337574067183626,0.0,0.5337574067183626,0.0,0.0,0.13651233438115173,0.0,0.0,0.0,0.4877985480100347
2021-12-14,0.0,4.79673763857249,0.0,4.79673763857249,0.0,0.0,0.1324255105050056,0.0,0.0,0.0,0.4831241252624268
2021-12-15,0.0,2.4004243210699028,0.0,2.4004243210699028,0.0,0.0,0.12849467609223209,0.0,0.0,0.0,0.4783716105443881
2021-12-16,0.0,3.087580232209289,0.0,3.087580232209289,0.0,0.0,0.1247070699656125,0.0,0.0,0.0,0.4732443347871446
2021-12-17,0.0,8.298669114543099,0.0,8.298669114543099,0.0,0.0,0.1211811456978154,0.0,0.0,0.0,0.4680794141826888
2021-12-18,0.6083427043120768,3.7314704709614106,0.0,4.339813175273488,0.6083427043120768,0.0,0.12359884261677187,0.18270779140344356,0.13233120664362688,0.18270779140344356,0.46445273086729566
2021-12-19,5.635335669562945e-06,0.9304526361395521,0.0,0.9304582714752216,5.635335669562945e-06,0.0,0.12351650020632245,0.000330319170898881,3.9627963834238905e-06,0.000330319170898881,0.45952330437658867
2021-12-20,0.0,1.1127325453483352,0.0,1.1127325453483352,0.0,0.0,0.11525852916882828,0.0,0.0,0.0,0.45499213691989143
2021-12-21,0.0,0.6437961395462977,0.0,0.6437961395462977,0.0,0.0,0.171843977625229,0.0,0.0,0.0,0.44914011395686665
2021-12-22,0.0,0.6319961082452431,0.0,0.6319961082452431,0.0,0.0,0.15205881518795872,0.0,0.0,0.0,0.44600774140445165
2021-12-23,0.0,4.613236472913756,0.0,4.613236472913756,0.0,0.0,0.12022686385743,0.0,0.0,0.0,0.44403469878443524
2021-12-24,0.0,3.229487175221226,0.0,3.229487175221226,0.0,0.0,0.11025493413289485,0.0,0.0,0.0,0.4422593405632084
2021-12-25,0.0,3.4825311650256032,0.0,3.4825311650256032,0.0,0.0,0.10642900060872881,0.0,0.0,0.0,0.4407179160794348
2021-12-26,0.0,0.0,0.0,0.0,0.0,0.0,0.10344490158866164,0.0,0.0,0.0,0.4394306636794673
2021-12-27,0.0,9.908635611884645,0.0,9.908635611884645,0.0,0.0,0.10080525326177114,0.0,0.0,0.0,0.43831155207772915
2021-12-28,0.0,0.0,0.0,0.0,0.0,0.0,0.098361738652595,0.0,0.0,0.0,0.4373218677579569
2021-12-29,0.0,0.0,0.0,0.0,0.0,0.0,0.09610828656069637,0.0,0.0,0.0,0.436508166426415
2021-12-30,0.0,17.57771782208191,0.0,17.57771782208191,0.0,0.0,0.09396882047393125,0.0,0.0,0.0,0.43593573660224355
2021-12-31,0.0,19.179295185998296,0.0,19.179295185998296,0.0,0.0,0.09193034390214842,0.0,0.0,0.0,0.4356370060466522
2022-01-01,0.0,9.606718433019003,0.0,9.606718433019003,0.0,0.0,0.09003767609720852,0.0,0.0,0.0,0.43561162616510724
2022-01-02,0.0,23.830457459479312,0.0,23.830457459479312,0.0,0.0,0.08823420961468165,0.0,0.0,0.0,0.4358268918913853
2022-01-03,0.0,33.98327246561141,0.0,33.98327246561141,0.0,0.0,0.08656502676990215,0.0,0.0,0.0,0.4361482691367797
2022-01-04,0.0,5.348343840393647,0.0,5.348343840393647,0.0,0.0,0.08500530609504793,0.0,0.0,0.0,0.34705869167707554
2022-01-05,0.0,5.763057803735029e-05,0.0,5.763057803735029e-05,0.0,0.0,0.0835016732799339,0.0,0.0,0.0,0.34806872021979757
2022-01-06,0.0,0.06245749548522487,0.0,0.06245749548522487,0.0,0.0,0.08203238729247465,0.0,0.0,0.0,0.3492585068457034
2022-01-07,0.0,0.00012409181164024175,0.0,0.00012409181164024175,0.0,0.0,0.0806326203242229,0.0,0.0,0.0,0.35060801849941203
2022-01-08,4.749673203199492,0.14455832842861338,0.0,4.8942315316281055,4.749673203199492,0.0,0.11364246518610763,0.3289153144225608,0.3243149012532563,0.3289153144225608,0.35300080238299275
2022-01-09,0.8889403438529476,0.0,0.0,0.8889403438529476,0.8889403438529476,0.0,0.15338068024092688,0.21392295305338785,0.21392295305338785,0.21392295305338785,0.3543573083182913
2022-01-10,2.099319437987713,0.0,0.0,2.099319437987713,2.099319437987713,0.0,0.8312177347780483,0.642635946983773,0.642635946983773,0.642635946983773,0.35102500637238016
2022-01-11,0.0,0.0,0.0,0.0,0.0,0.0,0.688609545273579,0.0,0.0,0.0,0.4116445891594338
2022-01-12,0.0,0.0,0.0,0.0,0.0,0.0,0.568008382967516,0.0,0.0,0.0,0.4306943589400081
2022-01-13,0.0,0.0,0.23510193649168798,0.0,0.23510193649168798,0.0,0.3401860293831207,0.0,0.0,0.0,0.4283123345517071
2022-01-14,0.0,0.0,0.0,0.0,0.0,0.0,0.2008598395813067,0.0,0.0,0.0,0.43055880210958747
2022-01-15,0.0,0.010811395438956492,0.0,0.010811395438956492,0.0,0.0,0.15061954607018196,0.0,0.0,0.0,0.42060689650170247
2022-01-16,0.0,0.0,0.0,0.0,0.0,0.0,0.14555673483096881,0.0,0.0,0.0,0.41716812161863825
2022-01-17,6.092839678498729,0.0,0.0,6.092839678498729,6.092839678498729,0.0,0.16197963280986094,1.0,1.0,1.0,0.5719401374156609
2022-01-18,0.0,0.0,0.0,0.0,0.0,1.1787458948610959e-06,0.24279931554574888,0.0,0.0,0.0,0.5051262571985534
2022-01-19,0.0,0.0,0.6371802139390441,0.0,0.6371802139390441,0.00011904499192194918,0.6982182488825917,0.0,0.0,0.0,0.43716445791144737
2022-01-20,0.0,0.0,0.17479197275689048,0.0,0.17479197275689048,3.2297335207900736e-06,0.44853376000798045,0.0,0.0,0.0,0.4754740294110013
2022-01-21,0.0,0.0,0.0,0.0,0.0,9.478189615859713e-07,0.24647854225865168,0.0,0.0,0.0,0.4856043469029545
2022-01-22,0.0,0.0,0.0,0.0,0.0,2.077850591140251e-06,0.26491320176803645,0.0,0.0,0.0,0.4998600661946795
2022-01-23,0.0,0.0,0.0,0.0,0.0,4.0454153513218077e-07,0.21330952033442951,0.0,0.0,0.0,0.507672874480325
2022-01-24,0.0,0.0,0.0,0.0,0.0,0.0,0.1688690731665435,0.0,0.0,0.0,0.5115829691166824
2022-01-25,0.0,0.0,0.0,0.0,0.0,2.0359416431234118e-07,0.15568762588399085,0.0,0.0,0.0,0.5144016170025884
2022-01-26,0.0,0.0,0.0,0.0,0.0,0.0,0.14901467567446575,0.0,0.0,0.0,0.5168128940989849
2022-01-27,0.0,0.00015110662588149968,0.0,0.00015110662588149968,0.0,0.00041190527505435154,0.14381053707025485,0.0,0.0,0.0,0.5188257200369298
2022-01-28,0.0,0.0,0.0,0.0,0.0,3.4926415573310735e-06,0.13919705084120237,0.0,0.0,0.0,0.5204505303078453
2022-01-29,0.0,0.0,0.0,0.0,0.0,0.0006503346370932711,0.13517683526645818,0.0,0.0,0.0,0.5217046965935831
2022-01-30,0.0,3.859250103731266e-08,0.0,3.859250103731266e-08,0.0,0.001514735350766663,0.1310671353905527,0.0,0.0,0.0,0.5225798578746371
2022-01-31,0.0,0.0,0.0,0.0,0.0,7.690457933819698e-05,0.12723254820088822,0.0,0.0,0.0,0.5231381377543693
2022-02-01,0.0,0.0,0.0,0.0,0.0,0.0009993603487025474,0.12385711884903865,0.0,0.0,0.0,0.5234157500923292
2022-02-02,0.0,0.0,0.0,0.0,0.0,0.014334637764823535,0.12039810588499532,0.0,0.0,0.0,0.5234643303026646
2022-02-03,0.0,0.0,0.5838754327063835,0.0,0.5838754327063835,0.014335151797296242,0.11866996737301914,0.0,0.0,0.0,0.5240293242988849
2022-02-04,0.0,0.0,0.0,0.0,0.0,0.024397715215312928,0.11626568722114651,0.0,0.0,0.0,0.6041594491363644
2022-02-05,0.0,0.0,0.0,0.0,0.0,0.013394587983785303,0.10929954196394599,0.0,0.0,0.0,0.4357401428996826
2022-02-06,0.0,0.0,11.385357436407077,0.0,11.385357436407077,0.0004743786102663413,0.1559710571351859,0.0,0.0,0.0,0.35455281024915203
2022-02-07,0.0,0.0,13.472329595041053,0.0,13.472329595041053,0.0018900025977957537,0.7027302448432455,0.0,0.0,0.0,0.2695127619626689
2022-02-08,0.0,0.0,0.681886423474171,0.0,0.681886423474171,0.017160594428769785,4.5517780881205905,0.0,0.0,0.0,0.23865823635530162
2022-02-09,0.0,0.0,0.0,0.0,0.0,0.02832644898079827,2.479362182197374,0.0,0.0,0.0,0.2417744191663739
2022-02-10,0.0,0.0,2.2148082855129934,0.0,2.2148082855129934,0.028128378799654588,0.7164453318337702,0.0,0.0,0.0,0.24281098486241537
2022-02-11,7.617835439399466e-05,9.33194474169944e-05,0.0,0.00016949780181098906,7.617835439399466e-05,0.011982600212060376,0.4151886166789928,0.0004954787563483216,0.0004954787563483216,0.0004954787563483216,0.24257080325998434
2022-02-12,0.0,0.0,0.46143676827041746,0.0,0.46143676827041746,0.010056009898359603,0.5080656853974012,0.0,0.0,0.0,0.18278295294740612
2022-02-13,0.0,0.0,1.4978899111439772,0.0,1.4978899111439772,0.01461525956430728,0.5172437564914719,0.0,0.0,0.0,0.15066158089003762
2022-02-14,0.0,0.0,0.36031449925475323,0.0,0.36031449925475323,0.021655355819266694,0.5972477577789382,0.0,0.0,0.0,0.16456847819765447
2022-02-15,0.0,0.0,8.954345965805603,0.0,8.954345965805603,0.010853895727873002,0.6746616628552656,0.0,0.0,0.0,0.11265533466111603
2022-02-16,0.5648781240907488,0.0,0.38456258922265907,0.5648781240907488,0.9494407133134078,0.013259487405079465,2.569884765698116,0.3426648499112267,0.3426648499112267,0.2038714739061298,0.1636072623872971
2022-02-17,0.0,0.47934468652089623,0.0,0.47934468652089623,0.0,0.0027666487583890413,1.9428714460968268,0.0,0.0,0.0,0.2409933660854758
2022-02-18,0.0,0.001826731952452994,0.0,0.001826731952452994,0.0,0.016782064958141177,0.7277780381536969,0.0,0.0,0.0,0.22555996443253867
2022-02-19,0.0,0.0,0.0,0.0,0.0,0.0009118717981936101,0.49906705041219185,0.0,0.0,0.0,0.2208899831632665
2022-02-20,0.0,0.0,0.0,0.0,0.0,0.043413352601031845,0.3923230749741138,0.0,0.0,0.0,0.2219906682685031
2022-02-21,0.0,0.0,0.0,0.0,0.0,0.03137902873053814,0.35310419785999164,0.0,0.0,0.0,0.22702748254394234
2022-02-22,0.0,0.0,0.0,0.0,0.0,0.06682156799719711,0.32495297944095486,0.0,0.0,0.0,0.2348679785910638
2022-02-23,0.0,5.160955955248702,0.0,5.160955955248702,0.0,0.012319933275944245,0.30021977483956,0.0,0.0,0.0,0.24420369984299553
2022-02-24,14.749317299309823,0.0,0.0,14.749317299309823,14.749317299309823,1.8659625689829571e-06,0.42587217766909136,1.0,1.0,1.0,0.47392040482454606
2022-02-25,41.62115693291756,0.0,2.2317113378156916,41.62115693291756,43.85286827073325,0.0,12.120025583184425,1.0,1.0,0.9491091135923463,0.5616494194634335
2022-02-26,6.221957692572761,0.0,6.660512937146135,6.221957692572761,12.882470629718895,0.000106258917433411,33.00719487882263,0.757628308352946,0.757628308352946,0.36591826341080985,0.611297138213509
2022-02-27,6.75504995013241,0.0,3.4694422220417764,6.75504995013241,10.224492172174186,9.060445373993831e-05,15.114870760403742,0.5563400635864404,0.5563400635864404,0.3675590782898613,0.6293761018203363
2022-02-28,0.0,0.0,0.9809434916534677,0.0,0.9809434916534677,0.016043809413261202,9.298950630145558,0.0,0.0,0.0,0.4772650277775106
2022-03-01,0.0,0.0,0.00017541930799322165,0.0,0.00017541930799322165,0.12385486120099315,2.4330712893378923,0.0,0.0,0.0,0.4820907250923234
2022-03-02,0.0,0.0,0.1697543216836474,0.0,0.1697543216836474,0.12031131123009864,0.7228414192955103,0.0,0.0,0.0,0.45627688903051716
2022-03-03,0.0,0.0,0.09784572189659207,0.0,0.09784572189659207,0.13850449514387936,0.5651478314156178,0.0,0.0,0.0,0.4691109091019092
2022-03-04,0.0,0.0,2.4455952921752666,0.0,2.4455952921752666,0.11002758712127303,0.5428869076611968,0.0,0.0,0.0,0.3886064128633406
2022-03-05,3.6555577096656453,4.121286828914017,0.02821062141525208,7.776844538579662,3.6837683310808975,7.654736260853703e-06,0.9458921142960559,0.704199182460052,0.585943005602233,0.698806363272782,0.5635704591109753
2022-03-06,0.0,0.0,0.0,0.0,0.0,0.04605176826847956,1.6292030471469936,0.0,0.0,0.0,0.6625944206555898
2022-03-07,0.0,0.0,0.0,0.0,0.0,0.16620418979388923,1.2099262227183858,0.0,0.0,0.0,0.5071264771682596
2022-03-08,0.0,0.0,0.07638397446433344,0.0,0.07638397446433344,0.12268285841603611,0.5342191015121062,0.0,0.0,0.0,0.48410724927615284
2022-03-09,0.07610345403044505,0.0,6.044513918729894,0.07610345403044505,6.120617372760339,0.1457329152943981,0.4548113910016173,0.049341426153020354,0.049341426153020354,0.000613508855127059,0.3316322807996689
2022-03-10,0.6183914903932592,0.0,1.9567384597665554,0.6183914903932592,2.5751299501598144,0.07142853967700685,1.8941378002951763,0.21392295305338785,0.21392295305338785,0.051371440015989034,0.28632675102199606
2022-03-11,7.188253216641216,0.0,2.1338630049714187,7.188253216641216,9.322116221612635,3.435578365972045e-05,2.898248236582397,1.0,1.0,0.7710967172856935,0.502093590996306
2022-03-12,5.733587789668626,0.0,0.8879279977617558,5.733587789668626,6.621515787430381,0.03996724705854016,5.4892482380269145,0.39890168875676124,0.39890168875676124,0.345410012655355,0.37295867385414155
2022-03-13,0.0,0.0,0.15806813401468844,0.0,0.15806813401468844,0.16180012142804648,5.289895567837354,0.0,0.0,0.0,0.47493148290677983
2022-03-14,3.917373791717117e-05,0.0,0.0,3.917373791717117e-05,3.917373791717117e-05,0.08798369891606272,2.543743353140193,0.0007432181345224824,0.0007432181345224824,0.0007432181345224824,0.5436683452734478
2022-03-15,0.0,0.0,0.8390749446631531,0.0,0.8390749446631531,0.15225333779476807,0.8798725194254362,0.0,0.0,0.0,0.5503526628484976
2022-03-16,0.0,0.00013498651366047263,0.165440142965756,0.00013498651366047263,0.165440142965756,0.1496336109804555,0.6286882669070243,0.0,0.0,0.0,0.5691759696082099
2022-03-17,0.0,0.29101091123060063,0.0,0.29101091123060063,0.0,0.13061068344176274,0.532242493598739,0.0,0.0,0.0,0.5959456516645942
2022-03-18,0.5898621653419924,0.0,0.5909929653533951,0.5898621653419924,1.1808551306953876,0.1078995974287757,0.3879230817096013,0.1461249432263925,0.1461249432263925,0.07299250617748301,0.5574824956492329
2022-03-19,0.0,0.0,13.649951570591796,0.0,13.649951570591796,0.1299882519363004,0.5723617366423286,0.0,0.0,0.0,0.4317171522832353
2022-03-20,0.0,0.0,9.689167403292487,0.0,9.689167403292487,0.20185296647819323,7.108194646521362,0.0,0.0,0.0,0.21134071862453618
2022-03-21,0.0,0.0,1.1730318071893606,0.0,1.1730318071893606,0.3356565274265872,8.146705099089587,0.0,0.0,0.0,0.26676558751859836
2022-03-22,0.0,0.0,4.590592682241521,0.0,4.590592682241521,0.2584577361534289,3.12341192301533,0.0,0.0,0.0,0.21331827119026328
2022-03-23,0.0,0.0,9.123041313382037,0.0,9.123041313382037,0.1977712101685763,3.1268464143219243,0.0,0.0,0.0,0.16807298754885155
2022-03-24,0.0,0.0,13.450143781736134,0.0,13.450143781736134,0.15955344298389132,8.047114445725047,0.0,0.0,0.0,0.14389194498202018
2022-03-25,0.0,0.0,9.898379734281878,0.0,9.898379734281878,0.20078941352518465,11.692962161841978,0.0,0.0,0.0,0.17008466094182126
2022-03-26,0.0,0.0,7.231649956211328,0.0,7.231649956211328,0.49953983632470106,9.335876640882985,0.0,0.0,0.0,0.04442730998924512
2022-03-27,0.0,0.0,0.5129569265942311,0.0,0.5129569265942311,0.37792413785405804,6.333743122813035,0.0,0.0,0.0,0.051920919318806685
2022-03-28,0.0,0.0,0.013007167716992772,0.0,0.013007167716992772,0.3018533685217949,2.4369134814539675,0.0,0.0,0.0,0.06039243699743866
2022-03-29,0.0,0.0,0.5305139287811802,0.0,0.5305139287811802,0.3469357213426416,0.7574799246754435,0.0,0.0,0.0,0.06808467890593022
2022-03-30,0.0,0.0,0.059377809214187206,0.0,0.059377809214187206,0.23009170247369237,0.4313466130654439,0.0,0.0,0.0,0.07220075400357971
2022-03-31,0.05517035684831016,0.0,0.8681022870090663,0.05517035684831016,0.9232726438573765,0.1622824976411244,0.41407121020057785,0.014534043519550765,0.014534043519550765,0.0008684849191159961,0.07716837645483786
2022-04-01,9.888648052970769,15.038463275365801,3.1765385798207274e-06,24.927111328336572,9.88865122950935,0.22609042977479832,0.4187520447394239,0.5247532928692349,0.4128120537170262,0.5247531243023554,0.04694393054836718
2022-04-02,0.0008435134105574174,1.0856188274285024,1.2536416566017377e-07,1.0864623408390597,0.0008436387747230776,0.22128835006673356,5.82742030927175,0.011767620463272637,0.00035223753750047006,0.01176587180263092,0.31778682320218293
2022-04-03,0.0,0.0,2.7005347187928943e-10,0.0,2.7005347187928943e-10,0.4138553693716899,2.1964609092816914,0.0,0.0,0.0,0.4884168464895589
2022-04-04,0.0,0.0,5.6317876435594245,0.0,5.6317876435594245,0.3271393882874232,0.5557784771704708,0.0,0.0,0.0,0.5306766219410349
2022-04-05,1.9509499287659706,0.0,1.3014613475893502,1.9509499287659706,3.252411276355321,0.4776207492372216,0.6681559196025728,0.5145133985713696,0.5145133985713696,0.3086294422816066,0.44163115893363275
2022-04-06,0.0021729634920220594,1.375681625090855,1.2515104139741187e-07,1.377854588582877,0.0021730886430634568,0.2902425239736506,2.3481516839027066,0.005615425905280978,0.00044109846951265506,0.0056151025054959865,0.481733388633298
2022-04-07,1.4102006281158046,5.67561364279111,0.0,7.085814270906915,1.4102006281158046,0.1032247222709462,1.1911462657619256,0.3210702341137124,0.24224525145153786,0.3210702341137124,0.5274291498343117
2022-04-08,0.7207819657679938,11.046960291974875,0.0,11.767742257742869,0.7207819657679938,0.03747949798089635,0.6997502861499311,0.1582641727569264,0.11421986955560515,0.1582641727569264,0.4778282890754532
2022-04-09,0.22667429232655628,7.031794488314177,0.0,7.258468780640733,0.22667429232655628,0.029940816927453248,0.6291783777166519,0.07547793055039431,0.042197220367716816,0.07547793055039431,0.6032878962893288
2022-04-10,0.04661529178157455,6.234168277053613,0.0,6.280783568835188,0.04661529178157455,0.021449584232857092,0.5337370264125835,0.03418803418803419,0.01643758791316038,0.03418803418803419,0.6120532185059822
2022-04-11,0.0,0.0,0.0,0.0,0.0,0.2568977615410999,0.4281678949353578,0.0,0.0,0.0,0.4289743494028004
2022-04-12,6.272368224429678e-08,1.6543621043690022,0.0,1.6543621670926845,6.272368224429678e-08,0.24877380047702724,0.3782171193667408,4.128989636236013e-05,1.5235283781968503e-08,4.128989636236013e-05,0.40295688562680776
2022-04-13,0.3289413715405181,3.2173843416565218,0.0,3.54632571319704,0.3289413715405181,0.06828631918993792,0.3281093677454943,0.23031504190924482,0.17035468303003812,0.23031504190924484,0.4253823267040926
2022-04-14,0.0,0.0,0.0,0.0,0.0,0.3999019388885489,0.31977693222111714,0.0,0.0,0.0,0.3979419318498148
2022-04-15,1.6636662144602554,0.8344019673375008,0.08052452174305952,2.4980681817977564,1.7441907362033149,0.1562983807194943,0.3053247169741433,0.41388992113629797,0.3295107776763888,0.39478175408667776,0.3809592307243232
2022-04-16,1.633648848158664,0.5422840811068741,0.014129037413619618,2.175932929265538,1.6477778855722836,0.2075564759786389,0.2801899960621346,0.6775259094099674,0.6061760489435336,0.6717163952718254,0.3948878786667101
2022-04-17,2.559221120336071,3.005666627112976,0.0,5.564887747449047,2.559221120336071,0.12644800085379435,0.7554193582552254,0.5626574177298815,0.4507379132647619,0.5626574177298815,0.5545673781898873
2022-04-18,1.9301237892863512,0.0,1.8600294903329584,1.9301237892863512,3.7901532796193096,0.19591581462382154,1.2591142883056432,0.6485404021635905,0.6485404021635905,0.33026718609517897,0.47101497573958634
2022-04-19,0.0,0.0,1.7486674241806137,0.0,1.7486674241806137,0.515507406546742,1.1770562453428268,0.0,0.0,0.0,0.3859455753136198
2022-04-20,0.0,0.0,5.997975531081219,0.0,5.997975531081219,0.463945230336193,1.5691192427451133,0.0,0.0,0.0,0.40747352228059336
2022-04-21,0.0,0.0,6.961509373483501,0.0,6.961509373483501,0.5807532747456691,2.6915894943573804,0.0,0.0,0.0,0.41716068578929716
2022-04-22,0.00021016417483108615,0.0,3.660989909207145,0.00021016417483108615,3.661200073381976,0.3936202303383207,4.422488250909298,0.0014864362690449647,0.0014864362690449647,8.532602580067764e-08,0.2640800790739167
2022-04-23,0.0,0.0,0.33999352054210724,0.0,0.33999352054210724,0.3841184944733987,3.3313604554677916,0.0,0.0,0.0,0.3382598181693049
2022-04-24,1.0249310128144722,0.0,0.42412408734158213,1.0249310128144722,1.4490551001560543,0.4437441419189757,1.4892063620882376,0.41046285973822205,0.41046285973822205,0.2903244428102935,0.3400282067240034
2022-04-25,0.5891310126809862,0.0,0.25374341274068957,0.5891310126809862,0.8428744254216758,0.45893338874725964,0.888612270881892,0.24100912506709607,0.24100912506709607,0.16845445256581798,0.31012697018397223
2022-04-26,3.9048700037545285,0.0,1.442999408503526,3.9048700037545285,5.347869412258055,0.2872121614950648,0.6971727663517497,1.0,1.0,0.7301730283099336,0.3220586711846973
2022-04-27,9.812499899480775,0.0,3.0602113950835155,9.812499899480775,12.87271129456429,0.07396315184645617,2.3379557654042147,1.0,1.0,0.7622714185801915,0.44008661877282024
2022-04-28,3.8867262618811886,0.0,5.2698081314225345,3.8867262618811886,9.156534393303723,0.5300045640003452,9.498330736629025,0.6157562244518766,0.6157562244518766,0.26137354873522306,0.6927690894997179
2022-04-29,13.632752628519052,0.0,1.5194105933026787,13.632752628519052,15.15216322182173,0.2999154769057812,9.313966711920843,1.0,1.0,0.8997231899459435,0.7510265850150342
2022-04-30,0.0,0.0,6.067311326209044,0.0,6.067311326209044,0.39309266202327425,11.670701361496064,0.0,0.0,0.0,0.7272780006367022
2022-05-01,0.0,0.0,9.242440564625332,0.0,9.242440564625332,0.7666752244681472,7.0089103304113785,0.0,0.0,0.0,0.584428348473737
2022-05-02,8.689352107210638,0.0,3.442298189554527,8.689352107210638,12.131650296765166,0.9796239992608632,8.165797304334944,1.0,1.0,0.716254746440194,0.454635724324004
2022-05-03,13.90368073375111,0.0,1.6901178582366898,13.90368073375111,15.593798591987799,0.8187949689636246,10.649627223757514,1.0,1.0,0.8916160261871611,0.6286984317409532
2022-05-04,5.310403988576202e-05,5.680313935698019e-05,0.0011459782075974466,0.00010990717924274222,0.0011990822474832086,1.0587608624819072,11.190918926587678,0.0004954787563483216,0.0004954787563483216,2.194338519721725e-05,0.670241091005606
2022-05-05,0.0,0.0,5.0208092151343764e-05,0.0,5.0208092151343764e-05,1.013211371033716,3.1227966794586495,0.0,0.0,0.0,0.7030830462140977
2022-05-06,0.0,0.0,0.000480398303052909,0.0,0.000480398303052909,0.7496558988859006,0.7686837569826125,0.0,0.0,0.0,0.6923396969822772
2022-05-07,0.0,0.0,0.030066103408596213,0.0,0.030066103408596213,0.7933677921969584,0.34625461734348195,0.0,0.0,0.0,0.7046131468486578
2022-05-08,0.0,0.0,1.0684501111033693,0.0,1.0684501111033693,0.8091885136065526,0.23497771127144274,0.0,0.0,0.0,0.7044511491211801
2022-05-09,4.988012992049343,0.08198148241570916,0.0016375294229935234,5.069994474465052,4.989650521472336,0.47780686372666087,0.21135252460840634,1.0,0.9888393749887866,0.9996718148062783,0.6770035316319626
2022-05-10,4.121367479228276,0.016377478008636884,0.0008037706819193007,4.1377449572369125,4.1221712499101955,0.6607334988195186,0.42554307336302827,1.0,0.9964401688173341,0.9998050127873904,0.60466124690732
2022-05-11,7.093493194497437,0.0,3.5226389118782517,7.093493194497437,10.616132106375689,0.1930993481792563,1.9736945963786907,1.0,1.0,0.6681805692901397,0.767081145597464
2022-05-12,2.201972687768841,0.0,5.487455836392121,2.201972687768841,7.689428524160961,0.31711462180930067,6.417871961779605,0.3426648499112267,0.3426648499112267,0.09812675131735651,0.6568562426624974
2022-05-13,0.0,0.0,2.3757493392501408,0.0,2.3757493392501408,1.4884961455170331,6.925305517133236,0.0,0.0,0.0,0.5299631558003969
2022-05-14,0.0,0.0,3.432030305388161,0.0,3.432030305388161,1.2287088929079957,3.448288563339508,0.0,0.0,0.0,0.3120599621633489
2022-05-15,0.00034732604781404083,0.0,1.0157780808493038,0.00034732604781404083,1.0161254068971177,1.0837216556445366,2.31052499845428,0.0014864362690449647,0.0014864362690449647,5.080849579692763e-07,0.2739155467720345
2022-05-16,0.0,0.0,0.025627083647881313,0.0,0.025627083647881313,0.9054591933299959,1.6615340396470148,0.0,0.0,0.0,0.256061718704411
2022-05-17,0.0,0.0,1.7128012591576693,0.0,1.7128012591576693,0.8321737346394757,0.7286908664650118,0.0,0.0,0.0,0.24104721032507595
2022-05-18,3.0404223211679824,0.0,1.852844354368105,3.0404223211679824,4.893266675536087,0.6944343978802894,0.38327185706796435,1.0,1.0,0.6213481755181237,0.2530221577790676
2022-05-19,0.0,0.0,2.7831760572939883,0.0,2.7831760572939883,1.1434702867642696,1.3788374761354147,0.0,0.0,0.0,0.14219840466294356
2022-05-20,0.0,0.0,3.896724131707465,0.0,3.896724131707465,0.8240021572625259,2.344780486610256,0.0,0.0,0.0,0.12584220024709072
2022-05-21,0.0,0.0,3.2051102971347776,0.0,3.2051102971347776,1.3722496653577527,2.833046795078185,0.0,0.0,0.0,0.16073066166690367
2022-05-22,0.0,0.0,4.008753262405721,0.0,4.008753262405721,0.8443190558803992,2.8395627496139717,0.0,0.0,0.0,0.15324117661029818
2022-05-23,2.6203219319932725,0.0,3.8764862132614764,2.6203219319932725,6.496808145254748,0.6491617062515194,3.308912660467897,1.0,1.0,0.4033245054199651,0.07637692434670564
2022-05-24,2.009595407681243,0.0,1.3792631654579042,2.009595407681243,3.388858573139147,1.2342936432684792,3.9539608447516583,0.3426648499112267,0.3426648499112267,0.2032004859139068,0.05974018137007783
2022-05-25,3.409760979734218,0.0,0.6326322975174778,3.409760979734218,4.042393277251696,0.7801850360491703,3.095872885028545,1.0,1.0,0.843500556693092,0.0813035449411227
2022-05-26,0.0,0.0,0.5175859654507673,0.0,0.5175859654507673,0.6857425648054014,2.0366673057331437,0.0,0.0,0.0,0.12199255557754213
2022-05-27,0.0,0.0,0.6076799741498937,0.0,0.6076799741498937,0.8568379540775766,1.150856136917408,0.0,0.0,0.0,0.16340967176219975
2022-05-28,0.0,0.0,2.5269164303951768,0.0,2.5269164303951768,0.936113806490362,0.6546908799301195,0.0,0.0,0.0,0.2025570089278781
2022-05-29,0.9382088377147346,0.0,2.2952771665899614,0.9382088377147346,3.2334860043046962,1.17064357703124,0.9849017438844541,0.3426648499112267,0.3426648499112267,0.09942557046262426,0.18724205160878624
2022-05-30,8.047826012726633,0.0,2.6083989043529883,8.047826012726633,10.656224917079621,0.5835282613948021,2.620131986638098,1.0,1.0,0.7552229870662461,0.3007626071212441
2022-05-31,3.966508240158065,0.0,1.3607999149800467,3.966508240158065,5.327308155138112,1.737104596599668,4.330266264162435,1.0,1.0,0.7445614416602548,0.13604925497443301
2022-06-01,10.455865112460351,0.0,1.1785964696337485,10.455865112460351,11.6344615820941,0.8278228506387533,3.490946818236604,1.0,1.0,0.8986978072584247,0.4210962754317628
2022-06-02,10.611290161713848,0.0,1.0396580385929788,10.611290161713848,11.650948200306827,0.8397953577905227,5.363535914219341,1.0,1.0,0.9107662294331031,0.6625192649089124
2022-06-03,0.0,0.0,0.5895885424080604,0.0,0.5895885424080604,2.6370770068368636,7.242106862490548,0.0,0.0,0.0,0.4797487000407654
2022-06-04,0.0,0.0,0.8064090416420572,0.0,0.8064090416420572,1.6130363442592148,2.4461661185026875,0.0,0.0,0.0,0.5217986330253296
2022-06-05,0.0,0.0,0.9566010052970277,0.0,0.9566010052970277,1.144983193045891,0.7610097475318855,0.0,0.0,0.0,0.538515878449829
2022-06-06,6.16116887887089,0.0,0.7127146834898612,6.16116887887089,6.873883562360751,1.2172980727026494,0.7168058230951398,0.45480820843139685,0.45480820843139685,0.4076516796103807,0.5241083004839314
2022-06-07,5.768992644800773,0.0,0.6574669817524077,5.768992644800773,6.42645962655318,0.5549234050736331,2.194797090649025,1.0,1.0,0.8976937505316533,0.6515637033156841
2022-06-08,0.0,0.0,0.5216167557295645,0.0,0.5216167557295645,1.9581124658218598,3.3713132215223767,0.0,0.0,0.0,0.42532489680464575
2022-06-09,3.2331892367378723,0.0,0.12755073335931427,3.2331892367378723,3.3607399700971867,2.2227597741352882,1.427445726918826,1.0,1.0,0.9620468306104546,0.3481219658474497
2022-06-10,0.0,0.0,0.01954103938832302,0.0,0.01954103938832302,1.0983654651577928,0.6013674083321444,0.0,0.0,0.0,0.5723445024957824
2022-06-11,0.0,0.0,0.05878988164678121,0.0,0.05878988164678121,1.2158651463983405,0.37595398478239267,0.0,0.0,0.0,0.4417579304580106
2022-06-12,0.0,0.0,0.25763016606956357,0.0,0.25763016606956357,1.2804289593339264,0.23248489065522496,0.0,0.0,0.0,0.4558227260641097
2022-06-13,0.0,0.0,0.2997157758624925,0.0,0.2997157758624925,1.2697853199738571,0.15394342241478973,0.0,0.0,0.0,0.48531791064531243
2022-06-14,0.04319893055195006,0.0,0.20461426283760975,0.04319893055195006,0.24781319338955982,1.2536254241942613,0.11066231258147455,0.06143936578719188,0.06143936578719188,0.010710143634784274,0.48155986371802845
2022-06-15,0.0,0.0,0.13272581453875784,0.0,0.13272581453875784,1.4471251436995927,0.07483438184555817,0.0,0.0,0.0,0.4933739738295853
2022-06-16,0.0,0.0,0.14726714661530965,0.0,0.14726714661530965,1.1970797413548475,0.12321701091264228,0.0,0.0,0.0,0.4860805873683976
2022-06-17,0.0,0.0,0.20360918382048934,0.0,0.20360918382048934,1.4596618321787287,0.11155947207136163,0.0,0.0,0.0,0.504235559126364
2022-06-18,0.0,0.0,0.27328940960659226,0.0,0.27328940960659226,1.7774326783786571,0.094570564569757,0.0,0.0,0.0,0.5115771182838759
2022-06-19,0.0,0.0,0.17745996713852838,0.0,0.17745996713852838,1.998870980208108,0.07124882419907334,0.0,0.0,0.0,0.49586067962253777
2022-06-20,0.0,0.0,0.09132083371724575,0.0,0.09132083371724575,2.034879516915038,0.04089070728944795,0.0,0.0,0.0,0.4885160350885936
2022-06-21,0.0,0.0,0.05723939460432288,0.0,0.05723939460432288,2.0031230590694453,0.03681276605718328,0.0,0.0,0.0,0.5023507693052246
2022-06-22,0.0,0.0,0.034729556691777366,0.0,0.034729556691777366,1.8839003101874234,0.03745632080259027,0.0,0.0,0.0,0.48653959666415325
2022-06-23,0.0,0.0,0.012723333625957537,0.0,0.012723333625957537,2.067408474074009,0.01672800752349657,0.0,0.0,0.0,0.44352728089869387
2022-06-24,0.0,0.0,0.002820446073742176,0.0,0.002820446073742176,2.243811405053866,0.00597741072933998,0.0,0.0,0.0,0.3993591291685956
2022-06-25,0.0,0.0,0.00034053860209525867,0.0,0.00034053860209525867,2.115813521950461,0.0028617220977911976,0.0,0.0,0.0,0.5389864546605768
2022-06-26,0.0,0.0,0.0001007215193234007,0.0,0.0001007215193234007,1.8449398298824993,0.0017938533425021475,0.0,0.0,0.0,0.48381840235536694
2022-06-27,0.0,0.0,3.557399892853806e-05,0.0,3.557399892853806e-05,1.9303322088501291,0.0017776172704170791,0.0,0.0,0.0,0.4310200299794665
2022-06-28,0.0,0.0,1.095078766527099e-05,0.0,1.095078766527099e-05,1.8066137083404257,0.0014910763422772359,0.0,0.0,0.0,0.28374043773132834
2022-06-29,0.0,0.0,2.5352656676816398e-06,0.0,2.5352656676816398e-06,2.1271361394386896,0.0011330337781864908,0.0,0.0,0.0,0.3902021133112518
2022-06-30,0.0,0.0,3.316239528034069e-07,0.0,3.316239528034069e-07,1.4733071024321314,0.000794495907053531,0.0,0.0,0.0,0.2654634239612968
2022-07-01,0.0,0.0,7.431783084148607e-08,0.0,7.431783084148607e-08,1.5714915401920166,0.0007144971830529309,0.0,0.0,0.0,0.22567529343871762
2022-07-02,2.3730998271291104,0.0,0.0,2.3730998271291104,2.3730998271291104,1.1947433991620124,0.0008325740513190042,0.8801767207564309,0.8801767207564309,0.8801767207564309,0.38362647413880896
2022-07-03,2.850094027411779,0.0,0.0,2.850094027411779,2.850094027411779,0.7219903190848843,0.0011848308325637753,1.0,1.0,1.0,0.3538023753710892
2022-07-04,0.0,0.0,0.0,0.0,0.0,1.6134310072030769,0.0013075532102159518,0.0,0.0,0.0,0.35475563084415157
2022-07-05,0.0,0.0,0.0,0.0,0.0,1.8492279716461786,0.0005175569361430182,0.0,0.0,0.0,0.21677656467453696
2022-07-06,0.0,0.0,0.0,0.0,0.0,1.8129028502326463,0.0003445057379038852,0.0,0.0,0.0,0.2458626435516468
2022-07-07,0.0,0.0,0.0,0.0,0.0,1.7410347886098314,0.00029623455423818636,0.0,0.0,0.0,0.19883166270704336
2022-07-08,0.0,0.0,0.0,0.0,0.0,2.028291431550698,0.00029811559078586196,0.0,0.0,0.0,0.19252052537293643
2022-07-09,0.0,0.0,0.0,0.0,0.0,2.359821810663742,0.0002122828587342661,0.0,0.0,0.0,0.1805771871701065
2022-07-10,0.0,0.0,0.0,0.0,0.0,1.9241846451644609,0.00012497567651628016,0.0,0.0,0.0,0.16175249436118558
2022-07-11,0.0,0.0,0.0,0.0,0.0,2.216417881335646,3.229065241349491e-05,0.0,0.0,0.0,0.16666666666666666
2022-07-12,0.0,0.0,0.0,0.0,0.0,1.9583417079525167,1.9499360268019374e-05,0.0,0.0,0.0,0.1363850854450396
2022-07-13,0.0,0.0,0.0,0.0,0.0,1.944607149446166,2.9935706383987975e-05,0.0,0.0,0.0,0.16666666666666666
2022-07-14,0.0,0.0,0.0,0.0,0.0,1.5034718936361435,6.491500207147448e-06,0.0,0.0,0.0,0.0
2022-07-15,0.0,0.0,0.0,0.0,0.0,1.531450012989607,0.0,0.0,0.0,0.0,0.0
2022-07-16,0.0,0.0,0.0,0.0,0.0,1.7982787797620028,4.855461550076217e-05,0.0,0.0,0.0,0.08121298539331402
2022-07-17,0.0,0.0,0.0,0.0,0.0,1.9242033398035157,7.164042441390749e-05,0.0,0.0,0.0,0.10296094220849818
2022-07-18,0.0,0.0,0.0,0.0,0.0,2.0563459134640802,1.9506074434211544e-05,0.0,0.0,0.0,0.0
2022-07-19,0.0,0.0,0.0,0.0,0.0,1.7456599896175697,0.0,0.0,0.0,0.0,0.0
2022-07-20,0.0,0.0,0.0,0.0,0.0,1.7527428781148935,0.0,0.0,0.0,0.0,0.0
2022-07-21,0.0,0.0,0.0,0.0,0.0,1.824143434528536,0.0,0.0,0.0,0.0,0.0
2022-07-22,0.0,0.0,0.0,0.0,0.0,1.967774975735763,2.001273459266431e-06,0.0,0.0,0.0,0.0
2022-07-23,0.0,0.0,0.0,0.0,0.0,2.1117090301580967,3.941502340349334e-06,0.0,0.0,0.0,0.0
2022-07-24,0.0,0.0,0.0,0.0,0.0,2.1245598422415437,1.4364935929449059e-06,0.0,0.0,0.0,0.0
2022-07-25,0.0,0.0,0.0,0.0,0.0,2.1346163430129814,0.0,0.0,0.0,0.0,0.0
2022-07-26,0.0,0.0,0.0,0.0,0.0,2.2958654475874547,0.0,0.0,0.0,0.0,0.0
2022-07-27,0.0,0.0,0.0,0.0,0.0,2.1860689149151944,0.0,0.0,0.0,0.0,0.0
2022-07-28,0.0,0.0,0.0,0.0,0.0,2.099479581010936,0.0,0.0,0.0,0.0,0.0
2022-07-29,0.0,0.0,0.0,0.0,0.0,1.8103625704366777,0.0,0.0,0.0,0.0,0.0
2022-07-30,0.0,0.0,0.0,0.0,0.0,1.6007069711676944,0.0,0.0,0.0,0.0,0.0
2022-07-31,0.0,0.0,0.0,0.0,0.0,1.6388312090400186,0.0,0.0,0.0,0.0,0.0
2022-08-01,0.0,0.0,0.0,0.0,0.0,1.0475691054823273,0.0,0.0,0.0,0.0,0.0
2022-08-02,0.0,0.0,0.0,0.0,0.0,1.2270719314394212,0.0,0.0,0.0,0.0,0.0
2022-08-03,0.0,0.0,0.0,0.0,0.0,1.215041925395691,0.0,0.0,0.0,0.0,0.0
2022-08-04,0.0,0.0,0.0,0.0,0.0,1.319195826718969,0.0,0.0,0.0,0.0,0.0
2022-08-05,0.0,0.0,0.0,0.0,0.0,1.5328626064284308,5.220193133030825e-06,0.0,0.0,0.0,0.0
2022-08-06,0.0,0.0,0.0,0.0,0.0,1.1781074979118629,1.728537160442186e-05,0.0,0.0,0.0,0.0
2022-08-07,0.0,0.0,0.0,0.0,0.0,1.4487489680037973,5.7506327730509844e-06,0.0,0.0,0.0,0.0
2022-08-08,0.0,0.0,0.0,0.0,0.0,1.3015962676608421,0.0,0.0,0.0,0.0,0.0
2022-08-09,0.0,0.0,0.0,0.0,0.0,1.3327769265302383,0.0,0.0,0.0,0.0,0.0
2022-08-10,0.0,0.0,0.0,0.0,0.0,1.0817760653098107,0.0,0.0,0.0,0.0,0.0
2022-08-11,0.0,0.0,0.0,0.0,0.0,1.219214012933581,0.0,0.0,0.0,0.0,0.0
2022-08-12,0.0,0.0,0.0,0.0,0.0,1.1804052872898891,6.914577810060526e-06,0.0,0.0,0.0,0.0
2022-08-13,0.0,0.0,0.0,0.0,0.0,1.175420274676339,4.665212565965427e-05,0.0,0.0,0.0,0.0
2022-08-14,0.0,0.0,0.0,0.0,0.0,1.2326617739781,3.91152669617868e-05,0.0,0.0,0.0,0.0
2022-08-15,0.0,0.0,0.0,0.0,0.0,1.11004520851803,3.1734597617523134e-05,0.0,0.0,0.0,0.0
2022-08-16,0.0,0.0,0.0,0.0,0.0,0.9904684310595326,2.4162883766196038e-05,0.0,0.0,0.0,0.0
2022-08-17,0.0,0.0,0.0,0.0,0.0,0.9762905736891829,1.2645160163400609e-05,0.0,0.0,0.0,0.0
2022-08-18,0.0,0.0,0.0,0.0,0.0,1.1722432033618952,3.915516743889539e-06,0.0,0.0,0.0,0.0
2022-08-19,0.0,0.0,0.0,0.0,0.0,0.921756560740589,1.2238922015641077e-06,0.0,0.0,0.0,0.0
2022-08-20,0.0,0.0,0.0,0.0,0.0,1.0402815795585139,2.2462303638060027e-05,0.0,0.0,0.0,0.0
2022-08-21,0.0,0.0,0.0,0.0,0.0,0.9784601099639401,2.736909623803119e-05,0.0,0.0,0.0,0.0
2022-08-22,0.0,0.0,0.0,0.0,0.0,1.1110545826340503,1.9372163826273372e-05,0.0,0.0,0.0,0.0
2022-08-23,0.0,0.0,0.0,0.0,0.0,0.9441271562923425,3.6676831031637525e-06,0.0,0.0,0.0,0.0
2022-08-24,0.0,0.0,0.0,0.0,0.0,0.47917030410430966,0.0,0.0,0.0,0.0,0.0
2022-08-25,0.0,0.0,0.0,0.0,0.0,0.6753280993272801,1.2960832917020596e-07,0.0,0.0,0.0,0.0
2022-08-26,0.0,0.0,0.0,0.0,0.0,0.7229843225186604,5.2388926347087254e-05,0.0,0.0,0.0,0.0
2022-08-27,0.0,0.0,0.0,0.0,0.0,0.890015659557593,8.135472234055665e-05,0.0,0.0,0.0,0.0
2022-08-28,0.0,0.0,0.0,0.0,0.0,1.0075267513900619,6.63160098520452e-05,0.0,0.0,0.0,0.0
2022-08-29,0.0,0.0,0.0,0.0,0.0,0.9934558550352524,3.37689359675638e-05,0.0,0.0,0.0,0.0
2022-08-30,0.0,0.0,0.0,0.0,0.0,0.9345052603853297,8.39467759408283e-06,0.0,0.0,0.0,0.0
2022-08-31,0.0,0.0,0.0,0.0,0.0,0.6447723479485822,1.3491608384269764e-06,0.0,0.0,0.0,0.0
2022-09-01,0.0,0.0,0.0,0.0,0.0,0.649084289774834,2.2001939134539843e-07,0.0,0.0,0.0,0.0
2022-09-02,0.0,0.0,0.0,0.0,0.0,0.5998560475649065,1.2729175271770472e-05,0.0,0.0,0.0,0.0
2022-09-03,0.0,0.0,0.0,0.0,0.0,0.5889594086752242,4.1586255601685906e-05,0.0,0.0,0.0,0.0
2022-09-04,0.0,0.0,0.0,0.0,0.0,0.6652878754036651,5.304464897356081e-05,0.0,0.0,0.0,0.0
2022-09-05,0.0,0.0,0.0,0.0,0.0,0.5524173217217971,2.7806978197564367e-05,0.0,0.0,0.0,0.0
2022-09-06,0.0,0.0,0.0,0.0,0.0,0.5246706376302379,1.536011433039115e-05,0.0,0.0,0.0,0.0
2022-09-07,0.0,0.0,0.0,0.0,0.0,0.36006681809652014,4.6827134696313955e-05,0.0,0.0,0.0,0.0
2022-09-08,0.0,0.0,0.0,0.0,0.0,0.3802917092937997,7.714187306388678e-05,0.0,0.0,0.0,0.0
2022-09-09,2.2228794908502976,0.0,0.0,2.2228794908502976,2.2228794908502976,0.3207448164808944,5.794456650841935e-05,0.6912754448986334,0.6912754448986334,0.6912754448986334,0.0
2022-09-10,0.0,0.0,0.0,0.0,0.0,0.3392321299033634,5.529672337861133e-05,0.0,0.0,0.0,0.0
2022-09-11,0.0,0.0,0.0,0.0,0.0,0.17780972937889628,6.442247529964018e-05,0.0,0.0,0.0,0.0
2022-09-12,0.0,0.0,0.0,0.0,0.0,0.19166719929891388,6.778890831131743e-05,0.0,0.0,0.0,0.0
2022-09-13,0.0,0.0,0.0,0.0,0.0,0.2590095184115723,5.327122530747511e-05,0.0,0.0,0.0,0.0
2022-09-14,2.721805611708116,0.0,0.0,2.721805611708116,2.721805611708116,0.14606576269216773,7.125340405469585e-05,1.0,1.0,1.0,0.0
2022-09-15,0.0,0.0,0.0,0.0,0.0,0.1460988472603481,0.00011742948105863889,0.0,0.0,0.0,0.0
2022-09-16,0.0,0.0,0.0,0.0,0.0,0.26710273805207835,0.0001067325320824473,0.0,0.0,0.0,0.0
2022-09-17,0.0,0.0,0.0,0.0,0.0,0.330303940027932,8.146922583304407e-05,0.0,0.0,0.0,0.0
2022-09-18,0.0,0.0,0.0,0.0,0.0,0.22787181202756165,5.8661959544489695e-05,0.0,0.0,0.0,0.0
2022-09-19,0.0,0.0,0.0,0.0,0.0,0.10432088237006067,6.627015153327393e-05,0.0,0.0,0.0,0.0
2022-09-20,0.0,0.0,0.0,0.0,0.0,0.14184294143468845,9.14623139101471e-05,0.0,0.0,0.0,0.0
2022-09-21,0.0,0.0,0.0,0.0,0.0,0.24145161825015418,9.796143332954544e-05,0.0,0.0,0.0,0.0
2022-09-22,0.0,0.0,0.0,0.0,0.0,0.23187624310848745,9.496657930590461e-05,0.0,0.0,0.0,0.0
2022-09-23,0.0,0.0,0.0,0.0,0.0,0.2918014556498361,8.952654320716138e-05,0.0,0.0,0.0,0.0
2022-09-24,0.0,0.0,0.0,0.0,0.0,0.2343643942709847,8.543636770717867e-05,0.0,0.0,0.0,0.0
2022-09-25,0.0,0.0,0.0,0.0,0.0,0.3367439553570609,5.106488615780543e-05,0.0,0.0,0.0,0.0
2022-09-26,0.0,0.0,0.0,0.0,0.0,0.10460723011901008,4.611933842004598e-05,0.0,0.0,0.0,0.0
2022-09-27,0.0,0.0,0.0,0.0,0.0,0.10256544308609244,9.047359090294367e-05,0.0,0.0,0.0,0.0
2022-09-28,0.0,0.0,0.0,0.0,0.0,0.07230848257826192,9.947909003725248e-05,0.0,0.0,0.0,0.0
2022-09-29,0.0,0.0,0.0,0.0,0.0,0.10451174527859952,9.013331545281112e-05,0.0,0.0,0.0,0.0
2022-09-30,0.0,0.0,0.0,0.0,0.0,0.11354629761228167,8.498933547370056e-05,0.0,0.0,0.0,0.0
2022-10-01,0.0,0.0,0.0,0.0,0.0,0.12698184284267833,7.352509961625623e-05,0.0,0.0,0.0,0.0
2022-10-02,0.0,0.0,0.0,0.0,0.0,0.13497733809888973,8.045953324354892e-05,0.0,0.0,0.0,0.0
2022-10-03,0.0,0.0,0.0,0.0,0.0,0.10556871535235246,8.474454339136439e-05,0.0,0.0,0.0,0.0
2022-10-04,0.0,0.0,0.0,0.0,0.0,0.08017586860054257,7.588740985073633e-05,0.0,0.0,0.0,0.0
2022-10-05,0.0,0.0,0.0,0.0,0.0,0.10519722776502198,7.300123180134e-05,0.0,0.0,0.0,0.0
2022-10-06,0.0,0.0,0.0,0.0,0.0,0.06764581034620921,7.124295242887399e-05,0.0,0.0,0.0,0.0
2022-10-07,0.0,0.0,0.0,0.0,0.0,0.16808589672875815,6.403078907518195e-05,0.0,0.0,0.0,0.0
2022-10-08,0.0,0.0,0.0,0.0,0.0,0.043345706996869265,6.695508875287507e-05,0.0,0.0,0.0,0.0
2022-10-09,0.0,0.0,0.0,0.0,0.0,0.01709571582093333,8.509339897935877e-05,0.0,0.0,0.0,0.0
2022-10-10,0.0,0.0,0.0,0.0,0.0,0.027519699484545523,8.974547454526662e-05,0.0,0.0,0.0,0.0
2022-10-11,0.0,0.0,0.0,0.0,0.0,0.015570662100478538,8.199360597411637e-05,0.0,0.0,0.0,0.0
2022-10-12,0.0,0.0,0.0,0.0,0.0,0.027683052908893478,8.336099888970285e-05,0.0,0.0,0.0,0.0
2022-10-13,0.0,0.0,0.0,0.0,0.0,0.007673946751424625,8.747092297886383e-05,0.0,0.0,0.0,0.0
2022-10-14,0.0,0.0,0.0,0.0,0.0,0.004749752575274072,8.185718456488139e-05,0.0,0.0,0.0,0.0
2022-10-15,0.0,0.0,0.0,0.0,0.0,0.004750077950538797,8.035321273255817e-05,0.0,0.0,0.0,0.0
2022-10-16,0.0,0.0,0.0,0.0,0.0,0.0019110105483161075,8.641206682856648e-05,0.0,0.0,0.0,0.0
2022-10-17,0.0,0.0,0.0,0.0,0.0,0.04528009572585873,6.977368771109609e-05,0.0,0.0,0.0,0.0
2022-10-18,6.39734516759494,0.0,0.0,6.39734516759494,6.39734516759494,0.014929955586499948,0.0001391791489763369,1.0,1.0,1.0,0.0
2022-10-19,0.07903733251042294,0.0,0.0,0.07903733251042294,0.07903733251042294,0.0067472038130980275,0.00039206656294574476,0.036252529006152195,0.036252529006152195,0.036252529006152195,0.0
2022-10-20,0.0,0.0,0.0,0.0,0.0,0.0025189552915002157,9.994476741408675e-05,0.0,0.0,0.0,0.0
2022-10-21,3.295691359617794,0.0,0.0,3.295691359617794,3.295691359617794,1.8540596694833923e-06,0.0007600900701426394,0.3965068747677443,0.3965068747677443,0.3965068747677443,0.0
2022-10-22,1.52488473023643,0.0,0.0,1.52488473023643,1.52488473023643,0.014090454446853305,0.0025041203536795933,0.3965068747677443,0.3965068747677443,0.3965068747677443,0.0
2022-10-23,5.666032119124505e-05,4.782775401103712e-05,0.0,0.00010448807520228217,5.666032119124505e-05,0.005500420586154884,0.000881259787717407,0.0004954787563483216,0.0004954787563483216,0.0004954787563483216,0.0
2022-10-24,0.0,0.0,0.0,0.0,0.0,0.0,0.00020175647197676392,0.0,0.0,0.0,0.0
2022-10-25,0.0074076215924937915,0.0,7.711981711421408e-06,0.0074076215924937915,0.0074153335742052125,0.000373188539464869,0.00017551177379992097,0.014781782897724926,0.014781782897724926,0.014766409774152172,0.0
2022-10-26,0.0,0.0,7.179755017698005e-06,0.0,7.179755017698005e-06,0.001555306418685939,0.00014840141748640145,0.0,0.0,0.0,0.0
2022-10-27,0.8710076465804923,0.0,3.36403494448364e-06,0.8710076465804923,0.8710110106154368,0.0007897841284970817,0.0002615511521350949,0.3965068747677443,0.3965068747677443,0.39650534337150917,0.0
2022-10-28,9.300682006887047,0.0,0.0,9.300682006887047,9.300682006887047,0.017713761275932417,0.0033564537260600195,1.0,1.0,1.0,0.11827040890906558
2022-10-29,0.0,0.0,0.0,0.0,0.0,0.06753681443564798,0.004435035977967076,0.0,0.0,0.0,0.0
2022-10-30,0.0,0.06439534424134946,0.0,0.06439534424134946,0.0,0.014028560700927575,0.00010574602205305076,0.0,0.0,0.0,0.0
2022-10-31,0.38276134173787096,11.137113432539454,0.0,11.519874774277325,0.38276134173787096,0.0008721292309414694,0.0003080360624015688,0.07547793055039431,0.041888519297210706,0.07547793055039431,0.0
2022-11-01,51.43707126708513,0.0,1.8829882528007713,51.43707126708513,53.3200595198859,0.0,0.05620725864953195,1.0,1.0,0.9646851809664897,0.1433135235803082
2022-11-02,5.76582279515799,0.4294652510869458,0.05079563570209622,6.195288046244936,5.816618430860086,0.003240743050828562,0.13484837491165988,0.9590817127049011,0.8889852683696289,0.9507061993604754,0.15174126763350196
2022-11-03,1.2902334346689264,9.216337552336851,0.0,10.506570987005777,1.2902334346689264,0.005493312431257387,0.007972749569010647,0.21429456212064907,0.15217252078185212,0.21429456212064907,0.1632983031523914
2022-11-04,0.6030773671321837,4.6926490869498245,0.0,5.295726454082009,0.6030773671321837,0.0,0.0027713200062352726,0.26347082868821997,0.17742699982741028,0.26347082868821997,0.13854022358264195
2022-11-05,0.03602265969254207,2.0145375186019128,0.0,2.0505601782944547,0.03602265969254207,0.0015516077146611059,0.0012255341766872906,0.0633799909162228,0.01676098978095288,0.0633799909162228,0.09714000486475656
2022-11-06,0.0,0.0,0.0,0.0,0.0,0.00022950709159070588,0.0008552448490558854,0.0,0.0,0.0,0.08184518868676123
2022-11-07,0.0,0.0,0.0,0.0,0.0,0.0003277399679535554,0.0007609150383375555,0.0,0.0,0.0,0.07704076806337146
2022-11-08,0.0,0.0,0.0,0.0,0.0,0.0006689998396699332,0.0006872058118001838,0.0,0.0,0.0,0.07694172020231758
2022-11-09,0.0,0.0,0.0,0.0,0.0,6.276088053994585e-05,0.0006408124182090553,0.0,0.0,0.0,0.07687191903199843
2022-11-10,0.0,0.0,0.0,0.0,0.0,2.524806649820329e-05,0.000610102819197467,0.0,0.0,0.0,0.07680814784712924
2022-11-11,0.0,0.0,0.0,0.0,0.0,0.0004570371074290022,0.0005792077476269699,0.0,0.0,0.0,0.07674895975192468
2022-11-12,0.0,0.0,0.0,0.0,0.0,0.0001600720992968737,0.0005571021835605785,0.0,0.0,0.0,0.07669338871819802
2022-11-13,0.0,0.0,0.0,0.0,0.0,7.89102054870416e-06,0.0005460643425003618,0.0,0.0,0.0,0.07664072818310308
2022-11-14,0.0,0.0,0.0,0.0,0.0,0.0006473075297088552,0.0005320665127949665,0.0,0.0,0.0,0.07659037458473099
2022-11-15,0.0,0.0,0.0,0.0,0.0,0.0008840492519820813,0.0005155533276289645,0.0,0.0,0.0,0.07654216467149101
2022-11-16,0.0,0.0,0.0,0.0,0.0,0.0001901643074721386,0.0005068025261078494,0.0,0.0,0.0,0.0764955605001662
2022-11-17,0.0,0.21270483815494293,0.0,0.21270483815494293,0.0,7.734470040769949e-05,0.0005014668939211252,0.0,0.0,0.0,0.07645040287797635
2022-11-18,0.0,0.0,0.0,0.0,0.0,0.0,0.0004927405463503607,0.0,0.0,0.0,0.07640650505998865
2022-11-19,11.313004620904021,0.0,0.0,11.313004620904021,11.313004620904021,0.0002310365414681328,0.007478052385637805,1.0,1.0,1.0,0.13808702705718398
2022-11-20,0.0,0.0,0.0,0.0,0.0,9.574801050562371e-06,0.015627748351766363,0.0,0.0,0.0,0.12980434995806542
2022-11-21,0.0,0.0,0.009678719450119054,0.0,0.009678719450119054,0.00021237955914311013,0.001424487447669273,0.0,0.0,0.0,0.07650494610813212
2022-11-22,2.4730364088488425e-05,0.0,0.1091042148487415,2.4730364088488425e-05,0.10912894521282998,0.0,0.00119561842765191,0.0004954787563483216,0.0004954787563483216,1.1228340949056333e-07,0.05787980626339113
2022-11-23,0.008921026705468094,0.09072078063923943,0.0,0.09964180734470753,0.008921026705468094,0.0012068935481784474,0.0011507432680058346,0.0383170238242702,0.025180587852757483,0.0383170238242702,0.07610140410675419
2022-11-24,0.0,4.3748002560639945,0.0,4.3748002560639945,0.0,0.00036149966034183903,0.0010736903676242546,0.0,0.0,0.0,0.07619644109330549
2022-11-25,0.0,4.624407700308479,0.0,4.624407700308479,0.0,1.490351469754146e-07,0.0009732548151095044,0.0,0.0,0.0,0.07616924559308942
2022-11-26,0.0,15.604993837980999,0.0,15.604993837980999,0.0,0.0,0.0009100427370746382,0.0,0.0,0.0,0.0761406678932911
2022-11-27,0.0,9.82255748280091,0.0,9.82255748280091,0.0,0.0,0.0008514851633530139,0.0,0.0,0.0,0.07611671649564695
2022-11-28,0.0,1.0556549012476346,0.0,1.0556549012476346,0.0,0.0,0.0008123638343595236,0.0,0.0,0.0,0.07609161867390529
2022-11-29,0.0,0.0,0.0,0.0,0.0,0.0,0.0007865140438157621,0.0,0.0,0.0,0.07606670729679557
2022-11-30,0.0,0.0,0.0,0.0,0.0,0.0,0.0007661378161584128,0.0,0.0,0.0,0.07604212874197036
2022-12-01,0.0,5.7061360892552555,0.0,5.7061360892552555,0.0,0.0,0.0007467626028698569,0.0,0.0,0.0,0.07601784037542626
2022-12-02,0.0,0.08487050874077996,0.0,0.08487050874077996,0.0,0.0,0.0007285274270514157,0.0,0.0,0.0,0.07599382417253124
2022-12-03,0.0,0.0,0.0,0.0,0.0,0.0,0.0007115942702329054,0.0,0.0,0.0,0.07596419927317437
2022-12-04,0.0,1.5232450483180724,0.0,1.5232450483180724,0.0,0.0,0.0006956307691979185,0.0,0.0,0.0,0.07594656794878558
2022-12-05,0.0,6.567196920332369,0.0,6.567196920332369,0.0,0.0,0.0006805821660346291,0.0,0.0,0.0,0.0759233516960947
2022-12-06,0.0,17.38801308299202,0.0,17.38801308299202,0.0,0.0,0.0006666316169561777,0.0,0.0,0.0,0.07590040913002079
2022-12-07,0.0,10.625872462816348,0.0,10.625872462816348,0.0,0.0,0.00065373891532815,0.0,0.0,0.0,0.07587776150203697
2022-12-08,0.0,2.0548959764957595,0.0,2.0548959764957595,0.0,0.0,0.0006419098402304492,0.0,0.0,0.0,0.07585542585723393
2022-12-09,0.0,0.0,0.0,0.0,0.0,1.638713297465404e-06,0.0006312608275375646,0.0,0.0,0.0,0.07583342255718571
2022-12-10,0.0,0.0,0.0,0.0,0.0,1.4950975861836804e-06,0.000621154146597243,0.0,0.0,0.0,0.07581177486191101
2022-12-11,0.0,0.0,0.0,0.0,0.0,0.0,0.0006116551865676045,0.0,0.0,0.0,0.07579050418404262
2022-12-12,0.0,0.0,0.0,0.0,0.0,0.0,0.0006026976680394463,0.0,0.0,0.0,0.07567079381655327
2022-12-13,0.0,0.0,0.0,0.0,0.0,0.0,0.0005933148514580245,0.0,0.0,0.0,0.07574901437721325
2022-12-14,0.0,0.0,0.0,0.0,0.0,0.0,0.0005922550685890759,0.0,0.0,0.0,0.07562997078011234
2022-12-15,0.0,0.11282197768733968,0.0,0.11282197768733968,0.0,0.0,0.0006011929794364796,0.0,0.0,0.0,0.07560705127454236
2022-12-16,0.0,7.564976601971491,0.0,7.564976601971491,0.0,0.0,0.0005953936598024382,0.0,0.0,0.0,0.07558727971830971
2022-12-17,0.0,5.788895823649699,0.0,5.788895823649699,0.0,0.0,0.0005899625378996368,0.0,0.0,0.0,0.07567230181085428
2022-12-18,0.0,0.0,0.0,0.0,0.0,4.718983410391407e-05,0.0005849774858755642,0.0,0.0,0.0,0.07565458949577146
2022-12-19,0.0,3.6782105814158212,0.0,3.6782105814158212,0.0,0.0,0.0005802357686548312,0.0,0.0,0.0,0.0756373785489989
2022-12-20,0.0,15.40691849355101,0.0,15.40691849355101,0.0,0.0,0.0005763249901172911,0.0,0.0,0.0,0.07552442975602595
2022-12-21,0.2115869135059283,16.665694858856774,0.0,16.877281772362704,0.2115869135059283,0.0,0.0027905914355466233,0.03451835335893307,0.010978991783848834,0.03451835335893307,0.07546090937078716
2022-12-22,2.763268249264355,3.61337909917203,0.0,6.376647348436385,2.763268249264355,0.0,0.009433671063213474,0.4557991659440935,0.40863956912765476,0.4557991659440934,0.0754196266955408
2022-12-23,27.41298469933757,0.0,0.0,27.41298469933757,27.41298469933757,0.0,0.06820526708297169,1.0,1.0,1.0,0.15058822046412568
2022-12-24,13.21103413367908,0.9664609649073883,0.0005158716304311253,14.17749509858647,13.211550005309512,0.0,0.3252384127265629,0.4835046864032371,0.45634901989324406,0.4834858069870599,0.049040253804258506
2022-12-25,0.0008021226953203437,2.080986905485673,0.0,2.081789028180993,0.0008021226953203437,0.0,6.921693923920424,0.004335439118047814,0.00015883992033744173,0.004335439118047814,0.329499275394932
2022-12-26,0.0,11.017551586072802,0.0,11.017551586072802,0.0,0.0,2.634416175551027,0.0,0.0,0.0,0.4918916388909211
2022-12-27,0.010864551340281635,4.523817878122853,0.0,4.5346824294631345,0.010864551340281635,0.0,0.5964375131540798,0.014699203105000206,0.001142752265806079,0.014699203105000206,0.5125664546369757
2022-12-28,0.0,0.0,0.0,0.0,0.0,0.0,0.22506496617917296,0.0,0.0,0.0,0.5135746094456575
2022-12-29,0.0,0.0,0.0,0.0,0.0,0.0,0.1315559846038215,0.0,0.0,0.0,0.5123057240202781
2022-12-30,0.0,0.0,0.0,0.0,0.0,0.0,0.10356264529208772,0.0,0.0,0.0,0.5131621605509044
2022-12-31,0.0,0.0,0.0,0.0,0.0,0.0,0.09342993996125094,0.0,0.0,0.0,0.5147791936382949
2023-01-01,0.0,5.450275236276362,0.0,5.450275236276362,0.0,0.0,0.08713185343508169,0.0,0.0,0.0,0.5162296384310009
2023-01-02,0.004602106332914021,2.7466927429574044,0.0,2.751294849290318,0.004602106332914021,0.0,0.08206132685292612,0.005615425905280978,0.00036453191793678867,0.005615425905280978,0.6085256911527402
2023-01-03,0.0,7.110364389164796,0.0,7.110364389164796,0.0,0.0,0.07814312303016627,0.0,0.0,0.0,0.609647667334376
2023-01-04,2.7948665647300457,9.857675978486467,0.0,12.652542543216512,2.7948665647300457,0.0,0.08883658671823799,0.4093480325364383,0.2859584637924291,0.40934803253643826,0.6528573340674851
2023-01-05,6.386870458497221,2.35448726052235,0.0,8.741357719019572,6.386870458497221,0.0,0.171685685154826,0.9104422147900408,0.813393015162532,0.9104422147900408,0.7368322274075833
2023-01-06,1.7701820963351553,5.7879979546654114,0.0,7.558180051000567,1.7701820963351553,0.0,0.3176570272422908,0.4192988975597671,0.3141272881881368,0.4192988975597671,0.812429775286411
2023-01-07,0.8787637932342975,2.5496318838439085,0.0,3.428395677078206,0.8787637932342975,0.0,0.7716937527687315,0.44407283537718323,0.3435455405120122,0.44407283537718323,0.8100597525182406
2023-01-08,5.664292356344336,1.132922973082044,0.0,6.79721532942638,5.664292356344336,0.0,0.5462537524328374,0.932697468929353,0.8602736735966067,0.932697468929353,0.8514532785951493
2023-01-09,9.378151537963351,0.0,0.0,9.378151537963351,9.378151537963351,0.0,0.8115246243489274,1.0,1.0,1.0,0.7987380717991215
2023-01-10,3.9519325683575737,0.0,0.19189439089272056,3.9519325683575737,4.143826959250294,0.0,2.694196750538284,1.0,1.0,0.9536915047901908,0.6889668365148512
2023-01-11,7.38212726580807,0.6777492821173318,0.0,8.059876547925402,7.38212726580807,0.0,2.890479430064815,0.9844749989677526,0.9361591998682761,0.9844749989677526,0.5078458953598585
2023-01-12,2.8105393109242622,1.7575389323273232,5.394329533451547e-06,4.568078243251586,2.8105447052537955,0.0,3.720021513671269,0.8144019158511913,0.6970441893030445,0.8144003527547927,0.7193383326626525
2023-01-13,0.0,0.0,0.0,0.0,0.0,0.0,2.656776849353078,0.0,0.0,0.0,0.5669122830032768
2023-01-14,0.0,0.0024901491903503176,0.0,0.0024901491903503176,0.0,0.0,1.0614283988962259,0.0,0.0,0.0,0.46840933187729566
2023-01-15,0.2801827802187384,2.5353989294749097,0.0,2.815581709693648,0.2801827802187384,0.0,0.48701252866489453,0.18844708699781162,0.14044619427068633,0.18844708699781162,0.7066442486163563
2023-01-16,0.0,0.0,0.0,0.0,0.0,0.0,0.37238021629907364,0.0,0.0,0.0,0.6998341083694216
2023-01-17,0.0,0.0,0.0,0.0,0.0,0.0,0.3093762258462187,0.0,0.0,0.0,0.5483487572983269
2023-01-18,0.0,5.379959931103811,0.0,5.379959931103811,0.0,0.0,0.27397133040868,0.0,0.0,0.0,0.5582839137745182
2023-01-19,0.0,0.0,0.0,0.0,0.0,0.0,0.2536088037821537,0.0,0.0,0.0,0.5634584030326973
2023-01-20,0.0,0.04315769378722916,0.0,0.04315769378722916,0.0,5.038173343591815e-07,0.23770899188914357,0.0,0.0,0.0,0.5664073535003414
2023-01-21,0.0024753695808241096,0.0,0.0,0.0024753695808241096,0.0024753695808241096,0.0,0.22440588359277683,0.014534043519550765,0.014534043519550765,0.014534043519550765,0.5689698240593546
2023-01-22,0.0,0.0,0.9677441812672384,0.0,0.9677441812672384,0.0,0.2133526118657764,0.0,0.0,0.0,0.5396425188377735
2023-01-23,0.0,0.0,2.0528942577422,0.0,2.0528942577422,0.0,0.22174212877541896,0.0,0.0,0.0,0.5060529633647629
2023-01-24,0.0,0.0,0.5493335943819752,0.0,0.5493335943819752,0.0,0.31891445659132917,0.0,0.0,0.0,0.454251525002751
2023-01-25,0.0,0.0,0.0,0.0,0.0,0.0,0.4304236688500882,0.0,0.0,0.0,0.51428525272345
2023-01-26,0.0,0.0,0.0,0.0,0.0,0.0,0.27794780822884585,0.0,0.0,0.0,0.5146374801834009
2023-01-27,0.0,0.0,0.0,0.0,0.0,0.0,0.21693562301235514,0.0,0.0,0.0,0.5355011656387824
2023-01-28,0.0,0.0,0.0,0.0,0.0,0.0,0.19851741283682767,0.0,0.0,0.0,0.555903518550659
2023-01-29,0.0,0.0,0.0,0.0,0.0,0.0,0.18861863534929785,0.0,0.0,0.0,0.5689758941781747
2023-01-30,0.0,0.0,0.0,0.0,0.0,0.0,0.18067512475343564,0.0,0.0,0.0,0.5754002775487304
2023-01-31,0.008088452737078079,0.0,0.0,0.008088452737078079,0.008088452737078079,0.0,0.17383289777105096,0.014534043519550765,0.014534043519550765,0.014534043519550765,0.5780385925767364
2023-02-01,9.8583911866329,0.33958245329762893,0.0,10.19797363993053,9.8583911866329,0.0,0.21823510671116636,0.9990090424873034,0.9719780933799943,0.9990090424873034,0.4319370810508771
2023-02-02,3.7699782164458595,0.16575149057342914,0.0,3.9357297070192887,3.7699782164458595,0.0,1.1114858421456462,0.9990090424873034,0.9652375344464361,0.9990090424873034,0.5515202781074003
2023-02-03,0.0,7.734052980138951e-05,5.156882849681676e-05,7.734052980138951e-05,5.156882849681676e-05,0.0,2.215165431387553,0.0,0.0,0.0,0.6438012663385061
2023-02-04,3.7030322122052852,2.425849037033134,0.07350584089502077,6.128881249238419,3.776538053100306,0.0,1.126104353564139,0.5856146001073538,0.4794790250498959,0.5742163054215756,0.36344628092093423
2023-02-05,0.0008235560476030155,0.45477881533101444,0.0,0.4556023713786175,0.0008235560476030155,0.0,1.2558206327089179,0.005615425905280978,0.00034742650065571536,0.005615425905280979,0.3602119376712766
2023-02-06,0.0,0.0,0.0,0.0,0.0,0.0,1.344870938061925,0.0,0.0,0.0,0.4514473502503165
2023-02-07,0.0,0.0,0.0,0.0,0.0,0.0,0.5489049340411081,0.0,0.0,0.0,0.46034644165405963
2023-02-08,0.0,0.0,0.0,0.0,0.0,1.5237023870942542e-05,0.3550309820034085,0.0,0.0,0.0,0.4625745708179392
2023-02-09,0.0,0.0,0.06678815024752369,0.0,0.06678815024752369,0.0,0.31341201073185393,0.0,0.0,0.0,0.44953249533472645
2023-02-10,0.0,0.0,0.0,0.0,0.0,0.0,0.29379943257433005,0.0,0.0,0.0,0.46645208863487725
2023-02-11,0.0,0.0,0.0,0.0,0.0,0.0,0.2752637199390645,0.0,0.0,0.0,0.47032432342552566
2023-02-12,0.0,0.0,0.0,0.0,0.0,0.0,0.26149960365266084,0.0,0.0,0.0,0.4765465854790574
2023-02-13,0.0,0.0,0.0,0.0,0.0,0.0,0.24971263899730906,0.0,0.0,0.0,0.4847694172012504
2023-02-14,0.0016572047431844695,0.12259414879741029,0.0,0.12425135354059476,0.0016572047431844695,0.0,0.2392440736969215,0.017630785746727776,0.0021599788314931234,0.017630785746727776,0.49429085184325255
2023-02-15,0.0,0.0,0.13751251237942666,0.0,0.13751251237942666,0.0,0.23207383929945938,0.0,0.0,0.0,0.4487869245420983
2023-02-16,0.0,0.0,0.4671064413423729,0.0,0.4671064413423729,0.0,0.25511600251499816,0.0,0.0,0.0,0.42485461100024463
2023-02-17,1.5067925548151497,0.0,2.5223417402035273,1.5067925548151497,4.029134295018677,0.0,0.38490959216453946,0.3026962302324621,0.3026962302324621,0.11320060159046452,0.32974624421629845
2023-02-18,0.08481109578168777,2.6098678308332364,0.0,2.694678926614924,0.08481109578168777,0.0,0.5954603598395765,0.086791362153681,0.04182193609177013,0.086791362153681,0.3932695647090119
2023-02-19,0.0,0.0,0.0,0.0,0.0,4.24586467011229e-06,0.4570630468258271,0.0,0.0,0.0,0.4149527947089296
2023-02-20,0.0,0.0,0.0,0.0,0.0,0.0,0.3890835420322964,0.0,0.0,0.0,0.5057268433610711
2023-02-21,0.0,0.0,0.0,0.0,0.0,0.0027622163716029395,0.2734730093399793,0.0,0.0,0.0,0.5512586341597328
2023-02-22,0.0,0.007076741756228078,0.0,0.007076741756228078,0.0,0.003552620104814161,0.23407014308564977,0.0,0.0,0.0,0.5680450175675379
2023-02-23,0.0,1.4055302870887265,0.0,1.4055302870887265,0.0,4.320206677115927e-05,0.22044162699107323,0.0,0.0,0.0,0.5736727586418919
2023-02-24,0.0,4.729049266263437,0.0,4.729049266263437,0.0,0.0,0.20973578153921565,0.0,0.0,0.0,0.5752484762127344
2023-02-25,0.0,1.3065118499252029,0.0,1.3065118499252029,0.0,0.00020104946783301467,0.20110556658570292,0.0,0.0,0.0,0.5752708380039404
2023-02-26,0.0,0.0,0.0,0.0,0.0,0.014245772664409542,0.1947702245291448,0.0,0.0,0.0,0.5744199463456601
2023-02-27,0.0,1.2274455013274246,0.0,1.2274455013274246,0.0,0.00039504514715453173,0.18836878981537633,0.0,0.0,0.0,0.5727015304241528
2023-02-28,0.0,1.0863024558276018,0.0,1.0863024558276018,0.0,0.0013431733257005982,0.18081474355479307,0.0,0.0,0.0,0.5701968818885196
2023-03-01,0.0,0.6444462201017659,0.0,0.6444462201017659,0.0,0.0,0.17418587231938565,0.0,0.0,0.0,0.5672052000196991
2023-03-02,0.0,10.281628873148227,0.0,10.281628873148227,0.0,0.0,0.1692587342927604,0.0,0.0,0.0,0.5638761796088506
2023-03-03,0.0,1.3342145220778405,0.0,1.3342145220778405,0.0,0.0012309195689846778,0.1654878358273268,0.0,0.0,0.0,0.5602554886139838
2023-03-04,1.5358826489988488e-07,1.227052110297356,0.0,1.227052263885621,1.5358826489988488e-07,0.0,0.16172653788260974,4.128989636236013e-05,3.400218393879011e-08,4.128989636236013e-05,0.5566149232171864
2023-03-05,0.07657706850134192,3.7455698773110826,0.0,3.8221469458124244,0.07657706850134192,0.0,0.16067904487865312,0.077046946612164,0.041552469199801254,0.077046946612164,0.558740613153965
2023-03-06,0.3829921245785601,10.040503123389422,0.0,10.423495247967983,0.3829921245785601,0.0,0.19189647667160079,0.07547793055039431,0.043135845047112154,0.07547793055039431,0.5618589549219406
2023-03-07,0.060702153419136894,3.2259314745676435,0.0,3.2866336279867805,0.060702153419136894,0.0,0.2658324318813443,0.061893554647177836,0.027006261473732085,0.061893554647177836,0.5584273799599695
2023-03-08,0.0,0.0,0.0,0.0,0.0,0.00980504999231897,0.17244803096305925,0.0,0.0,0.0,0.5500707778825061
2023-03-09,0.9658628074645288,3.424680425457,0.0,4.390543232921528,0.9658628074645288,0.0,0.17044336003606683,0.35125314835459764,0.2813805971160284,0.35125314835459764,0.5811635933714252
2023-03-10,3.127148247094554,2.5247486485666233,0.04387524965364574,5.651896895661178,3.1710234967482,0.0,0.2503187798392478,0.7356207935918081,0.6143143912367722,0.7254425196047654,0.5335190492711495
2023-03-11,0.0,0.0,0.0,0.0,0.0,0.020022911613947994,0.3660369801851855,0.0,0.0,0.0,0.5212649094725749
2023-03-12,0.0,0.0,0.0,0.0,0.0,0.01356527647226564,0.4950225662358392,0.0,0.0,0.0,0.5142265290720905
2023-03-13,0.0,0.0,0.0,0.0,0.0,0.027432612278383034,0.29868885903535286,0.0,0.0,0.0,0.5314267554203838
2023-03-14,0.0,0.0,0.0004656532104168162,0.0,0.0004656532104168162,0.03665911237993413,0.20214540815582693,0.0,0.0,0.0,0.5420527846369473
2023-03-15,0.0,0.0,1.6840199701744971,0.0,1.6840199701744971,0.036483774987276237,0.1949154428551557,0.0,0.0,0.0,0.41371517235380323
2023-03-16,2.744930275060979,0.0,2.1220790233953046,2.744930275060979,4.867009298456283,0.00018946562947484312,0.4397946871498521,1.0,1.0,0.5639870620201229,0.39438868387280096
2023-03-17,3.8046113487354676,0.0,1.3243372266578113,3.8046113487354676,5.128948575393279,0.0,1.1925368749272196,1.0,1.0,0.741791673831266,0.3597001542728926
2023-03-18,0.0,0.0,2.0707438673401257,0.0,2.0707438673401257,0.004939486533702437,2.108982140665423,0.0,0.0,0.0,0.3680675944100296
2023-03-19,4.032550795827032e-05,0.0,2.421900994313001,4.032550795827032e-05,2.4219413198209594,0.04603626703494019,1.9984105027285206,0.0007432181345224824,0.0007432181345224824,1.2374638705380668e-08,0.2896231932260553
2023-03-20,0.04294400517168357,0.3992828446835889,0.2919651657368244,0.44222684985527244,0.33490917090850797,0.009992504553828939,1.5183197638142718,0.07122507122507123,0.030979894425204133,0.009132893610365112,0.26725260375689064
2023-03-21,0.0,2.931224476023628e-05,0.0,2.931224476023628e-05,0.0,0.0024109778590765667,0.712233967000906,0.0,0.0,0.0,0.36121442951981386
2023-03-22,0.0,0.0,0.0,0.0,0.0,0.01721348980042481,0.3598229359958418,0.0,0.0,0.0,0.3814922640838758
2023-03-23,0.0,0.0,0.0,0.0,0.0,0.03970872653105009,0.3166641402393056,0.0,0.0,0.0,0.40568241536768607
2023-03-24,0.0,0.0,0.0,0.0,0.0,0.044109021755603016,0.28837044082185764,0.0,0.0,0.0,0.4220074909138867
2023-03-25,3.5411430952545944,2.470937817158382,0.2625756929425843,6.012080912412976,3.8037187881971786,0.0,0.2741885698975402,0.7104339568107684,0.606050865080036,0.6613917697073565,0.3609698292559611
2023-03-26,2.188750836727915,0.06660179873662682,1.2336546221633196,2.255352635464542,3.4224054588912347,3.4897952506060925e-07,0.733176400463853,0.6084479127957388,0.5970433270552885,0.38912422687301185,0.24690296899278186
2023-03-27,0.0,0.0,1.0252131055178362,0.0,1.0252131055178362,0.04688468368875651,1.5507413217773778,0.0,0.0,0.0,0.26150658351410117
2023-03-28,0.009159366378293945,1.4262983694458518,0.025829886053584807,1.4354577358241456,0.03498925243187875,0.0002460340134447694,1.2598075115455962,0.011106982121474875,0.001343844931824239,0.002907547647833137,0.3287282712433459
2023-03-29,0.0025785504476691333,2.442501117908087,0.0,2.445079668355756,0.0025785504476691333,0.013483499131668047,0.567772711683975,0.004335439118047814,0.0006306003612384243,0.004335439118047814,0.39892792535682337
2023-03-30,5.704246012277917e-05,2.4767533877888597,0.0,2.4768104302489826,5.704246012277917e-05,0.004071589280199043,0.37156804699958335,0.001569016061769685,0.00018355979030812173,0.001569016061769685,0.42966929351027056
2023-03-31,0.0,0.0,0.0,0.0,0.0,0.0698790173736854,0.3178626496436047,0.0,0.0,0.0,0.45147026308703203
2023-04-01,0.0,0.0,0.0,0.0,0.0,0.09941089156919923,0.29486787300599765,0.0,0.0,0.0,0.4638440543573719
2023-04-02,0.0,0.0,0.0,0.0,0.0,0.1508566356745148,0.2696896295943627,0.0,0.0,0.0,0.47128405514660293
2023-04-03,8.365013445203354,0.0,0.15526632239194596,8.365013445203354,8.5202797675953,0.0,0.314879346311443,1.0,1.0,0.9817768516261096,0.5634390329559654
2023-04-04,4.119078170812895,0.0,5.092266436981627,4.119078170812895,9.211344607794523,0.009133252473833838,2.073865088502794,1.0,1.0,0.4471744730218196,0.3575526528217246
2023-04-05,3.345381595533274,0.012074920829629483,0.734546748427373,3.3574565163629035,4.079928343960647,0.015445085950852849,5.165462711057373,0.9992567818654775,0.9946641872624403,0.8193514604767332,0.3831899645617776
2023-04-06,7.035163413331412,0.0,7.722062786158363,7.035163413331412,14.757226199489775,0.0,4.445480840194793,1.0,1.0,0.4767266773734653,0.32792327803933113
2023-04-07,14.09882383411068,0.0,5.759145277680051,14.09882383411068,19.85796911179073,2.3628932869678442e-05,12.593542790500319,1.0,1.0,0.7099831687088012,0.48820929816535563
2023-04-08,0.0,0.012122527266853637,0.07992620555006605,0.012122527266853637,0.07992620555006605,0.11094944631196939,13.591225080637743,0.0,0.0,0.0,0.5427107033093904
2023-04-09,2.8429810223671804e-06,5.499695932332376e-05,0.015852913135299327,5.783994034569094e-05,0.015855756116321694,0.19851094133106217,3.1886326600212667,0.0002477393781741608,6.0546159794507344e-05,4.442035721760186e-08,0.524003341827684
2023-04-10,0.0,0.0,0.1783024261299037,0.0,0.1783024261299037,0.2024491760958839,0.9140318516130321,0.0,0.0,0.0,0.49997288689076047
2023-04-11,0.0,0.0,0.41912611091565716,0.0,0.41912611091565716,0.2922599781348833,0.5848443635690628,0.0,0.0,0.0,0.48169877936340216
2023-04-12,0.0,0.0,3.1321401480925357,0.0,3.1321401480925357,0.2529643964077931,0.6519558251296051,0.0,0.0,0.0,0.4052978455955269
2023-04-13,0.0,0.0,1.2929650426816923,0.0,1.2929650426816923,0.229538339880618,1.279854077468885,0.0,0.0,0.0,0.31559592139185727
2023-04-14,0.0017923282667822262,0.5607330354210924,5.286000514941676e-06,0.5625253636878746,0.0017976142672971678,0.24895051153747094,1.2561930150134972,0.005615425905280978,0.00041516190487713995,0.00559891338378683,0.49308126193015606
2023-04-15,0.004162893154771769,1.1305216683083623,0.0022224560157657228,1.134684561463134,0.006385349170537492,0.18528359741321157,0.4626574216358725,0.011808910359634998,0.0012732383955474504,0.0076987539425819596,0.5158146314141385
2023-04-16,2.9183880800842106,0.3298547655729063,0.0848623606282337,3.248242845657117,3.0032504407124443,0.12314030642043286,0.3409495522253034,0.9644906891283703,0.9057302349607282,0.9372372321492817,0.6500494089743262
2023-04-17,0.7382534383894968,4.515459147467947,0.0,5.253712585857444,0.7382534383894968,0.13638366190985388,0.6493637952707697,0.2600437672901441,0.18574829336810192,0.2600437672901441,0.6965422342782359
2023-04-18,0.0,0.0,0.3417602994380428,0.0,0.3417602994380428,0.34645697304022677,1.0674954268390067,0.0,0.0,0.0,0.5138611460529795
2023-04-19,3.5147687435499737,0.0,10.368516161285477,3.5147687435499737,13.88328490483545,0.14193686514589945,0.9927739540510196,1.0,1.0,0.25316549848557846,0.4117873405754935
2023-04-20,3.438633991294812,0.0,10.189994469100178,3.438633991294812,13.628628460394989,0.09106182710030397,7.327653994554261,1.0,1.0,0.2523096143744425,0.35825768853158735
2023-04-21,7.506135202645937e-05,0.0,5.287484546902442,7.506135202645937e-05,5.287559608254468,0.40739730309250805,10.724261527337902,0.0007432181345224824,0.0007432181345224824,1.055060598101832e-08,0.3177720835522267
2023-04-22,0.0,0.0,11.32206049701804,0.0,11.32206049701804,0.6478284328350437,6.485597171474033,0.0,0.0,0.0,0.2639161343112187
2023-04-23,0.0,0.0,19.008093580017594,0.0,19.008093580017594,0.5302134978172834,10.203590169432887,0.0,0.0,0.0,0.15045206942711511
2023-04-24,0.0,0.0,19.306559965076616,0.0,19.306559965076616,0.603568894706375,16.83562309917988,0.0,0.0,0.0,0.19067226147225644
2023-04-25,0.0,0.0,19.273367500944747,0.0,19.273367500944747,0.7391320899952926,17.84884685876935,0.0,0.0,0.0,0.023918204304716844
2023-04-26,0.0,0.0,23.842590628982684,0.0,23.842590628982684,0.6399976339581864,18.91667137457108,0.0,0.0,0.0,0.02029174461400243
2023-04-27,0.0,0.0,17.06860187069114,0.0,17.06860187069114,0.8336513291511328,20.75568366482671,0.0,0.0,0.0,0.01865963248761559
2023-04-28,1.134086311520452,0.0,8.564158392098534,1.134086311520452,9.698244703618986,0.5746072802663902,15.130846646388633,0.8485899500392254,0.8485899500392254,0.09923179666462648,0.02713095700204626
2023-04-29,0.0,0.0,16.80417807630605,0.0,16.80417807630605,0.5997455672891503,10.823537539968493,0.0,0.0,0.0,0.06364132588358075
2023-04-30,0.0,0.0,16.75961421388596,0.0,16.75961421388596,0.7641032717129672,15.119670480065958,0.0,0.0,0.0,0.031141783697084785
2023-05-01,3.073345147512461,0.0,11.107033277846057,3.073345147512461,14.180378425358517,0.8691744950572192,15.080585534102797,1.0,1.0,0.2167322376965944,0.027179506844199713
2023-05-02,2.60336946998262,0.0,2.5448159170360234,2.60336946998262,5.148185387018644,1.0574602897400236,11.573444848782582,0.9994632313472893,0.9994632313472893,0.5054153778961975,0.09578469841514799
2023-05-03,0.0,0.0,4.0464236213149345,0.0,4.0464236213149345,0.43951849995687703,5.593484742349597,0.0,0.0,0.0,0.14438684162214882
2023-05-04,0.017253994872073297,0.0,2.9604069923646126,0.017253994872073297,2.977660987236686,0.9745444669327339,3.7517711230998914,0.014534043519550765,0.014534043519550765,8.421721392452325e-05,0.19478950191655298
2023-05-05,3.613127960437938,0.0,2.7112297788985917,3.613127960437938,6.32435773933653,0.5466943110614003,2.90522999907901,1.0,1.0,0.5713035393246083,0.2216491018722755
2023-05-06,0.0,0.0,3.3346295501423295,0.0,3.3346295501423295,0.7133622916959935,3.6278829658164065,0.0,0.0,0.0,0.15471803097524364
2023-05-07,0.0,0.0,4.663498668645654,0.0,4.663498668645654,1.055880630239263,3.3701294210266948,0.0,0.0,0.0,0.16407030212678614
2023-05-08,0.0,0.0,5.5745949049275145,0.0,5.5745949049275145,1.0034744357229999,3.763696900709578,0.0,0.0,0.0,0.20068708999145787
2023-05-09,0.0,0.0,6.218465044600221,0.0,6.218465044600221,1.1084178329807177,4.815521550177817,0.0,0.0,0.0,0.08415664093376514
2023-05-10,0.0,0.0,6.657140904463182,0.0,6.657140904463182,1.1935938370816255,5.547349410224809,0.0,0.0,0.0,0.04860110343720508
2023-05-11,0.0,0.0,5.825486715081362,0.0,5.825486715081362,1.3436399869987534,5.920625114141369,0.0,0.0,0.0,0.035860820612836374
2023-05-12,0.0,0.0,5.795633479229718,0.0,5.795633479229718,1.1064903658021426,5.47320201703867,0.0,0.0,0.0,0.03090068672054322
2023-05-13,3.414524027680865,0.0,4.576725686662254,3.414524027680865,7.991249714343119,0.9759113681496795,5.342735002605691,0.9604029893884967,0.9604029893884967,0.41036373542897264,0.03273753992763585
2023-05-14,0.0,0.0,3.787530311323756,0.0,3.787530311323756,1.6251111278557855,5.0082586469289945,0.0,0.0,0.0,0.04155728010906468
2023-05-15,0.0,0.0,3.1479603629281376,0.0,3.1479603629281376,1.3686887341833245,3.7693188970475417,0.0,0.0,0.0,0.09242454440575011
2023-05-16,0.0,0.0,2.358891994897642,0.0,2.358891994897642,1.4818972950923044,2.9751375180216617,0.0,0.0,0.0,0.104654960418555
2023-05-17,0.0,0.0,1.4659391278894374,0.0,1.4659391278894374,1.9612470988508457,2.2250956816034453,0.0,0.0,0.0,0.07222544247336264
2023-05-18,0.0,0.0,0.527084657033989,0.0,0.527084657033989,2.1813409005106505,1.4068836341874558,0.0,0.0,0.0,0.055557443487859286
2023-05-19,0.0,0.0,0.13715519622387387,0.0,0.13715519622387387,1.1906195378690945,0.7014592393391643,0.0,0.0,0.0,0.05532372917549061
2023-05-20,0.0,0.0,0.21033223056122874,0.0,0.21033223056122874,1.0259434025903003,0.2986345371320716,0.0,0.0,0.0,0.061947189000386295
2023-05-21,0.0,0.0,0.32066822545979534,0.0,0.32066822545979534,1.0125976836358768,0.1772492506380034,0.0,0.0,0.0,0.07825597270992041
2023-05-22,0.0,0.0,0.26077986033398476,0.0,0.26077986033398476,1.113091158606108,0.1240358626483772,0.0,0.0,0.0,0.09950746057673983
2023-05-23,0.00010846071838906375,0.0,0.26455295500619186,0.00010846071838906375,0.2646614157245809,1.1463594610633467,0.08682595113142705,0.0007432181345224824,0.0007432181345224824,3.0457772837569485e-07,0.13815651762621423
2023-05-24,0.0,0.0,0.18640894000903577,0.0,0.18640894000903577,1.4884996654130909,0.12440975813337182,0.0,0.0,0.0,0.07420623090736268
2023-05-25,0.0,0.0,0.14191167451142317,0.0,0.14191167451142317,1.5017741633770956,0.12821078870436006,0.0,0.0,0.0,0.07828397867213018
2023-05-26,0.0,0.0,0.07370177927054404,0.0,0.07370177927054404,1.6523772918634392,0.1093337734534316,0.0,0.0,0.0,0.08570576598070627
2023-05-27,0.0,0.0,0.022673525952096495,0.0,0.022673525952096495,1.6561783379392836,0.0602010375459575,0.0,0.0,0.0,0.1261366713078045
2023-05-28,0.0,0.0,0.005179284466918968,0.0,0.005179284466918968,1.280054158183694,0.023956237122668037,0.0,0.0,0.0,0.2053726393878593
2023-05-29,0.0,0.0,0.005945211021585663,0.0,0.005945211021585663,1.43755995032659,0.009913441846114028,0.0,0.0,0.0,0.27684719670002295
2023-05-30,0.0,0.0,0.003785713546997311,0.0,0.003785713546997311,1.4965179005848157,0.006834339384871509,0.0,0.0,0.0,0.2638469412831204
2023-05-31,0.0,0.0,0.0015330628651173224,0.0,0.0015330628651173224,1.6649630221037621,0.005104467190716304,0.0,0.0,0.0,0.26831949524208093
2023-06-01,0.0,0.0,0.0004237824800679439,0.0,0.0004237824800679439,1.5979577868482908,0.003659066644477649,0.0,0.0,0.0,0.28837779826972204
2023-06-02,0.0,0.0,0.00012752203562068194,0.0,0.00012752203562068194,1.7880446126478118,0.002795221963131875,0.0,0.0,0.0,0.3137534084430564
2023-06-03,0.0,0.0,2.7382322756064232e-05,0.0,2.7382322756064232e-05,1.9197468845191294,0.001966826554621775,0.0,0.0,0.0,0.2814798400393792
2023-06-04,0.0,0.0,5.018142714531395e-06,0.0,5.018142714531395e-06,1.9276438400823197,0.0013786328641467642,0.0,0.0,0.0,0.24077174345136557
2023-06-05,4.825406690617567,0.0,5.103692501267197e-07,4.825406690617567,4.825407200986817,1.0882941011189666,0.0025977666736992045,1.0,1.0,0.9999998942329158,0.33314760842190544
2023-06-06,4.412963006564362,0.0,0.0,4.412963006564362,4.412963006564362,0.6561208582843328,0.0046006885798073995,0.9961187497419381,0.9961187497419381,0.9961187497419381,0.38883543229372464
2023-06-07,0.0,0.0,0.0,0.0,0.0,0.6359251555591887,0.004069062126090176,0.0,0.0,0.0,0.2627264366691844
2023-06-08,0.0,0.0,0.0,0.0,0.0,1.6515574773486832,0.002503967977002796,0.0,0.0,0.0,0.2393187883584784
2023-06-09,0.0,0.0,0.0,0.0,0.0,1.7110736699661386,0.0015837505618876738,0.0,0.0,0.0,0.23356156064920433
2023-06-10,0.0,0.0,0.0,0.0,0.0,2.066541805663029,0.000743999141846877,0.0,0.0,0.0,0.2666959903836221
2023-06-11,0.0,0.0,0.0,0.0,0.0,1.3994905440962095,0.00023488033771954217,0.0,0.0,0.0,0.3268291250191151
2023-06-12,0.0,0.0,0.0,0.0,0.0,1.3750851139395341,0.00031824848301534905,0.0,0.0,0.0,0.15765573724298013
2023-06-13,0.678186575328312,0.0,0.0,0.678186575328312,0.678186575328312,1.3360241879922892,0.0005086759096471703,0.3756141872083901,0.3756141872083901,0.37561418720839007,0.18038543345317382
2023-06-14,0.0,0.0,0.0,0.0,0.0,1.5874031413518603,0.0003124175650927405,0.0,0.0,0.0,0.29162839987659983
2023-06-15,0.0,0.0,0.0,0.0,0.0,0.9480167662638092,0.00013019070327210562,0.0,0.0,0.0,0.2938064729865615
2023-06-16,0.0,0.0,0.0,0.0,0.0,1.0052953044034398,0.0001688645780280511,0.0,0.0,0.0,0.2543698566555863
2023-06-17,0.0,0.0,0.0,0.0,0.0,0.4800537876580743,0.0003703818695174303,0.0,0.0,0.0,0.1588999898962888
2023-06-18,0.0,0.0,0.0,0.0,0.0,1.2969683204495956,0.0004242537822051918,0.0,0.0,0.0,0.16007504594385177
2023-06-19,2.0151763455091185,0.0,0.0,2.0151763455091185,2.0151763455091185,1.2580838908314114,0.0006487618297503143,0.4776002312234196,0.4776002312234196,0.4776002312234196,0.07283769408163457
2023-06-20,5.717589257493047,0.0,0.0,5.717589257493047,5.717589257493047,1.1513245569503343,0.0044836511757908905,1.0,1.0,1.0,0.10119320234735281
2023-06-21,0.0,0.0,0.0,0.0,0.0,1.8090978525968175,0.004760361825359525,0.0,0.0,0.0,0.10157770898190167
2023-06-22,0.0,0.0,0.0,0.0,0.0,1.8206759110056636,0.00031470596048333423,0.0,0.0,0.0,0.08846176582029332
2023-06-23,0.0,0.0,0.0,0.0,0.0,1.512721552570987,0.00023223345367374713,0.0,0.0,0.0,0.08393491494777078
2023-06-24,0.0,0.0,0.0,0.0,0.0,1.8216443622168512,0.00012232659893032926,0.0,0.0,0.0,0.15505397867679582
2023-06-25,0.0,0.0,0.0,0.0,0.0,1.7287561166739813,8.970522195954328e-05,0.0,0.0,0.0,0.07938793006514523
2023-06-26,0.0,0.0,0.0,0.0,0.0,1.9638931134667437,9.606928669369886e-05,0.0,0.0,0.0,0.13176308511835158
2023-06-27,0.0,0.0,0.0,0.0,0.0,2.0325373658878987,1.951080401285239e-05,0.0,0.0,0.0,0.0
2023-06-28,0.0,0.0,0.0,0.0,0.0,1.8232557224451567,0.0,0.0,0.0,0.0,0.0
2023-06-29,0.0,0.0,0.0,0.0,0.0,1.908130897876755,0.0,0.0,0.0,0.0,0.0
2023-06-30,0.0,0.0,0.0,0.0,0.0,1.9555164061635242,0.0,0.0,0.0,0.0,0.0
2023-07-01,0.0,0.0,0.0,0.0,0.0,1.896785681149997,0.0,0.0,0.0,0.0,0.0
2023-07-02,0.0,0.0,0.0,0.0,0.0,1.9020368733520536,0.0,0.0,0.0,0.0,0.0
2023-07-03,0.0,0.0,0.0,0.0,0.0,2.0118148193506804,0.0,0.0,0.0,0.0,0.0
2023-07-04,0.0,0.0,0.0,0.0,0.0,1.9483451276047141,0.0,0.0,0.0,0.0,0.0
2023-07-05,0.0,0.0,0.0,0.0,0.0,2.0757011997733525,0.0,0.0,0.0,0.0,0.0
2023-07-06,4.984354199074287,0.0,0.0,4.984354199074287,4.984354199074287,1.3087038707600813,3.2877640583022875e-05,1.0,1.0,1.0,0.0
2023-07-07,0.0,0.0,0.0,0.0,0.0,1.4880652584882483,4.5545978534982595e-05,0.0,0.0,0.0,0.0
2023-07-08,0.0,0.0,0.0,0.0,0.0,1.676850446944752,0.0,0.0,0.0,0.0,0.0
2023-07-09,0.0,0.0,0.0,0.0,0.0,1.4472289747609617,4.358018534279023e-06,0.0,0.0,0.0,0.0
2023-07-10,0.0,0.0,0.0,0.0,0.0,1.6921509991642762,1.3014312271005564e-05,0.0,0.0,0.0,0.0
2023-07-11,0.0,0.0,0.0,0.0,0.0,1.8632676543259448,1.5795180681582662e-05,0.0,0.0,0.0,0.0
2023-07-12,0.0,0.0,0.0,0.0,0.0,2.0897951916723847,2.8676378250925042e-05,0.0,0.0,0.0,0.0
2023-07-13,0.0,0.0,0.0,0.0,0.0,1.9804082028735834,5.951736694189354e-06,0.0,0.0,0.0,0.0
2023-07-14,0.0,0.0,0.0,0.0,0.0,1.0259858015129157,0.0,0.0,0.0,0.0,0.0
2023-07-15,0.0,0.0,0.0,0.0,0.0,1.5183227749987493,0.0,0.0,0.0,0.0,0.0
2023-07-16,0.0,0.0,0.0,0.0,0.0,1.5197478988454567,9.854501639454674e-07,0.0,0.0,0.0,0.0
2023-07-17,0.0,0.0,0.0,0.0,0.0,1.8203273642388293,2.6037548109382776e-05,0.0,0.0,0.0,0.0
2023-07-18,0.0,0.0,0.0,0.0,0.0,1.6542277565666041,8.878306404814836e-06,0.0,0.0,0.0,0.0
2023-07-19,0.0,0.0,0.0,0.0,0.0,1.5384326160904125,8.141774757499666e-09,0.0,0.0,0.0,0.0
2023-07-20,0.0,0.0,0.0,0.0,0.0,1.5663192365566445,0.0,0.0,0.0,0.0,0.0
2023-07-21,2.7229490322950802,0.0,0.0,2.7229490322950802,2.7229490322950802,0.7851640192440068,0.0,1.0,1.0,1.0,0.0
2023-07-22,0.0,0.0,0.0,0.0,0.0,0.9094490075506131,0.0,0.0,0.0,0.0,0.0
2023-07-23,0.0,0.0,0.0,0.0,0.0,1.4314025647230442,0.0,0.0,0.0,0.0,0.0
2023-07-24,0.0,0.0,0.0,0.0,0.0,1.197737535409713,1.6986784661485062e-05,0.0,0.0,0.0,0.0
2023-07-25,0.0,0.0,0.0,0.0,0.0,1.3615741714164917,4.23919318708131e-05,0.0,0.0,0.0,0.0
2023-07-26,0.0,0.0,0.0,0.0,0.0,1.3416209118380777,1.8172199830483698e-05,0.0,0.0,0.0,0.0
2023-07-27,0.0,0.0,0.0,0.0,0.0,1.1546351656395963,1.0653907666683057e-05,0.0,0.0,0.0,0.0
2023-07-28,0.0,0.0,0.0,0.0,0.0,1.3968441827237326,2.785464205493242e-06,0.0,0.0,0.0,0.0
2023-07-29,0.0,0.0,0.0,0.0,0.0,1.3082997094801696,8.460304215863531e-06,0.0,0.0,0.0,0.0
2023-07-30,0.0,0.0,0.0,0.0,0.0,1.4251950210854767,3.0110475290801523e-05,0.0,0.0,0.0,0.0
2023-07-31,0.0,0.0,0.0,0.0,0.0,1.2948274847739556,1.4155288074070374e-05,0.0,0.0,0.0,0.0
2023-08-01,2.2051078857360613,0.0,0.0,2.2051078857360613,2.2051078857360613,0.7942472082699262,4.1982249609772676e-05,1.0,1.0,1.0,0.0
2023-08-02,3.325614544783108,0.0,0.0,3.325614544783108,3.325614544783108,0.2945559086026499,0.00011036632033838922,1.0,1.0,1.0,0.0
2023-08-03,6.621766934031003,0.0,0.0,6.621766934031003,6.621766934031003,0.6396249941947533,0.0020666154080241786,0.5475040257648953,0.5475040257648953,0.5475040257648953,0.15739137742459106
2023-08-04,0.005370833315389053,0.0,0.0,0.005370833315389053,0.005370833315389053,0.9549855795857156,0.002631952094255767,0.009248936785168669,0.009248936785168669,0.009248936785168669,0.16666666666666666
2023-08-05,0.0,0.0,0.0,0.0,0.0,1.3127428996519623,6.169640498065601e-05,0.0,0.0,0.0,0.0
2023-08-06,0.0,0.0,0.0,0.0,0.0,0.7320355946246903,7.047143125592832e-05,0.0,0.0,0.0,0.0
2023-08-07,0.0,0.0,0.0,0.0,0.0,1.065044808604957,5.050028809442726e-05,0.0,0.0,0.0,0.0
2023-08-08,0.0,0.0,0.0,0.0,0.0,1.1066113422779598,4.142835578561925e-05,0.0,0.0,0.0,0.0
2023-08-09,0.0,0.0,0.0,0.0,0.0,1.003040288947384,8.410370143348246e-05,0.0,0.0,0.0,0.0
2023-08-10,0.0,0.0,0.0,0.0,0.0,1.3058855603515327,6.467613750552117e-05,0.0,0.0,0.0,0.0
2023-08-11,0.0,0.0,0.0,0.0,0.0,1.3523357418543107,5.454708150354044e-05,0.0,0.0,0.0,0.0
2023-08-12,0.0,0.0,0.0,0.0,0.0,1.4724866001109564,6.596655965549453e-05,0.0,0.0,0.0,0.0
2023-08-13,0.0,0.0,0.0,0.0,0.0,1.4068482932017703,3.688675619492507e-05,0.0,0.0,0.0,0.0
2023-08-14,0.0,0.0,0.0,0.0,0.0,1.4436570414914456,7.174578057358976e-06,0.0,0.0,0.0,0.0
2023-08-15,0.0,0.0,0.0,0.0,0.0,1.3171424520051302,0.0,0.0,0.0,0.0,0.0
2023-08-16,0.0,0.0,0.0,0.0,0.0,1.2058175754922122,0.0,0.0,0.0,0.0,0.0
2023-08-17,0.0,0.0,0.0,0.0,0.0,0.8823193866816321,0.0,0.0,0.0,0.0,0.0
2023-08-18,0.0,0.0,0.0,0.0,0.0,0.7655744368472622,2.7370371484849665e-06,0.0,0.0,0.0,0.0
2023-08-19,0.0,0.0,0.0,0.0,0.0,0.6617297721503685,3.241293797711416e-05,0.0,0.0,0.0,0.0
2023-08-20,0.0,0.0,0.0,0.0,0.0,0.6524110374332333,3.255009227977133e-05,0.0,0.0,0.0,0.0
2023-08-21,0.0,0.0,0.0,0.0,0.0,0.6652256190522773,4.927277787433325e-05,0.0,0.0,0.0,0.0
2023-08-22,2.6729616047068907,0.0,0.0,2.6729616047068907,2.6729616047068907,0.4085292876755742,9.017883471062965e-05,0.7738139477269912,0.7738139477269912,0.7738139477269912,0.0
2023-08-23,0.0,0.0,0.0,0.0,0.0,0.8185668522581022,0.00013577935421171542,0.0,0.0,0.0,0.0
2023-08-24,0.0,0.0,0.0,0.0,0.0,0.8230031977435524,7.711619345881827e-05,0.0,0.0,0.0,0.0
2023-08-25,0.0,0.0,0.0,0.0,0.0,0.9826852431218497,7.024187864652642e-05,0.0,0.0,0.0,0.0
2023-08-26,0.0,0.0,0.0,0.0,0.0,0.6872345760655396,1.5150925137645701e-05,0.0,0.0,0.0,0.0
2023-08-27,0.0,0.0,0.0,0.0,0.0,0.42873641877095153,2.475121508275954e-06,0.0,0.0,0.0,0.0
2023-08-28,2.683271965600341,0.0,0.0,2.683271965600341,2.683271965600341,0.052052229535892794,7.691682406877775e-05,1.0,1.0,1.0,0.0
2023-08-29,0.6933394484255776,0.0,0.0,0.6933394484255776,0.6933394484255776,0.22259944078254254,0.00013847047313030438,0.20549981419546637,0.20549981419546637,0.20549981419546634,0.0
2023-08-30,0.0,0.0,0.0,0.0,0.0,0.6106161068300278,0.00017692731920381533,0.0,0.0,0.0,0.0
2023-08-31,0.0,0.0,0.0,0.0,0.0,0.45948346340935287,8.422704318139248e-05,0.0,0.0,0.0,0.0
2023-09-01,0.0,0.0,0.0,0.0,0.0,0.4783288008807457,4.2228042138062506e-05,0.0,0.0,0.0,0.0
2023-09-02,0.0,0.0,0.0,0.0,0.0,0.510750161487954,4.4940919122234377e-05,0.0,0.0,0.0,0.0
2023-09-03,0.0,0.0,0.0,0.0,0.0,0.5496724772616497,7.441588529177466e-05,0.0,0.0,0.0,0.0
2023-09-04,0.0,0.0,0.0,0.0,0.0,0.543412328140121,6.52270127783399e-05,0.0,0.0,0.0,0.0
2023-09-05,0.0,0.0,0.0,0.0,0.0,0.5361761882399123,6.967501412170886e-05,0.0,0.0,0.0,0.0
2023-09-06,0.0,0.0,0.0,0.0,0.0,0.5004115132559699,8.990420641554015e-05,0.0,0.0,0.0,0.0
2023-09-07,0.0,0.0,0.0,0.0,0.0,0.5418155246272843,9.759465794860337e-05,0.0,0.0,0.0,0.0
2023-09-08,0.0,0.0,0.0,0.0,0.0,0.4409788646183279,7.444751742687834e-05,0.0,0.0,0.0,0.0
2023-09-09,0.0,0.0,0.0,0.0,0.0,0.3688004956654251,5.500394411358803e-05,0.0,0.0,0.0,0.0
2023-09-10,0.0,0.0,0.0,0.0,0.0,0.39284136702594763,6.754770856278078e-05,0.0,0.0,0.0,0.0
2023-09-11,0.0,0.0,0.0,0.0,0.0,0.4724186574440691,7.110905201066394e-05,0.0,0.0,0.0,0.0
2023-09-12,0.0,0.0,0.0,0.0,0.0,0.48417459589625444,7.196909718461898e-05,0.0,0.0,0.0,0.0
2023-09-13,0.0,0.0,0.0,0.0,0.0,0.4189556914822438,7.991665195720106e-05,0.0,0.0,0.0,0.0
2023-09-14,0.0,0.0,0.0,0.0,0.0,0.28923894284728,6.041015754961351e-05,0.0,0.0,0.0,0.0
2023-09-15,0.0,0.0,0.0,0.0,0.0,0.22919308044839165,5.116649580736457e-05,0.0,0.0,0.0,0.0
2023-09-16,0.0,0.0,0.0,0.0,0.0,0.21135272455442872,5.236379765191057e-05,0.0,0.0,0.0,0.0
2023-09-17,2.6197063180801425,0.0,0.0,2.6197063180801425,2.6197063180801425,0.03703685534234514,8.75756981408989e-05,1.0,1.0,1.0,0.0
2023-09-18,0.0,0.0,0.0,0.0,0.0,0.12350768916226137,0.00012181235473646816,0.0,0.0,0.0,0.0
2023-09-19,0.0,0.0,0.0,0.0,0.0,0.1534606196488643,0.000107329326434201,0.0,0.0,0.0,0.0
2023-09-20,2.8155405539229648,0.0,0.0,2.8155405539229648,2.8155405539229648,0.050631854977177114,0.00016117794006272556,0.9994632313472893,0.9994632313472893,0.9994632313472893,0.0
2023-09-21,8.700027572294648,0.0,0.0,8.700027572294648,8.700027572294648,0.06268130611887776,0.002409863628953416,1.0,1.0,1.0,0.0
2023-09-22,6.9014658732184495,0.0,0.0,6.9014658732184495,6.9014658732184495,0.0,0.0073464624861967216,1.0,1.0,1.0,0.16665911279350726
2023-09-23,6.5534240866118045,0.0,0.0,6.5534240866118045,6.5534240866118045,0.06626669979403436,0.008403138210476177,1.0,1.0,1.0,0.16666666666666666
2023-09-24,11.197718577742817,0.0,0.0,11.197718577742817,11.197718577742817,0.08094481185878395,0.014126082993977536,1.0,1.0,1.0,0.16666666666666666
2023-09-25,0.6634442187049545,0.0,0.0,0.6634442187049545,0.6634442187049545,0.13253457299325933,0.011525705701435705,0.1514100499607746,0.1514100499607746,0.1514100499607746,0.16666666666666666
2023-09-26,0.0,0.0,0.0,0.0,0.0,0.1752449383840419,0.0007255694663538645,0.0,0.0,0.0,0.0
2023-09-27,0.0,0.0,0.0,0.0,0.0,0.2131310353023084,0.0002205535549587151,0.0,0.0,0.0,0.0
2023-09-28,0.0,0.0,0.0,0.0,0.0,0.18309749540131154,0.0002289451474829289,0.0,0.0,0.0,0.0
2023-09-29,0.0026668440177539726,0.0,0.0,0.0026668440177539726,0.0026668440177539726,0.06043501826242297,0.0002466234767157676,0.010859242743300714,0.010859242743300714,0.010859242743300714,0.0
2023-09-30,0.0,0.0,0.0,0.0,0.0,0.033821857881345445,0.00030397440492004876,0.0,0.0,0.0,0.0
2023-10-01,0.0,0.0,0.0,0.0,0.0,0.09936817544496702,0.00030854113000074933,0.0,0.0,0.0,0.0
2023-10-02,0.0,0.0,0.0,0.0,0.0,0.24477605769856095,0.0002804889327416415,0.0,0.0,0.0,0.0
2023-10-03,0.0,0.0,0.0,0.0,0.0,0.29768167118523364,0.00015613268736289627,0.0,0.0,0.0,0.0
2023-10-04,0.0,0.0,0.0,0.0,0.0,0.1813596927247256,0.0001505662011318932,0.0,0.0,0.0,0.0
2023-10-05,0.0,0.0,0.0,0.0,0.0,0.2008645126636895,0.0001894124235471769,0.0,0.0,0.0,0.0
2023-10-06,3.1217013404578267,0.0,0.0,3.1217013404578267,3.1217013404578267,0.2722019481031506,0.00018410411836454165,0.8546595648044923,0.8546595648044923,0.8546595648044923,0.0
2023-10-07,5.42185923706794,0.0,0.0,5.42185923706794,5.42185923706794,0.15434279180630234,0.0005950320371731149,1.0,1.0,1.0,0.16666666666666666
2023-10-08,3.4629849974272493,0.0,0.0,3.4629849974272493,3.4629849974272493,0.032767469986683444,0.003269478975868445,0.9961187497419381,0.9961187497419381,0.9961187497419381,0.16666666666666666
2023-10-09,0.0,0.0,0.0,0.0,0.0,0.0908532023474822,0.0024035104631169504,0.0,0.0,0.0,0.0
2023-10-10,0.0,0.0,0.0,0.0,0.0,0.04260867556046061,0.00041285247532022124,0.0,0.0,0.0,0.0
2023-10-11,1.0935482213033447,0.0,0.0,1.0935482213033447,1.0935482213033447,0.018278957387101027,0.000809463369653841,0.5899500392254016,0.5899500392254016,0.5899500392254016,0.0
2023-10-12,0.0,0.0,0.0,0.0,0.0,0.01839585797373486,0.0009552570481225299,0.0,0.0,0.0,0.0
2023-10-13,2.8699740957718096,0.0,0.0,2.8699740957718096,2.8699740957718096,0.027972554038193702,0.002255112183146083,0.6551054956852058,0.6551054956852058,0.6551054956852058,0.0
2023-10-14,0.0,0.0,0.0,0.0,0.0,0.10559267912558265,0.0032673750873047835,0.0,0.0,0.0,0.0
2023-10-15,0.0,0.0,0.0,0.0,0.0,0.024763499110148877,0.0006287023371014145,0.0,0.0,0.0,0.0
2023-10-16,0.0,0.0,0.0,0.0,0.0,0.12226991552754421,0.0005434322863391037,0.0,0.0,0.0,0.0
2023-10-17,0.0,0.0,0.0,0.0,0.0,0.10730881085351064,0.00033701671303453407,0.0,0.0,0.0,0.0
2023-10-18,0.0,0.0,0.0,0.0,0.0,0.107412998748256,0.00024786764382750046,0.0,0.0,0.0,0.0
2023-10-19,0.0,0.0,0.0,0.0,0.0,0.13329704650262997,0.00016438821395005883,0.0,0.0,0.0,0.0
2023-10-20,0.0,0.0,0.0,0.0,0.0,0.13314833925691857,0.00011440368780081338,0.0,0.0,0.0,0.0
2023-10-21,4.768674540070846,1.1653238898526914,0.0,5.9339984299235375,4.768674540070846,0.05929544052201151,0.0002163356500509823,0.923407242247822,0.8294824662990008,0.9234072422478221,0.0
2023-10-22,2.6490009218540753,1.1034276977932904,0.0,3.7524286196473655,2.6490009218540753,0.011803951989784154,0.0018354508485994615,0.8830670135017961,0.7722906312345661,0.8830670135017961,0.16666666666666666
2023-10-23,1.5913801839620796,0.04882421474064551,0.0,1.640204398702725,1.5913801839620796,0.027866572187679472,0.0020959897140447096,0.49766712085552667,0.48777758018090606,0.49766712085552667,0.15872669085934005
2023-10-24,0.0,0.0,0.0,0.0,0.0,0.03355973499294091,0.0012277793831545953,0.0,0.0,0.0,0.16666666666666666
2023-10-25,0.0,0.0,0.0,0.0,0.0,0.02637996230913669,0.00032513674041828724,0.0,0.0,0.0,0.0
2023-10-26,0.0,0.0,0.0,0.0,0.0,0.004798439622340637,0.00033582583352807544,0.0,0.0,0.0,0.0
2023-10-27,0.0,0.0,0.0,0.0,0.0,0.0015860065145831413,0.0003581248985354575,0.0,0.0,0.0,0.0
2023-10-28,0.0,0.0,0.004132201854548086,0.0,0.004132201854548086,0.0012168301868323071,0.00035813478106699854,0.0,0.0,0.0,0.07770774149839876
2023-10-29,8.297361650076516,0.0,0.32224920195965573,8.297361650076516,8.619610852036171,0.0,0.004676975416906375,1.0,1.0,0.9626144140969506,0.04883706777019738
2023-10-30,10.93630719703449,0.0,0.6023646548436619,10.93630719703449,11.538671851878151,0.0,0.0286820066487151,0.921012428258805,0.921012428258805,0.8729319090641687,0.16466532303040704
2023-10-31,8.464830938442423,0.0,0.3043965518385882,8.464830938442423,8.769227490281011,0.013424142940724184,0.04199191507948888,1.0,1.0,0.9652880995303232,0.16241429011725927
2023-11-01,15.41209873841902,0.0,0.28001905150605394,15.41209873841902,15.692117789925074,0.0033659457219539324,0.07537236692567997,1.0,1.0,0.9821554327303204,0.16080512741262984
2023-11-02,8.021037214942455,0.0,0.009358549990798872,8.021037214942455,8.030395764933253,0.32126153691883014,0.09697369096797047,1.0,1.0,0.9988346091195573,0.1595549485746662
2023-11-03,9.57269962154808,0.0,0.004712725091100709,9.57269962154808,9.577412346639182,0.01347034625010004,0.17320992590671694,1.0,1.0,0.9995079333623184,0.2585790288635087
2023-11-04,1.1079475543585042,0.023161658445157846,0.00011855153886872312,1.1311092128036622,1.1080661058973729,0.26413485910350404,1.7537942841936942,0.3026962302324621,0.29827008327998605,0.30266384488675685,0.09781144716549128
2023-11-05,0.0,0.0,0.00018478588032695646,0.0,0.00018478588032695646,0.0819707220203208,1.1687141538634676,0.0,0.0,0.0,0.1758521837156862
2023-11-06,0.057229411960775745,0.2151403482975943,0.0,0.27236976025837,0.057229411960775745,0.22591369224913246,0.4128047699369233,0.34014616623312277,0.2207248849852681,0.3401461662331228,0.21998714993235002
2023-11-07,0.037138405717660555,0.14768588789911966,0.0,0.1848242936167802,0.037138405717660555,1.5758662906757828e-05,0.17833147164921748,0.11098724142202403,0.05867079756826452,0.11098724142202403,0.23922427282491884
2023-11-08,2.469007678468197,0.0,5.610074219772348e-06,2.469007678468197,2.469013288542417,0.0,0.11148180445812785,0.20554110409182874,0.20554110409182874,0.2055406370628117,0.29884929572283453
2023-11-09,9.212466924461341e-05,0.0,6.489871595568155e-07,9.212466924461341e-05,9.277365640417022e-05,0.028562066724291815,0.09054276431634155,0.0014864362690449647,0.0014864362690449647,0.0014760380796289187,0.27704812503215825
2023-11-10,0.0,0.0,1.683100310441631e-07,0.0,1.683100310441631e-07,0.053428227529797395,0.0919486559607182,0.0,0.0,0.0,0.24756700230005388
2023-11-11,1.2382243710424043,0.0,0.0,1.2382243710424043,1.2382243710424043,0.027560255938957116,0.2422040823522178,0.5406499029687436,0.5406499029687436,0.5406499029687436,0.3000872940661654
2023-11-12,7.239654598816623e-05,0.0,0.0,7.239654598816623e-05,7.239654598816623e-05,0.035474524235341205,0.12485035792650682,0.0007432181345224824,0.0007432181345224824,0.0007432181345224824,0.3087194953018621
2023-11-13,0.0,0.0,0.0,0.0,0.0,0.023549982702545602,0.07527594231936972,0.0,0.0,0.0,0.3131942345867493
2023-11-14,0.0,0.0,0.0,0.0,0.0,0.0006317558142375775,0.054929631099143596,0.0,0.0,0.0,0.3168717342632479
2023-11-15,3.3256614747009596,0.0,0.0,3.3256614747009596,3.3256614747009596,0.004428455419876643,0.04732520994105478,1.0,1.0,1.0,0.4953263544614686
2023-11-16,0.12836197533505023,0.7513492928611055,0.0,0.8797112681961557,0.12836197533505023,0.04609867423113579,0.05182826504464564,0.10202733391139188,0.043288097285222586,0.10202733391139188,0.45847308097504763
2023-11-17,0.0,0.0,0.0,0.0,0.0,0.056329689088787806,0.053540750779508886,0.0,0.0,0.0,0.49519763173671216
2023-11-18,0.0,0.0,0.11118471434742278,0.0,0.11118471434742278,0.0,0.07253554915480728,0.0,0.0,0.0,0.42382631399257087
2023-11-19,0.0,0.0,1.1709012360551247e-10,0.0,1.1709012360551247e-10,0.024087270646235382,0.07534582536379913,0.0,0.0,0.0,0.42753978818036115
2023-11-20,0.0,0.0,0.0,0.0,0.0,0.08496276900250296,0.06121171848499456,0.0,0.0,0.0,0.501157440600318
2023-11-21,0.0,0.0,0.0,0.0,0.0,0.01973468094079842,0.04628479346697389,0.0,0.0,0.0,0.5031547990199879
2023-11-22,0.0,0.0,0.0,0.0,0.0,0.033711565989738006,0.034787099367515534,0.0,0.0,0.0,0.5162053179267154
2023-11-23,0.0,0.0,0.0,0.0,0.0,0.017521685614909997,0.026948871093791713,0.0,0.0,0.0,0.5157041473540419
2023-11-24,0.0,0.0,0.0,0.0,0.0,0.0,0.023316589817979464,0.0,0.0,0.0,0.4407803691528804
2023-11-25,0.0,0.0,0.0,0.0,0.0,0.004072994838000711,0.023270140138378963,0.0,0.0,0.0,0.4347750473647805
2023-11-26,0.0,0.0,0.0,0.0,0.0,0.008355443856645387,0.026318314333564467,0.0,0.0,0.0,0.4498715778259877
2023-11-27,0.0,4.729103371987012,0.0,4.729103371987012,0.0,0.002035056245193785,0.028403106241256793,0.0,0.0,0.0,0.47245363850740874
2023-11-28,0.0,12.694201390792022,0.0,12.694201390792022,0.0,0.0,0.028998787989660595,0.0,0.0,0.0,0.43626159209664817
2023-11-29,1.5262350901996893,13.509712041061952,0.0,15.035947131261642,1.5262350901996893,0.0,0.03939958074977922,0.19298897559767125,0.14114691236640725,0.19298897559767125,0.540080710495759
2023-11-30,11.651399533132846,0.0,0.0,11.651399533132846,11.651399533132846,0.0,0.11995606984509442,1.0,1.0,1.0,0.6101432212811191
2023-12-01,12.729864744708465,0.0,0.10841300880005983,12.729864744708465,12.838277753508525,0.0,0.5030332059434213,1.0,1.0,0.9915554865783744,0.6176034368315401
2023-12-02,17.620233941249467,0.0,6.620672772814858,17.620233941249467,24.240906714064323,0.0,4.054027497197881,1.0,1.0,0.726880151352853,0.520270665408818
2023-12-03,13.775266500787742,0.0,1.4365786587559053,13.775266500787742,15.211845159543648,0.0,15.462594274937697,1.0,1.0,0.9055618405466992,0.7359962724107824
2023-12-04,0.6931140525464082,1.7927025733227056,0.01396436393586938,2.4858166258691137,0.7070784164822776,0.0,10.754106255856737,0.24687229035055122,0.16552908183337967,0.2419967144203911,0.7796061858989013
2023-12-05,0.0,0.0,0.0,0.0,0.0,0.0,3.033186995501549,0.0,0.0,0.0,0.6688134022354336
2023-12-06,0.0,12.111196042373196,0.0,12.111196042373196,0.0,0.0,0.9360497490548565,0.0,0.0,0.0,0.6729138764089728
2023-12-07,1.386756656832279,0.0,0.0,1.386756656832279,1.386756656832279,0.0,0.48354046347518265,0.3857715017135307,0.3857715017135307,0.3857715017135307,0.6725506297232694
2023-12-08,0.0,0.0,0.0,0.0,0.0,0.0,0.38342426329371637,0.0,0.0,0.0,0.6697690932500754
2023-12-09,2.928096799381177,0.7098720409600204,0.0,3.6379688403411974,2.928096799381177,0.0,0.6017974427098929,0.6893348197696024,0.606518469391888,0.6893348197696024,0.8433949529288719
2023-12-10,0.0020388662929065725,0.0,0.0,0.0020388662929065725,0.0020388662929065725,0.0,0.820077195985553,0.009248936785168669,0.009248936785168669,0.009248936785168669,0.8344104645863407
2023-12-11,0.0,0.0,0.0,0.0,0.0,0.0,0.69410616628378,0.0,0.0,0.0,0.6692810405601411
2023-12-12,0.0,0.0,0.044950849143845374,0.0,0.044950849143845374,0.0,0.3915264629351757,0.0,0.0,0.0,0.6539294551160403
2023-12-13,0.0,0.0,1.3862572072257746,0.0,1.3862572072257746,0.0,0.3178990669216415,0.0,0.0,0.0,0.6419738393849072
2023-12-14,0.0,0.0,0.1128893876992702,0.0,0.1128893876992702,0.0,0.3206603987873492,0.0,0.0,0.0,0.6497275337362142
2023-12-15,6.070013624852939,0.0,0.0,6.070013624852939,6.070013624852939,0.0,0.3940571348062402,0.9982658243527809,0.9982658243527809,0.9982658243527809,0.7701772608352161
2023-12-16,4.663295265345813,0.0,0.0,4.663295265345813,4.663295265345813,0.0,1.128579735280279,1.0,1.0,1.0,0.6901429332057948
2023-12-17,0.2550516472187932,0.0,1.6165370439889826,0.2550516472187932,1.8715886912077757,0.0,2.3582839801089808,0.25863991081382387,0.25863991081382387,0.035246277988043376,0.6557211568874389
2023-12-18,3.508926182291253,0.0,2.2186162636243116,3.508926182291253,5.727542445915565,0.0,1.844782961499655,0.9725009290226682,0.9725009290226682,0.5957937465105455,0.5888896300171969
2023-12-19,0.0,0.0,0.0,0.0,0.0,0.0,2.4585121976237545,0.0,0.0,0.0,0.7466903105401527
2023-12-20,0.0,0.0,0.0,0.0,0.0,0.0,1.5568531266696415,0.0,0.0,0.0,0.5667814962033907
2023-12-21,0.0,0.0,0.0,0.0,0.0,0.0,0.6488669709889079,0.0,0.0,0.0,0.5462326008375359
2023-12-22,0.0,6.15338223342882,0.0,6.15338223342882,0.0,0.0,0.42713725825467513,0.0,0.0,0.0,0.5396886759965672
2023-12-23,2.809686223751901,0.7909623905635812,0.0,3.6006486143154826,2.809686223751901,0.0,0.381238654457828,0.9322019901730046,0.863877370052623,0.9322019901730046,0.5512905489931282
2023-12-24,2.566044652057235,1.2932038337274003,0.0,3.8592484857846356,2.566044652057235,0.0,0.5681581199894336,0.884429580081754,0.7726605085300389,0.884429580081754,0.49865711653914085
2023-12-25,0.0001749352431542649,0.0,0.0,0.0001749352431542649,0.0001749352431542649,0.0,1.483825555574373,0.0014864362690449647,0.0014864362690449647,0.0014864362690449647,0.571211935929785
2023-12-26,0.0,0.0,0.23175498371624825,0.0,0.23175498371624825,0.0,1.0596126266051442,0.0,0.0,0.0,0.5557388366182673
2023-12-27,1.7108173024880857,0.0,0.0,1.7108173024880857,1.7108173024880857,0.0,0.5516691489888333,1.0,1.0,1.0,0.5850708333059064
2023-12-28,0.2605162785852449,0.9864851020026091,0.0,1.247001380587854,0.2605162785852449,0.0,0.5126794411053435,0.3935752921260168,0.2884742222738694,0.3935752921260168,0.5511309581891417
