,Q,P,TAMAX,TAMIN
1979-10-01,0.2605149924,0.0,26.0,3.0
1979-10-02,0.2435248841999999,0.0,29.0,3.0
1979-10-03,0.2293664607,0.0,28.0,3.0
1979-10-04,0.2152080371999999,0.0,28.0,4.0
1979-10-05,0.2152080371999999,0.0,29.0,5.0
1979-10-06,0.2293664607,0.0,20.0,6.0
1979-10-07,0.2293664607,0.0,18.0,9.0
1979-10-08,0.2293664607,0.0,25.0,8.0
1979-10-09,0.2152080371999999,0.0,27.0,4.0
1979-10-10,0.2038812984,0.0,27.0,2.0
1979-10-11,0.2038812984,0.0,26.0,3.0
1979-10-12,0.2152080371999999,0.0,24.0,3.0
1979-10-13,0.2152080371999999,6.4,21.0,6.0
1979-10-14,0.368119011,10.9,13.0,9.0
1979-10-15,0.396435858,0.0,16.0,6.0
1979-10-16,0.311485317,0.0,17.0,6.0
1979-10-17,0.311485317,0.0,16.0,3.0
1979-10-18,1.104357033,79.0,7.0,5.0
1979-10-19,2.944952088,42.4,6.0,2.0
1979-10-20,2.435248842,19.3,5.0,0.0
1979-10-21,1.670693973,0.0,8.0,3.0
1979-10-22,1.189307574,6.1,8.0,4.0
1979-10-23,1.189307574,5.8,12.0,6.0
1979-10-24,1.104357033,10.2,11.0,7.0
1979-10-25,1.812278208,16.8,10.0,6.0
1979-10-26,1.642377126,4.3,11.0,5.0
1979-10-27,1.755644514,8.6,11.0,4.0
1979-10-28,1.585743432,8.9,7.0,3.0
1979-10-29,1.387525503,0.0,8.0,2.0
1979-10-30,1.69901082,40.6,7.0,3.0
1979-10-31,4.105942815,3.8,10.0,-2.0
1979-11-01,2.54851623,0.0,8.0,-4.0
1979-11-02,1.98217929,1.5,8.0,1.0
1979-11-03,1.585743432,9.1,8.0,2.0
1979-11-04,2.54851623,31.0,6.0,4.0
1979-11-05,3.228120558,1.5,10.0,2.0
1979-11-06,2.54851623,0.0,10.0,1.0
1979-11-07,2.038812984,0.0,11.0,-2.0
1979-11-08,1.727327667,0.0,9.0,-3.0
1979-11-09,1.472476044,0.0,9.0,-3.0
1979-11-10,1.302574962,0.0,8.0,-4.0
1979-11-11,1.189307574,0.0,8.0,-4.0
1979-11-12,1.104357033,0.0,9.0,-4.0
1979-11-13,1.019406492,0.0,8.0,-4.0
1979-11-14,0.991089645,0.0,9.0,-3.0
1979-11-15,0.934455951,0.0,8.0,-4.0
1979-11-16,1.13267388,21.3,8.0,5.0
1979-11-17,1.444159197,34.0,7.0,0.0
1979-11-18,2.463565689,20.1,3.0,-1.0
1979-11-19,2.123763525,0.8,4.0,-3.0
1979-11-20,1.840595055,0.0,2.0,-5.0
1979-11-21,1.585743432,0.0,3.0,-5.0
1979-11-22,2.633466771,36.1,4.0,0.0
1979-11-23,3.96435858,16.0,2.0,-1.0
1979-11-24,10.47723339,47.0,7.0,0.0
1979-11-25,7.758816078,18.0,0.0,-2.0
1979-11-26,5.408517777,7.6,1.0,-2.0
1979-11-27,4.105942815,0.0,0.0,-4.0
1979-11-28,3.256437405,0.0,1.0,-4.0
1979-11-29,2.746734159,0.0,2.0,-3.0
1979-11-30,2.690100465,3.8,5.0,-1.0
1979-12-01,2.690100465,5.8,7.0,-1.0
1979-12-02,9.995846991,61.2,8.0,4.0
1979-12-03,11.978026281,0.5,8.0,3.0
1979-12-04,11.864758893,36.8,6.0,3.0
1979-12-05,9.712678521,0.0,5.0,-2.0
1979-12-06,6.937627515,0.0,5.0,-2.0
1979-12-07,5.465151471,0.0,5.0,-3.0
1979-12-08,4.474061826,0.0,7.0,-2.0
1979-12-09,4.105942815,18.0,7.0,-2.0
1979-12-10,4.360794438,3.0,1.0,-2.0
1979-12-11,3.539605875,0.0,-1.0,-5.0
1979-12-12,3.228120558,10.7,0.0,-3.0
1979-12-13,2.944952088,0.0,4.0,-2.0
1979-12-14,2.775051006,0.0,5.0,1.0
1979-12-15,2.633466771,0.0,4.0,-3.0
1979-12-16,2.435248842,0.5,2.0,-4.0
1979-12-17,2.406931995,3.3,8.0,2.0
1979-12-18,2.293664607,1.0,6.0,4.0
1979-12-19,2.576833077,20.3,7.0,4.0
1979-12-20,2.746734159,6.6,6.0,3.0
1979-12-21,3.652873263,30.2,3.0,-2.0
1979-12-22,4.049309121,0.3,2.0,-3.0
1979-12-23,3.539605875,23.1,-2.0,-3.0
1979-12-24,3.482972181,3.6,1.0,-2.0
1979-12-25,3.228120558,0.0,4.0,-1.0
1979-12-26,2.944952088,1.3,3.0,-3.0
1979-12-27,2.690100465,0.0,1.0,-4.0
1979-12-28,2.463565689,0.0,2.0,-4.0
1979-12-29,2.321981454,0.0,6.2,1.1
1979-12-30,2.208714066,2.0,7.7,2.2
1979-12-31,2.208714066,6.0,7.5,3.7
1980-01-01,3.369704793,12.8,8.6,4.6
1980-01-02,3.171486864,8.8,7.0,1.3
1980-01-03,3.539605875,3.8,8.5,5.2
1980-01-04,3.596239569,29.5,8.6,4.7
1980-01-05,11.440006188,21.0,8.3,0.3
1980-01-06,8.353469865,0.0,2.5,-1.1
1980-01-07,6.116438952,9.9,2.2,-1.0
1980-01-08,5.465151471,49.5,2.5,0.3
1980-01-09,5.974854717,28.0,2.6,-0.2
1980-01-10,5.408517777,11.2,-0.2,-5.3
1980-01-11,4.559012367,15.0,0.5,-5.9
1980-01-12,26.278034016,94.7,9.1,1.3
1980-01-13,38.79408039,53.3,9.3,4.2
1980-01-14,34.54655334,27.0,7.7,3.7
1980-01-15,19.227139113,1.0,5.7,1.9
1980-01-16,12.289511598,18.5,7.2,4.0
1980-01-17,9.712678521,1.3,4.6,-1.1
1980-01-18,7.503964455,0.0,2.0,-3.9
1980-01-19,6.116438952,0.0,2.7,-5.7
1980-01-20,5.210299848,0.0,4.2,-4.6
1980-01-21,4.474061826,0.8,4.7,-2.8
1980-01-22,3.96435858,0.0,6.4,-2.0
1980-01-23,3.596239569,0.3,6.9,-1.9
1980-01-24,3.426338487,0.0,7.5,-2.1
1980-01-25,3.228120558,0.0,4.3,-2.2
1980-01-26,3.001585782,0.0,0.6,-7.5
1980-01-27,2.690100465,1.7,-1.4,-12.1
1980-01-28,2.633466771,0.0,-0.2,-14.3
1980-01-29,2.463565689,0.0,-0.9,-14.8
1980-01-30,2.293664607,0.0,1.8,-12.4
1980-01-31,2.152080372,3.8,3.0,-3.5
1980-02-01,3.907724886,37.5,3.7,1.1
1980-02-02,3.907724886,11.8,5.2,2.0
1980-02-03,5.974854717,6.8,8.8,2.5
1980-02-04,5.635052553,0.0,9.1,1.4
1980-02-05,4.870497684,6.3,8.3,1.6
1980-02-06,5.776636788,30.5,6.2,3.0
1980-02-07,5.635052553,0.3,7.0,-0.8
1980-02-08,4.983765072,0.0,9.1,-1.5
1980-02-09,4.417428132,0.0,10.0,-2.2
1980-02-10,3.907724886,0.0,11.6,-1.1
1980-02-11,3.482972181,0.3,9.9,-2.7
1980-02-12,3.171486864,0.0,10.0,-3.1
1980-02-13,2.944952088,0.0,12.3,-1.9
1980-02-14,2.775051006,0.0,7.3,-1.1
1980-02-15,2.576833077,0.0,13.4,1.0
1980-02-16,2.520199383,0.5,11.1,2.9
1980-02-17,2.520199383,6.8,10.6,2.8
1980-02-18,2.661783618,20.3,10.0,5.0
1980-02-19,3.369704793,7.8,9.3,3.5
1980-02-20,3.369704793,2.3,7.7,3.7
1980-02-21,3.086536323,0.3,11.4,-0.2
1980-02-22,3.143170017,26.2,6.0,0.4
1980-02-23,3.596239569,0.3,9.3,0.2
1980-02-24,3.426338487,1.8,13.6,3.7
1980-02-25,3.482972181,16.8,9.4,4.8
1980-02-26,4.728913449,12.0,11.9,7.5
1980-02-27,4.728913449,6.2,12.9,7.7
1980-02-28,4.983765072,16.7,8.5,5.7
1980-02-29,4.870497684,0.0,11.0,3.2
1980-03-01,4.360794438,0.3,11.5,1.1
1980-03-02,3.851091192,0.0,14.7,4.9
1980-03-03,3.596239569,13.3,10.7,5.0
1980-03-04,3.96435858,7.3,11.3,6.5
1980-03-05,4.304160744,17.3,8.8,4.3
1980-03-06,4.24752705,0.3,10.6,3.7
1980-03-07,3.851091192,1.0,12.3,2.3
1980-03-08,3.482972181,2.8,11.1,2.9
1980-03-09,3.171486864,0.0,14.9,1.9
1980-03-10,3.001585782,14.8,12.2,0.6
1980-03-11,3.029902629,16.0,4.5,0.6
1980-03-12,2.944952088,16.3,5.5,0.5
1980-03-13,3.96435858,25.0,5.7,0.2
1980-03-14,6.711092739,24.5,3.6,0.3
1980-03-15,5.408517777,8.0,2.7,-0.1
1980-03-16,4.304160744,7.3,5.5,-0.8
1980-03-17,4.105942815,16.0,6.3,-1.0
1980-03-18,4.417428132,2.5,8.3,0.8
1980-03-19,4.304160744,0.3,11.0,3.0
1980-03-20,4.24752705,10.3,6.5,0.9
1980-03-21,3.907724886,0.3,5.7,1.3
1980-03-22,3.596239569,29.0,12.1,2.1
1980-03-23,3.369704793,1.8,9.2,1.9
1980-03-24,3.143170017,0.0,12.0,-0.2
1980-03-25,2.944952088,0.0,13.8,-1.6
1980-03-26,3.001585782,22.5,6.5,0.8
1980-03-27,3.001585782,1.3,8.5,-1.0
1980-03-28,2.860001547,0.0,13.2,-2.5
1980-03-29,2.8316847,3.8,8.6,0.4
1980-03-30,2.746734159,2.3,9.6,-0.8
1980-03-31,2.633466771,2.8,6.5,-1.0
1980-04-01,2.520199383,0.8,8.5,-0.6
1980-04-02,2.406931995,0.0,12.4,-1.0
1980-04-03,2.321981454,1.5,12.6,-2.6
1980-04-04,2.293664607,2.7,13.4,1.1
1980-04-05,2.463565689,7.0,10.8,3.5
1980-04-06,2.746734159,28.0,3.8,0.3
1980-04-07,2.746734159,9.8,6.4,0.2
1980-04-08,3.96435858,16.0,9.0,3.5
1980-04-09,6.569508504,30.7,8.4,3.5
1980-04-10,7.107528597,9.5,10.3,-1.3
1980-04-11,6.342973728,0.0,21.0,-1.1
1980-04-12,5.918221023,0.0,26.9,1.3
1980-04-13,6.711092739,0.0,24.8,1.6
1980-04-14,7.758816078,10.3,10.6,6.1
1980-04-15,7.503964455,1.3,18.5,3.5
1980-04-16,6.79604328,0.0,26.0,0.6
1980-04-17,6.79604328,0.0,18.7,3.6
1980-04-18,6.258023187,0.0,22.8,1.5
1980-04-19,6.201389493,2.5,16.0,8.1
1980-04-20,6.711092739,14.8,10.6,6.4
1980-04-21,6.342973728,1.0,9.0,4.7
1980-04-22,5.210299848,0.0,13.0,4.6
1980-04-23,4.672279755,0.0,16.9,7.7
1980-04-24,4.559012367,4.0,14.3,3.7
1980-04-25,4.304160744,0.0,20.9,2.5
1980-04-26,4.162576509,0.0,24.9,5.3
1980-04-27,4.304160744,1.5,31.1,5.7
1980-04-28,4.24752705,0.3,15.6,8.2
1980-04-29,3.596239569,0.0,13.8,1.8
1980-04-30,3.086536323,0.0,17.9,0.1
1980-05-01,2.860001547,0.0,26.4,2.9
1980-05-02,2.690100465,0.0,18.6,5.2
1980-05-03,2.54851623,0.0,29.1,2.2
1980-05-04,2.435248842,0.0,29.8,5.7
1980-05-05,2.321981454,0.3,18.1,8.4
1980-05-06,2.237030913,0.8,14.1,5.3
1980-05-07,2.067129831,0.0,22.0,1.5
1980-05-08,1.897228749,4.8,14.6,7.3
1980-05-09,2.152080372,18.5,11.8,5.7
1980-05-10,2.293664607,6.3,8.3,5.2
1980-05-11,2.180397219,0.0,11.8,7.2
1980-05-12,2.038812984,0.0,15.5,7.2
1980-05-13,1.897228749,0.3,15.8,8.1
1980-05-14,1.812278208,0.3,15.3,2.7
1980-05-15,1.727327667,2.3,12.6,1.8
1980-05-16,1.642377126,0.3,20.9,-0.9
1980-05-17,1.500792891,0.0,24.3,2.5
1980-05-18,1.444159197,0.0,25.6,5.5
1980-05-19,1.387525503,0.0,25.9,5.1
1980-05-20,1.330891809,0.0,28.6,6.7
1980-05-21,1.302574962,3.0,19.3,7.5
1980-05-22,1.472476044,11.8,8.5,4.2
1980-05-23,1.500792891,3.0,10.8,4.2
1980-05-24,1.472476044,7.8,9.0,5.0
1980-05-25,1.670693973,5.8,10.4,5.7
1980-05-26,2.010496137,12.0,9.6,4.9
1980-05-27,2.54851623,0.3,15.4,7.6
1980-05-28,2.350298301,0.0,20.7,6.2
1980-05-29,2.180397219,0.0,18.1,5.0
1980-05-30,2.010496137,0.0,20.0,5.2
1980-05-31,1.812278208,0.0,22.1,6.5
1980-06-01,1.755644514,5.0,13.0,5.7
1980-06-02,1.812278208,16.7,9.5,4.8
1980-06-03,1.897228749,0.2,15.3,2.9
1980-06-04,1.812278208,4.8,18.1,1.7
1980-06-05,1.755644514,3.3,15.8,7.3
1980-06-06,1.812278208,5.8,15.9,8.0
1980-06-07,1.98217929,4.8,18.2,8.1
1980-06-08,1.840595055,0.0,23.5,12.1
1980-06-09,1.727327667,0.0,20.7,7.7
1980-06-10,1.642377126,0.3,20.9,6.7
1980-06-11,1.529109738,0.0,17.9,10.9
1980-06-12,1.472476044,2.3,14.8,9.1
1980-06-13,1.557426585,8.8,13.5,8.0
1980-06-14,1.557426585,2.5,11.9,8.1
1980-06-15,1.500792891,0.0,25.8,9.4
1980-06-16,1.41584235,0.3,15.4,9.2
1980-06-17,1.3592086559999998,0.0,22.5,7.0
1980-06-18,1.274258115,0.0,24.1,6.3
1980-06-19,1.217624421,0.0,27.2,5.3
1980-06-20,1.189307574,0.0,22.3,9.9
1980-06-21,1.13267388,0.0,21.7,8.9
1980-06-22,1.104357033,5.5,19.3,10.0
1980-06-23,1.104357033,1.3,19.1,8.9
1980-06-24,1.104357033,11.3,19.8,9.5
1980-06-25,1.41584235,13.3,13.8,7.6
1980-06-26,1.302574962,2.8,16.0,6.3
1980-06-27,1.217624421,0.0,26.2,5.2
1980-06-28,1.13267388,0.0,26.2,6.0
1980-06-29,1.104357033,0.0,24.0,6.7
1980-06-30,1.019406492,0.0,26.7,4.7
1980-07-01,0.991089645,0.0,29.7,7.0
1980-07-02,0.962772798,0.0,25.3,8.9
1980-07-03,0.934455951,4.5,16.1,9.0
1980-07-04,0.991089645,5.0,18.0,9.6
1980-07-05,0.934455951,0.0,19.1,10.5
1980-07-06,0.8778222569999999,0.0,26.1,9.7
1980-07-07,0.84950541,0.0,29.8,8.0
1980-07-08,0.792871716,0.0,26.5,10.1
1980-07-09,0.792871716,0.8,21.1,12.6
1980-07-10,0.764554869,0.0,24.3,6.6
1980-07-11,0.736238022,0.0,25.5,6.6
1980-07-12,0.736238022,0.0,23.8,9.0
1980-07-13,0.707921175,0.0,27.5,6.2
1980-07-14,0.707921175,0.0,22.7,9.9
1980-07-15,0.6796043279999999,0.0,29.8,7.3
1980-07-16,0.651287481,0.0,29.4,8.1
1980-07-17,0.622970634,0.0,28.4,7.4
1980-07-18,0.622970634,0.0,27.4,9.9
1980-07-19,0.622970634,0.0,28.5,8.1
1980-07-20,0.622970634,0.0,34.9,10.0
1980-07-21,0.5946537869999999,0.0,37.8,12.3
1980-07-22,0.5946537869999999,0.0,30.9,13.9
1980-07-23,0.56633694,0.0,29.3,10.8
1980-07-24,0.56633694,0.0,28.8,7.7
1980-07-25,0.538020093,0.0,31.2,7.9
1980-07-26,0.538020093,0.0,34.0,9.5
1980-07-27,0.538020093,0.0,35.8,10.6
1980-07-28,0.538020093,0.0,33.0,11.9
1980-07-29,0.56633694,0.0,31.8,9.2
1980-07-30,0.5946537869999999,0.0,33.8,7.7
1980-07-31,0.5946537869999999,0.3,30.2,11.7
1980-08-01,0.56633694,0.0,29.4,8.7
1980-08-02,0.56633694,0.0,28.4,7.4
1980-08-03,0.56633694,0.0,27.2,6.9
1980-08-04,0.56633694,0.0,28.2,6.3
1980-08-05,0.538020093,0.0,23.1,6.1
1980-08-06,0.538020093,0.0,26.2,3.2
1980-08-07,0.538020093,0.0,32.3,5.5
1980-08-08,0.538020093,0.0,27.2,8.5
1980-08-09,0.5097032459999999,0.0,33.6,8.0
1980-08-10,0.5097032459999999,0.0,34.7,9.0
1980-08-11,0.4813863989999999,0.0,30.2,10.6
1980-08-12,0.4813863989999999,0.0,29.8,7.3
1980-08-13,0.453069552,0.0,30.5,8.0
1980-08-14,0.453069552,0.0,25.5,7.4
1980-08-15,0.424752705,0.0,23.0,5.0
1980-08-16,0.424752705,0.0,26.4,9.6
1980-08-17,0.424752705,2.8,25.7,6.6
1980-08-18,0.4813863989999999,4.5,16.2,6.9
1980-08-19,0.453069552,0.0,27.8,3.8
1980-08-20,0.424752705,0.0,28.1,5.4
1980-08-21,0.424752705,0.0,27.4,3.8
1980-08-22,0.396435858,0.0,27.0,5.0
1980-08-23,0.396435858,0.0,30.2,6.1
1980-08-24,0.368119011,0.0,26.8,6.7
1980-08-25,0.368119011,0.0,29.1,5.7
1980-08-26,0.368119011,0.0,25.8,5.9
1980-08-27,0.368119011,0.3,19.7,9.2
1980-08-28,0.368119011,0.0,22.5,4.8
1980-08-29,0.368119011,0.0,22.7,2.5
1980-08-30,0.368119011,1.9,22.2,3.1
1980-08-31,0.396435858,0.5,21.8,7.1
1980-09-01,0.368119011,0.0,27.5,4.5
1980-09-02,0.4813863989999999,7.8,18.6,5.1
1980-09-03,0.453069552,0.0,26.7,1.8
1980-09-04,0.396435858,0.0,30.5,4.1
1980-09-05,0.368119011,0.0,32.6,6.6
1980-09-06,0.3398021639999999,0.0,27.9,7.4
1980-09-07,0.3398021639999999,0.0,25.2,7.1
1980-09-08,0.3398021639999999,0.0,29.2,3.8
1980-09-09,0.311485317,0.0,34.2,7.6
1980-09-10,0.311485317,0.0,31.6,10.1
1980-09-11,0.311485317,0.0,27.4,6.7
1980-09-12,0.3398021639999999,4.9,15.4,9.6
1980-09-13,0.368119011,0.0,13.3,6.0
1980-09-14,0.3398021639999999,0.0,22.9,5.4
1980-09-15,0.311485317,0.0,29.2,2.5
1980-09-16,0.311485317,0.0,31.8,4.3
1980-09-17,0.311485317,0.0,30.5,4.4
1980-09-18,0.453069552,12.5,13.7,11.5
1980-09-19,0.424752705,5.9,16.4,11.5
1980-09-20,0.56633694,12.9,12.4,9.6
1980-09-21,0.538020093,1.3,16.4,4.2
1980-09-22,0.424752705,0.1,23.8,1.5
1980-09-23,0.368119011,0.0,24.7,4.4
1980-09-24,0.368119011,0.0,27.0,4.8
1980-09-25,0.3398021639999999,0.0,27.5,4.9
1980-09-26,0.3398021639999999,0.0,26.3,7.7
1980-09-27,0.311485317,0.9,17.8,5.1
1980-09-28,0.311485317,0.3,23.4,7.7
1980-09-29,0.311485317,0.0,26.0,4.9
1980-09-30,0.311485317,0.1,24.2,7.6
1980-10-01,0.311485317,0.0,28.8,4.3
1980-10-02,0.311485317,0.0,29.9,5.3
1980-10-03,0.2775051006,0.0,29.6,6.7
1980-10-04,0.2775051006,0.0,28.3,4.2
1980-10-05,0.2775051006,0.0,31.5,6.5
1980-10-06,0.2605149924,0.0,29.2,6.7
1980-10-07,0.2605149924,0.0,29.0,6.4
1980-10-08,0.2605149924,0.0,22.2,4.6
1980-10-09,0.2605149924,0.0,23.5,1.1
1980-10-10,0.2605149924,0.0,22.1,2.0
1980-10-11,0.2605149924,4.8,16.3,2.8
1980-10-12,0.424752705,20.3,11.4,8.1
1980-10-13,0.651287481,16.0,11.1,5.6
1980-10-14,0.5097032459999999,3.5,10.4,5.9
1980-10-15,0.368119011,0.6,11.8,3.7
1980-10-16,0.311485317,0.0,15.4,2.3
1980-10-17,0.311485317,0.0,15.3,2.7
1980-10-18,0.2775051006,0.0,16.1,0.0
1980-10-19,0.2605149924,0.1,17.9,0.9
1980-10-20,0.2435248841999999,0.5,17.5,2.1
1980-10-21,0.2435248841999999,0.3,15.7,0.2
1980-10-22,0.2293664607,0.0,16.0,-2.7
1980-10-23,0.2237030913,0.3,17.3,-1.6
1980-10-24,0.2350298301,9.4,11.9,2.8
1980-10-25,0.368119011,6.5,11.1,6.1
1980-10-26,0.56633694,20.0,6.1,4.1
1980-10-27,0.5946537869999999,0.8,11.8,1.1
1980-10-28,0.424752705,0.1,12.6,-0.8
1980-10-29,0.3398021639999999,0.0,14.4,-0.4
1980-10-30,0.311485317,0.0,12.4,2.4
1980-10-31,0.28316847,0.4,13.6,6.1
1980-11-01,0.4813863989999999,23.6,11.9,8.0
1980-11-02,0.651287481,2.0,13.1,7.9
1980-11-03,0.453069552,4.6,15.5,9.1
1980-11-04,0.368119011,0.0,16.5,5.0
1980-11-05,0.311485317,8.5,14.9,4.6
1980-11-06,2.321981454,42.7,11.9,10.6
1980-11-07,5.918221023,65.0,14.0,9.1
1980-11-08,7.192479138,36.9,9.1,5.6
1980-11-09,7.107528597,22.9,6.4,2.5
1980-11-10,4.559012367,0.0,7.4,-0.8
1980-11-11,3.086536323,0.0,4.9,-1.3
1980-11-12,2.406931995,0.0,7.0,-1.7
1980-11-13,2.010496137,0.0,5.7,-3.2
1980-11-14,1.897228749,12.2,5.1,-1.7
1980-11-15,1.812278208,0.0,7.5,-0.7
1980-11-16,1.585743432,0.0,6.6,-1.1
1980-11-17,1.472476044,0.3,9.7,3.2
1980-11-18,1.3592086559999998,0.0,9.1,1.4
1980-11-19,1.302574962,0.0,9.9,0.5
1980-11-20,1.245941268,0.0,10.2,0.9
1980-11-21,3.171486864,54.6,8.3,3.5
1980-11-22,5.974854717,10.4,10.6,7.4
1980-11-23,4.728913449,13.5,7.2,3.4
1980-11-24,3.907724886,0.0,5.9,0.7
1980-11-25,3.256437405,1.0,8.7,1.5
1980-11-26,2.860001547,0.0,8.7,0.2
1980-11-27,2.633466771,9.0,9.9,0.2
1980-11-28,2.661783618,0.0,10.7,4.7
1980-11-29,3.482972181,31.0,8.4,1.0
1980-11-30,3.794457498,11.4,3.1,0.4
1980-12-01,3.369704793,31.8,4.6,0.1
1980-12-02,19.651891818,69.3,8.6,0.5
1980-12-03,31.99803711,68.1,7.8,1.5
1980-12-04,19.368723348,16.3,2.2,0.9
1980-12-05,10.590500778,20.1,2.6,0.5
1980-12-06,7.277429679,8.1,1.7,-3.5
1980-12-07,5.465151471,0.0,-1.0,-7.7
1980-12-08,4.417428132,0.0,0.8,-7.3
1980-12-09,3.709506957,0.0,1.1,-5.8
1980-12-10,3.313071099,0.0,3.1,-3.6
1980-12-11,3.001585782,0.0,1.7,-3.4
1980-12-12,2.8316847,0.0,2.1,-4.2
1980-12-13,2.746734159,0.0,1.5,-5.9
1980-12-14,2.661783618,0.0,2.8,-2.8
1980-12-15,2.944952088,0.0,4.5,-3.4
1980-12-16,3.652873263,0.0,5.4,-0.5
1980-12-17,3.709506957,0.5,5.2,-1.0
1980-12-18,3.369704793,0.0,5.1,-1.5
1980-12-19,3.086536323,4.6,5.7,-1.2
1980-12-20,3.228120558,6.4,8.1,3.3
1980-12-21,4.983765072,52.1,10.1,3.6
1980-12-22,16.112285943,36.3,9.6,6.7
1980-12-23,13.195650702,0.5,8.0,4.2
1980-12-24,17.83961361,89.7,9.4,4.4
1980-12-25,49.55448225,72.4,13.4,9.7
1980-12-26,29.73268935,1.0,10.4,7.4
1980-12-27,15.885751167,16.0,11.0,7.3
1980-12-28,10.109114379,0.0,7.9,1.5
1980-12-29,7.503964455,12.0,8.1,0.3
1980-12-30,6.626142198,1.8,13.5,8.1
1980-12-31,5.266933541999999,0.0,11.6,6.8
1981-01-01,4.53069552,0.0,9.2,1.3
1981-01-02,3.936041733,0.0,7.4,-0.5
1981-01-03,3.482972181,3.0,5.8,-0.6
1981-01-04,3.086536323,0.0,9.0,1.3
1981-01-05,2.746734159,0.0,8.0,-0.3
1981-01-06,2.520199383,0.0,6.4,-1.1
1981-01-07,2.293664607,0.0,6.4,-0.5
1981-01-08,2.180397219,0.3,9.0,0.5
1981-01-09,2.010496137,0.0,9.6,0.6
1981-01-10,1.840595055,0.0,8.3,-0.9
1981-01-11,1.727327667,0.0,6.4,-1.4
1981-01-12,1.614060279,0.0,6.1,-2.0
1981-01-13,1.529109738,0.0,6.6,-1.8
1981-01-14,1.472476044,0.0,7.1,-1.5
1981-01-15,1.387525503,0.0,8.1,-1.2
1981-01-16,1.3592086559999998,2.3,6.7,0.6
1981-01-17,1.302574962,1.0,9.8,2.4
1981-01-18,1.245941268,1.8,12.4,3.8
1981-01-19,1.189307574,0.0,9.1,2.0
1981-01-20,1.160990727,0.5,8.6,0.1
1981-01-21,1.13267388,2.5,11.8,7.8
1981-01-22,1.076040186,2.8,12.1,8.6
1981-01-23,1.076040186,6.6,9.1,3.8
1981-01-24,1.189307574,10.2,4.6,2.8
1981-01-25,1.076040186,0.3,5.1,1.7
1981-01-26,2.010496137,31.8,6.6,0.6
1981-01-27,2.520199383,15.0,7.2,1.4
1981-01-28,2.520199383,12.5,5.5,1.3
1981-01-29,2.26534776,0.3,5.4,0.5
1981-01-30,1.953862443,1.0,4.6,0.9
1981-01-31,1.783961361,0.0,6.2,-0.9
1981-02-01,1.585743432,0.0,4.8,-2.7
1981-02-02,1.500792891,0.0,6.5,-2.8
1981-02-03,1.41584235,0.0,7.1,-3.0
1981-02-04,1.330891809,2.0,6.4,-4.2
1981-02-05,1.387525503,11.9,6.2,0.6
1981-02-06,1.330891809,0.0,5.6,-2.3
1981-02-07,1.245941268,0.0,6.4,-3.0
1981-02-08,1.217624421,0.0,7.2,-3.4
1981-02-09,1.189307574,6.4,4.2,-4.5
1981-02-10,1.160990727,0.5,4.4,-2.6
1981-02-11,1.217624421,10.4,6.0,0.8
1981-02-12,1.274258115,0.0,12.1,3.2
1981-02-13,1.953862443,33.5,10.3,4.2
1981-02-14,6.201389493,18.5,8.9,6.2
1981-02-15,5.804953635,30.5,8.9,5.2
1981-02-16,9.91089645,66.6,12.0,6.9
1981-02-17,12.74258115,15.2,10.5,5.0
1981-02-18,24.35248842,63.0,10.1,6.9
1981-02-19,22.568527059,33.0,9.9,2.5
1981-02-20,14.356641429,2.0,14.0,0.5
1981-02-21,9.656044827,0.0,16.5,1.0
1981-02-22,7.334063373,0.0,14.0,1.5
1981-02-23,5.606735706,6.4,8.0,3.0
1981-02-24,5.068715613,10.2,7.1,1.0
1981-02-25,4.304160744,0.0,8.1,0.2
1981-02-26,3.822774345,5.1,6.6,0.4
1981-02-27,3.369704793,0.0,12.1,0.4
1981-02-28,3.058219476,0.0,13.7,-1.1
1981-03-01,2.803367853,0.4,17.0,-0.6
1981-03-02,2.576833077,0.0,15.4,-1.6
1981-03-03,2.435248842,8.3,9.6,-0.7
1981-03-04,2.463565689,2.5,7.2,1.4
1981-03-05,2.208714066,0.3,10.6,-1.3
1981-03-06,2.095446678,0.0,13.6,-2.8
1981-03-07,1.953862443,2.6,6.9,1.7
1981-03-08,1.840595055,0.0,14.9,-0.4
1981-03-09,1.783961361,0.1,18.0,-0.4
1981-03-10,1.670693973,0.0,12.3,1.0
1981-03-11,1.585743432,0.1,19.0,2.7
1981-03-12,1.557426585,0.0,19.8,-0.2
1981-03-13,1.500792891,0.0,9.7,5.2
1981-03-14,1.41584235,0.0,16.2,3.3
1981-03-15,1.557426585,20.6,8.4,2.5
1981-03-16,1.925545596,7.6,7.6,2.2
1981-03-17,1.727327667,0.0,13.2,-0.4
1981-03-18,1.614060279,0.0,9.9,-1.6
1981-03-19,1.614060279,10.0,10.2,1.5
1981-03-20,1.585743432,1.4,11.1,0.7
1981-03-21,1.69901082,17.9,8.4,-0.1
1981-03-22,2.520199383,5.9,11.0,2.9
1981-03-23,2.350298301,0.8,10.7,2.1
1981-03-24,2.208714066,4.3,15.4,4.3
1981-03-25,3.086536323,26.5,10.6,3.7
1981-03-26,3.482972181,5.8,9.4,2.8
1981-03-27,3.426338487,0.0,13.6,4.1
1981-03-28,3.086536323,0.8,18.0,2.3
1981-03-29,3.822774345,40.4,7.7,2.7
1981-03-30,4.219210203,22.9,6.4,2.5
1981-03-31,5.606735706,16.3,7.1,2.9
1981-04-01,5.606735706,6.1,6.5,2.3
1981-04-02,4.700596602,5.1,8.4,2.1
1981-04-03,4.105942815,4.4,7.9,2.8
1981-04-04,3.652873263,0.0,15.7,2.1
1981-04-05,3.709506957,10.3,8.4,0.6
1981-04-06,3.652873263,1.4,8.7,0.9
1981-04-07,3.369704793,0.5,10.6,1.0
1981-04-08,3.482972181,27.1,6.6,3.0
1981-04-09,4.162576509,8.6,8.1,2.7
1981-04-10,3.879408039,0.4,10.7,2.7
1981-04-11,4.049309121,36.4,4.9,3.0
1981-04-12,4.757230296,10.1,8.7,1.0
1981-04-13,4.417428132,0.0,17.3,-1.5
1981-04-14,4.105942815,0.0,25.4,-0.5
1981-04-15,4.304160744,1.5,17.5,2.2
1981-04-16,4.474061826,0.6,18.2,3.8
1981-04-17,4.474061826,0.0,22.0,1.0
1981-04-18,4.757230296,0.0,26.8,2.7
1981-04-19,4.898814531,0.3,11.2,8.1
1981-04-20,4.417428132,3.4,12.9,6.6
1981-04-21,4.162576509,4.1,13.6,5.6
1981-04-22,4.360794438,1.0,22.9,9.6
1981-04-23,4.757230296,2.9,24.7,6.2
1981-04-24,4.700596602,0.8,14.2,4.0
1981-04-25,3.936041733,4.4,14.0,3.3
1981-04-26,3.539605875,2.5,10.1,5.6
1981-04-27,3.086536323,2.6,15.1,5.5
1981-04-28,2.860001547,0.0,24.4,8.7
1981-04-29,2.746734159,0.0,31.8,7.7
1981-04-30,2.690100465,0.0,28.0,9.8
1981-05-01,2.435248842,0.0,16.5,6.7
1981-05-02,2.208714066,2.5,12.6,4.9
1981-05-03,2.010496137,2.6,12.6,4.5
1981-05-04,1.953862443,6.8,12.1,3.4
1981-05-05,1.925545596,7.5,7.0,3.2
1981-05-06,1.812278208,1.9,10.7,4.2
1981-05-07,1.812278208,0.5,15.4,2.6
1981-05-08,1.69901082,3.3,16.2,2.3
1981-05-09,1.727327667,2.4,17.3,4.8
1981-05-10,1.614060279,0.0,17.7,2.4
1981-05-11,1.557426585,0.0,15.4,3.1
1981-05-12,1.500792891,0.0,24.7,-0.2
1981-05-13,1.41584235,0.0,22.0,5.6
1981-05-14,1.387525503,6.9,13.9,6.2
1981-05-15,1.783961361,21.9,7.7,4.2
1981-05-16,1.783961361,0.4,14.5,4.3
1981-05-17,1.783961361,8.0,15.6,6.9
1981-05-18,2.293664607,9.0,14.4,8.4
1981-05-19,3.001585782,4.5,12.9,8.0
1981-05-20,2.860001547,0.3,11.1,8.6
1981-05-21,2.690100465,0.4,13.3,8.7
1981-05-22,2.520199383,0.0,21.7,8.5
1981-05-23,2.293664607,6.1,24.3,8.3
1981-05-24,2.463565689,15.8,20.7,11.9
1981-05-25,3.992675427,8.0,19.3,7.6
1981-05-26,3.709506957,0.0,23.7,5.7
1981-05-27,3.143170017,0.0,25.3,5.0
1981-05-28,2.746734159,0.0,31.7,6.6
1981-05-29,2.435248842,0.0,27.5,8.9
1981-05-30,2.208714066,0.0,17.7,5.8
1981-05-31,2.010496137,0.0,25.3,3.2
1981-06-01,1.840595055,0.0,22.8,6.2
1981-06-02,1.69901082,0.0,21.6,11.1
1981-06-03,1.585743432,2.4,23.5,10.1
1981-06-04,1.614060279,4.1,20.0,11.9
1981-06-05,1.500792891,7.8,23.8,12.7
1981-06-06,1.557426585,0.3,18.0,8.4
1981-06-07,1.840595055,33.3,14.4,8.1
1981-06-08,10.19406492,49.7,11.7,9.6
1981-06-09,10.420599696,9.7,17.0,9.4
1981-06-10,7.588914996,0.1,18.8,6.0
1981-06-11,5.323567236,0.5,20.2,3.1
1981-06-12,4.643962908,20.1,9.9,6.4
1981-06-13,5.068715613,9.5,13.4,6.1
1981-06-14,4.757230296,0.1,19.7,5.7
1981-06-15,4.162576509,0.0,27.3,3.0
1981-06-16,3.822774345,9.9,15.3,7.4
1981-06-17,3.313071099,0.1,22.2,6.1
1981-06-18,3.086536323,7.6,15.5,10.9
1981-06-19,3.652873263,4.9,21.2,13.4
1981-06-20,3.313071099,0.0,22.7,10.7
1981-06-21,2.944952088,0.0,25.2,7.1
1981-06-22,2.690100465,0.0,17.7,11.5
1981-06-23,2.463565689,0.0,25.1,8.4
1981-06-24,2.208714066,0.0,30.8,5.9
1981-06-25,2.038812984,0.0,30.0,9.9
1981-06-26,1.897228749,0.0,21.5,7.4
1981-06-27,1.783961361,0.0,24.5,5.2
1981-06-28,1.614060279,0.0,28.0,3.9
1981-06-29,1.529109738,0.0,32.5,7.0
1981-06-30,1.472476044,0.0,25.0,8.5
1981-07-01,1.387525503,0.0,27.0,5.5
1981-07-02,1.302574962,0.0,36.0,6.0
1981-07-03,1.245941268,0.0,36.0,10.0
1981-07-04,1.189307574,0.0,34.5,10.0
1981-07-05,1.160990727,1.5,25.0,15.0
1981-07-06,1.13267388,9.4,16.0,8.0
1981-07-07,1.41584235,11.2,18.0,4.5
1981-07-08,1.160990727,0.0,27.5,2.0
1981-07-09,1.047723339,0.0,21.0,5.0
1981-07-10,0.962772798,0.0,19.5,5.0
1981-07-11,0.906139104,0.0,25.0,2.0
1981-07-12,0.906139104,0.0,23.5,4.0
1981-07-13,0.84950541,0.0,24.0,7.5
1981-07-14,0.821188563,0.0,32.0,5.0
1981-07-15,0.792871716,0.0,32.0,8.0
1981-07-16,0.707921175,0.0,32.0,10.0
1981-07-17,0.6796043279999999,0.0,30.0,9.0
1981-07-18,0.651287481,0.0,29.0,8.5
1981-07-19,0.651287481,0.0,30.5,8.0
1981-07-20,0.622970634,0.0,29.5,10.0
1981-07-21,0.5946537869999999,0.0,29.0,8.5
1981-07-22,0.56633694,0.0,29.0,7.0
1981-07-23,0.56633694,0.0,28.0,7.5
1981-07-24,0.5097032459999999,0.0,26.0,9.5
1981-07-25,0.5097032459999999,0.0,31.5,10.0
1981-07-26,0.5097032459999999,0.0,35.5,11.0
1981-07-27,0.5097032459999999,0.0,37.5,10.0
1981-07-28,0.453069552,0.0,30.5,11.5
1981-07-29,0.424752705,0.0,24.0,7.5
1981-07-30,0.424752705,0.0,28.5,5.0
1981-07-31,0.424752705,0.0,30.5,7.0
1981-08-01,0.424752705,0.0,29.5,7.0
1981-08-02,0.396435858,0.0,22.0,11.0
1981-08-03,0.396435858,0.0,26.0,10.0
1981-08-04,0.396435858,0.0,29.0,10.0
1981-08-05,0.396435858,0.0,33.0,8.0
1981-08-06,0.368119011,0.0,40.5,10.0
1981-08-07,0.3398021639999999,0.0,41.5,11.5
1981-08-08,0.3398021639999999,0.0,40.416666666666664,12.3
1981-08-09,0.311485317,0.0,39.333333333333336,12.3
1981-08-10,0.311485317,0.0,38.25,11.8
1981-08-11,0.28316847,0.0,37.166666666666664,12.5
1981-08-12,0.28316847,0.0,36.083333333333336,11.4
1981-08-13,0.28316847,0.0,35.0,11.0
1981-08-14,0.2661783618,0.0,35.0,10.0
1981-08-15,0.2491882536,0.0,33.5,12.5
1981-08-16,0.2491882536,0.0,37.5,10.0
1981-08-17,0.2350298301,0.0,38.0,10.0
1981-08-18,0.2350298301,0.0,37.0,9.0
1981-08-19,0.2350298301,0.0,23.0,11.0
1981-08-20,0.2350298301,0.0,27.5,9.5
1981-08-21,0.2237030913,0.0,31.0,5.5
1981-08-22,0.2237030913,0.0,34.0,8.0
1981-08-23,0.2123763525,0.0,34.0,9.5
1981-08-24,0.2123763525,0.0,28.0,12.0
1981-08-25,0.2123763525,0.0,26.0,8.0
1981-08-26,0.2010496137,0.0,26.0,5.0
1981-08-27,0.2010496137,0.0,29.5,3.5
1981-08-28,0.2010496137,0.0,31.0,4.5
1981-08-29,0.1897228749,0.0,26.0,5.0
1981-08-30,0.1897228749,1.3,23.0,8.0
1981-08-31,0.1897228749,0.0,31.0,5.0
1981-09-01,0.2123763525,1.8,17.5,10.0
1981-09-02,0.2237030913,0.0,27.0,9.5
1981-09-03,0.2010496137,0.0,29.0,6.0
1981-09-04,0.1897228749,0.0,26.0,8.5
1981-09-05,0.1783961361,0.0,30.0,5.0
1981-09-06,0.1783961361,0.3,34.0,6.0
1981-09-07,0.1699010819999999,0.0,40.5,8.0
1981-09-08,0.1614060279,0.0,36.5,8.0
1981-09-09,0.1614060279,0.0,29.0,7.0
1981-09-10,0.1614060279,0.0,31.5,7.0
1981-09-11,0.1614060279,0.0,35.0,7.0
1981-09-12,0.1529109738,0.0,35.0,7.5
1981-09-13,0.1529109738,0.0,34.0,7.0
1981-09-14,0.1529109738,0.0,36.0,6.0
1981-09-15,0.1444159196999999,0.0,40.5,7.0
1981-09-16,0.1444159196999999,0.0,35.0,8.0
1981-09-17,0.1444159196999999,0.0,30.5,8.5
1981-09-18,0.1444159196999999,1.0,30.0,9.0
1981-09-19,0.2123763525,4.8,20.0,8.0
1981-09-20,0.1699010819999999,4.3,16.0,8.0
1981-09-21,0.2350298301,8.9,14.0,8.0
1981-09-22,0.28316847,6.4,13.0,5.0
1981-09-23,0.2123763525,0.0,19.0,4.5
1981-09-24,0.1783961361,0.0,18.0,3.5
1981-09-25,0.1699010819999999,2.0,17.5,4.0
1981-09-26,0.3398021639999999,43.7,13.0,8.5
1981-09-27,1.69901082,33.8,18.0,10.5
1981-09-28,1.13267388,18.5,13.5,8.5
1981-09-29,1.217624421,3.6,15.0,3.0
1981-09-30,0.5946537869999999,0.0,20.0,1.0
1981-10-01,0.424752705,0.5,22.5,2.0
1981-10-02,0.4813863989999999,6.1,14.5,6.0
1981-10-03,0.396435858,5.8,13.0,4.0
1981-10-04,0.424752705,1.8,15.0,1.5
1981-10-05,0.396435858,7.9,11.4,1.0
1981-10-06,0.8778222569999999,23.9,14.0,8.7
1981-10-07,1.670693973,10.2,11.0,5.9
1981-10-08,1.727327667,34.3,8.8,6.7
1981-10-09,3.822774345,13.7,11.0,6.4
1981-10-10,3.596239569,15.8,10.0,5.2
1981-10-11,2.803367853,0.5,8.6,1.2
1981-10-12,1.925545596,0.0,13.0,-1.0
1981-10-13,1.500792891,0.0,14.0,-3.2
1981-10-14,1.217624421,0.0,15.0,-2.6
1981-10-15,1.019406492,0.3,16.5,-2.0
1981-10-16,0.962772798,0.0,17.3,-1.7
1981-10-17,0.8778222569999999,0.0,20.0,0.5
1981-10-18,0.792871716,0.0,21.6,2.0
1981-10-19,0.736238022,0.0,19.8,2.0
1981-10-20,0.6796043279999999,0.0,18.0,0.8
1981-10-21,0.651287481,0.0,16.5,-2.0
1981-10-22,0.622970634,0.0,18.0,-2.2
1981-10-23,0.5946537869999999,0.0,16.5,-1.7
1981-10-24,0.56633694,0.0,16.0,1.0
1981-10-25,0.538020093,3.6,17.3,-0.2
1981-10-26,0.5097032459999999,2.0,11.5,8.8
1981-10-27,0.5097032459999999,8.6,11.2,8.0
1981-10-28,0.821188563,9.7,8.8,4.5
1981-10-29,1.245941268,37.6,4.8,2.8
1981-10-30,1.670693973,15.2,5.0,2.5
1981-10-31,1.925545596,0.3,14.2,0.0
1981-11-01,1.783961361,0.3,15.3,1.2
1981-11-02,1.500792891,0.0,15.0,0.4
1981-11-03,1.274258115,1.5,9.5,1.0
1981-11-04,1.13267388,0.0,10.3,-1.9
1981-11-05,1.019406492,0.0,11.7,-2.8
1981-11-06,0.962772798,0.0,12.0,0.3
1981-11-07,0.934455951,0.0,12.9,-0.8
1981-11-08,0.8778222569999999,0.0,14.2,-0.4
1981-11-09,0.821188563,0.0,13.2,-0.8
1981-11-10,0.764554869,1.3,10.5,0.6
1981-11-11,0.792871716,25.7,11.2,5.7
1981-11-12,2.010496137,17.0,9.3,5.7
1981-11-13,2.010496137,4.3,9.0,4.3
1981-11-14,2.038812984,16.5,8.4,2.3
1981-11-15,2.690100465,15.8,9.5,2.3
1981-11-16,3.426338487,23.9,5.6,4.1
1981-11-17,4.927131378,29.2,8.3,2.7
1981-11-18,5.635052553,9.9,6.0,1.0
1981-11-19,4.559012367,7.6,4.9,0.4
1981-11-20,4.785547143,18.3,8.0,4.3
1981-11-21,12.147927363,52.6,8.2,4.1
1981-11-22,14.356641429,33.0,7.0,2.2
1981-11-23,11.836442046,9.9,5.5,-0.5
1981-11-24,8.523370947,5.3,4.2,2.0
1981-11-25,6.088122105,4.3,4.3,-0.8
1981-11-26,4.785547143,0.8,3.0,-2.9
1981-11-27,3.907724886,0.3,2.0,-4.7
1981-11-28,3.228120558,0.3,1.3,-5.7
1981-11-29,2.860001547,12.2,0.1,-3.8
1981-11-30,2.633466771,31.8,1.4,-1.0
1981-12-01,4.870497684,23.6,3.2,-0.7
1981-12-02,25.428528606,58.7,8.5,-0.5
1981-12-03,14.611493052,8.1,5.0,-1.3
1981-12-04,9.429510051,0.3,7.4,1.3
1981-12-05,15.829117473,99.8,8.8,2.9
1981-12-06,40.77625968,52.8,6.5,3.0
1981-12-07,22.030506966,5.1,6.2,2.1
1981-12-08,12.884165385,0.3,8.0,2.0
1981-12-09,9.401193204,13.7,8.8,3.0
1981-12-10,7.787132925,12.7,4.1,1.4
1981-12-11,6.144755799,0.0,3.1,-1.4
1981-12-12,5.097032459999999,17.3,1.2,-2.0
1981-12-13,7.92871716,42.4,5.0,1.4
1981-12-14,20.784565698,69.1,6.8,3.2
1981-12-15,33.41387946,69.1,7.0,3.8
1981-12-16,18.887336949,0.0,5.6,-1.0
1981-12-17,11.440006188,0.3,6.0,-1.2
1981-12-18,9.995846991,46.6,7.8,4.3
1981-12-19,23.191497693,36.3,10.1,3.2
1981-12-20,16.905157659,35.6,4.9,2.2
1981-12-21,13.082383314,6.7,4.7,0.9
1981-12-22,10.19406492,1.3,2.7,-0.1
1981-12-23,8.495054099999999,0.5,2.5,-0.8
1981-12-24,10.19406492,41.4,4.0,0.6
1981-12-25,11.89307574,2.5,5.7,2.5
1981-12-26,12.45941268,50.9,1.8,0.4
1981-12-27,10.76040186,21.3,2.0,0.4
1981-12-28,7.92871716,15.2,2.5,-0.2
1981-12-29,6.22970634,1.1,3.2,-0.2
1981-12-30,4.53069552,0.0,2.0,-0.7
1981-12-31,3.96435858,17.3,0.5,-0.6
1982-01-01,3.39802164,11.4,0.9,-0.6
1982-01-02,3.11485317,12.7,0.4,-0.7
1982-01-03,2.8316847,75.7,1.1,0.4
1982-01-04,2.54851623,21.8,1.2,-1.7
1982-01-05,2.26534776,3.3,-0.9,-8.5
1982-01-06,2.123763525,0.0,-2.5,-12.1
1982-01-07,1.98217929,0.0,0.6,-10.8
1982-01-08,1.840595055,0.0,1.3,-3.8
1982-01-09,1.840595055,0.0,0.8,-4.3
1982-01-10,1.98217929,0.0,1.0,-5.8
1982-01-11,1.98217929,3.1,2.2,0.2
1982-01-12,2.123763525,0.0,3.2,0.2
1982-01-13,1.98217929,0.0,3.2,-2.5
1982-01-14,1.98217929,1.2,1.5,-2.8
1982-01-15,2.123763525,0.3,3.3,0.6
1982-01-16,2.690100465,36.5,3.7,0.6
1982-01-17,9.62772798,33.4,3.2,1.3
1982-01-18,6.79604328,13.4,2.5,0.4
1982-01-19,4.24752705,0.5,2.2,-0.5
1982-01-20,3.39802164,0.5,2.4,-2.2
1982-01-21,3.11485317,13.2,1.2,-0.9
1982-01-22,2.8316847,63.3,0.5,-0.8
1982-01-23,3.11485317,47.8,5.1,0.4
1982-01-24,13.59208656,23.1,5.1,1.5
1982-01-25,13.02574962,6.6,4.6,1.2
1982-01-26,11.3267388,29.2,3.2,1.3
1982-01-27,8.495054099999999,8.4,3.7,0.1
1982-01-28,6.965944362,1.5,5.1,-0.1
1982-01-29,6.51287481,0.0,4.8,0.2
1982-01-30,5.550102012,0.3,4.9,0.6
1982-01-31,4.474061826,4.8,5.9,-0.5
1982-02-01,4.134259662,0.0,3.4,-2.3
1982-02-02,3.766140651,1.5,4.2,1.0
1982-02-03,3.482972181,0.8,5.3,-1.1
1982-02-04,3.171486864,0.0,4.2,-6.9
1982-02-05,2.916635241,0.0,3.2,-9.7
1982-02-06,2.690100465,0.0,5.9,-7.9
1982-02-07,2.520199383,0.0,6.2,-5.9
1982-02-08,2.350298301,0.0,3.7,-8.1
1982-02-09,2.180397219,0.0,5.7,-5.9
1982-02-10,2.038812984,0.0,5.4,-9.3
1982-02-11,1.925545596,0.0,2.6,-3.7
1982-02-12,1.812278208,0.8,5.2,-4.3
1982-02-13,7.588914996,92.2,3.4,1.2
1982-02-14,35.67922722,45.9,9.6,2.7
1982-02-15,25.400211759,17.5,8.1,2.4
1982-02-16,31.43170017,35.8,8.7,3.5
1982-02-17,31.43170017,30.0,8.2,3.0
1982-02-18,24.975459054,57.4,5.1,0.8
1982-02-19,39.36041733,17.8,14.3,4.5
1982-02-20,34.26338487,33.8,11.0,5.3
1982-02-21,28.316847,1.0,5.4,0.8
1982-02-22,15.432681615,7.9,4.1,0.2
1982-02-23,10.137431226,7.6,2.0,-0.4
1982-02-24,7.503964455,0.3,4.1,-2.4
1982-02-25,5.861587329,0.3,5.8,-1.6
1982-02-26,5.097032459999999,12.5,4.9,-0.2
1982-02-27,4.842180837,2.3,9.0,0.8
1982-02-28,4.559012367,3.6,6.4,-0.4
1982-03-01,5.804953635,18.0,8.3,1.7
1982-03-02,6.116438952,7.4,8.9,1.8
1982-03-03,6.342973728,37.6,6.0,0.6
1982-03-04,7.730499231,11.4,9.5,3.3
1982-03-05,6.597825351,0.0,9.8,-0.5
1982-03-06,5.266933541999999,0.0,13.3,-1.9
1982-03-07,4.643962908,0.0,14.5,-1.5
1982-03-08,4.417428132,1.3,11.7,3.0
1982-03-09,5.097032459999999,11.7,10.9,5.3
1982-03-10,6.342973728,4.3,12.6,5.4
1982-03-11,8.098618242,16.3,7.9,0.5
1982-03-12,7.164162290999999,0.0,7.6,0.4
1982-03-13,5.861587329,1.8,8.5,3.2
1982-03-14,5.153666154,5.6,6.4,0.7
1982-03-15,4.643962908,1.0,7.6,-0.5
1982-03-16,4.219210203,0.0,10.6,-1.0
1982-03-17,3.851091192,0.3,13.1,-2.3
1982-03-18,3.511289028,0.5,8.7,-2.2
1982-03-19,3.228120558,0.0,9.3,-0.2
1982-03-20,2.973268935,0.0,8.1,-1.8
1982-03-21,2.775051006,0.0,14.7,-3.7
1982-03-22,2.633466771,0.0,17.9,-2.8
1982-03-23,2.54851623,0.0,19.3,-2.2
1982-03-24,2.520199383,0.0,21.3,-1.8
1982-03-25,2.633466771,0.3,19.5,-0.8
1982-03-26,2.860001547,7.0,11.4,2.5
1982-03-27,2.944952088,10.3,10.9,0.8
1982-03-28,3.086536323,11.8,7.8,0.4
1982-03-29,3.001585782,7.3,6.6,-0.6
1982-03-30,2.944952088,13.5,4.1,0.4
1982-03-31,2.916635241,11.6,5.9,0.4
1982-04-01,2.8316847,7.3,7.7,-0.4
1982-04-02,2.888318394,20.4,3.7,0.3
1982-04-03,3.029902629,15.5,5.9,0.5
1982-04-04,3.001585782,14.1,5.1,-0.1
1982-04-05,2.888318394,1.4,9.2,-0.3
1982-04-06,2.718417312,3.9,8.5,-0.6
1982-04-07,2.633466771,5.9,9.4,-1.0
1982-04-08,2.54851623,0.1,13.1,-2.5
1982-04-09,2.54851623,0.1,18.8,-2.9
1982-04-10,3.143170017,39.0,8.1,-1.2
1982-04-11,7.787132925,16.1,14.4,5.4
1982-04-12,9.231292122,4.2,9.3,4.8
1982-04-13,9.797629062,49.7,7.2,2.3
1982-04-14,10.420599696,27.0,3.1,0.6
1982-04-15,7.900400313,13.8,8.4,-0.4
1982-04-16,6.258023187,0.0,13.9,-1.2
1982-04-17,5.266933541999999,1.5,10.6,1.2
1982-04-18,4.615646061,0.4,8.9,-0.9
1982-04-19,4.134259662,0.1,15.4,-2.7
1982-04-20,3.851091192,0.0,21.2,-2.1
1982-04-21,3.851091192,0.0,27.5,-0.8
1982-04-22,4.53069552,0.0,28.0,0.2
1982-04-23,5.748319941,0.0,22.5,1.0
1982-04-24,6.173072646,0.0,18.3,1.7
1982-04-25,5.720003094,0.0,20.4,-1.0
1982-04-26,5.266933541999999,0.0,20.7,-1.0
1982-04-27,5.040398766,0.5,20.6,2.0
1982-04-28,5.323567236,9.5,10.9,1.5
1982-04-29,4.955448225,0.0,20.9,-1.5
1982-04-30,4.672279755,0.0,21.4,2.0
1982-05-01,4.757230296,0.0,20.3,2.5
1982-05-02,4.785547143,0.0,16.9,1.0
1982-05-03,4.643962908,3.1,12.1,-0.2
1982-05-04,4.275843897,0.1,19.0,-2.5
1982-05-05,4.049309121,0.0,25.2,-0.7
1982-05-06,4.24752705,0.0,24.5,2.2
1982-05-07,4.587329214,0.0,14.7,5.6
1982-05-08,4.219210203,2.7,9.7,4.4
1982-05-09,3.766140651,2.8,9.5,5.3
1982-05-10,3.426338487,0.8,13.6,2.4
1982-05-11,3.228120558,0.0,19.9,2.0
1982-05-12,3.256437405,0.0,19.7,4.7
1982-05-13,3.482972181,0.0,22.0,3.4
1982-05-14,3.822774345,0.0,22.0,4.7
1982-05-15,3.992675427,0.0,24.5,4.1
1982-05-16,4.134259662,0.3,23.8,5.6
1982-05-17,4.53069552,8.1,12.7,6.0
1982-05-18,4.105942815,0.3,14.4,3.0
1982-05-19,3.652873263,0.0,25.8,-0.2
1982-05-20,3.652873263,0.0,25.5,2.7
1982-05-21,4.162576509,0.0,24.6,9.1
1982-05-22,4.275843897,0.0,22.9,6.0
1982-05-23,3.992675427,0.0,27.8,3.4
1982-05-24,4.049309121,0.0,33.9,5.1
1982-05-25,4.417428132,0.0,26.2,5.6
1982-05-26,3.851091192,0.3,11.9,2.0
1982-05-27,3.058219476,1.5,12.4,4.8
1982-05-28,2.633466771,0.1,21.0,4.6
1982-05-29,2.491882536,0.0,23.3,2.7
1982-05-30,2.435248842,0.0,26.7,1.2
1982-05-31,2.406931995,0.0,17.3,4.8
1982-06-01,2.321981454,0.0,18.4,6.9
1982-06-02,2.208714066,0.0,18.4,8.2
1982-06-03,2.095446678,0.3,17.3,6.5
1982-06-04,2.010496137,3.3,13.4,6.9
1982-06-05,2.067129831,6.8,13.5,6.9
1982-06-06,2.180397219,3.0,15.5,5.1
1982-06-07,1.98217929,0.0,19.3,5.1
1982-06-08,1.868911902,0.0,28.0,1.9
1982-06-09,1.897228749,0.0,31.6,4.1
1982-06-10,2.038812984,0.0,32.3,5.7
1982-06-11,2.123763525,5.5,23.8,9.4
1982-06-12,2.973268935,25.0,13.2,9.7
1982-06-13,2.463565689,0.0,15.3,9.4
1982-06-14,2.095446678,0.0,23.7,9.4
1982-06-15,2.010496137,0.0,28.5,8.9
1982-06-16,1.98217929,0.0,30.5,9.1
1982-06-17,1.868911902,0.0,35.2,8.6
1982-06-18,1.783961361,4.3,37.1,11.9
1982-06-19,1.727327667,0.0,34.1,13.7
1982-06-20,1.585743432,5.8,30.7,14.6
1982-06-21,1.500792891,0.0,26.1,12.4
1982-06-22,1.302574962,0.0,29.7,9.4
1982-06-23,1.557426585,0.0,32.3,7.7
1982-06-24,2.123763525,0.8,28.1,9.4
1982-06-25,2.010496137,0.0,28.0,10.2
1982-06-26,1.98217929,14.8,19.7,13.7
1982-06-27,2.435248842,3.8,20.5,12.0
1982-06-28,2.237030913,15.5,17.5,11.8
1982-06-29,1.953862443,3.3,20.2,12.4
1982-06-30,1.245941268,0.0,21.1,11.1
1982-07-01,1.076040186,1.0,22.3,11.7
1982-07-02,1.104357033,10.8,17.7,10.1
1982-07-03,1.274258115,2.0,19.0,9.4
1982-07-04,1.13267388,3.5,19.5,8.1
1982-07-05,1.160990727,1.3,22.0,8.5
1982-07-06,1.13267388,0.0,26.2,8.2
1982-07-07,1.076040186,0.0,22.6,10.9
1982-07-08,1.019406492,0.0,26.1,7.9
1982-07-09,0.962772798,0.0,27.6,6.9
1982-07-10,0.906139104,0.0,30.4,8.2
1982-07-11,0.906139104,0.0,29.6,9.9
1982-07-12,0.84950541,0.0,31.0,9.6
1982-07-13,0.84950541,0.5,21.7,9.9
1982-07-14,0.84950541,0.0,21.5,6.8
1982-07-15,0.792871716,0.0,20.8,4.1
1982-07-16,0.736238022,0.0,27.7,4.2
1982-07-17,0.6796043279999999,0.0,31.4,7.2
1982-07-18,0.6796043279999999,0.0,31.2,9.1
1982-07-19,0.651287481,0.0,32.2,10.4
1982-07-20,0.622970634,0.0,31.2,9.2
1982-07-21,0.5946537869999999,0.0,24.4,7.8
1982-07-22,0.56633694,0.0,28.2,4.9
1982-07-23,0.56633694,0.0,31.1,6.0
1982-07-24,0.538020093,0.0,32.8,8.3
1982-07-25,0.5097032459999999,0.0,33.4,10.6
1982-07-26,0.5097032459999999,0.0,34.2,11.7
1982-07-27,0.5097032459999999,0.0,30.0,13.1
1982-07-28,0.5097032459999999,0.0,28.0,13.4
1982-07-29,0.4813863989999999,0.0,26.6,16.7
1982-07-30,0.4813863989999999,0.0,24.4,16.5
1982-07-31,0.4813863989999999,0.0,25.8,12.2
1982-08-01,0.453069552,0.0,17.3,10.8
1982-08-02,0.453069552,0.0,20.7,8.4
1982-08-03,0.453069552,0.0,23.0,7.3
1982-08-04,0.424752705,0.0,26.7,9.8
1982-08-05,0.396435858,0.0,30.5,6.9
1982-08-06,0.396435858,0.0,34.9,8.1
1982-08-07,0.396435858,6.0,35.2,11.6
1982-08-08,0.5097032459999999,0.3,31.4,15.9
1982-08-09,0.4813863989999999,5.5,18.2,12.4
1982-08-10,0.453069552,2.0,20.7,12.1
1982-08-11,0.651287481,9.5,22.2,9.5
1982-08-12,0.4813863989999999,0.0,27.2,8.2
1982-08-13,0.424752705,1.3,26.7,7.9
1982-08-14,0.424752705,0.8,18.7,12.6
1982-08-15,0.424752705,0.0,26.2,11.9
1982-08-16,0.396435858,0.0,27.3,7.9
1982-08-17,0.368119011,0.0,30.0,7.6
1982-08-18,0.368119011,0.0,31.1,8.2
1982-08-19,0.368119011,0.0,33.4,10.6
1982-08-20,0.3398021639999999,0.0,34.6,11.6
1982-08-21,0.3398021639999999,0.0,33.1,12.0
1982-08-22,0.311485317,0.0,35.8,10.6
1982-08-23,0.311485317,0.0,34.8,8.9
1982-08-24,0.28316847,0.0,36.4,9.1
1982-08-25,0.28316847,0.0,34.3,10.1
1982-08-26,0.2803367853,0.0,28.5,7.9
1982-08-27,0.2775051006,0.0,26.0,6.2
1982-08-28,0.2746734159,1.8,31.5,5.5
1982-08-29,0.396435858,13.5,21.3,13.1
1982-08-30,0.368119011,0.0,23.5,10.4
1982-08-31,0.311485317,0.0,27.9,7.1
1982-09-01,0.28316847,0.0,33.7,8.2
1982-09-02,0.2803367853,0.0,34.9,11.2
1982-09-03,0.2803367853,0.0,18.2,9.6
1982-09-04,0.2775051006,0.0,26.9,9.6
1982-09-05,0.2605149924,0.0,30.4,6.4
1982-09-06,0.2661783618,0.0,29.4,10.1
1982-09-07,0.2633466771,0.0,31.0,7.6
1982-09-08,0.2576833077,0.0,30.6,8.6
1982-09-09,0.311485317,9.3,17.0,8.4
1982-09-10,0.396435858,1.0,17.2,4.7
1982-09-11,0.3398021639999999,16.0,12.5,3.0
1982-09-12,0.821188563,4.5,18.5,6.4
1982-09-13,0.424752705,0.0,20.2,3.0
1982-09-14,0.3398021639999999,0.0,18.0,5.1
1982-09-15,0.311485317,0.0,22.5,3.9
1982-09-16,0.28316847,0.0,24.8,1.3
1982-09-17,0.2746734159,0.0,27.0,5.4
1982-09-18,0.2690100465,2.0,24.1,6.8
1982-09-19,0.2803367853,3.5,20.2,11.4
1982-09-20,0.6796043279999999,17.3,14.9,6.6
1982-09-21,0.424752705,0.0,23.5,3.8
1982-09-22,0.3398021639999999,0.0,26.3,5.8
1982-09-23,0.311485317,0.0,27.0,7.2
1982-09-24,0.396435858,7.0,21.5,13.1
1982-09-25,0.368119011,2.3,14.4,8.7
1982-09-26,0.6796043279999999,21.5,10.9,9.4
1982-09-27,0.6796043279999999,2.5,13.1,9.4
1982-09-28,0.821188563,21.8,11.0,5.4
1982-09-29,1.047723339,0.0,13.7,3.5
1982-09-30,0.56633694,0.0,19.5,2.8
1982-10-01,0.368119011,0.0,19.0,0.2
1982-10-02,0.3398021639999999,8.3,12.4,3.7
1982-10-03,0.424752705,1.0,13.6,6.5
1982-10-04,0.424752705,3.0,13.4,5.9
1982-10-05,0.368119011,0.0,17.1,5.6
1982-10-06,0.6796043279999999,25.3,9.5,6.4
1982-10-07,1.41584235,24.0,8.8,6.2
1982-10-08,1.755644514,5.5,14.6,7.9
1982-10-09,1.330891809,0.0,18.9,5.7
1982-10-10,0.991089645,0.3,21.2,3.5
1982-10-11,0.792871716,0.0,20.8,3.4
1982-10-12,0.651287481,0.0,22.3,3.6
1982-10-13,0.538020093,0.0,22.4,3.5
1982-10-14,0.4813863989999999,0.0,21.8,4.2
1982-10-15,0.453069552,0.0,20.3,5.9
1982-10-16,0.424752705,7.3,15.7,8.4
1982-10-17,0.5946537869999999,8.0,8.9,5.1
1982-10-18,0.5946537869999999,0.0,11.9,0.7
1982-10-19,0.4813863989999999,0.0,13.9,-1.6
1982-10-20,0.424752705,0.8,13.1,-0.4
1982-10-21,0.4813863989999999,10.3,13.2,7.1
1982-10-22,0.792871716,40.8,16.3,10.7
1982-10-23,3.228120558,20.3,15.4,5.6
1982-10-24,2.010496137,0.5,14.9,3.4
1982-10-25,1.557426585,9.5,14.7,7.3
1982-10-26,2.010496137,23.8,8.6,6.2
1982-10-27,2.916635241,2.8,9.3,3.7
1982-10-28,2.944952088,39.3,7.1,1.0
1982-10-29,18.094465233,61.0,10.0,7.1
1982-10-30,9.62772798,0.0,11.9,5.1
1982-10-31,5.748319941,0.3,9.4,5.1
1982-11-01,3.992675427,1.0,11.6,0.9
1982-11-02,3.058219476,0.0,11.4,-1.1
1982-11-03,2.435248842,0.0,11.8,0.9
1982-11-04,2.095446678,4.0,9.8,6.7
1982-11-05,2.237030913,21.3,9.1,5.6
1982-11-06,3.426338487,8.5,6.6,2.8
1982-11-07,2.8316847,0.0,6.6,-1.1
1982-11-08,2.463565689,0.8,5.9,-1.9
1982-11-09,2.123763525,0.0,7.1,-2.2
1982-11-10,1.868911902,0.3,6.7,-3.5
1982-11-11,1.670693973,0.0,5.5,-4.2
1982-11-12,1.529109738,0.3,7.2,-2.7
1982-11-13,1.387525503,0.0,7.7,-2.1
1982-11-14,1.302574962,0.0,5.9,-4.0
1982-11-15,1.217624421,0.3,5.6,-4.5
1982-11-16,1.302574962,14.8,4.9,0.1
1982-11-17,2.775051006,20.0,11.0,4.7
1982-11-18,4.615646061,32.0,6.9,3.8
1982-11-19,5.94653787,31.8,5.3,1.7
1982-11-20,5.748319941,18.5,4.0,0.6
1982-11-21,4.728913449,3.0,4.7,-0.4
1982-11-22,3.766140651,0.0,2.9,-3.2
1982-11-23,3.086536323,0.0,2.4,-4.3
1982-11-24,2.605149924,0.0,3.4,-4.5
1982-11-25,2.350298301,0.0,5.4,-3.1
1982-11-26,2.237030913,0.3,6.4,-0.4
1982-11-27,2.576833077,18.0,8.5,3.0
1982-11-28,4.502378673,21.5,9.4,5.4
1982-11-29,8.551687794,40.3,6.5,2.0
1982-11-30,9.599411133,19.8,5.5,1.9
1982-12-01,7.815449772,2.8,5.0,1.7
1982-12-02,10.562183931,79.5,2.5,0.6
1982-12-03,29.73268935,49.5,10.0,2.7
1982-12-04,32.84754252,14.5,10.4,6.9
1982-12-05,21.860605884,52.3,9.2,5.6
1982-12-06,22.766744988,11.9,8.9,2.7
1982-12-07,13.422185478,0.0,2.8,-1.8
1982-12-08,9.033074193,0.0,2.5,-2.6
1982-12-09,6.965944362,0.0,2.0,-2.9
1982-12-10,5.521785165,0.0,2.6,-2.9
1982-12-11,4.474061826,0.0,2.7,-3.3
1982-12-12,3.96435858,13.2,4.5,0.0
1982-12-13,3.794457498,11.4,6.2,2.5
1982-12-14,4.587329214,24.1,3.5,0.5
1982-12-15,8.863173111,35.1,8.8,3.4
1982-12-16,15.602582697,37.9,8.3,5.0
1982-12-17,16.253870178,38.4,5.1,2.3
1982-12-18,11.638224117,14.7,3.3,0.4
1982-12-19,9.06139104,3.6,4.0,1.4
1982-12-20,8.523370947,16.5,6.2,2.1
1982-12-21,9.259608969,17.8,5.5,2.6
1982-12-22,8.183568783,2.0,4.7,0.5
1982-12-23,6.824360126999999,9.1,2.1,0.4
1982-12-24,5.521785165,0.0,2.5,-1.9
1982-12-25,4.643962908,2.0,2.3,-2.1
1982-12-26,4.275843897,5.3,5.9,0.8
1982-12-27,3.766140651,0.3,1.0,-4.3
1982-12-28,3.39802164,0.5,0.3,-5.9
1982-12-29,3.029902629,0.0,-0.1,-7.2
1982-12-30,2.746734159,0.0,1.1,-6.2
1982-12-31,2.491882536,0.3,0.6,-6.1
1983-01-01,2.293664607,0.3,2.0,-4.9
1983-01-02,2.406931995,19.1,3.5,0.4
1983-01-03,3.256437405,38.6,4.2,1.6
1983-01-04,15.942384861,50.0,6.6,1.8
1983-01-05,15.432681615,37.3,7.4,2.0
1983-01-06,24.579023196,56.4,8.9,4.4
1983-01-07,34.54655334,35.8,8.9,6.5
1983-01-08,21.832289037,24.6,8.3,2.9
1983-01-09,13.903571877,2.5,5.5,-0.2
1983-01-10,9.599411133,0.0,5.9,-0.9
1983-01-11,7.475647608,0.0,4.1,-2.5
1983-01-12,6.937627515,0.0,4.8,-2.3
1983-01-13,6.258023187,0.0,3.6,-3.6
1983-01-14,4.417428132,0.0,4.1,-2.8
1983-01-15,3.936041733,0.0,5.5,-2.2
1983-01-16,3.766140651,10.5,6.9,3.5
1983-01-17,3.68119011,1.5,9.5,4.6
1983-01-18,3.596239569,17.5,10.3,5.3
1983-01-19,4.134259662,10.3,5.8,3.0
1983-01-20,3.737823804,0.0,5.2,0.1
1983-01-21,3.454655334,4.5,3.3,-0.7
1983-01-22,3.369704793,13.5,4.8,-0.2
1983-01-23,4.077625968,13.0,7.3,1.1
1983-01-24,4.587329214,5.8,8.7,2.7
1983-01-25,4.219210203,4.5,6.7,1.8
1983-01-26,4.445744979,8.4,9.9,5.2
1983-01-27,4.445744979,5.0,7.6,3.4
1983-01-28,4.020992274,0.0,7.7,1.8
1983-01-29,3.709506957,2.0,8.4,3.5
1983-01-30,3.454655334,9.5,6.4,0.8
1983-01-31,3.341387946,2.5,8.6,-0.1
1983-02-01,3.029902629,0.0,8.1,-1.3
1983-02-02,2.775051006,0.0,9.2,-1.7
1983-02-03,2.576833077,0.3,5.9,-3.2
1983-02-04,2.378615148,0.0,6.8,-3.9
1983-02-05,2.237030913,0.0,7.7,-2.3
1983-02-06,2.520199383,37.0,6.1,1.6
1983-02-07,2.803367853,10.3,4.9,0.6
1983-02-08,4.190893356,45.3,5.9,2.4
1983-02-09,8.268519324,32.8,2.0,0.4
1983-02-10,8.834856263999999,18.3,4.6,0.6
1983-02-11,9.769312215,0.3,10.6,1.5
1983-02-12,8.664955182,16.3,9.4,5.1
1983-02-13,8.381786712,17.0,7.2,4.9
1983-02-14,8.21188563,16.1,4.9,1.7
1983-02-15,8.013667701,12.5,8.4,1.5
1983-02-16,7.702182383999999,1.8,9.7,4.0
1983-02-17,17.358227211,91.0,9.4,2.7
1983-02-18,27.46734159,23.3,6.5,2.7
1983-02-19,16.027335402,0.8,8.1,2.5
1983-02-20,11.666540964,21.0,7.4,4.8
1983-02-21,10.392282849,29.8,10.6,5.9
1983-02-22,13.223967549,7.0,13.0,7.7
1983-02-23,11.128520871,1.5,12.9,7.1
1983-02-24,9.231292122,4.8,10.4,3.7
1983-02-25,7.64554869,9.5,7.9,2.6
1983-02-26,6.541191657,3.5,9.1,2.3
1983-02-27,5.550102012,4.0,11.1,2.0
1983-02-28,4.927131378,7.8,11.9,4.0
1983-03-01,4.672279755,2.5,11.6,3.0
1983-03-02,4.219210203,0.3,13.5,1.2
1983-03-03,3.879408039,0.0,14.6,3.7
1983-03-04,3.766140651,7.3,10.1,7.3
1983-03-05,3.936041733,23.5,9.8,5.7
1983-03-06,5.351884083,16.0,8.4,3.9
1983-03-07,6.031488411,23.5,8.7,4.9
1983-03-08,7.588914996,13.5,9.6,6.1
1983-03-09,8.240202477,12.5,11.4,7.3
1983-03-10,8.325153018,8.8,12.4,6.1
1983-03-11,7.164162290999999,0.0,14.6,4.1
1983-03-12,6.965944362,23.5,11.4,4.9
1983-03-13,7.872083465999999,18.5,10.4,4.6
1983-03-14,7.843766619,23.3,6.8,1.2
1983-03-15,7.249112832,0.3,12.3,0.7
1983-03-16,6.371290575,0.0,10.7,-0.1
1983-03-17,5.436834623999999,3.5,11.8,2.0
1983-03-18,4.672279755,0.3,12.6,-0.6
1983-03-19,4.049309121,0.0,15.7,-0.9
1983-03-20,3.652873263,0.0,14.9,-0.2
1983-03-21,3.426338487,7.5,11.9,4.1
1983-03-22,3.369704793,12.5,8.4,3.2
1983-03-23,3.511289028,9.3,10.7,3.5
1983-03-24,3.256437405,11.3,13.4,0.1
1983-03-25,3.228120558,5.5,9.6,2.9
1983-03-26,3.171486864,15.3,8.1,1.7
1983-03-27,3.766140651,16.3,8.4,2.5
1983-03-28,3.992675427,10.3,8.1,2.3
1983-03-29,9.62772798,69.5,8.6,5.1
1983-03-30,25.909915005,32.0,9.9,3.9
1983-03-31,15.517632156,7.3,9.2,3.1
1983-04-01,11.3267388,16.5,8.6,3.7
1983-04-02,9.939213297,26.0,4.9,1.2
1983-04-03,8.551687794,2.3,8.9,1.3
1983-04-04,7.249112832,0.0,12.1,-0.2
1983-04-05,6.201389493,0.0,16.2,-2.0
1983-04-06,5.238616695,0.0,19.6,-2.2
1983-04-07,4.615646061,0.0,12.7,1.1
1983-04-08,4.105942815,0.0,13.6,-0.6
1983-04-09,3.822774345,14.0,6.1,0.8
1983-04-10,3.567922722,7.5,8.4,0.8
1983-04-11,3.313071099,1.0,9.1,-0.2
1983-04-12,3.029902629,4.5,10.9,-1.1
1983-04-13,2.803367853,0.0,13.4,-0.5
1983-04-14,2.633466771,0.0,18.3,-2.2
1983-04-15,2.520199383,0.0,21.3,-1.4
1983-04-16,2.463565689,0.0,24.2,-0.4
1983-04-17,2.54851623,0.0,26.7,0.6
1983-04-18,2.803367853,2.0,22.8,5.5
1983-04-19,3.11485317,2.8,16.4,7.7
1983-04-20,3.11485317,1.0,17.8,8.1
1983-04-21,3.228120558,0.3,19.0,8.7
1983-04-22,3.171486864,2.3,13.1,6.6
1983-04-23,3.001585782,5.8,16.0,4.2
1983-04-24,2.8316847,0.5,13.4,3.0
1983-04-25,2.633466771,6.3,10.9,4.3
1983-04-26,2.463565689,0.0,14.2,3.0
1983-04-27,2.293664607,2.0,19.5,-0.1
1983-04-28,2.321981454,11.3,19.0,7.0
1983-04-29,2.633466771,0.3,18.5,5.7
1983-04-30,2.491882536,5.3,17.7,6.4
1983-05-01,2.633466771,3.3,11.1,7.9
1983-05-02,2.633466771,0.5,14.1,6.6
1983-05-03,2.435248842,0.0,20.5,5.1
1983-05-04,2.350298301,0.0,18.3,2.7
1983-05-05,2.463565689,7.8,15.9,6.8
1983-05-06,2.435248842,12.8,15.1,5.6
1983-05-07,2.775051006,16.8,8.9,4.1
1983-05-08,3.39802164,32.5,6.7,2.2
1983-05-09,3.596239569,8.0,9.4,2.5
1983-05-10,3.39802164,0.3,12.3,3.4
1983-05-11,3.228120558,2.5,19.2,2.5
1983-05-12,3.171486864,0.0,23.3,1.8
1983-05-13,3.199803711,0.0,22.8,3.0
1983-05-14,3.284754252,7.5,11.6,8.4
1983-05-15,4.757230296,24.5,9.7,4.9
1983-05-16,5.068715613,0.0,17.0,3.7
1983-05-17,4.445744979,0.0,22.3,1.7
1983-05-18,3.96435858,0.0,19.8,5.3
1983-05-19,3.596239569,0.0,26.2,2.3
1983-05-20,3.426338487,0.0,29.7,5.1
1983-05-21,3.313071099,0.0,26.7,6.2
1983-05-22,3.058219476,0.0,33.5,5.2
1983-05-23,2.973268935,0.0,34.6,7.1
1983-05-24,2.860001547,0.0,33.8,9.2
1983-05-25,2.690100465,0.0,30.7,9.6
1983-05-26,2.406931995,0.0,32.2,8.2
1983-05-27,2.180397219,0.0,37.5,9.2
1983-05-28,2.067129831,0.8,40.0,10.7
1983-05-29,1.925545596,0.0,32.2,13.6
1983-05-30,1.727327667,0.0,18.7,12.1
1983-05-31,1.69901082,9.0,13.9,9.4
1983-06-01,1.69901082,2.0,13.6,8.8
1983-06-02,1.585743432,0.3,15.6,9.4
1983-06-03,1.472476044,0.0,21.5,4.2
1983-06-04,1.330891809,0.0,22.3,4.9
1983-06-05,1.245941268,0.0,25.1,4.6
1983-06-06,1.189307574,0.0,29.0,5.8
1983-06-07,1.13267388,0.0,32.7,8.1
1983-06-08,1.076040186,0.0,27.2,11.4
1983-06-09,1.019406492,2.3,23.8,10.2
1983-06-10,1.670693973,21.8,13.9,8.7
1983-06-11,1.41584235,1.5,15.4,8.1
1983-06-12,1.245941268,0.8,22.0,7.6
1983-06-13,1.13267388,0.0,29.7,5.1
1983-06-14,1.047723339,2.8,23.7,9.1
1983-06-15,1.047723339,0.3,20.4,7.1
1983-06-16,0.934455951,0.0,27.1,5.1
1983-06-17,1.019406492,16.3,14.0,7.6
1983-06-18,1.472476044,11.5,12.9,8.1
1983-06-19,1.585743432,7.5,14.0,8.1
1983-06-20,1.585743432,0.8,18.6,5.3
1983-06-21,1.41584235,0.0,24.7,2.7
1983-06-22,1.274258115,0.5,20.5,10.7
1983-06-23,1.245941268,5.3,15.9,8.9
1983-06-24,1.189307574,0.3,22.8,7.4
1983-06-25,1.076040186,0.0,25.7,5.7
1983-06-26,1.019406492,0.0,23.2,10.9
1983-06-27,0.934455951,0.0,25.2,10.9
1983-06-28,0.906139104,0.0,24.0,8.1
1983-06-29,0.8778222569999999,0.0,22.2,9.1
1983-06-30,0.906139104,18.0,17.5,9.4
1983-07-01,2.237030913,34.3,14.4,9.6
1983-07-02,3.058219476,11.3,14.7,9.1
1983-07-03,2.690100465,0.0,24.3,9.4
1983-07-04,2.152080372,0.0,28.6,7.4
1983-07-05,1.868911902,0.0,23.0,11.6
1983-07-06,1.69901082,0.0,19.2,10.4
1983-07-07,1.557426585,3.5,14.6,9.2
1983-07-08,1.529109738,3.0,15.6,9.1
1983-07-09,1.41584235,0.0,19.2,8.0
1983-07-10,1.330891809,0.0,27.6,5.8
1983-07-11,1.245941268,0.0,32.0,8.9
1983-07-12,1.217624421,0.0,20.5,10.9
1983-07-13,1.160990727,0.8,23.2,12.1
1983-07-14,1.160990727,0.5,18.2,7.1
1983-07-15,1.076040186,0.0,17.3,7.1
1983-07-16,1.019406492,1.0,23.5,7.1
1983-07-17,1.104357033,1.3,24.2,9.7
1983-07-18,1.302574962,4.3,24.8,9.1
1983-07-19,1.245941268,1.3,23.0,13.1
1983-07-20,1.245941268,0.5,24.5,9.7
1983-07-21,1.104357033,0.0,30.8,7.1
1983-07-22,1.019406492,0.0,29.2,10.7
1983-07-23,0.934455951,0.0,27.7,16.3
1983-07-24,0.934455951,0.0,22.5,14.9
1983-07-25,0.906139104,1.0,19.4,10.7
1983-07-26,0.84950541,0.0,25.8,10.2
1983-07-27,0.821188563,0.3,20.7,12.6
1983-07-28,0.792871716,0.0,25.5,13.1
1983-07-29,0.764554869,0.0,30.8,12.2
1983-07-30,0.736238022,0.0,36.5,12.4
1983-07-31,0.707921175,0.3,23.4,16.7
1983-08-01,0.707921175,0.0,25.0,13.6
1983-08-02,0.651287481,0.0,27.7,14.4
1983-08-03,0.622970634,0.0,25.2,12.4
1983-08-04,0.622970634,0.0,27.5,9.7
1983-08-05,0.5946537869999999,0.0,27.1,12.9
1983-08-06,0.56633694,0.0,33.2,9.1
1983-08-07,0.56633694,0.0,31.6,14.7
1983-08-08,0.538020093,0.0,23.7,15.1
1983-08-09,0.538020093,0.0,24.7,16.3
1983-08-10,0.5097032459999999,0.3,20.2,14.0
1983-08-11,0.5097032459999999,0.3,24.6,9.7
1983-08-12,0.5097032459999999,0.0,33.0,6.8
1983-08-13,0.4813863989999999,0.0,34.0,9.6
1983-08-14,0.4813863989999999,0.0,34.1,12.2
1983-08-15,0.453069552,0.0,30.8,11.9
1983-08-16,0.453069552,0.0,31.6,8.9
1983-08-17,0.453069552,0.0,31.5,9.2
1983-08-18,0.424752705,0.0,31.0,9.4
1983-08-19,0.424752705,0.0,24.7,10.9
1983-08-20,0.424752705,0.0,28.0,9.8
1983-08-21,0.396435858,0.0,28.8,6.6
1983-08-22,0.396435858,0.0,22.1,7.9
1983-08-23,0.396435858,0.0,21.8,11.1
1983-08-24,0.396435858,0.0,26.9,8.9
1983-08-25,0.396435858,7.0,28.7,7.7
1983-08-26,0.396435858,0.3,27.5,12.8
1983-08-27,0.396435858,0.3,27.4,9.9
1983-08-28,0.396435858,6.5,22.3,13.7
1983-08-29,0.792871716,41.3,18.5,13.9
1983-08-30,0.8778222569999999,0.8,21.2,13.9
1983-08-31,0.5946537869999999,4.0,19.2,13.1
1983-09-01,0.622970634,3.3,20.0,12.1
1983-09-02,0.538020093,1.5,23.0,9.9
1983-09-03,0.5097032459999999,0.0,26.0,10.2
1983-09-04,0.453069552,0.0,20.8,7.7
1983-09-05,0.453069552,0.0,25.4,4.6
1983-09-06,0.453069552,0.0,25.9,5.9
1983-09-07,0.424752705,0.0,22.3,7.4
1983-09-08,0.424752705,4.5,17.7,7.6
1983-09-09,0.453069552,0.3,20.7,6.2
1983-09-10,0.424752705,2.3,16.5,5.1
1983-09-11,0.453069552,0.5,24.1,10.1
1983-09-12,0.424752705,0.0,29.8,9.7
1983-09-13,0.396435858,0.0,27.4,8.7
1983-09-14,0.396435858,0.0,24.5,9.6
1983-09-15,0.396435858,0.0,26.4,6.3
1983-09-16,0.368119011,0.0,24.3,8.6
1983-09-17,0.368119011,0.0,21.3,5.6
1983-09-18,0.396435858,6.3,12.2,4.6
1983-09-19,0.424752705,0.0,19.5,0.9
1983-09-20,0.368119011,0.0,24.0,1.2
1983-09-21,0.368119011,0.0,25.7,1.7
1983-09-22,0.3398021639999999,0.0,25.9,6.5
1983-09-23,0.3398021639999999,0.0,19.2,11.7
1983-09-24,0.3398021639999999,0.0,26.5,10.1
1983-09-25,0.3398021639999999,0.0,27.5,7.2
1983-09-26,0.3398021639999999,0.0,23.2,7.5
1983-09-27,0.3398021639999999,0.3,16.1,3.3
1983-09-28,0.3398021639999999,0.0,20.3,-0.2
1983-09-29,0.311485317,0.0,20.8,-1.8
1983-09-30,0.311485317,0.0,20.2,-0.1
1983-10-01,0.311485317,0.0,21.2,3.3
1983-10-02,0.311485317,0.0,17.7,3.0
1983-10-03,0.311485317,0.0,21.7,7.0
1983-10-04,0.311485317,0.0,24.0,6.4
1983-10-05,0.311485317,0.0,20.2,7.7
1983-10-06,0.311485317,0.0,17.7,3.8
1983-10-07,0.311485317,0.0,21.2,-0.2
1983-10-08,0.28316847,1.0,16.4,4.2
1983-10-09,0.368119011,8.8,13.7,9.7
1983-10-10,0.453069552,14.0,16.3,10.8
1983-10-11,0.396435858,0.0,19.1,7.1
1983-10-12,0.3398021639999999,0.0,19.3,6.2
1983-10-13,0.311485317,3.0,11.9,6.0
1983-10-14,0.3398021639999999,2.3,11.6,5.9
1983-10-15,0.3398021639999999,0.0,14.7,2.6
1983-10-16,0.311485317,0.0,15.9,0.4
1983-10-17,0.3398021639999999,7.0,12.6,6.1
1983-10-18,0.368119011,0.0,15.0,1.6
1983-10-19,0.311485317,0.0,17.0,4.1
1983-10-20,0.311485317,0.0,18.1,4.8
1983-10-21,0.311485317,0.0,16.0,3.7
1983-10-22,0.6796043279999999,23.8,12.5,8.7
1983-10-23,0.56633694,0.0,13.7,2.1
1983-10-24,0.396435858,0.0,14.9,-0.4
1983-10-25,0.3398021639999999,0.3,17.7,1.7
1983-10-26,0.311485317,0.0,17.0,2.3
1983-10-27,0.28316847,0.0,15.3,3.0
1983-10-28,0.28316847,0.0,16.8,3.4
1983-10-29,0.28316847,1.3,16.2,4.1
1983-10-30,0.396435858,21.3,13.6,10.5
1983-10-31,0.5946537869999999,2.5,15.0,10.1
1983-11-01,0.622970634,10.8,11.0,7.9
1983-11-02,0.764554869,24.0,12.6,7.9
1983-11-03,1.755644514,25.0,13.7,9.5
1983-11-04,2.26534776,9.3,10.6,5.4
1983-11-05,1.557426585,13.8,8.6,4.8
1983-11-06,4.898814531,38.3,8.8,4.0
1983-11-07,3.68119011,1.8,7.3,2.6
1983-11-08,2.350298301,0.5,8.2,1.5
1983-11-09,2.123763525,10.5,10.0,5.0
1983-11-10,1.953862443,3.5,11.3,7.6
1983-11-11,1.840595055,4.5,9.4,3.5
1983-11-12,2.038812984,21.3,8.7,3.2
1983-11-13,2.775051006,12.8,6.6,3.0
1983-11-14,3.794457498,32.3,5.3,2.7
1983-11-15,5.918221023,9.0,10.5,4.8
1983-11-16,5.210299848,24.0,9.5,6.7
1983-11-17,8.296836170999999,43.3,6.7,3.8
1983-11-18,9.004757346,16.3,6.1,3.0
1983-11-19,10.222381767,38.5,8.1,1.5
1983-11-20,11.270105106,29.3,4.1,0.5
1983-11-21,7.92871716,1.3,5.7,1.3
1983-11-22,5.974854717,11.8,2.2,1.0
1983-11-23,7.07921175,45.0,5.2,1.6
1983-11-24,15.319414227,32.3,7.4,2.7
1983-11-25,11.60990727,11.5,4.8,1.1
1983-11-26,8.296836170999999,2.0,6.6,2.0
1983-11-27,7.164162290999999,9.3,8.0,3.9
1983-11-28,6.682775892,4.3,7.4,3.2
1983-11-29,5.720003094,0.0,2.7,-0.9
1983-11-30,4.955448225,25.4,0.8,0.3
1983-12-01,4.162576509,5.6,2.0,-0.2
1983-12-02,4.219210203,11.2,3.0,0.6
1983-12-03,4.134259662,0.5,3.9,-0.1
1983-12-04,3.709506957,13.0,3.5,0.3
1983-12-05,3.737823804,28.3,1.8,0.4
1983-12-06,6.51287481,66.6,0.9,0.4
1983-12-07,13.337234937,26.9,4.8,0.9
1983-12-08,12.969115926,5.0,5.9,1.6
1983-12-09,10.76040186,19.0,6.4,1.3
1983-12-10,15.942384861,12.5,6.8,1.7
1983-12-11,12.091293669,0.5,4.4,1.2
1983-12-12,9.34455951,25.5,5.4,1.5
1983-12-13,14.073472959,37.3,7.7,5.5
1983-12-14,28.88318394,68.5,8.8,5.1
1983-12-15,24.182587338,0.3,6.7,-0.1
1983-12-16,13.677037101,0.0,5.7,-0.4
1983-12-17,9.118024734,0.0,6.2,2.2
1983-12-18,7.164162290999999,4.3,4.8,2.6
1983-12-19,5.918221023,4.5,4.1,-0.4
1983-12-20,4.842180837,5.1,-0.4,-7.9
1983-12-21,4.020992274,0.0,-4.8,-9.9
1983-12-22,3.511289028,0.0,-6.7,-15.9
1983-12-23,3.256437405,0.0,-7.2,-17.0
1983-12-24,3.341387946,16.5,-5.4,-11.1
1983-12-25,2.8316847,13.2,0.4,-5.1
1983-12-26,1.868911902,2.5,1.7,-0.8
1983-12-27,2.237030913,0.8,2.3,-5.1
1983-12-28,2.152080372,6.0,0.6,-7.6
1983-12-29,4.275843897,44.8,1.8,0.5
1983-12-30,10.76040186,19.3,3.6,0.3
1983-12-31,9.202975275,1.3,3.9,-1.6
1984-01-01,7.220795985,0.3,2.0,-2.4
1984-01-02,6.852676974,16.3,3.6,-1.1
1984-01-03,12.45941268,24.8,4.1,2.3
1984-01-04,14.300007735,0.0,7.3,2.8
1984-01-05,11.04357033,0.0,8.1,0.7
1984-01-06,8.948123652,0.0,7.7,-0.2
1984-01-07,7.758816078,4.3,5.9,-0.5
1984-01-08,6.937627515,0.0,7.8,1.3
1984-01-09,5.720003094,0.0,7.4,-0.3
1984-01-10,5.720003094,28.5,7.0,2.9
1984-01-11,6.059805258,1.0,7.6,-1.0
1984-01-12,5.210299848,0.3,2.8,-3.0
1984-01-13,4.474061826,0.0,3.9,-3.6
1984-01-14,3.879408039,0.0,0.5,-6.6
1984-01-15,3.454655334,0.0,1.7,-8.1
1984-01-16,3.11485317,0.0,1.2,-8.0
1984-01-17,2.775051006,0.3,0.7,-8.8
1984-01-18,2.576833077,0.0,2.3,-7.4
1984-01-19,2.378615148,0.8,3.7,-2.5
1984-01-20,2.208714066,1.9,2.2,-5.5
1984-01-21,2.520199383,22.3,5.3,0.7
1984-01-22,3.794457498,23.0,6.7,2.1
1984-01-23,4.134259662,15.5,6.1,1.9
1984-01-24,10.873669248,26.3,10.4,5.6
1984-01-25,13.563769713,22.3,9.0,3.7
1984-01-26,10.080797532,0.5,7.3,0.2
1984-01-27,7.588914996,0.0,8.7,-1.2
1984-01-28,6.569508504,0.0,8.2,-1.6
1984-01-29,5.097032459999999,0.0,8.2,-1.5
1984-01-30,4.332477591,0.3,8.1,-1.9
1984-01-31,3.794457498,0.3,8.1,-2.1
1984-02-01,3.426338487,0.0,6.3,-3.1
1984-02-02,3.058219476,0.0,7.1,-3.3
1984-02-03,2.775051006,0.0,9.4,-1.3
1984-02-04,2.633466771,0.3,13.4,-0.5
1984-02-05,2.491882536,2.0,10.8,-0.9
1984-02-06,2.463565689,5.8,11.1,1.3
1984-02-07,2.26534776,0.0,10.7,-0.5
1984-02-08,2.180397219,2.0,12.1,3.0
1984-02-09,2.180397219,8.3,6.3,1.9
1984-02-10,2.152080372,15.5,5.2,1.5
1984-02-11,2.633466771,30.3,2.8,0.5
1984-02-12,15.800800626,109.0,10.1,2.3
1984-02-13,47.28913449,68.8,6.1,1.9
1984-02-14,20.161595064,8.3,4.9,0.4
1984-02-15,11.978026281,25.5,5.6,0.5
1984-02-16,9.542777439,1.5,5.8,-0.1
1984-02-17,7.050894903,0.0,7.6,-0.7
1984-02-18,5.521785165,2.8,8.6,-0.4
1984-02-19,4.615646061,8.3,7.9,-0.7
1984-02-20,4.53069552,14.8,9.3,3.5
1984-02-21,5.040398766,12.0,4.5,0.4
1984-02-22,4.559012367,6.3,3.9,-0.5
1984-02-23,4.332477591,9.5,6.6,1.2
1984-02-24,4.700596602,38.0,4.3,2.1
1984-02-25,5.408517777,5.5,6.8,1.2
1984-02-26,4.615646061,0.0,9.2,-0.1
1984-02-27,3.96435858,0.3,12.8,-0.3
1984-02-28,3.68119011,2.0,10.0,2.4
1984-02-29,3.539605875,7.5,9.5,2.0
1984-03-01,4.360794438,13.0,8.6,4.7
1984-03-02,4.672279755,9.0,8.7,3.2
1984-03-03,4.304160744,0.0,11.1,-0.2
1984-03-04,3.879408039,0.0,14.9,-1.3
1984-03-05,3.511289028,0.3,17.3,-1.4
1984-03-06,3.341387946,0.0,17.1,-0.4
1984-03-07,3.313071099,0.0,17.4,2.5
1984-03-08,3.313071099,0.3,17.5,2.2
1984-03-09,3.851091192,12.3,15.1,6.1
1984-03-10,4.304160744,15.8,10.1,5.0
1984-03-11,4.190893356,5.5,10.4,3.7
1984-03-12,4.105942815,8.4,10.1,2.5
1984-03-13,4.672279755,21.6,11.4,3.0
1984-03-14,6.824360126999999,20.7,8.6,5.4
1984-03-15,8.21188563,18.9,9.7,4.7
1984-03-16,8.268519324,22.2,7.6,3.6
1984-03-17,8.183568783,24.5,7.1,1.2
1984-03-18,8.126935089,24.4,7.6,3.3
1984-03-19,10.817035554,23.0,12.2,5.9
1984-03-20,12.232877904,25.8,14.7,4.2
1984-03-21,12.45941268,30.4,7.5,3.7
1984-03-22,10.732085013,2.1,13.4,4.6
1984-03-23,8.77822257,1.7,11.4,2.8
1984-03-24,7.164162290999999,0.8,12.4,1.2
1984-03-25,6.711092739,40.9,5.4,1.7
1984-03-26,10.618817625,22.1,8.4,4.4
1984-03-27,8.806539417,0.5,14.5,2.1
1984-03-28,7.022578056,12.4,8.1,2.8
1984-03-29,5.776636788,0.3,11.2,0.9
1984-03-30,4.81386399,0.8,14.9,1.7
1984-03-31,4.24752705,2.8,10.6,5.6
1984-04-01,3.851091192,3.4,9.4,4.4
1984-04-02,3.482972181,0.0,14.3,2.2
1984-04-03,3.199803711,2.3,12.1,2.9
1984-04-04,3.001585782,2.9,10.3,4.1
1984-04-05,2.944952088,1.3,9.4,3.0
1984-04-06,2.775051006,1.3,11.6,1.5
1984-04-07,3.029902629,26.7,7.9,0.9
1984-04-08,3.766140651,12.0,6.1,0.5
1984-04-09,4.020992274,24.4,4.4,1.3
1984-04-10,6.739409586,34.4,4.6,0.9
1984-04-11,5.974854717,9.6,11.9,1.4
1984-04-12,7.107528597,17.4,7.8,3.3
1984-04-13,6.569508504,0.0,17.0,2.3
1984-04-14,6.626142198,0.0,27.5,2.6
1984-04-15,7.305746526,0.0,13.0,4.4
1984-04-16,6.286340034,3.4,8.9,5.1
1984-04-17,5.181983001,0.0,15.6,4.0
1984-04-18,5.125349307,22.0,9.2,3.8
1984-04-19,5.210299848,14.4,8.2,3.3
1984-04-20,4.983765072,4.8,12.6,3.3
1984-04-21,4.615646061,0.0,13.6,1.6
1984-04-22,4.24752705,0.0,20.5,5.2
1984-04-23,3.936041733,1.0,14.9,3.8
1984-04-24,3.652873263,8.8,5.6,1.7
1984-04-25,3.341387946,5.5,6.9,0.4
1984-04-26,3.058219476,0.6,9.3,1.5
1984-04-27,2.860001547,0.0,15.9,0.4
1984-04-28,2.690100465,1.0,11.4,-1.8
1984-04-29,2.576833077,5.0,11.1,3.4
1984-04-30,2.746734159,28.9,10.4,4.4
1984-05-01,5.181983001,26.9,10.9,4.6
1984-05-02,7.390697067,28.0,10.7,6.1
1984-05-03,10.109114379,9.8,12.8,2.1
1984-05-04,8.013667701,7.4,10.1,2.0
1984-05-05,6.342973728,7.4,9.0,2.8
1984-05-06,5.153666154,0.0,17.2,2.5
1984-05-07,4.445744979,0.1,26.2,-0.2
1984-05-08,4.190893356,0.8,15.4,5.6
1984-05-09,3.936041733,0.4,13.7,3.7
1984-05-10,3.567922722,4.1,14.4,5.7
1984-05-11,5.125349307,21.6,18.7,8.7
1984-05-12,5.181983001,0.0,23.7,8.2
1984-05-13,4.983765072,9.7,24.5,7.4
1984-05-14,4.955448225,9.4,9.7,5.1
1984-05-15,4.077625968,6.8,9.6,4.2
1984-05-16,3.624556416,0.0,19.7,4.0
1984-05-17,3.369704793,0.0,22.0,3.9
1984-05-18,3.228120558,0.0,23.8,3.4
1984-05-19,3.228120558,7.5,19.3,8.1
1984-05-20,3.39802164,0.0,15.1,6.9
1984-05-21,3.001585782,0.0,15.9,4.9
1984-05-22,3.143170017,31.0,11.9,3.5
1984-05-23,5.040398766,5.9,13.4,6.7
1984-05-24,4.020992274,0.0,16.2,6.1
1984-05-25,4.332477591,23.4,14.0,6.7
1984-05-26,6.371290575,1.5,16.5,5.0
1984-05-27,5.012081919,0.1,29.2,2.2
1984-05-28,4.389111285,0.0,35.3,5.7
1984-05-29,4.219210203,0.0,34.2,9.4
1984-05-30,3.766140651,0.0,14.1,3.3
1984-05-31,3.171486864,0.0,19.0,-0.2
1984-06-01,2.803367853,0.0,23.5,0.6
1984-06-02,2.605149924,0.1,17.7,8.1
1984-06-03,2.435248842,10.0,20.0,4.4
1984-06-04,4.190893356,41.0,11.4,9.3
1984-06-05,5.804953635,15.6,12.9,6.7
1984-06-06,7.815449772,43.1,11.9,6.6
1984-06-07,13.705353948,9.9,10.8,6.0
1984-06-08,9.995846991,2.3,12.6,5.7
1984-06-09,7.730499231,7.0,11.1,6.5
1984-06-10,6.22970634,0.0,18.0,6.9
1984-06-11,5.040398766,0.0,20.6,7.4
1984-06-12,4.24752705,4.8,22.8,5.0
1984-06-13,3.709506957,0.0,24.8,6.6
1984-06-14,3.341387946,0.0,28.0,8.7
1984-06-15,3.058219476,0.0,25.3,7.6
1984-06-16,2.775051006,0.0,22.2,5.9
1984-06-17,2.54851623,0.0,24.7,3.1
1984-06-18,2.378615148,0.0,26.5,4.4
1984-06-19,2.26534776,0.0,24.8,5.4
1984-06-20,2.463565689,26.6,13.9,8.9
1984-06-21,3.029902629,17.1,12.8,8.0
1984-06-22,2.718417312,0.0,29.5,7.3
1984-06-23,2.435248842,0.0,31.9,8.1
1984-06-24,2.26534776,0.0,30.3,10.1
1984-06-25,2.152080372,0.0,31.8,8.2
1984-06-26,2.067129831,4.6,23.2,12.3
1984-06-27,2.038812984,0.1,29.8,13.5
1984-06-28,1.897228749,0.0,26.8,14.7
1984-06-29,1.897228749,4.4,19.5,7.2
1984-06-30,1.783961361,0.0,26.5,5.4
1984-07-01,1.69901082,0.0,30.5,7.7
1984-07-02,1.614060279,0.0,29.0,9.0
1984-07-03,1.557426585,0.0,32.2,8.2
1984-07-04,1.472476044,0.0,33.2,9.7
1984-07-05,1.387525503,0.0,29.0,9.3
1984-07-06,1.330891809,0.0,26.2,7.4
1984-07-07,1.302574962,0.0,27.7,5.9
1984-07-08,1.245941268,0.0,27.1,6.0
1984-07-09,1.217624421,0.0,28.0,6.9
1984-07-10,1.189307574,0.0,29.0,7.9
1984-07-11,1.160990727,0.0,25.7,6.9
1984-07-12,1.13267388,0.0,27.2,8.8
1984-07-13,1.076040186,0.0,29.5,7.0
1984-07-14,1.047723339,0.0,33.2,8.4
1984-07-15,0.991089645,0.0,36.5,10.8
1984-07-16,0.962772798,0.0,36.3,12.7
1984-07-17,0.934455951,0.0,33.3,14.2
1984-07-18,0.906139104,0.0,29.2,9.9
1984-07-19,0.84950541,0.0,30.3,6.8
1984-07-20,0.821188563,0.0,28.0,6.7
1984-07-21,0.821188563,0.0,27.2,6.8
1984-07-22,0.792871716,0.0,32.5,8.2
1984-07-23,0.764554869,0.0,29.8,8.7
1984-07-24,0.764554869,3.6,36.2,14.4
1984-07-25,0.736238022,0.0,24.5,14.0
1984-07-26,0.707921175,0.0,28.5,13.3
1984-07-27,0.707921175,0.0,27.7,9.4
1984-07-28,0.6796043279999999,0.0,25.8,10.4
1984-07-29,0.6796043279999999,0.0,32.2,11.2
1984-07-30,0.651287481,0.0,34.5,11.4
1984-07-31,0.651287481,0.3,28.3,13.5
1984-08-01,0.651287481,0.0,25.0,15.7
1984-08-02,0.622970634,0.0,26.5,14.6
1984-08-03,0.5946537869999999,0.0,26.0,10.1
1984-08-04,0.5946537869999999,0.0,28.2,7.4
1984-08-05,0.5946537869999999,0.0,25.2,9.6
1984-08-06,0.5946537869999999,0.0,28.7,9.9
1984-08-07,0.56633694,0.0,35.5,7.4
1984-08-08,0.538020093,0.0,35.5,9.6
1984-08-09,0.538020093,0.0,33.5,11.8
1984-08-10,0.538020093,0.0,32.8,12.4
1984-08-11,0.5097032459999999,0.0,28.7,11.6
1984-08-12,0.5097032459999999,0.0,23.2,8.5
1984-08-13,0.5097032459999999,0.0,27.0,5.2
1984-08-14,0.4813863989999999,0.0,29.7,5.7
1984-08-15,0.4813863989999999,0.0,32.3,7.5
1984-08-16,0.4813863989999999,0.0,31.0,8.9
1984-08-17,0.453069552,0.0,31.2,11.9
1984-08-18,0.453069552,0.0,26.3,8.2
1984-08-19,0.453069552,0.0,29.2,4.9
1984-08-20,0.453069552,0.0,32.5,5.9
1984-08-21,0.424752705,0.0,31.5,8.1
1984-08-22,0.424752705,0.0,28.7,8.6
1984-08-23,0.424752705,0.0,26.2,9.9
1984-08-24,0.424752705,0.0,25.7,7.0
1984-08-25,0.424752705,0.0,33.3,6.6
1984-08-26,0.424752705,0.0,34.8,9.0
1984-08-27,0.396435858,0.0,28.5,8.9
1984-08-28,0.396435858,0.0,29.2,7.6
1984-08-29,0.396435858,0.0,33.1,6.4
1984-08-30,0.396435858,1.0,21.8,12.6
1984-08-31,0.424752705,3.3,17.0,12.3
1984-09-01,0.424752705,0.0,26.0,8.8
1984-09-02,0.396435858,0.0,32.0,5.7
1984-09-03,0.396435858,0.0,30.3,8.9
1984-09-04,0.368119011,0.0,31.5,6.4
1984-09-05,0.424752705,16.4,26.5,7.1
1984-09-06,0.651287481,15.1,15.6,9.7
1984-09-07,0.792871716,11.0,21.7,12.1
1984-09-08,0.5097032459999999,0.0,24.7,12.6
1984-09-09,0.453069552,0.0,23.2,8.6
1984-09-10,0.424752705,0.0,21.0,6.2
1984-09-11,0.424752705,0.0,18.3,6.1
1984-09-12,0.396435858,0.0,23.1,3.2
1984-09-13,0.396435858,0.0,28.2,2.7
1984-09-14,0.368119011,0.0,24.2,5.1
1984-09-15,0.368119011,0.0,24.3,7.6
1984-09-16,0.368119011,0.0,28.3,5.8
1984-09-17,0.368119011,0.0,30.5,7.7
1984-09-18,0.368119011,0.0,29.5,8.9
1984-09-19,0.368119011,1.5,25.7,14.6
1984-09-20,0.622970634,13.9,17.3,8.9
1984-09-21,0.453069552,0.3,15.1,4.2
1984-09-22,0.424752705,10.4,11.6,2.9
1984-09-23,0.4813863989999999,0.3,13.1,1.6
1984-09-24,0.424752705,0.3,16.9,-1.0
1984-09-25,0.396435858,0.0,18.7,0.2
1984-09-26,0.368119011,0.0,21.7,1.3
1984-09-27,0.368119011,0.0,22.8,2.3
1984-09-28,0.3398021639999999,0.0,23.4,2.0
1984-09-29,0.3398021639999999,0.0,24.0,3.7
1984-09-30,0.3398021639999999,0.0,18.5,7.4
1984-10-01,0.3398021639999999,0.0,20.3,5.8
1984-10-02,0.3398021639999999,0.0,23.7,3.4
1984-10-03,0.3398021639999999,0.0,22.7,4.1
1984-10-04,0.3398021639999999,3.0,15.6,6.0
1984-10-05,0.3398021639999999,0.0,17.5,5.6
1984-10-06,0.3398021639999999,0.3,23.0,9.4
1984-10-07,0.311485317,0.0,25.3,6.6
1984-10-08,0.3398021639999999,6.9,18.6,7.1
1984-10-09,0.396435858,0.5,16.7,10.0
1984-10-10,0.368119011,13.0,12.6,8.4
1984-10-11,0.651287481,14.7,9.7,5.2
1984-10-12,1.3592086559999998,40.9,11.6,5.5
1984-10-13,1.953862443,21.1,9.1,4.6
1984-10-14,1.500792891,19.5,7.1,3.0
1984-10-15,1.330891809,0.0,8.6,2.1
1984-10-16,0.991089645,0.0,11.4,-0.4
1984-10-17,0.792871716,7.1,8.6,1.5
1984-10-18,0.792871716,19.8,5.4,3.0
1984-10-19,1.69901082,27.7,8.7,4.7
1984-10-20,2.406931995,5.1,10.4,6.2
1984-10-21,1.840595055,0.0,11.6,4.0
1984-10-22,1.444159197,0.0,12.6,0.9
1984-10-23,1.217624421,7.4,9.7,-0.6
1984-10-24,1.245941268,0.5,13.2,7.7
1984-10-25,1.330891809,30.7,11.6,7.5
1984-10-26,5.097032459999999,36.3,11.4,4.1
1984-10-27,3.96435858,46.5,5.4,3.4
1984-10-28,4.53069552,23.4,6.9,3.0
1984-10-29,3.39802164,0.8,9.0,2.5
1984-10-30,2.860001547,15.0,6.9,2.7
1984-10-31,2.54851623,0.8,6.6,0.2
1984-11-01,2.237030913,15.2,7.7,-0.2
1984-11-02,20.841199392,90.7,9.6,7.2
1984-11-03,24.494072655,36.3,9.1,4.4
1984-11-04,13.223967549,0.0,10.2,0.0
1984-11-05,8.296836170999999,0.3,9.9,-0.2
1984-11-06,7.305746526,24.9,8.1,5.2
1984-11-07,7.07921175,5.6,9.0,-0.4
1984-11-08,6.088122105,30.5,4.7,-1.0
1984-11-09,6.824360126999999,47.5,4.9,1.2
1984-11-10,15.432681615,22.1,8.9,2.5
1984-11-11,15.885751167,24.9,8.4,6.5
1984-11-12,16.083969096,18.3,8.6,5.9
1984-11-13,15.715850085,32.0,7.2,4.1
1984-11-14,12.289511598,0.3,6.5,1.1
1984-11-15,8.523370947,1.0,6.4,-0.2
1984-11-16,6.427924269,0.0,8.5,-0.3
1984-11-17,5.097032459999999,8.6,7.9,-1.3
1984-11-18,5.408517777,12.7,8.3,4.4
1984-11-19,4.757230296,2.5,7.3,2.7
1984-11-20,4.53069552,11.9,4.9,2.3
1984-11-21,4.105942815,0.0,5.0,-2.0
1984-11-22,3.766140651,0.0,3.2,-3.8
1984-11-23,3.766140651,22.1,4.1,-0.9
1984-11-24,3.709506957,6.1,1.7,-0.2
1984-11-25,3.511289028,11.4,2.8,0.4
1984-11-26,3.313071099,10.2,2.8,-0.1
1984-11-27,5.323567236,37.1,3.0,0.4
1984-11-28,10.958619789,36.8,5.2,2.1
1984-11-29,9.259608969,56.1,2.7,0.4
1984-11-30,8.948123652,20.8,2.3,0.4
1984-12-01,7.107528597,0.0,2.9,-1.7
1984-12-02,5.266933541999999,0.0,2.9,-1.6
1984-12-03,4.190893356,0.0,3.9,-1.9
1984-12-04,3.652873263,0.0,1.5,-3.2
1984-12-05,3.256437405,0.0,1.3,-4.6
1984-12-06,2.916635241,0.0,1.8,-4.1
1984-12-07,2.718417312,0.0,3.2,-3.2
1984-12-08,2.661783618,5.6,3.4,-0.9
1984-12-09,3.454655334,25.4,5.1,2.0
1984-12-10,7.475647608,25.9,5.2,-0.1
1984-12-11,6.597825351,15.2,1.6,-0.4
1984-12-12,5.889904176,24.4,3.3,0.4
1984-12-13,4.983765072,1.0,4.8,0.6
1984-12-14,4.502378673,9.4,3.5,0.2
1984-12-15,4.785547143,1.0,2.0,-0.9
1984-12-16,4.105942815,0.0,1.7,-1.0
1984-12-17,3.709506957,9.1,0.9,-1.0
1984-12-18,3.39802164,0.5,-2.3,-9.1
1984-12-19,3.11485317,0.0,-0.1,-10.4
1984-12-20,2.860001547,14.2,-0.2,-9.2
1984-12-21,2.690100465,7.6,0.9,0.0
1984-12-22,2.633466771,2.5,1.8,0.4
1984-12-23,3.11485317,8.6,3.5,0.6
1984-12-24,3.256437405,0.0,2.2,-1.8
1984-12-25,3.11485317,0.0,1.5,-2.5
1984-12-26,2.973268935,3.1,3.2,0.2
1984-12-27,2.746734159,38.6,2.0,0.4
1984-12-28,2.661783618,12.7,2.2,0.2
1984-12-29,2.690100465,35.8,1.7,0.4
1984-12-30,3.341387946,14.0,2.7,0.4
1984-12-31,3.567922722,0.5,3.3,-2.3
1985-01-01,3.086536323,0.0,1.2,-4.1
1985-01-02,2.661783618,0.0,1.7,-3.5
1985-01-03,2.491882536,0.0,1.5,-3.3
1985-01-04,2.491882536,0.0,1.6,-3.7
1985-01-05,2.775051006,0.0,3.5,-0.4
1985-01-06,3.11485317,0.0,4.6,0.3
1985-01-07,3.68119011,0.0,5.4,0.6
1985-01-08,3.68119011,0.0,4.8,-1.2
1985-01-09,3.39802164,0.0,2.1,-3.0
1985-01-10,3.11485317,0.0,1.7,-4.4
1985-01-11,2.944952088,0.0,2.3,-4.1
1985-01-12,2.775051006,0.0,2.0,-4.1
1985-01-13,2.661783618,0.0,2.5,-3.9
1985-01-14,2.944952088,4.6,2.7,-2.2
1985-01-15,3.256437405,0.0,5.6,-0.5
1985-01-16,3.68119011,0.0,5.7,-1.5
1985-01-17,4.24752705,0.0,4.9,-1.7
1985-01-18,5.097032459999999,0.0,5.6,-1.3
1985-01-19,4.672279755,0.5,3.0,-2.7
1985-01-20,4.24752705,0.0,6.4,-1.0
1985-01-21,3.96435858,0.0,4.3,-2.5
1985-01-22,3.68119011,0.0,4.3,-3.5
1985-01-23,3.39802164,0.0,4.4,-3.2
1985-01-24,3.171486864,0.0,3.6,-3.5
1985-01-25,2.944952088,0.0,3.2,-5.1
1985-01-26,2.775051006,0.0,2.8,-6.0
1985-01-27,2.605149924,1.8,2.0,-6.0
1985-01-28,2.406931995,0.0,3.2,-0.1
1985-01-29,2.26534776,4.1,3.7,-1.3
1985-01-30,2.095446678,1.0,2.0,-1.7
1985-01-31,1.925545596,2.3,3.2,-0.4
1985-02-01,1.840595055,21.6,0.6,-0.9
1985-02-02,1.755644514,6.6,1.0,0.2
1985-02-03,1.642377126,0.0,0.3,-11.5
1985-02-04,1.557426585,0.0,-1.0,-14.9
1985-02-05,1.472476044,6.9,1.4,-3.5
1985-02-06,1.472476044,12.2,3.2,-0.4
1985-02-07,1.925545596,52.8,1.5,0.4
1985-02-08,1.953862443,27.7,1.5,0.2
1985-02-09,1.812278208,15.8,1.9,-0.2
1985-02-10,1.642377126,2.0,3.5,-0.4
1985-02-11,3.39802164,34.5,2.2,0.4
1985-02-12,5.94653787,1.2,6.4,0.2
1985-02-13,4.53069552,0.0,6.1,-0.9
1985-02-14,4.53069552,5.6,6.6,-1.2
1985-02-15,5.6633694,0.3,8.1,-0.4
1985-02-16,4.53069552,0.0,7.3,-1.8
1985-02-17,3.96435858,0.0,5.7,-4.7
1985-02-18,3.39802164,0.0,6.4,-5.0
1985-02-19,3.11485317,16.8,2.2,-2.3
1985-02-20,2.8316847,3.3,5.2,0.4
1985-02-21,2.690100465,5.3,7.0,1.1
1985-02-22,2.973268935,1.0,10.7,0.2
1985-02-23,3.39802164,0.0,12.6,-0.2
1985-02-24,3.68119011,3.8,7.2,-0.3
1985-02-25,4.105942815,0.0,7.7,-2.0
1985-02-26,3.851091192,0.0,9.8,-2.0
1985-02-27,3.539605875,0.0,11.5,-3.3
1985-02-28,3.369704793,0.0,12.9,-2.0
1985-03-01,3.426338487,6.4,6.1,0.2
1985-03-02,3.313071099,1.0,5.6,-2.2
1985-03-03,3.086536323,4.3,5.0,-2.5
1985-03-04,3.029902629,15.5,4.4,0.4
1985-03-05,2.8316847,0.8,6.7,0.3
1985-03-06,2.690100465,3.1,6.1,-1.7
1985-03-07,2.520199383,0.0,7.8,-3.2
1985-03-08,2.350298301,0.0,9.9,-3.0
1985-03-09,2.237030913,0.0,13.7,-2.6
1985-03-10,2.180397219,0.0,15.8,-1.8
1985-03-11,2.208714066,0.0,15.1,-2.3
1985-03-12,2.237030913,0.0,13.0,-1.3
1985-03-13,2.180397219,0.0,16.5,-3.2
1985-03-14,2.208714066,0.0,16.7,-2.2
1985-03-15,2.350298301,0.0,18.8,-2.2
1985-03-16,2.661783618,0.0,18.7,-1.2
1985-03-17,3.086536323,0.0,15.9,0.6
1985-03-18,3.199803711,0.0,18.3,-1.9
1985-03-19,3.171486864,0.0,14.9,-2.3
1985-03-20,3.228120558,11.2,10.3,0.4
1985-03-21,3.341387946,26.2,3.3,0.4
1985-03-22,3.11485317,24.1,2.7,0.3
1985-03-23,5.040398766,27.7,3.9,0.4
1985-03-24,6.51287481,13.7,4.6,0.2
1985-03-25,4.955448225,3.8,6.2,-0.3
1985-03-26,4.304160744,32.8,1.6,-0.5
1985-03-27,3.879408039,11.9,4.4,0.2
1985-03-28,3.624556416,10.2,7.4,0.4
1985-03-29,3.511289028,10.2,6.2,0.6
1985-03-30,4.587329214,23.6,7.1,1.0
1985-03-31,7.92871716,9.9,12.6,2.9
1985-04-01,9.939213297,0.0,20.2,3.8
1985-04-02,11.779808352,0.0,21.6,3.2
1985-04-03,11.04357033,0.0,16.1,3.0
1985-04-04,9.146341581,0.0,18.8,2.0
1985-04-05,8.013667701,0.0,24.3,-0.5
1985-04-06,8.268519324,0.0,28.7,0.6
1985-04-07,8.976440498999999,0.0,21.7,3.3
1985-04-08,8.438420406,0.0,26.7,0.4
1985-04-09,8.495054099999999,0.0,30.0,2.1
1985-04-10,8.77822257,0.0,23.7,4.2
1985-04-11,7.900400313,1.5,16.7,6.7
1985-04-12,7.050894903,0.0,26.5,4.5
1985-04-13,6.880993821,0.0,29.2,2.4
1985-04-14,7.277429679,0.0,28.7,2.5
1985-04-15,7.164162290999999,0.0,20.2,4.4
1985-04-16,6.116438952,0.0,15.3,6.4
1985-04-17,4.757230296,0.0,13.8,5.5
1985-04-18,4.219210203,14.7,7.9,2.0
1985-04-19,3.907724886,13.5,7.1,0.7
1985-04-20,3.482972181,0.6,9.4,0.0
1985-04-21,3.284754252,15.0,6.3,3.3
1985-04-22,3.39802164,28.6,9.7,2.9
1985-04-23,6.597825351,19.8,7.9,2.8
1985-04-24,5.238616695,8.1,7.8,2.5
1985-04-25,4.360794438,0.1,9.5,0.4
1985-04-26,3.879408039,0.1,11.4,1.7
1985-04-27,3.851091192,0.0,22.5,4.4
1985-04-28,4.24752705,0.5,11.7,7.4
1985-04-29,4.332477591,0.0,20.4,3.5
1985-04-30,4.445744979,0.0,26.2,0.6
1985-05-01,5.097032459999999,0.0,26.0,5.4
1985-05-02,5.578418859,2.7,25.0,5.2
1985-05-03,5.861587329,21.1,8.5,4.4
1985-05-04,4.53069552,0.1,14.5,0.9
1985-05-05,3.96435858,0.0,20.7,-1.3
1985-05-06,3.709506957,0.0,16.2,5.6
1985-05-07,3.539605875,0.3,13.6,2.0
1985-05-08,3.313071099,0.0,17.2,2.4
1985-05-09,3.143170017,0.0,17.7,3.2
1985-05-10,3.029902629,7.8,9.2,3.7
1985-05-11,2.888318394,0.0,12.5,-0.9
1985-05-12,2.661783618,0.0,20.3,-2.7
1985-05-13,2.661783618,0.5,21.8,0.6
1985-05-14,2.746734159,0.5,15.4,1.4
1985-05-15,2.916635241,0.0,24.2,-0.5
1985-05-16,3.567922722,0.0,22.5,5.9
1985-05-17,3.68119011,0.0,25.0,3.9
1985-05-18,3.794457498,0.0,24.3,7.6
1985-05-19,3.709506957,0.0,23.3,6.4
1985-05-20,3.426338487,0.0,22.3,5.9
1985-05-21,3.199803711,0.0,29.5,3.0
1985-05-22,3.256437405,0.0,28.5,7.1
1985-05-23,3.341387946,0.0,26.0,9.7
1985-05-24,3.256437405,0.3,16.5,11.3
1985-05-25,2.860001547,0.0,22.3,9.4
1985-05-26,2.633466771,0.0,20.8,6.4
1985-05-27,2.435248842,0.0,18.2,4.9
1985-05-28,2.293664607,5.3,15.7,6.9
1985-05-29,2.321981454,5.7,11.1,5.7
1985-05-30,2.123763525,0.5,20.0,7.1
1985-05-31,2.26534776,13.7,16.2,8.4
1985-06-01,2.180397219,2.4,16.0,7.6
1985-06-02,2.095446678,0.0,22.2,7.2
1985-06-03,2.038812984,7.9,23.2,5.2
1985-06-04,2.26534776,1.8,20.2,11.7
1985-06-05,2.180397219,7.5,18.0,10.1
1985-06-06,5.068715613,43.4,17.5,11.7
1985-06-07,6.116438952,20.3,16.3,9.4
1985-06-08,5.323567236,0.0,25.0,7.2
1985-06-09,3.96435858,0.0,25.5,5.1
1985-06-10,3.313071099,0.0,29.0,3.2
1985-06-11,2.860001547,0.0,31.5,5.6
1985-06-12,2.54851623,0.0,29.3,8.2
1985-06-13,2.321981454,0.0,29.0,6.9
1985-06-14,2.095446678,0.0,26.5,8.7
1985-06-15,1.925545596,0.0,25.2,8.0
1985-06-16,1.783961361,0.0,31.3,5.2
1985-06-17,1.642377126,0.0,37.0,6.8
1985-06-18,1.529109738,0.0,38.2,9.6
1985-06-19,1.41584235,0.0,33.5,12.4
1985-06-20,1.330891809,0.0,29.0,8.4
1985-06-21,1.245941268,0.0,30.5,5.1
1985-06-22,1.160990727,0.0,27.3,6.4
1985-06-23,1.104357033,0.0,21.2,3.2
1985-06-24,1.076040186,0.0,20.2,0.6
1985-06-25,1.019406492,0.0,26.5,2.0
1985-06-26,0.962772798,0.0,30.3,5.5
1985-06-27,0.934455951,0.0,22.0,6.6
1985-06-28,0.8778222569999999,0.0,28.7,4.8
1985-06-29,0.84950541,0.0,22.2,8.4
1985-06-30,0.821188563,0.0,25.0,8.6
1985-07-01,0.792871716,0.0,33.5,6.2
1985-07-02,0.764554869,0.0,31.7,10.3
1985-07-03,0.736238022,0.0,33.0,8.9
1985-07-04,0.707921175,0.0,30.7,9.0
1985-07-05,0.651287481,0.0,28.7,5.9
1985-07-06,0.622970634,0.0,32.5,7.9
1985-07-07,0.5946537869999999,0.0,33.5,9.7
1985-07-08,0.56633694,0.0,33.7,10.5
1985-07-09,0.538020093,0.0,36.0,10.7
1985-07-10,0.5097032459999999,0.0,32.0,9.9
1985-07-11,0.4813863989999999,0.0,32.5,9.9
1985-07-12,0.4813863989999999,0.0,31.2,8.7
1985-07-13,0.453069552,0.0,31.2,8.4
1985-07-14,0.424752705,0.0,33.4,7.7
1985-07-15,0.396435858,0.0,31.7,10.1
1985-07-16,0.396435858,0.0,30.5,7.8
1985-07-17,0.368119011,0.0,33.2,7.6
1985-07-18,0.368119011,0.0,38.2,10.1
1985-07-19,0.3398021639999999,0.0,38.7,10.6
1985-07-20,0.3398021639999999,0.0,37.2,11.9
1985-07-21,0.311485317,0.0,31.5,11.6
1985-07-22,0.311485317,0.0,30.7,13.4
1985-07-23,0.311485317,0.0,30.7,11.4
1985-07-24,0.311485317,0.0,32.0,9.2
1985-07-25,0.28316847,0.0,35.6,8.9
1985-07-26,0.2775051006,0.0,37.0,10.2
1985-07-27,0.2633466771,0.0,33.8,8.4
1985-07-28,0.2605149924,0.0,29.9,8.1
1985-07-29,0.2576833077,0.0,25.2,9.9
1985-07-30,0.28316847,4.8,15.0,12.6
1985-07-31,0.311485317,2.5,21.6,11.4
1985-08-01,0.2803367853,3.3,21.4,10.9
1985-08-02,0.2718417312,0.0,26.1,11.3
1985-08-03,0.2491882536,0.0,32.0,9.2
1985-08-04,0.2775051006,0.0,25.9,10.6
1985-08-05,0.3398021639999999,0.0,29.4,7.7
1985-08-06,0.311485317,0.0,30.2,7.0
1985-08-07,0.396435858,8.6,15.2,11.6
1985-08-08,0.5946537869999999,6.1,18.8,8.1
1985-08-09,0.424752705,0.0,27.0,5.6
1985-08-10,0.368119011,0.0,22.0,7.7
1985-08-11,0.3398021639999999,0.0,29.1,5.2
1985-08-12,0.311485317,0.0,29.8,7.0
1985-08-13,0.311485317,0.0,33.1,10.1
1985-08-14,0.28316847,0.0,33.5,8.2
1985-08-15,0.28316847,0.0,31.0,7.7
1985-08-16,0.2775051006,0.0,34.7,8.9
1985-08-17,0.2690100465,0.0,32.5,8.7
1985-08-18,0.2803367853,2.3,18.1,13.3
1985-08-19,0.311485317,0.0,19.6,9.8
1985-08-20,0.311485317,0.0,18.7,6.8
1985-08-21,0.2775051006,0.0,26.3,3.7
1985-08-22,0.2661783618,0.0,32.5,5.2
1985-08-23,0.2548516229999999,0.0,34.9,7.8
1985-08-24,0.2491882536,0.0,31.2,11.3
1985-08-25,0.2435248841999999,0.0,33.8,10.2
1985-08-26,0.2378615148,0.0,33.7,11.1
1985-08-27,0.2293664607,0.0,26.9,8.8
1985-08-28,0.2293664607,0.0,26.9,5.5
1985-08-29,0.226534776,0.0,26.8,5.8
1985-08-30,0.2237030913,0.0,22.1,9.3
1985-08-31,0.2237030913,0.0,26.6,5.7
1985-09-01,0.2321981453999999,7.6,15.3,6.2
1985-09-02,0.368119011,3.8,19.7,8.1
1985-09-03,0.28316847,0.0,24.5,5.2
1985-09-04,0.2435248841999999,0.0,22.8,5.9
1985-09-05,0.2605149924,10.6,15.7,14.1
1985-09-06,0.84950541,10.5,16.0,10.2
1985-09-07,0.453069552,1.3,17.2,6.9
1985-09-08,0.3398021639999999,0.4,15.9,6.9
1985-09-09,0.453069552,22.0,15.1,8.6
1985-09-10,0.622970634,0.5,15.9,9.1
1985-09-11,0.396435858,2.8,16.2,7.6
1985-09-12,0.368119011,5.2,15.1,9.2
1985-09-13,0.4813863989999999,12.7,13.7,9.4
1985-09-14,0.934455951,16.1,13.9,9.1
1985-09-15,1.047723339,6.4,17.3,5.1
1985-09-16,0.707921175,11.3,18.2,2.5
1985-09-17,0.906139104,10.9,12.1,8.1
1985-09-18,0.934455951,0.0,17.2,4.7
1985-09-19,0.651287481,0.0,18.2,5.7
1985-09-20,0.5097032459999999,0.0,22.8,2.5
1985-09-21,0.424752705,0.0,19.7,5.9
1985-09-22,0.396435858,0.0,22.7,2.5
1985-09-23,0.368119011,0.0,24.9,3.6
1985-09-24,0.3398021639999999,0.0,25.7,5.1
1985-09-25,0.311485317,0.1,27.2,5.4
1985-09-26,0.311485317,0.0,26.7,4.7
1985-09-27,0.311485317,0.0,25.3,4.1
1985-09-28,0.28316847,0.0,23.0,1.7
1985-09-29,0.28316847,0.0,23.0,-1.0
1985-09-30,0.28316847,0.0,23.2,0.4
1985-10-01,0.2775051006,0.0,18.8,2.5
1985-10-02,0.2718417312,0.0,24.5,9.4
1985-10-03,0.2718417312,0.0,23.5,5.1
1985-10-04,0.2690100465,0.0,25.7,3.5
1985-10-05,0.2576833077,0.0,25.2,3.9
1985-10-06,0.2520199383,0.9,16.7,7.1
1985-10-07,0.3398021639999999,10.2,9.6,2.5
1985-10-08,0.311485317,0.0,9.1,-2.8
1985-10-09,0.2605149924,0.0,14.7,-4.5
1985-10-10,0.2690100465,7.1,19.2,-1.0
1985-10-11,0.651287481,16.5,10.4,6.1
1985-10-12,0.622970634,3.1,10.4,4.6
1985-10-13,0.453069552,0.0,13.4,1.5
1985-10-14,0.368119011,0.0,17.2,0.2
1985-10-15,0.3398021639999999,0.0,19.0,1.2
1985-10-16,0.311485317,1.2,13.6,4.1
1985-10-17,0.311485317,0.0,16.2,3.8
1985-10-18,0.311485317,0.0,18.0,1.2
1985-10-19,0.3398021639999999,5.2,10.9,3.0
1985-10-20,0.368119011,7.6,14.1,5.1
1985-10-21,0.453069552,7.7,8.1,4.4
1985-10-22,2.916635241,80.4,9.7,5.6
1985-10-23,8.21188563,47.5,11.9,8.7
1985-10-24,6.51287481,11.3,13.4,9.9
1985-10-25,6.51287481,16.1,12.9,9.4
1985-10-26,4.105942815,0.0,15.1,4.6
1985-10-27,2.888318394,13.2,15.1,3.2
1985-10-28,3.001585782,3.1,8.1,1.2
1985-10-29,2.350298301,0.0,11.1,-1.5
1985-10-30,2.038812984,5.1,8.7,2.5
1985-10-31,1.897228749,3.7,6.5,3.3
1985-11-01,1.812278208,4.7,11.9,5.7
1985-11-02,1.953862443,8.3,14.1,9.1
1985-11-03,1.925545596,0.0,14.4,9.1
1985-11-04,1.98217929,12.6,9.9,2.7
1985-11-05,2.038812984,5.6,7.6,3.0
1985-11-06,2.293664607,12.3,9.4,5.7
1985-11-07,5.323567236,32.1,9.1,4.9
1985-11-08,8.070301395,19.5,4.6,1.5
1985-11-09,5.465151471,23.5,1.3,0.1
1985-11-10,3.96435858,1.5,2.3,-3.4
1985-11-11,3.199803711,0.0,0.9,-6.9
1985-11-12,2.690100465,0.0,1.3,-8.6
1985-11-13,2.350298301,0.0,2.2,-7.4
1985-11-14,2.095446678,6.6,3.0,-5.9
1985-11-15,4.81386399,49.8,3.2,0.8
1985-11-16,10.47723339,21.1,5.4,2.0
1985-11-17,7.815449772,20.8,2.2,-0.8
1985-11-18,5.351884083,2.0,2.0,-1.0
1985-11-19,4.162576509,11.4,1.2,0.2
1985-11-20,3.596239569,12.5,1.5,-2.6
1985-11-21,3.143170017,18.5,0.6,-2.8
1985-11-22,2.803367853,5.6,-0.6,-11.0
1985-11-23,2.463565689,0.0,-0.8,-12.1
1985-11-24,2.293664607,0.0,0.6,-8.2
1985-11-25,2.095446678,0.0,0.7,-5.8
1985-11-26,1.953862443,0.0,2.0,-4.0
1985-11-27,1.840595055,0.0,1.0,-7.4
1985-11-28,1.783961361,3.6,1.7,-1.8
1985-11-29,1.670693973,0.0,0.5,-5.4
1985-11-30,1.614060279,7.9,-0.6,-7.1
1985-12-01,1.727327667,33.0,-1.7,-5.1
1985-12-02,2.038812984,19.6,3.9,-3.3
1985-12-03,3.596239569,5.8,3.5,-0.2
1985-12-04,3.284754252,0.0,3.9,-0.7
1985-12-05,3.482972181,10.9,4.6,-0.4
1985-12-06,8.608321488,36.6,3.0,1.2
1985-12-07,11.779808352,25.4,3.7,0.9
1985-12-08,8.580004641,1.5,3.3,-1.8
1985-12-09,5.94653787,0.0,1.0,-4.4
1985-12-10,4.445744979,0.0,2.5,-5.0
1985-12-11,3.68119011,0.0,-0.4,-8.7
1985-12-12,3.199803711,0.0,-0.1,-8.4
1985-12-13,2.803367853,0.0,0.7,-6.1
1985-12-14,2.520199383,0.0,1.2,-6.4
1985-12-15,2.321981454,0.0,2.7,-3.5
1985-12-16,2.237030913,0.0,1.7,-4.6
1985-12-17,2.237030913,0.0,2.2,-3.8
1985-12-18,2.576833077,0.0,1.7,-3.5
1985-12-19,2.916635241,0.0,1.8,-4.3
1985-12-20,3.11485317,0.0,1.0,-4.9
1985-12-21,3.171486864,0.0,1.3,-4.1
1985-12-22,3.199803711,0.0,1.8,-4.1
1985-12-23,3.313071099,0.0,2.4,-2.7
1985-12-24,3.426338487,0.0,2.7,-2.2
1985-12-25,3.426338487,0.0,2.0,-3.3
1985-12-26,3.256437405,0.0,1.1,-4.6
1985-12-27,2.973268935,0.0,0.9,-5.0
1985-12-28,2.690100465,0.0,1.7,-4.5
1985-12-29,2.463565689,0.0,1.3,-3.7
1985-12-30,2.26534776,0.0,0.9,-5.1
1985-12-31,2.180397219,12.5,2.6,0.3
1986-01-01,4.983765072,31.0,4.9,0.9
1986-01-02,4.559012367,22.1,3.7,0.4
1986-01-03,4.785547143,5.3,4.1,-1.4
1986-01-04,4.105942815,7.1,1.7,-1.7
1986-01-05,4.474061826,13.7,6.1,1.7
1986-01-06,5.068715613,3.8,4.9,-0.6
1986-01-07,4.24752705,0.0,4.6,-0.6
1986-01-08,4.134259662,14.2,7.4,0.1
1986-01-09,6.484557962999999,14.5,6.6,2.2
1986-01-10,6.173072646,3.6,7.2,-0.3
1986-01-11,5.068715613,0.0,7.1,-0.7
1986-01-12,4.275843897,0.0,7.1,-0.2
1986-01-13,3.907724886,0.0,7.1,1.2
1986-01-14,3.624556416,1.5,7.1,0.9
1986-01-15,3.766140651,19.6,5.4,2.0
1986-01-16,8.410103559,45.2,6.6,3.7
1986-01-17,10.76040186,5.3,7.1,2.2
1986-01-18,8.155251935999999,5.1,10.7,3.6
1986-01-19,7.900400313,16.5,8.6,3.6
1986-01-20,6.965944362,2.5,4.7,-0.4
1986-01-21,5.6633694,2.3,4.4,-0.7
1986-01-22,7.135845444,40.6,4.9,2.2
1986-01-23,10.788718707,26.9,5.9,3.0
1986-01-24,9.06139104,0.3,5.6,-0.2
1986-01-25,6.965944362,0.0,7.6,-0.6
1986-01-26,5.550102012,0.0,7.9,-0.9
1986-01-27,5.153666154,9.1,8.9,4.1
1986-01-28,5.38020093,1.3,9.9,4.6
1986-01-29,5.38020093,18.0,9.4,6.1
1986-01-30,5.720003094,1.5,10.9,6.6
1986-01-31,5.068715613,1.3,10.1,4.4
1986-02-01,4.81386399,3.6,9.1,4.2
1986-02-02,4.53069552,8.4,9.4,3.5
1986-02-03,4.389111285,11.2,7.4,2.7
1986-02-04,4.24752705,12.7,6.6,2.8
1986-02-05,4.162576509,5.8,4.1,0.6
1986-02-06,3.907724886,0.0,4.9,-1.2
1986-02-07,3.596239569,0.0,3.7,-4.1
1986-02-08,3.284754252,0.0,3.9,-5.1
1986-02-09,2.973268935,0.0,5.4,-5.1
1986-02-10,2.746734159,0.0,5.2,-4.9
1986-02-11,2.605149924,11.4,3.5,0.4
1986-02-12,2.888318394,33.0,1.6,0.4
1986-02-13,4.615646061,15.2,6.6,0.4
1986-02-14,6.371290575,15.2,5.2,0.4
1986-02-15,7.702182383999999,16.2,9.4,1.8
1986-02-16,18.009514692,50.3,8.2,7.1
1986-02-17,31.1485317,42.2,9.2,3.8
1986-02-18,18.943970643,35.1,2.8,0.4
1986-02-19,11.808125199,2.3,3.3,0.4
1986-02-20,8.919806805,25.1,2.8,0.7
1986-02-21,11.694857811,68.8,4.1,1.0
1986-02-22,48.1386399,100.1,9.1,3.0
1986-02-23,59.4653787,60.5,12.4,5.9
1986-02-24,29.73268935,0.3,16.0,7.4
1986-02-25,18.830703255,21.1,10.4,5.9
1986-02-26,15.262780533,0.0,15.2,6.6
1986-02-27,12.006343128,0.0,17.0,5.4
1986-02-28,9.287925816,0.3,15.6,4.9
1986-03-01,7.07921175,0.5,14.9,4.1
1986-03-02,4.81386399,0.0,17.0,1.2
1986-03-03,4.24752705,0.0,18.5,1.0
1986-03-04,3.68119011,0.0,19.0,2.7
1986-03-05,3.39802164,0.0,19.2,2.3
1986-03-06,3.39802164,4.3,12.9,6.2
1986-03-07,6.22970634,35.6,10.6,6.8
1986-03-08,5.94653787,19.1,8.3,4.4
1986-03-09,5.6633694,6.3,9.5,3.2
1986-03-10,5.097032459999999,8.9,11.3,3.3
1986-03-11,5.38020093,18.0,10.4,5.4
1986-03-12,5.6633694,9.7,7.0,3.3
1986-03-13,5.097032459999999,14.0,7.9,1.5
1986-03-14,4.53069552,0.0,10.2,0.6
1986-03-15,3.96435858,0.3,11.1,2.4
1986-03-16,3.39802164,1.8,13.1,-0.6
1986-03-17,3.11485317,3.6,9.2,3.3
1986-03-18,2.8316847,0.3,11.9,2.2
1986-03-19,2.54851623,0.0,19.3,-0.6
1986-03-20,2.54851623,0.0,20.7,1.6
1986-03-21,2.690100465,6.1,9.4,1.2
1986-03-22,2.8316847,0.3,15.5,-0.5
1986-03-23,4.24752705,31.8,10.1,5.4
1986-03-24,6.22970634,8.4,8.4,3.8
1986-03-25,5.097032459999999,0.0,13.9,2.7
1986-03-26,4.53069552,0.0,21.7,5.4
1986-03-27,3.96435858,0.0,22.4,4.6
1986-03-28,3.39802164,0.0,23.0,5.1
1986-03-29,3.11485317,0.0,23.3,3.0
1986-03-30,2.8316847,2.5,11.4,0.2
1986-03-31,2.54851623,0.0,21.0,-1.7
1986-04-01,2.406931995,13.0,6.2,2.0
1986-04-02,2.26534776,1.3,11.9,0.1
1986-04-03,2.152080372,0.0,15.9,-1.7
1986-04-04,2.067129831,0.5,11.6,2.0
1986-04-05,1.925545596,0.0,20.0,-0.7
1986-04-06,1.812278208,0.0,25.7,0.6
1986-04-07,1.727327667,0.3,22.5,0.6
1986-04-08,1.69901082,0.3,13.4,8.6
1986-04-09,1.642377126,0.0,12.4,7.4
1986-04-10,1.585743432,0.0,15.9,0.6
1986-04-11,1.529109738,12.2,8.7,-1.7
1986-04-12,1.670693973,17.5,7.6,1.2
1986-04-13,1.755644514,5.3,8.6,0.6
1986-04-14,1.670693973,0.0,17.2,-0.2
1986-04-15,1.755644514,6.1,11.6,2.5
1986-04-16,2.180397219,19.5,9.4,3.8
1986-04-17,2.661783618,8.1,8.9,3.5
1986-04-18,2.661783618,0.0,17.2,2.0
1986-04-19,2.576833077,0.0,23.7,1.8
1986-04-20,2.8316847,0.0,30.0,4.3
1986-04-21,2.973268935,0.0,28.7,6.2
1986-04-22,2.746734159,2.5,13.1,0.6
1986-04-23,2.350298301,0.0,12.9,-0.6
1986-04-24,2.123763525,8.1,11.1,-2.7
1986-04-25,2.350298301,23.4,6.9,3.0
1986-04-26,2.491882536,22.1,10.4,3.5
1986-04-27,6.682775892,22.6,10.6,5.2
1986-04-28,7.362380219999999,7.9,10.3,3.3
1986-04-29,5.748319941,4.8,9.6,-0.6
1986-04-30,4.870497684,0.0,21.0,-1.6
1986-05-01,4.389111285,2.3,17.3,3.0
1986-05-02,4.672279755,18.3,15.1,6.6
1986-05-03,4.757230296,3.6,13.4,4.7
1986-05-04,4.275843897,14.5,14.1,4.9
1986-05-05,4.983765072,15.7,8.4,3.0
1986-05-06,4.785547143,1.3,11.4,2.1
1986-05-07,4.275843897,0.3,10.9,5.9
1986-05-08,3.822774345,0.3,17.0,2.7
1986-05-09,3.454655334,4.3,11.8,2.0
1986-05-10,3.482972181,23.9,6.4,2.1
1986-05-11,3.567922722,6.6,9.6,2.5
1986-05-12,3.539605875,0.0,19.7,4.9
1986-05-13,3.936041733,7.6,13.1,2.5
1986-05-14,3.737823804,0.0,18.7,-0.6
1986-05-15,3.313071099,0.0,18.5,2.9
1986-05-16,3.001585782,0.0,24.0,0.2
1986-05-17,2.775051006,0.0,28.0,4.4
1986-05-18,2.605149924,0.0,24.3,6.7
1986-05-19,2.406931995,2.5,24.4,6.6
1986-05-20,2.520199383,8.9,14.7,5.6
1986-05-21,2.605149924,10.4,10.0,4.1
1986-05-22,2.54851623,2.5,18.7,4.1
1986-05-23,2.378615148,0.0,23.0,5.9
1986-05-24,2.152080372,0.0,27.0,9.4
1986-05-25,2.010496137,0.0,31.7,8.7
1986-05-26,1.897228749,0.0,26.5,14.9
1986-05-27,1.783961361,0.0,23.7,11.7
1986-05-28,1.642377126,0.0,27.5,11.7
1986-05-29,1.557426585,0.0,31.7,11.1
1986-05-30,1.472476044,0.0,38.3,13.4
1986-05-31,1.387525503,0.0,36.0,13.8
1986-06-01,1.302574962,0.0,33.5,14.1
1986-06-02,1.245941268,0.0,26.2,15.1
1986-06-03,1.189307574,0.0,25.7,10.9
1986-06-04,1.160990727,0.0,23.5,11.9
1986-06-05,1.104357033,0.0,22.7,10.4
1986-06-06,1.076040186,0.0,18.5,10.7
1986-06-07,1.019406492,0.0,15.6,5.9
1986-06-08,0.991089645,0.0,22.8,4.6
1986-06-09,0.962772798,0.0,29.8,4.0
1986-06-10,0.906139104,0.0,34.7,8.1
1986-06-11,0.8778222569999999,0.0,34.7,10.4
1986-06-12,0.84950541,0.0,34.2,9.2
1986-06-13,0.792871716,0.0,35.8,6.9
1986-06-14,0.792871716,0.3,16.0,10.9
1986-06-15,0.792871716,0.0,22.8,7.7
1986-06-16,0.764554869,0.5,16.5,9.4
1986-06-17,0.792871716,5.8,19.0,10.2
1986-06-18,0.906139104,5.3,14.4,9.4
1986-06-19,0.792871716,0.0,22.2,6.1
1986-06-20,0.736238022,0.0,21.2,4.4
1986-06-21,0.707921175,0.0,28.2,4.9
1986-06-22,0.6796043279999999,0.0,32.5,8.6
1986-06-23,0.651287481,0.0,32.5,10.4
1986-06-24,0.651287481,0.0,31.0,11.6
1986-06-25,0.622970634,0.0,31.4,9.9
1986-06-26,0.5946537869999999,0.0,30.0,11.9
1986-06-27,0.5946537869999999,0.0,29.7,11.6
1986-06-28,0.56633694,0.0,16.7,12.6
1986-06-29,0.56633694,0.0,23.5,8.4
1986-06-30,0.56633694,0.0,30.5,5.7
1986-07-01,0.56633694,0.0,29.6,8.4
1986-07-02,0.538020093,1.0,21.2,11.9
1986-07-03,0.56633694,3.3,21.5,11.4
1986-07-04,0.934455951,23.9,13.2,8.1
1986-07-05,0.707921175,0.0,23.3,7.7
1986-07-06,0.5946537869999999,0.0,28.5,5.1
1986-07-07,0.56633694,0.0,23.5,8.4
1986-07-08,0.538020093,0.0,26.3,11.1
1986-07-09,0.538020093,0.0,20.5,10.7
1986-07-10,0.56633694,6.3,18.2,13.6
1986-07-11,0.56633694,0.8,25.0,10.9
1986-07-12,0.538020093,0.0,25.5,9.1
1986-07-13,0.5097032459999999,0.0,26.7,6.1
1986-07-14,0.4813863989999999,0.0,23.3,5.9
1986-07-15,0.4813863989999999,0.0,18.7,4.2
1986-07-16,0.4813863989999999,3.0,15.7,9.7
1986-07-17,0.5097032459999999,0.0,24.7,8.9
1986-07-18,0.4813863989999999,0.0,25.2,7.1
1986-07-19,0.453069552,0.0,30.5,8.9
1986-07-20,0.453069552,0.0,33.0,9.6
1986-07-21,0.424752705,0.0,31.2,10.9
1986-07-22,0.424752705,0.0,29.2,8.9
1986-07-23,0.424752705,0.0,25.2,9.1
1986-07-24,0.424752705,0.0,28.4,9.1
1986-07-25,0.396435858,0.0,27.5,8.2
1986-07-26,0.396435858,0.0,24.3,8.6
1986-07-27,0.396435858,0.0,25.7,8.2
1986-07-28,0.396435858,0.0,28.0,5.4
1986-07-29,0.396435858,0.0,26.3,8.7
1986-07-30,0.368119011,0.0,29.1,5.6
1986-07-31,0.368119011,0.0,33.8,7.6
1986-08-01,0.368119011,0.0,38.0,9.2
1986-08-02,0.368119011,0.0,32.8,12.1
1986-08-03,0.368119011,0.0,33.7,10.7
1986-08-04,0.368119011,0.0,32.5,6.6
1986-08-05,0.3398021639999999,0.0,32.2,6.8
1986-08-06,0.368119011,0.0,36.7,10.1
1986-08-07,0.3398021639999999,0.0,36.7,12.6
1986-08-08,0.3398021639999999,0.0,38.7,12.9
1986-08-09,0.3398021639999999,0.0,36.7,12.2
1986-08-10,0.3398021639999999,0.0,32.0,11.6
1986-08-11,0.3398021639999999,0.0,29.5,8.6
1986-08-12,0.3398021639999999,0.0,31.1,9.0
1986-08-13,0.3398021639999999,0.0,33.7,9.4
1986-08-14,0.3398021639999999,0.0,37.7,11.1
1986-08-15,0.311485317,0.0,34.2,10.1
1986-08-16,0.311485317,0.0,27.5,9.4
1986-08-17,0.311485317,0.0,32.7,8.7
1986-08-18,0.311485317,0.0,30.8,8.8
1986-08-19,0.311485317,0.0,32.0,7.7
1986-08-20,0.311485317,0.0,33.2,9.5
1986-08-21,0.311485317,0.0,33.0,10.3
1986-08-22,0.311485317,0.0,30.3,8.4
1986-08-23,0.311485317,0.0,31.1,8.1
1986-08-24,0.311485317,0.0,30.2,7.2
1986-08-25,0.28316847,0.0,35.5,7.6
1986-08-26,0.28316847,0.0,36.9,10.4
1986-08-27,0.28316847,0.0,30.5,14.9
1986-08-28,0.28316847,0.0,28.7,11.9
1986-08-29,0.28316847,0.0,22.7,14.7
1986-08-30,0.311485317,0.0,19.7,10.7
1986-08-31,0.311485317,0.0,28.0,7.1
1986-09-01,0.311485317,0.0,28.5,7.9
1986-09-02,0.28316847,0.0,31.2,8.6
1986-09-03,0.28316847,0.0,34.5,9.4
1986-09-04,0.28316847,0.0,35.5,10.4
1986-09-05,0.2775051006,0.0,35.7,6.9
1986-09-06,0.2718417312,0.0,35.5,8.9
1986-09-07,0.2718417312,0.0,27.5,7.2
1986-09-08,0.2746734159,0.0,17.6,7.1
1986-09-09,0.311485317,5.6,16.7,10.2
1986-09-10,0.311485317,0.0,20.0,5.9
1986-09-11,0.311485317,0.0,24.2,5.7
1986-09-12,0.28316847,0.0,22.2,2.7
1986-09-13,0.2803367853,0.3,17.9,4.1
1986-09-14,0.28316847,4.3,19.3,1.5
1986-09-15,0.396435858,14.0,15.4,7.6
1986-09-16,0.453069552,8.9,16.7,6.4
1986-09-17,0.651287481,35.6,11.6,8.4
1986-09-18,0.821188563,2.5,15.2,8.1
1986-09-19,0.453069552,23.1,16.5,8.4
1986-09-20,0.622970634,5.8,12.3,8.6
1986-09-21,0.453069552,0.0,19.2,5.7
1986-09-22,0.396435858,0.0,21.2,2.2
1986-09-23,0.651287481,39.4,11.9,5.2
1986-09-24,2.152080372,30.2,9.9,6.2
1986-09-25,3.851091192,59.2,9.6,6.1
1986-09-26,6.937627515,36.8,9.3,4.0
1986-09-27,4.134259662,5.6,11.9,6.4
1986-09-28,2.520199383,0.3,13.4,7.1
1986-09-29,1.897228749,10.7,11.7,7.1
1986-09-30,1.69901082,0.5,12.9,8.1
1986-10-01,1.387525503,0.0,14.1,2.7
1986-10-02,1.160990727,0.0,17.0,1.2
1986-10-03,0.991089645,0.0,19.3,4.9
1986-10-04,0.8778222569999999,0.0,21.5,4.6
1986-10-05,0.792871716,0.0,23.1,6.2
1986-10-06,0.707921175,0.0,24.0,5.2
1986-10-07,0.651287481,0.0,22.8,5.1
1986-10-08,0.5946537869999999,0.0,21.7,4.2
1986-10-09,0.56633694,0.0,21.5,4.2
1986-10-10,0.538020093,0.0,21.7,3.5
1986-10-11,0.5097032459999999,0.0,22.5,1.2
1986-10-12,0.4813863989999999,0.0,20.5,-0.2
1986-10-13,0.453069552,0.0,19.4,0.4
1986-10-14,0.453069552,0.0,19.2,0.4
1986-10-15,0.424752705,0.0,19.7,1.5
1986-10-16,0.424752705,0.0,17.7,1.8
1986-10-17,0.424752705,2.0,11.9,5.1
1986-10-18,0.424752705,2.0,14.4,5.7
1986-10-19,0.396435858,0.0,18.8,4.4
1986-10-20,0.396435858,0.0,19.0,1.7
1986-10-21,0.368119011,0.0,17.5,2.0
1986-10-22,0.368119011,0.0,19.5,2.3
1986-10-23,0.368119011,1.0,16.3,3.0
1986-10-24,0.368119011,0.3,17.2,5.4
1986-10-25,0.368119011,3.8,18.5,10.1
1986-10-26,0.396435858,16.5,15.9,8.9
1986-10-27,0.991089645,17.9,14.1,9.2
1986-10-28,0.736238022,0.0,13.4,5.6
1986-10-29,0.6796043279999999,20.3,11.7,5.2
1986-10-30,1.897228749,35.8,10.9,0.4
1986-10-31,3.39802164,11.7,2.7,0.4
1986-11-01,2.26534776,0.0,14.4,3.0
1986-11-02,1.585743432,0.0,14.2,1.0
1986-11-03,1.274258115,0.5,15.1,0.4
1986-11-04,1.076040186,0.0,15.4,1.5
1986-11-05,0.962772798,7.1,10.6,3.3
1986-11-06,1.076040186,11.9,8.4,4.7
1986-11-07,1.925545596,26.2,7.4,2.0
1986-11-08,2.010496137,8.6,7.9,3.5
1986-11-09,2.916635241,19.3,8.2,3.2
1986-11-10,3.199803711,0.3,8.5,0.6
1986-11-11,2.406931995,0.0,12.9,0.6
1986-11-12,2.067129831,0.0,11.7,-0.2
1986-11-13,1.897228749,8.9,11.6,0.4
1986-11-14,2.406931995,7.1,12.1,5.4
1986-11-15,1.98217929,0.0,10.1,4.9
1986-11-16,2.123763525,25.9,7.6,5.1
1986-11-17,6.484557962999999,14.8,10.7,3.7
1986-11-18,6.654459044999999,31.5,10.2,4.0
1986-11-19,9.202975275,6.8,9.2,6.9
1986-11-20,9.656044827,48.0,9.9,4.6
1986-11-21,14.639809899,57.6,7.4,1.8
1986-11-22,18.009514692,45.7,6.6,1.8
1986-11-23,16.282187025,8.6,8.9,4.1
1986-11-24,14.753077287,11.7,7.1,1.8
1986-11-25,11.04357033,0.5,5.1,0.6
1986-11-26,10.675451319,41.7,7.2,3.7
1986-11-27,20.841199392,63.5,6.9,4.4
1986-11-28,23.814468327,20.1,5.9,3.7
1986-11-29,14.413275123,0.3,6.9,-0.6
1986-11-30,9.62772798,0.0,5.4,-2.0
1986-12-01,7.050894903,0.0,7.2,-1.8
1986-12-02,5.465151471,0.3,6.9,-0.9
1986-12-03,4.445744979,0.0,5.9,-1.7
1986-12-04,3.851091192,2.5,6.4,-0.4
1986-12-05,3.426338487,2.5,7.9,1.2
1986-12-06,3.001585782,0.3,6.5,-1.3
1986-12-07,2.633466771,0.0,3.3,-3.2
1986-12-08,2.350298301,0.3,2.8,-4.1
1986-12-09,2.123763525,0.0,2.2,-4.0
1986-12-10,1.953862443,0.3,2.5,-4.1
1986-12-11,1.812278208,10.7,2.0,-3.1
1986-12-12,1.868911902,0.0,6.1,0.6
1986-12-13,2.350298301,22.3,6.3,1.7
1986-12-14,2.746734159,0.8,6.9,1.0
1986-12-15,2.378615148,0.0,3.7,-1.9
1986-12-16,2.123763525,0.0,3.2,-2.5
1986-12-17,1.953862443,0.0,3.6,-2.6
1986-12-18,1.868911902,7.1,2.0,-2.2
1986-12-19,1.840595055,0.3,6.9,0.6
1986-12-20,1.69901082,0.0,5.0,-1.2
1986-12-21,1.614060279,0.0,8.2,2.2
1986-12-22,1.727327667,11.7,7.9,2.9
1986-12-23,2.520199383,12.9,6.4,1.8
1986-12-24,2.406931995,7.1,6.4,1.9
1986-12-25,2.321981454,12.7,5.4,-0.1
1986-12-26,3.171486864,4.8,9.3,3.3
1986-12-27,2.973268935,0.0,5.4,-1.2
1986-12-28,2.633466771,0.0,2.8,-2.5
1986-12-29,2.775051006,20.1,7.1,2.0
1986-12-30,2.944952088,0.0,4.6,-0.5
1986-12-31,2.775051006,6.3,6.6,0.4
1987-01-01,6.088122105,59.4,4.2,0.6
1987-01-02,6.937627515,1.0,3.9,-0.4
1987-01-03,7.334063373,18.5,6.7,2.0
1987-01-04,6.541191657,2.8,6.5,2.2
1987-01-05,5.238616695,0.0,4.2,0.8
1987-01-06,4.275843897,0.0,2.9,-2.7
1987-01-07,3.624556416,0.0,1.4,-4.9
1987-01-08,3.11485317,0.0,0.3,-6.5
1987-01-09,2.775051006,0.0,1.8,-6.9
1987-01-10,2.463565689,0.0,3.2,-3.0
1987-01-11,2.293664607,0.0,3.5,-3.0
1987-01-12,2.350298301,22.4,3.2,-0.3
1987-01-13,2.293664607,10.4,3.7,0.2
1987-01-14,2.293664607,8.1,1.6,-2.9
1987-01-15,2.095446678,0.0,1.2,-7.7
1987-01-16,1.925545596,0.0,0.2,-9.6
1987-01-17,1.783961361,0.0,1.5,-7.4
1987-01-18,1.69901082,0.0,3.7,-3.9
1987-01-19,1.614060279,0.0,2.9,-3.2
1987-01-20,1.529109738,0.0,2.6,-5.8
1987-01-21,1.472476044,0.0,2.5,-4.6
1987-01-22,1.472476044,1.5,3.6,-2.7
1987-01-23,1.614060279,11.9,5.9,0.0
1987-01-24,4.049309121,35.0,4.6,1.7
1987-01-25,8.693272029,37.9,5.6,0.0
1987-01-26,11.779808352,8.9,7.9,3.2
1987-01-27,10.307332308,13.2,8.7,1.5
1987-01-28,9.089707887,9.9,5.6,2.3
1987-01-29,7.475647608,0.3,7.9,2.5
1987-01-30,6.22970634,4.3,7.1,1.5
1987-01-31,10.47723339,60.5,4.4,0.4
1987-02-01,16.70693973,43.9,6.2,2.2
1987-02-02,15.829117473,4.6,8.1,2.7
1987-02-03,11.440006188,0.8,9.4,3.0
1987-02-04,8.410103559,0.0,10.1,0.1
1987-02-05,6.597825351,0.0,11.1,0.2
1987-02-06,5.578418859,0.0,11.9,-0.4
1987-02-07,5.012081919,0.0,12.2,-0.2
1987-02-08,4.53069552,0.0,10.6,2.0
1987-02-09,4.190893356,0.0,11.6,1.1
1987-02-10,3.907724886,0.0,15.4,5.6
1987-02-11,4.020992274,5.3,11.2,0.9
1987-02-12,3.68119011,17.0,11.3,-0.4
1987-02-13,5.210299848,36.1,10.4,4.2
1987-02-14,5.635052553,4.1,7.9,2.5
1987-02-15,5.238616695,24.1,6.6,3.9
1987-02-16,5.266933541999999,13.2,5.9,2.6
1987-02-17,5.465151471,14.5,6.9,2.2
1987-02-18,5.125349307,1.8,6.9,0.4
1987-02-19,4.474061826,0.0,8.9,-0.6
1987-02-20,3.96435858,0.0,9.7,-2.1
1987-02-21,3.511289028,0.0,7.2,1.4
1987-02-22,3.199803711,11.7,4.4,0.4
1987-02-23,2.973268935,1.0,4.4,-0.3
1987-02-24,2.690100465,0.0,6.1,-3.1
1987-02-25,2.435248842,0.0,8.2,-5.4
1987-02-26,2.237030913,0.0,8.5,-4.4
1987-02-27,2.095446678,0.0,11.4,-0.8
1987-02-28,1.953862443,0.0,11.4,-0.4
1987-03-01,1.840595055,0.0,12.1,2.7
1987-03-02,1.897228749,4.6,12.1,2.2
1987-03-03,2.010496137,5.3,11.1,7.0
1987-03-04,2.378615148,0.0,15.4,5.7
1987-03-05,2.860001547,14.2,11.5,7.1
1987-03-06,3.482972181,7.4,8.4,-0.1
1987-03-07,3.11485317,0.0,13.4,-0.9
1987-03-08,2.860001547,6.6,9.2,2.7
1987-03-09,2.8316847,3.8,10.0,4.6
1987-03-10,2.746734159,4.8,10.8,4.4
1987-03-11,3.058219476,19.1,7.6,4.5
1987-03-12,5.578418859,26.2,10.9,6.3
1987-03-13,7.64554869,14.2,8.1,5.7
1987-03-14,7.843766619,15.5,7.4,2.9
1987-03-15,6.909310668,0.0,9.3,2.5
1987-03-16,5.550102012,1.0,11.0,2.6
1987-03-17,5.351884083,22.1,8.6,3.0
1987-03-18,5.295250389,13.2,5.2,0.6
1987-03-19,4.842180837,1.8,6.9,0.5
1987-03-20,4.304160744,0.0,12.1,2.0
1987-03-21,3.851091192,0.0,12.6,-1.0
1987-03-22,3.39802164,1.5,14.4,-2.2
1987-03-23,3.539605875,23.6,6.7,3.0
1987-03-24,3.369704793,0.0,13.4,0.7
1987-03-25,3.171486864,0.5,13.6,-1.5
1987-03-26,2.944952088,0.0,9.9,-0.4
1987-03-27,2.718417312,0.0,12.9,-2.2
1987-03-28,2.491882536,0.0,16.5,-3.2
1987-03-29,2.321981454,0.0,21.7,-2.9
1987-03-30,2.180397219,0.0,24.2,-1.5
1987-03-31,2.152080372,0.0,24.8,0.6
1987-04-01,2.293664607,0.0,28.8,1.7
1987-04-02,2.491882536,0.0,23.2,4.0
1987-04-03,2.605149924,1.0,9.1,5.7
1987-04-04,2.435248842,3.5,15.6,2.7
1987-04-05,2.293664607,7.4,11.1,1.5
1987-04-06,2.378615148,3.0,13.9,5.3
1987-04-07,2.321981454,9.9,16.9,8.0
1987-04-08,3.11485317,4.3,13.3,4.1
1987-04-09,2.718417312,0.0,19.9,0.1
1987-04-10,2.661783618,10.7,11.1,3.2
1987-04-11,2.803367853,10.7,8.1,2.7
1987-04-12,2.605149924,0.0,15.6,1.7
1987-04-13,2.406931995,0.0,22.2,-0.1
1987-04-14,2.26534776,0.0,23.0,1.7
1987-04-15,2.237030913,0.0,22.8,5.7
1987-04-16,2.26534776,0.0,21.2,4.9
1987-04-17,2.293664607,10.7,12.6,2.8
1987-04-18,2.152080372,5.1,8.2,1.3
1987-04-19,1.897228749,0.3,14.4,0.6
1987-04-20,1.783961361,0.0,23.1,-1.2
1987-04-21,1.755644514,0.0,25.6,3.2
1987-04-22,1.840595055,0.0,25.0,5.1
1987-04-23,1.897228749,0.0,22.6,6.6
1987-04-24,1.812278208,0.0,20.7,3.7
1987-04-25,1.69901082,0.0,25.9,2.2
1987-04-26,1.614060279,0.0,33.3,3.4
1987-04-27,1.69901082,0.0,33.8,7.0
1987-04-28,1.755644514,0.0,20.7,8.2
1987-04-29,1.557426585,0.0,27.2,5.4
1987-04-30,1.529109738,6.3,15.6,7.5
1987-05-01,1.614060279,16.2,9.4,5.1
1987-05-02,1.727327667,15.0,10.2,5.1
1987-05-03,2.350298301,3.3,22.8,8.4
1987-05-04,1.925545596,0.0,22.5,6.5
1987-05-05,1.69901082,0.0,30.5,6.1
1987-05-06,1.585743432,0.0,36.0,8.9
1987-05-07,1.472476044,0.0,34.3,11.0
1987-05-08,1.3592086559999998,0.0,33.7,10.9
1987-05-09,1.274258115,0.0,32.2,10.1
1987-05-10,1.160990727,0.0,31.3,8.9
1987-05-11,1.104357033,0.0,28.5,8.1
1987-05-12,1.387525503,17.5,18.0,12.4
1987-05-13,1.245941268,0.3,23.2,11.6
1987-05-14,1.13267388,0.0,22.8,10.9
1987-05-15,1.047723339,0.0,18.0,10.7
1987-05-16,0.991089645,0.0,18.7,4.2
1987-05-17,0.934455951,0.0,15.4,1.2
1987-05-18,0.906139104,0.0,17.0,2.3
1987-05-19,0.8778222569999999,0.0,17.0,-0.4
1987-05-20,0.84950541,0.0,20.8,-0.8
1987-05-21,0.792871716,0.0,23.2,0.6
1987-05-22,0.792871716,0.0,21.8,2.9
1987-05-23,0.764554869,0.0,20.0,3.5
1987-05-24,0.764554869,6.1,11.9,9.9
1987-05-25,0.8778222569999999,2.3,12.9,8.6
1987-05-26,0.792871716,0.3,11.1,8.4
1987-05-27,0.764554869,0.3,12.7,7.9
1987-05-28,0.736238022,0.0,18.3,7.6
1987-05-29,0.707921175,0.0,22.1,7.9
1987-05-30,0.792871716,20.6,13.9,8.1
1987-05-31,1.3592086559999998,17.0,10.7,6.3
1987-06-01,1.245941268,0.0,19.7,4.9
1987-06-02,1.019406492,0.0,31.0,2.7
1987-06-03,0.906139104,0.0,36.0,6.3
1987-06-04,0.821188563,0.0,29.7,12.1
1987-06-05,0.792871716,0.0,19.1,7.9
1987-06-06,0.764554869,0.0,26.5,7.0
1987-06-07,0.736238022,0.0,26.5,9.6
1987-06-08,0.707921175,1.0,25.0,13.4
1987-06-09,0.6796043279999999,0.0,22.7,6.4
1987-06-10,0.651287481,0.0,25.5,3.8
1987-06-11,0.622970634,0.0,27.9,6.1
1987-06-12,0.622970634,0.0,30.5,9.2
1987-06-13,0.5946537869999999,0.0,33.2,7.9
1987-06-14,0.5946537869999999,0.3,28.5,11.1
1987-06-15,0.5946537869999999,0.3,12.9,10.1
1987-06-16,0.5946537869999999,0.0,16.3,6.6
1987-06-17,0.56633694,0.0,22.2,2.9
1987-06-18,0.538020093,0.0,26.3,4.2
1987-06-19,0.538020093,0.0,29.2,5.7
1987-06-20,0.5097032459999999,5.6,19.8,9.1
1987-06-21,0.5946537869999999,5.1,15.7,9.1
1987-06-22,0.538020093,0.3,23.9,6.2
1987-06-23,0.5097032459999999,0.0,27.2,6.1
1987-06-24,0.4813863989999999,0.0,31.5,6.1
1987-06-25,0.4813863989999999,0.0,38.0,9.4
1987-06-26,0.453069552,0.0,35.0,12.4
1987-06-27,0.453069552,0.0,32.2,11.6
1987-06-28,0.453069552,0.0,32.0,10.7
1987-06-29,0.424752705,0.0,35.2,11.4
1987-06-30,0.424752705,0.0,32.3,14.4
1987-07-01,0.424752705,0.0,29.8,13.4
1987-07-02,0.424752705,0.0,27.7,11.2
1987-07-03,0.424752705,0.0,27.6,8.2
1987-07-04,0.424752705,0.5,18.5,12.2
1987-07-05,0.424752705,0.0,20.2,9.4
1987-07-06,0.396435858,0.0,24.0,8.6
1987-07-07,0.396435858,0.0,25.0,8.2
1987-07-08,0.396435858,0.0,22.4,9.1
1987-07-09,0.396435858,0.0,22.9,7.3
1987-07-10,0.396435858,1.5,25.7,10.9
1987-07-11,0.396435858,0.0,30.9,7.6
1987-07-12,0.368119011,0.0,34.9,9.6
1987-07-13,0.368119011,0.0,36.8,10.6
1987-07-14,0.368119011,0.0,35.2,12.1
1987-07-15,0.368119011,0.0,28.5,8.4
1987-07-16,0.3398021639999999,0.0,16.7,5.8
1987-07-17,0.368119011,12.7,12.0,9.2
1987-07-18,1.245941268,34.5,13.4,10.2
1987-07-19,0.934455951,2.8,24.3,8.4
1987-07-20,0.6796043279999999,3.0,23.0,5.6
1987-07-21,0.56633694,10.4,22.8,10.2
1987-07-22,0.792871716,2.0,19.0,8.9
1987-07-23,0.622970634,0.8,25.5,7.5
1987-07-24,0.56633694,1.0,23.9,13.0
1987-07-25,0.5097032459999999,0.0,23.2,11.1
1987-07-26,0.4813863989999999,0.0,21.5,11.0
1987-07-27,0.453069552,0.0,21.9,10.9
1987-07-28,0.453069552,0.0,24.5,10.6
1987-07-29,0.424752705,0.0,23.2,10.3
1987-07-30,0.424752705,0.0,20.5,11.8
1987-07-31,0.396435858,0.0,24.4,7.1
1987-08-01,0.396435858,0.0,28.9,5.5
1987-08-02,0.396435858,0.0,30.8,7.1
1987-08-03,0.368119011,0.0,37.5,9.1
1987-08-04,0.368119011,0.0,32.2,11.4
1987-08-05,0.368119011,0.0,28.5,8.4
1987-08-06,0.368119011,0.0,26.5,6.6
1987-08-07,0.368119011,0.0,35.2,8.3
1987-08-08,0.3398021639999999,0.0,37.7,9.2
1987-08-09,0.3398021639999999,0.0,31.5,10.2
1987-08-10,0.3398021639999999,0.0,23.6,9.2
1987-08-11,0.3398021639999999,0.0,26.0,8.2
1987-08-12,0.3398021639999999,0.0,28.5,7.9
1987-08-13,0.3398021639999999,0.8,18.8,11.6
1987-08-14,0.3398021639999999,0.0,19.4,10.2
1987-08-15,0.3398021639999999,0.0,22.7,7.9
1987-08-16,0.3398021639999999,0.0,24.2,6.9
1987-08-17,0.3398021639999999,0.3,28.2,4.6
1987-08-18,0.311485317,0.0,31.8,6.3
1987-08-19,0.311485317,0.0,30.5,7.6
1987-08-20,0.311485317,0.0,25.6,6.7
1987-08-21,0.311485317,0.0,27.7,4.6
1987-08-22,0.311485317,0.0,28.2,6.6
1987-08-23,0.311485317,0.0,30.0,10.7
1987-08-24,0.311485317,0.0,31.0,7.9
1987-08-25,0.2690100465,0.0,32.4,6.8
1987-08-26,0.2548516229999999,0.0,33.5,10.2
1987-08-27,0.2435248841999999,0.0,31.9,9.4
1987-08-28,0.2406931994999999,0.0,32.0,9.1
1987-08-29,0.2350298301,0.0,35.5,8.2
1987-08-30,0.226534776,0.0,38.8,9.7
1987-08-31,0.2208714066,0.0,38.2,12.4
1987-09-01,0.2208714066,0.0,32.2,11.9
1987-09-02,0.2123763525,0.0,26.7,8.9
1987-09-03,0.2038812984,0.0,26.2,7.6
1987-09-04,0.1953862443,0.0,31.2,5.6
1987-09-05,0.1897228749,0.0,34.5,6.9
1987-09-06,0.1868911901999999,0.0,32.5,8.4
1987-09-07,0.1868911901999999,0.0,29.3,8.5
1987-09-08,0.1897228749,0.0,29.7,9.1
1987-09-09,0.1897228749,0.0,31.7,8.7
1987-09-10,0.1868911901999999,0.0,22.5,9.3
1987-09-11,0.1868911901999999,0.0,16.6,13.1
1987-09-12,0.1925545595999999,0.0,16.9,12.4
1987-09-13,0.198217929,0.0,20.5,7.9
1987-09-14,0.198217929,3.0,21.0,5.2
1987-09-15,0.2406931994999999,3.8,13.9,3.9
1987-09-16,0.2180397219,0.0,21.6,1.7
1987-09-17,0.2010496137,0.0,28.1,2.3
1987-09-18,0.1953862443,0.0,26.5,4.1
1987-09-19,0.1897228749,0.0,29.7,4.2
1987-09-20,0.1868911901999999,0.0,30.7,5.5
1987-09-21,0.1840595055,0.0,32.8,6.2
1987-09-22,0.1755644514,0.0,34.8,6.4
1987-09-23,0.1699010819999999,0.0,31.2,6.2
1987-09-24,0.1727327666999999,0.5,18.7,7.1
1987-09-25,0.1812278208,2.5,16.3,11.1
1987-09-26,0.2067129831,0.8,17.3,3.7
1987-09-27,0.1925545595999999,0.0,25.5,0.9
1987-09-28,0.1840595055,0.0,29.0,3.0
1987-09-29,0.1783961361,0.0,30.2,4.9
1987-09-30,0.1727327666999999,0.0,31.2,5.1
1987-10-01,0.1727327666999999,0.0,32.8,5.2
1987-10-02,0.1699010819999999,0.0,26.7,6.4
1987-10-03,0.1670693973,0.0,24.7,6.2
1987-10-04,0.1670693973,0.0,27.0,5.7
1987-10-05,0.1670693973,0.0,31.0,4.1
1987-10-06,0.1642377126,0.0,30.5,5.2
1987-10-07,0.1614060279,0.0,24.7,4.7
1987-10-08,0.1585743432,0.0,25.2,3.8
1987-10-09,0.1585743432,0.0,28.0,6.1
1987-10-10,0.1557426585,0.0,23.5,3.0
1987-10-11,0.1557426585,0.0,26.8,1.5
1987-10-12,0.1557426585,0.0,22.2,2.7
1987-10-13,0.1557426585,0.0,24.2,0.5
1987-10-14,0.1529109738,0.0,19.0,1.2
1987-10-15,0.1500792890999999,0.0,20.2,-1.3
1987-10-16,0.1500792890999999,0.0,23.0,-1.0
1987-10-17,0.1500792890999999,0.0,22.2,-0.7
1987-10-18,0.1500792890999999,0.0,22.5,0.4
1987-10-19,0.1500792890999999,0.0,24.8,0.2
1987-10-20,0.1472476044,0.0,23.6,-0.2
1987-10-21,0.1472476044,0.0,24.5,0.7
1987-10-22,0.1472476044,0.0,22.5,2.7
1987-10-23,0.1472476044,0.0,20.6,1.0
1987-10-24,0.1472476044,0.0,20.2,1.0
1987-10-25,0.1472476044,0.0,20.2,1.5
1987-10-26,0.1472476044,0.0,20.7,0.3
1987-10-27,0.1472476044,0.0,21.8,-0.1
1987-10-28,0.1444159196999999,0.0,22.7,1.7
1987-10-29,0.1472476044,0.0,17.8,5.2
1987-10-30,0.1472476044,1.5,18.0,10.2
1987-10-31,0.1642377126,0.0,15.7,10.2
1987-11-01,0.1812278208,7.4,12.4,8.4
1987-11-02,0.2038812984,0.5,12.2,7.1
1987-11-03,0.1614060279,0.0,14.4,3.0
1987-11-04,0.1529109738,0.0,15.3,0.6
1987-11-05,0.1500792890999999,0.3,16.2,1.8
1987-11-06,0.1472476044,0.0,11.9,3.5
1987-11-07,0.1472476044,0.0,16.0,2.6
1987-11-08,0.1472476044,1.3,12.1,1.2
1987-11-09,0.1529109738,2.0,13.8,4.1
1987-11-10,0.1500792890999999,0.0,11.7,1.3
1987-11-11,0.1755644514,25.7,8.7,3.8
1987-11-12,0.424752705,17.5,12.7,8.6
1987-11-13,0.84950541,28.7,11.2,4.7
1987-11-14,0.538020093,5.3,6.4,2.7
1987-11-15,0.311485317,16.0,3.9,1.2
1987-11-16,0.4813863989999999,4.8,8.7,2.5
1987-11-17,0.368119011,1.8,11.2,1.7
1987-11-18,0.28316847,0.0,10.6,0.1
1987-11-19,0.2435248841999999,0.0,10.7,0.5
1987-11-20,0.2208714066,7.1,9.7,3.8
1987-11-21,0.2463565688999999,4.8,7.2,2.7
1987-11-22,0.311485317,20.1,6.6,2.5
1987-11-23,0.538020093,0.0,7.3,2.5
1987-11-24,0.736238022,35.3,4.9,2.3
1987-11-25,0.792871716,0.3,5.4,-1.2
1987-11-26,0.453069552,0.0,5.6,-2.9
1987-11-27,0.368119011,0.0,4.9,-1.7
1987-11-28,0.311485317,0.0,3.2,-3.2
1987-11-29,0.2746734159,1.0,2.0,-4.9
1987-11-30,0.2803367853,11.7,6.6,0.1
1987-12-01,2.633466771,53.6,8.9,4.0
1987-12-02,4.502378673,14.5,7.2,4.5
1987-12-03,7.334063373,36.8,9.0,7.4
1987-12-04,5.691686247,12.4,7.7,5.2
1987-12-05,3.822774345,5.6,9.7,5.9
1987-12-06,3.256437405,13.2,8.1,4.4
1987-12-07,2.973268935,4.6,6.4,1.2
1987-12-08,2.605149924,14.5,5.4,0.6
1987-12-09,17.782979916,105.4,12.9,0.4
1987-12-10,22.030506966,35.6,7.7,2.2
1987-12-11,11.015253483,2.0,4.1,0.7
1987-12-12,6.852676974,0.3,2.8,-1.8
1987-12-13,4.842180837,0.0,0.6,-5.4
1987-12-14,3.737823804,2.3,1.3,-1.7
1987-12-15,3.058219476,3.0,0.9,-0.9
1987-12-16,2.54851623,2.5,2.4,0.4
1987-12-17,2.152080372,0.0,2.5,-1.9
1987-12-18,1.868911902,0.3,2.8,-1.6
1987-12-19,1.670693973,0.0,1.3,-3.3
1987-12-20,1.585743432,19.6,2.5,-3.2
1987-12-21,2.378615148,10.7,4.9,0.9
1987-12-22,2.605149924,10.7,2.9,0.4
1987-12-23,2.208714066,4.1,0.9,-3.8
1987-12-24,1.897228749,0.0,-0.3,-7.5
1987-12-25,1.727327667,0.0,0.9,-8.6
1987-12-26,1.585743432,0.0,1.2,-5.9
1987-12-27,1.500792891,0.0,0.7,-5.4
1987-12-28,1.41584235,4.8,2.7,-0.1
1987-12-29,1.3592086559999998,0.0,2.5,-0.9
1987-12-30,1.330891809,31.3,0.4,-3.2
1987-12-31,1.302574962,6.6,1.5,-1.4
1988-01-01,1.245941268,0.0,1.3,-5.7
1988-01-02,1.189307574,0.0,-1.4,-9.4
1988-01-03,1.160990727,6.3,0.9,-3.3
1988-01-04,1.104357033,1.8,1.0,-0.8
1988-01-05,1.047723339,0.0,1.5,-1.7
1988-01-06,1.047723339,0.8,2.5,-0.3
1988-01-07,1.047723339,1.8,2.5,-0.7
1988-01-08,1.585743432,26.2,1.8,0.4
1988-01-09,9.06139104,73.2,2.2,0.9
1988-01-10,26.532885639,56.6,4.3,0.4
1988-01-11,16.395454413,27.4,3.5,0.6
1988-01-12,9.712678521,8.4,3.7,0.1
1988-01-13,7.673865537,27.7,2.5,0.6
1988-01-14,15.206146839,47.7,5.9,0.9
1988-01-15,14.384958276,13.7,4.7,0.4
1988-01-16,9.882579603,10.4,3.1,0.3
1988-01-17,7.249112832,0.0,1.5,-1.8
1988-01-18,5.606735706,7.1,1.4,-1.2
1988-01-19,4.474061826,0.0,2.1,-3.4
1988-01-20,3.879408039,6.3,1.5,-1.7
1988-01-21,3.454655334,0.0,4.4,-1.3
1988-01-22,3.11485317,1.5,2.7,-2.4
1988-01-23,2.944952088,0.0,6.1,-1.5
1988-01-24,2.746734159,0.0,3.5,-2.9
1988-01-25,2.576833077,0.0,5.4,-2.3
1988-01-26,2.690100465,0.0,5.1,-1.3
1988-01-27,3.199803711,0.0,7.3,1.3
1988-01-28,3.907724886,1.8,6.9,1.7
1988-01-29,6.059805258,32.8,5.6,1.6
1988-01-30,6.937627515,1.8,3.2,0.2
1988-01-31,5.550102012,2.0,3.0,-0.1
1988-02-01,4.559012367,0.8,2.2,-4.1
1988-02-02,3.822774345,0.0,2.5,-4.1
1988-02-03,3.313071099,0.0,3.7,-6.4
1988-02-04,2.973268935,0.0,4.5,-5.1
1988-02-05,2.661783618,0.0,5.9,-3.5
1988-02-06,2.435248842,0.0,7.1,-0.6
1988-02-07,2.293664607,17.3,8.1,1.2
1988-02-08,3.907724886,39.1,6.9,3.0
1988-02-09,8.636638334999999,28.7,7.1,4.6
1988-02-10,9.854262756,6.6,11.5,2.4
1988-02-11,8.013667701,0.0,12.2,-0.2
1988-02-12,6.654459044999999,8.4,9.2,-1.0
1988-02-13,5.974854717,6.9,6.2,1.2
1988-02-14,5.125349307,0.8,9.9,-0.2
1988-02-15,4.785547143,30.8,5.1,2.5
1988-02-16,4.219210203,15.8,7.5,-0.7
1988-02-17,3.794457498,46.2,4.3,-1.5
1988-02-18,3.454655334,0.3,8.7,0.2
1988-02-19,3.143170017,0.0,13.0,-0.4
1988-02-20,2.973268935,0.0,14.9,-1.5
1988-02-21,2.888318394,0.0,15.1,-0.9
1988-02-22,2.803367853,0.0,13.9,-2.0
1988-02-23,2.661783618,0.0,13.0,-2.0
1988-02-24,2.520199383,0.0,16.2,-0.8
1988-02-25,2.463565689,0.0,16.8,-0.6
1988-02-26,2.576833077,0.0,18.3,3.0
1988-02-27,2.746734159,0.0,17.6,1.0
1988-02-28,2.944952088,4.8,11.9,2.2
1988-02-29,3.171486864,1.3,12.6,5.1
1988-03-01,3.001585782,19.6,8.9,4.7
1988-03-02,2.775051006,20.1,11.6,4.0
1988-03-03,3.143170017,6.1,11.3,4.7
1988-03-04,4.219210203,22.1,9.4,5.3
1988-03-05,5.125349307,20.6,9.3,3.6
1988-03-06,5.493468318,13.5,4.9,-0.2
1988-03-07,4.700596602,0.0,12.4,-0.9
1988-03-08,4.360794438,18.5,9.6,-0.4
1988-03-09,5.323567236,25.4,5.6,1.2
1988-03-10,4.898814531,8.1,5.4,-1.2
1988-03-11,4.162576509,0.0,10.1,-3.7
1988-03-12,3.652873263,0.0,12.9,-3.7
1988-03-13,3.228120558,0.0,14.7,-3.0
1988-03-14,2.973268935,0.0,15.7,-2.2
1988-03-15,2.746734159,0.0,14.9,-2.7
1988-03-16,2.54851623,0.0,17.8,-2.8
1988-03-17,2.350298301,0.0,20.3,-2.5
1988-03-18,2.237030913,0.0,22.6,-1.2
1988-03-19,2.208714066,0.0,21.2,-0.4
1988-03-20,2.208714066,0.0,15.9,5.0
1988-03-21,2.491882536,10.7,9.6,3.7
1988-03-22,2.491882536,19.3,11.1,3.3
1988-03-23,4.728913449,34.8,5.9,2.2
1988-03-24,4.700596602,31.5,4.5,2.2
1988-03-25,7.787132925,9.4,14.1,2.8
1988-03-26,9.797629062,20.1,8.9,0.9
1988-03-27,9.542777439,9.9,5.7,0.5
1988-03-28,7.192479138,2.8,10.6,0.6
1988-03-29,6.059805258,17.8,6.8,1.9
1988-03-30,5.295250389,0.3,10.9,-0.2
1988-03-31,4.643962908,0.0,18.5,-1.5
1988-04-01,4.417428132,0.0,22.3,-0.2
1988-04-02,5.804953635,28.7,10.6,6.9
1988-04-03,10.901986095,24.6,8.2,2.5
1988-04-04,9.457826898,10.7,7.5,2.3
1988-04-05,7.560598149,0.0,18.1,3.0
1988-04-06,7.022578056,9.4,10.6,1.5
1988-04-07,6.258023187,2.0,8.4,1.2
1988-04-08,5.238616695,0.0,15.1,-0.8
1988-04-09,4.615646061,0.0,24.2,-1.2
1988-04-10,4.275843897,0.0,27.5,1.0
1988-04-11,4.219210203,0.0,28.0,2.8
1988-04-12,4.24752705,0.0,24.8,4.2
1988-04-13,4.105942815,0.0,14.1,8.4
1988-04-14,3.96435858,15.7,9.9,7.9
1988-04-15,3.511289028,0.0,17.7,6.8
1988-04-16,3.284754252,0.8,13.9,9.4
1988-04-17,3.001585782,0.0,10.9,4.4
1988-04-18,2.746734159,4.6,17.5,4.6
1988-04-19,2.718417312,12.2,13.1,5.9
1988-04-20,3.086536323,20.6,10.4,5.4
1988-04-21,4.728913449,18.8,6.9,4.0
1988-04-22,4.728913449,0.0,13.0,1.8
1988-04-23,4.020992274,0.0,14.5,0.7
1988-04-24,3.511289028,4.3,9.6,4.6
1988-04-25,3.143170017,0.0,18.7,4.0
1988-04-26,2.916635241,5.3,21.5,5.3
1988-04-27,3.001585782,5.6,22.7,7.9
1988-04-28,3.454655334,13.4,16.5,6.9
1988-04-29,5.295250389,31.3,7.4,2.2
1988-04-30,5.408517777,17.2,5.9,1.5
1988-05-01,5.012081919,4.6,8.9,0.8
1988-05-02,4.955448225,15.0,7.2,4.1
1988-05-03,5.351884083,12.2,7.9,3.0
1988-05-04,5.153666154,2.3,12.1,2.0
1988-05-05,4.728913449,0.5,13.6,4.8
1988-05-06,4.389111285,10.7,9.9,3.7
1988-05-07,4.474061826,2.8,16.8,5.4
1988-05-08,4.445744979,4.8,10.4,6.7
1988-05-09,4.332477591,0.0,18.2,5.9
1988-05-10,4.474061826,0.0,27.7,5.4
1988-05-11,4.870497684,0.0,32.4,7.6
1988-05-12,4.700596602,9.9,25.8,7.9
1988-05-13,4.728913449,15.0,12.8,7.5
1988-05-14,4.757230296,2.5,20.8,7.9
1988-05-15,4.134259662,1.3,27.0,5.1
1988-05-16,4.049309121,11.4,11.4,5.8
1988-05-17,3.68119011,0.8,17.2,4.1
1988-05-18,3.313071099,1.0,16.6,6.0
1988-05-19,2.973268935,0.0,23.0,4.9
1988-05-20,2.746734159,0.0,27.8,4.2
1988-05-21,2.576833077,0.0,34.0,6.9
1988-05-22,2.406931995,0.0,20.5,7.9
1988-05-23,2.208714066,0.0,16.7,3.0
1988-05-24,2.038812984,0.0,23.3,1.9
1988-05-25,1.868911902,0.0,20.7,5.2
1988-05-26,1.783961361,0.3,19.7,3.8
1988-05-27,1.727327667,4.3,20.2,11.1
1988-05-28,2.208714066,26.9,12.6,4.4
1988-05-29,2.321981454,8.6,10.9,4.4
1988-05-30,2.208714066,0.5,14.0,4.8
1988-05-31,2.406931995,28.9,11.4,8.2
1988-06-01,7.249112832,28.4,15.0,7.7
1988-06-02,6.144755799,14.2,18.7,8.4
1988-06-03,6.031488411,5.6,15.9,7.1
1988-06-04,5.38020093,2.5,15.6,6.1
1988-06-05,4.559012367,0.8,13.6,5.3
1988-06-06,3.936041733,5.3,14.4,5.1
1988-06-07,3.652873263,4.3,13.9,7.2
1988-06-08,3.256437405,0.8,17.5,6.4
1988-06-09,3.001585782,10.4,15.4,6.7
1988-06-10,2.944952088,1.0,19.0,5.9
1988-06-11,2.633466771,0.0,23.2,3.3
1988-06-12,2.406931995,0.0,24.0,2.8
1988-06-13,2.208714066,0.0,30.2,4.3
1988-06-14,2.010496137,0.0,32.2,7.7
1988-06-15,1.868911902,0.0,30.0,10.2
1988-06-16,1.755644514,0.0,27.1,11.4
1988-06-17,1.670693973,0.3,26.3,13.1
1988-06-18,1.614060279,0.0,24.1,11.1
1988-06-19,1.529109738,0.0,28.7,8.6
1988-06-20,1.444159197,0.0,29.0,9.6
1988-06-21,1.3592086559999998,0.0,30.5,9.5
1988-06-22,1.302574962,0.0,28.6,11.1
1988-06-23,1.245941268,0.0,23.7,9.2
1988-06-24,1.189307574,0.0,31.7,6.9
1988-06-25,1.160990727,0.0,23.0,12.4
1988-06-26,1.104357033,0.0,18.3,8.1
1988-06-27,1.076040186,0.0,20.0,7.4
1988-06-28,1.047723339,5.8,15.9,7.2
1988-06-29,1.076040186,2.0,20.0,6.4
1988-06-30,0.991089645,0.0,25.0,3.8
1988-07-01,0.934455951,0.0,26.7,6.4
1988-07-02,0.934455951,0.5,20.5,15.1
1988-07-03,0.934455951,0.0,20.3,7.6
1988-07-04,0.8778222569999999,0.0,20.0,7.4
1988-07-05,0.84950541,1.3,14.4,5.7
1988-07-06,0.821188563,0.0,26.5,2.8
1988-07-07,0.821188563,0.0,32.4,5.7
1988-07-08,0.792871716,0.0,31.9,8.9
1988-07-09,0.764554869,0.0,30.6,8.6
1988-07-10,0.736238022,0.0,29.1,6.6
1988-07-11,0.707921175,0.0,19.5,10.5
1988-07-12,0.6796043279999999,0.3,22.1,11.2
1988-07-13,0.6796043279999999,1.3,23.2,12.7
1988-07-14,0.6796043279999999,0.3,23.2,9.2
1988-07-15,0.651287481,0.0,24.8,7.9
1988-07-16,0.622970634,0.0,28.8,6.5
1988-07-17,0.622970634,0.0,31.2,6.4
1988-07-18,0.5946537869999999,0.0,36.7,6.5
1988-07-19,0.56633694,0.0,40.3,8.7
1988-07-20,0.56633694,0.0,38.0,10.2
1988-07-21,0.538020093,0.0,34.0,11.0
1988-07-22,0.538020093,0.0,32.4,9.6
1988-07-23,0.538020093,0.0,30.4,8.4
1988-07-24,0.538020093,0.0,36.2,9.8
1988-07-25,0.5097032459999999,0.0,40.4,10.8
1988-07-26,0.5097032459999999,0.0,39.7,10.4
1988-07-27,0.4813863989999999,0.0,34.1,12.2
1988-07-28,0.4813863989999999,0.0,33.6,9.6
1988-07-29,0.4813863989999999,0.0,33.2,9.9
1988-07-30,0.4813863989999999,0.0,34.0,10.5
1988-07-31,0.453069552,0.0,29.3,9.4
1988-08-01,0.453069552,0.0,26.5,6.1
1988-08-02,0.453069552,0.0,31.0,5.2
1988-08-03,0.424752705,0.0,35.4,7.1
1988-08-04,0.424752705,0.0,37.1,7.4
1988-08-05,0.424752705,0.0,27.6,8.8
1988-08-06,0.396435858,0.0,25.9,7.5
1988-08-07,0.396435858,0.0,28.3,4.6
1988-08-08,0.396435858,0.0,32.3,6.7
1988-08-09,0.368119011,0.0,33.1,8.2
1988-08-10,0.368119011,0.0,29.5,8.7
1988-08-11,0.368119011,0.0,25.3,11.1
1988-08-12,0.368119011,0.0,26.3,12.4
1988-08-13,0.368119011,0.0,20.7,10.3
1988-08-14,0.368119011,0.0,26.4,8.6
1988-08-15,0.368119011,0.0,24.7,6.9
1988-08-16,0.368119011,0.0,25.7,11.5
1988-08-17,0.3398021639999999,0.0,24.0,6.6
1988-08-18,0.3398021639999999,0.0,29.8,3.6
1988-08-19,0.3398021639999999,0.0,30.9,6.5
1988-08-20,0.3398021639999999,0.0,28.7,6.5
1988-08-21,0.311485317,0.0,33.9,3.5
1988-08-22,0.311485317,0.0,38.9,4.8
1988-08-23,0.311485317,0.0,42.1,7.3
1988-08-24,0.28316847,0.0,35.4,10.7
1988-08-25,0.28316847,0.0,33.7,7.4
1988-08-26,0.28316847,0.0,33.6,6.7
1988-08-27,0.28316847,0.0,37.1,8.5
1988-08-28,0.28316847,0.0,37.5,8.5
1988-08-29,0.2803367853,0.0,30.7,9.3
1988-08-30,0.2803367853,0.0,28.8,8.5
1988-08-31,0.2803367853,0.0,34.0,6.6
1988-09-01,0.2690100465,0.0,40.9,7.3
1988-09-02,0.2605149924,0.0,43.7,9.7
1988-09-03,0.2548516229999999,0.0,38.6,9.1
1988-09-04,0.2548516229999999,0.0,34.6,10.8
1988-09-05,0.2548516229999999,0.0,34.7,11.0
1988-09-06,0.2548516229999999,0.0,30.8,8.8
1988-09-07,0.2520199383,0.0,28.3,8.8
1988-09-08,0.2491882536,0.0,31.6,5.1
1988-09-09,0.2463565688999999,0.0,27.9,5.3
1988-09-10,0.2435248841999999,0.0,23.1,1.3
1988-09-11,0.2435248841999999,0.0,26.9,0.6
1988-09-12,0.2378615148,0.0,29.5,4.5
1988-09-13,0.2378615148,0.0,34.2,3.9
1988-09-14,0.2378615148,0.0,29.6,4.6
1988-09-15,0.2378615148,0.0,22.9,3.2
1988-09-16,0.2378615148,0.0,19.5,3.6
1988-09-17,0.2435248841999999,0.0,17.9,0.8
1988-09-18,0.2463565688999999,0.0,25.7,-1.8
1988-09-19,0.453069552,27.2,13.5,8.8
1988-09-20,0.3398021639999999,0.0,19.3,4.0
1988-09-21,0.28316847,0.0,23.4,0.9
1988-09-22,0.2690100465,0.0,24.4,2.2
1988-09-23,0.2605149924,0.0,23.1,2.9
1988-09-24,0.2548516229999999,0.0,26.1,3.5
1988-09-25,0.2690100465,8.4,15.5,7.0
1988-09-26,0.368119011,19.8,19.1,11.4
1988-09-27,0.736238022,11.2,18.4,5.3
1988-09-28,0.368119011,0.0,23.1,3.2
1988-09-29,0.311485317,0.0,27.0,6.1
1988-09-30,0.28316847,0.0,29.1,7.0
1988-10-01,0.2746734159,0.0,29.2,7.9
1988-10-02,0.2690100465,0.0,26.5,8.0
1988-10-03,0.2661783618,0.0,26.0,6.2
1988-10-04,0.2661783618,3.8,24.7,6.5
1988-10-05,0.2746734159,0.0,22.0,10.7
1988-10-06,0.2690100465,0.0,25.7,6.4
1988-10-07,0.2633466771,0.0,25.1,9.9
1988-10-08,0.2605149924,0.0,26.4,6.9
1988-10-09,0.2576833077,0.0,26.2,6.4
1988-10-10,0.2548516229999999,0.0,25.0,6.4
1988-10-11,0.2520199383,0.0,18.5,6.7
1988-10-12,0.2548516229999999,0.0,19.2,3.7
1988-10-13,0.2548516229999999,0.3,16.7,7.7
1988-10-14,0.2633466771,2.5,16.0,11.5
1988-10-15,0.2803367853,5.8,20.3,11.5
1988-10-16,0.2775051006,0.0,23.2,11.1
1988-10-17,0.2633466771,0.0,23.5,9.5
1988-10-18,0.2548516229999999,0.3,22.4,7.9
1988-10-19,0.2548516229999999,2.0,20.3,7.3
1988-10-20,0.2548516229999999,0.0,21.2,4.5
1988-10-21,0.2520199383,0.3,21.0,4.6
1988-10-22,0.2491882536,0.0,19.6,5.1
1988-10-23,0.2435248841999999,0.0,19.9,2.6
1988-10-24,0.2435248841999999,0.0,19.9,3.4
1988-10-25,0.2435248841999999,0.0,21.1,4.1
1988-10-26,0.2378615148,0.0,19.0,3.5
1988-10-27,0.2350298301,0.0,14.5,0.5
1988-10-28,0.2350298301,0.0,14.6,1.3
1988-10-29,0.2321981453999999,0.0,18.9,2.6
1988-10-30,0.2293664607,0.0,19.0,3.7
1988-10-31,0.2293664607,0.0,17.9,2.5
1988-11-01,0.28316847,29.2,10.1,2.7
1988-11-02,1.953862443,57.7,11.9,9.1
1988-11-03,3.228120558,45.0,10.4,9.2
1988-11-04,4.360794438,32.3,11.0,8.0
1988-11-05,2.690100465,21.3,12.6,6.6
1988-11-06,4.134259662,14.5,8.4,2.9
1988-11-07,2.520199383,4.1,8.6,2.9
1988-11-08,2.690100465,23.4,8.8,5.0
1988-11-09,2.576833077,16.5,7.7,3.7
1988-11-10,4.360794438,20.3,7.9,4.7
1988-11-11,4.24752705,10.9,9.1,4.4
1988-11-12,5.918221023,26.7,8.6,3.3
1988-11-13,4.870497684,8.1,6.6,1.9
1988-11-14,3.624556416,0.8,8.1,2.5
1988-11-15,3.766140651,26.9,6.1,2.5
1988-11-16,5.465151471,33.3,6.5,0.6
1988-11-17,5.635052553,14.7,4.3,0.7
1988-11-18,4.445744979,0.0,6.2,0.2
1988-11-19,3.936041733,19.8,3.9,-0.6
1988-11-20,6.116438952,15.5,8.3,3.5
1988-11-21,14.215057194,70.4,7.0,2.6
1988-11-22,29.44952088,65.3,11.6,3.1
1988-11-23,19.906743441,23.6,5.5,0.8
1988-11-24,10.986936636,20.6,1.2,0.3
1988-11-25,8.041984548,29.5,3.3,0.3
1988-11-26,6.852676974,6.6,6.0,0.7
1988-11-27,8.693272029,49.3,5.1,0.6
1988-11-28,14.1584235,10.7,6.6,2.3
1988-11-29,9.174658428,0.3,5.8,-1.5
1988-11-30,6.824360126999999,0.0,4.4,-3.0
1988-12-01,5.6633694,0.0,4.8,-2.1
1988-12-02,5.012081919,0.0,6.6,-0.9
1988-12-03,4.643962908,0.0,7.2,-1.2
1988-12-04,4.332477591,0.0,5.0,-2.5
1988-12-05,3.96435858,5.8,9.1,-0.3
1988-12-06,5.012081919,8.4,10.7,5.0
1988-12-07,5.125349307,1.0,9.9,0.0
1988-12-08,4.502378673,0.0,8.9,-1.0
1988-12-09,4.24752705,0.0,11.7,2.7
1988-12-10,4.020992274,0.0,10.7,1.0
1988-12-11,3.652873263,0.0,10.9,0.9
1988-12-12,3.313071099,0.0,9.4,0.1
1988-12-13,3.228120558,0.5,9.5,-1.4
1988-12-14,2.8316847,0.5,2.3,-2.3
1988-12-15,2.463565689,0.0,8.3,-2.9
1988-12-16,2.180397219,0.0,2.3,-5.2
1988-12-17,1.953862443,0.0,2.4,-5.1
1988-12-18,1.812278208,4.6,1.7,-5.9
1988-12-19,1.812278208,9.1,5.0,0.5
1988-12-20,1.783961361,25.7,1.3,0.2
1988-12-21,1.953862443,42.4,2.3,0.2
1988-12-22,2.152080372,39.9,1.6,0.2
1988-12-23,2.067129831,20.8,1.8,0.2
1988-12-24,1.925545596,19.6,1.2,0.2
1988-12-25,1.670693973,1.0,1.9,-2.1
1988-12-26,1.500792891,0.0,1.1,-3.4
1988-12-27,1.41584235,0.8,0.6,-5.1
1988-12-28,1.330891809,0.5,1.7,-1.1
1988-12-29,1.614060279,38.4,0.7,-0.1
1988-12-30,4.587329214,18.3,2.3,0.3
1988-12-31,4.020992274,0.8,3.3,0.0
1989-01-01,3.143170017,2.5,3.9,-0.1
1989-01-02,3.369704793,18.0,4.3,0.6
1989-01-03,4.304160744,1.8,5.4,0.6
1989-01-04,4.785547143,2.5,5.7,1.3
1989-01-05,4.559012367,6.1,2.9,0.2
1989-01-06,3.879408039,7.6,2.0,-0.3
1989-01-07,3.313071099,5.8,1.1,-0.9
1989-01-08,3.256437405,53.3,1.3,-0.1
1989-01-09,17.414860905,101.6,7.3,0.3
1989-01-10,23.814468327,19.3,2.9,0.3
1989-01-11,10.76040186,1.5,4.9,0.5
1989-01-12,7.334063373,0.0,4.4,-1.2
1989-01-13,5.861587329,33.3,1.1,-1.2
1989-01-14,4.757230296,17.8,0.8,-0.1
1989-01-15,4.559012367,37.6,1.0,0.3
1989-01-16,6.088122105,2.8,4.3,0.4
1989-01-17,6.711092739,3.3,4.8,1.2
1989-01-18,6.51287481,0.0,7.0,-0.6
1989-01-19,5.918221023,0.0,5.3,-2.0
1989-01-20,5.748319941,0.0,4.8,-2.8
1989-01-21,5.918221023,22.9,2.3,0.3
1989-01-22,5.550102012,2.3,3.6,-2.1
1989-01-23,4.728913449,0.0,2.1,-7.5
1989-01-24,4.049309121,0.0,2.4,-4.7
1989-01-25,3.482972181,0.0,8.3,-2.2
1989-01-26,3.171486864,0.0,11.6,-3.8
1989-01-27,3.001585782,0.0,8.8,-0.6
1989-01-28,2.860001547,0.0,12.4,-1.8
1989-01-29,2.746734159,0.0,14.3,-2.0
1989-01-30,3.256437405,3.8,10.4,-2.3
1989-01-31,5.436834623999999,8.9,5.2,0.2
1989-02-01,5.521785165,20.1,0.3,-3.8
1989-02-02,4.615646061,6.6,-3.6,-11.7
1989-02-03,3.794457498,0.5,-9.2,-19.3
1989-02-04,3.596239569,0.0,-7.4,-19.7
1989-02-05,3.341387946,0.0,0.0,-16.3
1989-02-06,2.888318394,0.0,1.8,-15.6
1989-02-07,2.435248842,0.0,2.6,-15.1
1989-02-08,2.180397219,0.0,4.4,-14.0
1989-02-09,1.840595055,0.0,4.6,-11.1
1989-02-10,1.614060279,0.0,3.5,-2.7
1989-02-11,1.755644514,0.0,8.7,-2.2
1989-02-12,1.670693973,1.0,4.8,-0.6
1989-02-13,1.585743432,0.0,2.9,-0.9
1989-02-14,1.500792891,0.0,7.4,-3.7
1989-02-15,1.41584235,0.0,7.7,-6.1
1989-02-16,1.897228749,52.1,1.1,0.1
1989-02-17,3.539605875,13.7,3.8,0.5
1989-02-18,4.53069552,20.1,5.7,0.9
1989-02-19,5.918221023,4.8,7.2,1.0
1989-02-20,5.153666154,5.6,10.3,-0.8
1989-02-21,4.785547143,1.3,7.0,-0.9
1989-02-22,5.833270482,21.1,4.7,0.7
1989-02-23,6.711092739,2.8,8.2,-0.5
1989-02-24,5.578418859,0.3,10.4,-0.3
1989-02-25,4.643962908,0.0,11.3,-1.8
1989-02-26,3.96435858,0.0,11.4,-4.0
1989-02-27,3.482972181,0.0,8.4,-4.0
1989-02-28,3.143170017,0.0,13.3,-1.9
1989-03-01,2.944952088,17.3,3.8,-2.2
1989-03-02,2.803367853,8.1,3.5,-1.9
1989-03-03,2.463565689,0.3,4.5,-3.0
1989-03-04,2.293664607,8.4,1.9,-2.2
1989-03-05,5.974854717,52.8,4.6,0.8
1989-03-06,16.14060279,15.0,12.3,2.9
1989-03-07,12.006343128,1.8,9.5,1.5
1989-03-08,8.636638334999999,0.3,10.8,0.3
1989-03-09,8.155251935999999,15.2,16.3,2.8
1989-03-10,9.004757346,0.3,15.2,3.0
1989-03-11,8.948123652,2.0,13.2,3.6
1989-03-12,8.919806805,24.1,11.7,3.3
1989-03-13,9.316242663,33.3,3.6,0.4
1989-03-14,7.900400313,15.8,7.1,0.6
1989-03-15,7.588914996,11.2,13.2,0.8
1989-03-16,7.872083465999999,13.5,7.1,1.5
1989-03-17,7.050894903,14.2,8.4,1.5
1989-03-18,8.863173111,20.8,7.8,2.3
1989-03-19,8.523370947,0.0,11.3,-1.7
1989-03-20,7.305746526,21.6,14.6,-1.6
1989-03-21,10.590500778,9.1,9.4,3.3
1989-03-22,9.542777439,0.3,10.4,-2.3
1989-03-23,7.588914996,0.0,15.9,-2.3
1989-03-24,6.654459044999999,16.2,11.1,3.8
1989-03-25,8.353469865,10.7,10.1,2.2
1989-03-26,7.758816078,9.1,8.1,2.5
1989-03-27,7.419013914,14.7,8.6,3.0
1989-03-28,8.296836170999999,19.3,9.2,2.0
1989-03-29,7.900400313,10.7,7.3,-0.4
1989-03-30,7.305746526,19.3,7.3,-0.5
1989-03-31,8.268519324,2.3,9.8,2.8
1989-04-01,8.070301395,27.7,7.0,2.9
1989-04-02,9.259608969,11.9,8.5,1.7
1989-04-03,7.92871716,2.3,10.4,2.8
1989-04-04,7.334063373,15.0,11.5,4.4
1989-04-05,7.730499231,0.0,21.9,5.4
1989-04-06,8.608321488,0.0,25.4,2.2
1989-04-07,9.457826898,0.0,25.0,2.7
1989-04-08,9.34455951,0.0,24.5,2.1
1989-04-09,8.523370947,0.0,23.4,2.3
1989-04-10,7.673865537,0.0,22.0,1.3
1989-04-11,7.050894903,0.0,25.6,1.5
1989-04-12,7.050894903,0.0,28.7,1.5
1989-04-13,7.419013914,0.0,27.9,4.1
1989-04-14,7.92871716,0.0,24.8,7.6
1989-04-15,7.447330761,0.0,16.5,7.6
1989-04-16,6.51287481,0.0,22.9,5.2
1989-04-17,6.088122105,0.0,28.3,4.9
1989-04-18,6.258023187,0.5,23.7,6.3
1989-04-19,6.852676974,5.3,23.8,11.3
1989-04-20,6.399607422,3.1,15.2,6.4
1989-04-21,5.238616695,5.3,12.1,5.2
1989-04-22,4.389111285,8.4,11.1,3.0
1989-04-23,3.794457498,10.2,11.5,0.4
1989-04-24,3.652873263,8.1,12.2,2.1
1989-04-25,4.020992274,11.2,7.7,5.9
1989-04-26,4.304160744,3.8,11.7,4.5
1989-04-27,3.907724886,0.0,19.1,3.3
1989-04-28,3.596239569,0.0,19.5,0.2
1989-04-29,3.511289028,0.0,24.3,1.2
1989-04-30,3.652873263,2.5,16.8,4.5
1989-05-01,3.511289028,0.0,19.9,5.0
1989-05-02,3.256437405,0.0,22.3,4.1
1989-05-03,3.228120558,11.4,16.8,2.9
1989-05-04,3.879408039,0.8,27.7,11.6
1989-05-05,4.389111285,0.0,29.3,11.0
1989-05-06,4.474061826,0.0,26.1,11.2
1989-05-07,4.162576509,0.0,27.0,9.3
1989-05-08,3.709506957,0.0,26.2,5.6
1989-05-09,3.68119011,14.0,13.4,7.9
1989-05-10,3.341387946,1.0,12.7,5.9
1989-05-11,2.775051006,0.3,13.5,1.6
1989-05-12,2.321981454,0.0,14.7,-0.3
1989-05-13,2.038812984,0.0,21.8,2.2
1989-05-14,1.925545596,0.0,22.3,2.8
1989-05-15,1.840595055,0.0,24.9,2.0
1989-05-16,1.783961361,0.0,21.9,3.2
1989-05-17,1.783961361,4.3,17.8,3.3
1989-05-18,1.755644514,8.9,10.3,2.0
1989-05-19,1.585743432,0.3,19.8,3.6
1989-05-20,1.500792891,0.0,21.5,0.6
1989-05-21,1.444159197,0.0,16.1,3.9
1989-05-22,1.41584235,9.4,19.7,6.2
1989-05-23,1.727327667,28.7,11.0,3.3
1989-05-24,2.321981454,15.2,13.8,3.0
1989-05-25,2.803367853,1.0,16.8,3.9
1989-05-26,2.520199383,2.3,19.2,3.5
1989-05-27,3.143170017,14.2,12.1,5.5
1989-05-28,3.029902629,2.8,15.1,5.5
1989-05-29,2.775051006,2.8,11.6,7.2
1989-05-30,2.463565689,0.0,22.8,4.5
1989-05-31,2.293664607,0.0,28.1,4.9
1989-06-01,2.26534776,0.0,31.1,7.7
1989-06-02,2.237030913,0.0,27.9,9.2
1989-06-03,2.095446678,1.3,27.4,8.8
1989-06-04,1.925545596,0.0,30.0,7.9
1989-06-05,1.755644514,0.0,31.4,7.4
1989-06-06,1.642377126,0.0,25.8,9.2
1989-06-07,1.529109738,0.0,27.2,5.8
1989-06-08,1.41584235,0.0,24.4,6.2
1989-06-09,1.3592086559999998,0.0,22.0,6.5
1989-06-10,1.274258115,0.0,27.7,3.8
1989-06-11,1.189307574,0.0,29.9,8.1
1989-06-12,1.160990727,0.0,25.4,10.3
1989-06-13,1.104357033,2.8,22.5,12.6
1989-06-14,1.160990727,7.9,18.6,12.8
1989-06-15,1.302574962,1.0,14.3,9.6
1989-06-16,1.189307574,0.0,20.3,7.7
1989-06-17,1.076040186,0.0,24.0,6.6
1989-06-18,1.019406492,0.0,24.0,7.1
1989-06-19,0.962772798,6.4,17.9,8.6
1989-06-20,1.047723339,2.3,20.6,5.8
1989-06-21,0.962772798,0.0,27.5,2.8
1989-06-22,0.906139104,0.0,27.5,7.7
1989-06-23,0.84950541,0.0,30.2,8.5
1989-06-24,0.821188563,0.0,33.5,8.2
1989-06-25,0.792871716,0.0,32.1,9.4
1989-06-26,0.764554869,0.0,22.8,7.0
1989-06-27,0.736238022,0.0,22.2,5.7
1989-06-28,0.736238022,0.5,19.7,9.4
1989-06-29,0.764554869,7.9,16.6,11.0
1989-06-30,0.764554869,1.0,20.4,10.5
1989-07-01,0.707921175,0.0,15.8,8.8
1989-07-02,0.6796043279999999,0.0,25.6,9.0
1989-07-03,0.651287481,0.0,24.2,10.6
1989-07-04,0.651287481,0.0,25.3,7.8
1989-07-05,0.622970634,0.0,27.2,4.7
1989-07-06,0.622970634,0.0,29.6,5.033333333333333
1989-07-07,0.622970634,0.0,27.3,5.366666666666667
1989-07-08,0.5946537869999999,0.0,25.4,5.7
1989-07-09,0.5946537869999999,0.0,16.4,7.4
1989-07-10,0.622970634,0.0,23.2,8.3
1989-07-11,0.5946537869999999,0.0,30.1,5.5
1989-07-12,0.56633694,0.0,30.1,9.4
1989-07-13,0.56633694,0.0,25.0,11.9
1989-07-14,0.56633694,0.0,22.1,12.2
1989-07-15,0.56633694,0.0,24.6,11.0
1989-07-16,0.651287481,21.3,16.8,11.6
1989-07-17,0.8778222569999999,0.8,25.0,14.2
1989-07-18,0.651287481,0.0,26.3,14.5
1989-07-19,0.5946537869999999,0.0,26.9,13.2
1989-07-20,0.56633694,0.0,23.0,11.6
1989-07-21,0.5097032459999999,0.0,24.8,9.2
1989-07-22,0.5097032459999999,0.0,28.3,6.7
1989-07-23,0.5097032459999999,0.0,28.2,9.4
1989-07-24,0.4813863989999999,0.0,28.4,9.9
1989-07-25,0.4813863989999999,0.0,30.6,8.2
1989-07-26,0.4813863989999999,0.0,21.2,11.0
1989-07-27,0.4813863989999999,0.0,25.9,10.1
1989-07-28,0.453069552,0.0,28.9,6.9
1989-07-29,0.453069552,0.0,21.7,7.5
1989-07-30,0.453069552,0.5,22.9,12.1
1989-07-31,0.453069552,2.3,20.9,7.1
1989-08-01,0.4813863989999999,15.5,17.2,7.5
1989-08-02,0.792871716,5.6,21.6,11.8
1989-08-03,0.622970634,0.0,24.7,9.5
1989-08-04,0.538020093,0.0,28.9,7.2
1989-08-05,0.538020093,0.0,32.1,10.6
1989-08-06,0.5097032459999999,0.0,32.3,12.7
1989-08-07,0.453069552,0.0,32.8,12.9
1989-08-08,0.4813863989999999,3.6,29.3,15.9
1989-08-09,0.453069552,0.0,24.9,15.0
1989-08-10,0.424752705,0.0,25.7,9.9
1989-08-11,0.424752705,0.0,27.3,7.0
1989-08-12,0.396435858,0.0,26.8,10.1
1989-08-13,0.396435858,0.0,28.7,7.6
1989-08-14,0.396435858,0.0,25.7,8.2
1989-08-15,0.396435858,0.0,25.6,6.7
1989-08-16,0.368119011,0.0,27.4,5.1
1989-08-17,0.368119011,0.0,25.4,6.7
1989-08-18,0.368119011,0.0,29.8,8.3
1989-08-19,0.368119011,0.0,28.4,10.2
1989-08-20,0.368119011,0.0,26.5,11.2
1989-08-21,0.368119011,4.3,22.5,11.0
1989-08-22,0.821188563,41.2,18.9,11.9
1989-08-23,1.69901082,19.1,18.9,11.4
1989-08-24,0.991089645,0.0,18.9,11.4
1989-08-25,0.736238022,0.0,26.6,7.2
1989-08-26,0.651287481,0.0,27.9,8.1
1989-08-27,0.5946537869999999,0.0,27.0,8.7
1989-08-28,0.538020093,0.0,29.3,7.3
1989-08-29,0.5097032459999999,7.1,25.6,10.0
1989-08-30,0.538020093,2.0,18.9,11.6
1989-08-31,0.5097032459999999,0.0,24.5,10.3
1989-09-01,0.453069552,0.0,20.8,9.0
1989-09-02,0.453069552,0.0,22.3,6.8
1989-09-03,0.424752705,0.0,27.0,3.5
1989-09-04,0.424752705,0.0,27.5,6.4
1989-09-05,0.396435858,0.0,22.7,6.9
1989-09-06,0.396435858,0.0,25.7,4.2
1989-09-07,0.396435858,0.0,28.4,3.8
1989-09-08,0.368119011,0.0,30.3,5.9
1989-09-09,0.368119011,0.0,29.3,7.6
1989-09-10,0.368119011,0.0,30.4,3.8
1989-09-11,0.3398021639999999,0.0,27.9,3.9
1989-09-12,0.3398021639999999,0.0,30.5,2.8
1989-09-13,0.3398021639999999,0.0,32.0,2.9
1989-09-14,0.3398021639999999,0.0,32.3,4.9
1989-09-15,0.311485317,0.0,31.5,5.3
1989-09-16,0.311485317,0.0,25.0,6.4
1989-09-17,0.3398021639999999,1.8,17.9,7.3
1989-09-18,0.3398021639999999,0.0,22.4,5.3
1989-09-19,0.3398021639999999,0.0,24.3,2.2
1989-09-20,0.311485317,0.0,27.2,3.0
1989-09-21,0.311485317,0.0,30.1,3.8
1989-09-22,0.311485317,0.0,31.1,5.5
1989-09-23,0.311485317,0.0,32.0,7.0
1989-09-24,0.311485317,0.0,31.1,8.4
1989-09-25,0.311485317,0.5,22.5,8.7
1989-09-26,0.3398021639999999,6.1,18.5,9.9
1989-09-27,0.3398021639999999,0.0,23.0,8.9
1989-09-28,0.311485317,0.0,27.4,7.8
1989-09-29,0.311485317,2.3,17.8,11.5
1989-09-30,0.3398021639999999,5.6,14.4,10.1
1989-10-01,0.368119011,0.0,15.6,6.4
1989-10-02,0.311485317,0.3,19.4,1.6
1989-10-03,0.311485317,0.0,19.9,-1.2
1989-10-04,0.311485317,0.0,20.0,-1.3
1989-10-05,0.28316847,0.0,23.2,0.5
1989-10-06,0.28316847,0.0,24.0,2.4
1989-10-07,0.28316847,0.0,23.0,4.1
1989-10-08,0.28316847,0.0,25.0,4.5
1989-10-09,0.28316847,0.0,26.1,5.4
1989-10-10,0.2775051006,0.0,23.7,5.3
1989-10-11,0.2775051006,0.0,21.4,5.4
1989-10-12,0.2775051006,0.0,19.4,2.3
1989-10-13,0.2775051006,0.0,18.4,6.2
1989-10-14,0.2775051006,0.0,19.0,3.8
1989-10-15,0.2718417312,0.0,18.7,-0.9
1989-10-16,0.2690100465,0.0,18.1,0.0
1989-10-17,0.2633466771,0.0,22.3,0.1
1989-10-18,0.2633466771,0.0,16.4,2.5
1989-10-19,0.2633466771,0.0,21.4,4.1
1989-10-20,0.2633466771,1.3,16.5,8.6
1989-10-21,0.538020093,26.2,12.3,8.4
1989-10-22,0.538020093,3.1,12.6,8.1
1989-10-23,0.424752705,9.4,13.7,4.1
1989-10-24,0.424752705,6.4,10.6,2.9
1989-10-25,0.453069552,1.0,10.3,5.4
1989-10-26,0.8778222569999999,29.5,8.4,4.4
1989-10-27,1.274258115,12.7,7.1,3.5
1989-10-28,0.8778222569999999,0.3,10.5,-1.3
1989-10-29,0.651287481,0.0,11.9,-2.7
1989-10-30,0.56633694,0.3,12.5,-2.5
1989-10-31,0.453069552,0.0,13.9,-1.4
1989-11-01,0.424752705,0.0,12.7,-2.1
1989-11-02,0.396435858,0.3,12.7,-2.7
1989-11-03,0.396435858,0.0,13.4,-0.7
1989-11-04,0.453069552,9.7,14.4,0.6
1989-11-05,0.424752705,0.5,10.4,5.1
1989-11-06,0.5097032459999999,19.8,8.0,5.0
1989-11-07,1.047723339,1.5,10.2,4.9
1989-11-08,0.764554869,13.0,11.1,3.5
1989-11-09,1.019406492,5.3,13.9,8.7
1989-11-10,0.906139104,0.0,16.6,9.8
1989-11-11,0.764554869,0.0,15.2,7.7
1989-11-12,2.095446678,34.3,11.4,5.2
1989-11-13,1.868911902,7.6,7.6,3.9
1989-11-14,1.557426585,1.5,8.2,-0.5
1989-11-15,1.274258115,0.0,8.6,-0.6
1989-11-16,1.104357033,0.3,8.4,-0.7
1989-11-17,1.160990727,8.6,12.9,6.5
1989-11-18,1.019406492,0.0,13.6,2.5
1989-11-19,0.906139104,0.0,12.7,0.2
1989-11-20,0.821188563,0.0,11.8,0.1
1989-11-21,0.764554869,0.0,11.9,1.1
1989-11-22,0.707921175,0.0,11.3,-0.4
1989-11-23,1.13267388,25.7,8.0,0.7
1989-11-24,1.868911902,29.5,6.3,1.9
1989-11-25,2.633466771,26.7,3.7,0.4
1989-11-26,2.746734159,23.6,4.3,0.3
1989-11-27,2.378615148,11.9,5.9,-0.6
1989-11-28,2.152080372,0.0,4.4,-2.0
1989-11-29,1.783961361,0.0,3.7,-2.8
1989-11-30,1.585743432,0.0,6.7,-0.9
1989-12-01,1.529109738,0.0,7.7,-1.0
1989-12-02,1.614060279,1.3,8.0,-0.6
1989-12-03,2.491882536,14.7,10.4,5.3
1989-12-04,6.654459044999999,23.9,12.6,7.8
1989-12-05,9.34455951,8.1,11.4,8.2
1989-12-06,6.654459044999999,0.5,10.3,3.8
1989-12-07,4.785547143,0.0,8.0,0.5
1989-12-08,5.635052553,29.0,10.6,4.5
1989-12-09,5.012081919,1.0,6.6,1.2
1989-12-10,3.992675427,0.0,3.7,-2.1
1989-12-11,3.284754252,0.0,1.8,-3.8
1989-12-12,2.775051006,0.0,2.3,-3.3
1989-12-13,2.378615148,0.0,2.3,-3.0
1989-12-14,2.067129831,0.0,2.7,-2.6
1989-12-15,1.840595055,0.0,2.9,-2.5
1989-12-16,1.670693973,0.0,2.1,-3.9
1989-12-17,1.557426585,0.0,1.6,-4.9
1989-12-18,1.472476044,0.0,1.5,-6.1
1989-12-19,1.3592086559999998,0.0,1.5,-6.2
1989-12-20,1.274258115,0.0,1.8,-3.9
1989-12-21,1.217624421,0.0,1.9,-3.6
1989-12-22,1.13267388,0.0,2.5,-2.5
1989-12-23,1.104357033,1.0,7.0,-0.2
1989-12-24,1.047723339,0.0,3.7,-1.5
1989-12-25,1.019406492,0.0,3.0,-2.4
1989-12-26,0.962772798,0.0,2.5,-2.7
1989-12-27,0.906139104,0.0,2.2,-4.0
1989-12-28,0.906139104,0.5,5.9,0.1
1989-12-29,0.84950541,0.0,4.0,-1.9
1989-12-30,0.821188563,0.0,2.3,-3.1
1989-12-31,0.906139104,13.2,3.3,-2.5
1990-01-01,1.104357033,13.5,3.6,0.3
1990-01-02,1.076040186,6.9,3.1,0.3
1990-01-03,1.019406492,0.0,4.6,-0.2
1990-01-04,1.274258115,23.1,3.0,-0.1
1990-01-05,2.860001547,27.2,7.1,2.2
1990-01-06,8.240202477,32.8,6.8,4.6
1990-01-07,28.260213306,86.9,13.0,6.6
1990-01-08,32.56437405,40.4,11.2,6.2
1990-01-09,19.906743441,13.5,11.0,5.9
1990-01-10,15.234463686,15.5,6.0,2.9
1990-01-11,11.411689341,2.0,10.1,3.4
1990-01-12,8.410103559,0.3,9.9,2.4
1990-01-13,6.682775892,8.6,10.5,6.4
1990-01-14,5.578418859,0.3,7.5,4.6
1990-01-15,4.643962908,4.1,5.7,2.3
1990-01-16,3.992675427,1.8,7.1,-0.2
1990-01-17,3.426338487,0.0,4.1,-2.2
1990-01-18,3.001585782,0.0,3.1,-3.9
1990-01-19,2.661783618,0.0,3.0,-4.4
1990-01-20,2.378615148,0.0,2.9,-4.5
1990-01-21,2.152080372,0.0,4.4,-3.7
1990-01-22,2.208714066,13.0,8.7,1.0
1990-01-23,2.718417312,22.9,5.3,-0.7
1990-01-24,2.378615148,0.0,3.3,-2.3
1990-01-25,2.26534776,12.7,7.2,-0.1
1990-01-26,2.152080372,13.7,2.6,0.2
1990-01-27,2.293664607,30.0,2.5,0.3
1990-01-28,5.040398766,47.5,5.2,0.6
1990-01-29,6.456241116,19.3,5.5,1.2
1990-01-30,5.238616695,20.8,2.4,0.4
1990-01-31,4.077625968,18.5,2.7,0.1
1990-02-01,3.426338487,28.5,2.6,0.4
1990-02-02,3.341387946,5.6,6.2,-0.5
1990-02-03,3.482972181,13.5,2.1,-0.6
1990-02-04,3.199803711,0.8,4.6,0.1
1990-02-05,3.11485317,26.4,2.0,0.3
1990-02-06,2.916635241,12.7,0.9,-1.0
1990-02-07,2.661783618,30.7,1.2,-1.7
1990-02-08,2.973268935,37.3,2.1,0.4
1990-02-09,6.852676974,35.1,4.6,0.7
1990-02-10,9.882579603,2.3,5.2,0.0
1990-02-11,7.815449772,4.3,4.8,-0.4
1990-02-12,6.003171564,15.5,0.1,-2.9
1990-02-13,4.757230296,3.1,1.6,-9.8
1990-02-14,3.936041733,0.3,-0.4,-10.3
1990-02-15,3.737823804,31.0,0.8,-3.0
1990-02-16,3.284754252,13.0,3.8,-1.0
1990-02-17,2.860001547,2.0,4.3,-3.4
1990-02-18,2.54851623,0.0,3.8,-9.0
1990-02-19,2.26534776,0.0,4.0,-8.5
1990-02-20,2.54851623,25.9,1.4,-0.8
1990-02-21,4.162576509,2.5,7.8,-0.9
1990-02-22,4.983765072,0.0,7.7,-1.9
1990-02-23,6.031488411,0.0,6.2,-2.4
1990-02-24,6.51287481,0.0,9.0,-1.9
1990-02-25,7.305746526,0.0,9.5,-2.2
1990-02-26,8.296836170999999,0.0,10.6,-1.7
1990-02-27,8.155251935999999,0.0,11.1,-2.9
1990-02-28,7.164162290999999,0.0,11.7,-2.8
1990-03-01,6.342973728,0.0,13.2,-3.1
1990-03-02,5.94653787,3.6,6.7,-2.0
1990-03-03,6.739409586,11.7,10.7,1.4
1990-03-04,8.013667701,5.6,8.9,1.3
1990-03-05,7.503964455,0.3,9.6,0.8
1990-03-06,6.427924269,0.0,13.4,0.5
1990-03-07,6.144755799,11.2,7.7,0.1
1990-03-08,6.003171564,1.8,5.8,-0.8
1990-03-09,5.408517777,12.2,7.8,-1.1
1990-03-10,6.937627515,17.8,5.0,0.2
1990-03-11,6.031488411,2.5,6.0,-0.1
1990-03-12,5.097032459999999,1.5,7.2,-1.5
1990-03-13,4.304160744,10.9,4.8,-3.8
1990-03-14,4.728913449,18.3,10.0,0.3
1990-03-15,4.757230296,0.0,14.4,0.8
1990-03-16,4.53069552,0.0,16.5,0.9
1990-03-17,5.181983001,1.5,15.0,2.6
1990-03-18,6.059805258,0.0,18.1,4.0
1990-03-19,6.880993821,0.0,16.6,4.1
1990-03-20,6.994261208999999,0.3,19.7,1.5
1990-03-21,7.050894903,0.0,21.5,-0.8
1990-03-22,7.419013914,8.4,13.0,0.3
1990-03-23,8.098618242,0.5,17.4,0.7
1990-03-24,7.419013914,0.0,17.0,-1.2
1990-03-25,6.456241116,0.0,18.3,-1.1
1990-03-26,5.804953635,0.0,18.8,0.9
1990-03-27,5.465151471,0.0,22.6,-1.6
1990-03-28,5.238616695,0.0,22.5,-1.6
1990-03-29,5.153666154,0.0,20.7,-1.2
1990-03-30,5.125349307,0.0,21.7,-0.9
1990-03-31,5.323567236,0.0,23.0,0.0
1990-04-01,5.606735706,0.0,22.6,0.6
1990-04-02,5.94653787,0.0,21.7,0.8
1990-04-03,5.776636788,0.0,25.4,-0.7
1990-04-04,5.720003094,0.0,26.5,0.2
1990-04-05,5.889904176,0.0,23.9,1.5
1990-04-06,6.003171564,0.0,22.5,5.2
1990-04-07,5.918221023,0.0,20.3,2.4
1990-04-08,5.210299848,0.0,15.4,0.5
1990-04-09,4.304160744,0.0,23.3,-1.6
1990-04-10,3.96435858,0.0,26.4,2.1
1990-04-11,4.077625968,1.5,18.0,4.1
1990-04-12,3.851091192,0.0,21.2,1.2
1990-04-13,3.68119011,0.0,26.7,2.0
1990-04-14,3.96435858,0.0,30.4,4.1
1990-04-15,4.474061826,0.0,27.4,6.2
1990-04-16,4.672279755,0.0,19.0,11.0
1990-04-17,4.105942815,0.0,14.0,10.4
1990-04-18,3.596239569,0.0,20.5,6.3
1990-04-19,3.171486864,0.0,18.0,4.7
1990-04-20,2.944952088,2.0,20.4,6.6
1990-04-21,2.718417312,0.0,19.0,5.6
1990-04-22,3.256437405,33.5,11.2,7.8
1990-04-23,5.295250389,8.6,9.6,5.7
1990-04-24,4.134259662,2.5,13.0,5.3
1990-04-25,6.173072646,34.8,13.3,5.6
1990-04-26,6.597825351,16.3,12.3,4.3
1990-04-27,24.862191666,117.9,12.2,3.9
1990-04-28,23.078230305,12.7,8.3,2.8
1990-04-29,12.346145292,0.8,13.6,1.1
1990-04-30,8.523370947,0.0,20.7,-0.2
1990-05-01,6.541191657,0.0,23.1,1.5
1990-05-02,5.38020093,0.0,20.9,7.3
1990-05-03,4.559012367,0.0,28.6,4.1
1990-05-04,4.049309121,0.0,34.7,5.6
1990-05-05,3.709506957,0.0,29.6,8.1
1990-05-06,3.228120558,0.0,16.4,1.8
1990-05-07,2.803367853,0.0,14.7,0.4
1990-05-08,2.491882536,0.0,22.7,-1.3
1990-05-09,2.237030913,0.0,27.3,0.5
1990-05-10,2.067129831,0.3,11.5,2.8
1990-05-11,1.953862443,3.1,14.1,6.1
1990-05-12,1.868911902,2.0,13.5,6.6
1990-05-13,1.812278208,2.5,14.2,6.1
1990-05-14,1.727327667,0.0,15.4,3.7
1990-05-15,1.614060279,0.0,20.8,3.8
1990-05-16,1.529109738,0.0,22.4,1.1
1990-05-17,1.472476044,0.0,16.1,2.3
1990-05-18,1.41584235,0.0,14.0,5.2
1990-05-19,1.3592086559999998,3.8,19.1,3.7
1990-05-20,1.69901082,18.5,14.3,6.7
1990-05-21,1.585743432,9.1,17.4,6.9
1990-05-22,2.095446678,13.0,13.3,8.7
1990-05-23,2.576833077,7.9,13.5,5.7
1990-05-24,2.718417312,11.4,12.1,5.3
1990-05-25,2.576833077,0.3,18.7,5.1
1990-05-26,2.293664607,2.8,19.6,8.0
1990-05-27,2.152080372,9.1,19.8,10.3
1990-05-28,1.98217929,3.6,13.5,9.9
1990-05-29,2.010496137,2.5,16.3,9.1
1990-05-30,3.029902629,23.1,14.3,6.2
1990-05-31,4.24752705,4.3,13.4,5.5
1990-06-01,3.766140651,0.3,17.4,6.4
1990-06-02,3.228120558,3.1,22.4,8.8
1990-06-03,3.171486864,11.2,18.4,8.1
1990-06-04,3.284754252,0.5,18.8,6.2
1990-06-05,2.860001547,6.1,19.0,5.8
1990-06-06,4.24752705,27.9,16.2,10.9
1990-06-07,5.295250389,0.3,21.1,9.8
1990-06-08,4.417428132,0.0,23.1,11.9
1990-06-09,3.766140651,6.4,24.6,9.2
1990-06-10,3.482972181,5.6,14.6,7.8
1990-06-11,3.143170017,0.0,18.4,7.3
1990-06-12,3.029902629,14.0,12.5,7.6
1990-06-13,3.143170017,0.0,20.4,6.6
1990-06-14,2.8316847,0.5,24.7,3.8
1990-06-15,2.576833077,7.1,23.9,5.8
1990-06-16,2.321981454,0.0,19.3,9.5
1990-06-17,2.095446678,0.0,21.3,7.8
1990-06-18,1.925545596,0.0,26.7,5.2
1990-06-19,1.783961361,0.0,30.0,8.3
1990-06-20,1.670693973,0.0,31.9,9.7
1990-06-21,1.585743432,3.3,37.3,11.8
1990-06-22,1.500792891,0.0,28.9,12.8
1990-06-23,1.41584235,0.0,24.9,12.3
1990-06-24,1.3592086559999998,0.0,24.9,12.6
1990-06-25,1.274258115,0.0,22.5,11.6
1990-06-26,1.217624421,0.0,25.3,9.6
1990-06-27,1.189307574,0.0,23.9,6.6
1990-06-28,1.13267388,0.0,26.3,12.0
1990-06-29,1.076040186,0.0,28.7,11.9
1990-06-30,1.047723339,0.0,25.1,13.5
1990-07-01,0.991089645,0.0,23.2,10.9
1990-07-02,1.076040186,5.1,14.9,8.1
1990-07-03,0.991089645,0.0,24.1,6.0
1990-07-04,0.934455951,0.0,26.1,10.1
1990-07-05,0.991089645,10.2,24.9,11.3
1990-07-06,1.160990727,0.5,21.7,9.7
1990-07-07,0.962772798,0.0,28.1,6.4
1990-07-08,0.8778222569999999,0.0,30.4,9.7
1990-07-09,0.84950541,0.0,29.4,12.0
1990-07-10,0.792871716,0.0,35.4,12.8
1990-07-11,0.764554869,0.0,34.7,16.0
1990-07-12,0.736238022,0.0,36.4,15.3
1990-07-13,0.707921175,0.0,33.6,14.4
1990-07-14,0.707921175,0.0,31.9,11.1
1990-07-15,0.6796043279999999,0.0,34.2,12.2
1990-07-16,0.651287481,0.0,31.1,11.5
1990-07-17,0.651287481,0.0,30.6,8.4
1990-07-18,0.622970634,0.0,34.2,9.7
1990-07-19,0.622970634,0.0,29.8,12.1
1990-07-20,0.5946537869999999,0.0,36.5,11.2
1990-07-21,0.56633694,0.0,36.5,12.9
1990-07-22,0.538020093,0.0,34.2,12.5
1990-07-23,0.538020093,0.0,27.5,11.4
1990-07-24,0.538020093,0.0,19.8,13.2
1990-07-25,0.538020093,0.0,19.7,9.9
1990-07-26,0.538020093,0.0,27.7,7.8
1990-07-27,0.5097032459999999,0.0,30.3,9.1
1990-07-28,0.5097032459999999,0.0,32.6,9.2
1990-07-29,0.5097032459999999,0.0,35.5,11.4
1990-07-30,0.4813863989999999,0.0,30.5,14.1
1990-07-31,0.4813863989999999,0.0,29.1,12.7
1990-08-01,0.4813863989999999,0.0,31.1,10.3
1990-08-02,0.453069552,0.0,32.4,7.4
1990-08-03,0.453069552,0.0,34.0,8.6
1990-08-04,0.453069552,0.0,40.5,10.8
1990-08-05,0.424752705,0.0,36.5,13.1
1990-08-06,0.424752705,0.0,33.2,11.0
1990-08-07,0.424752705,0.0,34.9,11.6
1990-08-08,0.396435858,0.0,32.0,16.4
1990-08-09,0.396435858,0.0,36.3,14.7
1990-08-10,0.396435858,0.0,38.3,13.5
1990-08-11,0.396435858,0.0,40.1,13.9
1990-08-12,0.368119011,0.0,32.6,14.3
1990-08-13,0.368119011,0.0,27.0,12.1
1990-08-14,0.368119011,0.0,28.6,9.4
1990-08-15,0.368119011,0.0,24.8,11.6
1990-08-16,0.368119011,0.0,26.7,11.6
1990-08-17,0.424752705,14.0,20.3,12.2
1990-08-18,0.56633694,2.8,22.7,10.6
1990-08-19,0.4813863989999999,1.8,23.4,12.1
1990-08-20,0.453069552,8.6,26.6,8.7
1990-08-21,0.5097032459999999,11.7,17.5,14.8
1990-08-22,0.4813863989999999,1.0,24.1,12.7
1990-08-23,0.424752705,0.0,23.9,8.4
1990-08-24,0.396435858,0.0,21.5,5.5
1990-08-25,0.396435858,1.0,23.8,9.3
1990-08-26,0.396435858,1.5,26.0,11.7
1990-08-27,0.368119011,0.8,22.8,11.6
1990-08-28,0.368119011,0.0,27.3,10.3
1990-08-29,0.424752705,17.0,23.3,12.9
1990-08-30,0.56633694,0.3,23.8,10.0
1990-08-31,0.424752705,0.0,26.6,7.0
1990-09-01,0.396435858,0.0,22.3,9.2
1990-09-02,0.368119011,0.0,25.4,10.4
1990-09-03,0.368119011,0.0,28.3,8.8
1990-09-04,0.368119011,0.0,31.9,9.5
1990-09-05,0.3398021639999999,0.0,30.8,10.2
1990-09-06,0.3398021639999999,0.0,34.1,10.8
1990-09-07,0.3398021639999999,0.0,28.3,10.9
1990-09-08,0.3398021639999999,0.0,27.0,12.2
1990-09-09,0.3398021639999999,0.0,29.4,9.4
1990-09-10,0.311485317,0.0,33.6,10.5
1990-09-11,0.311485317,0.0,20.2,12.7
1990-09-12,0.311485317,0.0,22.8,8.0
1990-09-13,0.311485317,0.0,31.9,5.0
1990-09-14,0.311485317,0.0,22.4,8.5
1990-09-15,0.368119011,12.7,16.9,9.9
1990-09-16,0.396435858,0.3,23.4,10.4
1990-09-17,0.3398021639999999,0.0,25.3,7.3
1990-09-18,0.3398021639999999,0.0,24.9,8.1
1990-09-19,0.311485317,0.0,25.2,7.3
1990-09-20,0.311485317,0.0,30.1,6.6
1990-09-21,0.311485317,0.0,32.9,4.5
1990-09-22,0.311485317,0.0,33.2,6.4
1990-09-23,0.28316847,0.0,22.9,7.4
1990-09-24,0.311485317,0.8,24.8,10.8
1990-09-25,0.311485317,0.0,23.2,12.0
1990-09-26,0.311485317,0.0,22.5,12.5
1990-09-27,0.28316847,0.0,27.3,11.9
1990-09-28,0.28316847,0.0,29.7,8.0
1990-09-29,0.28316847,0.0,28.9,8.2
1990-09-30,0.28316847,0.0,29.2,7.0
1990-10-01,0.28316847,0.3,18.0,6.2
1990-10-02,0.28316847,0.0,16.7,4.8
1990-10-03,0.3398021639999999,8.9,16.0,8.5
1990-10-04,0.311485317,4.8,21.5,8.2
1990-10-05,0.396435858,4.3,14.4,3.4
1990-10-06,0.3398021639999999,0.3,14.9,-0.1
1990-10-07,0.311485317,0.0,17.6,-2.5
1990-10-08,0.28316847,0.0,20.0,-1.1
1990-10-09,0.28316847,0.0,23.1,1.1
1990-10-10,0.28316847,1.3,16.6,1.2
1990-10-11,0.28316847,0.0,18.6,-2.0
1990-10-12,0.3398021639999999,12.2,13.9,4.5
1990-10-13,0.368119011,6.9,11.5,7.5
1990-10-14,0.396435858,9.7,11.1,7.0
1990-10-15,0.622970634,13.0,14.9,8.7
1990-10-16,0.56633694,3.6,12.8,1.0
1990-10-17,0.424752705,0.0,15.0,-0.3
1990-10-18,0.56633694,18.3,9.3,5.6
1990-10-19,0.56633694,0.0,12.3,1.7
1990-10-20,0.424752705,0.0,12.5,-1.2
1990-10-21,1.330891809,54.9,8.8,5.2
1990-10-22,1.330891809,0.0,11.8,1.8
1990-10-23,0.736238022,0.0,14.9,1.9
1990-10-24,0.56633694,0.0,18.1,1.6
1990-10-25,0.5097032459999999,10.4,18.6,2.0
1990-10-26,0.5946537869999999,0.0,16.6,5.7
1990-10-27,0.5097032459999999,1.5,16.8,2.9
1990-10-28,0.538020093,8.4,14.3,7.3
1990-10-29,0.538020093,6.6,13.4,5.3
1990-10-30,1.98217929,48.0,10.8,7.8
1990-10-31,4.445744979,21.3,7.9,4.4
1990-11-01,2.633466771,1.8,8.8,0.6
1990-11-02,1.69901082,0.0,8.7,-0.3
1990-11-03,1.41584235,23.6,8.7,2.8
1990-11-04,5.550102012,36.8,12.9,6.6
1990-11-05,4.898814531,6.1,8.5,4.0
1990-11-06,3.511289028,0.0,10.4,1.9
1990-11-07,2.8316847,11.4,9.0,3.2
1990-11-08,3.68119011,11.4,11.6,8.0
1990-11-09,4.24752705,0.0,12.8,8.1
1990-11-10,3.11485317,0.0,15.2,3.0
1990-11-11,2.54851623,0.0,14.5,0.6
1990-11-12,2.123763525,0.0,12.6,0.8
1990-11-13,2.26534776,25.2,9.4,3.9
1990-11-14,2.690100465,0.5,9.9,2.9
1990-11-15,2.26534776,0.0,11.4,0.2
1990-11-16,1.98217929,0.0,9.9,-1.6
1990-11-17,1.840595055,15.5,6.5,-0.3
1990-11-18,1.98217929,0.3,11.5,5.7
1990-11-19,1.69901082,8.6,7.2,1.9
1990-11-20,1.840595055,33.8,4.0,0.4
1990-11-21,2.54851623,16.3,6.1,1.8
1990-11-22,4.53069552,13.7,9.5,5.0
1990-11-23,5.6633694,0.0,11.4,3.0
1990-11-24,5.097032459999999,28.7,13.7,4.0
1990-11-25,23.78615148,55.9,11.8,1.0
1990-11-26,11.60990727,4.1,5.3,0.6
1990-11-27,7.07921175,15.0,4.7,2.1
1990-11-28,5.097032459999999,0.0,6.1,-0.5
1990-11-29,4.81386399,25.9,4.8,-0.7
1990-11-30,5.097032459999999,1.5,4.7,0.1
1990-12-01,4.53069552,32.5,3.4,0.3
1990-12-02,3.96435858,2.8,3.8,-0.2
1990-12-03,3.39802164,0.3,5.4,-1.3
1990-12-04,3.96435858,15.0,7.2,-0.2
1990-12-05,4.53069552,0.0,6.7,-0.9
1990-12-06,3.68119011,0.0,4.2,-2.1
1990-12-07,3.11485317,0.0,2.9,-3.0
1990-12-08,3.11485317,0.0,8.5,0.4
1990-12-09,3.96435858,22.4,8.1,3.5
1990-12-10,10.47723339,22.4,7.9,3.2
1990-12-11,7.362380219999999,0.0,6.4,-1.1
1990-12-12,5.6633694,0.0,2.2,-2.9
1990-12-13,4.615646061,3.1,3.0,0.1
1990-12-14,4.020992274,0.0,3.5,-0.3
1990-12-15,3.454655334,2.0,4.8,-0.5
1990-12-16,3.001585782,0.3,3.9,0.0
1990-12-17,2.718417312,21.8,7.1,1.7
1990-12-18,4.134259662,27.2,7.0,-1.6
1990-12-19,3.624556416,1.3,-1.5,-13.4
1990-12-20,3.029902629,0.0,-9.7,-17.2
1990-12-21,2.520199383,0.0,-7.5,-17.3
1990-12-22,2.208714066,0.0,-4.8,-17.1
1990-12-23,2.038812984,0.0,-1.8,-13.1
1990-12-24,1.925545596,0.0,0.2,-10.6
1990-12-25,1.840595055,0.0,0.4,-7.8
1990-12-26,1.783961361,0.8,3.2,-0.2
1990-12-27,1.755644514,20.3,3.6,0.4
1990-12-28,1.727327667,11.7,1.0,-5.7
1990-12-29,1.585743432,0.0,-4.0,-13.1
1990-12-30,1.642377126,0.0,-1.4,-12.9
1990-12-31,1.41584235,0.0,2.6,-7.3
1991-01-01,1.3592086559999998,0.0,0.9,-7.7
1991-01-02,1.302574962,0.0,1.5,-8.2
1991-01-03,1.302574962,0.0,1.2,-6.2
1991-01-04,1.245941268,0.0,1.0,-8.2
1991-01-05,1.189307574,0.0,0.7,-7.8
1991-01-06,1.160990727,8.4,1.0,-3.5
1991-01-07,1.585743432,22.6,4.7,0.4
1991-01-08,1.755644514,0.3,4.4,-1.4
1991-01-09,1.670693973,13.5,1.4,-1.8
1991-01-10,3.228120558,37.3,3.7,0.9
1991-01-11,6.626142198,36.6,3.7,0.2
1991-01-12,19.227139113,32.3,11.6,3.3
1991-01-13,21.492486873,21.3,9.5,4.2
1991-01-14,18.915653796,38.9,10.0,3.9
1991-01-15,21.917239578,15.0,8.5,1.5
1991-01-16,14.922978369,0.0,6.9,-0.8
1991-01-17,10.080797532,0.0,9.9,-0.1
1991-01-18,7.900400313,0.0,9.1,-0.7
1991-01-19,6.116438952,0.0,7.5,-1.6
1991-01-20,5.068715613,0.0,9.3,-3.3
1991-01-21,4.219210203,0.0,4.6,-4.3
1991-01-22,3.596239569,0.0,4.9,-4.1
1991-01-23,3.143170017,0.0,5.9,-4.3
1991-01-24,2.8316847,0.0,6.8,-3.2
1991-01-25,2.520199383,0.0,5.2,-4.9
1991-01-26,2.350298301,0.0,4.6,-6.2
1991-01-27,2.152080372,0.0,4.6,-6.6
1991-01-28,2.010496137,0.0,6.6,-5.4
1991-01-29,1.840595055,0.0,4.0,-7.5
1991-01-30,1.755644514,0.0,4.5,-7.3
1991-01-31,1.69901082,5.8,6.6,-2.7
1991-02-01,1.642377126,0.0,7.8,0.1
1991-02-02,1.840595055,20.1,8.4,3.5
1991-02-03,2.406931995,8.6,7.3,3.8
1991-02-04,4.24752705,34.3,8.5,3.8
1991-02-05,9.62772798,8.1,11.9,0.6
1991-02-06,6.51287481,0.0,11.4,-0.6
1991-02-07,4.81386399,0.0,11.8,-1.0
1991-02-08,3.96435858,0.0,12.1,-0.4
1991-02-09,3.39802164,0.0,12.7,-0.9
1991-02-10,3.11485317,0.0,13.7,-0.5
1991-02-11,2.8316847,3.1,14.6,1.6
1991-02-12,3.39802164,56.9,7.9,5.5
1991-02-13,9.34455951,29.0,12.5,6.4
1991-02-14,8.495054099999999,0.0,16.1,4.8
1991-02-15,6.79604328,2.0,14.0,5.4
1991-02-16,5.38020093,10.2,9.3,4.6
1991-02-17,4.81386399,6.6,8.2,4.5
1991-02-18,4.53069552,22.4,7.9,4.1
1991-02-19,6.79604328,2.3,10.9,6.6
1991-02-20,6.22970634,2.8,10.3,6.7
1991-02-21,5.38020093,0.0,13.7,3.7
1991-02-22,4.81386399,0.0,15.3,2.8
1991-02-23,4.24752705,0.0,14.3,-1.0
1991-02-24,3.39802164,0.0,15.8,-1.8
1991-02-25,3.11485317,0.0,19.1,-0.8
1991-02-26,2.8316847,0.0,18.3,-0.8
1991-02-27,2.54851623,0.0,19.0,-0.9
1991-02-28,2.406931995,1.5,14.7,-0.6
1991-03-01,2.520199383,21.6,11.1,6.7
1991-03-02,5.097032459999999,16.8,7.6,3.3
1991-03-03,13.02574962,37.9,10.2,3.3
1991-03-04,20.10496137,31.0,7.8,0.1
1991-03-05,13.59208656,4.6,5.2,-0.2
1991-03-06,8.21188563,13.5,6.7,0.3
1991-03-07,6.22970634,0.0,8.1,0.1
1991-03-08,5.040398766,0.0,13.5,0.3
1991-03-09,4.474061826,6.9,12.6,-0.8
1991-03-10,4.020992274,4.8,4.6,0.2
1991-03-11,3.68119011,15.0,4.8,-0.3
1991-03-12,4.134259662,18.0,8.7,0.6
1991-03-13,4.445744979,1.0,10.7,0.0
1991-03-14,3.992675427,1.8,5.5,0.3
1991-03-15,3.511289028,0.0,10.2,-1.0
1991-03-16,3.171486864,0.0,12.9,-1.9
1991-03-17,2.944952088,0.0,18.7,-1.6
1991-03-18,2.973268935,7.1,10.4,2.3
1991-03-19,2.944952088,0.0,9.6,-0.2
1991-03-20,2.775051006,2.5,13.1,-2.2
1991-03-21,2.633466771,1.8,9.1,2.1
1991-03-22,2.54851623,11.7,9.7,1.0
1991-03-23,2.690100465,9.4,11.7,0.7
1991-03-24,2.944952088,4.3,12.4,-0.1
1991-03-25,2.860001547,4.1,8.3,-0.7
1991-03-26,2.661783618,0.0,15.4,-1.5
1991-03-27,2.463565689,0.0,15.7,-1.7
1991-03-28,2.293664607,0.3,9.7,1.3
1991-03-29,2.152080372,0.5,17.0,-1.1
1991-03-30,2.123763525,0.0,24.5,-0.9
1991-03-31,2.491882536,6.6,21.5,1.6
1991-04-01,2.888318394,4.8,13.1,6.8
1991-04-02,3.284754252,6.9,11.0,5.0
1991-04-03,3.256437405,6.4,9.0,4.2
1991-04-04,3.369704793,1.5,16.2,6.3
1991-04-05,5.097032459999999,32.5,8.9,4.3
1991-04-06,5.436834623999999,19.1,8.2,0.4
1991-04-07,5.125349307,12.5,7.6,0.5
1991-04-08,5.210299848,37.9,8.3,1.4
1991-04-09,11.213471412,15.2,8.7,0.3
1991-04-10,8.410103559,13.0,4.7,0.1
1991-04-11,6.541191657,0.3,12.2,-0.1
1991-04-12,5.550102012,0.0,21.0,-1.2
1991-04-13,5.012081919,0.0,18.6,-0.7
1991-04-14,4.81386399,12.2,10.9,5.0
1991-04-15,4.615646061,3.1,13.6,3.7
1991-04-16,4.304160744,2.5,10.8,3.9
1991-04-17,3.992675427,0.3,15.9,4.9
1991-04-18,3.766140651,2.3,16.6,4.6
1991-04-19,3.596239569,0.0,19.9,0.8
1991-04-20,3.879408039,14.5,19.7,6.7
1991-04-21,4.105942815,0.0,16.9,8.3
1991-04-22,3.936041733,0.0,22.2,4.4
1991-04-23,3.737823804,6.6,14.0,3.3
1991-04-24,3.936041733,24.9,8.1,2.0
1991-04-25,3.822774345,5.1,9.2,1.5
1991-04-26,3.766140651,16.8,8.9,2.0
1991-04-27,3.879408039,2.3,13.3,0.5
1991-04-28,3.709506957,1.0,11.1,0.1
1991-04-29,3.426338487,0.0,18.4,-0.9
1991-04-30,3.341387946,0.0,21.9,1.1
1991-05-01,3.39802164,0.0,20.8,4.6
1991-05-02,3.426338487,1.8,20.3,3.8
1991-05-03,3.228120558,0.0,21.3,2.7
1991-05-04,3.058219476,0.0,23.7,-0.3
1991-05-05,2.944952088,0.0,21.3,7.2
1991-05-06,3.029902629,7.6,16.4,8.4
1991-05-07,3.822774345,45.7,12.6,7.3
1991-05-08,7.503964455,22.9,8.1,3.4
1991-05-09,6.144755799,4.1,10.9,2.8
1991-05-10,5.266933541999999,0.3,11.0,5.0
1991-05-11,4.643962908,0.0,12.6,6.9
1991-05-12,4.190893356,0.3,15.0,8.5
1991-05-13,4.049309121,6.4,13.4,7.6
1991-05-14,3.709506957,0.0,18.0,3.2
1991-05-15,3.369704793,2.5,19.9,1.2
1991-05-16,3.766140651,43.7,20.5,8.2
1991-05-17,6.909310668,21.3,8.2,3.6
1991-05-18,7.022578056,7.1,11.3,3.8
1991-05-19,6.597825351,1.3,11.2,6.9
1991-05-20,5.94653787,0.3,20.9,8.1
1991-05-21,5.38020093,0.0,21.5,6.0
1991-05-22,4.700596602,0.0,21.2,4.3
1991-05-23,4.077625968,0.0,23.3,2.8
1991-05-24,3.596239569,0.0,15.9,5.1
1991-05-25,3.171486864,0.0,17.5,2.5
1991-05-26,2.860001547,0.0,20.1,2.7
1991-05-27,2.605149924,0.0,15.6,6.0
1991-05-28,2.435248842,2.3,16.4,6.0
1991-05-29,2.520199383,22.6,11.0,4.4
1991-05-30,2.860001547,4.6,15.7,4.8
1991-05-31,2.491882536,0.0,22.5,3.5
1991-06-01,2.26534776,0.0,26.0,4.9
1991-06-02,2.152080372,0.0,24.1,6.7
1991-06-03,1.98217929,0.0,20.0,2.8
1991-06-04,1.812278208,0.0,19.9,-0.1
1991-06-05,1.727327667,0.0,17.4,1.7
1991-06-06,1.614060279,0.0,23.5,7.4
1991-06-07,1.529109738,0.0,22.6,6.3
1991-06-08,1.472476044,0.0,25.3,9.9
1991-06-09,1.41584235,0.0,32.0,7.5
1991-06-10,1.387525503,0.0,29.6,10.4
1991-06-11,1.330891809,0.0,20.4,9.6
1991-06-12,1.274258115,0.3,16.7,7.3
1991-06-13,1.245941268,1.3,15.1,6.3
1991-06-14,1.217624421,0.0,22.8,6.3
1991-06-15,1.160990727,0.0,19.5,3.9
1991-06-16,1.13267388,5.3,17.1,3.9
1991-06-17,1.076040186,0.0,25.8,1.2
1991-06-18,1.047723339,0.8,25.7,8.9
1991-06-19,1.076040186,13.7,13.5,8.8
1991-06-20,1.41584235,7.6,11.0,7.5
1991-06-21,1.274258115,0.0,17.4,8.7
1991-06-22,1.13267388,0.0,22.2,8.7
1991-06-23,1.076040186,0.0,23.9,8.0
1991-06-24,1.019406492,0.0,20.6,10.8
1991-06-25,0.991089645,0.0,19.4,11.5
1991-06-26,0.934455951,0.0,22.2,10.4
1991-06-27,0.934455951,12.5,23.2,8.0
1991-06-28,1.189307574,10.7,18.3,12.1
1991-06-29,1.019406492,0.0,20.5,11.2
1991-06-30,0.934455951,0.0,21.5,10.4
1991-07-01,0.8778222569999999,0.0,32.2,8.5
1991-07-02,0.84950541,0.0,38.0,12.0
1991-07-03,0.792871716,0.0,34.7,14.8
1991-07-04,0.764554869,0.0,30.9,11.2
1991-07-05,0.736238022,0.0,30.4,7.7
1991-07-06,0.707921175,0.0,29.6,6.4
1991-07-07,0.6796043279999999,0.0,33.9,8.2
1991-07-08,0.651287481,0.0,30.8,9.1
1991-07-09,0.651287481,0.0,26.0,9.0
1991-07-10,0.622970634,0.0,28.1,7.3
1991-07-11,0.622970634,0.0,31.8,7.2
1991-07-12,0.5946537869999999,0.0,33.0,10.3
1991-07-13,0.5946537869999999,0.0,22.7,11.7
1991-07-14,0.5946537869999999,0.0,26.6,10.9
1991-07-15,0.5946537869999999,1.3,21.8,11.3
1991-07-16,0.622970634,9.1,20.6,13.5
1991-07-17,0.651287481,3.1,24.1,9.7
1991-07-18,0.5946537869999999,0.0,27.2,6.8
1991-07-19,0.56633694,0.0,26.6,7.6
1991-07-20,0.56633694,0.0,28.5,7.6
1991-07-21,0.538020093,0.0,29.7,7.4
1991-07-22,0.538020093,0.0,38.0,10.3
1991-07-23,0.56633694,19.6,37.4,13.2
1991-07-24,0.651287481,0.0,27.1,15.3
1991-07-25,0.538020093,0.0,25.3,11.0
1991-07-26,0.5097032459999999,0.0,29.7,8.4
1991-07-27,0.5097032459999999,0.0,32.7,9.2
1991-07-28,0.5097032459999999,0.0,33.2,10.9
1991-07-29,0.4813863989999999,0.0,32.3,10.6
1991-07-30,0.4813863989999999,0.0,33.7,10.5
1991-07-31,0.4813863989999999,0.0,34.1,10.5
1991-08-01,0.4813863989999999,0.0,28.7,8.0
1991-08-02,0.453069552,0.0,30.7,9.6
1991-08-03,0.424752705,0.0,31.0,10.8
1991-08-04,0.424752705,0.0,28.3,13.7
1991-08-05,0.424752705,0.0,27.8,11.8
1991-08-06,0.424752705,0.0,29.6,12.5
1991-08-07,0.424752705,0.0,29.3,12.1
1991-08-08,0.424752705,0.0,35.0,12.4
1991-08-09,0.5097032459999999,9.4,19.9,12.4
1991-08-10,0.5097032459999999,0.0,25.3,9.1
1991-08-11,0.453069552,0.0,28.8,6.2
1991-08-12,0.424752705,0.0,30.8,8.3
1991-08-13,0.396435858,0.0,30.9,8.0
1991-08-14,0.396435858,0.0,33.2,8.6
1991-08-15,0.396435858,0.0,32.1,11.2
1991-08-16,0.396435858,0.0,32.0,12.5
1991-08-17,0.396435858,0.5,33.4,12.9
1991-08-18,0.56633694,0.0,31.5,11.7
1991-08-19,0.424752705,0.0,34.3,13.7
1991-08-20,0.396435858,0.0,35.0,14.7
1991-08-21,0.396435858,0.0,34.3,11.3
1991-08-22,0.368119011,0.0,32.0,11.0
1991-08-23,0.368119011,0.0,27.0,10.9
1991-08-24,0.368119011,0.0,26.0,8.6
1991-08-25,0.368119011,0.0,24.5,5.7
1991-08-26,0.368119011,0.0,27.5,5.5
1991-08-27,0.368119011,5.8,22.2,5.4
1991-08-28,0.4813863989999999,5.1,18.7,13.6
1991-08-29,0.424752705,0.5,30.1,12.9
1991-08-30,0.396435858,0.0,30.8,10.0
1991-08-31,0.368119011,0.0,24.0,10.4
1991-09-01,0.368119011,0.3,23.8,8.9
1991-09-02,0.368119011,0.0,29.4,6.4
1991-09-03,0.368119011,0.0,35.6,8.7
1991-09-04,0.3398021639999999,0.0,36.9,9.3
1991-09-05,0.3398021639999999,0.0,33.7,9.2
1991-09-06,0.3398021639999999,0.0,32.0,10.2
1991-09-07,0.3398021639999999,0.0,31.175,8.825
1991-09-08,0.3398021639999999,0.0,30.35,7.449999999999999
1991-09-09,0.3398021639999999,0.0,29.525,6.075
1991-09-10,0.3398021639999999,0.0,28.7,4.7
1991-09-11,0.3398021639999999,0.0,28.2,5.5
1991-09-12,0.3398021639999999,0.0,29.9,6.5
1991-09-13,0.3398021639999999,0.0,23.5,7.1
1991-09-14,0.311485317,0.0,27.0,4.0
1991-09-15,0.311485317,0.0,32.3,4.2
1991-09-16,0.311485317,0.0,34.8,5.4
1991-09-17,0.311485317,0.0,36.3,8.0
1991-09-18,0.311485317,0.0,35.1,8.7
1991-09-19,0.311485317,0.0,32.9,8.2
1991-09-20,0.311485317,0.0,24.5,3.8
1991-09-21,0.28316847,0.0,27.0,0.0
1991-09-22,0.28316847,0.0,30.3,1.6
1991-09-23,0.28316847,0.0,31.7,5.1
1991-09-24,0.28316847,0.0,36.1,6.7
1991-09-25,0.28316847,0.0,35.3,7.5
1991-09-26,0.2803367853,0.0,30.9,7.7
1991-09-27,0.2803367853,0.0,29.0,8.5
1991-09-28,0.2775051006,0.0,26.7,7.2
1991-09-29,0.2746734159,0.0,31.3,6.6
1991-09-30,0.2718417312,0.0,33.5,7.0
1991-10-01,0.2690100465,0.0,31.0,7.0
1991-10-02,0.2661783618,0.0,26.8,4.8
1991-10-03,0.2661783618,0.0,29.3,3.3
1991-10-04,0.2633466771,0.0,30.7,2.8
1991-10-05,0.2605149924,0.0,30.4,3.3
1991-10-06,0.2520199383,0.0,23.7,5.8
1991-10-07,0.2491882536,0.0,24.5,5.2
1991-10-08,0.2520199383,0.0,27.5,3.6
1991-10-09,0.2491882536,0.0,28.8,4.8
1991-10-10,0.2463565688999999,0.0,30.4,5.0
1991-10-11,0.2435248841999999,0.0,29.8,4.7
1991-10-12,0.2435248841999999,0.0,27.9,4.9
1991-10-13,0.2406931994999999,0.0,27.2,4.6
1991-10-14,0.2378615148,0.0,28.4,3.8
1991-10-15,0.2378615148,0.0,30.4,4.2
1991-10-16,0.2378615148,2.5,16.3,6.0
1991-10-17,0.2605149924,0.0,15.8,1.7
1991-10-18,0.2548516229999999,0.0,19.9,1.9
1991-10-19,0.2491882536,0.0,21.1,1.5
1991-10-20,0.2491882536,0.0,24.0,3.2
1991-10-21,0.2520199383,1.5,13.7,1.5
1991-10-22,0.28316847,24.1,7.9,1.8
1991-10-23,0.453069552,16.3,7.1,1.9
1991-10-24,0.5946537869999999,28.7,6.3,4.0
1991-10-25,1.13267388,50.0,6.4,4.9
1991-10-26,1.783961361,19.8,7.2,3.6
1991-10-27,0.906139104,3.6,6.1,1.5
1991-10-28,0.622970634,16.8,5.1,1.6
1991-10-29,0.84950541,2.3,6.6,-3.2
1991-10-30,0.622970634,0.0,5.9,-5.0
1991-10-31,0.538020093,0.0,12.1,-2.8
1991-11-01,0.4813863989999999,0.0,15.3,-0.2
1991-11-02,0.453069552,0.3,13.8,2.1
1991-11-03,0.424752705,0.0,14.8,3.0
1991-11-04,0.424752705,13.7,12.2,7.1
1991-11-05,2.095446678,49.5,14.4,9.4
1991-11-06,2.605149924,11.4,13.0,10.8
1991-11-07,1.925545596,1.0,18.0,9.8
1991-11-08,1.387525503,0.5,14.3,9.5
1991-11-09,1.104357033,0.0,13.9,6.2
1991-11-10,0.906139104,0.0,13.6,3.6
1991-11-11,0.764554869,13.0,15.4,6.1
1991-11-12,2.775051006,38.6,13.1,9.5
1991-11-13,3.539605875,24.1,9.6,3.6
1991-11-14,3.199803711,1.3,8.7,2.0
1991-11-15,2.180397219,0.0,8.7,-0.5
1991-11-16,1.783961361,17.5,9.4,-0.7
1991-11-17,3.426338487,32.3,7.6,2.7
1991-11-18,5.153666154,26.9,7.0,2.0
1991-11-19,4.389111285,24.4,8.1,4.2
1991-11-20,10.279015461,22.6,8.3,4.3
1991-11-21,8.410103559,10.2,7.6,1.8
1991-11-22,5.606735706,0.0,5.9,-0.9
1991-11-23,4.105942815,2.5,8.2,-0.7
1991-11-24,4.332477591,39.6,8.7,5.5
1991-11-25,17.301593517,39.6,11.7,6.9
1991-11-26,20.784565698,66.0,9.6,3.7
1991-11-27,19.680208665,5.3,6.8,2.6
1991-11-28,11.071887177,7.9,5.1,2.4
1991-11-29,7.475647608,3.1,4.6,-0.8
1991-11-30,5.436834623999999,0.0,3.3,-1.3
1991-12-01,4.360794438,14.5,6.3,0.8
1991-12-02,4.332477591,0.0,7.9,3.9
1991-12-03,3.737823804,0.0,8.4,-0.1
1991-12-04,3.369704793,5.6,7.1,-0.4
1991-12-05,3.96435858,40.4,8.7,4.8
1991-12-06,20.586347769,63.8,8.9,4.2
1991-12-07,18.094465233,10.7,7.3,3.1
1991-12-08,11.015253483,0.3,8.1,3.7
1991-12-09,7.843766619,1.3,4.7,-0.2
1991-12-10,6.031488411,0.0,5.1,-1.1
1991-12-11,4.898814531,7.4,4.3,-0.9
1991-12-12,6.173072646,23.9,8.3,2.4
1991-12-13,6.342973728,0.0,5.5,-0.7
1991-12-14,5.266933541999999,0.0,5.5,-1.5
1991-12-15,4.417428132,0.0,6.1,-1.2
1991-12-16,3.737823804,0.0,6.6,-1.7
1991-12-17,3.199803711,0.0,5.3,-0.2
1991-12-18,3.313071099,34.5,5.7,1.0
1991-12-19,3.11485317,0.3,5.1,-1.8
1991-12-20,2.775051006,0.0,2.3,-2.9
1991-12-21,2.661783618,5.8,3.7,0.0
1991-12-22,2.633466771,0.0,6.9,0.6
1991-12-23,2.378615148,0.0,6.9,-0.6
1991-12-24,2.208714066,0.0,6.1,-0.9
1991-12-25,2.067129831,0.0,9.5,1.3
1991-12-26,1.953862443,0.0,7.8,2.5
1991-12-27,1.840595055,0.0,8.5,4.9
1991-12-28,1.755644514,3.3,8.0,3.2
1991-12-29,1.69901082,1.8,6.7,2.1
1991-12-30,1.585743432,0.3,7.6,-0.3
1991-12-31,1.500792891,0.0,4.2,-1.7
1992-01-01,1.41584235,1.3,2.0,-2.9
1992-01-02,2.520199383,27.2,9.4,1.6
1992-01-03,2.321981454,5.1,5.5,0.8
1992-01-04,2.520199383,12.5,5.4,2.9
1992-01-05,2.435248842,3.3,7.0,1.2
1992-01-06,2.26534776,0.8,5.8,1.2
1992-01-07,2.038812984,0.0,3.3,-2.0
1992-01-08,1.840595055,0.0,3.0,-2.9
1992-01-09,1.727327667,0.0,5.6,-1.3
1992-01-10,2.095446678,28.5,5.6,-0.6
1992-01-11,2.746734159,5.3,5.6,0.1
1992-01-12,2.520199383,0.0,3.6,-0.6
1992-01-13,2.293664607,0.5,5.9,0.0
1992-01-14,2.123763525,0.3,9.6,0.5
1992-01-15,2.038812984,0.0,10.4,0.1
1992-01-16,2.237030913,8.9,8.6,0.9
1992-01-17,2.208714066,0.0,6.6,-1.2
1992-01-18,2.038812984,0.0,4.9,-2.3
1992-01-19,1.897228749,0.0,3.6,-3.5
1992-01-20,1.755644514,0.0,2.8,-3.9
1992-01-21,1.670693973,2.5,6.9,0.9
1992-01-22,1.585743432,0.0,8.0,-0.4
1992-01-23,1.500792891,0.5,10.5,3.7
1992-01-24,1.500792891,3.3,10.7,2.6
1992-01-25,1.727327667,16.5,10.7,3.4
1992-01-26,1.670693973,0.8,7.9,1.1
1992-01-27,2.237030913,23.1,7.8,3.2
1992-01-28,3.539605875,9.4,12.4,5.4
1992-01-29,3.143170017,1.3,11.4,3.2
1992-01-30,2.690100465,0.0,10.4,4.2
1992-01-31,2.435248842,9.4,9.9,3.5
1992-02-01,2.350298301,6.6,8.1,2.4
1992-02-02,2.152080372,0.0,9.9,0.1
1992-02-03,1.953862443,0.0,9.5,-0.7
1992-02-04,1.783961361,0.0,9.7,-1.6
1992-02-05,1.670693973,0.0,9.5,-1.7
1992-02-06,1.585743432,0.0,7.2,-0.8
1992-02-07,1.500792891,0.0,10.7,-0.9
1992-02-08,1.41584235,1.0,8.8,-1.3
1992-02-09,1.3592086559999998,0.3,13.1,2.6
1992-02-10,1.302574962,0.0,13.1,3.5
1992-02-11,1.245941268,1.5,10.5,2.3
1992-02-12,1.189307574,0.0,13.8,2.2
1992-02-13,1.245941268,19.1,10.5,2.0
1992-02-14,1.245941268,5.3,8.3,-0.2
1992-02-15,1.217624421,0.0,9.2,0.0
1992-02-16,1.217624421,12.2,6.2,0.0
1992-02-17,1.3592086559999998,9.1,7.6,2.4
1992-02-18,1.812278208,22.6,7.9,3.8
1992-02-19,9.486143745,44.2,10.6,6.7
1992-02-20,11.04357033,20.3,9.0,5.0
1992-02-21,13.365551784,28.2,12.4,5.1
1992-02-22,16.055652248999998,30.5,10.8,6.8
1992-02-23,11.949709434,0.0,14.2,5.1
1992-02-24,8.155251935999999,0.0,18.7,6.2
1992-02-25,6.088122105,0.0,20.0,3.6
1992-02-26,4.81386399,0.0,19.9,3.0
1992-02-27,3.96435858,0.0,20.2,2.1
1992-02-28,3.39802164,0.0,18.0,2.5
1992-02-29,3.001585782,0.0,12.5,3.4
1992-03-01,2.690100465,0.0,17.4,4.8
1992-03-02,2.406931995,0.3,14.6,2.2
1992-03-03,2.180397219,0.3,16.9,2.7
1992-03-04,2.067129831,5.6,11.6,1.2
1992-03-05,1.98217929,4.8,13.3,6.0
1992-03-06,1.925545596,0.3,14.7,4.5
1992-03-07,1.755644514,0.0,16.0,1.5
1992-03-08,1.642377126,0.0,18.6,-0.8
1992-03-09,1.529109738,0.0,17.7,-1.8
1992-03-10,1.444159197,0.0,19.7,-1.1
1992-03-11,1.387525503,0.0,21.6,-0.45000000000000007
1992-03-12,1.330891809,0.0,23.0,0.2
1992-03-13,1.274258115,0.0,21.5,0.9
1992-03-14,1.217624421,3.3,21.6,4.2
1992-03-15,1.217624421,7.9,14.4,4.8
1992-03-16,1.217624421,5.8,12.4,5.9
1992-03-17,1.41584235,8.9,11.5,0.5
1992-03-18,1.302574962,0.0,16.2,-1.0
1992-03-19,1.189307574,0.0,19.7,-0.6
1992-03-20,1.13267388,0.0,21.6,-0.6
1992-03-21,1.076040186,0.0,23.9,0.0
1992-03-22,1.019406492,0.0,21.4,-0.3
1992-03-23,0.991089645,0.0,20.8,0.9
1992-03-24,0.962772798,0.0,22.3,-0.2
1992-03-25,0.934455951,0.0,20.0,3.2
1992-03-26,0.8778222569999999,0.0,15.2,4.0
1992-03-27,0.8778222569999999,0.3,14.3,1.8
1992-03-28,0.84950541,0.0,21.5,-0.3
1992-03-29,0.821188563,2.5,23.1,2.7
1992-03-30,0.821188563,0.0,16.6,6.5
1992-03-31,0.792871716,0.0,25.1,6.7
1992-04-01,0.764554869,0.0,29.0,3.4
1992-04-02,0.736238022,0.0,27.4,3.6
1992-04-03,0.707921175,2.3,15.8,3.6
1992-04-04,0.821188563,17.0,9.2,2.1
1992-04-05,0.962772798,21.3,6.3,0.9
1992-04-06,1.019406492,3.8,11.7,-0.9
1992-04-07,0.934455951,0.0,12.9,-1.5
1992-04-08,0.991089645,22.6,9.4,4.0
1992-04-09,9.854262756,81.0,10.9,7.3
1992-04-10,14.894661522,16.0,17.1,8.4
1992-04-11,8.183568783,8.4,17.6,8.1
1992-04-12,6.342973728,11.4,13.0,8.7
1992-04-13,5.408517777,6.6,16.9,7.5
1992-04-14,5.068715613,0.0,20.2,6.7
1992-04-15,4.24752705,0.5,19.9,4.5
1992-04-16,4.077625968,27.7,14.6,9.1
1992-04-17,7.390697067,30.5,10.5,6.8
1992-04-18,8.495054099999999,1.5,17.5,3.0
1992-04-19,6.427924269,0.0,24.4,0.3
1992-04-20,5.012081919,0.0,15.6,4.2
1992-04-21,4.105942815,4.1,14.7,2.8
1992-04-22,3.511289028,2.8,11.1,1.8
1992-04-23,3.058219476,0.0,20.6,-1.0
1992-04-24,2.718417312,0.0,25.7,2.7
1992-04-25,2.435248842,0.0,26.6,5.5
1992-04-26,2.180397219,0.0,22.4,6.4
1992-04-27,1.98217929,0.5,24.6,10.8
1992-04-28,1.840595055,0.0,27.5,12.0
1992-04-29,1.840595055,22.4,19.9,9.2
1992-04-30,2.718417312,9.1,14.3,1.9
1992-05-01,2.321981454,0.0,22.0,0.6
1992-05-02,2.038812984,0.0,29.8,3.3
1992-05-03,1.840595055,0.0,33.4,5.3
1992-05-04,1.69901082,0.0,34.2,6.9
1992-05-05,1.614060279,0.0,34.6,7.9
1992-05-06,1.500792891,0.0,34.3,8.8
1992-05-07,1.41584235,0.0,29.0,9.3
1992-05-08,1.330891809,0.3,19.8,6.4
1992-05-09,1.274258115,0.3,19.5,5.6
1992-05-10,1.245941268,1.5,18.4,8.3
1992-05-11,1.189307574,0.0,18.0,1.8
1992-05-12,1.13267388,0.0,20.0,-0.2
1992-05-13,1.076040186,0.0,26.1,6.7
1992-05-14,1.047723339,0.0,27.2,4.3
1992-05-15,0.991089645,0.0,25.0,6.2
1992-05-16,0.962772798,0.0,30.9,3.4
1992-05-17,0.906139104,0.5,28.9,8.5
1992-05-18,0.8778222569999999,4.8,24.0,9.7
1992-05-19,0.962772798,12.7,17.4,8.4
1992-05-20,1.047723339,0.0,17.4,1.9
1992-05-21,0.8778222569999999,0.0,22.5,-0.5
1992-05-22,0.821188563,0.0,28.5,3.3
1992-05-23,0.792871716,0.0,30.6,6.2
1992-05-24,0.764554869,0.0,34.3,8.6
1992-05-25,0.736238022,0.0,27.4,12.1
1992-05-26,0.707921175,0.0,23.8,7.7
1992-05-27,0.6796043279999999,0.0,25.2,5.1
1992-05-28,0.651287481,0.0,24.5,6.3
1992-05-29,0.651287481,0.0,26.4,6.9
1992-05-30,0.622970634,0.0,29.1,9.4
1992-05-31,0.5946537869999999,0.0,33.9,8.6
1992-06-01,0.5946537869999999,0.0,28.0,10.6
1992-06-02,0.56633694,0.0,27.0,9.7
1992-06-03,0.56633694,0.0,29.6,6.8
1992-06-04,0.538020093,0.0,27.1,5.7
1992-06-05,0.5097032459999999,0.0,26.6,4.9
1992-06-06,0.5097032459999999,0.0,28.9,6.6
1992-06-07,0.5097032459999999,0.0,25.9,7.6
1992-06-08,0.4813863989999999,0.0,28.1,4.8
1992-06-09,0.4813863989999999,0.0,22.8,9.9
1992-06-10,0.4813863989999999,0.0,21.9,12.3
1992-06-11,0.4813863989999999,0.0,14.4,10.2
1992-06-12,0.5097032459999999,14.0,15.8,8.4
1992-06-13,0.6796043279999999,8.1,16.4,8.3
1992-06-14,0.622970634,5.1,18.2,8.5
1992-06-15,0.56633694,3.3,14.5,9.4
1992-06-16,0.56633694,0.8,17.0,10.8
1992-06-17,0.5097032459999999,0.0,24.6,10.3
1992-06-18,0.4813863989999999,0.0,28.0,7.6
1992-06-19,0.453069552,0.0,28.3,9.8
1992-06-20,0.453069552,0.0,30.2,8.6
1992-06-21,0.424752705,0.0,37.3,11.3
1992-06-22,0.424752705,0.0,41.0,11.6
1992-06-23,0.396435858,0.0,35.4,14.0
1992-06-24,0.396435858,0.0,33.6,13.4
1992-06-25,0.396435858,0.0,28.5,14.1
1992-06-26,0.368119011,0.0,31.7,11.8
1992-06-27,0.368119011,0.0,30.4,11.9
1992-06-28,0.368119011,8.4,19.6,12.4
1992-06-29,0.4813863989999999,4.8,21.0,10.8
1992-06-30,0.4813863989999999,8.6,17.4,12.5
1992-07-01,0.4813863989999999,0.0,24.2,9.9
1992-07-02,0.396435858,0.0,25.7,7.2
1992-07-03,0.396435858,0.3,29.4,9.1
1992-07-04,0.424752705,8.9,22.2,13.3
1992-07-05,0.4813863989999999,8.4,19.0,12.2
1992-07-06,0.4813863989999999,1.8,20.1,9.1
1992-07-07,0.424752705,0.0,25.6,6.9
1992-07-08,0.396435858,0.0,23.1,7.2
1992-07-09,0.368119011,0.0,26.8,6.7
1992-07-10,0.368119011,0.0,27.5,8.8
1992-07-11,0.368119011,0.0,26.6,9.3
1992-07-12,0.3398021639999999,0.0,29.9,9.6
1992-07-13,0.3398021639999999,0.0,27.8,10.9
1992-07-14,0.3398021639999999,0.0,27.8,9.1
1992-07-15,0.3398021639999999,0.0,31.7,8.3
1992-07-16,0.311485317,0.0,37.8,9.9
1992-07-17,0.311485317,0.0,35.0,11.8
1992-07-18,0.311485317,0.0,32.8,14.5
1992-07-19,0.311485317,0.0,34.1,11.3
1992-07-20,0.311485317,0.0,25.6,14.3
1992-07-21,0.311485317,0.0,24.0,14.9
1992-07-22,0.311485317,3.6,16.7,11.7
1992-07-23,0.3398021639999999,0.8,19.7,8.6
1992-07-24,0.311485317,0.0,28.5,5.7
1992-07-25,0.311485317,0.0,34.1,9.0
1992-07-26,0.28316847,0.0,33.3,10.7
1992-07-27,0.28316847,0.0,34.5,10.3
1992-07-28,0.2775051006,0.0,34.0,9.0
1992-07-29,0.2690100465,0.0,35.4,8.9
1992-07-30,0.2633466771,0.0,39.2,10.4
1992-07-31,0.2605149924,0.0,33.5,12.4
1992-08-01,0.2576833077,0.0,31.2,10.7
1992-08-02,0.2576833077,0.0,33.4,9.8
1992-08-03,0.2520199383,0.0,31.7,8.9
1992-08-04,0.2520199383,0.0,25.1,9.3
1992-08-05,0.2520199383,0.0,30.4,7.4
1992-08-06,0.2520199383,0.3,25.9,8.5
1992-08-07,0.2576833077,0.5,19.9,10.6
1992-08-08,0.2633466771,0.0,26.2,8.2
1992-08-09,0.2491882536,0.0,32.8,5.6
1992-08-10,0.2463565688999999,0.0,40.2,8.5
1992-08-11,0.2406931994999999,0.0,42.1,11.3
1992-08-12,0.2406931994999999,0.0,31.7,16.0
1992-08-13,0.2406931994999999,0.0,39.0,13.0
1992-08-14,0.2350298301,0.0,36.9,14.4
1992-08-15,0.2321981453999999,0.0,33.1,13.3
1992-08-16,0.2293664607,0.0,34.4,11.6
1992-08-17,0.2293664607,0.0,37.5,12.4
1992-08-18,0.226534776,0.0,35.6,13.0
1992-08-19,0.226534776,0.0,33.0,12.2
1992-08-20,0.226534776,0.0,32.5,9.1
1992-08-21,0.2237030913,0.0,19.6,6.3
1992-08-22,0.2293664607,0.3,15.7,10.3
1992-08-23,0.2321981453999999,0.0,27.0,7.3
1992-08-24,0.2208714066,0.0,30.7,3.0
1992-08-25,0.2152080371999999,0.0,33.8,3.9
1992-08-26,0.2123763525,0.0,35.2,4.7
1992-08-27,0.2095446678,0.0,33.5,6.3
1992-08-28,0.2095446678,0.0,31.6,8.2
1992-08-29,0.2095446678,0.0,31.5,4.8
1992-08-30,0.2095446678,0.0,31.1,5.4
1992-08-31,0.2095446678,0.0,26.2,8.9
1992-09-01,0.2095446678,0.0,30.1,9.2
1992-09-02,0.2095446678,0.0,33.6,7.9
1992-09-03,0.2067129831,0.0,28.6,9.1
1992-09-04,0.2491882536,14.0,17.7,12.0
1992-09-05,0.28316847,0.0,20.2,7.7
1992-09-06,0.2321981453999999,0.0,21.8,4.7
1992-09-07,0.2237030913,0.0,24.4,1.8
1992-09-08,0.2208714066,0.5,19.3,6.0
1992-09-09,0.2237030913,0.0,33.1,5.9
1992-09-10,0.2152080371999999,0.0,33.1,7.7
1992-09-11,0.2067129831,0.0,27.9,8.3
1992-09-12,0.2010496137,0.3,18.6,6.6
1992-09-13,0.2010496137,0.0,21.6,2.8
1992-09-14,0.2010496137,0.0,21.1,0.8
1992-09-15,0.2010496137,1.3,19.1,6.2
1992-09-16,0.2038812984,0.0,27.6,3.8
1992-09-17,0.1953862443,0.0,27.6,6.2
1992-09-18,0.1953862443,0.0,30.2,4.9
1992-09-19,0.1897228749,0.3,25.9,8.2
1992-09-20,0.1897228749,0.0,29.9,6.1
1992-09-21,0.1897228749,0.0,34.6,9.0
1992-09-22,0.1897228749,0.0,34.4,9.2
1992-09-23,0.1868911901999999,8.9,25.4,9.5
1992-09-24,0.56633694,51.8,13.8,8.9
1992-09-25,0.538020093,2.0,17.9,7.6
1992-09-26,0.28316847,0.0,23.6,6.0
1992-09-27,0.2463565688999999,0.0,25.8,6.3
1992-09-28,0.2321981453999999,0.0,26.7,4.8
1992-09-29,0.2237030913,0.0,26.9,6.3
1992-09-30,0.2180397219,0.0,28.4,7.3
1992-10-01,0.2180397219,0.5,17.8,8.8
1992-10-02,0.2237030913,3.6,11.8,8.9
1992-10-03,0.2746734159,1.8,15.6,9.1
1992-10-04,0.2576833077,0.0,20.1,7.0
1992-10-05,0.2321981453999999,0.0,21.7,2.2
1992-10-06,0.2237030913,0.0,22.5,2.3
1992-10-07,0.2180397219,0.0,21.7,1.2
1992-10-08,0.2095446678,0.0,20.3,2.5
1992-10-09,0.2067129831,0.0,22.7,6.9
1992-10-10,0.2067129831,0.0,25.2,4.6
1992-10-11,0.2010496137,0.0,24.3,4.5
1992-10-12,0.2010496137,0.0,23.8,3.3
1992-10-13,0.1953862443,0.3,19.3,1.5
1992-10-14,0.1953862443,0.3,17.0,-1.6
1992-10-15,0.1953862443,0.0,15.5,-2.3
1992-10-16,0.1953862443,1.8,13.9,1.4
1992-10-17,0.198217929,0.0,18.6,7.8
1992-10-18,0.1953862443,0.0,19.9,6.8
1992-10-19,0.1897228749,0.0,22.9,6.7
1992-10-20,0.1925545595999999,8.6,13.9,4.7
1992-10-21,0.28316847,7.9,14.9,9.9
1992-10-22,0.2463565688999999,0.0,17.6,7.2
1992-10-23,0.2095446678,0.0,19.6,4.9
1992-10-24,0.1953862443,0.3,19.6,4.1
1992-10-25,0.1897228749,0.0,21.1,4.3
1992-10-26,0.1897228749,7.4,19.4,3.2
1992-10-27,0.1840595055,0.0,18.6,1.5
1992-10-28,0.1953862443,4.3,13.7,6.2
1992-10-29,0.3398021639999999,24.6,9.5,7.4
1992-10-30,1.3592086559999998,49.0,8.9,5.0
1992-10-31,3.284754252,65.8,9.5,5.1
1992-11-01,5.635052553,43.7,12.2,8.6
1992-11-02,5.210299848,2.3,13.1,3.3
1992-11-03,2.095446678,0.0,12.6,0.2
1992-11-04,1.387525503,7.1,10.5,6.0
1992-11-05,1.076040186,0.0,13.3,4.7
1992-11-06,0.84950541,4.8,15.2,4.9
1992-11-07,1.3592086559999998,25.7,12.1,6.3
1992-11-08,2.208714066,25.7,8.9,3.4
1992-11-09,2.406931995,5.3,6.6,1.5
1992-11-10,1.727327667,0.0,7.0,-1.2
1992-11-11,1.41584235,18.8,7.3,-1.7
1992-11-12,2.775051006,5.3,14.6,5.8
1992-11-13,2.491882536,0.0,13.5,1.0
1992-11-14,1.953862443,0.0,12.6,0.9
1992-11-15,1.557426585,0.0,11.6,0.4
1992-11-16,1.330891809,2.5,10.1,1.0
1992-11-17,1.500792891,24.6,9.2,5.9
1992-11-18,2.378615148,2.3,9.2,4.5
1992-11-19,2.916635241,25.9,5.4,1.8
1992-11-20,2.661783618,2.0,6.0,1.4
1992-11-21,12.770897997,95.0,10.1,1.8
1992-11-22,17.018425047,24.1,6.0,2.6
1992-11-23,9.033074193,0.0,5.7,-1.7
1992-11-24,5.889904176,0.0,3.3,-3.5
1992-11-25,4.219210203,0.0,6.4,-0.9
1992-11-26,3.256437405,1.3,5.6,-1.6
1992-11-27,4.785547143,30.7,9.0,4.6
1992-11-28,6.059805258,1.3,5.9,-1.0
1992-11-29,4.757230296,0.0,3.8,-2.7
1992-11-30,4.955448225,29.0,5.2,2.0
1992-12-01,6.767726433,41.2,7.3,4.6
1992-12-02,12.232877904,14.2,5.8,-1.7
1992-12-03,8.183568783,0.0,2.0,-4.5
1992-12-04,5.974854717,0.0,2.1,-5.6
1992-12-05,4.728913449,1.5,1.2,-7.2
1992-12-06,3.709506957,5.1,3.6,-0.1
1992-12-07,3.11485317,7.6,2.4,-0.1
1992-12-08,4.53069552,64.5,1.3,-0.1
1992-12-09,5.804953635,16.3,3.9,0.2
1992-12-10,8.296836170999999,18.3,8.7,0.1
1992-12-11,7.419013914,7.1,4.2,-0.5
1992-12-12,5.493468318,0.8,5.2,0.2
1992-12-13,4.304160744,0.0,5.5,-0.5
1992-12-14,3.992675427,10.9,7.0,2.1
1992-12-15,3.851091192,1.3,4.5,0.2
1992-12-16,3.511289028,20.1,2.2,-0.5
1992-12-17,3.313071099,19.3,1.1,0.2
1992-12-18,2.860001547,0.3,3.0,-0.6
1992-12-19,2.633466771,21.6,0.9,-0.8
1992-12-20,5.408517777,21.6,3.1,0.3
1992-12-21,5.776636788,32.8,3.5,0.2
1992-12-22,5.748319941,13.0,4.6,1.4
1992-12-23,5.210299848,0.0,5.1,-0.7
1992-12-24,4.445744979,0.0,5.9,-1.0
1992-12-25,3.794457498,0.0,2.5,-2.4
1992-12-26,3.96435858,19.3,4.4,0.3
1992-12-27,4.219210203,27.4,1.7,0.2
1992-12-28,4.304160744,8.9,4.0,0.0
1992-12-29,4.134259662,4.3,2.6,-0.5
1992-12-30,3.596239569,23.4,0.5,-0.7
1992-12-31,3.199803711,18.3,1.6,0.2
1993-01-01,2.803367853,1.0,1.4,-2.2
1993-01-02,2.435248842,2.3,0.3,-2.9
1993-01-03,2.237030913,20.1,2.0,-1.0
1993-01-04,2.180397219,24.9,1.8,0.1
1993-01-05,1.925545596,2.8,0.9,-5.7
1993-01-06,1.755644514,0.0,0.3,-8.5
1993-01-07,1.670693973,11.4,-0.3,-6.2
1993-01-08,1.585743432,2.5,1.4,-4.2
1993-01-09,1.472476044,0.0,-1.2,-10.4
1993-01-10,1.41584235,0.0,-0.9,-12.3
1993-01-11,1.3592086559999998,3.3,0.6,-3.7
1993-01-12,1.274258115,0.5,1.8,-7.0
1993-01-13,1.245941268,1.8,0.9,-7.1
1993-01-14,1.217624421,9.4,2.7,-0.3
1993-01-15,1.189307574,0.0,2.8,-0.7
1993-01-16,1.160990727,4.8,2.8,-1.0
1993-01-17,1.13267388,0.0,2.8,-3.9
1993-01-18,1.076040186,0.0,1.6,-5.5
1993-01-19,2.010496137,39.4,0.6,-0.6
1993-01-20,8.098618242,30.7,5.3,0.1
1993-01-21,7.815449772,21.3,3.0,-0.1
1993-01-22,7.192479138,10.9,3.0,-0.5
1993-01-23,5.493468318,14.0,1.5,-2.1
1993-01-24,5.918221023,29.2,1.9,0.3
1993-01-25,9.34455951,1.3,6.9,0.3
1993-01-26,8.608321488,0.0,6.8,-1.3
1993-01-27,7.334063373,2.3,4.8,-2.6
1993-01-28,7.277429679,8.6,5.5,0.8
1993-01-29,6.937627515,0.0,6.9,-1.1
1993-01-30,6.031488411,0.0,5.4,-2.8
1993-01-31,5.323567236,0.0,5.0,-3.5
1993-02-01,4.672279755,0.0,5.7,-3.5
1993-02-02,4.275843897,0.0,6.1,-0.8
1993-02-03,4.190893356,0.0,6.0,-0.7
1993-02-04,4.275843897,0.0,7.2,-1.7
1993-02-05,5.181983001,9.4,5.6,-0.1
1993-02-06,5.94653787,0.0,9.5,-0.4
1993-02-07,5.94653787,0.0,8.6,-1.3
1993-02-08,5.691686247,1.0,4.7,0.0
1993-02-09,5.521785165,4.8,9.1,1.0
1993-02-10,5.38020093,0.3,7.3,0.0
1993-02-11,5.012081919,7.6,7.9,0.2
1993-02-12,4.870497684,4.1,8.1,1.7
1993-02-13,4.502378673,0.0,9.1,-0.9
1993-02-14,4.049309121,0.0,8.0,-2.9
1993-02-15,3.567922722,0.0,4.6,-5.0
1993-02-16,3.143170017,0.0,0.1,-8.7
1993-02-17,2.860001547,0.0,5.5,-8.6
1993-02-18,2.633466771,15.2,3.6,-2.6
1993-02-19,3.11485317,14.0,3.7,0.1
1993-02-20,2.973268935,5.3,3.0,-1.2
1993-02-21,2.775051006,28.7,1.1,-0.8
1993-02-22,2.491882536,2.8,4.9,-0.5
1993-02-23,2.321981454,1.5,3.1,-2.2
1993-02-24,2.123763525,0.0,2.5,-3.3
1993-02-25,1.953862443,0.0,4.4,-7.3
1993-02-26,1.812278208,0.0,6.1,-7.2
1993-02-27,1.727327667,0.0,7.2,-6.9
1993-02-28,1.670693973,0.0,8.2,-4.8
1993-03-01,1.727327667,18.3,1.7,-2.1
1993-03-02,1.925545596,3.1,7.1,-0.4
1993-03-03,3.228120558,9.7,9.4,1.1
1993-03-04,6.088122105,35.1,4.4,1.2
1993-03-05,9.684361674,4.1,14.2,0.1
1993-03-06,8.976440498999999,0.0,16.0,-0.6
1993-03-07,9.231292122,0.0,16.7,-0.6
1993-03-08,9.06139104,0.0,19.0,0.4
1993-03-09,8.466737253,1.3,10.7,-0.4
1993-03-10,9.231292122,17.0,11.4,2.1
1993-03-11,8.721588876,0.0,15.5,-0.7
1993-03-12,7.022578056,1.0,12.5,0.7
1993-03-13,6.088122105,3.1,13.4,0.9
1993-03-14,8.296836170999999,32.3,10.6,4.6
1993-03-15,22.200408048,42.9,9.6,5.7
1993-03-16,24.182587338,43.2,8.9,4.9
1993-03-17,26.136449781,42.4,10.3,6.1
1993-03-18,30.58219476,15.2,13.3,8.0
1993-03-19,19.878426594,7.6,14.2,6.3
1993-03-20,16.027335402,7.6,13.3,1.9
1993-03-21,11.751491505,0.0,17.7,-0.4
1993-03-22,9.995846991,27.4,10.4,2.5
1993-03-23,18.236049468,24.9,9.9,4.0
1993-03-24,14.243374041,2.0,9.1,3.1
1993-03-25,10.250698614,0.3,13.9,1.9
1993-03-26,7.985350854,0.0,15.7,2.9
1993-03-27,6.484557962999999,0.0,17.2,2.1
1993-03-28,5.408517777,0.0,17.6,-0.5
1993-03-29,4.728913449,1.0,13.1,2.3
1993-03-30,4.190893356,4.1,12.9,2.2
1993-03-31,3.992675427,10.9,12.9,2.4
1993-04-01,5.012081919,18.0,9.5,3.7
1993-04-02,7.758816078,45.5,9.6,5.6
1993-04-03,17.386544058,31.8,10.8,5.6
1993-04-04,14.101789806,13.0,12.1,3.2
1993-04-05,10.420599696,3.6,13.2,2.2
1993-04-06,8.919806805,17.5,9.9,3.2
1993-04-07,8.891489958,1.8,19.6,6.7
1993-04-08,9.202975275,26.7,10.6,5.7
1993-04-09,10.307332308,19.8,11.1,4.7
1993-04-10,11.270105106,31.5,8.2,1.7
1993-04-11,10.533867084,6.1,10.1,0.7
1993-04-12,8.721588876,0.0,14.5,3.0
1993-04-13,7.475647608,9.7,10.0,3.0
1993-04-14,6.427924269,3.1,17.4,3.4
1993-04-15,6.371290575,10.2,13.1,5.4
1993-04-16,5.918221023,6.9,15.1,4.3
1993-04-17,6.286340034,22.4,10.2,3.9
1993-04-18,7.107528597,10.4,11.4,3.8
1993-04-19,6.739409586,0.0,19.5,3.1
1993-04-20,6.059805258,4.8,17.5,3.5
1993-04-21,5.804953635,15.0,16.2,5.6
1993-04-22,6.597825351,15.5,8.1,5.5
1993-04-23,7.447330761,21.6,9.6,4.9
1993-04-24,9.62772798,12.5,15.8,6.4
1993-04-25,9.995846991,10.7,13.7,4.1
1993-04-26,9.146341581,7.6,12.5,4.1
1993-04-27,8.041984548,0.3,17.3,4.5
1993-04-28,6.880993821,6.4,17.7,2.5
1993-04-29,8.155251935999999,21.1,15.1,8.4
1993-04-30,8.325153018,0.0,17.3,4.6
1993-05-01,6.937627515,3.8,15.4,2.3
1993-05-02,6.314656881,0.0,21.1,8.5
1993-05-03,7.957034007,40.1,11.6,5.2
1993-05-04,8.381786712,5.3,13.4,4.9
1993-05-05,7.277429679,4.6,21.5,4.0
1993-05-06,7.447330761,16.5,11.1,5.2
1993-05-07,7.390697067,23.9,8.3,3.5
1993-05-08,9.004757346,7.6,15.5,3.9
1993-05-09,8.183568783,0.0,26.4,1.6
1993-05-10,7.503964455,0.0,31.8,7.4
1993-05-11,6.79604328,0.0,21.4,6.0
1993-05-12,5.918221023,4.1,18.4,7.9
1993-05-13,5.38020093,0.0,25.1,6.0
1993-05-14,4.615646061,0.0,23.3,6.2
1993-05-15,4.105942815,0.0,23.8,5.5
1993-05-16,3.794457498,0.0,27.6,6.4
1993-05-17,3.68119011,0.0,30.9,7.8
1993-05-18,3.539605875,0.0,30.4,11.5
1993-05-19,3.256437405,18.5,27.0,9.8
1993-05-20,3.567922722,16.3,19.9,10.4
1993-05-21,3.511289028,9.7,15.4,10.0
1993-05-22,3.313071099,0.0,22.0,8.3
1993-05-23,2.803367853,0.0,30.2,5.7
1993-05-24,2.463565689,9.1,29.6,8.5
1993-05-25,3.454655334,19.8,17.6,11.4
1993-05-26,3.171486864,2.3,23.1,10.6
1993-05-27,3.11485317,16.0,19.8,10.7
1993-05-28,3.001585782,5.3,18.3,8.9
1993-05-29,2.690100465,0.0,25.5,6.0
1993-05-30,2.576833077,14.5,18.7,12.7
1993-05-31,3.369704793,19.3,17.5,9.4
1993-06-01,4.389111285,18.0,16.3,8.5
1993-06-02,5.012081919,3.6,17.3,8.2
1993-06-03,4.502378673,2.5,21.1,8.9
1993-06-04,4.162576509,4.6,19.9,9.4
1993-06-05,4.24752705,5.8,17.9,10.0
1993-06-06,4.134259662,2.5,13.2,9.5
1993-06-07,5.097032459999999,2.8,16.7,8.3
1993-06-08,4.927131378,0.0,21.8,7.7
1993-06-09,4.389111285,0.0,21.6,8.7
1993-06-10,4.049309121,4.1,18.6,8.6
1993-06-11,3.936041733,22.4,10.7,6.0
1993-06-12,3.794457498,0.3,23.0,3.9
1993-06-13,3.341387946,0.0,27.8,5.0
1993-06-14,2.916635241,1.3,26.566666666666666,5.9
1993-06-15,2.690100465,0.5,25.333333333333336,6.8
1993-06-16,2.378615148,0.0,24.1,7.7
1993-06-17,2.152080372,0.0,28.9,5.9
1993-06-18,1.925545596,0.0,30.1,7.7
1993-06-19,1.783961361,0.0,24.5,8.1
1993-06-20,1.69901082,0.0,25.6,6.8
1993-06-21,1.614060279,2.8,12.5,5.0
1993-06-22,1.840595055,15.2,10.9,4.9
1993-06-23,1.727327667,0.0,20.4,4.3
1993-06-24,1.557426585,0.0,27.6,1.5
1993-06-25,1.472476044,0.0,30.7,6.5
1993-06-26,1.387525503,0.0,25.9,8.7
1993-06-27,1.330891809,0.3,18.9,8.9
1993-06-28,1.274258115,0.3,18.5,6.1
1993-06-29,1.217624421,0.0,22.8,5.4
1993-06-30,1.160990727,0.0,25.0,5.0
1993-07-01,1.13267388,0.0,23.5,7.5
1993-07-02,1.13267388,1.3,18.3,7.0
1993-07-03,1.076040186,0.0,19.8,6.4
1993-07-04,1.019406492,0.0,22.7,6.8
1993-07-05,0.991089645,0.0,23.5,4.3
1993-07-06,0.934455951,0.0,23.1,3.0
1993-07-07,0.934455951,0.0,23.0,2.7
1993-07-08,0.906139104,0.0,27.3,5.2
1993-07-09,0.84950541,0.0,23.5,4.9
1993-07-10,0.821188563,0.0,25.0,3.0
1993-07-11,0.792871716,0.0,20.6,4.6
1993-07-12,0.792871716,0.0,21.1,2.9
1993-07-13,0.792871716,1.5,16.8,7.2
1993-07-14,0.792871716,0.8,19.7,8.1
1993-07-15,0.764554869,0.3,15.4,9.0
1993-07-16,0.736238022,1.0,21.1,9.2
1993-07-17,0.736238022,0.3,19.3,6.1
1993-07-18,0.707921175,0.0,25.5,2.9
1993-07-19,0.707921175,1.3,20.2,8.9
1993-07-20,0.792871716,6.1,16.8,10.3
1993-07-21,0.764554869,11.2,21.4,10.1
1993-07-22,1.274258115,22.4,16.8,11.6
1993-07-23,1.302574962,1.3,18.4,8.0
1993-07-24,1.019406492,0.0,20.5,6.2
1993-07-25,0.906139104,0.0,19.4,6.5
1993-07-26,0.821188563,0.0,25.7,4.2
1993-07-27,0.764554869,0.0,28.3,7.4
1993-07-28,0.736238022,4.1,22.1,7.1
1993-07-29,0.764554869,0.3,20.0,6.9
1993-07-30,0.707921175,0.0,24.8,3.6
1993-07-31,0.6796043279999999,0.0,30.6,5.0
1993-08-01,0.651287481,0.0,34.0,7.5
1993-08-02,0.622970634,0.0,35.1,8.2
1993-08-03,0.5946537869999999,0.0,34.8,9.7
1993-08-04,0.56633694,0.0,33.7,10.3
1993-08-05,0.56633694,0.0,32.3,10.9
1993-08-06,0.56633694,0.0,30.6,10.9
1993-08-07,0.56633694,0.0,22.9,9.8
1993-08-08,0.56633694,0.0,24.8,9.2
1993-08-09,0.538020093,0.0,25.8,7.9
1993-08-10,0.538020093,0.0,23.7,5.5
1993-08-11,0.538020093,0.0,24.9,6.4
1993-08-12,0.5097032459999999,0.0,23.7,6.050000000000001
1993-08-13,0.5097032459999999,0.0,22.9,5.7
1993-08-14,0.5097032459999999,1.3,16.8,10.4
1993-08-15,0.5097032459999999,0.3,18.4,8.7
1993-08-16,0.5097032459999999,0.5,15.6,8.6
1993-08-17,0.538020093,0.0,24.4,6.7
1993-08-18,0.5097032459999999,0.0,26.3,6.0
1993-08-19,0.5097032459999999,0.3,22.0,13.2
1993-08-20,0.5097032459999999,1.8,14.9,11.4
1993-08-21,0.5097032459999999,0.0,21.8,8.2
1993-08-22,0.4813863989999999,0.0,26.5,5.4
1993-08-23,0.4813863989999999,0.5,17.8,7.9
1993-08-24,0.4813863989999999,0.0,18.2,3.3
1993-08-25,0.453069552,0.0,20.4,0.4
1993-08-26,0.453069552,0.0,27.6,1.3
1993-08-27,0.453069552,0.0,26.4,4.5
1993-08-28,0.424752705,0.0,23.6,3.6
1993-08-29,0.424752705,0.0,28.5,2.6
1993-08-30,0.424752705,0.0,31.6,4.7
1993-08-31,0.396435858,0.0,32.7,4.3
1993-09-01,0.396435858,0.0,28.6,5.9
1993-09-02,0.396435858,0.0,32.5,5.2
1993-09-03,0.368119011,0.0,31.1,7.4
1993-09-04,0.368119011,0.0,30.1,6.1
1993-09-05,0.368119011,0.0,28.1,6.2
1993-09-06,0.368119011,0.0,34.6,8.5
1993-09-07,0.368119011,0.0,34.2,9.8
1993-09-08,0.3398021639999999,0.0,34.4,8.2
1993-09-09,0.3398021639999999,0.0,34.6,8.3
1993-09-10,0.3398021639999999,0.0,32.4,7.7
1993-09-11,0.3398021639999999,0.0,22.7,7.0
1993-09-12,0.3398021639999999,0.0,23.1,2.8
1993-09-13,0.3398021639999999,0.0,26.9,0.3
1993-09-14,0.311485317,0.0,25.1,1.8
1993-09-15,0.311485317,0.0,21.3,5.8
1993-09-16,0.311485317,0.0,24.6,5.1
1993-09-17,0.311485317,0.0,23.6,1.6
1993-09-18,0.311485317,0.0,21.1,1.8
1993-09-19,0.311485317,0.0,16.3,2.1
1993-09-20,0.311485317,0.0,17.2,-1.2
1993-09-21,0.311485317,0.0,23.8,-3.4
1993-09-22,0.28316847,0.0,25.9,-2.6
1993-09-23,0.28316847,0.0,25.9,-3.1
1993-09-24,0.28316847,0.0,26.6,-2.3
1993-09-25,0.2746734159,0.0,28.0,0.4
1993-09-26,0.2746734159,0.0,30.1,2.9
1993-09-27,0.2718417312,0.0,30.8,4.4
1993-09-28,0.2718417312,0.0,31.3,5.1
1993-09-29,0.2633466771,0.0,33.0,4.0
1993-09-30,0.2576833077,0.0,29.6,4.2
1993-10-01,0.2576833077,0.0,28.3,4.9
1993-10-02,0.2548516229999999,0.0,29.1,3.8
1993-10-03,0.2548516229999999,0.0,28.2,4.0
1993-10-04,0.2463565688999999,0.0,25.5,5.4
1993-10-05,0.2463565688999999,0.0,23.5,8.3
1993-10-06,0.2491882536,1.8,13.1,7.0
1993-10-07,0.2718417312,5.1,13.4,5.3
1993-10-08,0.2661783618,0.0,19.5,2.1
1993-10-09,0.2491882536,0.0,21.4,0.0
1993-10-10,0.2463565688999999,0.8,17.0,3.1
1993-10-11,0.2463565688999999,3.6,19.4,6.2
1993-10-12,0.28316847,9.7,15.2,8.4
1993-10-13,0.2690100465,0.0,18.4,6.8
1993-10-14,0.2633466771,6.1,16.0,8.4
1993-10-15,0.311485317,9.4,13.4,7.4
1993-10-16,0.368119011,1.8,12.3,3.9
1993-10-17,0.28316847,0.0,15.8,1.2
1993-10-18,0.2520199383,0.0,16.7,-0.9
1993-10-19,0.2435248841999999,0.0,17.5,2.2
1993-10-20,0.2378615148,0.0,17.2,0.2
1993-10-21,0.2321981453999999,0.0,17.8,3.7
1993-10-22,0.226534776,0.0,18.5,1.0
1993-10-23,0.226534776,2.3,15.5,-0.2
1993-10-24,0.2378615148,0.5,16.0,1.6
1993-10-25,0.2293664607,0.0,14.9,-1.5
1993-10-26,0.2237030913,0.0,16.0,-1.1
1993-10-27,0.2180397219,0.0,15.2,-0.8
1993-10-28,0.2180397219,0.0,17.0,2.2
1993-10-29,0.2180397219,0.0,16.5,0.2
1993-10-30,0.2123763525,0.0,17.2,-1.1
1993-10-31,0.2180397219,1.3,12.0,-0.4
1993-11-01,0.2152080371999999,0.0,11.9,-3.6
1993-11-02,0.2123763525,0.0,12.2,-3.0
1993-11-03,0.2661783618,10.2,11.1,-3.1
1993-11-04,0.2491882536,0.0,8.2,-2.3
1993-11-05,0.226534776,0.0,9.3,-3.8
1993-11-06,0.2208714066,0.0,9.8,-4.7
1993-11-07,0.2180397219,0.0,8.3,-4.9
1993-11-08,0.2123763525,0.0,6.5,-5.9
1993-11-09,0.2123763525,0.0,8.4,-4.2
1993-11-10,0.2095446678,0.0,9.8,-2.8
1993-11-11,0.2067129831,0.0,4.6,-5.0
1993-11-12,0.2067129831,0.0,8.1,-2.1
1993-11-13,0.2095446678,1.3,6.5,-4.5
1993-11-14,0.2067129831,0.0,4.6,-6.5
1993-11-15,0.2095446678,2.8,5.0,-6.0
1993-11-16,0.2180397219,8.9,7.2,0.4
1993-11-17,0.2775051006,7.9,5.0,0.5
1993-11-18,0.2690100465,0.0,5.1,-3.5
1993-11-19,0.2293664607,0.0,3.9,-5.1
1993-11-20,0.2208714066,0.0,3.5,-5.8
1993-11-21,0.2406931994999999,20.8,0.9,-5.5
1993-11-22,0.368119011,14.5,0.3,-2.4
1993-11-23,0.2605149924,1.8,-0.7,-11.1
1993-11-24,0.2293664607,0.0,-0.5,-13.1
1993-11-25,0.2180397219,0.0,0.9,-11.0
1993-11-26,0.2180397219,0.0,0.5,-9.5
1993-11-27,0.2463565688999999,1.8,1.6,-2.7
1993-11-28,0.311485317,2.8,2.2,-2.3
1993-11-29,0.651287481,19.1,2.0,-1.0
1993-11-30,0.707921175,11.4,4.0,-1.7
1993-12-01,5.351884083,82.6,9.5,1.0
1993-12-02,3.11485317,0.0,6.2,-0.1
1993-12-03,1.529109738,4.6,8.3,0.9
1993-12-04,2.010496137,22.6,6.3,-2.0
1993-12-05,1.41584235,0.0,2.5,-3.7
1993-12-06,1.104357033,6.6,0.1,-3.4
1993-12-07,3.313071099,53.9,3.0,-0.9
1993-12-08,8.466737253,36.6,11.0,0.9
1993-12-09,5.691686247,3.3,4.8,1.0
1993-12-10,4.190893356,7.4,7.6,0.8
1993-12-11,4.077625968,26.7,5.6,-1.1
1993-12-12,3.709506957,3.3,3.9,-1.4
1993-12-13,2.973268935,0.3,4.7,-2.5
1993-12-14,2.435248842,2.5,6.6,0.4
1993-12-15,1.98217929,0.5,6.3,-1.7
1993-12-16,1.69901082,0.0,2.9,-3.4
1993-12-17,1.500792891,0.0,0.3,-6.1
1993-12-18,1.3592086559999998,0.0,-0.3,-7.1
1993-12-19,1.245941268,0.0,0.1,-7.1
1993-12-20,1.13267388,0.0,0.3,-6.6
1993-12-21,1.047723339,0.0,0.4,-7.1
1993-12-22,0.962772798,0.0,-0.4,-7.3
1993-12-23,0.8778222569999999,0.0,-0.4,-7.3
1993-12-24,0.821188563,0.0,-0.4,-6.699999999999999
1993-12-25,0.792871716,0.0,-0.4,-6.1
1993-12-26,0.736238022,0.0,-0.1,-3.7
1993-12-27,0.707921175,0.0,2.5,-3.6
1993-12-28,0.6796043279999999,0.0,1.9,-4.1
1993-12-29,0.651287481,0.0,3.5,-2.4
1993-12-30,0.707921175,15.7,3.7,-1.9
1993-12-31,1.13267388,10.9,5.0,0.4
1994-01-01,4.077625968,33.8,6.7,1.7
1994-01-02,10.618817625,80.0,4.7,2.2
1994-01-03,18.575851632,13.0,9.4,4.1
1994-01-04,11.071887177,29.5,8.6,1.2
1994-01-05,11.3267388,37.8,3.4,-0.4
1994-01-06,8.834856263999999,3.0,4.4,-1.9
1994-01-07,6.569508504,3.8,4.4,-2.9
1994-01-08,6.767726433,22.4,6.0,0.9
1994-01-09,9.599411133,20.8,6.7,2.5
1994-01-10,8.834856263999999,12.7,5.3,1.1
1994-01-11,8.664955182,7.9,8.3,2.3
1994-01-12,7.419013914,0.3,9.5,1.9
1994-01-13,6.22970634,0.0,8.7,-1.7
1994-01-14,5.550102012,0.0,8.2,-2.5
1994-01-15,4.700596602,0.0,8.1,-2.4
1994-01-16,3.907724886,0.0,4.2,-3.7
1994-01-17,3.341387946,0.0,6.3,-3.9
1994-01-18,2.944952088,0.0,4.1,-4.0
1994-01-19,2.605149924,0.0,4.7,-3.8
1994-01-20,2.378615148,0.0,6.5,-3.4
1994-01-21,2.237030913,1.3,9.8,-0.3
1994-01-22,2.180397219,7.1,10.3,2.4
1994-01-23,2.237030913,6.9,10.3,2.6
1994-01-24,2.123763525,7.1,4.3,-2.2
1994-01-25,1.925545596,0.0,4.1,-3.4
1994-01-26,1.727327667,0.0,2.8,-4.2
1994-01-27,1.585743432,0.0,6.8,-2.9
1994-01-28,1.472476044,0.0,4.8,-3.9
1994-01-29,1.387525503,0.0,3.6,-5.5
1994-01-30,1.302574962,0.0,7.4,-5.1
1994-01-31,1.217624421,0.0,3.8,-6.8
1994-02-01,1.189307574,0.0,4.5,-6.5
1994-02-02,1.104357033,0.0,4.4,-6.7
1994-02-03,1.076040186,0.0,4.2,-7.0
1994-02-04,1.019406492,0.0,4.8,-7.1
1994-02-05,0.962772798,0.0,5.8,-7.0
1994-02-06,0.934455951,0.3,0.4,-6.2
1994-02-07,0.906139104,1.4,3.6,-6.1
1994-02-08,0.8778222569999999,0.0,2.1,-10.8
1994-02-09,0.906139104,18.8,-0.1,-3.1
1994-02-10,0.906139104,2.4,4.5,-2.4
1994-02-11,0.8778222569999999,1.4,5.2,-2.5
1994-02-12,0.821188563,0.0,4.0,-2.9
1994-02-13,0.962772798,25.4,2.3,-2.9
1994-02-14,1.076040186,0.0,9.0,-2.5
1994-02-15,1.076040186,0.3,8.9,-2.0
1994-02-16,1.076040186,1.6,9.9,-1.6
1994-02-17,1.302574962,30.4,8.0,-1.4
1994-02-18,1.585743432,6.4,5.7,-2.1
1994-02-19,1.529109738,0.0,6.9,-2.8
1994-02-20,1.444159197,9.5,5.7,-2.6
1994-02-21,1.500792891,22.7,3.7,-2.0
1994-02-22,1.500792891,12.2,1.6,-2.1
1994-02-23,3.567922722,53.4,6.3,-1.0
1994-02-24,15.319414227,46.6,7.4,2.0
1994-02-25,11.185154565,6.7,7.5,1.5
1994-02-26,8.976440498999999,30.9,9.5,2.8
1994-02-27,9.599411133,11.9,8.3,2.2
1994-02-28,9.429510051,2.6,13.0,3.9
1994-03-01,9.372876357,0.0,16.3,1.0
1994-03-02,9.033074193,10.6,11.0,1.2
1994-03-03,12.374462139,30.7,14.7,5.7
1994-03-04,15.489315309,7.9,9.2,-0.2
1994-03-05,11.04357033,0.0,11.6,-2.6
1994-03-06,8.070301395,0.0,12.8,-4.4
1994-03-07,6.201389493,0.0,15.2,-3.2
1994-03-08,4.870497684,0.0,17.8,-3.0
1994-03-09,4.020992274,0.0,16.7,-2.4
1994-03-10,3.596239569,0.8,12.3,-1.8
1994-03-11,3.11485317,0.0,15.7,-2.5
1994-03-12,2.718417312,0.0,18.8,-3.4
1994-03-13,2.54851623,0.0,18.6,-1.4
1994-03-14,2.463565689,0.0,18.1,-2.8
1994-03-15,2.350298301,0.0,17.7,-2.4
1994-03-16,2.350298301,7.9,9.0,0.9
1994-03-17,2.321981454,5.8,7.4,0.8
1994-03-18,2.775051006,22.2,5.5,-2.4
1994-03-19,2.633466771,3.1,6.8,-2.8
1994-03-20,2.406931995,12.4,5.2,-2.5
1994-03-21,3.11485317,24.6,2.1,-2.8
1994-03-22,2.8316847,2.6,2.4,-3.2
1994-03-23,2.54851623,1.0,4.5,-3.0
1994-03-24,2.406931995,0.0,15.2,-2.8
1994-03-25,2.378615148,0.0,17.8,-3.9
1994-03-26,2.293664607,0.0,22.4,-4.2
1994-03-27,2.435248842,0.0,23.1,-3.1
1994-03-28,2.803367853,0.0,23.3,-2.1
1994-03-29,2.916635241,0.0,21.6,-1.6
1994-03-30,3.624556416,23.3,12.0,2.3
1994-03-31,4.105942815,3.4,6.0,1.3
1994-04-01,3.794457498,0.3,16.8,4.0
1994-04-02,3.596239569,0.3,14.9,4.1
1994-04-03,3.341387946,1.4,11.3,0.6
1994-04-04,3.001585782,0.3,12.7,-1.8
1994-04-05,2.775051006,15.6,8.6,-3.6
1994-04-06,3.936041733,39.2,5.6,-0.3
1994-04-07,5.351884083,15.1,8.9,-0.2
1994-04-08,6.286340034,12.9,7.6,2.5
1994-04-09,7.390697067,23.9,8.4,2.5
1994-04-10,7.758816078,0.0,14.5,1.0
1994-04-11,6.739409586,0.0,18.5,-1.8
1994-04-12,6.116438952,6.7,11.8,0.4
1994-04-13,5.266933541999999,0.3,13.6,0.6
1994-04-14,4.502378673,0.0,16.7,-1.0
1994-04-15,3.992675427,0.0,26.9,-1.6
1994-04-16,3.936041733,0.0,24.3,2.2
1994-04-17,3.96435858,0.0,26.1,4.5
1994-04-18,3.822774345,0.5,24.4,4.7
1994-04-19,3.596239569,0.0,18.3,5.9
1994-04-20,3.171486864,0.0,23.4,5.5
1994-04-21,2.944952088,1.0,15.6,1.9
1994-04-22,2.576833077,0.0,16.6,-1.3
1994-04-23,2.350298301,1.9,15.1,0.5
1994-04-24,2.491882536,3.8,14.4,2.8
1994-04-25,2.26534776,2.6,17.0,1.9
1994-04-26,2.123763525,1.4,10.1,4.5
1994-04-27,1.925545596,0.0,15.4,2.4
1994-04-28,1.812278208,0.0,21.7,1.0
1994-04-29,1.727327667,6.9,17.8,3.6
1994-04-30,1.812278208,0.5,15.6,1.6
1994-05-01,1.642377126,0.0,17.7,-0.7
1994-05-02,1.529109738,0.0,17.2,3.0
1994-05-03,1.500792891,7.9,17.2,4.7
1994-05-04,1.868911902,11.9,16.1,7.9
1994-05-05,1.783961361,0.0,24.8,4.6
1994-05-06,1.69901082,0.0,29.0,5.8
1994-05-07,1.614060279,0.0,27.6,6.2
1994-05-08,1.500792891,0.0,25.4,9.2
1994-05-09,1.387525503,0.0,27.6,6.6
1994-05-10,1.302574962,0.0,30.6,6.0
1994-05-11,1.217624421,0.0,23.7,8.0
1994-05-12,1.13267388,0.0,20.0,6.9
1994-05-13,1.076040186,0.0,20.7,3.3
1994-05-14,1.019406492,0.0,21.3,3.0
1994-05-15,1.217624421,31.5,12.6,6.2
1994-05-16,1.670693973,7.7,13.3,6.0
1994-05-17,1.500792891,0.5,13.9,6.1
1994-05-18,1.387525503,7.2,17.9,6.3
1994-05-19,1.557426585,8.2,11.5,7.7
1994-05-20,2.123763525,0.3,14.7,7.3
1994-05-21,1.840595055,0.3,17.5,7.3
1994-05-22,1.670693973,0.0,24.4,7.9
1994-05-23,1.529109738,0.0,27.6,5.5
1994-05-24,1.387525503,0.0,28.6,7.2
1994-05-25,1.302574962,0.0,23.4,8.9
1994-05-26,1.217624421,0.0,18.5,4.3
1994-05-27,1.13267388,0.0,19.2,1.5
1994-05-28,1.13267388,6.0,10.9,4.6
1994-05-29,1.160990727,3.8,15.2,6.9
1994-05-30,1.104357033,0.0,26.9,5.2
1994-05-31,1.047723339,6.4,19.8,9.5
1994-06-01,1.160990727,0.5,20.6,6.0
1994-06-02,1.019406492,0.0,22.5,3.7
1994-06-03,0.962772798,2.4,21.1,4.0
1994-06-04,0.962772798,4.0,19.4,9.3
1994-06-05,1.076040186,23.5,13.2,7.0
1994-06-06,2.152080372,22.7,11.5,5.9
1994-06-07,3.313071099,6.4,15.4,3.9
1994-06-08,2.8316847,0.0,23.0,0.6
1994-06-09,2.321981454,0.0,25.5,3.8
1994-06-10,2.010496137,0.0,30.3,5.9
1994-06-11,1.812278208,0.0,25.5,8.7
1994-06-12,1.670693973,0.5,25.0,10.3
1994-06-13,1.69901082,14.8,13.2,5.6
1994-06-14,2.237030913,15.6,13.3,3.9
1994-06-15,2.520199383,1.6,15.1,4.2
1994-06-16,2.208714066,0.0,20.7,5.5
1994-06-17,1.98217929,2.6,16.6,4.5
1994-06-18,1.840595055,0.0,19.3,5.2
1994-06-19,1.69901082,0.0,26.0,2.3
1994-06-20,1.585743432,0.0,26.4,6.5
1994-06-21,1.472476044,0.0,21.1,9.7
1994-06-22,1.387525503,0.0,22.5,12.5
1994-06-23,1.302574962,0.0,19.5,5.9
1994-06-24,1.217624421,0.0,23.6,3.0
1994-06-25,1.160990727,0.0,19.2,5.0
1994-06-26,1.13267388,1.6,23.1,7.0
1994-06-27,1.047723339,0.0,29.6,4.1
1994-06-28,0.991089645,0.0,30.0,7.1
1994-06-29,0.934455951,0.0,27.9,7.3
1994-06-30,0.8778222569999999,0.0,25.8,7.1
1994-07-01,0.84950541,1.0,24.4,5.9
1994-07-02,0.821188563,0.0,22.8,6.2
1994-07-03,0.792871716,0.0,25.4,3.5
1994-07-04,0.764554869,0.0,22.3,4.6
1994-07-05,0.736238022,0.3,15.7,8.1
1994-07-06,0.736238022,0.0,28.5,6.4
1994-07-07,0.6796043279999999,0.0,32.4,8.2
1994-07-08,0.6796043279999999,0.0,32.9,10.8
1994-07-09,0.651287481,0.0,29.9,8.4
1994-07-10,0.651287481,0.0,30.7,6.2
1994-07-11,0.622970634,0.0,33.2,6.2
1994-07-12,0.5946537869999999,0.0,29.8,5.9
1994-07-13,0.56633694,0.0,30.9,6.4
1994-07-14,0.538020093,0.0,29.4,7.5
1994-07-15,0.538020093,0.0,30.6,6.7
1994-07-16,0.538020093,0.0,33.3,9.1
1994-07-17,0.5097032459999999,0.0,33.1,10.1
1994-07-18,0.5097032459999999,0.0,31.6,9.2
1994-07-19,0.4813863989999999,0.0,37.6,10.2
1994-07-20,0.4813863989999999,0.0,38.4,11.2
1994-07-21,0.4813863989999999,0.0,38.9,13.0
1994-07-22,0.4813863989999999,0.3,30.7,13.1
1994-07-23,0.453069552,0.5,36.6,14.5
1994-07-24,0.453069552,0.3,24.7,10.7
1994-07-25,0.453069552,0.0,30.1,10.1
1994-07-26,0.453069552,0.0,32.9,7.4
1994-07-27,0.424752705,0.0,32.9,9.2
1994-07-28,0.424752705,0.0,30.3,7.8
1994-07-29,0.424752705,0.0,24.8,8.5
1994-07-30,0.396435858,0.0,27.4,8.8
1994-07-31,0.396435858,0.0,29.9,6.7
1994-08-01,0.396435858,0.0,30.6,6.8
1994-08-02,0.368119011,0.0,29.6,9.3
1994-08-03,0.368119011,0.0,30.1,11.0
1994-08-04,0.368119011,0.0,25.7,9.8
1994-08-05,0.368119011,0.0,26.7,9.5
1994-08-06,0.368119011,0.0,29.5,6.3
1994-08-07,0.368119011,0.0,26.0,7.1
1994-08-08,0.368119011,0.0,24.0,9.9
1994-08-09,0.368119011,0.0,30.2,6.3
1994-08-10,0.3398021639999999,0.0,31.8,7.5
1994-08-11,0.3398021639999999,0.0,29.5,8.5
1994-08-12,0.3398021639999999,0.0,29.2,8.5
1994-08-13,0.3398021639999999,0.0,31.2,9.0
1994-08-14,0.3398021639999999,0.0,25.3,9.9
1994-08-15,0.311485317,0.0,28.0,9.4
1994-08-16,0.311485317,0.0,28.9,6.2
1994-08-17,0.311485317,0.0,28.2,6.3
1994-08-18,0.311485317,0.0,27.3,6.7
1994-08-19,0.311485317,0.0,27.6,6.3
1994-08-20,0.311485317,0.0,25.7,5.7
1994-08-21,0.311485317,1.8,24.3,6.7
1994-08-22,0.311485317,0.0,26.7,6.1
1994-08-23,0.311485317,0.0,28.9,4.1
1994-08-24,0.28316847,0.0,28.4,5.8
1994-08-25,0.28316847,0.0,29.6,2.2
1994-08-26,0.2803367853,0.0,30.5,-0.3
1994-08-27,0.2775051006,0.0,33.1,6.8
1994-08-28,0.2775051006,0.0,26.6,9.0
1994-08-29,0.2746734159,0.0,27.3,8.6
1994-08-30,0.2718417312,0.0,30.7,5.2
1994-08-31,0.2718417312,0.0,26.7,7.7
1994-09-01,0.2718417312,0.0,21.4,8.1
1994-09-02,0.2718417312,3.8,24.3,4.1
1994-09-03,0.396435858,13.0,17.8,11.1
1994-09-04,0.3398021639999999,0.0,26.0,9.7
1994-09-05,0.28316847,0.0,31.6,6.1
1994-09-06,0.2746734159,0.0,30.8,7.9
1994-09-07,0.2690100465,0.0,29.3,7.8
1994-09-08,0.2718417312,3.6,18.8,6.4
1994-09-09,0.311485317,6.1,15.5,9.6
1994-09-10,0.368119011,4.1,19.3,9.3
1994-09-11,0.3398021639999999,3.0,16.5,8.9
1994-09-12,0.311485317,0.0,22.1,7.0
1994-09-13,0.28316847,0.0,23.425,6.475
1994-09-14,0.2775051006,0.0,24.75,5.95
1994-09-15,0.2718417312,0.0,30.05,6.25
1994-09-16,0.2661783618,0.0,33.349999999999994,7.65
1994-09-17,0.2548516229999999,0.0,32.25,8.9
1994-09-18,0.2520199383,0.0,30.85,9.3
1994-09-19,0.2491882536,0.0,31.25,9.649999999999999
1994-09-20,0.2463565688999999,0.0,31.650000000000002,9.0
1994-09-21,0.2435248841999999,0.0,35.45,8.6
1994-09-22,0.2378615148,0.0,33.95,6.6
1994-09-23,0.2350298301,0.0,34.2,7.55
1994-09-24,0.2350298301,0.0,30.9,7.7
1994-09-25,0.2350298301,0.0,32.8,7.55
1994-09-26,0.2321981453999999,0.0,33.1,8.55
1994-09-27,0.2293664607,0.0,34.1,7.55
1994-09-28,0.2321981453999999,2.8,24.15,12.3
1994-09-29,0.311485317,8.6,15.4,12.8
1994-09-30,0.28316847,0.3,20.25,11.6
1994-10-01,0.2605149924,0.0,25.15,9.5
1994-10-02,0.2491882536,0.0,21.65,3.8499999999999996
1994-10-03,0.2350298301,0.0,19.65,2.75
1994-10-04,0.2293664607,0.0,22.1,2.75
1994-10-05,0.2321981453999999,0.0,21.55,0.7
1994-10-06,0.2321981453999999,0.0,19.95,4.1
1994-10-07,0.2321981453999999,0.0,25.1,1.2
1994-10-08,0.2321981453999999,0.0,26.6,3.75
1994-10-09,0.226534776,0.0,22.45,4.4
1994-10-10,0.226534776,0.0,17.450000000000003,5.7
1994-10-11,0.226534776,0.0,18.450000000000003,1.2
1994-10-12,0.226534776,0.0,18.7,1.1
1994-10-13,0.226534776,9.7,17.8,-1.95
1994-10-14,0.453069552,37.8,9.45,4.55
1994-10-15,0.56633694,1.8,12.25,0.7
1994-10-16,0.3398021639999999,0.0,16.05,0.6
1994-10-17,0.28316847,0.0,16.049999999999997,1.2
1994-10-18,0.2605149924,0.0,18.75,5.6
1994-10-19,0.2491882536,0.0,17.05,3.6
1994-10-20,0.2435248841999999,2.0,17.45,3.4
1994-10-21,0.311485317,9.9,14.35,2.7
1994-10-22,0.28316847,0.0,14.95,-0.30000000000000004
1994-10-23,0.2605149924,0.0,16.950000000000003,-0.9
1994-10-24,0.2491882536,0.0,17.75,0.6499999999999999
1994-10-25,0.2435248841999999,9.4,17.6,0.9
1994-10-26,0.368119011,25.4,11.6,9.4
1994-10-27,6.79604328,79.0,13.55,6.65
1994-10-28,5.040398766,10.7,11.2,4.45
1994-10-29,2.180397219,0.0,11.75,2.8
1994-10-30,1.3592086559999998,2.5,8.75,3.6
1994-10-31,2.180397219,37.8,12.5,3.25
1994-11-01,6.286340034,26.9,3.25,-0.1
1994-11-02,3.454655334,6.4,7.15,0.3
1994-11-03,2.378615148,0.0,4.6,-0.55
1994-11-04,3.029902629,50.3,1.5,-0.3
1994-11-05,3.086536323,0.0,4.949999999999999,-0.55
1994-11-06,3.143170017,11.7,5.199999999999999,-1.05
1994-11-07,2.860001547,0.0,7.5,-2.15
1994-11-08,2.350298301,10.7,3.7,-2.6
1994-11-09,4.983765072,23.4,6.25,-1.2
1994-11-10,4.24752705,0.0,7.6,-2.6
1994-11-11,3.086536323,2.5,5.300000000000001,-0.9500000000000001
1994-11-12,2.661783618,8.9,5.300000000000001,1.65
1994-11-13,2.350298301,1.8,7.7,1.15
1994-11-14,2.095446678,1.0,7.1,-1.85
1994-11-15,1.925545596,7.1,11.55,1.9
1994-11-16,2.038812984,49.0,2.9,-0.15000000000000002
1994-11-17,1.925545596,16.3,3.55,-1.85
1994-11-18,1.642377126,0.0,3.25,-2.85
1994-11-19,1.727327667,39.1,1.0,-3.0
1994-11-20,4.389111285,4.6,5.1,-1.4
1994-11-21,3.313071099,0.0,4.199999999999999,-4.6
1994-11-22,2.605149924,0.0,4.3,-6.85
1994-11-23,2.633466771,29.7,0.55,-2.1500000000000004
1994-11-24,3.624556416,12.7,2.85,-0.30000000000000004
1994-11-25,5.181983001,10.7,2.3499999999999996,-0.45
1994-11-26,4.162576509,3.3,3.3,-0.5
1994-11-27,3.539605875,27.2,2.0,-0.15000000000000002
1994-11-28,3.228120558,3.6,6.3,-0.4
1994-11-29,5.181983001,44.5,3.05,-0.05
1994-11-30,15.206146839,44.5,7.550000000000001,1.5
1994-12-01,21.52080372,7.6,5.55,2.55
1994-12-02,12.997432773,24.9,3.65,1.15
1994-12-03,9.06139104,1.3,1.65,-3.65
1994-12-04,6.682775892,0.0,0.7,-7.05
1994-12-05,5.181983001,2.5,0.85,-7.55
1994-12-06,4.190893356,17.8,2.8,-1.05
1994-12-07,3.482972181,9.1,4.05,-0.44999999999999996
1994-12-08,2.944952088,0.8,2.8499999999999996,-1.45
1994-12-09,2.661783618,11.2,4.45,-2.4000000000000004
1994-12-10,2.406931995,3.3,1.15,-2.5
1994-12-11,2.321981454,15.2,1.05,-0.30000000000000004
1994-12-12,2.293664607,1.5,3.9,-0.44999999999999996
1994-12-13,2.152080372,0.0,3.6,-3.2
1994-12-14,2.010496137,8.9,0.6,-3.5
1994-12-15,2.095446678,18.3,0.9958333333333333,-3.091666666666667
1994-12-16,5.550102012,35.8,1.3916666666666666,-2.683333333333333
1994-12-17,12.657630609,5.3,1.7875,-2.275
1994-12-18,11.383372494,13.2,2.183333333333333,-1.8666666666666665
1994-12-19,9.231292122,0.0,2.5791666666666666,-1.458333333333333
1994-12-20,7.872083465999999,0.0,2.975,-1.0499999999999998
1994-12-21,6.880993821,1.5,3.370833333333333,-0.6416666666666662
1994-12-22,6.286340034,0.0,3.7666666666666666,-0.23333333333333295
1994-12-23,5.861587329,0.0,4.1625,0.17500000000000027
1994-12-24,5.578418859,3.0,4.558333333333333,0.5833333333333339
1994-12-25,5.068715613,7.1,4.954166666666666,0.9916666666666671
1994-12-26,7.220795985,37.8,5.35,1.4
1994-12-27,12.600996915,10.9,5.199999999999999,0.30000000000000004
1994-12-28,10.392282849,5.3,4.4,-0.8
1994-12-29,8.126935089,0.0,2.45,-3.5
1994-12-30,6.484557962999999,0.0,2.8,-4.35
1994-12-31,5.238616695,0.0,0.65,-6.0
1995-01-01,4.332477591,0.0,1.5,-4.45
1995-01-02,3.652873263,0.0,3.7,-5.1
1995-01-03,3.199803711,0.0,0.35,-5.45
1995-01-04,2.8316847,0.0,1.6500000000000001,-5.05
1995-01-05,2.605149924,10.7,1.05,-2.1500000000000004
1995-01-06,2.520199383,11.4,4.1,-0.05
1995-01-07,2.633466771,0.3,4.8,0.05
1995-01-08,2.718417312,13.2,7.6,0.6
1995-01-09,5.153666154,20.6,9.0,2.55
1995-01-10,6.541191657,11.4,7.85,2.95
1995-01-11,7.135845444,22.1,5.45,1.75
1995-01-12,8.523370947,19.8,7.5,1.7999999999999998
1995-01-13,28.288530153,102.1,7.199999999999999,4.5
1995-01-14,32.28120558,17.8,9.3,4.25
1995-01-15,17.131692434999998,24.4,5.0,0.9500000000000001
1995-01-16,11.270105106,0.5,7.3,0.8
1995-01-17,8.410103559,25.7,1.25,-0.30000000000000004
1995-01-18,7.673865537,11.9,1.2999999999999998,0.05
1995-01-19,7.730499231,0.3,7.4,-0.75
1995-01-20,6.767726433,0.0,5.25,-0.75
1995-01-21,5.748319941,0.0,7.1,-1.8
1995-01-22,4.955448225,0.0,4.6,-1.0
1995-01-23,4.332477591,0.0,9.7,-0.4
1995-01-24,3.907724886,0.0,9.05,-1.5
1995-01-25,3.567922722,2.5,10.95,-0.95
1995-01-26,3.539605875,14.0,8.45,1.35
1995-01-27,3.794457498,5.8,8.4,0.8
1995-01-28,5.266933541999999,25.4,8.2,4.75
1995-01-29,6.937627515,8.1,12.5,4.65
1995-01-30,11.553273576,46.0,16.15,7.25
1995-01-31,30.58219476,37.1,14.899999999999999,9.7
1995-02-01,35.67922722,42.4,14.05,8.05
1995-02-02,23.672884092,0.0,16.6,5.65
1995-02-03,13.87525503,0.0,16.85,4.8
1995-02-04,10.448916543,0.0,19.200000000000003,3.65
1995-02-05,8.608321488,0.0,17.6,3.1
1995-02-06,7.192479138,0.0,18.450000000000003,1.85
1995-02-07,6.144755799,0.0,20.8,2.6
1995-02-08,5.125349307,0.0,20.75,0.09999999999999999
1995-02-09,4.304160744,0.0,15.3,-2.4000000000000004
1995-02-10,3.709506957,0.0,16.15,-2.2
1995-02-11,3.426338487,10.9,7.85,1.9
1995-02-12,3.39802164,28.7,5.3,-4.45
1995-02-13,3.11485317,9.1,0.45,-5.3
1995-02-14,2.775051006,0.0,4.65,-3.5
1995-02-15,2.605149924,10.4,2.7,-2.05
1995-02-16,2.491882536,5.6,8.6,-0.39999999999999997
1995-02-17,15.630899544,85.6,5.35,1.25
1995-02-18,21.634071108,3.6,15.25,3.95
1995-02-19,15.234463686,3.8,32.45,7.05
1995-02-20,12.034659975,0.0,27.4,3.25
1995-02-21,9.401193204,0.0,22.55,6.85
1995-02-22,7.560598149,0.0,19.8,3.3499999999999996
1995-02-23,6.399607422,0.0,21.7,0.9
1995-02-24,5.691686247,0.0,20.0,1.25
1995-02-25,4.927131378,0.0,17.3,5.6
1995-02-26,4.275843897,0.0,15.75,3.95
1995-02-27,3.794457498,0.0,17.8,-0.5
1995-02-28,3.313071099,0.0,16.4,-2.5999999999999996
1995-03-01,2.973268935,0.0,12.9,-2.7
1995-03-02,2.690100465,0.0,15.45,-1.9
1995-03-03,2.520199383,8.6,5.5,2.95
1995-03-04,2.54851623,28.4,4.0,0.05
1995-03-05,2.378615148,3.3,8.45,-1.1
1995-03-06,2.180397219,0.0,10.1,-2.4
1995-03-07,2.038812984,0.0,12.25,-3.95
1995-03-08,2.180397219,9.9,8.3,1.5
1995-03-09,3.001585782,6.1,13.7,4.95
1995-03-10,3.341387946,4.6,9.6,2.75
1995-03-11,3.341387946,1.8,14.05,4.25
1995-03-12,3.228120558,11.4,11.3,3.3
1995-03-13,3.766140651,6.9,12.2,5.0
1995-03-14,4.700596602,21.3,10.05,5.35
1995-03-15,6.116438952,5.1,13.55,2.1500000000000004
1995-03-16,5.323567236,0.0,17.9,-0.8999999999999999
1995-03-17,4.53069552,7.1,19.6,1.95
1995-03-18,5.635052553,21.3,9.6,4.1
1995-03-19,5.889904176,8.1,9.8,2.6500000000000004
1995-03-20,6.711092739,15.0,9.850000000000001,2.45
1995-03-21,6.456241116,6.4,8.7,0.25
1995-03-22,5.578418859,2.8,10.600000000000001,0.05
1995-03-23,4.700596602,3.3,9.5,-1.6
1995-03-24,4.077625968,5.3,8.5,0.25
1995-03-25,3.539605875,0.0,11.2,-1.8499999999999999
1995-03-26,3.171486864,0.0,16.799999999999997,-3.4000000000000004
1995-03-27,2.888318394,0.0,18.9,-3.15
1995-03-28,2.690100465,0.0,20.25,-1.85
1995-03-29,2.520199383,0.0,23.3,-2.8
1995-03-30,2.378615148,0.0,24.4,-1.15
1995-03-31,2.293664607,1.5,14.95,0.25
1995-04-01,2.237030913,0.5,14.55,-0.35
1995-04-02,2.095446678,0.0,21.8,-2.35
1995-04-03,2.038812984,0.0,25.9,0.35
1995-04-04,2.095446678,7.9,10.850000000000001,1.45
1995-04-05,2.350298301,11.9,12.75,5.1
1995-04-06,2.576833077,13.5,14.95,4.85
1995-04-07,3.907724886,28.4,11.55,3.1
1995-04-08,4.842180837,30.2,6.35,1.25
1995-04-09,4.898814531,4.3,10.75,0.95
1995-04-10,4.417428132,2.3,14.2,0.35
1995-04-11,4.389111285,4.3,17.200000000000003,5.6
1995-04-12,5.266933541999999,24.4,13.65,6.1
1995-04-13,8.268519324,17.5,7.7,0.55
1995-04-14,7.362380219999999,7.9,7.35,0.05
1995-04-15,6.484557962999999,0.0,12.7,-0.4
1995-04-16,5.493468318,0.0,18.0,-2.4000000000000004
1995-04-17,4.728913449,7.4,7.75,-0.4
1995-04-18,4.190893356,5.3,10.2,-0.05
1995-04-19,3.737823804,17.5,11.05,0.65
1995-04-20,4.020992274,14.0,7.8,0.8500000000000001
1995-04-21,3.879408039,0.0,16.15,0.8
1995-04-22,3.709506957,0.0,24.25,-1.7
1995-04-23,3.624556416,0.0,27.05,0.15000000000000002
1995-04-24,3.766140651,0.0,24.85,1.9
1995-04-25,3.68119011,0.0,24.45,0.8
1995-04-26,3.454655334,0.0,18.299999999999997,1.85
1995-04-27,3.822774345,20.8,11.5,4.25
1995-04-28,4.020992274,8.9,15.100000000000001,5.95
1995-04-29,3.936041733,10.2,12.5,6.4
1995-04-30,3.879408039,0.0,20.75,6.9
1995-05-01,4.672279755,37.3,12.85,8.45
1995-05-02,8.240202477,9.9,13.5,6.1
1995-05-03,7.192479138,9.7,19.2,5.4
1995-05-04,7.192479138,5.3,12.45,7.1
1995-05-05,6.654459044999999,1.5,10.2,6.4
1995-05-06,6.22970634,1.3,10.350000000000001,6.8
1995-05-07,5.635052553,0.0,14.100000000000001,6.45
1995-05-08,4.983765072,0.0,20.15,5.55
1995-05-09,4.502378673,13.0,17.0,7.55
1995-05-10,4.389111285,9.1,14.4,7.55
1995-05-11,6.031488411,24.4,10.75,3.8499999999999996
1995-05-12,6.031488411,1.5,17.5,3.1
1995-05-13,5.323567236,0.0,18.8,-0.1
1995-05-14,4.615646061,0.0,27.200000000000003,0.4
1995-05-15,4.105942815,0.0,25.4,2.3
1995-05-16,3.709506957,0.0,15.5,9.5
1995-05-17,3.341387946,0.0,18.5,6.5
1995-05-18,3.001585782,0.0,20.200000000000003,4.5
1995-05-19,2.746734159,0.0,26.799999999999997,1.6
1995-05-20,2.576833077,0.0,27.85,4.7
1995-05-21,2.406931995,0.0,27.5,4.1
1995-05-22,2.237030913,0.0,27.55,6.4
1995-05-23,2.123763525,2.5,26.35,6.45
1995-05-24,2.010496137,0.0,26.5,7.1
1995-05-25,1.868911902,0.0,28.3,5.0
1995-05-26,1.755644514,0.0,29.1,5.9
1995-05-27,1.642377126,0.0,28.1,7.55
1995-05-28,1.529109738,0.0,32.3,6.6
1995-05-29,1.472476044,0.0,32.8,9.25
1995-05-30,1.387525503,0.0,29.2,8.2
1995-05-31,1.302574962,0.0,30.299999999999997,7.7
1995-06-01,1.245941268,0.0,28.25,8.1
1995-06-02,1.189307574,0.0,24.9,8.7
1995-06-03,1.13267388,0.0,26.35,9.1
1995-06-04,1.076040186,5.8,21.6,7.6
1995-06-05,1.387525503,24.9,11.100000000000001,4.6
1995-06-06,1.529109738,17.0,10.100000000000001,4.65
1995-06-07,1.670693973,0.3,20.4,5.25
1995-06-08,1.41584235,0.0,25.15,2.8499999999999996
1995-06-09,1.245941268,0.0,27.55,5.15
1995-06-10,1.189307574,8.1,19.700000000000003,8.649999999999999
1995-06-11,1.217624421,0.0,21.75,6.2
1995-06-12,1.076040186,0.0,21.75,5.5
1995-06-13,1.047723339,2.8,14.35,9.8
1995-06-14,1.330891809,29.0,17.0,9.05
1995-06-15,1.953862443,1.0,19.9,7.9
1995-06-16,1.585743432,0.5,16.55,10.3
1995-06-17,1.500792891,7.6,19.450000000000003,8.3
1995-06-18,1.925545596,14.7,13.3,7.2
1995-06-19,2.463565689,8.6,14.25,7.5
1995-06-20,2.633466771,0.5,16.15,8.5
1995-06-21,2.406931995,0.0,20.299999999999997,9.25
1995-06-22,2.095446678,0.0,26.4,10.850000000000001
1995-06-23,1.840595055,0.0,30.25,8.5
1995-06-24,1.670693973,0.0,30.549999999999997,10.4
1995-06-25,1.500792891,0.0,30.5,9.2
1995-06-26,1.387525503,0.0,31.35,9.4
1995-06-27,1.274258115,0.0,33.849999999999994,6.5
1995-06-28,1.160990727,0.0,31.9,8.95
1995-06-29,1.104357033,0.0,35.8,8.6
1995-06-30,1.019406492,0.0,35.85,10.350000000000001
1995-07-01,0.991089645,0.0,33.849999999999994,12.7
1995-07-02,0.934455951,0.0,25.25,11.8
1995-07-03,0.906139104,0.0,24.15,11.3
1995-07-04,0.84950541,0.0,27.1,10.8
1995-07-05,0.821188563,0.0,28.25,8.3
1995-07-06,0.906139104,8.6,23.3,11.3
1995-07-07,0.821188563,4.1,24.799999999999997,9.6
1995-07-08,0.84950541,5.8,29.6,13.4
1995-07-09,1.302574962,16.3,17.6,11.55
1995-07-10,1.076040186,0.0,22.9,10.55
1995-07-11,0.906139104,0.3,23.799999999999997,9.4
1995-07-12,0.821188563,0.0,24.299999999999997,8.6
1995-07-13,0.764554869,0.0,24.85,8.3
1995-07-14,0.736238022,0.0,27.5,7.25
1995-07-15,0.707921175,0.0,28.8,8.05
1995-07-16,0.6796043279999999,0.0,35.9,9.1
1995-07-17,0.622970634,0.0,37.4,11.2
1995-07-18,0.622970634,0.0,33.3,14.4
1995-07-19,0.5946537869999999,3.6,35.099999999999994,15.05
1995-07-20,0.6796043279999999,0.0,32.55,14.125
1995-07-21,0.5946537869999999,0.0,30.0,13.2
1995-07-22,0.56633694,0.0,26.8,13.649999999999999
1995-07-23,0.538020093,0.0,27.35,13.1
1995-07-24,0.538020093,0.0,28.45,12.6
1995-07-25,0.5097032459999999,0.0,28.5,9.350000000000001
1995-07-26,0.5097032459999999,0.0,24.1,14.649999999999999
1995-07-27,0.5097032459999999,0.0,30.65,14.1
1995-07-28,0.4813863989999999,0.0,31.6,11.5
1995-07-29,0.4813863989999999,0.0,23.299999999999997,7.3
1995-07-30,0.453069552,0.0,29.85,4.15
1995-07-31,0.453069552,0.0,35.25,5.65
1995-08-01,0.453069552,0.0,32.7,9.649999999999999
1995-08-02,0.424752705,0.0,31.6,10.3
1995-08-03,0.424752705,0.0,32.650000000000006,9.5
1995-08-04,0.424752705,0.0,35.099999999999994,11.0
1995-08-05,0.424752705,0.0,31.45,11.9
1995-08-06,0.424752705,5.1,29.8,9.8
1995-08-07,0.4813863989999999,4.6,16.9,8.95
1995-08-08,0.453069552,0.0,25.2,9.350000000000001
1995-08-09,0.424752705,0.0,30.1,6.15
1995-08-10,0.424752705,2.3,18.799999999999997,10.55
1995-08-11,0.424752705,0.3,25.85,8.850000000000001
1995-08-12,0.396435858,0.0,24.5,6.5
1995-08-13,0.396435858,0.0,26.95,3.6
1995-08-14,0.396435858,0.0,29.6,6.55
1995-08-15,0.396435858,0.0,22.85,10.55
1995-08-16,0.396435858,8.6,18.85,9.350000000000001
1995-08-17,0.934455951,32.3,17.2,7.95
1995-08-18,0.5946537869999999,0.0,24.950000000000003,6.6
1995-08-19,0.4813863989999999,0.0,30.65,4.9
1995-08-20,0.424752705,0.0,32.2,8.350000000000001
1995-08-21,0.396435858,0.0,30.35,7.75
1995-08-22,0.396435858,0.0,30.1,7.0
1995-08-23,0.396435858,0.0,21.95,7.75
1995-08-24,0.368119011,0.0,25.4,4.3
1995-08-25,0.368119011,0.0,25.75,4.2
1995-08-26,0.368119011,0.0,25.7,4.65
1995-08-27,0.368119011,0.0,26.1,3.8
1995-08-28,0.368119011,2.8,24.299999999999997,10.149999999999999
1995-08-29,0.368119011,0.3,24.299999999999997,9.8
1995-08-30,0.368119011,0.0,26.7,6.15
1995-08-31,0.3398021639999999,0.0,31.55,7.5
1995-09-01,0.3398021639999999,0.0,32.4,9.5
1995-09-02,0.3398021639999999,0.0,31.35,10.7
1995-09-03,0.3398021639999999,0.0,21.4,11.95
1995-09-04,0.3398021639999999,0.0,25.1,9.45
1995-09-05,0.3398021639999999,2.0,22.549999999999997,9.9
1995-09-06,0.3398021639999999,0.0,23.8,7.75
1995-09-07,0.3398021639999999,0.0,20.15,8.05
1995-09-08,0.3398021639999999,0.0,29.5,5.35
1995-09-09,0.311485317,0.0,31.45,7.0
1995-09-10,0.311485317,0.0,30.15,8.25
1995-09-11,0.311485317,0.0,30.3,8.5
1995-09-12,0.311485317,0.0,32.900000000000006,8.9
1995-09-13,0.311485317,0.0,34.650000000000006,8.45
1995-09-14,0.311485317,0.0,33.650000000000006,9.25
1995-09-15,0.311485317,0.0,30.85,11.350000000000001
1995-09-16,0.311485317,0.0,22.4,13.3
1995-09-17,0.311485317,0.0,25.05,13.9
1995-09-18,0.311485317,0.0,28.35,10.850000000000001
1995-09-19,0.28316847,0.0,29.549999999999997,7.6
1995-09-20,0.28316847,0.0,30.6,8.4
1995-09-21,0.2803367853,0.0,30.15,5.95
1995-09-22,0.2775051006,0.0,31.9,2.45
1995-09-23,0.2775051006,0.0,29.75,4.4
1995-09-24,0.2775051006,11.4,26.3,7.05
1995-09-25,0.368119011,14.5,19.4,11.649999999999999
1995-09-26,0.368119011,16.3,17.333333333333332,10.983333333333333
1995-09-27,0.538020093,11.7,15.266666666666666,10.316666666666665
1995-09-28,0.764554869,24.1,13.2,9.649999999999999
1995-09-29,1.019406492,13.0,15.100000000000001,9.45
1995-09-30,0.736238022,8.6,18.35,7.9
1995-10-01,0.622970634,0.0,19.15,3.4
1995-10-02,0.4813863989999999,0.0,21.6,3.7
1995-10-03,1.160990727,30.7,14.55,8.05
1995-10-04,1.019406492,0.3,18.15,3.6
1995-10-05,0.707921175,0.0,20.0,1.35
1995-10-06,0.56633694,0.0,18.2,3.55
1995-10-07,0.5097032459999999,0.0,19.25,0.7
1995-10-08,0.4813863989999999,1.8,13.850000000000001,3.3499999999999996
1995-10-09,0.453069552,0.0,17.55,7.4
1995-10-10,0.453069552,0.8,20.5,7.95
1995-10-11,1.019406492,41.4,11.350000000000001,6.75
1995-10-12,1.98217929,3.8,14.7,1.75
1995-10-13,1.330891809,0.0,18.65,0.1
1995-10-14,0.991089645,0.0,22.25,2.6500000000000004
1995-10-15,0.792871716,0.0,21.45,3.9
1995-10-16,0.736238022,3.8,16.85,5.9
1995-10-17,0.792871716,19.8,12.6,4.65
1995-10-18,1.274258115,0.0,16.7,0.95
1995-10-19,0.906139104,0.0,18.25,-0.95
1995-10-20,0.792871716,3.0,12.6,4.0
1995-10-21,0.906139104,10.2,9.850000000000001,5.25
1995-10-22,0.934455951,0.0,13.350000000000001,2.3499999999999996
1995-10-23,0.821188563,0.0,14.85,0.95
1995-10-24,0.736238022,0.0,16.35,1.8
1995-10-25,0.821188563,34.5,12.3,7.25
1995-10-26,2.8316847,8.1,14.35,8.4
1995-10-27,2.038812984,0.0,16.85,3.9
1995-10-28,1.614060279,0.0,17.799999999999997,2.3
1995-10-29,1.302574962,0.0,16.8,2.45
1995-10-30,1.13267388,0.0,11.5,0.0
1995-10-31,0.991089645,0.0,13.2,-2.5
1995-11-01,0.84950541,0.0,11.899999999999999,-3.75
1995-11-02,0.764554869,0.0,9.25,-4.2
1995-11-03,0.707921175,0.0,10.45,-4.25
1995-11-04,0.651287481,2.8,9.25,-3.05
1995-11-05,0.792871716,21.6,7.5,4.6
1995-11-06,1.840595055,30.0,7.85,5.45
1995-11-07,3.822774345,3.0,11.2,6.75
1995-11-08,8.77822257,52.8,12.8,7.55
1995-11-09,10.109114379,9.4,7.7,3.8499999999999996
1995-11-10,7.305746526,25.7,6.65,3.75
1995-11-11,20.359812993,66.8,12.75,6.55
1995-11-12,19.680208665,24.9,10.55,8.7
1995-11-13,17.358227211,7.9,18.45,10.0
1995-11-14,11.270105106,0.0,18.0,6.7
1995-11-15,7.730499231,6.1,12.2,6.15
1995-11-16,5.748319941,0.3,15.649999999999999,6.95
1995-11-17,4.502378673,10.2,12.65,5.05
1995-11-18,4.105942815,0.0,11.5,2.7
1995-11-19,3.341387946,0.0,12.9,2.5
1995-11-20,2.888318394,0.0,12.5,0.45
1995-11-21,2.54851623,4.8,11.55,3.7
1995-11-22,2.406931995,2.0,12.649999999999999,8.25
1995-11-23,2.180397219,2.5,13.4,6.4
1995-11-24,3.454655334,37.8,12.8,9.05
1995-11-25,17.131692434999998,65.5,11.5,5.05
1995-11-26,16.593672341999998,20.6,7.15,4.75
1995-11-27,16.395454413,61.5,9.649999999999999,3.45
1995-11-28,22.313675436,3.6,11.1,8.55
1995-11-29,19.227139113,50.3,12.05,7.15
1995-11-30,28.288530153,42.9,11.65,8.649999999999999
1995-12-01,29.44952088,22.9,9.3,4.35
1995-12-02,17.698029375,21.3,6.8,3.1
1995-12-03,12.629313762,18.0,10.15,2.1500000000000004
1995-12-04,14.243374041,5.3,9.3,2.05
1995-12-05,12.091293669,23.6,5.1,-0.35
1995-12-06,10.703768166,4.6,9.5,3.95
1995-12-07,8.976440498999999,0.0,8.3,1.95
1995-12-08,7.447330761,16.5,6.05,1.95
1995-12-09,11.100204024,29.5,11.3,4.35
1995-12-10,10.165748073,11.2,10.55,5.45
1995-12-11,9.571094286,26.2,10.85,6.85
1995-12-12,13.677037101,30.5,11.7,5.9
1995-12-13,15.404364768,23.4,6.199999999999999,3.6500000000000004
1995-12-14,14.583176205,27.9,7.8,0.75
1995-12-15,13.082383314,1.3,6.65,-1.25
1995-12-16,9.571094286,1.5,7.2,0.55
1995-12-17,7.447330761,0.0,7.4,-0.85
1995-12-18,6.031488411,0.0,8.55,2.1
1995-12-19,4.955448225,0.0,8.55,2.45
1995-12-20,4.162576509,0.0,9.15,-0.65
1995-12-21,3.596239569,0.0,6.1,-2.3
1995-12-22,3.143170017,0.0,3.5500000000000003,-4.4
1995-12-23,2.8316847,0.0,3.0999999999999996,-5.85
1995-12-24,2.576833077,0.0,2.5999999999999996,-6.9
1995-12-25,2.350298301,0.0,3.0,-6.5
1995-12-26,2.180397219,0.0,1.7999999999999998,-5.7
1995-12-27,2.067129831,4.3,4.75,-0.75
1995-12-28,2.180397219,30.7,5.300000000000001,0.15000000000000002
1995-12-29,9.882579603,61.5,6.6,2.6500000000000004
1995-12-30,21.80397219,61.5,12.75,5.05
1995-12-31,21.747338496,11.9,9.7,5.199999999999999
1996-01-01,12.714264303,0.0,11.2,4.4
1996-01-02,8.806539417,4.3,11.05,0.75
1996-01-03,8.721588876,20.6,9.7,4.05
1996-01-04,8.325153018,11.4,6.7,2.3499999999999996
1996-01-05,7.107528597,15.5,7.45,2.6500000000000004
1996-01-06,7.390697067,0.3,9.8,1.25
1996-01-07,8.77822257,42.7,7.85,3.8
1996-01-08,12.261194751,2.5,11.850000000000001,5.4
1996-01-09,11.355055647,28.4,9.149999999999999,5.199999999999999
1996-01-10,10.647134472,0.0,10.35,1.75
1996-01-11,8.410103559,0.0,11.3,-1.35
1996-01-12,6.824360126999999,0.0,11.8,-0.8500000000000001
1996-01-13,5.521785165,0.0,10.3,-2.0
1996-01-14,5.210299848,26.4,7.800000000000001,-0.6
1996-01-15,8.948123652,32.8,9.05,5.6
1996-01-16,12.261194751,15.2,7.6,0.44999999999999996
1996-01-17,9.91089645,4.8,6.5,-0.9
1996-01-18,8.21188563,42.2,5.5,-1.05
1996-01-19,11.921392587,35.3,5.4,1.85
1996-01-20,11.808125199,71.6,3.3,-0.15000000000000002
1996-01-21,10.732085013,23.6,3.95,-0.8500000000000001
1996-01-22,7.560598149,9.4,3.45,-1.0
1996-01-23,6.088122105,44.5,1.85,-0.55
1996-01-24,5.153666154,27.9,1.7,-0.65
1996-01-25,4.275843897,13.7,3.3,-0.5
1996-01-26,3.709506957,9.4,4.15,-0.75
1996-01-27,3.737823804,34.8,1.4,-0.6499999999999999
1996-01-28,3.652873263,29.2,2.2,-0.5
1996-01-29,3.313071099,6.1,3.0999999999999996,-2.75
1996-01-30,2.944952088,0.0,2.5,-8.05
1996-01-31,2.690100465,0.0,5.75,-9.5
1996-02-01,2.491882536,0.0,4.45,-11.1
1996-02-02,2.293664607,0.0,5.1,-11.7
1996-02-03,2.180397219,9.4,3.3,-8.8
1996-02-04,2.8316847,1.5,6.0,-0.8
1996-02-05,5.210299848,37.1,3.75,-0.55
1996-02-06,47.85547143,131.6,3.8499999999999996,0.45
1996-02-07,133.0891809,89.7,4.7,1.95
1996-02-08,52.95250389,36.6,8.7,2.0
1996-02-09,52.95250389,10.7,11.0,-0.65
1996-02-10,27.014272038,0.0,10.2,-0.55
1996-02-11,16.876840812,0.0,13.5,-1.7
1996-02-12,12.912482232,0.0,14.15,-2.0
1996-02-13,12.204561057,0.0,14.2,-2.05
1996-02-14,11.751491505,0.0,14.05,-2.5
1996-02-15,11.156837718,0.0,14.95,-2.2
1996-02-16,10.873669248,2.8,14.45,-0.8
1996-02-17,12.374462139,20.8,10.3,3.0
1996-02-18,21.350902638,37.6,10.850000000000001,3.75
1996-02-19,20.501397228,5.1,11.149999999999999,0.6499999999999999
1996-02-20,14.951295216,21.6,13.0,-0.3
1996-02-21,11.213471412,7.1,5.550000000000001,-0.8500000000000001
1996-02-22,8.636638334999999,5.6,5.199999999999999,-1.4
1996-02-23,7.362380219999999,35.8,2.0,-0.8
1996-02-24,6.088122105,3.8,7.15,-2.1
1996-02-25,5.040398766,0.3,6.0,-4.25
1996-02-26,4.417428132,0.0,5.9,-8.45
1996-02-27,3.737823804,0.5,4.25,-7.15
1996-02-28,2.973268935,0.0,7.25,-3.0
1996-02-29,2.435248842,0.0,8.7,-5.0
1996-03-01,2.095446678,0.0,11.1,-4.5
1996-03-02,1.925545596,0.0,9.850000000000001,-3.95
1996-03-03,2.661783618,11.4,9.25,0.45
1996-03-04,4.700596602,14.7,10.15,0.8
1996-03-05,5.974854717,9.4,8.45,1.45
1996-03-06,5.351884083,0.8,12.7,0.9
1996-03-07,4.842180837,0.0,15.4,2.45
1996-03-08,5.097032459999999,0.0,19.65,-0.4
1996-03-09,6.399607422,0.0,19.65,4.55
1996-03-10,6.965944362,9.4,13.55,5.2
1996-03-11,8.013667701,8.9,12.600000000000001,5.4
1996-03-12,7.702182383999999,0.5,12.65,3.55
1996-03-13,6.51287481,0.0,17.3,-0.4
1996-03-14,5.436834623999999,0.0,20.3,-2.75
1996-03-15,4.700596602,0.0,16.049999999999997,-1.9
1996-03-16,4.134259662,0.0,18.3,-3.0
1996-03-17,3.539605875,0.0,19.75,-0.4
1996-03-18,3.029902629,0.0,23.85,-1.35
1996-03-19,2.973268935,0.3,15.65,2.1
1996-03-20,2.661783618,0.0,16.85,0.6
1996-03-21,2.321981454,4.6,17.25,-2.25
1996-03-22,2.576833077,9.9,8.1,1.15
1996-03-23,2.152080372,0.5,10.600000000000001,2.25
1996-03-24,1.812278208,0.0,9.65,-1.8
1996-03-25,1.472476044,0.0,16.1,-3.5999999999999996
1996-03-26,1.302574962,0.0,17.85,-4.75
1996-03-27,1.160990727,1.5,7.75,0.6
1996-03-28,1.047723339,2.8,11.0,-0.75
1996-03-29,0.906139104,3.8,8.100000000000001,-1.3
1996-03-30,0.821188563,1.0,13.649999999999999,1.2000000000000002
1996-03-31,2.095446678,37.1,9.850000000000001,4.6
1996-04-01,6.569508504,19.6,14.9,5.05
1996-04-02,7.192479138,13.0,11.05,4.25
1996-04-03,6.258023187,1.3,16.85,1.5
1996-04-04,5.040398766,0.0,22.0,-1.5
1996-04-05,4.445744979,0.0,25.450000000000003,2.75
1996-04-06,4.304160744,0.0,27.4,3.25
1996-04-07,4.332477591,0.0,27.450000000000003,4.55
1996-04-08,4.445744979,2.0,27.4,6.550000000000001
1996-04-09,4.162576509,2.5,12.9,6.9
1996-04-10,3.766140651,5.6,12.0,5.199999999999999
1996-04-11,3.794457498,22.4,9.45,2.55
1996-04-12,4.502378673,29.0,6.45,2.2
1996-04-13,4.898814531,0.0,17.75,2.1
1996-04-14,4.842180837,0.0,23.25,0.75
1996-04-15,5.068715613,6.6,17.4,6.15
1996-04-16,5.861587329,17.3,10.2,3.05
1996-04-17,5.606735706,3.0,9.100000000000001,1.65
1996-04-18,5.295250389,20.3,9.25,1.9500000000000002
1996-04-19,5.436834623999999,9.4,10.95,0.5
1996-04-20,5.295250389,9.4,10.9,1.2
1996-04-21,5.266933541999999,8.4,12.35,1.35
1996-04-22,9.854262756,43.7,10.649999999999999,5.8
1996-04-23,20.784565698,46.5,12.05,7.1
1996-04-24,30.58219476,16.3,11.35,5.2
1996-04-25,19.651891818,8.1,17.65,5.0
1996-04-26,14.668126746,0.0,15.850000000000001,4.0
1996-04-27,11.156837718,0.0,17.1,0.8
1996-04-28,8.77822257,0.0,24.15,-1.65
1996-04-29,7.220795985,0.0,24.3,4.4
1996-04-30,6.201389493,0.0,23.049999999999997,1.85
1996-05-01,5.550102012,0.0,18.65,5.9
1996-05-02,4.955448225,0.0,14.2,1.65
1996-05-03,4.474061826,5.6,8.95,1.15
1996-05-04,4.049309121,0.0,18.549999999999997,0.55
1996-05-05,3.68119011,0.0,19.05,0.95
1996-05-06,3.369704793,0.0,19.65,-1.45
1996-05-07,3.11485317,0.0,16.5,3.2
1996-05-08,2.888318394,0.0,17.65,-0.4
1996-05-09,2.718417312,0.0,18.5,-2.35
1996-05-10,2.576833077,0.0,22.6,1.85
1996-05-11,2.491882536,0.0,26.65,6.85
1996-05-12,2.491882536,2.3,26.75,7.9
1996-05-13,2.803367853,17.3,16.6,12.0
1996-05-14,4.587329214,32.8,17.4,11.5
1996-05-15,8.806539417,28.4,16.95,9.25
1996-05-16,8.693272029,15.2,21.1,7.35
1996-05-17,9.797629062,25.4,14.3,7.55
1996-05-18,12.969115926,17.3,13.5,7.05
1996-05-19,13.252284396,8.6,14.55,6.0
1996-05-20,11.100204024,0.0,19.35,5.55
1996-05-21,9.316242663,15.5,13.45,6.8
1996-05-22,10.420599696,24.4,10.15,4.25
1996-05-23,10.958619789,3.3,15.3,4.5
1996-05-24,9.599411133,0.0,24.25,4.45
1996-05-25,8.070301395,0.0,27.450000000000003,3.8499999999999996
1996-05-26,6.569508504,0.0,19.75,7.15
1996-05-27,5.521785165,0.0,17.85,3.7
1996-05-28,4.842180837,2.3,15.0,3.75
1996-05-29,4.304160744,0.0,18.1,3.9
1996-05-30,3.851091192,0.0,19.35,4.95
1996-05-31,3.454655334,0.0,23.25,3.0
1996-06-01,3.11485317,0.0,29.200000000000003,6.9
1996-06-02,2.860001547,0.0,35.1,9.8
1996-06-03,2.661783618,0.0,28.950000000000003,11.7
1996-06-04,2.463565689,0.0,24.1,7.75
1996-06-05,2.293664607,0.0,29.5,4.9
1996-06-06,2.152080372,0.0,31.85,8.7
1996-06-07,2.010496137,0.0,26.0,8.7
1996-06-08,1.897228749,0.0,24.0,8.95
1996-06-09,1.783961361,0.0,22.0,6.6
1996-06-10,1.69901082,0.0,25.35,3.95
1996-06-11,1.614060279,0.0,25.25,6.25
1996-06-12,1.557426585,0.0,27.4,5.4
1996-06-13,1.500792891,0.0,22.9,6.2
1996-06-14,1.444159197,0.0,25.15,4.75
1996-06-15,1.387525503,0.0,25.5,6.0
1996-06-16,1.3592086559999998,0.0,16.799999999999997,5.75
1996-06-17,1.3592086559999998,7.9,16.4,4.7
1996-06-18,1.330891809,2.5,20.8,4.0
1996-06-19,1.245941268,0.0,28.6,0.8
1996-06-20,1.160990727,0.0,25.7,7.05
1996-06-21,1.104357033,0.0,23.1,5.8
1996-06-22,1.047723339,0.0,23.0,5.300000000000001
1996-06-23,1.585743432,30.2,16.0,9.8
1996-06-24,1.840595055,12.4,17.1,9.4
1996-06-25,1.642377126,0.5,22.4,8.55
1996-06-26,1.557426585,2.8,26.0,10.2
1996-06-27,1.727327667,1.0,19.6,10.0
1996-06-28,1.472476044,0.0,22.75,9.05
1996-06-29,1.302574962,0.0,27.75,5.65
1996-06-30,1.189307574,0.0,29.3,8.3
1996-07-01,1.104357033,0.0,32.95,8.9
1996-07-02,1.047723339,0.0,31.55,11.55
1996-07-03,0.962772798,0.0,26.4,10.6
1996-07-04,0.962772798,0.0,23.8,6.199999999999999
1996-07-05,0.906139104,0.0,26.75,3.25
1996-07-06,0.8778222569999999,0.0,33.5,5.55
1996-07-07,0.821188563,0.0,36.1,8.25
1996-07-08,0.792871716,0.0,30.700000000000003,10.649999999999999
1996-07-09,0.792871716,0.0,25.9,9.9
1996-07-10,0.736238022,0.0,30.4,7.05
1996-07-11,0.736238022,0.0,32.7,9.850000000000001
1996-07-12,0.707921175,0.0,37.45,11.8
1996-07-13,0.6796043279999999,0.0,40.45,12.2
1996-07-14,0.651287481,0.0,35.150000000000006,14.95
1996-07-15,0.651287481,0.0,32.05,13.1
1996-07-16,0.622970634,0.0,27.0,9.25
1996-07-17,0.707921175,11.9,15.4,9.0
1996-07-18,0.736238022,2.3,18.3,8.3
1996-07-19,0.651287481,0.0,25.4,9.4
1996-07-20,0.622970634,0.0,28.450000000000003,6.65
1996-07-21,0.5946537869999999,0.0,31.7,9.2
1996-07-22,0.56633694,0.0,38.55,11.55
1996-07-23,0.538020093,0.0,37.8,12.8
1996-07-24,0.538020093,0.0,36.35,14.6
1996-07-25,0.5097032459999999,0.0,38.25,12.149999999999999
1996-07-26,0.5097032459999999,0.0,38.35,14.45
1996-07-27,0.4813863989999999,0.0,35.0,14.1
1996-07-28,0.4813863989999999,0.0,23.25,15.149999999999999
1996-07-29,0.4813863989999999,0.0,36.05,12.3
1996-07-30,0.453069552,0.0,31.85,13.05
1996-07-31,0.453069552,0.0,31.950000000000003,9.9
1996-08-01,0.424752705,0.0,28.9,8.2
1996-08-02,0.453069552,4.6,20.25,9.149999999999999
1996-08-03,0.453069552,0.0,21.55,7.85
1996-08-04,0.424752705,0.0,26.35,7.15
1996-08-05,0.424752705,0.3,22.4,6.9
1996-08-06,0.424752705,0.0,30.0,3.8499999999999996
1996-08-07,0.396435858,0.0,38.150000000000006,8.4
1996-08-08,0.396435858,0.0,37.849999999999994,10.350000000000001
1996-08-09,0.368119011,0.0,40.0,11.850000000000001
1996-08-10,0.368119011,0.0,39.7,13.5
1996-08-11,0.368119011,0.0,28.549999999999997,10.95
1996-08-12,0.368119011,0.0,35.400000000000006,7.75
1996-08-13,0.3398021639999999,0.0,38.7,14.05
1996-08-14,0.3398021639999999,0.0,32.95,12.350000000000001
1996-08-15,0.3398021639999999,0.0,32.599999999999994,9.05
1996-08-16,0.3398021639999999,0.0,31.4,7.85
1996-08-17,0.311485317,0.0,26.5,7.85
1996-08-18,0.311485317,0.0,25.0,4.95
1996-08-19,0.311485317,0.0,26.25,5.25
1996-08-20,0.311485317,0.0,27.3,8.649999999999999
1996-08-21,0.311485317,0.0,31.7,6.05
1996-08-22,0.311485317,0.0,37.85,7.05
1996-08-23,0.311485317,0.0,39.45,8.4
1996-08-24,0.28316847,0.0,38.150000000000006,12.1
1996-08-25,0.311485317,0.0,27.6,15.1
1996-08-26,0.311485317,0.0,24.799999999999997,15.350000000000001
1996-08-27,0.368119011,8.4,23.200000000000003,12.1
1996-08-28,0.311485317,0.0,32.1,8.25
1996-08-29,0.311485317,0.0,35.75,10.2
1996-08-30,0.28316847,0.0,28.0,10.7
1996-08-31,0.28316847,0.0,26.8,8.95
1996-09-01,0.2803367853,0.0,28.3,5.4
1996-09-02,0.2775051006,0.0,26.7,5.85
1996-09-03,0.2746734159,0.0,25.4,6.1
1996-09-04,0.2746734159,1.3,21.3,8.75
1996-09-05,0.28316847,0.0,21.049999999999997,5.2
1996-09-06,0.2746734159,0.0,26.3,1.95
1996-09-07,0.2746734159,0.0,29.1,5.5
1996-09-08,0.2690100465,0.0,30.95,6.25
1996-09-09,0.2633466771,0.0,29.85,7.6
1996-09-10,0.2633466771,0.0,35.9,8.2
1996-09-11,0.2605149924,0.0,29.049999999999997,9.149999999999999
1996-09-12,0.2605149924,0.0,20.8,8.3
1996-09-13,0.2605149924,0.3,18.0,6.9
1996-09-14,0.311485317,31.0,16.55,11.149999999999999
1996-09-15,1.104357033,33.8,14.4,8.85
1996-09-16,0.8778222569999999,6.1,14.7,8.8
1996-09-17,0.764554869,2.3,17.8,5.2
1996-09-18,0.4813863989999999,0.3,19.75,2.3
1996-09-19,0.396435858,1.5,18.9,7.5
1996-09-20,0.368119011,0.0,19.4,3.6
1996-09-21,0.3398021639999999,1.0,18.7,0.0
1996-09-22,0.311485317,0.0,20.65,2.6500000000000004
1996-09-23,0.311485317,0.0,23.95,0.2
1996-09-24,0.28316847,0.0,24.05,1.75
1996-09-25,0.28316847,0.0,25.6,1.95
1996-09-26,0.2775051006,0.0,28.6,2.45
1996-09-27,0.2746734159,0.0,28.55,4.9
1996-09-28,0.2746734159,0.0,29.45,6.7
1996-09-29,0.2746734159,0.0,28.45,6.05
1996-09-30,0.2746734159,0.0,27.35,6.1
1996-10-01,0.2690100465,0.0,27.1,5.25
1996-10-02,0.2633466771,0.0,24.65,5.2
1996-10-03,0.2605149924,0.0,25.450000000000003,8.55
1996-10-04,0.2718417312,6.9,25.0,10.3
1996-10-05,0.396435858,1.8,22.9,12.9
1996-10-06,0.311485317,0.0,24.200000000000003,7.7
1996-10-07,0.28316847,0.0,26.25,6.7
1996-10-08,0.2746734159,0.0,28.3,8.6
1996-10-09,0.2718417312,0.3,28.0,8.8
1996-10-10,0.2605149924,0.3,20.15,9.5
1996-10-11,0.2605149924,0.0,21.1,9.05
1996-10-12,0.2803367853,10.4,20.45,9.25
1996-10-13,0.764554869,26.2,11.7,6.9
1996-10-14,0.651287481,13.7,12.45,5.0
1996-10-15,0.991089645,11.4,11.0,3.2
1996-10-16,0.792871716,0.0,10.15,0.05
1996-10-17,0.538020093,14.5,11.649999999999999,-2.1
1996-10-18,3.482972181,53.1,8.899999999999999,1.2000000000000002
1996-10-19,2.860001547,8.4,7.4,0.55
1996-10-20,1.783961361,2.0,10.6,-1.75
1996-10-21,1.3592086559999998,4.8,11.35,-2.45
1996-10-22,2.321981454,13.2,11.55,5.800000000000001
1996-10-23,2.633466771,21.1,11.75,4.75
1996-10-24,9.825945909,36.6,11.0,3.9499999999999997
1996-10-25,9.033074193,22.6,7.4,1.6
1996-10-26,5.550102012,0.0,11.45,-1.2
1996-10-27,3.794457498,0.0,14.25,-2.1500000000000004
1996-10-28,3.737823804,15.2,10.25,-0.7
1996-10-29,5.125349307,0.3,12.149999999999999,0.95
1996-10-30,3.822774345,0.0,14.25,-1.0
1996-10-31,3.001585782,0.0,14.75,-1.65
1996-11-01,2.463565689,0.0,15.100000000000001,-2.05
1996-11-02,2.123763525,0.0,16.049999999999997,-0.95
1996-11-03,1.868911902,2.3,11.85,3.1
1996-11-04,2.010496137,19.6,7.550000000000001,2.65
1996-11-05,1.840595055,0.0,8.85,0.0
1996-11-06,1.953862443,12.7,7.05,1.1
1996-11-07,2.633466771,0.0,12.600000000000001,3.7
1996-11-08,2.406931995,0.0,15.25,1.3
1996-11-09,2.237030913,0.0,14.15,-1.7000000000000002
1996-11-10,2.038812984,0.0,13.149999999999999,-0.8
1996-11-11,1.840595055,0.0,15.9,3.45
1996-11-12,1.670693973,7.4,15.399999999999999,2.8
1996-11-13,2.973268935,20.6,12.75,5.15
1996-11-14,4.020992274,16.0,7.35,3.8499999999999996
1996-11-15,4.049309121,7.6,9.0,2.6500000000000004
1996-11-16,5.181983001,32.0,4.4,1.5
1996-11-17,9.712678521,38.4,6.85,2.1
1996-11-18,30.58219476,116.6,5.05,-0.75
1996-11-19,64.56241116,47.8,13.05,0.75
1996-11-20,27.778826907,1.3,7.15,0.05
1996-11-21,15.659216391,7.4,7.85,2.2
1996-11-22,12.487729527,9.9,10.05,2.6
1996-11-23,9.797629062,3.0,7.300000000000001,0.8500000000000001
1996-11-24,15.517632156,45.7,10.05,4.95
1996-11-25,14.271690888,1.8,9.75,-1.35
1996-11-26,9.91089645,0.0,7.8,-1.9
1996-11-27,8.495054099999999,36.1,10.75,3.9
1996-11-28,14.243374041,28.7,7.65,1.85
1996-11-29,11.694857811,2.0,6.5,2.1500000000000004
1996-11-30,11.553273576,40.6,7.7,3.1500000000000004
1996-12-01,20.076644523,22.9,6.55,-0.25
1996-12-02,14.243374041,29.0,2.0,-0.7
1996-12-03,10.618817625,1.0,5.25,-1.9000000000000001
1996-12-04,24.125953644,86.1,9.2,-2.05
1996-12-05,32.56437405,41.7,5.0,-0.05
1996-12-06,19.312089654,21.6,1.85,-0.55
1996-12-07,21.011100474,59.2,2.9,0.1
1996-12-08,29.73268935,47.2,3.55,-0.25
1996-12-09,21.917239578,11.2,4.300000000000001,-0.45
1996-12-10,21.152684709,35.3,5.699999999999999,1.1
1996-12-11,18.151098927,17.0,6.4,0.25
1996-12-12,17.952880997999998,8.6,7.2,2.3499999999999996
1996-12-13,17.160009282,30.2,4.85,1.3
1996-12-14,13.478819172,0.0,4.65,-2.0
1996-12-15,10.052480685,0.0,3.65,-3.45
1996-12-16,7.787132925,0.0,8.2,-2.05
1996-12-17,6.173072646,0.0,3.05,-3.45
1996-12-18,5.153666154,0.0,2.8,-4.2
1996-12-19,4.445744979,5.6,3.25,-4.5
1996-12-20,5.295250389,40.6,5.5,-0.3
1996-12-21,5.493468318,6.9,2.75,-0.6
1996-12-22,4.983765072,11.9,4.35,-1.4
1996-12-23,5.691686247,46.2,4.15,-0.65
1996-12-24,12.091293669,59.4,5.45,1.2000000000000002
1996-12-25,44.17428132,108.5,6.75,3.4
1996-12-26,60.31488411,45.2,10.3,5.2
1996-12-27,38.51091192,20.1,7.199999999999999,0.35
1996-12-28,24.494072655,20.3,3.05,-0.35
1996-12-29,22.880012376,21.6,10.25,2.25
1996-12-30,23.871102021,19.8,7.05,4.0
1996-12-31,24.380805267,30.0,13.0,4.8
1997-01-01,31.1485317,17.5,9.399999999999999,6.4
1997-01-02,28.60001547,40.4,10.2,4.800000000000001
1997-01-03,27.070905732,11.9,5.7,0.65
1997-01-04,17.896247304,0.0,4.55,-1.3
1997-01-05,12.714264303,1.0,5.7,-0.95
1997-01-06,9.316242663,6.4,3.25,-2.8
1997-01-07,7.503964455,5.1,7.55,-1.0
1997-01-08,6.088122105,0.0,8.350000000000001,-0.9
1997-01-09,5.266933541999999,5.1,9.100000000000001,0.3
1997-01-10,5.153666154,3.3,11.5,4.449999999999999
1997-01-11,4.898814531,0.0,10.05,-1.15
1997-01-12,4.389111285,0.0,4.25,-4.6
1997-01-13,3.936041733,0.0,3.6500000000000004,-8.45
1997-01-14,3.596239569,0.0,4.35,-9.2
1997-01-15,3.284754252,0.0,5.5,-7.4
1997-01-16,3.058219476,10.9,3.55,-4.45
1997-01-17,4.643962908,21.6,5.0,0.75
1997-01-18,5.181983001,0.0,8.3,-0.8999999999999999
1997-01-19,5.153666154,0.3,8.2,0.65
1997-01-20,5.323567236,16.0,6.25,1.0
1997-01-21,5.181983001,7.6,5.65,-0.05000000000000002
1997-01-22,4.728913449,0.5,6.05,-2.35
1997-01-23,4.275843897,3.0,2.3,-2.15
1997-01-24,3.766140651,0.0,3.8,-1.65
1997-01-25,4.304160744,38.6,1.7999999999999998,-1.65
1997-01-26,9.004757346,7.9,8.35,-1.75
1997-01-27,7.730499231,17.3,5.949999999999999,-2.6
1997-01-28,11.89307574,9.7,12.8,2.9000000000000004
1997-01-29,10.47723339,0.0,12.75,0.1
1997-01-30,13.478819172,70.9,8.100000000000001,2.4000000000000004
1997-01-31,49.27131378,71.1,11.7,6.85
1997-02-01,35.39605875,8.1,11.55,4.65
1997-02-02,19.566941277,1.3,8.55,0.0
1997-02-03,13.252284396,0.0,8.35,-1.5
1997-02-04,9.429510051,0.0,12.05,-1.75
1997-02-05,6.965944362,0.0,7.8,-4.15
1997-02-06,5.521785165,0.0,5.550000000000001,-4.8
1997-02-07,4.757230296,7.1,7.35,0.44999999999999996
1997-02-08,4.134259662,0.3,8.8,2.0
1997-02-09,3.539605875,0.0,11.25,0.5
1997-02-10,3.11485317,0.0,13.25,-1.2000000000000002
1997-02-11,3.001585782,23.1,7.7,-2.2
1997-02-12,3.454655334,13.5,6.95,0.75
1997-02-13,3.228120558,6.9,7.75,0.8
1997-02-14,3.907724886,4.6,11.55,3.35
1997-02-15,4.134259662,0.0,14.85,0.45
1997-02-16,4.020992274,4.8,13.55,-0.04999999999999999
1997-02-17,4.360794438,13.2,10.100000000000001,3.8
1997-02-18,4.304160744,13.0,10.75,2.6
1997-02-19,10.986936636,39.4,7.1,2.0
1997-02-20,9.995846991,1.5,7.85,-1.3
1997-02-21,7.419013914,0.0,11.8,-1.75
1997-02-22,5.776636788,0.0,13.4,-3.3499999999999996
1997-02-23,4.728913449,0.0,14.65,-3.5
1997-02-24,4.020992274,0.0,15.8,-3.3499999999999996
1997-02-25,3.511289028,2.8,10.100000000000001,-2.2
1997-02-26,3.313071099,2.8,7.800000000000001,1.9500000000000002
1997-02-27,3.171486864,8.6,6.25,-0.65
1997-02-28,2.8316847,0.5,7.4,-1.0
1997-03-01,3.341387946,58.4,5.0,-0.44999999999999996
1997-03-02,4.502378673,27.2,3.4,-0.6000000000000001
1997-03-03,4.134259662,13.2,4.199999999999999,-0.9
1997-03-04,3.482972181,1.8,6.55,-1.0
1997-03-05,3.199803711,8.4,10.8,-2.6500000000000004
1997-03-06,4.587329214,18.0,9.25,1.7
1997-03-07,9.34455951,15.0,9.05,2.75
1997-03-08,9.06139104,0.0,11.45,-0.15000000000000002
1997-03-09,8.410103559,21.3,10.85,3.35
1997-03-10,24.91882536,43.9,11.05,6.35
1997-03-11,28.60001547,13.7,8.3,0.55
1997-03-12,17.528128292999998,20.6,6.2,-0.5
1997-03-13,12.289511598,0.0,7.95,-1.0
1997-03-14,9.089707887,0.5,10.65,-1.1
1997-03-15,11.581590423,32.8,11.1,3.5999999999999996
1997-03-16,20.67129831,41.1,10.899999999999999,5.25
1997-03-17,22.93664607,0.3,12.15,2.4000000000000004
1997-03-18,15.942384861,1.5,13.2,2.45
1997-03-19,13.507136019,3.3,16.4,6.7
1997-03-20,14.271690888,2.3,15.65,0.35
1997-03-21,11.298421953,0.0,19.450000000000003,-2.45
1997-03-22,8.523370947,0.0,18.450000000000003,-1.75
1997-03-23,6.767726433,0.0,15.0,0.35
1997-03-24,5.6633694,0.0,22.4,3.55
1997-03-25,5.210299848,0.0,25.4,0.8
1997-03-26,5.606735706,8.9,13.25,3.25
1997-03-27,5.465151471,16.3,12.7,1.25
1997-03-28,5.068715613,1.8,10.350000000000001,-1.1
1997-03-29,4.190893356,0.0,15.8,-3.0
1997-03-30,3.737823804,12.4,14.05,0.25
1997-03-31,3.454655334,12.2,4.85,-0.75
1997-04-01,3.171486864,1.3,11.55,-2.2
1997-04-02,2.888318394,0.0,16.75,-3.9000000000000004
1997-04-03,2.746734159,0.0,10.1,-1.9
1997-04-04,2.520199383,0.0,15.35,-1.7999999999999998
1997-04-05,2.321981454,0.0,16.85,-4.15
1997-04-06,2.152080372,0.3,18.4,-3.3
1997-04-07,2.321981454,14.2,10.75,4.85
1997-04-08,2.605149924,10.7,10.399999999999999,2.85
1997-04-09,2.576833077,1.0,9.5,0.09999999999999999
1997-04-10,2.435248842,0.0,13.75,-0.4
1997-04-11,2.237030913,0.0,16.549999999999997,-3.2
1997-04-12,2.095446678,0.0,17.5,-3.3499999999999996
1997-04-13,2.406931995,20.1,8.75,5.5
1997-04-14,4.728913449,16.5,11.149999999999999,6.55
1997-04-15,6.059805258,0.0,23.85,4.3
1997-04-16,5.861587329,2.5,18.35,5.7
1997-04-17,5.408517777,0.0,21.6,6.65
1997-04-18,5.351884083,10.7,15.05,7.1
1997-04-19,7.957034007,40.1,12.75,9.25
1997-04-20,17.669712527999998,7.1,15.75,4.449999999999999
1997-04-21,12.261194751,12.4,14.7,0.5
1997-04-22,11.241788259,20.1,15.7,6.55
1997-04-23,14.44159197,29.2,11.45,4.3
1997-04-24,13.365551784,0.0,17.3,3.15
1997-04-25,10.420599696,0.0,25.950000000000003,0.2
1997-04-26,8.551687794,2.8,24.35,4.7
1997-04-27,8.098618242,2.3,14.45,4.65
1997-04-28,6.739409586,23.1,10.2,5.35
1997-04-29,7.673865537,7.1,15.5,5.3
1997-04-30,8.013667701,25.4,10.0,2.75
1997-05-01,7.447330761,2.0,13.75,0.35
1997-05-02,6.342973728,4.1,21.4,-1.35
1997-05-03,6.003171564,5.3,14.399999999999999,6.95
1997-05-04,5.493468318,0.0,21.25,6.4
1997-05-05,5.012081919,0.0,22.6,6.4
1997-05-06,4.785547143,2.8,17.55,3.35
1997-05-07,4.332477591,0.0,27.200000000000003,0.25
1997-05-08,4.049309121,0.0,28.450000000000003,3.45
1997-05-09,4.105942815,0.0,27.05,7.3
1997-05-10,4.134259662,0.0,32.75,6.4
1997-05-11,4.24752705,0.0,36.1,8.399999999999999
1997-05-12,4.24752705,0.0,31.6,9.100000000000001
1997-05-13,3.851091192,0.0,32.75,8.3
1997-05-14,3.426338487,0.8,27.6,9.7
1997-05-15,3.11485317,0.0,27.9,11.399999999999999
1997-05-16,2.775051006,0.0,31.1,8.8
1997-05-17,2.54851623,0.0,30.0,8.600000000000001
1997-05-18,2.293664607,0.0,30.8,7.15
1997-05-19,2.095446678,0.0,29.049999999999997,5.0
1997-05-20,1.925545596,0.0,21.75,1.8
1997-05-21,1.755644514,0.0,23.450000000000003,1.9500000000000002
1997-05-22,1.614060279,0.3,21.25,2.05
1997-05-23,1.585743432,6.1,17.65,8.1
1997-05-24,1.614060279,16.3,12.95,6.85
1997-05-25,1.585743432,0.5,14.8,4.55
1997-05-26,1.444159197,5.8,23.4,2.0999999999999996
1997-05-27,1.529109738,5.1,23.15,11.85
1997-05-28,1.585743432,14.7,22.85,13.25
1997-05-29,1.897228749,2.3,26.75,14.25
1997-05-30,1.642377126,0.8,29.4,13.899999999999999
1997-05-31,1.755644514,10.4,20.25,11.05
1997-06-01,1.812278208,0.0,19.35,7.8
1997-06-02,1.557426585,8.6,26.450000000000003,4.55
1997-06-03,1.812278208,15.7,18.0,10.25
1997-06-04,1.98217929,4.8,18.65,9.600000000000001
1997-06-05,1.925545596,0.0,21.9,7.1
1997-06-06,1.69901082,0.0,25.25,4.65
1997-06-07,1.529109738,0.0,22.75,6.05
1997-06-08,1.444159197,0.0,24.05,3.8499999999999996
1997-06-09,1.3592086559999998,0.0,28.2,5.5
1997-06-10,1.245941268,0.0,27.7,10.15
1997-06-11,1.160990727,1.3,21.1,10.95
1997-06-12,1.245941268,5.6,17.85,9.2
1997-06-13,1.160990727,0.0,20.65,9.55
1997-06-14,1.104357033,0.0,25.3,8.95
1997-06-15,1.019406492,0.0,29.65,9.05
1997-06-16,0.962772798,0.0,30.0,10.25
1997-06-17,0.934455951,0.0,22.4,12.15
1997-06-18,0.8778222569999999,0.0,25.35,8.05
1997-06-19,0.84950541,0.0,24.15,5.449999999999999
1997-06-20,0.84950541,0.0,25.4,4.35
1997-06-21,0.934455951,13.0,14.5,8.600000000000001
1997-06-22,0.962772798,2.5,18.85,8.600000000000001
1997-06-23,0.8778222569999999,1.3,19.35,6.550000000000001
1997-06-24,0.84950541,0.0,25.8,3.45
1997-06-25,0.792871716,0.0,24.85,6.65
1997-06-26,0.764554869,0.0,23.4,7.1
1997-06-27,0.736238022,0.0,24.35,4.65
1997-06-28,0.764554869,9.1,20.45,8.3
1997-06-29,0.792871716,0.3,24.049999999999997,9.399999999999999
1997-06-30,1.245941268,29.5,17.65,10.75
1997-07-01,1.245941268,0.3,23.7,9.5
1997-07-02,1.019406492,0.0,26.799999999999997,6.6
1997-07-03,0.906139104,0.0,34.75,7.35
1997-07-04,0.84950541,0.0,33.95,10.65
1997-07-05,0.792871716,0.0,25.6,10.5
1997-07-06,0.764554869,0.0,26.6,10.899999999999999
1997-07-07,0.736238022,0.0,28.15,8.85
1997-07-08,0.707921175,6.4,28.4,10.5
1997-07-09,1.019406492,6.4,16.85,10.05
1997-07-10,0.991089645,4.1,19.549999999999997,9.5
1997-07-11,0.906139104,0.0,24.75,7.95
1997-07-12,0.84950541,0.0,26.9,5.8
1997-07-13,0.764554869,0.0,29.0,8.15
1997-07-14,0.764554869,0.0,30.1,11.55
1997-07-15,0.736238022,0.0,28.65,9.5
1997-07-16,0.707921175,0.0,30.299999999999997,9.45
1997-07-17,0.6796043279999999,0.0,21.0,10.2
1997-07-18,0.651287481,0.0,27.35,12.65
1997-07-19,0.622970634,0.0,33.599999999999994,9.899999999999999
1997-07-20,0.622970634,0.0,33.95,12.75
1997-07-21,0.5946537869999999,0.0,26.4,12.0
1997-07-22,0.5946537869999999,0.0,28.15,9.2
1997-07-23,0.56633694,0.0,29.9,8.95
1997-07-24,0.538020093,0.0,29.85,8.75
1997-07-25,0.538020093,0.0,29.15,7.75
1997-07-26,0.538020093,0.0,29.7,8.35
1997-07-27,0.5097032459999999,0.0,31.549999999999997,9.7
1997-07-28,0.5097032459999999,0.0,30.85,11.55
1997-07-29,0.4813863989999999,0.0,27.85,12.600000000000001
1997-07-30,0.4813863989999999,0.0,27.7,14.05
1997-07-31,0.4813863989999999,0.0,28.95,11.45
1997-08-01,0.4813863989999999,0.0,30.5,10.5
1997-08-02,0.4813863989999999,0.0,30.25,10.3
1997-08-03,0.453069552,0.0,31.299999999999997,11.3
1997-08-04,0.453069552,0.0,31.450000000000003,12.600000000000001
1997-08-05,0.424752705,0.0,34.15,13.475000000000001
1997-08-06,0.424752705,0.0,32.8,14.35
1997-08-07,0.424752705,0.0,32.400000000000006,11.600000000000001
1997-08-08,0.396435858,0.0,29.85,8.5
1997-08-09,0.396435858,0.0,33.849999999999994,8.2
1997-08-10,0.368119011,0.0,34.5,8.95
1997-08-11,0.368119011,0.0,34.400000000000006,8.35
1997-08-12,0.368119011,0.0,36.35,9.899999999999999
1997-08-13,0.368119011,0.0,33.900000000000006,11.399999999999999
1997-08-14,0.3398021639999999,0.0,35.400000000000006,10.899999999999999
1997-08-15,0.3398021639999999,0.0,26.9,10.35
1997-08-16,0.3398021639999999,0.0,34.599999999999994,8.600000000000001
1997-08-17,0.3398021639999999,0.0,25.700000000000003,11.45
1997-08-18,0.3398021639999999,0.0,27.799999999999997,12.85
1997-08-19,0.3398021639999999,0.0,33.3,9.600000000000001
1997-08-20,0.368119011,8.1,18.6,13.85
1997-08-21,0.368119011,0.0,28.15,12.85
1997-08-22,0.3398021639999999,0.0,29.15,11.15
1997-08-23,0.3398021639999999,17.0,30.299999999999997,11.7
1997-08-24,0.538020093,5.3,24.55,13.100000000000001
1997-08-25,0.396435858,0.0,25.9,12.45
1997-08-26,0.396435858,6.9,19.75,12.95
1997-08-27,0.424752705,0.0,24.85,12.05
1997-08-28,0.368119011,1.3,24.3,12.100000000000001
1997-08-29,0.3398021639999999,0.0,26.1,11.15
1997-08-30,0.3398021639999999,0.0,27.6,10.25
1997-08-31,0.311485317,0.0,28.049999999999997,10.35
1997-09-01,0.311485317,0.0,26.299999999999997,12.45
1997-09-02,0.311485317,0.0,28.55,12.55
1997-09-03,0.311485317,0.0,28.6,13.8
1997-09-04,0.28316847,0.0,28.15,13.5
1997-09-05,0.28316847,0.0,20.8,9.95
1997-09-06,0.28316847,0.0,26.8,7.45
1997-09-07,0.28316847,0.0,29.75,7.5
1997-09-08,0.2803367853,0.0,32.15,9.100000000000001
1997-09-09,0.2746734159,1.3,30.45,10.55
1997-09-10,0.28316847,0.3,20.9,14.2
1997-09-11,0.3398021639999999,6.4,18.15,13.45
1997-09-12,0.3398021639999999,0.0,23.1,7.55
1997-09-13,0.311485317,14.0,22.549999999999997,5.3
1997-09-14,0.4813863989999999,9.7,18.35,9.95
1997-09-15,0.962772798,44.2,13.05,9.3
1997-09-16,1.500792891,9.4,13.65,9.600000000000001
1997-09-17,1.812278208,22.4,16.700000000000003,8.85
1997-09-18,1.444159197,16.5,18.9,7.0
1997-09-19,1.104357033,0.0,21.5,5.75
1997-09-20,0.821188563,0.0,24.85,3.8499999999999996
1997-09-21,0.6796043279999999,0.0,26.7,4.3
1997-09-22,0.5946537869999999,0.0,27.6,6.0
1997-09-23,0.538020093,0.0,29.15,7.25
1997-09-24,0.5097032459999999,0.0,29.700000000000003,10.25
1997-09-25,0.4813863989999999,0.8,28.1,8.05
1997-09-26,0.538020093,11.7,16.8,10.2
1997-09-27,0.56633694,0.5,20.2,7.35
1997-09-28,0.4813863989999999,0.0,25.4,4.95
1997-09-29,0.453069552,0.0,27.6,7.6
1997-09-30,0.453069552,0.0,22.9,9.35
1997-10-01,0.4813863989999999,25.1,20.55,7.25
1997-10-02,1.104357033,8.6,13.45,7.35
1997-10-03,1.472476044,16.3,16.450000000000003,9.55
1997-10-04,2.208714066,24.1,13.2,9.65
1997-10-05,4.700596602,7.4,16.0,5.65
1997-10-06,2.746734159,0.3,13.399999999999999,4.1
1997-10-07,1.755644514,2.3,13.600000000000001,5.35
1997-10-08,2.378615148,31.2,12.399999999999999,5.25
1997-10-09,4.785547143,9.4,10.95,5.25
1997-10-10,3.256437405,4.6,13.45,4.3
1997-10-11,2.746734159,11.7,9.8,4.95
1997-10-12,2.633466771,0.0,12.65,5.9
1997-10-13,2.180397219,0.0,19.75,3.4000000000000004
1997-10-14,1.783961361,0.3,20.8,2.55
1997-10-15,1.500792891,0.0,21.95,3.25
1997-10-16,1.245941268,0.0,22.5,4.15
1997-10-17,1.047723339,0.0,20.75,3.8
1997-10-18,0.906139104,0.0,18.6,5.65
1997-10-19,0.821188563,0.0,17.5,5.550000000000001
1997-10-20,0.707921175,0.0,19.25,-0.25
1997-10-21,0.651287481,0.0,19.200000000000003,-0.45
1997-10-22,0.5946537869999999,0.3,14.85,0.75
1997-10-23,0.622970634,6.1,10.55,5.6
1997-10-24,0.56633694,0.0,13.9,0.0
1997-10-25,0.5097032459999999,0.0,16.1,-2.05
1997-10-26,0.4813863989999999,0.0,13.85,-0.39999999999999997
1997-10-27,0.453069552,0.0,16.9,3.25
1997-10-28,0.424752705,12.7,11.6,3.05
1997-10-29,5.606735706,58.7,12.600000000000001,8.2
1997-10-30,18.490901091,79.0,14.85,9.35
1997-10-31,22.228724895,14.2,14.8,4.6
1997-11-01,11.60990727,0.0,14.65,2.0999999999999996
1997-11-02,7.07921175,0.0,15.2,0.8500000000000001
1997-11-03,4.898814531,1.0,15.7,3.2
1997-11-04,3.737823804,0.0,17.7,5.25
1997-11-05,2.973268935,0.0,18.25,4.699999999999999
1997-11-06,2.491882536,10.2,15.25,8.7
1997-11-07,2.888318394,2.8,11.95,5.4
1997-11-08,2.378615148,0.3,12.850000000000001,1.2
1997-11-09,2.038812984,0.0,12.3,-0.8
1997-11-10,1.812278208,0.5,10.65,1.7
1997-11-11,1.614060279,0.8,12.95,4.8
1997-11-12,1.444159197,0.0,13.5,1.05
1997-11-13,1.302574962,0.0,9.8,-1.3
1997-11-14,1.160990727,0.5,12.95,2.25
1997-11-15,1.047723339,0.0,9.649999999999999,-1.25
1997-11-16,0.962772798,1.5,11.65,0.8999999999999999
1997-11-17,1.245941268,15.5,9.3,5.25
1997-11-18,1.3592086559999998,6.1,9.4,3.3
1997-11-19,1.41584235,6.1,9.95,4.65
1997-11-20,2.152080372,15.2,10.5,5.4
1997-11-21,2.237030913,1.0,10.399999999999999,1.55
1997-11-22,1.953862443,0.5,9.65,1.85
1997-11-23,2.010496137,20.1,10.95,6.6
1997-11-24,3.426338487,7.1,9.95,5.2
1997-11-25,3.256437405,0.8,8.7,2.25
1997-11-26,3.058219476,7.4,9.3,2.45
1997-11-27,2.690100465,0.0,11.0,5.25
1997-11-28,2.350298301,0.0,11.100000000000001,5.0
1997-11-29,2.26534776,9.4,8.1,2.2
1997-11-30,2.152080372,0.5,7.3,2.05
1997-12-01,1.868911902,0.0,7.85,-2.55
1997-12-02,1.69901082,0.0,5.4,-3.45
1997-12-03,1.557426585,0.0,7.1,-3.0999999999999996
1997-12-04,1.444159197,1.0,11.600000000000001,-0.6
1997-12-05,1.302574962,0.0,8.95,-1.8
1997-12-06,1.189307574,0.3,9.05,-0.8500000000000001
1997-12-07,1.330891809,17.0,8.35,2.15
1997-12-08,1.330891809,3.0,6.8,0.2
1997-12-09,1.245941268,15.7,2.75,-1.1
1997-12-10,1.217624421,0.0,6.050000000000001,-2.15
1997-12-11,1.274258115,0.0,4.25,-3.45
1997-12-12,1.245941268,0.0,3.9000000000000004,-3.2
1997-12-13,1.189307574,0.0,2.45,-2.3
1997-12-14,1.245941268,8.6,5.65,-1.0
1997-12-15,1.925545596,34.5,5.65,-0.25
1997-12-16,10.109114379,50.8,8.7,1.05
1997-12-17,13.677037101,11.4,6.550000000000001,1.25
1997-12-18,8.580004641,0.0,4.85,-2.6500000000000004
1997-12-19,5.861587329,0.0,4.1,-3.15
1997-12-20,4.700596602,15.0,2.4,-2.1
1997-12-21,3.851091192,0.8,5.1,-1.85
1997-12-22,3.199803711,0.0,2.9000000000000004,-3.65
1997-12-23,2.8316847,9.1,2.7,-1.6
1997-12-24,2.491882536,0.3,4.6,-1.2
1997-12-25,2.180397219,0.0,4.2,-4.0
1997-12-26,1.98217929,0.0,3.45,-5.6
1997-12-27,1.812278208,0.5,4.449999999999999,-1.0
1997-12-28,1.727327667,0.0,7.15,0.04999999999999999
1997-12-29,1.69901082,0.0,8.4,-1.95
1997-12-30,1.69901082,0.0,4.699999999999999,-3.6999999999999997
1997-12-31,1.69901082,0.0,5.65,-3.05
1998-01-01,2.321981454,34.0,6.15,-0.7000000000000001
1998-01-02,4.049309121,6.9,6.050000000000001,-0.05000000000000002
1998-01-03,3.68119011,11.2,5.1,-0.5
1998-01-04,3.539605875,4.1,5.4,-1.45
1998-01-05,3.256437405,2.8,6.15,-0.15000000000000002
1998-01-06,3.143170017,35.6,4.949999999999999,-0.2
1998-01-07,6.51287481,17.3,3.25,0.15000000000000002
1998-01-08,6.427924269,0.0,8.0,-0.6
1998-01-09,4.955448225,1.0,5.9,-0.65
1998-01-10,5.550102012,30.5,8.15,3.2
1998-01-11,21.888922731,57.7,8.1,4.55
1998-01-12,19.085554878,39.1,6.4,2.9000000000000004
1998-01-13,20.473080381,31.0,7.75,3.5
1998-01-14,22.08714066,40.1,9.5,3.95
1998-01-15,22.710111294,6.4,8.4,3.0999999999999996
1998-01-16,20.274862452,49.3,12.5,3.35
1998-01-17,29.73268935,10.2,11.1,6.05
1998-01-18,19.878426594,11.2,9.6,2.75
1998-01-19,15.036245757,18.1,8.433333333333334,2.183333333333333
1998-01-20,11.666540964,3.3,7.266666666666666,1.6166666666666665
1998-01-21,9.287925816,19.3,6.1,1.0499999999999998
1998-01-22,10.590500778,25.7,7.05,2.2
1998-01-23,13.620403407,4.1,8.15,2.85
1998-01-24,11.949709434,23.9,6.45,2.1
1998-01-25,11.808125199,12.7,7.7,0.39999999999999997
1998-01-26,12.034659975,11.9,10.45,5.35
1998-01-27,11.751491505,4.1,11.1,4.3
1998-01-28,10.109114379,0.0,11.15,2.4000000000000004
1998-01-29,9.287925816,15.2,10.8,5.5
1998-01-30,7.787132925,0.0,10.55,0.7
1998-01-31,6.286340034,0.0,11.1,-0.6
1998-02-01,5.323567236,3.8,8.35,0.2
1998-02-02,4.559012367,1.0,10.25,1.8
1998-02-03,3.992675427,0.5,14.149999999999999,4.15
1998-02-04,3.596239569,0.3,10.6,2.4000000000000004
1998-02-05,3.228120558,10.4,9.25,2.35
1998-02-06,3.143170017,0.3,16.1,4.15
1998-02-07,2.860001547,0.3,7.449999999999999,0.04999999999999999
1998-02-08,2.633466771,7.6,9.600000000000001,3.15
1998-02-09,2.435248842,1.3,9.75,0.0
1998-02-10,2.350298301,11.4,8.75,0.44999999999999996
1998-02-11,2.463565689,4.6,10.1,3.7
1998-02-12,2.605149924,14.5,10.100000000000001,4.3
1998-02-13,3.313071099,5.8,11.3,2.35
1998-02-14,3.68119011,17.8,9.649999999999999,2.45
1998-02-15,4.049309121,6.1,8.25,2.25
1998-02-16,3.822774345,0.0,6.3,-0.7000000000000001
1998-02-17,3.341387946,3.6,8.8,1.8
1998-02-18,3.11485317,9.7,8.2,2.45
1998-02-19,3.596239569,14.0,10.15,3.8
1998-02-20,3.907724886,14.2,7.4,2.65
1998-02-21,8.891489958,59.7,6.1,0.3
1998-02-22,8.919806805,8.6,6.8,-0.45
1998-02-23,6.937627515,0.0,9.2,-1.25
1998-02-24,5.351884083,0.0,9.6,-1.45
1998-02-25,4.474061826,8.4,5.25,0.1
1998-02-26,3.794457498,2.3,8.45,-1.1
1998-02-27,3.284754252,4.6,8.55,-1.6500000000000001
1998-02-28,5.068715613,33.0,9.600000000000001,2.5999999999999996
1998-03-01,8.410103559,11.7,11.350000000000001,4.25
1998-03-02,10.420599696,20.1,7.199999999999999,1.0499999999999998
1998-03-03,9.967530144,22.1,3.75,0.25
1998-03-04,8.126935089,3.3,9.1,-0.3
1998-03-05,6.399607422,0.0,9.35,-1.9
1998-03-06,5.181983001,0.0,9.15,-3.45
1998-03-07,4.81386399,8.9,7.85,-3.7
1998-03-08,4.53069552,9.7,7.8,0.15000000000000002
1998-03-09,4.24752705,0.0,12.85,-0.6
1998-03-10,4.24752705,7.6,8.0,-1.55
1998-03-11,5.097032459999999,0.5,18.2,3.0
1998-03-12,7.92871716,0.0,14.6,3.2
1998-03-13,9.06139104,0.0,19.6,4.15
1998-03-14,8.495054099999999,0.3,19.35,1.25
1998-03-15,7.92871716,2.0,16.65,6.35
1998-03-16,6.79604328,1.0,14.0,0.6
1998-03-17,5.6633694,0.0,16.25,-1.2
1998-03-18,5.097032459999999,0.0,19.950000000000003,-1.5
1998-03-19,4.53069552,0.0,22.549999999999997,-0.8
1998-03-20,4.53069552,0.0,22.8,1.05
1998-03-21,5.097032459999999,20.1,13.0,3.25
1998-03-22,11.89307574,31.0,12.25,8.600000000000001
1998-03-23,14.1584235,14.7,13.399999999999999,5.75
1998-03-24,11.89307574,5.1,14.05,4.15
1998-03-25,8.495054099999999,1.8,13.9,4.15
1998-03-26,6.79604328,13.2,7.4,1.9000000000000001
1998-03-27,5.6633694,5.6,6.9,-0.15
1998-03-28,5.097032459999999,1.5,7.5,-0.65
1998-03-29,4.53069552,0.0,13.0,-1.35
1998-03-30,4.24752705,5.8,10.899999999999999,-1.9
1998-03-31,3.96435858,3.3,11.6,0.95
1998-04-01,3.68119011,0.0,14.149999999999999,3.95
1998-04-02,3.39802164,3.0,12.8,4.5
1998-04-03,3.11485317,5.1,10.6,2.8
1998-04-04,2.8316847,1.5,10.55,1.9000000000000001
1998-04-05,2.690100465,2.3,12.899999999999999,1.85
1998-04-06,2.54851623,5.3,11.55,3.25
1998-04-07,2.321981454,3.0,10.9,2.4000000000000004
1998-04-08,2.152080372,1.0,14.649999999999999,0.8500000000000001
1998-04-09,2.180397219,12.2,15.05,3.25
1998-04-10,2.803367853,14.0,11.149999999999999,2.75
1998-04-11,3.228120558,5.8,8.85,1.55
1998-04-12,3.228120558,3.6,12.05,1.65
1998-04-13,3.029902629,1.8,10.75,1.75
1998-04-14,2.803367853,3.8,10.45,2.65
1998-04-15,2.605149924,1.3,12.45,3.5999999999999996
1998-04-16,2.378615148,0.0,16.9,1.55
1998-04-17,2.180397219,0.0,20.0,-1.35
1998-04-18,2.123763525,0.8,18.6,5.550000000000001
1998-04-19,2.293664607,1.0,18.6,4.3
1998-04-20,2.293664607,0.0,25.15,0.95
1998-04-21,2.520199383,0.0,25.25,2.85
1998-04-22,3.001585782,3.8,26.25,5.2
1998-04-23,3.709506957,8.9,12.65,5.65
1998-04-24,3.596239569,6.1,12.350000000000001,4.95
1998-04-25,2.944952088,0.0,16.05,2.5
1998-04-26,2.54851623,0.0,22.4,-0.1
1998-04-27,2.463565689,0.0,26.599999999999998,2.7249999999999996
1998-04-28,2.803367853,0.0,30.799999999999997,5.55
1998-04-29,3.11485317,0.0,32.9,6.85
1998-04-30,3.171486864,0.0,31.65,8.65
1998-05-01,3.029902629,4.3,30.3,10.7
1998-05-02,3.001585782,9.7,21.450000000000003,8.8
1998-05-03,2.491882536,0.0,24.65,8.899999999999999
1998-05-04,2.26534776,15.5,22.15,7.2
1998-05-05,2.916635241,0.3,21.5,9.75
1998-05-06,2.208714066,0.0,17.450000000000003,9.2
1998-05-07,1.925545596,0.0,22.75,10.5
1998-05-08,1.755644514,0.8,11.2,7.15
1998-05-09,1.670693973,0.0,10.8,6.3
1998-05-10,1.500792891,0.0,11.05,7.5
1998-05-11,1.529109738,7.6,17.55,7.1
1998-05-12,2.293664607,11.4,10.1,6.5
1998-05-13,2.237030913,0.8,10.8,6.1
1998-05-14,2.8316847,21.3,9.05,5.15
1998-05-15,4.389111285,11.2,10.850000000000001,4.45
1998-05-16,4.615646061,8.9,12.7,3.6500000000000004
1998-05-17,4.502378673,8.9,11.7,4.9
1998-05-18,4.24752705,7.4,21.05,5.15
1998-05-19,4.559012367,14.5,16.95,7.1
1998-05-20,4.360794438,7.1,13.15,6.15
1998-05-21,4.445744979,3.3,14.3,5.7
1998-05-22,4.275843897,0.0,16.95,7.1
1998-05-23,3.794457498,0.0,17.7,7.85
1998-05-24,3.822774345,20.1,14.05,5.85
1998-05-25,4.672279755,4.6,12.5,4.35
1998-05-26,4.162576509,0.3,12.8,4.0
1998-05-27,3.68119011,1.0,18.9,3.45
1998-05-28,3.199803711,0.3,22.299999999999997,1.6
1998-05-29,4.360794438,38.4,11.05,8.149999999999999
1998-05-30,6.427924269,1.5,19.75,6.199999999999999
1998-05-31,5.38020093,0.0,29.15,3.3
1998-06-01,4.474061826,0.0,27.75,6.9
1998-06-02,3.737823804,0.0,21.9,8.3
1998-06-03,3.284754252,7.9,22.885714285714286,8.62857142857143
1998-06-04,2.888318394,1.3,23.87142857142857,8.957142857142857
1998-06-05,2.520199383,0.0,24.857142857142858,9.285714285714286
1998-06-06,2.293664607,0.0,25.84285714285714,9.614285714285714
1998-06-07,2.123763525,1.0,26.82857142857143,9.942857142857143
1998-06-08,2.123763525,2.5,27.814285714285717,10.27142857142857
1998-06-09,1.98217929,2.0,28.8,10.6
1998-06-10,2.123763525,5.8,17.9,10.8
1998-06-11,2.038812984,0.0,20.466666666666665,10.466666666666667
1998-06-12,1.868911902,0.0,23.033333333333335,10.133333333333335
1998-06-13,1.755644514,0.0,25.6,9.8
1998-06-14,1.642377126,0.0,27.2,8.7
1998-06-15,1.585743432,0.3,22.4,9.2
1998-06-16,1.557426585,1.3,20.7,8.0
1998-06-17,1.500792891,0.0,29.4,5.4
1998-06-18,1.444159197,0.0,23.9,10.4
1998-06-19,1.41584235,0.0,25.5,9.2
1998-06-20,1.3592086559999998,0.0,30.6,6.6
1998-06-21,1.330891809,0.0,31.6,10.9
1998-06-22,1.302574962,0.0,25.0,12.4
1998-06-23,1.245941268,0.0,21.2,10.8
1998-06-24,1.330891809,12.2,19.3,10.9
1998-06-25,1.387525503,14.0,14.6,10.2
1998-06-26,1.670693973,4.3,20.2,7.9
1998-06-27,1.500792891,0.0,28.0,4.9
1998-06-28,1.387525503,0.0,31.1,8.8
1998-06-29,1.330891809,0.0,30.2,11.2
1998-06-30,1.274258115,0.0,23.1,14.8
1998-07-01,1.217624421,0.0,24.05,15.25
1998-07-02,1.217624421,0.0,25.0,15.7
1998-07-03,1.160990727,0.0,23.5,14.8
1998-07-04,1.13267388,0.0,26.1,12.4
1998-07-05,1.104357033,0.0,30.5,14.0
1998-07-06,1.047723339,0.0,33.6,11.5
1998-07-07,1.019406492,0.0,31.4,13.1
1998-07-08,0.962772798,0.0,31.7,14.4
1998-07-09,0.934455951,0.0,33.4,12.0
1998-07-10,0.906139104,0.0,26.7,13.3
1998-07-11,0.8778222569999999,0.0,26.3,13.6
1998-07-12,0.821188563,0.0,29.7,12.3
1998-07-13,0.792871716,0.0,31.3,11.9
1998-07-14,0.764554869,0.0,31.7,11.2
1998-07-15,0.736238022,0.0,34.2,12.4
1998-07-16,0.707921175,0.0,38.0,12.1
1998-07-17,0.707921175,0.0,36.2,13.7
1998-07-18,0.6796043279999999,0.0,33.6,12.0
1998-07-19,0.651287481,0.0,31.1,14.4
1998-07-20,0.651287481,0.0,34.8,11.8
1998-07-21,0.622970634,0.0,37.3,13.4
1998-07-22,0.5946537869999999,0.0,36.1,15.3
1998-07-23,0.5946537869999999,0.0,32.4,15.2
1998-07-24,0.56633694,0.0,32.7,12.8
1998-07-25,0.56633694,0.0,37.4,12.4
1998-07-26,0.538020093,0.0,43.2,18.4
1998-07-27,0.538020093,0.0,43.0,17.1
1998-07-28,0.5097032459999999,0.0,43.2,14.8
1998-07-29,0.538020093,6.9,34.9,16.0
1998-07-30,0.538020093,0.0,29.7,15.7
1998-07-31,0.5097032459999999,0.0,24.2,12.6
1998-08-01,0.4813863989999999,0.0,31.5,11.5
1998-08-02,0.453069552,0.0,37.2,12.4
1998-08-03,0.453069552,0.0,38.8,13.9
1998-08-04,0.424752705,0.0,40.4,15.7
1998-08-05,0.424752705,0.0,34.9,14.6
1998-08-06,0.424752705,0.0,29.5,11.3
1998-08-07,0.396435858,0.0,30.4,8.4
1998-08-08,0.396435858,0.0,32.8,10.1
1998-08-09,0.396435858,0.0,31.8,11.2
1998-08-10,0.368119011,0.0,34.3,11.3
1998-08-11,0.368119011,0.0,37.0,11.4
1998-08-12,0.368119011,0.0,38.9,11.8
1998-08-13,0.368119011,0.0,39.3,14.7
1998-08-14,0.3398021639999999,0.0,38.4,15.1
1998-08-15,0.3398021639999999,0.0,25.9,13.0
1998-08-16,0.3398021639999999,0.0,27.1,9.8
1998-08-17,0.3398021639999999,0.0,29.7,7.2
1998-08-18,0.311485317,0.0,28.5,6.3
1998-08-19,0.311485317,0.0,31.5,6.6
1998-08-20,0.311485317,0.3,29.3,10.0
1998-08-21,0.3398021639999999,0.0,29.9,13.2
1998-08-22,0.311485317,0.0,32.0,10.1
1998-08-23,0.311485317,0.0,21.3,9.4
1998-08-24,0.311485317,0.0,30.1,6.3
1998-08-25,0.311485317,0.0,30.5,9.4
1998-08-26,0.28316847,0.0,32.1,8.4
1998-08-27,0.28316847,0.0,37.8,8.8
1998-08-28,0.2775051006,0.0,38.1,10.2
1998-08-29,0.2718417312,0.0,38.0,11.0
1998-08-30,0.2661783618,0.0,36.5,10.8
1998-08-31,0.2605149924,0.0,43.0,9.9
1998-09-01,0.2548516229999999,0.0,41.4,10.9
1998-09-02,0.2520199383,0.0,40.5,12.3
1998-09-03,0.2491882536,0.0,38.7,12.7
1998-09-04,0.2463565688999999,0.0,37.1,12.8
1998-09-05,0.2435248841999999,0.0,36.4,11.4
1998-09-06,0.2378615148,0.0,37.6,10.0
1998-09-07,0.2350298301,0.0,32.8,11.1
1998-09-08,0.2350298301,0.0,24.1,12.6
1998-09-09,0.2406931994999999,0.0,24.0,6.5
1998-09-10,0.2350298301,0.0,28.1,3.6
1998-09-11,0.2350298301,0.0,32.9,5.8
1998-09-12,0.2321981453999999,0.0,34.6,8.7
1998-09-13,0.226534776,0.0,34.3,9.1
1998-09-14,0.2237030913,0.0,36.3,10.2
1998-09-15,0.2208714066,0.0,34.8,11.2
1998-09-16,0.2180397219,0.0,32.6,9.8
1998-09-17,0.2123763525,0.0,26.8,8.0
1998-09-18,0.311485317,21.1,16.1,11.8
1998-09-19,0.424752705,4.8,21.0,9.6
1998-09-20,0.28316847,0.0,27.1,8.2
1998-09-21,0.2520199383,0.0,29.3,5.2
1998-09-22,0.2350298301,0.0,30.9,6.0
1998-09-23,0.2321981453999999,0.0,30.1,7.4
1998-09-24,0.226534776,1.5,28.1,7.8
1998-09-25,0.311485317,7.6,16.2,9.3
1998-09-26,0.396435858,2.0,23.8,5.9
1998-09-27,0.2718417312,0.5,29.2,5.0
1998-09-28,0.2435248841999999,0.0,30.4,7.2
1998-09-29,0.2350298301,0.0,29.4,7.8
1998-09-30,0.2321981453999999,0.0,29.6,6.9
1998-10-01,0.226534776,8.6,19.9,8.8
1998-10-02,0.453069552,19.8,16.2,8.6
1998-10-03,0.6796043279999999,27.7,14.1,8.6
1998-10-04,1.245941268,13.5,17.5,4.5
1998-10-05,0.56633694,0.0,22.4,2.3
1998-10-06,0.368119011,0.0,23.6,4.6
1998-10-07,0.3398021639999999,1.3,24.6,5.6
1998-10-08,0.424752705,9.7,16.4,9.8
1998-10-09,0.736238022,19.8,13.5,7.8
1998-10-10,0.934455951,1.0,15.5,4.6
1998-10-11,0.56633694,0.5,19.3,4.8
1998-10-12,0.453069552,4.3,17.1,7.3
1998-10-13,0.6796043279999999,19.3,14.9,10.2
1998-10-14,1.076040186,5.6,11.8,6.4
1998-10-15,0.934455951,7.1,12.7,5.5
1998-10-16,0.764554869,0.0,17.0,3.7
1998-10-17,0.622970634,1.5,18.1,1.3
1998-10-18,0.538020093,0.0,19.7,4.0
1998-10-19,0.453069552,0.0,20.5,1.1
1998-10-20,0.396435858,0.0,21.9,1.4
1998-10-21,0.368119011,0.3,22.3,1.6
1998-10-22,0.3398021639999999,0.0,22.1,2.7
1998-10-23,0.3398021639999999,0.0,20.7,2.5
1998-10-24,0.3398021639999999,11.7,14.7,8.2
1998-10-25,0.424752705,0.8,18.0,7.7
1998-10-26,0.368119011,0.0,21.4,4.8
1998-10-27,0.368119011,8.6,16.4,5.8
1998-10-28,0.538020093,4.1,14.7,4.0
1998-10-29,0.5097032459999999,0.0,15.2,0.4
1998-10-30,0.424752705,0.0,14.2,-1.4
1998-10-31,0.396435858,6.4,8.2,0.6
1998-11-01,0.56633694,4.6,12.5,7.3
1998-11-02,0.538020093,1.0,15.4,4.6
1998-11-03,0.538020093,9.7,10.3,4.6
1998-11-04,0.8778222569999999,19.1,14.1,7.2
1998-11-05,1.812278208,14.2,9.9,5.2
1998-11-06,1.670693973,13.0,10.5,2.3
1998-11-07,1.529109738,10.9,7.1,3.3
1998-11-08,1.472476044,3.3,8.8,3.4
1998-11-09,1.302574962,0.0,9.9,3.0
1998-11-10,1.41584235,22.4,5.3,1.4
1998-11-11,1.500792891,0.0,12.1,0.6
1998-11-12,1.330891809,0.0,11.8,3.5
1998-11-13,1.217624421,0.0,12.5,4.6
1998-11-14,1.189307574,2.3,12.5,3.4
1998-11-15,2.860001547,27.4,12.1,7.1
1998-11-16,4.728913449,0.5,10.9,6.4
1998-11-17,2.944952088,13.7,8.4,5.4
1998-11-18,3.029902629,11.4,10.1,5.5
1998-11-19,3.001585782,20.1,9.8,5.0
1998-11-20,9.939213297,73.4,10.9,6.3
1998-11-21,45.02378673,90.7,10.4,5.4
1998-11-22,24.125953644,22.9,6.3,3.5
1998-11-23,15.999018555,26.9,8.8,3.4
1998-11-24,14.668126746,20.8,8.8,3.4
1998-11-25,13.677037101,9.7,14.4,5.6
1998-11-26,16.678622883,27.7,10.1,5.3
1998-11-27,12.544363221,3.3,10.9,4.5
1998-11-28,8.126935089,2.3,7.4,1.1
1998-11-29,6.144755799,21.3,4.4,0.9
1998-11-30,6.201389493,21.6,8.7,2.3
1998-12-01,7.815449772,17.5,6.8,4.7
1998-12-02,27.75051006,73.9,9.6,3.2
1998-12-03,19.25545596,2.8,6.4,1.8
1998-12-04,11.100204024,1.5,7.7,0.9
1998-12-05,7.192479138,2.5,1.8,0.2
1998-12-06,4.927131378,6.1,3.2,0.4
1998-12-07,4.020992274,22.6,2.7,0.6
1998-12-08,3.907724886,10.9,6.4,-0.2
1998-12-09,3.058219476,0.0,6.4,-2.5
1998-12-10,2.718417312,11.2,6.766666666666667,-0.7166666666666668
1998-12-11,10.76040186,31.2,7.133333333333334,1.0666666666666664
1998-12-12,14.611493052,6.1,7.5,2.8499999999999996
1998-12-13,13.280601243,2.5,7.75,2.8499999999999996
1998-12-14,10.392282849,0.3,6.2,-0.9
1998-12-15,7.419013914,0.0,3.85,-1.7
1998-12-16,5.521785165,0.0,6.3,-1.45
1998-12-17,4.955448225,0.0,8.3,-1.35
1998-12-18,4.24752705,0.0,-0.15,-2.15
1998-12-19,3.39802164,0.0,0.15000000000000002,-7.300000000000001
1998-12-20,2.520199383,0.0,-2.65,-13.95
1998-12-21,2.067129831,0.0,-1.3,-14.45
1998-12-22,1.783961361,0.0,0.35,-12.1
1998-12-23,1.585743432,0.0,-0.5,-11.4
1998-12-24,1.500792891,37.3,0.55,-5.5
1998-12-25,3.96435858,50.5,5.0,0.4
1998-12-26,9.316242663,3.0,5.55,0.95
1998-12-27,28.88318394,131.6,9.0,0.8999999999999999
1998-12-28,68.80993821,103.6,6.7,4.05
1998-12-29,36.8119011,16.0,8.95,4.3
1998-12-30,22.37030913,5.1,11.55,2.95
1998-12-31,17.414860905,25.4,8.0,3.55
1999-01-01,13.110700161,0.0,7.4,-0.39999999999999997
1999-01-02,9.34455951,0.0,3.95,-2.2
1999-01-03,7.022578056,0.0,4.6,-2.75
1999-01-04,5.606735706,0.0,2.7,-2.8
1999-01-05,4.700596602,0.0,4.8,-2.3499999999999996
1999-01-06,4.077625968,1.8,3.0,-1.9
1999-01-07,3.652873263,4.1,7.9,0.7000000000000001
1999-01-08,3.228120558,0.0,5.8,-0.8
1999-01-09,2.944952088,0.0,3.6,-2.25
1999-01-10,2.718417312,0.0,8.25,-0.5
1999-01-11,2.746734159,18.8,3.2,-1.4
1999-01-12,2.916635241,3.6,6.7,1.75
1999-01-13,2.916635241,0.0,8.5,-0.35
1999-01-14,7.419013914,72.4,9.45,2.8
1999-01-15,17.782979916,21.1,9.05,4.6
1999-01-16,13.337234937,27.9,5.75,2.6
1999-01-17,13.988522418,46.5,5.25,0.6
1999-01-18,17.83961361,12.2,7.75,3.9
1999-01-19,13.365551784,25.1,8.1,2.25
1999-01-20,13.450502325,45.2,5.3,2.25
1999-01-21,15.914068014,58.4,4.2,1.0
1999-01-22,12.516046374,38.4,1.55,0.5
1999-01-23,10.250698614,5.8,5.800000000000001,0.6
1999-01-24,7.503964455,0.0,5.35,-2.0
1999-01-25,5.804953635,0.0,3.7,-3.75
1999-01-26,4.757230296,0.0,2.0999999999999996,-0.4
1999-01-27,3.96435858,2.8,5.25,0.15
1999-01-28,3.794457498,13.0,3.8,0.65
1999-01-29,3.652873263,0.0,8.7,-0.2
1999-01-30,3.369704793,0.0,10.25,-0.5
1999-01-31,3.11485317,4.1,4.85,-0.3
1999-02-01,2.860001547,2.5,7.55,0.45
1999-02-02,3.171486864,40.1,2.25,0.24999999999999997
1999-02-03,3.652873263,11.2,6.05,0.15
1999-02-04,4.162576509,23.9,5.5,0.15
1999-02-05,4.077625968,12.4,1.95,-0.05000000000000002
1999-02-06,7.419013914,46.5,7.949999999999999,1.25
1999-02-07,11.751491505,36.1,5.15,-0.05000000000000002
1999-02-08,7.872083465999999,10.4,0.8999999999999999,-1.65
1999-02-09,5.465151471,12.2,6.0,-0.45
1999-02-10,4.275843897,9.1,2.0,-1.6
1999-02-11,3.511289028,0.0,5.75,-4.1
1999-02-12,3.086536323,0.0,6.95,-1.15
1999-02-13,2.888318394,3.0,6.25,-0.25
1999-02-14,2.8316847,2.3,11.149999999999999,0.09999999999999999
1999-02-15,2.803367853,9.9,7.65,-0.6499999999999999
1999-02-16,4.700596602,33.0,6.85,1.65
1999-02-17,8.268519324,17.0,7.1,1.15
1999-02-18,9.287925816,53.3,5.25,0.3
1999-02-19,10.47723339,5.8,10.7,-1.2
1999-02-20,7.277429679,2.5,3.3,-1.6
1999-02-21,5.606735706,6.4,5.75,0.75
1999-02-22,5.94653787,30.5,5.050000000000001,0.44999999999999996
1999-02-23,14.101789806,33.3,8.3,3.65
1999-02-24,14.101789806,8.6,7.449999999999999,3.8
1999-02-25,11.468323035,26.7,5.300000000000001,1.1
1999-02-26,9.089707887,14.7,8.4,0.25
1999-02-27,12.544363221,39.6,7.699999999999999,3.0
1999-02-28,23.446349316,27.7,8.2,3.9499999999999997
1999-03-01,17.329910364,10.4,10.5,1.2
1999-03-02,11.60990727,10.7,10.850000000000001,-0.3
1999-03-03,8.948123652,20.3,5.1,0.35
1999-03-04,6.965944362,7.1,5.800000000000001,-0.1
1999-03-05,5.6633694,0.0,6.05,-1.15
1999-03-06,4.785547143,0.0,10.25,-2.2
1999-03-07,4.134259662,0.0,11.45,-0.15000000000000002
1999-03-08,3.68119011,10.2,8.35,0.09999999999999999
1999-03-09,3.284754252,2.0,9.1,0.35
1999-03-10,2.973268935,0.0,13.25,-1.4
1999-03-11,2.718417312,0.0,13.45,-2.95
1999-03-12,2.944952088,30.0,7.050000000000001,-0.7
1999-03-13,4.134259662,1.3,12.35,1.6
1999-03-14,4.190893356,0.5,13.0,3.5
1999-03-15,3.992675427,3.0,9.45,2.95
1999-03-16,3.737823804,0.8,13.05,0.5
1999-03-17,3.426338487,0.0,14.9,0.44999999999999996
1999-03-18,3.313071099,0.3,14.4,2.8
1999-03-19,3.68119011,0.0,21.65,0.25
1999-03-20,4.785547143,0.3,17.25,0.8500000000000001
1999-03-21,5.295250389,1.8,13.95,2.9000000000000004
1999-03-22,5.210299848,7.9,13.4,1.1
1999-03-23,5.153666154,0.0,17.15,1.6
1999-03-24,4.927131378,2.8,12.75,2.7
1999-03-25,4.842180837,7.6,9.5,4.2
1999-03-26,4.81386399,23.9,7.300000000000001,0.55
1999-03-27,4.502378673,9.4,8.75,0.44999999999999996
1999-03-28,4.105942815,6.6,7.1,0.8500000000000001
1999-03-29,4.474061826,33.0,5.9,1.3
1999-03-30,4.24752705,4.8,5.699999999999999,0.39999999999999997
1999-03-31,3.766140651,2.3,8.0,0.5
1999-04-01,3.369704793,0.0,14.45,-0.8
1999-04-02,3.11485317,3.0,16.200000000000003,-1.4
1999-04-03,2.944952088,8.6,4.75,0.09999999999999999
1999-04-04,2.718417312,4.6,6.25,0.5
1999-04-05,2.633466771,4.6,11.6,-0.6
1999-04-06,2.491882536,0.0,15.700000000000001,-0.6
1999-04-07,2.435248842,2.5,14.600000000000001,0.3
1999-04-08,2.520199383,14.0,8.3,0.35
1999-04-09,2.435248842,6.6,6.550000000000001,-0.25
1999-04-10,2.435248842,10.9,10.4,-0.1
1999-04-11,2.491882536,0.0,21.5,-1.2
1999-04-12,2.718417312,0.0,17.65,0.15
1999-04-13,2.944952088,0.0,19.549999999999997,1.3
1999-04-14,3.058219476,0.0,22.35,-1.4
1999-04-15,3.256437405,0.0,27.6,-0.25
1999-04-16,4.049309121,0.0,29.85,1.2
1999-04-17,5.833270482,0.0,26.65,4.1
1999-04-18,7.164162290999999,0.8,18.35,5.55
1999-04-19,6.994261208999999,3.0,14.0,5.85
1999-04-20,6.541191657,0.8,11.65,2.65
1999-04-21,5.578418859,1.8,11.75,2.7
1999-04-22,4.672279755,0.0,15.45,2.25
1999-04-23,4.162576509,0.0,25.85,-0.6000000000000001
1999-04-24,4.559012367,0.0,28.35,0.75
1999-04-25,5.720003094,0.3,13.5,4.25
1999-04-26,5.040398766,1.0,13.25,3.8499999999999996
1999-04-27,4.445744979,7.6,8.899999999999999,2.2
1999-04-28,3.737823804,0.0,13.45,2.5
1999-04-29,3.256437405,0.0,22.35,3.4000000000000004
1999-04-30,3.143170017,5.1,24.1,0.44999999999999996
1999-05-01,3.96435858,10.7,12.25,4.2
1999-05-02,4.728913449,40.4,8.1,2.75
1999-05-03,6.144755799,48.8,9.35,2.3
1999-05-04,6.201389493,15.7,7.45,2.8
1999-05-05,5.436834623999999,0.0,21.6,2.55
1999-05-06,5.918221023,9.1,19.950000000000003,3.15
1999-05-07,6.173072646,10.9,10.1,2.0
1999-05-08,5.351884083,3.6,9.649999999999999,1.45
1999-05-09,4.643962908,1.0,11.5,0.6
1999-05-10,4.020992274,0.0,13.75,-0.25
1999-05-11,3.879408039,11.7,12.45,4.75
1999-05-12,4.304160744,1.3,13.05,4.5
1999-05-13,4.134259662,6.1,10.55,3.5
1999-05-14,3.936041733,6.4,13.75,4.0
1999-05-15,3.68119011,1.3,15.35,1.9000000000000001
1999-05-16,3.482972181,0.5,19.4,1.35
1999-05-17,5.408517777,37.8,14.350000000000001,7.949999999999999
1999-05-18,9.684361674,3.6,17.1,7.9
1999-05-19,8.580004641,0.0,21.0,5.35
1999-05-20,7.249112832,0.0,18.9,5.550000000000001
1999-05-21,6.144755799,0.0,23.799999999999997,5.3
1999-05-22,6.031488411,0.0,30.35,3.45
1999-05-23,7.334063373,0.0,34.9,5.25
1999-05-24,9.089707887,0.0,31.4,7.8
1999-05-25,8.834856263999999,0.0,23.3,6.1
1999-05-26,7.022578056,0.0,31.8,3.0999999999999996
1999-05-27,6.569508504,0.0,28.65,5.8
1999-05-28,6.541191657,0.0,26.25,5.8
1999-05-29,5.974854717,0.0,25.549999999999997,6.0
1999-05-30,5.266933541999999,0.0,26.15,3.0
1999-05-31,4.870497684,6.4,25.9,4.35
1999-06-01,5.720003094,0.0,16.5,5.85
1999-06-02,4.700596602,0.0,17.85,2.75
1999-06-03,3.737823804,0.0,22.049999999999997,1.1
1999-06-04,3.341387946,0.0,19.0,7.65
1999-06-05,3.511289028,4.6,17.9,6.25
1999-06-06,3.539605875,4.3,14.05,5.2
1999-06-07,3.143170017,4.1,14.899999999999999,5.5
1999-06-08,2.860001547,2.3,16.7,3.7
1999-06-09,2.633466771,0.0,22.2,0.75
1999-06-10,2.605149924,0.0,24.700000000000003,2.15
1999-06-11,2.8316847,0.0,31.049999999999997,5.2
1999-06-12,3.369704793,0.0,31.65,10.3
1999-06-13,3.992675427,0.0,31.650000000000002,12.75
1999-06-14,4.53069552,0.0,31.9,10.25
1999-06-15,4.587329214,0.0,25.35,13.45
1999-06-16,4.020992274,0.0,26.15,10.35
1999-06-17,3.567922722,0.0,28.299999999999997,7.35
1999-06-18,3.284754252,0.0,25.5,10.600000000000001
1999-06-19,3.001585782,0.0,24.299999999999997,9.600000000000001
1999-06-20,2.775051006,3.8,24.450000000000003,7.7
1999-06-21,2.718417312,0.3,20.6,11.5
1999-06-22,2.576833077,0.0,26.7,10.8
1999-06-23,2.491882536,0.0,32.1,8.25
1999-06-24,2.605149924,9.1,17.1,8.75
1999-06-25,2.8316847,3.8,18.6,8.05
1999-06-26,2.350298301,0.0,19.25,7.55
1999-06-27,2.038812984,0.0,23.55,6.8
1999-06-28,1.868911902,0.0,26.75,6.35
1999-06-29,1.812278208,0.0,29.7,8.55
1999-06-30,1.783961361,0.0,25.95,12.65
1999-07-01,1.69901082,0.0,22.35,11.45
1999-07-02,1.585743432,1.8,17.85,9.35
1999-07-03,1.500792891,1.0,21.6,7.949999999999999
1999-07-04,1.444159197,2.0,19.15,6.550000000000001
1999-07-05,1.330891809,0.0,33.4,4.050000000000001
1999-07-06,1.302574962,0.0,22.65,9.0
1999-07-07,1.302574962,0.8,22.8,8.45
1999-07-08,1.217624421,0.0,33.25,5.25
1999-07-09,1.160990727,0.0,35.3,8.0
1999-07-10,1.13267388,0.0,33.55,11.15
1999-07-11,1.104357033,0.0,35.1,11.4
1999-07-12,1.076040186,0.0,35.55,10.9
1999-07-13,1.019406492,0.0,33.5,11.15
1999-07-14,0.934455951,0.0,25.35,8.05
1999-07-15,0.906139104,0.0,29.4,5.6
1999-07-16,0.84950541,0.0,24.35,7.8999999999999995
1999-07-17,0.821188563,0.0,22.950000000000003,6.9
1999-07-18,0.792871716,0.0,31.35,5.0
1999-07-19,0.764554869,0.0,34.15,9.5
1999-07-20,0.736238022,2.8,28.85,10.1
1999-07-21,0.736238022,0.0,28.55,12.899999999999999
1999-07-22,0.707921175,0.0,33.45,10.149999999999999
1999-07-23,0.6796043279999999,0.5,34.400000000000006,8.65
1999-07-24,0.651287481,0.0,24.45,10.05
1999-07-25,0.651287481,0.0,30.0,7.050000000000001
1999-07-26,0.651287481,0.0,33.25,9.65
1999-07-27,0.622970634,0.0,35.599999999999994,11.3
1999-07-28,0.5946537869999999,0.0,33.400000000000006,12.100000000000001
1999-07-29,0.5946537869999999,0.0,31.85,11.85
1999-07-30,0.56633694,0.0,33.1,9.55
1999-07-31,0.56633694,0.0,33.0,9.2
1999-08-01,0.56633694,0.0,30.700000000000003,10.9
1999-08-02,0.538020093,0.0,33.65,10.55
1999-08-03,0.538020093,0.0,31.7,11.6
1999-08-04,0.538020093,0.0,30.05,12.5
1999-08-05,0.651287481,6.4,25.0,15.45
1999-08-06,0.736238022,14.7,22.3,15.05
1999-08-07,1.302574962,27.4,19.85,13.8
1999-08-08,0.8778222569999999,0.5,26.299999999999997,13.05
1999-08-09,0.707921175,0.0,30.799999999999997,13.8
1999-08-10,0.651287481,0.0,33.2,15.600000000000001
1999-08-11,0.622970634,0.0,23.2,14.600000000000001
1999-08-12,0.5946537869999999,0.0,25.6,11.6
1999-08-13,0.56633694,1.5,18.9,11.8
1999-08-14,0.5946537869999999,0.3,19.950000000000003,10.95
1999-08-15,0.56633694,0.0,26.15,10.25
1999-08-16,0.538020093,0.0,33.05,8.7
1999-08-17,0.538020093,0.0,33.55,11.8
1999-08-18,0.5097032459999999,0.0,29.15,12.45
1999-08-19,0.5097032459999999,0.0,31.45,14.4
1999-08-20,0.4813863989999999,0.0,29.65,11.5
1999-08-21,0.4813863989999999,0.0,29.75,12.55
1999-08-22,0.4813863989999999,0.0,35.75,9.45
1999-08-23,0.453069552,0.0,31.2,11.600000000000001
1999-08-24,0.453069552,0.0,34.25,13.100000000000001
1999-08-25,0.453069552,0.0,33.45,12.2
1999-08-26,0.453069552,0.0,34.9,13.100000000000001
1999-08-27,0.453069552,0.0,35.15,14.25
1999-08-28,0.424752705,0.0,32.6,14.600000000000001
1999-08-29,0.424752705,0.0,20.45,13.35
1999-08-30,0.5097032459999999,15.5,16.9,8.3
1999-08-31,0.56633694,4.3,20.45,6.4
1999-09-01,0.4813863989999999,0.0,25.3,3.45
1999-09-02,0.453069552,0.0,27.45,3.8
1999-09-03,0.424752705,0.0,29.25,3.35
1999-09-04,0.424752705,0.0,29.35,5.35
1999-09-05,0.396435858,0.0,28.200000000000003,7.35
1999-09-06,0.396435858,0.0,25.6,6.75
1999-09-07,0.396435858,0.0,30.85,3.65
1999-09-08,0.396435858,0.0,31.650000000000002,5.6
1999-09-09,0.368119011,0.0,27.950000000000003,7.9
1999-09-10,0.368119011,0.0,27.1,5.35
1999-09-11,0.368119011,0.0,31.8,5.2
1999-09-12,0.368119011,0.0,35.3,5.3
1999-09-13,0.368119011,0.0,35.1,6.2
1999-09-14,0.3398021639999999,0.0,34.55,7.05
1999-09-15,0.3398021639999999,0.0,29.6,7.050000000000001
1999-09-16,0.3398021639999999,0.0,27.45,7.4
1999-09-17,0.3398021639999999,0.0,29.4,5.4
1999-09-18,0.3398021639999999,0.0,34.650000000000006,6.7
1999-09-19,0.3398021639999999,0.0,34.349999999999994,6.4
1999-09-20,0.3398021639999999,0.0,34.05,6.8
1999-09-21,0.311485317,0.0,33.6,7.0
1999-09-22,0.311485317,0.0,33.0,7.949999999999999
1999-09-23,0.311485317,0.0,28.95,8.1
1999-09-24,0.311485317,0.0,24.8,9.65
1999-09-25,0.311485317,0.8,17.85,4.050000000000001
1999-09-26,0.311485317,0.0,20.2,0.8
1999-09-27,0.311485317,0.0,21.85,-1.7000000000000002
1999-09-28,0.311485317,0.0,28.95,0.0
1999-09-29,0.311485317,0.0,30.2,2.0
1999-09-30,0.311485317,0.0,27.5,4.85
1999-10-01,0.311485317,0.0,27.9,1.35
1999-10-02,0.311485317,0.0,27.95,1.3
1999-10-03,0.311485317,0.0,27.6,1.95
1999-10-04,0.28316847,0.0,25.0,3.35
1999-10-05,0.28316847,2.8,19.049999999999997,9.600000000000001
1999-10-06,0.368119011,7.6,16.55,9.3
1999-10-07,0.3398021639999999,0.3,22.55,7.15
1999-10-08,0.311485317,3.6,22.65,5.75
1999-10-09,0.3398021639999999,0.0,18.9,4.449999999999999
1999-10-10,0.311485317,0.0,23.1,2.2
1999-10-11,0.311485317,0.0,23.85,5.15
1999-10-12,0.28316847,0.0,23.75,3.5
1999-10-13,0.28316847,0.0,24.6,4.15
1999-10-14,0.28316847,0.0,19.299999999999997,1.0
1999-10-15,0.2803367853,0.0,17.55,-2.5
1999-10-16,0.2803367853,0.0,21.85,-2.25
1999-10-17,0.2803367853,0.0,22.7,-0.7
1999-10-18,0.2803367853,0.0,24.85,1.0499999999999998
1999-10-19,0.2718417312,0.0,24.75,1.85
1999-10-20,0.2690100465,0.0,22.65,2.5
1999-10-21,0.2661783618,0.0,24.0,2.2
1999-10-22,0.2661783618,0.0,22.6,2.85
1999-10-23,0.2661783618,0.0,17.799999999999997,2.5
1999-10-24,0.2718417312,0.3,20.6,6.2
1999-10-25,0.28316847,10.7,18.9,5.6
1999-10-26,0.56633694,17.5,12.1,2.5999999999999996
1999-10-27,0.651287481,25.4,8.45,1.7
1999-10-28,1.557426585,17.5,11.2,1.8250000000000002
1999-10-29,1.019406492,0.3,13.95,1.9500000000000002
1999-10-30,0.5946537869999999,0.0,16.049999999999997,0.2
1999-10-31,0.651287481,13.0,12.3,-0.75
1999-11-01,0.538020093,0.0,13.35,-1.25
1999-11-02,0.453069552,0.0,13.35,-1.5
1999-11-03,0.424752705,8.4,12.25,0.15
1999-11-04,0.5946537869999999,0.5,11.2,4.550000000000001
1999-11-05,0.821188563,31.2,9.5,4.65
1999-11-06,1.330891809,0.0,15.649999999999999,6.6
1999-11-07,0.764554869,0.0,12.5,6.15
1999-11-08,0.962772798,19.1,10.7,5.8
1999-11-09,0.991089645,3.3,9.2,5.6
1999-11-10,1.217624421,14.0,10.15,7.2
1999-11-11,1.160990727,3.6,12.75,7.6
1999-11-12,0.962772798,4.1,14.2,9.7
1999-11-13,0.8778222569999999,0.0,18.2,6.449999999999999
1999-11-14,0.764554869,0.0,14.55,3.05
1999-11-15,0.6796043279999999,0.3,16.1,7.35
1999-11-16,0.6796043279999999,12.7,9.7,5.0
1999-11-17,0.8778222569999999,2.0,9.55,4.65
1999-11-18,0.764554869,0.0,9.1,2.6
1999-11-19,0.821188563,20.1,8.75,3.55
1999-11-20,1.812278208,16.5,9.95,2.9000000000000004
1999-11-21,1.783961361,21.1,4.9,1.6
1999-11-22,1.585743432,10.2,5.75,1.4500000000000002
1999-11-23,1.670693973,9.7,5.699999999999999,1.4
1999-11-24,4.757230296,71.1,8.45,2.75
1999-11-25,49.55448225,162.6,11.95,8.05
1999-11-26,52.95250389,40.9,10.9,6.65
1999-11-27,15.687533238,1.0,10.2,4.15
1999-11-28,8.325153018,0.0,10.1,0.04999999999999999
1999-11-29,5.776636788,6.9,10.2,2.05
1999-11-30,4.81386399,3.6,8.1,4.15
1999-12-01,4.162576509,22.6,5.6,3.35
1999-12-02,8.636638334999999,37.3,5.65,1.0
1999-12-03,6.880993821,1.3,7.6,-0.3
1999-12-04,5.408517777,3.6,6.85,-1.4
1999-12-05,4.983765072,8.1,7.0,1.85
1999-12-06,6.484557962999999,39.9,6.95,3.0999999999999996
1999-12-07,8.070301395,37.3,3.3,0.09999999999999999
1999-12-08,6.342973728,8.6,2.25,0.0
1999-12-09,5.691686247,15.7,3.45,0.25
1999-12-10,5.295250389,16.0,4.0,0.9
1999-12-11,5.918221023,13.7,5.35,1.1
1999-12-12,7.843766619,27.2,6.85,1.15
1999-12-13,8.948123652,19.3,2.05,0.25
1999-12-14,7.249112832,32.8,2.75,0.5
1999-12-15,10.250698614,23.9,4.5,1.3
1999-12-16,20.359812993,48.5,7.0,3.5
1999-12-17,20.359812993,22.1,9.7,3.0999999999999996
1999-12-18,20.218228758,8.6,7.65,4.1
1999-12-19,13.393868631,0.0,9.2,3.7
1999-12-20,9.287925816,0.0,9.1,0.2
1999-12-21,7.107528597,0.0,7.95,-1.2000000000000002
1999-12-22,5.861587329,0.0,5.699999999999999,-1.85
1999-12-23,5.181983001,0.0,5.75,-2.05
1999-12-24,4.757230296,0.0,5.4,-2.15
1999-12-25,4.445744979,0.0,5.4,-2.05
1999-12-26,4.077625968,0.0,4.55,-2.7
1999-12-27,3.766140651,0.0,4.9,-2.55
1999-12-28,3.511289028,0.0,3.95,-2.85
1999-12-29,3.199803711,0.0,3.45,-3.5999999999999996
1999-12-30,2.973268935,0.0,3.05,-3.5
1999-12-31,2.746734159,1.8,1.8,-1.75
2000-01-01,2.803367853,25.9,3.5,0.5
2000-01-02,2.718417312,23.4,2.9000000000000004,0.2
2000-01-03,2.746734159,18.8,1.5,0.04999999999999999
2000-01-04,6.22970634,43.2,5.550000000000001,0.55
2000-01-05,5.861587329,2.8,5.75,-1.5499999999999998
2000-01-06,4.615646061,11.2,1.8,-3.1
2000-01-07,4.049309121,2.8,6.699999999999999,0.4
2000-01-08,6.059805258,31.2,6.35,2.8
2000-01-09,8.806539417,48.3,6.6,0.75
2000-01-10,10.675451319,100.6,3.45,0.04999999999999999
2000-01-11,10.420599696,19.6,1.5,0.04999999999999999
2000-01-12,7.07921175,19.8,1.35,-0.1
2000-01-13,5.833270482,61.7,0.9,0.1
2000-01-14,8.495054099999999,25.4,1.3,-0.8500000000000001
2000-01-15,9.004757346,2.8,1.55,-1.85
2000-01-16,8.664955182,9.7,4.75,-0.65
2000-01-17,7.503964455,0.0,7.1000000000000005,-2.25
2000-01-18,6.116438952,0.0,7.75,-2.35
2000-01-19,5.323567236,8.6,3.95,-1.35
2000-01-20,5.776636788,5.1,5.35,-0.19999999999999998
2000-01-21,5.550102012,2.5,5.300000000000001,-1.0
2000-01-22,5.153666154,3.8,7.6,-1.15
2000-01-23,4.927131378,18.5,2.6500000000000004,-1.85
2000-01-24,7.447330761,18.8,4.15,0.45
2000-01-25,8.041984548,8.4,5.300000000000001,0.75
2000-01-26,7.419013914,1.3,6.300000000000001,-0.8
2000-01-27,6.144755799,0.0,5.949999999999999,-3.3499999999999996
2000-01-28,5.181983001,0.0,6.449999999999999,-4.75
2000-01-29,4.445744979,0.0,6.199999999999999,-5.1
2000-01-30,3.936041733,3.3,2.15,-3.8499999999999996
2000-01-31,3.879408039,32.0,6.1,0.1
2000-02-01,11.04357033,21.8,9.05,1.3
2000-02-02,14.554859358,1.3,12.15,-0.24999999999999997
2000-02-03,10.590500778,0.0,5.85,-0.9
2000-02-04,8.410103559,5.8,10.95,0.6
2000-02-05,7.503964455,9.7,6.4,0.7000000000000001
2000-02-06,7.305746526,1.0,10.600000000000001,1.4500000000000002
2000-02-07,6.937627515,0.0,9.4,0.7000000000000001
2000-02-08,6.937627515,8.6,6.050000000000001,2.1
2000-02-09,7.787132925,0.8,13.3,1.2000000000000002
2000-02-10,7.107528597,6.6,9.399999999999999,1.05
2000-02-11,6.880993821,9.4,6.449999999999999,2.4
2000-02-12,6.852676974,11.7,5.95,2.1
2000-02-13,6.569508504,11.2,5.5,0.95
2000-02-14,8.466737253,31.2,7.0,3.0
2000-02-15,9.656044827,10.9,10.149999999999999,-0.4
2000-02-16,7.872083465999999,0.0,9.95,-0.8
2000-02-17,6.399607422,0.0,11.7,-2.2
2000-02-18,5.323567236,0.0,9.25,-2.8
2000-02-19,4.53069552,0.0,11.149999999999999,-3.4
2000-02-20,4.077625968,1.0,6.2,-1.15
2000-02-21,3.879408039,5.1,9.3,1.5499999999999998
2000-02-22,4.360794438,21.1,7.199999999999999,1.75
2000-02-23,4.672279755,4.8,9.45,0.95
2000-02-24,4.190893356,1.3,9.350000000000001,-0.6
2000-02-25,4.049309121,18.8,4.05,-0.5
2000-02-26,6.824360126999999,38.9,5.75,1.25
2000-02-27,8.806539417,7.6,9.2,1.05
2000-02-28,7.277429679,10.7,8.85,3.65
2000-02-29,7.135845444,9.9,8.15,2.55
2000-03-01,6.258023187,0.3,9.1,0.7
2000-03-02,5.6633694,9.4,10.8,3.75
2000-03-03,5.068715613,0.0,12.3,1.4
2000-03-04,5.097032459999999,13.5,7.25,2.15
2000-03-05,4.927131378,0.5,5.699999999999999,0.95
2000-03-06,4.417428132,0.0,7.95,-1.65
2000-03-07,3.96435858,3.8,8.2,-2.45
2000-03-08,3.709506957,4.8,8.25,0.1
2000-03-09,3.426338487,6.1,11.899999999999999,-0.75
2000-03-10,3.39802164,22.6,10.05,-0.4
2000-03-11,3.936041733,0.0,12.65,-1.05
2000-03-12,3.567922722,0.0,14.95,-1.5999999999999999
2000-03-13,3.482972181,21.6,11.95,-0.3
2000-03-14,4.643962908,0.3,12.8,1.95
2000-03-15,4.219210203,1.3,15.850000000000001,-1.4000000000000001
2000-03-16,5.068715613,26.2,8.15,2.0
2000-03-17,5.040398766,0.3,9.2,1.4500000000000002
2000-03-18,5.493468318,31.0,8.2,3.4
2000-03-19,7.475647608,16.8,4.800000000000001,1.0499999999999998
2000-03-20,6.342973728,0.0,13.65,-0.1
2000-03-21,5.493468318,0.0,20.05,-0.65
2000-03-22,5.266933541999999,11.2,14.45,1.1
2000-03-23,5.493468318,0.0,14.0,-1.2
2000-03-24,4.81386399,0.0,18.9,-2.5
2000-03-25,4.275843897,0.0,13.649999999999999,1.0
2000-03-26,3.907724886,0.0,21.4,-0.8999999999999999
2000-03-27,3.851091192,8.1,9.0,2.1
2000-03-28,3.624556416,1.0,9.25,1.7
2000-03-29,3.284754252,0.0,15.15,0.35
2000-03-30,3.001585782,0.0,21.0,-2.35
2000-03-31,2.8316847,0.0,24.0,-1.05
2000-04-01,2.888318394,0.0,24.85,0.7
2000-04-02,3.256437405,0.0,27.1,1.55
2000-04-03,3.907724886,0.0,28.85,2.85
2000-04-04,4.445744979,0.3,11.0,2.9000000000000004
2000-04-05,3.851091192,0.0,14.75,2.5999999999999996
2000-04-06,3.426338487,0.0,11.55,0.04999999999999999
2000-04-07,3.001585782,0.0,27.1,-2.1
2000-04-08,2.944952088,0.0,22.3,2.15
2000-04-09,3.029902629,0.5,15.65,2.75
2000-04-10,2.888318394,0.0,25.0,0.7
2000-04-11,3.086536323,0.0,28.05,2.65
2000-04-12,3.737823804,25.9,26.200000000000003,6.550000000000001
2000-04-13,6.201389493,26.9,14.5,7.6
2000-04-14,5.38020093,8.9,14.65,7.15
2000-04-15,5.833270482,10.2,15.05,6.25
2000-04-16,5.097032459999999,3.6,16.0,6.05
2000-04-17,4.53069552,2.3,23.5,5.95
2000-04-18,4.304160744,1.0,9.55,6.1
2000-04-19,3.879408039,0.0,17.8,4.6
2000-04-20,3.482972181,0.0,23.45,4.15
2000-04-21,3.39802164,3.0,24.049999999999997,2.85
2000-04-22,3.652873263,0.5,13.600000000000001,4.4
2000-04-23,3.341387946,9.1,11.45,2.3
2000-04-24,2.973268935,0.8,15.5,-0.4
2000-04-25,3.143170017,11.9,13.05,4.35
2000-04-26,3.143170017,0.0,22.75,2.05
2000-04-27,3.143170017,5.1,20.3,3.25
2000-04-28,3.001585782,6.4,9.85,2.0999999999999996
2000-04-29,2.718417312,0.0,21.0,1.4500000000000002
2000-04-30,2.633466771,0.0,25.0,3.4
2000-05-01,2.633466771,5.6,23.5,3.65
2000-05-02,2.746734159,0.0,23.25,7.4
2000-05-03,2.944952088,11.9,11.05,5.7
2000-05-04,2.973268935,1.3,16.2,4.5
2000-05-05,2.888318394,5.3,14.05,3.3
2000-05-06,2.633466771,0.3,19.549999999999997,0.0
2000-05-07,2.491882536,5.6,17.85,2.6
2000-05-08,2.718417312,11.2,16.1,8.85
2000-05-09,3.596239569,26.7,10.1,4.15
2000-05-10,4.360794438,25.7,7.6,3.0
2000-05-11,4.842180837,44.7,6.199999999999999,1.15
2000-05-12,5.012081919,0.0,16.450000000000003,0.8500000000000001
2000-05-13,4.785547143,0.0,19.15,4.75
2000-05-14,4.785547143,1.0,24.0,3.45
2000-05-15,5.068715613,3.6,23.65,8.8
2000-05-16,4.643962908,0.0,12.7,9.45
2000-05-17,4.105942815,0.0,17.7,5.050000000000001
2000-05-18,3.709506957,0.3,25.549999999999997,2.7
2000-05-19,3.511289028,0.0,25.5,9.399999999999999
2000-05-20,3.341387946,0.0,28.8,6.35
2000-05-21,3.228120558,0.0,30.65,6.8
2000-05-22,3.058219476,0.0,26.1,8.600000000000001
2000-05-23,2.8316847,0.0,21.75,12.0
2000-05-24,2.605149924,0.0,22.3,9.899999999999999
2000-05-25,2.378615148,0.0,21.757142857142856,9.142857142857142
2000-05-26,2.237030913,2.0,21.214285714285715,8.385714285714284
2000-05-27,2.491882536,7.9,20.67142857142857,7.628571428571428
2000-05-28,2.491882536,0.0,20.12857142857143,6.87142857142857
2000-05-29,2.152080372,0.5,19.585714285714285,6.114285714285714
2000-05-30,2.010496137,3.8,19.042857142857144,5.357142857142857
2000-05-31,1.925545596,0.3,18.5,4.6
2000-06-01,1.783961361,0.0,30.2,2.4
2000-06-02,1.727327667,0.0,29.5,6.8
2000-06-03,1.642377126,0.0,32.4,5.6
2000-06-04,1.585743432,0.0,33.4,8.4
2000-06-05,1.529109738,0.0,29.933333333333334,8.416666666666666
2000-06-06,1.444159197,0.0,26.466666666666665,8.433333333333334
2000-06-07,1.387525503,7.1,23.0,8.45
2000-06-08,1.585743432,4.1,15.299999999999999,7.05
2000-06-09,1.642377126,9.9,15.1,4.75
2000-06-10,1.812278208,6.9,15.2,3.55
2000-06-11,2.038812984,29.2,15.1,4.0
2000-06-12,7.390697067,32.8,16.1,8.9
2000-06-13,6.088122105,0.0,28.15,7.0
2000-06-14,4.275843897,0.0,32.15,7.3
2000-06-15,3.39802164,0.0,28.9,7.0
2000-06-16,2.860001547,0.0,31.45,3.2
2000-06-17,2.491882536,0.0,34.7,3.9
2000-06-18,2.237030913,0.0,26.95,6.45
2000-06-19,2.038812984,0.0,24.85,4.95
2000-06-20,1.897228749,0.0,30.75,12.65
2000-06-21,1.755644514,0.0,31.650000000000002,10.05
2000-06-22,1.642377126,0.0,26.799999999999997,8.1
2000-06-23,1.529109738,0.0,26.950000000000003,5.4
2000-06-24,1.444159197,0.0,29.6,6.6
2000-06-25,1.3592086559999998,0.0,33.349999999999994,7.6
2000-06-26,1.302574962,0.0,35.55,7.5
2000-06-27,1.217624421,0.0,36.599999999999994,8.3
2000-06-28,1.189307574,0.0,35.2,10.45
2000-06-29,1.13267388,0.0,35.0,9.2
2000-06-30,1.076040186,0.0,27.0,8.05
2000-07-01,1.047723339,0.0,24.2,7.75
2000-07-02,1.019406492,0.0,23.700000000000003,5.05
2000-07-03,1.019406492,2.3,17.25,9.100000000000001
2000-07-04,0.991089645,0.8,17.450000000000003,8.899999999999999
2000-07-05,0.962772798,0.0,20.65,10.75
2000-07-06,0.962772798,0.0,25.95,10.85
2000-07-07,0.906139104,0.3,31.2,8.4
2000-07-08,0.906139104,0.0,25.450000000000003,10.3
2000-07-09,0.84950541,0.0,26.55,9.45
2000-07-10,0.821188563,0.0,27.7,7.050000000000001
2000-07-11,0.792871716,0.0,27.4,7.65
2000-07-12,0.764554869,0.0,30.0,8.4
2000-07-13,0.736238022,0.0,26.85,8.75
2000-07-14,0.707921175,0.0,24.2,8.7
2000-07-15,0.707921175,0.0,30.5,6.05
2000-07-16,0.6796043279999999,0.0,31.0,8.35
2000-07-17,0.6796043279999999,0.0,26.6,14.2
2000-07-18,0.651287481,0.0,26.25,12.75
2000-07-19,0.622970634,0.0,29.700000000000003,12.6
2000-07-20,0.622970634,0.0,32.5,9.6
2000-07-21,0.5946537869999999,0.0,31.5,11.25
2000-07-22,0.5946537869999999,0.0,22.25,9.9
2000-07-23,0.56633694,0.0,29.85,7.199999999999999
2000-07-24,0.56633694,0.0,32.25,8.9
2000-07-25,0.538020093,0.0,27.1,8.2
2000-07-26,0.538020093,0.0,26.45,10.35
2000-07-27,0.5097032459999999,0.0,32.0,7.85
2000-07-28,0.5097032459999999,0.0,31.4,10.8
2000-07-29,0.5097032459999999,0.0,34.45,11.35
2000-07-30,0.4813863989999999,0.0,33.25,13.45
2000-07-31,0.4813863989999999,0.0,33.75,14.05
2000-08-01,0.453069552,0.0,31.75,11.899999999999999
2000-08-02,0.453069552,0.0,32.45,9.2
2000-08-03,0.424752705,0.0,32.35,9.3
2000-08-04,0.424752705,0.0,34.1,9.5
2000-08-05,0.424752705,0.0,35.3,9.95
2000-08-06,0.396435858,0.0,33.6,10.8
2000-08-07,0.396435858,0.0,34.9,9.85
2000-08-08,0.396435858,0.0,36.2,10.45
2000-08-09,0.396435858,0.0,32.9,10.8
2000-08-10,0.396435858,0.0,26.45,12.65
2000-08-11,0.368119011,0.0,28.2,9.6
2000-08-12,0.368119011,0.0,28.25,6.300000000000001
2000-08-13,0.368119011,0.0,27.3,5.800000000000001
2000-08-14,0.368119011,0.0,26.85,6.1
2000-08-15,0.368119011,0.0,27.1,5.45
2000-08-16,0.368119011,0.0,28.8,5.55
2000-08-17,0.3398021639999999,0.0,26.45,6.15
2000-08-18,0.3398021639999999,0.8,23.25,6.0
2000-08-19,0.368119011,0.0,24.85,8.100000000000001
2000-08-20,0.3398021639999999,0.0,27.3,4.9
2000-08-21,0.3398021639999999,0.0,30.65,5.199999999999999
2000-08-22,0.3398021639999999,0.0,34.5,7.75
2000-08-23,0.3398021639999999,0.0,32.900000000000006,10.0
2000-08-24,0.311485317,0.0,30.9,10.1
2000-08-25,0.311485317,0.0,28.95,8.5
2000-08-26,0.311485317,0.0,26.25,8.9
2000-08-27,0.311485317,0.0,25.950000000000003,6.45
2000-08-28,0.311485317,0.0,29.799999999999997,4.5
2000-08-29,0.311485317,0.0,33.150000000000006,6.9
2000-08-30,0.311485317,0.0,28.700000000000003,7.6
2000-08-31,0.311485317,0.0,18.549999999999997,9.5
2000-09-01,0.311485317,0.8,21.9,8.8
2000-09-02,0.3398021639999999,14.7,15.8,8.45
2000-09-03,0.396435858,11.2,18.6,7.85
2000-09-04,0.396435858,6.9,22.1,7.65
2000-09-05,0.424752705,0.0,19.700000000000003,9.15
2000-09-06,0.3398021639999999,0.0,25.6,9.2
2000-09-07,0.311485317,0.0,27.7,6.0
2000-09-08,0.3398021639999999,5.1,14.6,8.899999999999999
2000-09-09,0.368119011,0.0,23.0,7.2
2000-09-10,0.3398021639999999,2.5,17.85,8.600000000000001
2000-09-11,0.3398021639999999,0.0,29.25,13.0
2000-09-12,0.311485317,0.0,31.75,10.600000000000001
2000-09-13,0.311485317,0.0,32.5,10.399999999999999
2000-09-14,0.311485317,0.0,29.85,12.35
2000-09-15,0.28316847,0.0,22.799999999999997,14.75
2000-09-16,0.311485317,3.8,23.200000000000003,12.45
2000-09-17,0.28316847,0.0,28.1,9.9
2000-09-18,0.28316847,0.0,30.9,9.95
2000-09-19,0.28316847,0.0,29.65,12.7
2000-09-20,0.28316847,0.0,30.049999999999997,8.65
2000-09-21,0.28316847,2.3,22.700000000000003,7.050000000000001
2000-09-22,0.2803367853,0.0,18.65,0.85
2000-09-23,0.2746734159,0.0,24.9,-1.7000000000000002
2000-09-24,0.2746734159,0.0,27.25,0.05
2000-09-25,0.2718417312,0.0,29.0,1.5
2000-09-26,0.2661783618,0.0,29.55,2.85
2000-09-27,0.2661783618,0.0,29.2,4.15
2000-09-28,0.2661783618,0.0,24.55,6.9
2000-09-29,0.2661783618,0.0,26.5,9.25
2000-09-30,0.2661783618,0.0,20.1,11.600000000000001
2000-10-01,0.3398021639999999,20.8,20.3,10.55
2000-10-02,0.3398021639999999,0.0,19.55,7.300000000000001
2000-10-03,0.28316847,0.0,20.85,3.9499999999999997
2000-10-04,0.2746734159,0.0,22.7,1.2999999999999998
2000-10-05,0.2690100465,0.0,25.4,1.6
2000-10-06,0.2661783618,0.0,25.200000000000003,2.25
2000-10-07,0.2661783618,0.0,26.05,2.65
2000-10-08,0.2576833077,0.0,25.15,2.75
2000-10-09,0.2633466771,6.9,12.850000000000001,6.0
2000-10-10,0.28316847,6.1,9.7,7.35
2000-10-11,0.3398021639999999,0.8,13.65,7.75
2000-10-12,0.28316847,1.3,13.0,8.399999999999999
2000-10-13,0.28316847,5.1,13.649999999999999,8.85
2000-10-14,0.311485317,0.0,16.7,5.199999999999999
2000-10-15,0.28316847,0.0,13.2,4.05
2000-10-16,0.2803367853,0.0,18.9,2.0
2000-10-17,0.2746734159,0.0,19.4,2.4
2000-10-18,0.3398021639999999,13.0,15.2,9.2
2000-10-19,0.311485317,0.0,17.5,9.35
2000-10-20,0.906139104,51.8,12.8,6.75
2000-10-21,1.13267388,2.3,12.3,3.85
2000-10-22,0.538020093,0.0,13.95,0.65
2000-10-23,0.396435858,0.0,16.85,-1.3
2000-10-24,0.3398021639999999,0.0,16.55,0.35
2000-10-25,0.311485317,0.0,12.2,6.0
2000-10-26,0.311485317,2.0,15.5,6.4
2000-10-27,0.368119011,0.0,15.55,8.2
2000-10-28,0.622970634,22.6,10.45,2.2
2000-10-29,0.5097032459999999,0.5,12.25,4.7
2000-10-30,0.396435858,0.0,14.7,0.05
2000-10-31,0.3398021639999999,0.0,13.45,0.4
2000-11-01,0.3398021639999999,6.1,9.25,2.8
2000-11-02,0.396435858,6.1,12.5,6.4
2000-11-03,0.368119011,0.0,17.299999999999997,5.65
2000-11-04,0.368119011,5.1,11.1,2.25
2000-11-05,0.368119011,7.1,10.5,2.5
2000-11-06,0.424752705,2.8,11.05,0.0
2000-11-07,0.396435858,5.6,8.6,-1.1
2000-11-08,0.991089645,34.5,6.7,2.1
2000-11-09,0.962772798,1.5,7.85,0.35
2000-11-10,0.651287481,0.0,5.3,-3.55
2000-11-11,0.5097032459999999,0.0,3.6500000000000004,-5.6
2000-11-12,0.424752705,0.0,4.4,-4.1
2000-11-13,0.396435858,0.0,6.9,-3.15
2000-11-14,0.368119011,0.0,5.4,-3.7
2000-11-15,0.368119011,0.0,10.8,-3.0999999999999996
2000-11-16,0.3398021639999999,0.0,5.85,-4.65
2000-11-17,0.3398021639999999,0.0,5.699999999999999,-5.35
2000-11-18,0.311485317,0.0,5.9,-5.6
2000-11-19,0.311485317,0.0,4.15,-5.449999999999999
2000-11-20,0.311485317,0.0,6.3,-2.85
2000-11-21,0.311485317,0.0,9.1,-2.8
2000-11-22,0.311485317,0.0,5.800000000000001,-4.449999999999999
2000-11-23,0.368119011,18.0,2.7,-3.45
2000-11-24,0.56633694,2.3,8.6,-1.1
2000-11-25,0.4813863989999999,11.2,7.15,-1.25
2000-11-26,0.622970634,6.6,9.15,3.15
2000-11-27,1.302574962,11.7,8.65,-1.75
2000-11-28,0.991089645,0.0,5.4,-2.2
2000-11-29,1.189307574,18.8,7.35,2.2
2000-11-30,1.387525503,0.8,8.1,0.15
2000-12-01,1.104357033,0.0,6.9,-1.5
2000-12-02,0.991089645,7.1,8.4,0.1
2000-12-03,0.8778222569999999,0.0,10.0,1.5
2000-12-04,0.792871716,0.0,9.8,-0.2
2000-12-05,0.707921175,0.0,8.95,-1.3
2000-12-06,0.651287481,0.0,7.9,-1.15
2000-12-07,0.5946537869999999,0.0,5.25,-1.9000000000000001
2000-12-08,0.538020093,0.3,7.6000000000000005,-1.2
2000-12-09,0.538020093,1.0,7.75,1.7999999999999998
2000-12-10,0.538020093,6.1,4.05,0.75
2000-12-11,0.538020093,21.6,2.25,-0.75
2000-12-12,0.538020093,1.0,2.1500000000000004,-2.5
2000-12-13,0.651287481,44.7,0.55,-0.15
2000-12-14,2.605149924,43.9,5.85,-0.1
2000-12-15,4.81386399,32.5,4.4,0.8
2000-12-16,3.143170017,18.5,5.0,-0.65
2000-12-17,3.482972181,5.3,6.15,-2.45
2000-12-18,2.54851623,0.0,3.25,-3.4000000000000004
2000-12-19,2.067129831,0.0,2.4,-1.05
2000-12-20,1.868911902,7.1,4.0,0.9
2000-12-21,2.406931995,6.6,3.95,-0.15
2000-12-22,6.484557962999999,55.6,3.05,1.05
2000-12-23,8.77822257,18.3,4.45,0.9500000000000001
2000-12-24,6.909310668,1.5,4.95,-1.2000000000000002
2000-12-25,4.898814531,0.0,5.45,-1.75
2000-12-26,3.766140651,0.0,5.25,-1.15
2000-12-27,3.256437405,0.0,8.3,-0.8
2000-12-28,3.058219476,0.0,6.0,-1.35
2000-12-29,3.001585782,0.0,7.15,-1.4
2000-12-30,2.803367853,0.0,5.75,-1.7000000000000002
2000-12-31,2.690100465,1.3,9.55,-0.05
2001-01-01,2.520199383,0.0,6.9,-1.1
2001-01-02,2.378615148,0.0,8.35,0.4
2001-01-03,2.406931995,0.5,5.75,-1.0499999999999998
2001-01-04,2.406931995,0.0,11.5,1.85
2001-01-05,2.54851623,2.8,10.75,1.9500000000000002
2001-01-06,2.378615148,0.0,7.6,-1.25
2001-01-07,2.152080372,0.0,6.3,-1.0499999999999998
2001-01-08,2.095446678,3.6,7.4,2.4000000000000004
2001-01-09,2.010496137,8.9,3.8499999999999996,-0.35
2001-01-10,1.953862443,0.0,5.15,-0.05
2001-01-11,1.755644514,0.0,7.95,0.25
2001-01-12,1.614060279,2.0,6.9,1.9500000000000002
2001-01-13,1.69901082,31.2,3.6,0.05
2001-01-14,1.868911902,6.6,4.300000000000001,-0.05
2001-01-15,1.783961361,0.8,5.949999999999999,-2.6500000000000004
2001-01-16,1.614060279,0.0,3.05,-5.45
2001-01-17,1.500792891,0.0,2.1500000000000004,-5.35
2001-01-18,1.41584235,1.0,4.4,-0.75
2001-01-19,1.783961361,9.7,8.1,-1.2
2001-01-20,1.727327667,0.0,4.85,-1.9
2001-01-21,2.321981454,14.5,6.4,2.1
2001-01-22,2.888318394,0.0,10.1,-0.6
2001-01-23,2.690100465,1.0,5.1,-1.15
2001-01-24,2.520199383,6.1,6.0,1.45
2001-01-25,2.293664607,3.6,2.8499999999999996,-1.15
2001-01-26,2.095446678,0.0,5.15,-2.7
2001-01-27,1.897228749,0.0,4.65,-3.8499999999999996
2001-01-28,1.783961361,0.0,2.95,-4.75
2001-01-29,1.755644514,12.2,5.300000000000001,0.25
2001-01-30,1.614060279,0.5,6.45,-1.45
2001-01-31,1.529109738,0.0,4.9,-3.1500000000000004
2001-02-01,1.472476044,0.0,6.699999999999999,-1.95
2001-02-02,1.614060279,11.4,7.45,2.85
2001-02-03,1.925545596,15.5,6.6,2.55
2001-02-04,2.633466771,3.8,11.55,3.4000000000000004
2001-02-05,3.029902629,2.0,7.050000000000001,-0.5
2001-02-06,2.718417312,0.0,4.95,-1.0
2001-02-07,2.406931995,0.0,6.65,-3.45
2001-02-08,2.208714066,2.8,2.55,-4.3
2001-02-09,2.038812984,0.0,5.699999999999999,-1.6
2001-02-10,1.925545596,4.1,3.8499999999999996,-0.9
2001-02-11,1.812278208,4.3,5.6,-0.65
2001-02-12,1.670693973,0.0,6.65,-2.35
2001-02-13,1.557426585,0.0,6.75,-3.75
2001-02-14,1.500792891,0.0,8.6,-3.65
2001-02-15,1.41584235,0.0,10.75,-2.7
2001-02-16,1.387525503,0.0,9.7,1.1
2001-02-17,1.330891809,0.3,15.149999999999999,0.85
2001-02-18,1.302574962,0.8,11.6,0.9
2001-02-19,1.245941268,0.0,10.600000000000001,-0.5
2001-02-20,1.217624421,13.2,10.9,1.225
2001-02-21,1.444159197,8.4,11.2,2.95
2001-02-22,1.500792891,3.3,10.1,0.35
2001-02-23,1.500792891,2.8,8.1,2.0
2001-02-24,1.472476044,0.0,11.3,-0.9
2001-02-25,1.387525503,0.0,14.15,-1.35
2001-02-26,1.302574962,0.0,14.7,-2.6500000000000004
2001-02-27,1.245941268,0.0,15.7,-3.4
2001-02-28,1.189307574,0.0,12.3,-4.4
2001-03-01,1.302574962,20.6,10.55,-1.95
2001-03-02,1.69901082,2.5,6.2,-0.25
2001-03-03,1.557426585,0.0,8.15,-0.85
2001-03-04,1.500792891,1.0,7.0,-0.25
2001-03-05,1.444159197,0.0,16.15,-0.44999999999999996
2001-03-06,1.387525503,0.0,20.15,-0.35
2001-03-07,1.3592086559999998,0.0,21.1,0.2
2001-03-08,1.41584235,11.7,10.2,2.9
2001-03-09,1.444159197,2.0,9.15,2.1
2001-03-10,1.3592086559999998,0.0,11.25,0.6000000000000001
2001-03-11,1.302574962,0.0,13.2,-0.15000000000000002
2001-03-12,1.245941268,0.0,18.45,-0.55
2001-03-13,1.217624421,0.8,16.9,0.05
2001-03-14,1.217624421,0.3,15.2,0.45
2001-03-15,1.274258115,14.7,6.699999999999999,0.4
2001-03-16,1.274258115,4.3,6.449999999999999,0.2
2001-03-17,1.557426585,24.6,7.35,-0.05
2001-03-18,2.916635241,17.5,11.55,4.699999999999999
2001-03-19,5.521785165,6.9,11.2,5.35
2001-03-20,4.757230296,0.0,17.049999999999997,2.3
2001-03-21,3.766140651,0.0,21.2,-1.45
2001-03-22,3.228120558,0.0,23.4,0.05
2001-03-23,3.086536323,0.0,24.9,3.0
2001-03-24,3.171486864,10.4,21.200000000000003,4.6
2001-03-25,3.794457498,11.4,10.45,4.85
2001-03-26,3.341387946,4.3,8.35,2.5999999999999996
2001-03-27,4.360794438,40.9,7.800000000000001,1.65
2001-03-28,8.268519324,4.6,13.850000000000001,7.1
2001-03-29,6.541191657,0.0,17.5,5.55
2001-03-30,5.238616695,0.0,15.7,5.75
2001-03-31,4.955448225,13.2,11.6,5.75
2001-04-01,4.81386399,1.3,10.7,1.05
2001-04-02,4.162576509,7.1,6.15,0.4
2001-04-03,3.652873263,0.3,11.55,-0.7
2001-04-04,3.228120558,0.0,14.55,-1.0
2001-04-05,2.944952088,9.9,14.95,-2.7
2001-04-06,2.944952088,9.4,5.3,0.9500000000000001
2001-04-07,2.746734159,6.6,8.55,-0.3
2001-04-08,2.605149924,5.1,9.649999999999999,0.0
2001-04-09,2.435248842,0.0,10.100000000000001,-0.5
2001-04-10,2.378615148,25.1,8.0,2.65
2001-04-11,3.143170017,9.7,10.75,0.65
2001-04-12,3.11485317,2.1,12.116666666666667,-0.34999999999999987
2001-04-13,2.8316847,1.0,13.483333333333334,-1.3499999999999996
2001-04-14,2.54851623,0.0,14.850000000000001,-2.3499999999999996
2001-04-15,2.378615148,0.0,21.9,-1.75
2001-04-16,2.406931995,6.4,24.35,0.25
2001-04-17,3.058219476,6.1,17.85,4.800000000000001
2001-04-18,3.313071099,4.8,15.3,4.550000000000001
2001-04-19,3.482972181,3.3,12.75,4.300000000000001
2001-04-20,3.369704793,3.0,12.0,4.0
2001-04-21,3.171486864,0.3,15.149999999999999,5.25
2001-04-22,3.001585782,0.0,14.899999999999999,5.4
2001-04-23,2.8316847,0.0,15.8,4.8
2001-04-24,2.803367853,0.0,26.25,2.05
2001-04-25,3.11485317,0.0,30.5,4.9
2001-04-26,3.284754252,0.5,26.85,7.6
2001-04-27,3.029902629,4.1,21.299999999999997,4.550000000000001
2001-04-28,3.058219476,18.5,8.95,4.1
2001-04-29,2.803367853,3.3,10.95,3.65
2001-04-30,6.059805258,36.8,11.5,4.15
2001-05-01,6.824360126999999,7.1,9.850000000000001,3.2
2001-05-02,5.238616695,0.0,17.55,1.5499999999999998
2001-05-03,4.332477591,0.0,24.75,-1.25
2001-05-04,3.766140651,0.0,25.45,2.45
2001-05-05,3.313071099,0.8,16.950000000000003,1.75
2001-05-06,2.916635241,0.0,23.700000000000003,-0.75
2001-05-07,2.661783618,0.0,30.9,2.4
2001-05-08,2.491882536,0.0,26.15,6.0
2001-05-09,2.293664607,0.0,22.85,4.4
2001-05-10,2.123763525,0.0,26.0,1.5499999999999998
2001-05-11,1.98217929,0.0,33.8,5.2
2001-05-12,1.897228749,0.0,28.65,8.100000000000001
2001-05-13,1.755644514,0.0,23.45,9.3
2001-05-14,2.605149924,70.6,11.8,8.45
2001-05-15,7.050894903,33.8,12.649999999999999,6.85
2001-05-16,7.673865537,1.3,17.35,4.199999999999999
2001-05-17,5.550102012,0.0,19.25,1.7999999999999998
2001-05-18,4.304160744,0.0,22.45,3.25
2001-05-19,3.596239569,0.0,26.35,4.35
2001-05-20,3.086536323,0.0,25.25,5.25
2001-05-21,2.690100465,0.0,34.05,5.15
2001-05-22,2.406931995,0.0,37.75,8.45
2001-05-23,2.180397219,0.0,32.9,11.25
2001-05-24,1.98217929,0.0,31.65,9.35
2001-05-25,1.840595055,0.0,30.7,8.25
2001-05-26,1.727327667,0.0,30.049999999999997,8.899999999999999
2001-05-27,1.614060279,0.0,19.3,5.7
2001-05-28,1.529109738,0.5,18.75,6.4
2001-05-29,1.444159197,0.0,21.35,3.25
2001-05-30,1.3592086559999998,0.0,30.15,3.65
2001-05-31,1.274258115,0.0,36.7,7.35
2001-06-01,1.245941268,2.0,20.65,6.4
2001-06-02,1.245941268,10.2,15.15,4.35
2001-06-03,1.274258115,8.1,14.05,4.949999999999999
2001-06-04,1.189307574,3.8,20.05,5.050000000000001
2001-06-05,1.245941268,10.2,13.4,7.15
2001-06-06,1.330891809,0.0,23.8,8.55
2001-06-07,1.160990727,0.0,27.799999999999997,8.5
2001-06-08,1.076040186,0.0,27.8,11.100000000000001
2001-06-09,1.047723339,0.3,19.95,7.5
2001-06-10,0.991089645,0.0,19.6,7.7
2001-06-11,1.047723339,18.8,15.75,8.5
2001-06-12,1.3592086559999998,1.3,15.149999999999999,4.35
2001-06-13,1.160990727,0.0,24.15,1.9
2001-06-14,1.019406492,0.0,23.3,4.550000000000001
2001-06-15,0.962772798,0.0,23.6,3.65
2001-06-16,0.934455951,0.0,23.9,4.5
2001-06-17,0.8778222569999999,0.0,23.3,3.7
2001-06-18,0.84950541,0.0,26.45,2.35
2001-06-19,0.792871716,0.0,29.950000000000003,5.300000000000001
2001-06-20,0.764554869,0.0,31.25,8.5
2001-06-21,0.736238022,0.0,31.25,10.05
2001-06-22,0.707921175,0.0,27.95,8.45
2001-06-23,0.6796043279999999,0.0,23.200000000000003,10.45
2001-06-24,0.736238022,9.4,14.1,8.35
2001-06-25,0.764554869,5.8,22.0,5.949999999999999
2001-06-26,0.792871716,9.1,19.5,12.15
2001-06-27,0.84950541,6.9,23.25,13.3
2001-06-28,0.707921175,0.3,20.8,9.55
2001-06-29,0.651287481,0.0,23.450000000000003,7.6
2001-06-30,0.622970634,0.0,24.05,8.65
2001-07-01,0.5946537869999999,0.0,27.45,9.25
2001-07-02,0.56633694,0.0,31.15,8.2
2001-07-03,0.56633694,0.0,32.45,10.05
2001-07-04,0.538020093,0.0,31.7,13.35
2001-07-05,0.5097032459999999,0.0,25.85,10.5
2001-07-06,0.4813863989999999,0.0,28.05,6.9
2001-07-07,0.453069552,0.0,30.35,8.15
2001-07-08,0.453069552,0.0,34.4,8.6
2001-07-09,0.424752705,0.0,34.05,8.55
2001-07-10,0.424752705,0.0,31.75,14.0
2001-07-11,0.84950541,0.8,31.700000000000003,13.600000000000001
2001-07-12,0.84950541,0.0,31.75,12.65
2001-07-13,0.5946537869999999,0.0,29.9,10.2
2001-07-14,0.5097032459999999,0.0,28.049999999999997,8.15
2001-07-15,0.453069552,0.0,23.700000000000003,8.05
2001-07-16,0.453069552,0.0,20.15,11.399999999999999
2001-07-17,0.424752705,0.0,22.95,10.55
2001-07-18,0.396435858,0.0,24.25,9.8
2001-07-19,0.396435858,0.0,26.85,7.300000000000001
2001-07-20,0.368119011,0.0,23.049999999999997,11.0
2001-07-21,0.368119011,0.0,28.95,10.05
2001-07-22,0.368119011,0.0,31.0,8.1
2001-07-23,0.3398021639999999,0.0,31.9,9.45
2001-07-24,0.3398021639999999,0.0,32.35,10.600000000000001
2001-07-25,0.3398021639999999,0.0,30.35,8.95
2001-07-26,0.311485317,0.0,31.0,7.4
2001-07-27,0.311485317,0.0,30.7,7.6
2001-07-28,0.311485317,0.0,25.450000000000003,10.3
2001-07-29,0.3398021639999999,11.9,20.25,9.899999999999999
2001-07-30,0.424752705,2.0,19.299999999999997,12.3
2001-07-31,0.3398021639999999,0.0,25.75,10.55
2001-08-01,0.311485317,0.0,28.9,8.7
2001-08-02,0.311485317,0.0,30.2,8.9
2001-08-03,0.311485317,0.0,26.05,12.55
2001-08-04,0.311485317,0.0,22.85,10.2
2001-08-05,0.311485317,0.0,31.4,7.75
2001-08-06,0.28316847,0.0,32.05,10.45
2001-08-07,0.28316847,0.0,31.35,11.45
2001-08-08,0.28316847,0.0,34.349999999999994,10.7
2001-08-09,0.2775051006,0.0,37.7,12.600000000000001
2001-08-10,0.2775051006,0.0,34.2,13.399999999999999
2001-08-11,0.2746734159,0.0,34.0,12.95
2001-08-12,0.2690100465,0.0,34.65,11.85
2001-08-13,0.2661783618,0.0,33.25,13.100000000000001
2001-08-14,0.2633466771,0.0,29.2,12.75
2001-08-15,0.2605149924,0.0,32.599999999999994,12.45
2001-08-16,0.2576833077,0.0,28.4,12.95
2001-08-17,0.2605149924,0.0,29.549999999999997,12.2
2001-08-18,0.2576833077,0.0,24.85,8.6
2001-08-19,0.2548516229999999,0.0,27.9,5.35
2001-08-20,0.2520199383,0.0,27.45,6.35
2001-08-21,0.2491882536,0.5,26.45,6.35
2001-08-22,0.2605149924,6.6,19.8,14.35
2001-08-23,0.3398021639999999,7.9,22.4,10.5
2001-08-24,0.28316847,0.0,27.450000000000003,8.7
2001-08-25,0.2690100465,0.0,30.4,7.65
2001-08-26,0.2605149924,0.0,30.35,9.899999999999999
2001-08-27,0.2548516229999999,0.0,30.5,10.3
2001-08-28,0.2491882536,0.0,30.625,10.475000000000001
2001-08-29,0.2463565688999999,0.0,30.75,10.65
2001-08-30,0.2435248841999999,0.0,30.8,10.75
2001-08-31,0.2406931994999999,0.0,29.5,10.35
2001-09-01,0.2378615148,0.0,27.8,10.4
2001-09-02,0.2378615148,0.0,28.8,8.0
2001-09-03,0.2378615148,0.0,30.45,6.5
2001-09-04,0.2350298301,0.0,28.1,7.300000000000001
2001-09-05,0.2321981453999999,0.0,20.05,5.2
2001-09-06,0.2293664607,0.0,24.3,3.9
2001-09-07,0.226534776,0.0,27.35,3.8
2001-09-08,0.2237030913,0.0,33.85,3.9
2001-09-09,0.2180397219,0.0,35.5,4.95
2001-09-10,0.2152080371999999,0.0,29.1,7.550000000000001
2001-09-11,0.2152080371999999,0.0,33.15,7.0
2001-09-12,0.2152080371999999,0.0,30.6,10.35
2001-09-13,0.2152080371999999,0.0,31.85,12.85
2001-09-14,0.2123763525,0.0,34.55,10.75
2001-09-15,0.2378615148,4.6,23.8,13.35
2001-09-16,0.2350298301,0.0,28.2,11.399999999999999
2001-09-17,0.2180397219,0.0,29.5,8.2
2001-09-18,0.2123763525,0.0,27.25,6.199999999999999
2001-09-19,0.2123763525,0.0,26.700000000000003,4.65
2001-09-20,0.2067129831,0.0,29.4,5.25
2001-09-21,0.2038812984,0.0,29.25,4.4
2001-09-22,0.2038812984,0.0,33.45,5.8
2001-09-23,0.2010496137,0.0,33.05,7.5
2001-09-24,0.198217929,0.0,31.2,7.8
2001-09-25,0.2378615148,15.2,14.45,11.0
2001-09-26,0.311485317,7.9,15.0,8.55
2001-09-27,0.28316847,0.0,18.299999999999997,5.25
2001-09-28,0.2350298301,0.0,21.4,2.05
2001-09-29,0.2208714066,0.0,25.5,2.75
2001-09-30,0.2180397219,0.0,28.8,5.25
2001-10-01,0.2095446678,0.0,29.299999999999997,6.35
2001-10-02,0.2038812984,0.0,28.15,5.9
2001-10-03,0.2038812984,0.0,28.65,5.15
2001-10-04,0.2010496137,0.0,29.5,5.550000000000001
2001-10-05,0.198217929,0.0,26.6,3.5
2001-10-06,0.198217929,0.0,19.2,5.050000000000001
2001-10-07,0.198217929,0.0,17.450000000000003,2.45
2001-10-08,0.2095446678,6.1,14.0,5.75
2001-10-09,0.2152080371999999,0.3,16.7,1.9
2001-10-10,0.28316847,45.2,11.600000000000001,0.7
2001-10-11,0.821188563,5.1,13.600000000000001,5.550000000000001
2001-10-12,0.3398021639999999,1.5,13.95,5.75
2001-10-13,0.2746734159,0.8,18.1,4.65
2001-10-14,0.2520199383,1.0,18.6,4.4
2001-10-15,0.2406931994999999,0.0,20.9,3.4000000000000004
2001-10-16,0.2321981453999999,0.0,19.3,3.9
2001-10-17,0.226534776,0.3,16.65,-0.4
2001-10-18,0.2208714066,0.0,17.5,-1.2
2001-10-19,0.2180397219,0.0,20.549999999999997,0.75
2001-10-20,0.2180397219,0.0,20.25,4.7
2001-10-21,0.2180397219,8.4,10.45,5.3
2001-10-22,1.755644514,73.4,13.100000000000001,6.4
2001-10-23,1.953862443,12.4,8.55,3.65
2001-10-24,0.962772798,0.0,10.0,2.35
2001-10-25,0.622970634,3.0,16.45,4.1
2001-10-26,0.453069552,0.0,17.85,1.7999999999999998
2001-10-27,0.396435858,6.4,10.7,2.75
2001-10-28,0.424752705,0.3,11.9,3.35
2001-10-29,0.453069552,10.4,12.2,6.75
2001-10-30,1.41584235,33.5,12.649999999999999,8.95
2001-10-31,2.973268935,15.7,11.0,7.949999999999999
2001-11-01,2.491882536,6.4,11.9,7.949999999999999
2001-11-02,1.755644514,0.0,15.899999999999999,4.550000000000001
2001-11-03,1.245941268,0.0,15.7,1.7000000000000002
2001-11-04,0.962772798,0.3,14.05,1.85
2001-11-05,0.84950541,5.6,11.399999999999999,0.8500000000000001
2001-11-06,0.736238022,0.0,11.3,-1.7
2001-11-07,0.651287481,0.0,10.75,-3.0
2001-11-08,0.56633694,0.0,10.3,0.05
2001-11-09,0.5097032459999999,0.0,13.0,-1.4
2001-11-10,0.453069552,0.0,13.850000000000001,1.7000000000000002
2001-11-11,0.424752705,0.0,13.55,4.75
2001-11-12,0.538020093,14.2,13.6,7.15
2001-11-13,1.783961361,44.7,9.3,8.15
2001-11-14,3.539605875,0.3,14.0,7.449999999999999
2001-11-15,2.038812984,8.6,11.1,6.75
2001-11-16,2.463565689,8.6,10.25,6.1
2001-11-17,2.775051006,1.3,11.3,-0.39999999999999997
2001-11-18,2.123763525,0.0,9.15,-1.15
2001-11-19,1.783961361,8.6,11.55,3.5
2001-11-20,1.755644514,13.2,7.85,5.15
2001-11-21,2.746734159,23.9,7.1,4.5
2001-11-22,11.128520871,65.5,8.15,3.75
2001-11-23,9.854262756,9.1,7.25,3.2
2001-11-24,5.861587329,14.7,4.5,0.05
2001-11-25,4.53069552,19.6,3.55,-0.05
2001-11-26,3.794457498,0.8,6.5,0.9500000000000001
2001-11-27,3.086536323,0.0,4.2,-0.5
2001-11-28,6.314656881,62.7,1.15,-0.1
2001-11-29,8.976440498999999,20.3,3.65,0.30000000000000004
2001-11-30,6.711092739,14.0,2.75,0.2
2001-12-01,7.673865537,38.1,5.2,1.2999999999999998
2001-12-02,7.787132925,2.0,6.4,-0.65
2001-12-03,5.691686247,5.8,6.2,1.15
2001-12-04,4.53069552,45.0,1.4,-0.1
2001-12-05,4.077625968,38.9,2.95,-0.15
2001-12-06,15.121196298,57.9,7.0,0.55
2001-12-07,15.177829992,1.5,7.3500000000000005,-0.8
2001-12-08,8.919806805,4.3,5.2,-1.3
2001-12-09,6.456241116,2.3,5.1,0.05
2001-12-10,5.238616695,19.6,1.6,-0.15
2001-12-11,4.445744979,13.5,1.2000000000000002,-0.15
2001-12-12,4.24752705,26.4,2.45,0.0
2001-12-13,21.23763525,82.3,6.2,0.7
2001-12-14,28.60001547,23.4,3.2,-0.05
2001-12-15,13.478819172,28.4,2.0,-0.1
2001-12-16,17.046741894,25.9,6.25,0.65
2001-12-17,17.698029375,4.3,5.550000000000001,0.15
2001-12-18,12.062976822,33.8,0.7,-0.44999999999999996
2001-12-19,9.542777439,9.4,3.65,-0.5
2001-12-20,8.268519324,4.3,5.800000000000001,-1.2
2001-12-21,6.626142198,0.0,3.7,-2.25
2001-12-22,5.493468318,1.3,2.2,-2.5
2001-12-23,4.559012367,0.0,2.9,-3.1
2001-12-24,3.907724886,0.0,2.5999999999999996,-4.05
2001-12-25,3.426338487,0.0,2.35,-3.4
2001-12-26,3.086536323,0.0,1.35,-2.55
2001-12-27,2.944952088,10.7,2.55,-0.85
2001-12-28,3.426338487,0.5,7.25,-1.0499999999999998
2001-12-29,3.341387946,1.3,4.9,-1.1
2001-12-30,3.39802164,8.1,6.0,-0.55
2001-12-31,4.474061826,5.1,7.4,0.25
2002-01-01,5.465151471,15.2,5.35,0.8
2002-01-02,7.588914996,9.4,9.649999999999999,3.45
2002-01-03,7.362380219999999,2.5,7.75,2.45
2002-01-04,6.173072646,0.0,6.050000000000001,-0.55
2002-01-05,5.436834623999999,15.0,7.75,0.9500000000000001
2002-01-06,7.957034007,16.3,7.6,4.9
2002-01-07,10.052480685,21.3,7.9,5.6
2002-01-08,17.018425047,13.0,10.75,3.5
2002-01-09,12.034659975,0.0,7.8999999999999995,0.25
2002-01-10,8.21188563,0.0,7.949999999999999,-0.3
2002-01-11,6.342973728,0.0,8.4,0.55
2002-01-12,6.031488411,15.2,6.75,2.15
2002-01-13,5.493468318,0.0,4.5,-0.1
2002-01-14,4.728913449,1.8,4.1,-1.05
2002-01-15,4.077625968,0.0,3.9,-1.35
2002-01-16,3.596239569,11.4,2.3,-2.05
2002-01-17,3.228120558,0.0,4.1,-0.7
2002-01-18,2.944952088,7.9,2.85,-0.3
2002-01-19,2.944952088,22.9,3.65,-0.1
2002-01-20,3.737823804,78.2,0.75,-0.15
2002-01-21,7.503964455,35.1,1.7,-0.1
2002-01-22,4.728913449,19.8,1.2999999999999998,-0.15
2002-01-23,3.652873263,4.6,2.0,-0.3
2002-01-24,3.341387946,17.3,1.975,-0.07500000000000001
2002-01-25,10.307332308,60.7,1.9500000000000002,0.15
2002-01-26,9.033074193,12.2,2.75,-1.15
2002-01-27,5.889904176,5.6,3.05,-2.2
2002-01-28,4.53069552,0.0,5.85,-4.45
2002-01-29,3.709506957,0.0,2.75,-8.35
2002-01-30,3.199803711,0.0,2.65,-1.8
2002-01-31,2.944952088,22.6,1.9000000000000001,-0.9
2002-02-01,2.860001547,6.6,7.2,-0.4
2002-02-02,2.718417312,0.0,7.65,-1.2
2002-02-03,2.661783618,5.6,9.3,-2.35
2002-02-04,2.605149924,0.0,5.85,-4.050000000000001
2002-02-05,2.54851623,2.5,1.4,-3.4000000000000004
2002-02-06,2.576833077,16.3,1.35,0.4
2002-02-07,4.53069552,39.6,5.9,-0.05
2002-02-08,5.889904176,20.8,4.6,0.2
2002-02-09,4.870497684,0.0,8.45,-1.3
2002-02-10,4.020992274,0.3,7.3,-1.95
2002-02-11,3.596239569,0.0,7.25,-2.0
2002-02-12,3.284754252,0.0,6.199999999999999,-3.5
2002-02-13,3.058219476,0.0,8.65,-2.75
2002-02-14,2.888318394,0.0,9.15,-3.55
2002-02-15,2.803367853,0.3,9.25,-3.45
2002-02-16,2.916635241,0.3,10.75,-1.55
2002-02-17,3.086536323,0.5,8.05,-2.6500000000000004
2002-02-18,3.143170017,2.5,11.05,1.25
2002-02-19,4.445744979,24.4,5.45,1.15
2002-02-20,5.266933541999999,1.0,9.95,0.44999999999999996
2002-02-21,5.606735706,4.1,12.649999999999999,2.35
2002-02-22,7.022578056,10.2,14.15,1.15
2002-02-23,10.448916543,12.2,9.85,3.0999999999999996
2002-02-24,9.769312215,0.0,6.050000000000001,-1.7
2002-02-25,7.447330761,0.0,10.649999999999999,-3.1500000000000004
2002-02-26,5.918221023,0.0,13.2,-2.3
2002-02-27,4.927131378,0.0,12.75,-3.25
2002-02-28,4.219210203,0.0,10.05,-3.4499999999999997
2002-03-01,3.68119011,0.0,10.95,-5.25
2002-03-02,3.256437405,0.0,14.25,-4.75
2002-03-03,2.973268935,0.0,15.25,-3.85
2002-03-04,2.746734159,0.0,17.1,-3.3
2002-03-05,2.690100465,9.4,9.65,0.5
2002-03-06,6.258023187,48.8,7.2,0.85
2002-03-07,7.985350854,6.6,4.35,-1.7000000000000002
2002-03-08,5.833270482,1.8,3.7,-1.65
2002-03-09,4.81386399,1.5,5.15,-2.0
2002-03-10,4.53069552,21.6,5.95,0.44999999999999996
2002-03-11,9.797629062,47.0,8.25,3.35
2002-03-12,18.151098927,18.8,6.550000000000001,1.35
2002-03-13,11.355055647,18.5,4.199999999999999,0.25
2002-03-14,8.126935089,2.5,7.25,0.05
2002-03-15,6.399607422,7.1,5.6,-0.35
2002-03-16,5.351884083,17.5,2.85,-0.8
2002-03-17,4.502378673,3.8,6.2,-2.0
2002-03-18,3.851091192,12.4,4.75,-0.75
2002-03-19,3.879408039,9.1,6.65,-0.65
2002-03-20,4.020992274,0.0,12.95,-0.9
2002-03-21,4.190893356,0.0,14.7,-1.2000000000000002
2002-03-22,4.275843897,2.5,13.45,-1.1
2002-03-23,4.643962908,7.6,15.25,1.75
2002-03-24,4.927131378,3.0,11.35,2.55
2002-03-25,4.785547143,0.0,17.45,-1.65
2002-03-26,4.502378673,1.3,16.95,-1.5499999999999998
2002-03-27,4.360794438,1.3,13.9,2.5
2002-03-28,4.162576509,0.0,17.15,1.9500000000000002
2002-03-29,4.049309121,0.0,19.0,0.9500000000000001
2002-03-30,3.992675427,0.0,28.05,-1.85
2002-03-31,4.190893356,0.0,21.65,-1.65
2002-04-01,4.502378673,0.0,26.8,-1.0
2002-04-02,4.927131378,0.0,25.7,-0.6
2002-04-03,5.465151471,0.0,28.85,-0.09999999999999999
2002-04-04,6.088122105,0.0,27.85,0.35
2002-04-05,6.909310668,0.5,11.05,5.35
2002-04-06,6.51287481,3.6,13.55,6.3
2002-04-07,6.088122105,1.0,14.75,2.95
2002-04-08,5.550102012,1.3,25.0,0.7
2002-04-09,6.088122105,29.5,12.25,7.4
2002-04-10,12.714264303,30.0,16.35,6.85
2002-04-11,12.431095833,11.4,15.600000000000001,7.7
2002-04-12,12.147927363,1.0,21.4,8.6
2002-04-13,14.243374041,52.1,16.25,9.75
2002-04-14,30.01585782,8.6,13.15,2.9000000000000004
2002-04-15,14.809710981,7.9,6.65,1.6
2002-04-16,9.599411133,11.4,6.85,1.5499999999999998
2002-04-17,7.419013914,6.6,8.7,1.3
2002-04-18,6.088122105,0.0,13.4,1.4
2002-04-19,5.266933541999999,0.0,12.25,-0.95
2002-04-20,4.615646061,0.0,16.2,1.8
2002-04-21,4.190893356,0.0,18.7,1.2
2002-04-22,3.907724886,0.0,21.3,2.9
2002-04-23,3.737823804,0.0,20.75,-0.75
2002-04-24,3.539605875,0.0,26.1,-2.4
2002-04-25,3.511289028,0.0,23.35,0.65
2002-04-26,3.596239569,12.2,12.5,1.2000000000000002
2002-04-27,3.511289028,1.3,14.15,0.05
2002-04-28,3.228120558,0.0,21.15,-2.05
2002-04-29,3.143170017,0.0,26.0,0.25
2002-04-30,3.284754252,0.0,11.350000000000001,2.45
2002-05-01,3.171486864,0.0,18.0,6.65
2002-05-02,3.341387946,0.3,29.95,6.05
2002-05-03,3.567922722,1.8,16.6,1.2999999999999998
2002-05-04,3.341387946,0.0,20.55,-1.25
2002-05-05,3.171486864,4.3,11.05,3.55
2002-05-06,3.001585782,4.1,9.7,0.9
2002-05-07,2.718417312,0.3,16.2,-1.55
2002-05-08,2.520199383,0.0,20.5,-3.4
2002-05-09,2.406931995,0.0,12.2,2.7
2002-05-10,2.26534776,0.0,18.8,2.0
2002-05-11,2.237030913,0.0,25.3,-0.8
2002-05-12,2.406931995,0.0,31.2,1.9
2002-05-13,2.860001547,0.3,12.25,6.35
2002-05-14,2.775051006,0.0,21.799999999999997,3.85
2002-05-15,2.803367853,0.0,22.5,0.6
2002-05-16,2.775051006,0.0,25.7,-0.3
2002-05-17,2.916635241,1.5,22.7,6.9
2002-05-18,3.058219476,0.0,21.35,9.1
2002-05-19,2.944952088,0.5,14.899999999999999,7.4
2002-05-20,2.803367853,0.0,16.7,2.6
2002-05-21,2.718417312,15.0,14.3,3.6
2002-05-22,2.803367853,1.0,14.3,4.5
2002-05-23,2.633466771,0.0,22.5,2.0
2002-05-24,2.633466771,0.0,26.5,2.4
2002-05-25,2.860001547,0.0,27.200000000000003,5.949999999999999
2002-05-26,3.228120558,0.0,27.75,10.05
2002-05-27,3.454655334,6.6,19.9,11.05
2002-05-28,3.737823804,11.9,19.0,12.25
2002-05-29,4.927131378,1.3,25.45,13.100000000000001
2002-05-30,4.332477591,0.0,24.5,8.85
2002-05-31,3.68119011,0.0,24.25,7.15
2002-06-01,3.256437405,0.0,23.1,7.75
2002-06-02,2.888318394,0.0,24.5,6.3
2002-06-03,2.605149924,0.0,24.35,4.75
2002-06-04,2.491882536,0.0,26.6,11.45
2002-06-05,2.435248842,0.0,24.7,8.4
2002-06-06,2.293664607,0.0,22.6,4.2
2002-06-07,2.067129831,0.5,18.25,1.55
2002-06-08,1.868911902,0.5,16.4,3.05
2002-06-09,1.69901082,0.0,17.6,7.0
2002-06-10,1.614060279,0.0,27.4,7.9
2002-06-11,1.614060279,0.0,31.6,5.8
2002-06-12,1.670693973,0.0,35.45,7.35
2002-06-13,1.727327667,0.0,33.9,9.45
2002-06-14,1.727327667,0.0,27.35,9.65
2002-06-15,1.614060279,0.0,27.950000000000003,8.25
2002-06-16,1.500792891,0.0,23.049999999999997,10.2
2002-06-17,1.614060279,26.9,17.8,10.350000000000001
2002-06-18,2.26534776,2.5,21.1,7.4
2002-06-19,1.670693973,0.0,26.2,3.7
2002-06-20,1.472476044,0.0,27.35,7.35
2002-06-21,1.3592086559999998,0.0,28.3,10.399999999999999
2002-06-22,1.302574962,0.0,23.15,12.95
2002-06-23,1.217624421,0.0,26.7,10.75
2002-06-24,1.13267388,0.0,28.7,8.45
2002-06-25,1.076040186,0.0,34.2,10.0
2002-06-26,1.019406492,0.0,37.599999999999994,12.8
2002-06-27,0.991089645,0.0,27.2,11.8
2002-06-28,0.962772798,7.1,25.3,12.9
2002-06-29,1.160990727,8.9,21.7,13.1
2002-06-30,1.019406492,0.0,26.1,9.8
2002-07-01,0.934455951,0.0,27.3,7.5
2002-07-02,0.8778222569999999,0.0,29.4,7.5
2002-07-03,0.84950541,0.0,23.2,7.1
2002-07-04,0.821188563,0.0,23.7,7.5
2002-07-05,0.792871716,0.0,30.200000000000003,6.3
2002-07-06,0.764554869,0.0,30.65,9.0
2002-07-07,0.764554869,0.0,25.799999999999997,12.350000000000001
2002-07-08,0.736238022,0.0,29.1,10.7
2002-07-09,0.707921175,0.0,40.1,8.600000000000001
2002-07-10,0.6796043279999999,0.0,38.7,11.6
2002-07-11,0.651287481,0.0,35.1,13.6
2002-07-12,0.651287481,0.0,34.8,14.7
2002-07-13,0.622970634,0.0,35.3,16.15
2002-07-14,0.5946537869999999,0.0,28.299999999999997,11.65
2002-07-15,0.5946537869999999,0.0,30.4,9.15
2002-07-16,0.56633694,0.0,31.55,9.7
2002-07-17,0.56633694,0.0,30.799999999999997,10.75
2002-07-18,0.538020093,0.0,30.049999999999997,10.4
2002-07-19,0.538020093,0.0,27.45,11.85
2002-07-20,0.538020093,0.0,31.3,9.1
2002-07-21,0.5097032459999999,0.0,35.0,10.2
2002-07-22,0.5097032459999999,1.8,34.650000000000006,13.35
2002-07-23,0.538020093,0.0,35.2,15.75
2002-07-24,0.5097032459999999,0.0,33.15,12.9
2002-07-25,0.4813863989999999,0.0,32.0,13.0
2002-07-26,0.453069552,0.0,30.1,12.15
2002-07-27,0.453069552,0.0,28.1,8.6
2002-07-28,0.424752705,0.0,33.95,8.5
2002-07-29,0.424752705,0.5,35.55,11.95
2002-07-30,0.424752705,0.0,32.45,11.8
2002-07-31,0.396435858,0.0,30.9,10.2
2002-08-01,0.396435858,0.0,31.200000000000003,7.449999999999999
2002-08-02,0.396435858,0.0,27.65,6.35
2002-08-03,0.396435858,0.0,26.4,4.95
2002-08-04,0.368119011,0.0,21.1,9.0
2002-08-05,0.3398021639999999,0.0,22.25,6.550000000000001
2002-08-06,0.3398021639999999,0.0,22.8,6.25
2002-08-07,0.3398021639999999,0.0,28.6,3.35
2002-08-08,0.3398021639999999,0.0,29.950000000000003,5.449999999999999
2002-08-09,0.3398021639999999,0.0,35.15,7.8
2002-08-10,0.311485317,0.0,33.35,10.399999999999999
2002-08-11,0.311485317,0.0,34.15,8.15
2002-08-12,0.311485317,0.0,40.2,9.35
2002-08-13,0.311485317,0.0,42.7,10.8
2002-08-14,0.311485317,0.0,38.95,11.15
2002-08-15,0.311485317,0.0,36.45,9.399999999999999
2002-08-16,0.311485317,0.0,35.05,8.15
2002-08-17,0.311485317,0.0,33.3,8.95
2002-08-18,0.28316847,0.0,30.5,6.5
2002-08-19,0.28316847,0.0,28.0,8.1
2002-08-20,0.311485317,7.4,19.4,9.100000000000001
2002-08-21,0.311485317,0.0,24.1,9.05
2002-08-22,0.311485317,0.0,32.3,6.300000000000001
2002-08-23,0.28316847,0.0,32.8,9.05
2002-08-24,0.3398021639999999,0.0,33.5,9.55
2002-08-25,0.311485317,0.0,24.700000000000003,11.55
2002-08-26,0.28316847,0.0,28.6,10.899999999999999
2002-08-27,0.28316847,0.0,33.900000000000006,8.35
2002-08-28,0.28316847,0.0,36.900000000000006,10.7
2002-08-29,0.28316847,0.0,33.2,12.100000000000001
2002-08-30,0.2803367853,0.0,27.5,8.2
2002-08-31,0.2803367853,0.0,31.1,5.5
2002-09-01,0.2746734159,0.0,32.4,9.3
2002-09-02,0.2718417312,0.0,32.9,9.6
2002-09-03,0.2718417312,0.3,24.7,5.9
2002-09-04,0.2718417312,0.0,24.5,3.2
2002-09-05,0.2661783618,0.0,24.6,3.4
2002-09-06,0.2661783618,0.0,24.7,2.2
2002-09-07,0.2661783618,0.0,23.2,4.8
2002-09-08,0.2633466771,0.0,25.2,2.2
2002-09-09,0.2605149924,0.0,32.3,3.5
2002-09-10,0.2576833077,0.0,32.15,5.949999999999999
2002-09-11,0.2576833077,0.0,35.6,7.949999999999999
2002-09-12,0.2576833077,0.0,34.55,8.399999999999999
2002-09-13,0.2548516229999999,0.0,37.6,9.2
2002-09-14,0.2520199383,0.0,31.55,9.55
2002-09-15,0.2435248841999999,0.0,23.5,11.05
2002-09-16,0.2491882536,10.9,19.799999999999997,13.3
2002-09-17,0.424752705,16.8,16.95,11.5
2002-09-18,0.3398021639999999,0.0,23.6,9.100000000000001
2002-09-19,0.2803367853,0.0,28.65,6.050000000000001
2002-09-20,0.2633466771,0.0,27.0,6.35
2002-09-21,0.2576833077,0.0,30.05,3.85
2002-09-22,0.2491882536,0.0,31.049999999999997,4.4
2002-09-23,0.2491882536,0.0,32.7,6.0
2002-09-24,0.2491882536,0.0,30.75,6.35
2002-09-25,0.2435248841999999,0.0,29.9,5.4
2002-09-26,0.2406931994999999,0.0,23.7,4.15
2002-09-27,0.2406931994999999,0.0,26.0,6.449999999999999
2002-09-28,0.2406931994999999,0.0,27.25,4.0
2002-09-29,0.2463565688999999,14.5,14.05,6.9
2002-09-30,0.311485317,11.9,13.45,5.35
2002-10-01,0.3398021639999999,0.0,16.35,3.8
2002-10-02,0.2690100465,0.0,19.1,4.5
2002-10-03,0.28316847,12.2,12.25,5.050000000000001
2002-10-04,0.311485317,0.0,20.3,9.0
2002-10-05,0.2803367853,2.0,16.95,7.8
2002-10-06,0.2661783618,0.0,22.9,8.75
2002-10-07,0.2576833077,0.0,23.35,8.35
2002-10-08,0.2491882536,0.0,23.45,6.65
2002-10-09,0.2491882536,0.0,22.05,3.3
2002-10-10,0.2491882536,0.0,14.55,1.2999999999999998
2002-10-11,0.2491882536,0.0,17.299999999999997,0.44999999999999996
2002-10-12,0.2406931994999999,0.0,21.4,-1.4500000000000002
2002-10-13,0.2406931994999999,0.0,21.6,-0.85
2002-10-14,0.2406931994999999,0.0,23.299999999999997,0.5
2002-10-15,0.2293664607,0.0,23.7,0.44999999999999996
2002-10-16,0.226534776,0.0,24.65,2.35
2002-10-17,0.226534776,0.0,23.5,2.15
2002-10-18,0.226534776,0.0,19.549999999999997,3.0999999999999996
2002-10-19,0.226534776,0.0,21.700000000000003,1.85
2002-10-20,0.2293664607,0.0,14.55,6.1
2002-10-21,0.2350298301,0.0,20.5,6.8
2002-10-22,0.2350298301,0.0,20.200000000000003,4.3
2002-10-23,0.226534776,0.0,19.35,1.5
2002-10-24,0.2293664607,0.0,17.15,-1.5
2002-10-25,0.2350298301,0.0,16.1,0.9500000000000001
2002-10-26,0.2378615148,0.3,13.25,-0.05
2002-10-27,0.2491882536,0.8,9.25,-2.4
2002-10-28,0.2576833077,0.8,12.25,6.050000000000001
2002-10-29,0.2633466771,0.3,8.95,-3.4
2002-10-30,0.2661783618,0.0,11.7,-6.3
2002-10-31,0.2661783618,0.0,13.15,-8.15
2002-11-01,0.2661783618,0.0,15.850000000000001,-6.4
2002-11-02,0.2661783618,0.0,13.15,-7.15
2002-11-03,0.2661783618,0.0,15.0,-5.1
2002-11-04,0.2661783618,0.0,14.9,-3.0999999999999996
2002-11-05,0.2661783618,0.0,17.2,0.4
2002-11-06,0.2661783618,0.0,14.6,-0.25
2002-11-07,0.2775051006,18.8,15.5,4.2
2002-11-08,0.707921175,39.9,8.8,5.25
2002-11-09,1.69901082,53.3,5.75,1.85
2002-11-10,2.123763525,37.3,6.1,1.85
2002-11-11,1.98217929,4.1,9.25,3.45
2002-11-12,1.160990727,8.6,12.15,5.050000000000001
2002-11-13,0.906139104,2.5,10.649999999999999,6.550000000000001
2002-11-14,0.764554869,4.3,11.850000000000001,1.85
2002-11-15,0.622970634,0.0,9.75,0.0
2002-11-16,0.6796043279999999,22.1,7.300000000000001,-1.35
2002-11-17,1.755644514,9.4,9.6,4.05
2002-11-18,1.160990727,4.1,7.95,1.4
2002-11-19,0.991089645,7.1,13.95,4.65
2002-11-20,0.906139104,0.0,15.05,2.95
2002-11-21,0.792871716,0.0,12.2,3.5
2002-11-22,0.651287481,0.0,10.75,3.25
2002-11-23,0.56633694,0.3,12.8,5.3
2002-11-24,0.56633694,7.1,10.05,-0.8500000000000001
2002-11-25,0.4813863989999999,0.0,4.3,-2.75
2002-11-26,0.453069552,0.0,4.4,-3.5
2002-11-27,0.424752705,0.0,9.0,-1.4500000000000002
2002-11-28,0.396435858,0.0,10.25,-0.35
2002-11-29,0.368119011,0.0,10.15,-0.15
2002-11-30,0.368119011,0.0,9.1,-0.7
2002-12-01,0.368119011,0.0,7.6499999999999995,-1.65
2002-12-02,0.3398021639999999,0.0,8.75,-1.2000000000000002
2002-12-03,0.3398021639999999,0.0,5.45,-2.3
2002-12-04,0.3398021639999999,5.3,9.55,-0.15
2002-12-05,0.3398021639999999,0.0,9.7,1.25
2002-12-06,0.311485317,0.0,8.350000000000001,0.75
2002-12-07,0.311485317,0.0,7.5,-1.3
2002-12-08,0.311485317,0.0,6.4,-1.55
2002-12-09,0.311485317,3.6,8.3,0.05
2002-12-10,0.538020093,23.9,6.15,3.0
2002-12-11,1.783961361,37.8,4.35,1.5499999999999998
2002-12-12,1.925545596,14.2,6.699999999999999,3.25
2002-12-13,2.520199383,19.1,8.0,4.6
2002-12-14,3.454655334,13.5,10.9,6.4
2002-12-15,3.228120558,16.3,6.5,3.7
2002-12-16,4.162576509,15.2,6.55,2.45
2002-12-17,3.284754252,13.2,5.7,0.0
2002-12-18,2.491882536,15.7,4.4,-0.25
2002-12-19,2.123763525,0.0,2.95,-0.6
2002-12-20,1.953862443,16.3,4.35,-0.6000000000000001
2002-12-21,4.134259662,38.6,4.65,2.05
2002-12-22,3.369704793,1.3,5.2,0.6000000000000001
2002-12-23,2.406931995,0.0,4.05,-1.95
2002-12-24,1.897228749,10.4,1.0499999999999998,-1.5
2002-12-25,1.585743432,6.4,2.3499999999999996,-1.0499999999999998
2002-12-26,3.029902629,30.5,3.8,0.9500000000000001
2002-12-27,7.475647608,26.4,7.3,1.85
2002-12-28,7.92871716,17.0,5.0,1.7999999999999998
2002-12-29,6.682775892,6.9,5.35,1.05
2002-12-30,10.448916543,60.2,2.7,0.25
2002-12-31,12.516046374,10.9,6.45,2.6
2003-01-01,8.070301395,4.6,4.5,1.25
2003-01-02,8.21188563,37.3,6.699999999999999,2.95
2003-01-03,14.583176205,6.9,8.45,3.35
2003-01-04,13.02574962,21.8,9.65,3.0999999999999996
2003-01-05,10.986936636,0.0,7.699999999999999,-0.7
2003-01-06,7.588914996,0.0,7.9,-1.25
2003-01-07,5.889904176,0.0,6.4,-1.4500000000000002
2003-01-08,4.757230296,0.0,4.35,-2.1
2003-01-09,3.96435858,0.0,6.35,-1.1
2003-01-10,3.341387946,0.0,5.949999999999999,-1.6
2003-01-11,2.916635241,7.4,5.25,0.09999999999999999
2003-01-12,3.822774345,31.2,7.699999999999999,4.35
2003-01-13,5.266933541999999,11.4,7.9,4.35
2003-01-14,5.266933541999999,2.3,9.35,3.75
2003-01-15,4.445744979,0.0,7.4,0.15
2003-01-16,3.709506957,0.0,8.05,-1.1
2003-01-17,3.256437405,0.0,10.3,-0.6
2003-01-18,3.029902629,0.0,10.3,-0.55
2003-01-19,2.746734159,0.0,9.85,-0.85
2003-01-20,2.435248842,0.0,12.55,-0.75
2003-01-21,2.237030913,0.3,11.0,2.2
2003-01-22,2.350298301,20.8,8.35,4.0
2003-01-23,3.001585782,1.3,11.45,3.0
2003-01-24,3.851091192,35.3,7.949999999999999,3.75
2003-01-25,5.918221023,16.3,10.65,6.75
2003-01-26,11.836442046,47.5,12.25,8.399999999999999
2003-01-27,14.979612063,0.8,10.95,3.4000000000000004
2003-01-28,9.06139104,0.0,9.0,3.45
2003-01-29,7.758816078,43.4,7.300000000000001,3.5999999999999996
2003-01-30,31.99803711,70.9,12.35,6.85
2003-01-31,24.862191666,20.6,11.6,4.45
2003-02-01,16.763573424,8.6,8.75,3.0
2003-02-02,11.383372494,2.5,8.5,2.45
2003-02-03,8.495054099999999,0.3,8.8,0.9
2003-02-04,6.654459044999999,0.3,6.7,-1.7000000000000002
2003-02-05,5.38020093,0.0,5.5,-3.3
2003-02-06,4.445744979,0.0,10.7,-2.8
2003-02-07,3.766140651,0.0,6.85,-3.95
2003-02-08,3.284754252,0.0,7.8500000000000005,-4.0
2003-02-09,2.888318394,0.0,8.95,-3.7
2003-02-10,2.576833077,0.0,10.85,-2.95
2003-02-11,2.350298301,0.0,11.1,-3.2
2003-02-12,2.152080372,0.0,12.350000000000001,-2.7
2003-02-13,2.067129831,7.6,10.2,3.0
2003-02-14,2.067129831,0.8,13.2,2.25
2003-02-15,2.038812984,17.5,8.35,2.15
2003-02-16,3.001585782,28.4,5.95,3.55
2003-02-17,4.24752705,28.2,8.25,2.8
2003-02-18,5.181983001,4.6,9.25,2.0
2003-02-19,4.587329214,7.4,8.649999999999999,2.7
2003-02-20,4.502378673,21.1,6.55,4.0
2003-02-21,6.342973728,16.3,9.45,3.9499999999999997
2003-02-22,8.183568783,6.9,8.899999999999999,2.25
2003-02-23,6.767726433,0.0,10.2,-2.1
2003-02-24,5.465151471,0.0,10.55,-3.75
2003-02-25,4.53069552,0.0,10.05,-5.4
2003-02-26,3.879408039,0.0,8.2,-3.65
2003-02-27,3.369704793,0.8,10.7,-1.75
2003-02-28,3.001585782,6.1,3.6500000000000004,-1.7999999999999998
2003-03-01,2.690100465,0.0,11.55,-1.1
2003-03-02,2.463565689,7.4,10.2,-2.5
2003-03-03,2.406931995,6.6,11.25,1.15
2003-03-04,2.208714066,3.0,7.25,0.65
2003-03-05,2.293664607,22.6,7.3,3.4000000000000004
2003-03-06,4.955448225,67.3,5.0,1.4500000000000002
2003-03-07,12.74258115,86.9,7.0,2.15
2003-03-08,18.519217938,6.9,12.399999999999999,5.9
2003-03-09,16.933474506,38.1,11.149999999999999,5.4
2003-03-10,19.510307583,4.8,15.649999999999999,6.95
2003-03-11,15.262780533,7.9,12.0,6.85
2003-03-12,14.271690888,1.0,16.25,7.35
2003-03-13,11.411689341,1.0,10.850000000000001,5.5
2003-03-14,9.118024734,3.6,14.2,5.8
2003-03-15,8.325153018,13.7,12.600000000000001,4.0
2003-03-16,7.334063373,6.9,11.35,3.35
2003-03-17,6.314656881,1.8,10.4,3.0999999999999996
2003-03-18,5.408517777,0.0,15.45,0.7
2003-03-19,4.983765072,9.1,11.600000000000001,-0.9
2003-03-20,5.493468318,14.0,10.45,4.9
2003-03-21,9.372876357,55.4,6.75,1.9500000000000002
2003-03-22,21.492486873,36.6,8.85,2.8
2003-03-23,16.820207118,4.6,9.8,2.15
2003-03-24,10.845352401,5.3,14.9,-1.05
2003-03-25,11.921392587,52.3,7.65,4.5
2003-03-26,18.97228749,25.1,7.15,0.95
2003-03-27,13.054066467,2.5,11.850000000000001,1.15
2003-03-28,9.429510051,0.0,15.15,1.35
2003-03-29,7.419013914,0.0,21.7,1.0
2003-03-30,6.79604328,0.0,25.0,3.25
2003-03-31,6.682775892,4.3,10.95,6.0
2003-04-01,6.116438952,10.7,9.100000000000001,0.65
2003-04-02,5.181983001,6.1,6.5,-0.05
2003-04-03,4.587329214,15.0,5.6,0.35
2003-04-04,4.24752705,8.4,9.15,0.4
2003-04-05,4.049309121,24.6,5.95,0.4
2003-04-06,4.332477591,9.9,9.95,0.25
2003-04-07,4.332477591,1.3,14.6,2.55
2003-04-08,4.53069552,0.0,22.15,1.5499999999999998
2003-04-09,5.210299848,3.0,19.6,5.75
2003-04-10,5.720003094,14.5,18.1,5.8
2003-04-11,6.79604328,5.1,18.55,6.4
2003-04-12,6.22970634,17.3,15.35,5.5
2003-04-13,6.144755799,6.4,11.8,4.0
2003-04-14,5.465151471,2.0,14.350000000000001,2.8
2003-04-15,4.955448225,9.9,12.5,4.1
2003-04-16,4.700596602,6.6,13.75,3.2
2003-04-17,4.955448225,17.0,9.65,3.75
2003-04-18,5.012081919,0.8,11.45,-0.05
2003-04-19,4.559012367,0.0,20.25,-1.3
2003-04-20,4.190893356,0.0,17.15,2.3
2003-04-21,4.049309121,2.5,10.850000000000001,5.5
2003-04-22,3.822774345,0.0,12.4,2.3
2003-04-23,3.766140651,16.3,11.1,2.5999999999999996
2003-04-24,4.417428132,9.4,9.95,1.2
2003-04-25,4.020992274,1.0,10.45,-0.09999999999999999
2003-04-26,3.851091192,12.7,9.7,2.45
2003-04-27,3.68119011,0.0,17.200000000000003,0.25
2003-04-28,3.482972181,1.5,13.25,4.550000000000001
2003-04-29,3.313071099,6.4,15.75,3.9499999999999997
2003-04-30,3.228120558,1.0,18.299999999999997,6.1
2003-05-01,3.11485317,0.0,23.6,4.2
2003-05-02,3.086536323,1.0,25.3,2.75
2003-05-03,3.11485317,14.5,13.85,4.949999999999999
2003-05-04,3.794457498,33.3,9.3,3.65
2003-05-05,4.134259662,4.6,11.850000000000001,4.05
2003-05-06,3.851091192,0.0,16.65,3.3
2003-05-07,3.511289028,4.1,11.75,3.5999999999999996
2003-05-08,3.284754252,1.8,11.75,2.45
2003-05-09,3.058219476,0.3,10.35,5.550000000000001
2003-05-10,2.888318394,4.1,15.25,6.449999999999999
2003-05-11,2.973268935,1.8,18.05,6.85
2003-05-12,3.001585782,1.3,20.4,5.550000000000001
2003-05-13,3.001585782,0.0,27.75,2.85
2003-05-14,3.256437405,0.0,22.1,6.75
2003-05-15,3.143170017,4.1,12.75,4.0
2003-05-16,2.860001547,4.3,13.3,2.35
2003-05-17,2.633466771,7.1,9.95,2.05
2003-05-18,2.406931995,0.0,17.200000000000003,1.65
2003-05-19,2.237030913,0.0,24.65,-0.9
2003-05-20,2.152080372,0.0,23.950000000000003,3.1
2003-05-21,2.152080372,0.0,28.1,4.75
2003-05-22,2.321981454,0.0,27.9,6.9
2003-05-23,2.463565689,0.0,33.9,7.4
2003-05-24,2.576833077,0.3,24.049999999999997,10.55
2003-05-25,2.435248842,4.1,17.95,9.0
2003-05-26,2.152080372,0.0,23.0,9.100000000000001
2003-05-27,1.98217929,0.0,31.1,6.8
2003-05-28,1.925545596,0.0,28.1,11.0
2003-05-29,1.783961361,0.0,30.55,8.600000000000001
2003-05-30,1.727327667,2.5,15.95,10.2
2003-05-31,1.557426585,0.0,23.950000000000003,8.05
2003-06-01,1.41584235,0.0,26.4,5.699999999999999
2003-06-02,1.330891809,0.0,26.35,6.75
2003-06-03,1.245941268,0.0,31.0,6.550000000000001
2003-06-04,1.160990727,0.0,33.7,8.05
2003-06-05,1.104357033,0.0,37.5,7.15
2003-06-06,1.047723339,0.0,38.650000000000006,9.5
2003-06-07,0.991089645,0.0,35.6,11.3
2003-06-08,0.962772798,0.0,31.05,11.100000000000001
2003-06-09,0.934455951,0.0,24.15,7.75
2003-06-10,0.906139104,0.0,22.75,7.7
2003-06-11,0.8778222569999999,0.0,25.25,5.35
2003-06-12,0.84950541,0.0,25.4,6.85
2003-06-13,0.84950541,1.5,18.9,10.0
2003-06-14,0.821188563,0.0,23.4,8.5
2003-06-15,0.764554869,0.0,27.25,5.449999999999999
2003-06-16,0.764554869,0.0,32.25,7.8
2003-06-17,0.736238022,0.0,31.85,10.2
2003-06-18,0.707921175,0.0,24.2,10.85
2003-06-19,0.707921175,0.0,18.6,10.75
2003-06-20,0.6796043279999999,2.3,17.9,9.3
2003-06-21,0.707921175,1.8,16.25,7.9
2003-06-22,0.6796043279999999,0.0,18.5,7.65
2003-06-23,0.651287481,0.0,18.2,6.6
2003-06-24,0.651287481,0.0,26.299999999999997,8.399999999999999
2003-06-25,0.622970634,0.0,31.85,5.5
2003-06-26,0.5946537869999999,0.0,36.3,8.100000000000001
2003-06-27,0.56633694,0.0,35.95,9.2
2003-06-28,0.56633694,0.0,40.650000000000006,8.8
2003-06-29,0.538020093,0.0,35.5,12.0
2003-06-30,0.538020093,0.0,25.85,9.2
2003-07-01,0.538020093,0.0,20.15,6.25
2003-07-02,0.538020093,0.0,26.9,5.1
2003-07-03,0.5097032459999999,0.0,29.05,4.550000000000001
2003-07-04,0.4813863989999999,0.0,30.6,5.199999999999999
2003-07-05,0.4813863989999999,0.0,34.3,6.75
2003-07-06,0.4813863989999999,0.0,30.85,8.85
2003-07-07,0.453069552,0.0,31.3,7.65
2003-07-08,0.453069552,0.0,28.25,11.65
2003-07-09,0.453069552,0.0,34.85,8.75
2003-07-10,0.424752705,0.0,35.5,10.899999999999999
2003-07-11,0.424752705,0.0,32.55,11.7
2003-07-12,0.424752705,0.0,31.049999999999997,10.3
2003-07-13,0.424752705,0.0,28.0,11.4
2003-07-14,0.396435858,0.0,31.25,8.5
2003-07-15,0.396435858,0.0,30.05,9.5
2003-07-16,0.396435858,0.0,26.9,-2.5
2003-07-17,0.396435858,0.0,33.55,8.25
2003-07-18,0.368119011,0.0,34.65,10.55
2003-07-19,0.368119011,0.0,34.75,10.95
2003-07-20,0.368119011,0.0,36.400000000000006,10.25
2003-07-21,0.368119011,0.0,37.7,13.0
2003-07-22,0.368119011,0.0,36.4,14.65
2003-07-23,0.3398021639999999,0.0,34.3,13.35
2003-07-24,0.3398021639999999,0.0,31.55,10.55
2003-07-25,0.3398021639999999,0.0,31.05,10.100000000000001
2003-07-26,0.3398021639999999,0.0,32.3,8.8
2003-07-27,0.3398021639999999,0.0,39.2,11.0
2003-07-28,0.3398021639999999,0.0,40.425,11.0
2003-07-29,0.311485317,0.0,41.65,11.0
2003-07-30,0.311485317,0.0,40.25,12.0
2003-07-31,0.311485317,0.0,36.85,11.3
2003-08-01,0.311485317,0.0,33.1,10.35
2003-08-02,0.311485317,0.5,28.95,15.25
2003-08-03,0.311485317,0.3,28.55,14.8
2003-08-04,0.311485317,0.0,35.95,11.899999999999999
2003-08-05,0.311485317,0.0,25.75,12.05
2003-08-06,0.3398021639999999,5.8,30.45,12.45
2003-08-07,0.368119011,0.3,28.8,12.35
2003-08-08,0.311485317,0.0,29.55,11.25
2003-08-09,0.311485317,0.0,29.700000000000003,11.65
2003-08-10,0.311485317,0.0,29.05,10.15
2003-08-11,0.28316847,0.0,28.1,12.35
2003-08-12,0.28316847,0.0,29.0,10.95
2003-08-13,0.28316847,0.0,31.0,8.2
2003-08-14,0.28316847,0.0,37.05,8.7
2003-08-15,0.28316847,0.0,27.95,11.2
2003-08-16,0.2803367853,0.0,31.1,8.85
2003-08-17,0.2775051006,0.0,34.6,9.25
2003-08-18,0.2746734159,0.0,35.3,11.600000000000001
2003-08-19,0.2718417312,0.0,32.0,11.600000000000001
2003-08-20,0.2690100465,0.0,33.6,7.0
2003-08-21,0.2661783618,0.0,34.9,9.4
2003-08-22,0.2690100465,0.3,22.75,11.85
2003-08-23,0.2718417312,0.0,28.7,11.25
2003-08-24,0.2661783618,0.0,34.0,8.05
2003-08-25,0.2605149924,0.0,35.3,13.399999999999999
2003-08-26,0.2576833077,0.0,28.15,9.05
2003-08-27,0.2576833077,0.0,30.049999999999997,10.8
2003-08-28,0.2576833077,0.0,31.85,7.949999999999999
2003-08-29,0.2548516229999999,0.0,34.05,9.05
2003-08-30,0.2520199383,0.0,36.900000000000006,8.85
2003-08-31,0.2491882536,0.0,33.05,10.399999999999999
2003-09-01,0.2491882536,0.0,33.55,8.15
2003-09-02,0.2463565688999999,0.0,41.75,9.65
2003-09-03,0.2406931994999999,0.0,39.55,11.600000000000001
2003-09-04,0.2406931994999999,0.0,38.05,13.0
2003-09-05,0.2378615148,0.0,38.599999999999994,10.899999999999999
2003-09-06,0.2378615148,0.0,30.65,11.25
2003-09-07,0.2718417312,18.0,18.0,10.0
2003-09-08,0.396435858,15.2,18.25,9.8
2003-09-09,0.5946537869999999,32.3,17.1,10.3
2003-09-10,0.453069552,0.3,21.1,11.899999999999999
2003-09-11,0.311485317,1.5,23.15,11.95
2003-09-12,0.311485317,0.0,23.5,7.1
2003-09-13,0.28316847,0.0,27.549999999999997,3.75
2003-09-14,0.2718417312,0.0,28.5,4.4
2003-09-15,0.2661783618,0.0,23.200000000000003,8.3
2003-09-16,0.311485317,20.3,12.35,8.0
2003-09-17,0.538020093,0.5,18.95,5.9
2003-09-18,0.3398021639999999,0.0,23.9,3.25
2003-09-19,0.28316847,0.0,23.549999999999997,7.25
2003-09-20,0.28316847,0.0,26.25,5.4
2003-09-21,0.2746734159,0.0,27.8,5.9
2003-09-22,0.2690100465,0.0,30.0,5.15
2003-09-23,0.2633466771,0.0,29.3,6.6
2003-09-24,0.2605149924,0.0,30.0,6.6
2003-09-25,0.2548516229999999,0.0,29.5,7.25
2003-09-26,0.2548516229999999,0.0,30.4,9.100000000000001
2003-09-27,0.2520199383,0.0,32.9,10.05
2003-09-28,0.2463565688999999,0.0,31.45,9.15
2003-09-29,0.2520199383,0.0,17.35,9.45
2003-09-30,0.2548516229999999,0.0,26.35,7.6
2003-10-01,0.2520199383,0.0,24.8,8.05
2003-10-02,0.2520199383,0.3,23.75,10.05
2003-10-03,0.2520199383,0.0,26.95,9.600000000000001
2003-10-04,0.2520199383,0.0,23.4,7.949999999999999
2003-10-05,0.2520199383,0.0,26.8,11.55
2003-10-06,0.2548516229999999,4.1,25.85,9.2
2003-10-07,0.2746734159,2.3,20.700000000000003,7.15
2003-10-08,0.2775051006,5.8,14.0,4.75
2003-10-09,0.396435858,9.4,13.899999999999999,6.85
2003-10-10,0.453069552,3.8,14.9,3.3
2003-10-11,0.56633694,30.0,9.7,3.45
2003-10-12,0.906139104,7.6,10.9,7.25
2003-10-13,0.538020093,0.0,14.05,4.550000000000001
2003-10-14,0.396435858,2.3,16.1,3.25
2003-10-15,0.6796043279999999,20.8,10.9,3.55
2003-10-16,0.651287481,0.8,18.45,6.85
2003-10-17,0.396435858,0.0,18.549999999999997,6.2
2003-10-18,0.28316847,0.0,19.5,3.35
2003-10-19,0.3398021639999999,10.7,15.950000000000001,8.25
2003-10-20,0.311485317,0.0,20.45,11.55
2003-10-21,0.2718417312,0.0,22.4,10.0
2003-10-22,0.2605149924,5.3,20.3,8.399999999999999
2003-10-23,0.3398021639999999,0.0,13.95,3.75
2003-10-24,0.2803367853,0.0,15.45,0.9500000000000001
2003-10-25,0.2576833077,0.0,16.8,2.25
2003-10-26,0.2435248841999999,0.0,19.9,4.1
2003-10-27,0.2321981453999999,0.0,18.700000000000003,4.9
2003-10-28,0.2378615148,6.4,15.950000000000001,7.800000000000001
2003-10-29,0.2775051006,3.6,9.05,3.9
2003-10-30,0.28316847,0.0,8.25,-1.85
2003-10-31,0.2548516229999999,0.0,7.25,-5.15
2003-11-01,0.2435248841999999,0.0,8.9,-6.7
2003-11-02,0.2661783618,8.6,2.9,-1.4500000000000002
2003-11-03,0.2633466771,0.0,7.55,-1.7
2003-11-04,0.2520199383,0.0,5.800000000000001,-1.2999999999999998
2003-11-05,0.2491882536,3.6,9.45,0.25
2003-11-06,0.2605149924,0.0,9.3,-0.25
2003-11-07,0.2520199383,0.5,13.15,2.45
2003-11-08,0.2520199383,1.0,10.15,1.9500000000000002
2003-11-09,0.2463565688999999,0.8,11.95,0.9
2003-11-10,0.28316847,15.7,9.9,4.75
2003-11-11,0.56633694,8.4,10.45,7.050000000000001
2003-11-12,0.4813863989999999,0.0,11.4,0.4
2003-11-13,0.3398021639999999,0.0,10.149999999999999,-1.25
2003-11-14,0.311485317,0.0,10.75,0.6000000000000001
2003-11-15,0.424752705,19.6,7.45,4.0
2003-11-16,1.840595055,39.4,8.7,4.25
2003-11-17,2.973268935,14.5,7.5,4.949999999999999
2003-11-18,3.029902629,3.3,12.75,6.699999999999999
2003-11-19,2.860001547,25.4,9.05,0.15
2003-11-20,2.293664607,6.9,2.9,0.0
2003-11-21,1.642377126,4.1,3.1500000000000004,-0.85
2003-11-22,1.217624421,0.0,1.35,-2.35
2003-11-23,0.991089645,5.6,3.3,-3.6
2003-11-24,1.076040186,17.0,5.0,-0.05
2003-11-25,1.160990727,31.2,0.95,-0.1
2003-11-26,1.41584235,14.5,4.4,-0.8
2003-11-27,1.245941268,0.0,4.8,-1.25
2003-11-28,1.245941268,31.8,6.55,0.1
2003-11-29,15.00792891,43.9,7.300000000000001,4.199999999999999
2003-11-30,9.004757346,1.5,7.300000000000001,2.6
2003-12-01,6.314656881,3.8,9.25,3.8
2003-12-02,5.040398766,2.8,9.6,4.05
2003-12-03,5.351884083,5.3,9.5,0.8
2003-12-04,4.615646061,11.7,7.0,0.15
2003-12-05,6.173072646,16.3,8.95,6.449999999999999
2003-12-06,8.21188563,14.5,7.75,2.9
2003-12-07,6.767726433,31.0,3.8,0.2
2003-12-08,6.059805258,4.3,7.5,-0.4
2003-12-09,5.125349307,15.7,4.75,0.05
2003-12-10,4.700596602,2.3,6.25,0.85
2003-12-11,4.049309121,7.4,6.65,1.85
2003-12-12,7.730499231,55.4,6.1,2.55
2003-12-13,37.37823804,108.0,7.65,-0.05
2003-12-14,23.984369409,17.5,2.4,0.0
2003-12-15,11.723174658,0.0,3.95,-0.8
2003-12-16,7.843766619,10.4,3.3499999999999996,-0.85
2003-12-17,7.135845444,1.0,6.1,-0.75
2003-12-18,6.342973728,0.0,5.3,-1.2
2003-12-19,5.804953635,3.6,6.3,-0.9500000000000001
2003-12-20,5.974854717,8.1,9.05,3.7
2003-12-21,5.465151471,0.3,9.6,-0.2
2003-12-22,4.757230296,0.0,7.3,-1.15
2003-12-23,4.162576509,3.0,6.9,-0.2
2003-12-24,4.983765072,25.9,5.5,2.85
2003-12-25,5.068715613,11.4,3.75,-0.2
2003-12-26,4.417428132,0.8,3.5,-0.44999999999999996
2003-12-27,3.907724886,41.1,1.65,-0.30000000000000004
2003-12-28,4.53069552,58.2,1.15,-0.1
2003-12-29,4.643962908,20.8,1.65,-3.65
2003-12-30,3.709506957,1.5,1.05,-5.1
2003-12-31,3.143170017,14.5,2.0,-1.1
2004-01-01,2.803367853,35.6,0.9,-0.2
2004-01-02,2.406931995,4.3,2.95,-1.0
2004-01-03,2.180397219,11.9,1.25,-0.5
2004-01-04,1.98217929,6.1,1.6,-1.3
2004-01-05,1.783961361,0.5,1.4,-3.7
2004-01-06,1.755644514,16.0,1.3,-3.35
2004-01-07,3.228120558,17.8,4.0,-0.15
2004-01-08,6.286340034,18.3,2.4,-0.05
2004-01-09,9.06139104,0.8,4.4,-0.1
2004-01-10,9.089707887,1.0,6.35,-0.55
2004-01-11,8.041984548,0.0,7.55,-1.45
2004-01-12,7.730499231,1.0,2.5,-1.4
2004-01-13,7.872083465999999,0.0,7.75,-0.9500000000000001
2004-01-14,8.806539417,10.9,3.8499999999999996,0.35
2004-01-15,10.533867084,7.1,4.800000000000001,1.2000000000000002
2004-01-16,10.137431226,0.3,7.1,-0.1
2004-01-17,8.551687794,0.0,6.15,-1.6
2004-01-18,7.758816078,13.0,5.75,0.9500000000000001
2004-01-19,8.948123652,14.7,6.3,1.35
2004-01-20,8.551687794,0.0,8.55,-1.8
2004-01-21,6.937627515,0.0,4.9,-3.25
2004-01-22,5.635052553,0.0,5.2,-3.5999999999999996
2004-01-23,8.863173111,61.0,3.55,0.6499999999999999
2004-01-24,17.952880997999998,20.1,5.75,-0.05
2004-01-25,12.346145292,10.2,3.3,-0.05
2004-01-26,9.146341581,8.6,5.25,0.25
2004-01-27,10.47723339,32.5,4.6,0.2
2004-01-28,18.604168479,57.4,4.0,2.1
2004-01-29,37.94457498,20.1,8.85,3.25
2004-01-30,27.778826907,42.7,6.4,0.0
2004-01-31,15.545949003,12.4,4.1,-0.15
2004-02-01,10.505550237,10.2,4.25,-0.05
2004-02-02,9.316242663,13.7,8.3,0.9500000000000001
2004-02-03,8.495054099999999,2.5,7.449999999999999,1.7000000000000002
2004-02-04,7.277429679,2.8,9.2,1.15
2004-02-05,6.144755799,0.0,6.6,-1.65
2004-02-06,5.748319941,22.6,5.65,0.9
2004-02-07,6.088122105,6.1,6.6,1.7000000000000002
2004-02-08,5.521785165,0.0,7.25,-1.5
2004-02-09,4.728913449,0.0,6.699999999999999,-2.95
2004-02-10,4.020992274,0.0,8.850000000000001,-2.7
2004-02-11,3.624556416,0.0,10.850000000000001,-1.8
2004-02-12,3.369704793,0.0,9.149999999999999,-3.05
2004-02-13,3.143170017,0.3,2.4,-2.45
2004-02-14,3.11485317,10.4,9.5,1.25
2004-02-15,3.511289028,3.0,8.95,0.8
2004-02-16,4.983765072,29.5,7.699999999999999,3.35
2004-02-17,8.381786712,30.5,7.199999999999999,3.15
2004-02-18,10.703768166,24.4,7.15,3.15
2004-02-19,9.91089645,3.0,10.1,-1.15
2004-02-20,7.900400313,0.0,10.65,-2.1
2004-02-21,6.342973728,0.0,11.149999999999999,-1.2
2004-02-22,5.181983001,0.8,11.8,2.05
2004-02-23,4.53069552,4.3,10.9,3.35
2004-02-24,3.992675427,1.8,11.05,-0.5
2004-02-25,3.652873263,5.3,10.600000000000001,0.1
2004-02-26,3.539605875,7.6,7.4,1.85
2004-02-27,3.567922722,15.5,7.25,3.65
2004-02-28,3.652873263,2.0,10.55,3.2
2004-02-29,3.482972181,12.7,8.05,3.05
2004-03-01,3.992675427,8.1,11.75,0.3
2004-03-02,3.709506957,0.0,12.25,-1.45
2004-03-03,3.39802164,11.7,4.45,-1.7
2004-03-04,3.879408039,23.4,8.350000000000001,2.65
2004-03-05,4.870497684,23.6,7.2,2.6
2004-03-06,6.371290575,0.8,9.8,1.15
2004-03-07,5.295250389,0.0,18.5,3.9499999999999997
2004-03-08,5.153666154,0.0,20.4,1.4
2004-03-09,5.635052553,0.0,18.35,2.6
2004-03-10,5.153666154,0.0,19.15,1.5
2004-03-11,4.53069552,0.0,20.65,-0.09999999999999999
2004-03-12,4.304160744,0.0,19.6,0.55
2004-03-13,3.936041733,0.0,21.35,-0.65
2004-03-14,3.709506957,0.0,20.6,3.55
2004-03-15,3.511289028,0.0,20.6,0.7
2004-03-16,3.228120558,0.0,22.0,-0.9500000000000001
2004-03-17,3.11485317,0.0,22.4,0.15
2004-03-18,3.171486864,1.0,16.5,1.35
2004-03-19,3.11485317,0.5,13.65,0.4
2004-03-20,2.746734159,0.0,21.15,-1.65
2004-03-21,2.746734159,0.0,25.55,2.55
2004-03-22,3.058219476,0.0,24.5,2.85
2004-03-23,3.171486864,0.0,18.9,4.05
2004-03-24,3.086536323,10.2,12.65,4.550000000000001
2004-03-25,2.973268935,19.6,9.95,2.7
2004-03-26,2.944952088,19.3,8.6,2.2
2004-03-27,4.190893356,8.6,13.05,3.85
2004-03-28,3.482972181,0.0,20.4,-0.3
2004-03-29,3.199803711,0.0,25.299999999999997,1.7999999999999998
2004-03-30,3.369704793,5.6,9.95,2.8499999999999996
2004-03-31,3.058219476,0.0,11.85,0.35
2004-04-01,2.661783618,0.0,15.850000000000001,-2.25
2004-04-02,2.378615148,0.0,19.4,-1.5499999999999998
2004-04-03,2.293664607,0.0,25.45,2.5999999999999996
2004-04-04,2.321981454,0.0,22.6,2.45
2004-04-05,2.321981454,0.0,14.35,6.25
2004-04-06,2.237030913,0.0,17.35,5.550000000000001
2004-04-07,2.152080372,0.0,18.549999999999997,3.5
2004-04-08,2.095446678,0.0,21.25,1.7
2004-04-09,2.067129831,0.0,26.85,1.5499999999999998
2004-04-10,2.038812984,0.0,28.25,1.6
2004-04-11,2.123763525,0.0,30.25,2.7
2004-04-12,2.180397219,0.3,18.35,4.15
2004-04-13,2.180397219,11.9,16.799999999999997,6.0
2004-04-14,2.54851623,26.9,13.3,3.65
2004-04-15,2.775051006,4.6,9.1,4.85
2004-04-16,2.605149924,9.4,14.95,4.300000000000001
2004-04-17,2.491882536,7.1,14.7,4.75
2004-04-18,2.54851623,5.8,11.850000000000001,3.65
2004-04-19,2.576833077,14.7,11.7,3.4000000000000004
2004-04-20,4.219210203,35.3,7.75,4.25
2004-04-21,7.022578056,19.6,11.05,1.85
2004-04-22,6.314656881,0.0,20.85,3.5999999999999996
2004-04-23,5.040398766,0.0,17.0,1.8
2004-04-24,4.24752705,0.0,22.299999999999997,0.6
2004-04-25,3.822774345,0.0,30.25,2.05
2004-04-26,3.907724886,0.0,33.25,5.05
2004-04-27,3.992675427,0.0,27.549999999999997,6.0
2004-04-28,3.539605875,0.0,20.5,2.4000000000000004
2004-04-29,3.029902629,0.0,26.6,0.25
2004-04-30,2.746734159,0.0,30.85,3.0
2004-05-01,2.690100465,0.0,28.549999999999997,5.3
2004-05-02,2.576833077,0.0,27.95,5.4
2004-05-03,2.491882536,0.0,25.9,8.3
2004-05-04,2.321981454,0.0,18.2,8.45
2004-05-05,2.095446678,0.0,21.5,5.7
2004-05-06,1.925545596,0.0,21.8,3.3
2004-05-07,1.840595055,10.7,18.25,6.2
2004-05-08,1.897228749,3.8,17.85,7.7
2004-05-09,1.755644514,3.6,19.0,7.1
2004-05-10,1.69901082,11.2,13.3,7.0
2004-05-11,1.868911902,7.1,13.9,5.35
2004-05-12,1.69901082,0.0,18.6,4.35
2004-05-13,1.529109738,0.0,23.0,1.65
2004-05-14,1.444159197,0.0,23.3,7.35
2004-05-15,1.41584235,2.3,16.15,7.5
2004-05-16,1.585743432,4.3,19.15,6.85
2004-05-17,1.614060279,14.2,23.05,4.05
2004-05-18,2.180397219,9.7,12.95,9.55
2004-05-19,2.690100465,0.0,21.0,7.550000000000001
2004-05-20,2.350298301,0.8,23.15,5.8
2004-05-21,2.180397219,0.0,16.8,10.0
2004-05-22,2.123763525,16.8,13.149999999999999,7.3
2004-05-23,2.406931995,2.3,17.0,5.25
2004-05-24,2.123763525,0.0,25.5,2.45
2004-05-25,1.868911902,0.0,27.35,4.2
2004-05-26,1.840595055,8.4,18.4,11.45
2004-05-27,2.661783618,45.2,14.6,8.55
2004-05-28,8.381786712,26.7,11.899999999999999,7.15
2004-05-29,7.702182383999999,3.6,14.65,6.25
2004-05-30,5.691686247,0.0,19.95,8.3
2004-05-31,4.360794438,0.0,22.6,6.75
2004-06-01,3.511289028,0.0,25.85,4.05
2004-06-02,2.973268935,0.0,26.200000000000003,5.9
2004-06-03,2.576833077,0.0,29.35,9.100000000000001
2004-06-04,2.293664607,0.0,31.5,8.85
2004-06-05,2.152080372,5.8,17.0,8.25
2004-06-06,2.237030913,14.5,14.6,7.949999999999999
2004-06-07,2.746734159,12.4,15.35,7.550000000000001
2004-06-08,3.284754252,13.0,13.25,8.3
2004-06-09,4.077625968,12.7,13.3,9.95
2004-06-10,4.389111285,2.3,16.5,9.0
2004-06-11,3.851091192,0.0,17.95,8.4
2004-06-12,3.341387946,0.0,27.15,7.300000000000001
2004-06-13,3.001585782,2.3,27.700000000000003,11.2
2004-06-14,2.633466771,0.0,22.6,6.8
2004-06-15,2.350298301,0.0,28.4,5.0
2004-06-16,2.123763525,0.0,30.3,3.6
2004-06-17,1.953862443,0.0,34.6,6.1
2004-06-18,1.783961361,0.0,32.8,8.0
2004-06-19,1.642377126,0.0,31.8,7.1
2004-06-20,1.529109738,0.0,33.2,7.3
2004-06-21,1.444159197,0.0,34.4,7.8
2004-06-22,1.3592086559999998,0.0,22.0,11.3
2004-06-23,1.302574962,0.0,24.9,14.0
2004-06-24,1.217624421,0.0,25.444444444444443,12.744444444444444
2004-06-25,1.160990727,0.0,25.988888888888887,11.488888888888889
2004-06-26,1.104357033,0.0,26.53333333333333,10.233333333333333
2004-06-27,1.047723339,0.0,27.3,7.833333333333333
2004-06-28,1.019406492,0.0,28.866666666666664,9.1
2004-06-29,0.991089645,0.0,27.066666666666666,10.799999999999999
2004-06-30,0.934455951,0.0,30.400000000000002,11.266666666666666
2004-07-01,0.906139104,0.0,29.166666666666668,9.0
2004-07-02,0.8778222569999999,0.0,27.866666666666664,9.866666666666667
2004-07-03,0.84950541,0.0,26.066666666666666,12.200000000000001
2004-07-04,0.821188563,0.0,27.566666666666666,9.966666666666667
2004-07-05,0.792871716,0.0,29.933333333333334,7.933333333333334
2004-07-06,0.764554869,0.0,30.066666666666666,10.566666666666668
2004-07-07,0.736238022,0.0,24.2,8.466666666666667
2004-07-08,0.707921175,0.0,26.900000000000002,5.466666666666666
2004-07-09,0.707921175,0.0,24.099999999999998,7.433333333333334
2004-07-10,0.6796043279999999,0.0,24.133333333333336,8.666666666666666
2004-07-11,0.6796043279999999,0.0,29.133333333333336,6.033333333333334
2004-07-12,0.651287481,0.0,33.63333333333333,9.666666666666666
2004-07-13,0.622970634,0.0,29.900000000000002,11.799999999999999
2004-07-14,0.622970634,0.0,32.233333333333334,11.833333333333334
2004-07-15,0.5946537869999999,0.0,29.566666666666666,12.0
2004-07-16,0.5946537869999999,0.0,32.43333333333333,9.633333333333333
2004-07-17,0.56633694,0.0,33.766666666666666,13.466666666666667
2004-07-18,0.56633694,0.3,29.566666666666666,13.133333333333333
2004-07-19,0.56633694,1.5,27.96666666666667,14.533333333333333
2004-07-20,0.538020093,0.0,28.333333333333332,12.799999999999999
2004-07-21,0.538020093,0.0,31.166666666666668,9.9
2004-07-22,0.5097032459999999,0.0,38.06666666666666,10.233333333333333
2004-07-23,0.4813863989999999,0.0,39.93333333333334,11.566666666666668
2004-07-24,0.4813863989999999,0.0,38.166666666666664,13.366666666666667
2004-07-25,0.453069552,0.0,32.43333333333333,12.766666666666666
2004-07-26,0.453069552,0.0,31.366666666666664,8.666666666666666
2004-07-27,0.453069552,0.0,32.733333333333334,10.533333333333333
2004-07-28,0.453069552,0.0,33.699999999999996,11.966666666666667
2004-07-29,0.424752705,0.0,32.63333333333333,11.9
2004-07-30,0.424752705,0.0,31.2,11.966666666666667
2004-07-31,0.424752705,0.0,31.633333333333336,12.1
2004-08-01,0.424752705,0.0,30.833333333333332,12.299999999999999
2004-08-02,0.424752705,0.0,27.96666666666667,12.933333333333332
2004-08-03,0.424752705,0.0,28.566666666666666,13.033333333333333
2004-08-04,0.424752705,0.0,28.166666666666668,10.133333333333333
2004-08-05,0.424752705,0.0,24.8,11.9
2004-08-06,0.424752705,2.8,19.633333333333336,11.200000000000001
2004-08-07,0.424752705,0.0,30.633333333333336,8.266666666666667
2004-08-08,0.396435858,0.0,37.699999999999996,8.6
2004-08-09,0.396435858,0.0,37.56666666666667,10.866666666666667
2004-08-10,0.368119011,0.0,36.96666666666667,12.766666666666666
2004-08-11,0.368119011,0.0,37.93333333333333,13.5
2004-08-12,0.368119011,0.0,36.23333333333333,14.0
2004-08-13,0.368119011,0.0,36.266666666666666,14.466666666666667
2004-08-14,0.368119011,0.0,35.1,15.9
2004-08-15,0.368119011,0.0,31.933333333333337,14.266666666666666
2004-08-16,0.3398021639999999,0.0,31.900000000000002,13.533333333333333
2004-08-17,0.3398021639999999,0.0,32.93333333333333,10.200000000000001
2004-08-18,0.3398021639999999,0.0,34.26666666666667,10.799999999999999
2004-08-19,0.3398021639999999,0.0,33.13333333333333,12.6
2004-08-20,0.3398021639999999,0.0,33.666666666666664,13.200000000000001
2004-08-21,0.3398021639999999,0.0,30.7,10.233333333333334
2004-08-22,0.792871716,43.7,16.933333333333334,11.9
2004-08-23,0.651287481,8.9,17.666666666666668,11.9
2004-08-24,0.538020093,1.0,17.433333333333334,13.1
2004-08-25,1.3592086559999998,47.8,18.166666666666668,12.700000000000001
2004-08-26,1.302574962,9.4,18.433333333333334,12.433333333333332
2004-08-27,0.84950541,0.0,25.633333333333336,11.966666666666667
2004-08-28,0.651287481,0.0,28.599999999999998,10.833333333333334
2004-08-29,0.538020093,0.0,31.166666666666668,10.6
2004-08-30,0.4813863989999999,0.0,32.766666666666666,10.866666666666667
2004-08-31,0.453069552,0.0,31.599999999999998,12.9
2004-09-01,0.453069552,2.0,19.96666666666667,8.833333333333334
2004-09-02,0.453069552,3.0,16.133333333333336,6.933333333333334
2004-09-03,0.453069552,0.0,22.633333333333336,8.933333333333334
2004-09-04,0.424752705,0.0,22.53333333333333,8.666666666666666
2004-09-05,0.396435858,0.0,25.866666666666664,6.5
2004-09-06,0.396435858,0.0,28.599999999999998,6.633333333333333
2004-09-07,0.396435858,0.0,24.333333333333332,6.866666666666667
2004-09-08,0.396435858,0.0,26.7,7.766666666666667
2004-09-09,0.368119011,0.0,21.333333333333332,10.466666666666667
2004-09-10,0.368119011,0.0,28.566666666666666,8.866666666666667
2004-09-11,0.453069552,8.6,19.433333333333334,14.466666666666667
2004-09-12,0.4813863989999999,0.8,19.2,11.833333333333334
2004-09-13,0.792871716,27.7,14.633333333333333,11.200000000000001
2004-09-14,0.8778222569999999,3.3,19.8,10.666666666666666
2004-09-15,0.84950541,12.7,19.866666666666664,11.066666666666668
2004-09-16,0.764554869,0.3,19.533333333333335,10.533333333333333
2004-09-17,0.991089645,23.6,13.200000000000001,8.1
2004-09-18,2.491882536,12.7,12.733333333333334,7.266666666666667
2004-09-19,1.840595055,7.4,16.400000000000002,6.5
2004-09-20,1.642377126,0.8,15.6,4.233333333333333
2004-09-21,1.245941268,0.3,19.8,1.7333333333333334
2004-09-22,1.047723339,0.0,23.8,4.7
2004-09-23,0.906139104,0.0,24.400000000000002,6.133333333333333
2004-09-24,0.792871716,0.0,26.0,7.133333333333333
2004-09-25,0.707921175,0.0,24.266666666666666,8.033333333333333
2004-09-26,0.6796043279999999,0.0,21.53333333333333,12.833333333333334
2004-09-27,0.651287481,0.3,27.96666666666667,10.366666666666667
2004-09-28,0.5946537869999999,0.3,26.733333333333334,7.766666666666667
2004-09-29,0.56633694,0.0,19.566666666666666,10.0
2004-09-30,0.538020093,0.0,22.633333333333336,8.733333333333333
2004-10-01,0.538020093,0.0,24.333333333333332,5.3999999999999995
2004-10-02,0.5097032459999999,0.0,24.766666666666666,5.733333333333333
2004-10-03,0.5097032459999999,0.0,25.2,5.6000000000000005
2004-10-04,0.4813863989999999,0.0,24.96666666666667,5.0
2004-10-05,0.453069552,0.0,24.633333333333336,5.8
2004-10-06,0.4813863989999999,8.6,17.53333333333333,11.733333333333334
2004-10-07,0.5097032459999999,0.0,21.5,9.933333333333334
2004-10-08,0.4813863989999999,13.0,20.866666666666667,8.266666666666667
2004-10-09,0.736238022,9.9,15.799999999999999,7.6000000000000005
2004-10-10,0.5946537869999999,0.0,17.866666666666664,5.233333333333333
2004-10-11,0.5097032459999999,0.0,19.8,2.6999999999999997
2004-10-12,0.4813863989999999,0.0,21.433333333333334,5.133333333333333
2004-10-13,0.453069552,0.0,23.833333333333332,6.5
2004-10-14,0.453069552,0.0,23.066666666666666,4.666666666666667
2004-10-15,0.424752705,0.0,20.099999999999998,5.466666666666666
2004-10-16,0.424752705,1.3,20.599999999999998,6.8
2004-10-17,0.6796043279999999,35.6,11.300000000000002,6.166666666666667
2004-10-18,2.067129831,19.8,8.933333333333334,5.833333333333333
2004-10-19,1.69901082,0.8,15.0,5.666666666666667
2004-10-20,1.274258115,4.1,12.566666666666668,7.466666666666666
2004-10-21,1.245941268,12.7,10.266666666666667,6.266666666666667
2004-10-22,1.69901082,18.0,10.166666666666666,6.3
2004-10-23,2.26534776,3.8,9.799999999999999,5.3
2004-10-24,1.953862443,1.3,10.966666666666667,1.3
2004-10-25,1.670693973,1.5,9.266666666666667,1.4666666666666668
2004-10-26,1.444159197,0.3,11.566666666666668,4.5
2004-10-27,1.245941268,0.0,14.200000000000001,4.7
2004-10-28,1.104357033,1.8,10.333333333333334,5.933333333333334
2004-10-29,1.047723339,0.8,13.633333333333333,4.733333333333333
2004-10-30,1.13267388,11.9,9.1,4.366666666666667
2004-10-31,1.302574962,2.8,10.1,-0.03333333333333333
2004-11-01,1.245941268,13.7,8.733333333333333,0.39999999999999997
2004-11-02,2.378615148,26.9,10.533333333333333,4.1
2004-11-03,3.936041733,0.5,9.833333333333334,-1.0333333333333334
2004-11-04,2.803367853,0.3,10.033333333333333,-1.5666666666666667
2004-11-05,2.208714066,0.0,12.933333333333332,-1.7333333333333334
2004-11-06,1.812278208,0.0,12.333333333333334,-1.5666666666666667
2004-11-07,1.557426585,0.0,14.266666666666666,0.9
2004-11-08,1.3592086559999998,0.0,14.033333333333333,0.13333333333333333
2004-11-09,1.245941268,0.0,11.133333333333333,4.566666666666666
2004-11-10,1.13267388,0.3,12.1,3.533333333333333
2004-11-11,1.047723339,0.0,13.6,2.466666666666667
2004-11-12,0.991089645,0.3,13.9,0.39999999999999997
2004-11-13,0.934455951,0.3,15.033333333333333,3.233333333333333
2004-11-14,0.8778222569999999,0.0,11.966666666666667,1.0333333333333334
2004-11-15,0.84950541,7.1,10.133333333333333,2.566666666666667
2004-11-16,0.8778222569999999,1.0,12.966666666666667,4.6000000000000005
2004-11-17,0.792871716,0.0,11.933333333333332,1.1666666666666667
2004-11-18,0.8778222569999999,9.9,8.633333333333333,1.0333333333333334
2004-11-19,0.821188563,0.3,8.266666666666667,-1.7333333333333334
2004-11-20,0.792871716,0.0,5.166666666666667,-3.233333333333333
2004-11-21,0.736238022,0.3,2.8666666666666667,-3.8000000000000003
2004-11-22,0.707921175,0.0,7.233333333333333,-2.1
2004-11-23,0.707921175,5.8,7.366666666666667,1.5
2004-11-24,0.84950541,8.9,11.633333333333335,6.1000000000000005
2004-11-25,1.69901082,23.9,10.633333333333333,4.5
2004-11-26,1.614060279,0.3,6.5,2.9
2004-11-27,1.3592086559999998,2.3,6.066666666666666,0.9666666666666667
2004-11-28,1.217624421,0.0,4.533333333333333,-2.733333333333333
2004-11-29,1.104357033,0.0,2.3666666666666667,-4.266666666666667
2004-11-30,1.104357033,11.7,2.733333333333333,-0.19999999999999998
2004-12-01,1.160990727,3.8,6.3999999999999995,-0.9666666666666668
2004-12-02,1.104357033,0.0,3.5666666666666664,-2.3000000000000003
2004-12-03,1.076040186,0.0,6.266666666666667,-1.4000000000000001
2004-12-04,1.019406492,0.0,3.9333333333333336,-1.8666666666666665
2004-12-05,1.019406492,4.3,4.266666666666667,0.8333333333333334
2004-12-06,1.104357033,16.5,1.0,-0.16666666666666666
2004-12-07,1.812278208,24.6,1.8333333333333333,-0.16666666666666666
2004-12-08,12.487729527,86.6,6.533333333333334,0.20000000000000004
2004-12-09,24.805557972,48.3,6.733333333333333,4.2
2004-12-10,24.63565689,3.3,9.066666666666666,5.566666666666666
2004-12-11,16.42377126,17.0,10.533333333333333,5.833333333333333
2004-12-12,11.638224117,0.0,7.7,3.1
2004-12-13,7.872083465999999,11.7,9.566666666666666,2.8666666666666667
2004-12-14,8.098618242,11.2,9.5,6.3
2004-12-15,6.824360126999999,0.0,7.166666666666667,0.16666666666666666
2004-12-16,5.465151471,0.3,7.5,-1.0666666666666667
2004-12-17,4.445744979,0.0,10.4,1.5666666666666667
2004-12-18,3.709506957,0.0,10.433333333333332,0.8333333333333334
2004-12-19,3.228120558,0.5,7.933333333333334,0.7666666666666666
2004-12-20,2.8316847,0.0,6.5,-1.7666666666666666
2004-12-21,2.520199383,0.8,3.033333333333333,-3.1999999999999997
2004-12-22,2.26534776,0.8,6.766666666666667,-1.0999999999999999
2004-12-23,2.067129831,0.3,4.233333333333333,-2.0666666666666664
2004-12-24,1.897228749,0.0,3.533333333333333,-3.1
2004-12-25,1.783961361,3.8,3.033333333333333,-2.4
2004-12-26,1.812278208,9.4,3.8333333333333335,0.03333333333333333
2004-12-27,1.670693973,0.0,6.2,-0.6666666666666666
2004-12-28,1.557426585,0.0,7.7,-0.3
2004-12-29,1.585743432,7.6,5.3999999999999995,1.2
2004-12-30,1.529109738,1.8,6.166666666666667,-1.0999999999999999
2004-12-31,1.472476044,5.1,3.033333333333333,-1.0999999999999999
2005-01-01,1.500792891,6.6,4.066666666666666,-1.0333333333333334
2005-01-02,1.41584235,0.0,1.9666666666666668,-2.466666666666667
2005-01-03,1.3592086559999998,0.0,2.6666666666666665,-4.066666666666666
2005-01-04,1.330891809,0.3,2.8333333333333335,-5.966666666666666
2005-01-05,1.245941268,0.0,-0.10000000000000002,-7.7
2005-01-06,1.217624421,0.0,0.9333333333333335,-1.6666666666666667
2005-01-07,1.217624421,0.0,1.0,-0.6
2005-01-08,1.160990727,0.0,1.5999999999999999,-0.7666666666666666
2005-01-09,1.13267388,0.0,4.7,-0.6666666666666666
2005-01-10,1.076040186,0.0,4.233333333333333,-2.8333333333333335
2005-01-11,1.047723339,0.0,1.6666666666666667,-4.866666666666667
2005-01-12,1.047723339,0.65,1.9000000000000001,-0.9
2005-01-13,1.076040186,1.3,5.2,-1.1
2005-01-14,1.076040186,0.0,3.3666666666666667,-2.4
2005-01-15,1.245941268,10.9,2.8000000000000003,-0.26666666666666666
2005-01-16,1.670693973,0.5,7.466666666666666,0.6333333333333333
2005-01-17,2.435248842,23.9,3.5666666666666664,0.7666666666666666
2005-01-18,9.316242663,11.7,11.666666666666666,2.966666666666667
2005-01-19,7.362380219999999,0.0,12.066666666666668,2.6333333333333333
2005-01-20,5.38020093,0.0,11.166666666666666,1.4000000000000001
2005-01-21,4.162576509,0.0,10.933333333333332,-1.0333333333333334
2005-01-22,3.39802164,0.0,9.666666666666666,-0.5
2005-01-23,2.973268935,0.0,10.1,0.7000000000000001
2005-01-24,2.605149924,0.0,11.466666666666667,-0.7666666666666666
2005-01-25,2.321981454,0.0,9.233333333333333,0.6666666666666666
2005-01-26,2.180397219,9.4,10.366666666666667,5.133333333333333
2005-01-27,2.123763525,0.8,9.200000000000001,3.8000000000000003
2005-01-28,1.897228749,6.4,7.833333333333333,3.533333333333333
2005-01-29,1.925545596,6.9,7.566666666666666,1.8666666666666665
2005-01-30,1.783961361,0.0,10.366666666666667,-1.3
2005-01-31,1.670693973,0.0,10.966666666666667,-1.2333333333333334
2005-02-01,1.557426585,0.0,8.700000000000001,-2.5
2005-02-02,1.472476044,0.0,10.666666666666666,-2.0666666666666664
2005-02-03,1.387525503,0.0,11.866666666666667,-1.5333333333333332
2005-02-04,1.387525503,7.6,6.933333333333334,-0.23333333333333336
2005-02-05,1.3592086559999998,0.8,7.466666666666666,-1.5999999999999999
2005-02-06,1.330891809,13.7,2.766666666666667,-1.0666666666666667
2005-02-07,1.302574962,1.0,6.333333333333333,-1.5666666666666667
2005-02-08,1.274258115,0.0,6.633333333333333,-3.1999999999999997
2005-02-09,1.245941268,0.0,9.200000000000001,-1.8333333333333333
2005-02-10,1.217624421,0.0,9.366666666666667,-3.033333333333333
2005-02-11,1.189307574,0.0,9.966666666666667,-2.733333333333333
2005-02-12,1.274258115,26.2,5.233333333333333,-1.7333333333333334
2005-02-13,1.783961361,4.3,7.233333333333333,-0.7666666666666666
2005-02-14,1.69901082,0.0,7.333333333333333,-3.0666666666666664
2005-02-15,1.557426585,0.0,7.1000000000000005,-4.933333333333334
2005-02-16,1.444159197,0.0,9.166666666666666,-4.333333333333333
2005-02-17,1.330891809,0.0,10.9,-3.966666666666667
2005-02-18,1.274258115,0.0,13.266666666666666,-2.5666666666666664
2005-02-19,1.387525503,22.4,6.566666666666666,-0.3333333333333333
2005-02-20,2.208714066,12.7,11.333333333333334,3.266666666666667
2005-02-21,2.180397219,0.0,13.733333333333334,-1.0
2005-02-22,1.98217929,0.0,13.766666666666666,-1.8666666666666665
2005-02-23,1.812278208,0.0,15.200000000000001,-2.533333333333333
2005-02-24,1.642377126,0.0,15.866666666666665,-1.9000000000000001
2005-02-25,1.529109738,0.0,16.5,-1.9333333333333333
2005-02-26,1.444159197,0.0,16.7,-1.6666666666666667
2005-02-27,1.387525503,0.0,17.366666666666667,0.8333333333333334
2005-02-28,1.387525503,3.8,10.1,3.6
2005-03-01,1.302574962,0.0,14.166666666666666,-0.9333333333333335
2005-03-02,1.245941268,1.3,14.333333333333334,0.26666666666666666
2005-03-03,1.189307574,0.0,15.966666666666669,-2.0
2005-03-04,1.13267388,0.0,14.366666666666667,1.9000000000000001
2005-03-05,1.104357033,0.0,17.8,-0.4666666666666666
2005-03-06,1.047723339,0.0,19.766666666666666,-0.39999999999999997
2005-03-07,1.019406492,0.0,20.933333333333334,2.033333333333333
2005-03-08,0.991089645,0.0,21.3,1.3666666666666665
2005-03-09,0.962772798,0.0,21.066666666666666,1.4333333333333333
2005-03-10,0.934455951,0.0,22.96666666666667,2.066666666666667
2005-03-11,0.906139104,0.0,25.133333333333336,2.1333333333333333
2005-03-12,0.8778222569999999,0.0,24.099999999999998,1.2666666666666666
2005-03-13,0.821188563,0.0,21.733333333333334,-2.0
2005-03-14,0.792871716,0.0,20.466666666666665,-3.0
2005-03-15,0.764554869,0.0,19.766666666666666,-2.433333333333333
2005-03-16,0.764554869,9.9,13.633333333333333,0.8333333333333334
2005-03-17,0.8778222569999999,1.8,11.0,3.1999999999999997
2005-03-18,0.84950541,6.6,11.333333333333334,4.566666666666666
2005-03-19,1.104357033,14.7,13.633333333333333,6.566666666666666
2005-03-20,1.076040186,9.9,10.200000000000001,2.8000000000000003
2005-03-21,1.104357033,2.8,9.666666666666666,1.9000000000000001
2005-03-22,1.189307574,14.7,10.700000000000001,3.033333333333333
2005-03-23,1.330891809,13.5,7.2,0.3
2005-03-24,1.585743432,17.0,5.6000000000000005,-0.10000000000000002
2005-03-25,1.69901082,1.0,9.666666666666666,1.0999999999999999
2005-03-26,3.482972181,51.8,8.6,3.3333333333333335
2005-03-27,16.565355495,57.7,9.566666666666666,5.6000000000000005
2005-03-28,15.517632156,38.6,5.666666666666667,0.3666666666666667
2005-03-29,11.100204024,29.5,7.666666666666667,0.06666666666666667
2005-03-30,8.183568783,5.1,8.133333333333333,0.3333333333333333
2005-03-31,6.22970634,0.0,16.900000000000002,-1.0
2005-04-01,5.918221023,9.7,9.133333333333333,3.6333333333333333
2005-04-02,5.691686247,0.3,12.133333333333333,2.1333333333333333
2005-04-03,5.436834623999999,16.8,6.733333333333333,2.6666666666666665
2005-04-04,5.38020093,7.4,8.9,2.033333333333333
2005-04-05,4.955448225,0.3,14.0,2.3333333333333335
2005-04-06,4.757230296,0.0,19.900000000000002,3.6
2005-04-07,5.295250389,24.6,8.066666666666666,3.0666666666666664
2005-04-08,5.351884083,14.0,13.333333333333334,0.5666666666666667
2005-04-09,5.351884083,2.0,12.533333333333333,3.6
2005-04-10,4.785547143,4.8,16.533333333333335,2.1333333333333333
2005-04-11,5.521785165,15.7,13.033333333333333,3.6333333333333333
2005-04-12,5.210299848,9.4,8.4,0.7666666666666666
2005-04-13,4.587329214,4.3,12.733333333333334,0.9
2005-04-14,4.049309121,4.6,12.933333333333332,0.0
2005-04-15,3.596239569,1.8,15.433333333333332,-1.7333333333333334
2005-04-16,3.851091192,10.2,12.533333333333333,5.333333333333333
2005-04-17,4.474061826,5.6,9.733333333333333,2.9
2005-04-18,4.049309121,3.6,12.5,2.3666666666666667
2005-04-19,3.737823804,0.3,14.9,3.1333333333333333
2005-04-20,3.454655334,0.0,19.133333333333333,3.266666666666667
2005-04-21,3.256437405,2.3,20.866666666666667,5.066666666666666
2005-04-22,3.171486864,1.8,25.2,2.6333333333333333
2005-04-23,3.851091192,23.4,11.066666666666668,6.466666666666666
2005-04-24,3.907724886,1.3,17.8,6.633333333333333
2005-04-25,3.511289028,0.0,19.900000000000002,6.8
2005-04-26,3.256437405,1.8,25.333333333333332,6.333333333333333
2005-04-27,3.11485317,4.8,26.666666666666668,7.1000000000000005
2005-04-28,2.888318394,0.0,19.5,9.066666666666666
2005-04-29,2.576833077,0.3,14.533333333333333,9.333333333333334
2005-04-30,2.350298301,0.0,22.633333333333336,8.966666666666667
2005-05-01,2.293664607,8.4,21.400000000000002,5.133333333333334
2005-05-02,2.180397219,0.0,19.233333333333334,8.566666666666668
2005-05-03,2.010496137,4.1,24.96666666666667,7.366666666666667
2005-05-04,2.095446678,8.9,21.099999999999998,11.0
2005-05-05,2.208714066,4.8,18.766666666666666,10.966666666666667
2005-05-06,2.775051006,2.8,13.133333333333333,9.200000000000001
2005-05-07,2.775051006,1.5,18.166666666666668,8.333333333333334
2005-05-08,2.775051006,12.7,17.766666666666666,8.733333333333333
2005-05-09,3.454655334,28.4,10.833333333333334,3.1333333333333333
2005-05-10,5.323567236,14.2,12.0,3.1999999999999997
2005-05-11,5.691686247,0.0,15.333333333333334,7.533333333333334
2005-05-12,4.870497684,0.0,23.766666666666666,8.9
2005-05-13,3.992675427,0.0,24.633333333333336,8.066666666666666
2005-05-14,3.482972181,4.8,24.933333333333334,12.566666666666668
2005-05-15,3.256437405,15.5,17.133333333333333,9.766666666666667
2005-05-16,4.445744979,26.2,13.1,6.5
2005-05-17,4.927131378,8.4,12.166666666666666,6.133333333333333
2005-05-18,5.493468318,27.7,18.96666666666667,8.033333333333333
2005-05-19,6.342973728,3.0,16.933333333333334,7.733333333333333
2005-05-20,5.776636788,13.7,13.966666666666667,6.8
2005-05-21,5.408517777,5.6,15.866666666666667,5.8
2005-05-22,4.983765072,0.5,18.7,4.766666666666667
2005-05-23,4.24752705,0.0,20.866666666666667,2.4
2005-05-24,3.68119011,0.0,26.2,1.7
2005-05-25,3.228120558,0.0,31.133333333333336,4.0
2005-05-26,2.888318394,0.0,35.06666666666667,7.466666666666666
2005-05-27,2.605149924,0.5,37.166666666666664,9.933333333333334
2005-05-28,2.406931995,13.2,24.566666666666666,10.933333333333332
2005-05-29,2.350298301,0.8,17.7,9.933333333333332
2005-05-30,2.095446678,0.0,20.366666666666664,11.433333333333332
2005-05-31,1.98217929,7.1,18.566666666666666,10.033333333333333
2005-06-01,2.237030913,13.5,14.700000000000001,8.866666666666665
2005-06-02,2.26534776,1.0,17.900000000000002,8.366666666666667
2005-06-03,2.038812984,0.0,20.966666666666665,6.0
2005-06-04,1.868911902,0.5,21.266666666666666,3.3333333333333335
2005-06-05,1.98217929,15.0,12.833333333333334,6.3
2005-06-06,2.491882536,21.3,13.266666666666666,5.966666666666666
2005-06-07,3.907724886,20.8,14.533333333333333,4.866666666666667
2005-06-08,4.134259662,0.0,22.433333333333334,5.833333333333333
2005-06-09,3.426338487,0.0,24.96666666666667,5.2
2005-06-10,2.944952088,1.8,20.46666666666667,8.200000000000001
2005-06-11,2.803367853,1.8,17.0,8.333333333333334
2005-06-12,2.633466771,0.0,19.733333333333334,6.366666666666667
2005-06-13,2.378615148,2.0,21.8,10.566666666666668
2005-06-14,2.180397219,0.0,19.433333333333334,7.333333333333333
2005-06-15,2.010496137,0.0,25.433333333333334,5.3999999999999995
2005-06-16,1.98217929,16.0,17.1,9.1
2005-06-17,2.180397219,8.6,18.03333333333333,8.933333333333332
2005-06-18,2.067129831,3.6,21.2,9.0
2005-06-19,1.98217929,1.5,25.666666666666668,7.166666666666667
2005-06-20,2.010496137,0.0,26.400000000000002,9.833333333333334
2005-06-21,1.812278208,0.0,25.366666666666664,10.299999999999999
2005-06-22,1.69901082,0.0,22.133333333333336,8.566666666666666
2005-06-23,1.585743432,0.0,26.766666666666666,5.866666666666667
2005-06-24,1.500792891,0.0,27.53333333333333,8.766666666666666
2005-06-25,1.41584235,0.0,27.3,10.2
2005-06-26,1.330891809,0.0,23.8,8.066666666666666
2005-06-27,1.302574962,1.5,18.966666666666665,11.799999999999999
2005-06-28,1.330891809,0.5,23.166666666666668,10.266666666666666
2005-06-29,1.245941268,0.0,28.666666666666668,7.833333333333333
2005-06-30,1.189307574,0.0,30.333333333333332,11.166666666666666
2005-07-01,1.104357033,0.0,27.133333333333336,10.0
2005-07-02,1.076040186,0.0,24.133333333333336,8.533333333333333
2005-07-03,1.019406492,0.0,26.766666666666666,7.3
2005-07-04,0.991089645,0.0,29.46666666666667,7.633333333333333
2005-07-05,0.962772798,0.0,30.099999999999998,10.166666666666666
2005-07-06,0.934455951,1.8,24.0,14.9
2005-07-07,0.906139104,0.0,25.233333333333334,12.200000000000001
2005-07-08,0.8778222569999999,3.8,24.066666666666666,9.9
2005-07-09,0.906139104,1.0,22.666666666666668,13.233333333333334
2005-07-10,0.906139104,3.6,21.8,12.166666666666666
2005-07-11,0.8778222569999999,0.0,26.866666666666664,13.633333333333333
2005-07-12,0.821188563,0.0,25.400000000000002,11.833333333333334
2005-07-13,0.792871716,0.0,27.866666666666664,10.066666666666668
2005-07-14,0.764554869,0.0,32.86666666666667,9.0
2005-07-15,0.736238022,0.0,32.13333333333333,13.433333333333332
2005-07-16,0.707921175,0.0,29.166666666666668,11.9
2005-07-17,0.707921175,0.0,37.06666666666666,9.866666666666667
2005-07-18,0.6796043279999999,0.0,35.9,12.9
2005-07-19,0.651287481,0.0,32.833333333333336,12.200000000000001
2005-07-20,0.651287481,0.0,33.03333333333333,8.666666666666666
2005-07-21,0.622970634,0.0,37.23333333333333,11.233333333333334
2005-07-22,0.622970634,2.0,28.03333333333333,14.033333333333333
2005-07-23,0.5946537869999999,0.0,30.8,11.166666666666666
2005-07-24,0.5946537869999999,0.0,27.733333333333334,9.133333333333333
2005-07-25,0.56633694,0.0,29.099999999999998,7.233333333333333
2005-07-26,0.538020093,0.0,36.96666666666667,8.866666666666667
2005-07-27,0.538020093,0.0,38.8,9.700000000000001
2005-07-28,0.5097032459999999,0.0,34.0,12.966666666666667
2005-07-29,0.5097032459999999,0.0,33.233333333333334,11.733333333333334
2005-07-30,0.5097032459999999,0.0,34.699999999999996,10.799999999999999
2005-07-31,0.4813863989999999,0.0,34.6,11.4
2005-08-01,0.4813863989999999,0.0,28.099999999999998,12.266666666666666
2005-08-02,0.4813863989999999,0.0,29.633333333333336,10.799999999999999
2005-08-03,0.453069552,0.0,35.93333333333334,7.733333333333333
2005-08-04,0.453069552,0.0,36.699999999999996,10.433333333333332
2005-08-05,0.453069552,0.0,35.13333333333333,11.833333333333334
2005-08-06,0.453069552,0.0,34.1,11.533333333333333
2005-08-07,0.424752705,0.0,33.13333333333333,11.166666666666666
2005-08-08,0.424752705,0.0,33.13333333333333,11.6
2005-08-09,0.424752705,0.0,32.766666666666666,10.0
2005-08-10,0.424752705,0.0,30.900000000000002,9.1
2005-08-11,0.396435858,0.0,31.166666666666668,8.166666666666666
2005-08-12,0.396435858,0.0,30.933333333333334,7.566666666666666
2005-08-13,0.396435858,0.0,35.26666666666667,10.666666666666666
2005-08-14,0.396435858,0.0,35.93333333333334,9.133333333333333
2005-08-15,0.396435858,0.0,34.43333333333333,9.466666666666667
2005-08-16,0.396435858,0.0,31.866666666666664,10.6
2005-08-17,0.396435858,0.0,28.166666666666668,9.799999999999999
2005-08-18,0.396435858,0.0,29.766666666666666,8.9
2005-08-19,0.368119011,0.0,33.333333333333336,10.799999999999999
2005-08-20,0.368119011,0.0,34.86666666666667,11.1
2005-08-21,0.368119011,0.0,30.766666666666666,11.766666666666666
2005-08-22,0.368119011,0.0,28.03333333333333,11.466666666666667
2005-08-23,0.368119011,0.0,26.03333333333333,8.299999999999999
2005-08-24,0.368119011,0.0,32.53333333333333,5.1000000000000005
2005-08-25,0.3398021639999999,0.0,35.733333333333334,7.5
2005-08-26,0.3398021639999999,0.0,33.300000000000004,9.566666666666668
2005-08-27,0.3398021639999999,0.0,33.46666666666667,7.866666666666667
2005-08-28,0.3398021639999999,0.0,31.166666666666668,7.366666666666667
2005-08-29,0.3398021639999999,0.8,20.400000000000002,10.0
2005-08-30,0.3398021639999999,0.0,27.03333333333333,10.5
2005-08-31,0.3398021639999999,0.0,30.3,7.733333333333333
2005-09-01,0.3398021639999999,0.0,32.699999999999996,9.1
2005-09-02,0.3398021639999999,0.0,26.7,10.266666666666667
2005-09-03,0.3398021639999999,0.0,22.766666666666666,9.566666666666666
2005-09-04,0.3398021639999999,0.0,24.03333333333333,7.0
2005-09-05,0.3398021639999999,0.0,26.433333333333334,4.533333333333333
2005-09-06,0.311485317,0.0,27.333333333333332,6.033333333333334
2005-09-07,0.311485317,0.0,30.5,7.433333333333334
2005-09-08,0.311485317,0.0,30.5,7.8999999999999995
2005-09-09,0.311485317,9.1,17.933333333333334,9.5
2005-09-10,0.4813863989999999,19.3,14.966666666666667,7.7
2005-09-11,0.5097032459999999,0.0,19.366666666666667,5.533333333333334
2005-09-12,0.368119011,0.0,23.733333333333334,4.066666666666666
2005-09-13,0.3398021639999999,0.0,25.53333333333333,4.5
2005-09-14,0.3398021639999999,0.0,25.96666666666667,5.866666666666667
2005-09-15,0.3398021639999999,0.0,21.933333333333337,5.366666666666667
2005-09-16,0.3398021639999999,0.8,20.03333333333333,5.566666666666666
2005-09-17,0.3398021639999999,0.3,20.5,5.6000000000000005
2005-09-18,0.3398021639999999,0.0,25.233333333333334,2.733333333333333
2005-09-19,0.3398021639999999,0.0,26.96666666666667,4.5
2005-09-20,0.3398021639999999,0.0,24.866666666666664,5.033333333333333
2005-09-21,0.311485317,0.0,25.166666666666668,3.6666666666666665
2005-09-22,0.311485317,0.0,22.3,3.733333333333333
2005-09-23,0.311485317,0.0,19.133333333333333,3.8000000000000003
2005-09-24,0.311485317,0.0,21.166666666666668,0.39999999999999997
2005-09-25,0.311485317,0.0,25.066666666666666,0.39999999999999997
2005-09-26,0.311485317,0.0,27.7,2.233333333333333
2005-09-27,0.311485317,0.0,26.46666666666667,3.8000000000000003
2005-09-28,0.311485317,0.0,27.566666666666663,4.766666666666667
2005-09-29,0.311485317,0.0,27.9,4.699999999999999
2005-09-30,0.311485317,23.1,23.866666666666664,11.700000000000001
2005-10-01,0.84950541,19.6,13.166666666666666,7.3
2005-10-02,0.651287481,9.1,10.666666666666666,5.266666666666667
2005-10-03,0.622970634,15.5,12.733333333333334,5.133333333333333
2005-10-04,0.5946537869999999,0.3,14.933333333333332,4.366666666666667
2005-10-05,0.424752705,0.0,17.8,5.266666666666667
2005-10-06,0.368119011,0.3,20.866666666666667,4.166666666666667
2005-10-07,0.3398021639999999,2.3,15.700000000000001,5.533333333333334
2005-10-08,0.3398021639999999,6.1,16.96666666666667,5.733333333333333
2005-10-09,0.368119011,1.5,17.03333333333333,5.6000000000000005
2005-10-10,0.3398021639999999,0.0,19.966666666666665,3.1
2005-10-11,0.311485317,0.0,19.900000000000002,6.2
2005-10-12,0.311485317,0.0,20.333333333333332,3.8666666666666667
2005-10-13,0.28316847,0.0,20.7,7.266666666666667
2005-10-14,0.2803367853,6.4,20.866666666666667,4.5
2005-10-15,0.424752705,14.5,12.799999999999999,8.433333333333334
2005-10-16,0.4813863989999999,0.0,15.833333333333334,8.566666666666666
2005-10-17,0.368119011,0.0,19.233333333333334,5.466666666666666
2005-10-18,0.311485317,0.0,18.433333333333334,7.2
2005-10-19,0.424752705,11.7,13.6,9.933333333333334
2005-10-20,0.453069552,0.3,17.099999999999998,5.8999999999999995
2005-10-21,0.368119011,0.0,19.133333333333333,3.6333333333333333
2005-10-22,0.3398021639999999,0.0,18.8,4.066666666666666
2005-10-23,0.311485317,0.0,18.900000000000002,5.366666666666667
2005-10-24,0.311485317,0.0,20.066666666666666,8.333333333333334
2005-10-25,0.28316847,7.4,17.03333333333333,4.733333333333333
2005-10-26,0.396435858,6.1,12.433333333333332,1.3666666666666665
2005-10-27,0.368119011,6.9,11.066666666666668,-1.2
2005-10-28,0.5946537869999999,16.0,11.466666666666667,5.533333333333334
2005-10-29,0.5946537869999999,4.6,11.366666666666667,5.7
2005-10-30,0.5097032459999999,1.3,11.666666666666666,5.066666666666666
2005-10-31,0.651287481,25.4,12.4,7.3999999999999995
2005-11-01,2.237030913,18.8,12.433333333333332,6.3999999999999995
2005-11-02,1.642377126,0.3,9.533333333333333,4.833333333333333
2005-11-03,2.378615148,32.8,7.066666666666666,4.766666666666667
2005-11-04,3.539605875,32.0,7.266666666666667,3.7999999999999994
2005-11-05,7.872083465999999,55.9,8.866666666666667,2.0
2005-11-06,11.638224117,9.7,7.433333333333334,4.8
2005-11-07,5.804953635,7.9,5.8999999999999995,2.3000000000000003
2005-11-08,3.851091192,0.0,7.599999999999999,-1.4000000000000001
2005-11-09,2.916635241,0.0,9.6,-2.266666666666667
2005-11-10,2.491882536,5.3,12.0,-0.9666666666666667
2005-11-11,2.775051006,18.8,7.766666666666667,4.5
2005-11-12,3.68119011,14.5,6.633333333333333,3.266666666666667
2005-11-13,10.590500778,45.5,8.166666666666666,2.766666666666667
2005-11-14,10.958619789,0.0,10.633333333333333,-0.16666666666666666
2005-11-15,6.51287481,0.0,8.666666666666666,-1.5666666666666667
2005-11-16,4.672279755,0.0,10.633333333333333,-1.4666666666666668
2005-11-17,3.624556416,0.0,10.866666666666667,-1.2
2005-11-18,3.029902629,0.0,11.233333333333334,-1.4333333333333333
2005-11-19,2.633466771,0.0,11.5,-0.3666666666666667
2005-11-20,2.321981454,0.0,11.0,-0.7666666666666666
2005-11-21,2.038812984,0.0,11.6,-0.09999999999999999
2005-11-22,1.812278208,0.0,11.1,-0.5
2005-11-23,1.642377126,0.0,10.066666666666666,-0.8333333333333334
2005-11-24,1.500792891,7.6,8.5,-1.0666666666666667
2005-11-25,3.511289028,48.5,8.866666666666665,2.033333333333333
2005-11-26,3.96435858,6.6,4.833333333333333,0.20000000000000004
2005-11-27,3.143170017,3.8,2.4,-1.0333333333333334
2005-11-28,2.775051006,23.6,0.13333333333333333,-1.5333333333333332
2005-11-29,3.68119011,20.8,2.8333333333333335,-0.16666666666666666
2005-11-30,3.652873263,8.4,4.566666666666666,0.0
2005-12-01,5.040398766,35.3,3.3000000000000003,-0.10000000000000002
2005-12-02,5.918221023,40.6,1.9333333333333333,-0.16666666666666666
2005-12-03,4.672279755,12.2,2.1666666666666665,-0.19999999999999998
2005-12-04,3.68119011,0.3,3.4,-2.3333333333333335
2005-12-05,3.11485317,0.0,2.3666666666666667,-4.066666666666666
2005-12-06,2.746734159,0.0,2.2666666666666666,-4.133333333333334
2005-12-07,2.54851623,7.6,1.1666666666666667,-0.7000000000000001
2005-12-08,2.26534776,0.0,3.5,-1.9333333333333333
2005-12-09,2.123763525,0.0,3.4000000000000004,-2.9
2005-12-10,2.237030913,0.0,3.466666666666667,-3.266666666666667
2005-12-11,2.520199383,0.0,3.8000000000000003,-2.6999999999999997
2005-12-12,2.803367853,0.0,3.266666666666667,-3.266666666666667
2005-12-13,2.690100465,0.0,2.6666666666666665,-4.333333333333333
2005-12-14,2.463565689,0.0,2.1666666666666665,-6.333333333333333
2005-12-15,2.26534776,0.0,2.066666666666667,-6.366666666666667
2005-12-16,2.095446678,0.0,2.4,-6.366666666666667
2005-12-17,1.953862443,0.0,1.5,-6.733333333333333
2005-12-18,1.840595055,5.3,-0.03333333333333333,-6.433333333333334
2005-12-19,2.916635241,34.8,0.8666666666666667,-0.3333333333333333
2005-12-20,4.898814531,1.0,2.6999999999999997,0.0
2005-12-21,6.031488411,19.6,2.8333333333333335,0.3666666666666667
2005-12-22,14.979612063,37.1,9.633333333333333,2.0
2005-12-23,15.036245757,0.0,8.766666666666667,1.4333333333333333
2005-12-24,9.882579603,0.0,8.333333333333334,1.0666666666666667
2005-12-25,8.410103559,12.4,8.0,3.5666666666666664
2005-12-26,7.475647608,13.7,7.866666666666667,4.6000000000000005
2005-12-27,13.705353948,55.6,6.833333333333333,4.433333333333334
2005-12-28,24.041003103,43.2,7.266666666666666,2.766666666666667
2005-12-29,18.207732621,28.4,4.966666666666667,1.7333333333333334
2005-12-30,61.73072646,122.9,9.5,2.3000000000000003
2005-12-31,45.59012367,35.1,8.200000000000001,3.266666666666667
2006-01-01,22.115457507,3.0,7.099999999999999,2.3666666666666667
2006-01-02,13.02574962,5.1,7.433333333333334,3.0
2006-01-03,8.919806805,7.6,4.433333333333334,1.9666666666666668
2006-01-04,6.79604328,0.0,6.333333333333333,-0.5
2006-01-05,5.578418859,0.0,9.166666666666666,0.6666666666666666
2006-01-06,4.81386399,7.6,8.233333333333333,2.2666666666666666
2006-01-07,5.436834623999999,37.8,6.733333333333333,1.3999999999999997
2006-01-08,6.088122105,14.0,3.6999999999999997,0.39999999999999997
2006-01-09,7.900400313,47.2,4.933333333333334,1.2
2006-01-10,50.68715613,95.5,11.266666666666666,4.8
2006-01-11,37.94457498,35.3,6.966666666666666,2.1999999999999997
2006-01-12,19.142188572,25.9,4.233333333333333,2.8000000000000003
2006-01-13,19.085554878,29.5,6.866666666666667,4.066666666666666
2006-01-14,18.009514692,13.2,5.3,0.0
2006-01-15,12.544363221,4.6,3.1,-0.10000000000000002
2006-01-16,9.599411133,30.7,0.7999999999999999,-0.16666666666666666
2006-01-17,20.076644523,63.5,2.466666666666667,-0.06666666666666667
2006-01-18,17.301593517,10.9,4.3999999999999995,-0.16666666666666666
2006-01-19,11.723174658,9.9,4.5,0.9666666666666667
2006-01-20,10.222381767,35.1,3.0,-0.06666666666666667
2006-01-21,9.089707887,2.8,4.566666666666666,0.9666666666666667
2006-01-22,7.192479138,0.0,5.8999999999999995,-1.0333333333333334
2006-01-23,5.94653787,0.0,7.733333333333333,-1.7
2006-01-24,5.465151471,0.0,9.0,-1.2333333333333334
2006-01-25,5.266933541999999,5.1,5.0,-2.1666666666666665
2006-01-26,4.927131378,15.7,3.6333333333333333,0.6333333333333333
2006-01-27,4.927131378,24.9,4.466666666666667,0.0
2006-01-28,7.107528597,37.3,4.766666666666667,0.9333333333333332
2006-01-29,8.041984548,30.2,3.033333333333333,0.0
2006-01-30,13.223967549,28.2,7.2,0.6333333333333333
2006-01-31,12.402778986,56.6,2.966666666666667,-0.16666666666666666
2006-02-01,17.075058741,4.1,7.133333333333333,-0.03333333333333333
2006-02-02,13.478819172,23.9,5.633333333333333,1.8666666666666665
2006-02-03,15.177829992,4.6,8.866666666666667,4.033333333333333
2006-02-04,14.328324582,40.6,7.7,0.06666666666666667
2006-02-05,11.355055647,0.0,5.3999999999999995,-0.9666666666666668
2006-02-06,8.608321488,0.0,9.4,-1.3
2006-02-07,6.994261208999999,0.0,10.033333333333333,-2.1666666666666665
2006-02-08,6.173072646,0.0,11.866666666666667,-1.0999999999999999
2006-02-09,5.833270482,0.0,12.966666666666667,-1.4333333333333333
2006-02-10,5.295250389,0.0,10.9,-2.9
2006-02-11,4.700596602,0.0,9.333333333333334,-2.8666666666666667
2006-02-12,4.190893356,0.0,13.6,-1.2
2006-02-13,3.879408039,0.0,8.799999999999999,-1.8666666666666665
2006-02-14,3.624556416,4.1,3.8333333333333335,-2.1999999999999997
2006-02-15,3.341387946,0.0,3.6333333333333333,-5.033333333333334
2006-02-16,3.143170017,0.0,4.466666666666666,-7.5
2006-02-17,2.888318394,0.0,-1.0999999999999999,-8.533333333333333
2006-02-18,2.633466771,0.0,5.7,-9.133333333333333
2006-02-19,2.491882536,0.0,7.766666666666667,-10.833333333333334
2006-02-20,2.321981454,0.0,7.666666666666667,-9.266666666666666
2006-02-21,2.237030913,0.0,7.5,-0.7999999999999999
2006-02-22,2.152080372,0.0,12.266666666666666,-0.19999999999999998
2006-02-23,2.038812984,0.0,14.766666666666666,-0.5
2006-02-24,1.953862443,0.8,11.266666666666666,-2.466666666666667
2006-02-25,1.868911902,0.0,12.433333333333332,-3.233333333333333
2006-02-26,1.840595055,2.5,11.5,-0.2333333333333333
2006-02-27,2.718417312,29.2,8.666666666666666,4.6000000000000005
2006-02-28,4.077625968,32.0,5.566666666666666,2.0
2006-03-01,4.077625968,1.3,11.966666666666667,-0.3666666666666667
2006-03-02,3.624556416,1.8,10.566666666666666,-1.9666666666666668
2006-03-03,3.228120558,3.0,11.1,-2.6666666666666665
2006-03-04,2.944952088,0.0,11.966666666666667,-0.43333333333333335
2006-03-05,2.690100465,0.0,13.933333333333332,2.3666666666666667
2006-03-06,2.605149924,12.4,9.933333333333332,2.066666666666667
2006-03-07,2.661783618,6.1,7.833333333333333,1.8666666666666665
2006-03-08,2.775051006,33.3,2.966666666666667,-0.5
2006-03-09,2.973268935,19.6,2.8333333333333335,-0.7666666666666666
2006-03-10,2.718417312,3.3,5.833333333333333,-1.8333333333333333
2006-03-11,2.491882536,0.5,6.8,-2.6333333333333333
2006-03-12,2.293664607,0.3,6.8,-2.4
2006-03-13,2.208714066,2.0,6.466666666666666,-1.9000000000000001
2006-03-14,2.123763525,2.3,7.2,-1.1
2006-03-15,2.067129831,1.8,9.6,-0.03333333333333333
2006-03-16,2.293664607,13.2,5.933333333333334,1.1666666666666667
2006-03-17,2.633466771,12.7,9.466666666666667,0.6
2006-03-18,2.718417312,0.8,8.533333333333333,0.5333333333333333
2006-03-19,2.520199383,0.0,11.533333333333333,-2.3666666666666667
2006-03-20,2.321981454,2.3,11.866666666666667,-3.4
2006-03-21,2.378615148,15.0,7.7,1.8
2006-03-22,2.605149924,0.0,12.066666666666668,1.8
2006-03-23,2.661783618,0.0,15.133333333333335,1.4333333333333333
2006-03-24,3.029902629,4.3,13.166666666666666,3.8666666666666667
2006-03-25,3.313071099,21.8,5.066666666666666,1.9000000000000001
2006-03-26,3.369704793,1.5,11.033333333333333,-1.0
2006-03-27,3.256437405,0.0,15.866666666666665,-1.8
2006-03-28,3.228120558,1.3,15.566666666666668,3.1666666666666665
2006-03-29,3.313071099,7.6,11.233333333333334,1.5999999999999999
2006-03-30,3.284754252,4.1,13.0,3.9
2006-03-31,3.313071099,4.8,14.133333333333333,2.566666666666667
2006-04-01,3.369704793,8.9,10.966666666666667,2.6999999999999997
2006-04-02,3.313071099,3.0,10.766666666666666,2.733333333333333
2006-04-03,3.313071099,4.6,12.233333333333334,3.966666666666667
2006-04-04,3.39802164,0.0,15.866666666666667,2.5666666666666664
2006-04-05,3.369704793,7.1,8.666666666666666,4.7
2006-04-06,3.454655334,0.0,13.466666666666667,3.9666666666666663
2006-04-07,3.369704793,1.8,18.766666666666666,3.8333333333333335
2006-04-08,3.709506957,7.9,12.633333333333333,4.833333333333333
2006-04-09,3.794457498,4.6,12.6,2.3666666666666667
2006-04-10,3.794457498,2.8,13.200000000000001,3.033333333333333
2006-04-11,3.596239569,2.5,15.6,4.166666666666667
2006-04-12,3.567922722,0.5,18.266666666666666,3.6333333333333333
2006-04-13,3.851091192,5.1,16.2,7.966666666666668
2006-04-14,4.927131378,15.5,10.133333333333333,3.366666666666667
2006-04-15,6.031488411,24.4,5.066666666666666,0.23333333333333336
2006-04-16,5.6633694,1.0,12.5,0.5666666666666667
2006-04-17,4.842180837,9.1,9.299999999999999,2.266666666666667
2006-04-18,4.24752705,0.0,17.433333333333334,0.7333333333333334
2006-04-19,3.96435858,0.0,22.333333333333332,-0.5666666666666667
2006-04-20,4.020992274,0.8,22.266666666666666,2.6999999999999997
2006-04-21,4.615646061,0.5,14.700000000000001,0.16666666666666666
2006-04-22,4.360794438,0.0,18.5,-2.1999999999999997
2006-04-23,3.907724886,0.0,22.333333333333332,1.5333333333333332
2006-04-24,3.766140651,0.0,23.400000000000002,0.7333333333333334
2006-04-25,3.596239569,0.0,23.433333333333334,0.6333333333333333
2006-04-26,3.539605875,0.0,19.333333333333332,1.4666666666666668
2006-04-27,3.567922722,0.0,26.066666666666666,2.1333333333333333
2006-04-28,4.219210203,0.0,30.433333333333334,5.333333333333333
2006-04-29,5.040398766,0.0,23.133333333333336,4.133333333333334
2006-04-30,4.559012367,0.0,20.733333333333334,0.5
2006-05-01,3.766140651,0.0,18.966666666666665,0.7666666666666666
2006-05-02,3.256437405,0.0,22.166666666666668,-2.066666666666667
2006-05-03,2.973268935,0.0,25.03333333333333,-0.20000000000000004
2006-05-04,2.860001547,0.0,26.599999999999998,2.3666666666666667
2006-05-05,2.8316847,0.0,26.3,1.9666666666666668
2006-05-06,2.860001547,0.0,19.966666666666665,4.666666666666667
2006-05-07,2.888318394,10.9,11.200000000000001,7.966666666666666
2006-05-08,3.058219476,0.5,15.233333333333334,1.4000000000000001
2006-05-09,2.718417312,0.0,22.366666666666664,-1.4333333333333333
2006-05-10,2.576833077,0.0,26.933333333333334,2.5
2006-05-11,2.690100465,0.0,23.03333333333333,6.2
2006-05-12,2.576833077,0.0,20.3,3.3000000000000003
2006-05-13,2.406931995,0.0,24.733333333333334,1.3666666666666665
2006-05-14,2.435248842,0.0,31.433333333333337,3.733333333333333
2006-05-15,2.718417312,0.0,36.85,8.25
2006-05-16,2.944952088,0.0,31.633333333333336,10.1
2006-05-17,2.944952088,0.0,34.9,10.4
2006-05-18,2.860001547,0.0,32.833333333333336,11.933333333333332
2006-05-19,2.491882536,4.3,24.799999999999997,12.45
2006-05-20,2.406931995,10.2,21.8,10.333333333333334
2006-05-21,2.123763525,3.6,23.166666666666668,9.5
2006-05-22,2.010496137,2.3,18.8,9.466666666666667
2006-05-23,1.868911902,15.2,21.099999999999998,9.1
2006-05-24,2.26534776,10.2,13.633333333333333,8.933333333333334
2006-05-25,2.123763525,7.9,14.4,7.133333333333333
2006-05-26,2.718417312,15.0,12.4,5.7
2006-05-27,2.690100465,12.2,10.033333333333333,5.3999999999999995
2006-05-28,3.313071099,15.5,13.133333333333333,6.2
2006-05-29,3.341387946,0.0,21.2,6.466666666666666
2006-05-30,2.803367853,0.0,26.733333333333334,3.9
2006-05-31,2.378615148,0.0,23.46666666666667,7.8999999999999995
2006-06-01,2.208714066,11.9,19.633333333333336,11.366666666666667
2006-06-02,3.143170017,16.3,19.0,13.066666666666668
2006-06-03,3.313071099,2.3,23.133333333333336,12.466666666666667
2006-06-04,3.313071099,9.4,19.833333333333332,12.366666666666667
2006-06-05,3.11485317,0.0,25.266666666666666,12.466666666666667
2006-06-06,2.661783618,0.0,24.2,12.5
2006-06-07,2.350298301,0.0,23.133333333333336,9.733333333333333
2006-06-08,2.095446678,0.0,19.433333333333334,6.3
2006-06-09,1.897228749,0.0,21.333333333333332,5.3999999999999995
2006-06-10,1.755644514,0.0,22.866666666666664,9.9
2006-06-11,1.642377126,3.3,29.133333333333336,8.6
2006-06-12,1.642377126,7.6,21.666666666666668,12.833333333333334
2006-06-13,1.642377126,2.8,16.96666666666667,11.5
2006-06-14,1.727327667,1.3,18.766666666666666,10.466666666666667
2006-06-15,1.69901082,0.3,21.53333333333333,10.266666666666667
2006-06-16,1.670693973,3.0,19.533333333333335,10.166666666666666
2006-06-17,1.642377126,0.0,23.3,8.700000000000001
2006-06-18,1.500792891,0.0,22.599999999999998,6.166666666666667
2006-06-19,1.41584235,0.0,22.133333333333336,6.166666666666667
2006-06-20,1.3592086559999998,0.0,23.866666666666664,4.566666666666666
2006-06-21,1.274258115,0.0,23.8,4.8999999999999995
2006-06-22,1.217624421,0.0,27.166666666666668,5.2
2006-06-23,1.160990727,0.0,30.133333333333336,7.566666666666666
2006-06-24,1.104357033,0.0,37.03333333333333,8.9
2006-06-25,1.047723339,0.0,39.93333333333334,11.0
2006-06-26,0.991089645,0.0,40.800000000000004,12.700000000000001
2006-06-27,0.962772798,0.0,33.23333333333333,15.233333333333334
2006-06-28,0.934455951,0.0,30.866666666666664,13.066666666666668
2006-06-29,1.245941268,21.3,26.0,15.166666666666666
2006-06-30,1.076040186,2.8,33.53333333333333,13.1
2006-07-01,1.019406492,0.0,32.0,12.433333333333332
2006-07-02,0.934455951,0.0,31.366666666666664,12.533333333333333
2006-07-03,0.8778222569999999,0.3,31.066666666666666,12.4
2006-07-04,0.962772798,0.0,28.333333333333332,14.4
2006-07-05,0.8778222569999999,0.0,18.333333333333332,12.833333333333334
2006-07-06,0.84950541,0.0,18.766666666666666,9.299999999999999
2006-07-07,0.821188563,0.0,28.666666666666668,6.3
2006-07-08,0.792871716,0.0,31.933333333333334,9.5
2006-07-09,0.764554869,0.0,31.400000000000002,12.066666666666668
2006-07-10,0.736238022,0.0,26.733333333333334,12.866666666666667
2006-07-11,0.707921175,0.0,25.599999999999998,12.799999999999999
2006-07-12,0.707921175,1.8,22.96666666666667,13.200000000000001
2006-07-13,0.707921175,0.0,28.96666666666667,12.366666666666667
2006-07-14,0.6796043279999999,0.0,30.766666666666666,9.566666666666666
2006-07-15,0.651287481,0.0,28.866666666666664,9.733333333333334
2006-07-16,0.622970634,0.0,31.3,10.766666666666666
2006-07-17,0.622970634,0.0,29.5,9.299999999999999
2006-07-18,0.5946537869999999,0.0,28.23333333333333,7.933333333333333
2006-07-19,0.56633694,0.0,30.366666666666664,7.1000000000000005
2006-07-20,0.56633694,0.0,36.166666666666664,9.233333333333334
2006-07-21,0.538020093,0.0,41.36666666666667,13.6
2006-07-22,0.538020093,0.0,36.76666666666667,19.599999999999998
2006-07-23,0.5097032459999999,0.0,40.36666666666667,16.566666666666666
2006-07-24,0.5097032459999999,0.0,37.63333333333333,15.6
2006-07-25,0.5097032459999999,0.0,34.5,11.799999999999999
2006-07-26,0.4813863989999999,0.0,34.96666666666667,10.799999999999999
2006-07-27,0.4813863989999999,0.0,31.677777777777777,10.144444444444444
2006-07-28,0.453069552,0.0,28.38888888888889,9.488888888888889
2006-07-29,0.453069552,0.0,25.099999999999998,8.833333333333334
2006-07-30,0.424752705,0.0,22.933333333333334,7.866666666666667
2006-07-31,0.424752705,0.0,24.6,5.35
2006-08-01,0.424752705,0.0,26.633333333333336,5.933333333333334
2006-08-02,0.424752705,0.0,27.733333333333334,7.3
2006-08-03,0.396435858,0.0,28.2,11.9
2006-08-04,0.396435858,0.0,29.53333333333333,7.933333333333334
2006-08-05,0.396435858,0.0,32.96666666666667,8.566666666666666
2006-08-06,0.396435858,0.0,33.266666666666666,10.766666666666666
2006-08-07,0.396435858,0.0,32.766666666666666,12.733333333333334
2006-08-08,0.424752705,21.6,26.950000000000003,11.95
2006-08-09,0.396435858,0.0,30.6,9.4
2006-08-10,0.368119011,0.0,27.96666666666667,10.799999999999999
2006-08-11,0.368119011,0.0,25.6,8.6
2006-08-12,0.368119011,0.0,28.3,6.8
2006-08-13,0.3398021639999999,0.0,34.1,7.933333333333334
2006-08-14,0.3398021639999999,0.0,31.166666666666668,9.133333333333333
2006-08-15,0.3398021639999999,0.0,25.733333333333334,9.733333333333333
2006-08-16,0.3398021639999999,0.0,20.866666666666664,7.533333333333334
2006-08-17,0.311485317,0.0,28.03333333333333,9.700000000000001
2006-08-18,0.311485317,0.0,35.9,9.2
2006-08-19,0.311485317,0.0,35.86666666666667,9.733333333333334
2006-08-20,0.28316847,0.0,35.800000000000004,9.533333333333333
2006-08-21,0.28316847,0.0,29.099999999999998,10.4
2006-08-22,0.28316847,0.0,30.066666666666666,9.466666666666667
2006-08-23,0.28316847,0.0,26.766666666666666,9.200000000000001
2006-08-24,0.2803367853,0.0,26.0,9.5
2006-08-25,0.2746734159,0.0,32.45,6.4
2006-08-26,0.2690100465,0.0,36.0,7.45
2006-08-27,0.2661783618,0.0,37.9,10.05
2006-08-28,0.2605149924,0.0,36.05,11.5
2006-08-29,0.2605149924,0.0,24.799999999999997,8.85
2006-08-30,0.2633466771,0.0,21.6,5.45
2006-08-31,0.2605149924,0.0,31.849999999999998,2.55
2006-09-01,0.2548516229999999,0.0,37.23333333333333,6.633333333333333
2006-09-02,0.2463565688999999,0.0,37.4,8.45
2006-09-03,0.2463565688999999,0.0,35.45,10.05
2006-09-04,0.2463565688999999,0.0,32.85,9.65
2006-09-05,0.2435248841999999,0.0,33.3,10.2
2006-09-06,0.2406931994999999,0.0,31.1,9.95
2006-09-07,0.2378615148,0.0,30.6,7.75
2006-09-08,0.2378615148,0.0,27.950000000000003,8.05
2006-09-09,0.2350298301,0.0,24.65,8.399999999999999
2006-09-10,0.2350298301,0.0,30.25,5.4
2006-09-11,0.2321981453999999,0.0,31.8,7.9
2006-09-12,0.2237030913,0.0,31.799999999999997,8.3
2006-09-13,0.2237030913,0.0,26.8,7.4
2006-09-14,0.226534776,13.5,16.566666666666666,7.366666666666667
2006-09-15,0.5097032459999999,17.3,12.866666666666667,5.233333333333333
2006-09-16,0.396435858,5.6,16.766666666666666,5.3999999999999995
2006-09-17,0.311485317,0.0,23.7,3.4
2006-09-18,0.2746734159,0.8,18.0,7.066666666666666
2006-09-19,0.311485317,3.8,14.1,8.733333333333333
2006-09-20,0.3398021639999999,14.7,17.099999999999998,8.866666666666667
2006-09-21,0.5946537869999999,2.3,12.666666666666666,7.733333333333333
2006-09-22,0.368119011,0.0,18.433333333333334,5.1000000000000005
2006-09-23,0.28316847,0.0,23.900000000000002,2.6666666666666665
2006-09-24,0.2718417312,0.0,25.733333333333334,4.166666666666667
2006-09-25,0.2605149924,0.0,26.833333333333332,4.533333333333333
2006-09-26,0.2520199383,0.0,27.5,5.866666666666667
2006-09-27,0.2463565688999999,0.0,26.633333333333336,6.2
2006-09-28,0.2406931994999999,0.0,27.166666666666668,5.933333333333334
2006-09-29,0.2350298301,0.0,27.366666666666664,5.2
2006-09-30,0.2321981453999999,0.0,25.133333333333336,6.633333333333333
2006-10-01,0.2293664607,0.0,22.900000000000002,5.233333333333333
2006-10-02,0.2293664607,0.0,23.333333333333332,4.533333333333333
2006-10-03,0.2293664607,0.0,17.933333333333334,5.6000000000000005
2006-10-04,0.2293664607,0.0,21.166666666666668,5.0
2006-10-05,0.2293664607,0.0,22.5,3.3000000000000003
2006-10-06,0.2208714066,0.3,17.233333333333334,6.666666666666667
2006-10-07,0.2208714066,0.0,18.599999999999998,3.9666666666666663
2006-10-08,0.2208714066,0.0,21.7,1.8333333333333333
2006-10-09,0.2123763525,0.0,21.333333333333332,5.233333333333333
2006-10-10,0.2038812984,0.0,23.666666666666668,1.3
2006-10-11,0.2010496137,0.0,22.933333333333334,0.6666666666666666
2006-10-12,0.2010496137,0.0,23.900000000000002,2.1999999999999997
2006-10-13,0.2010496137,0.0,24.066666666666663,2.8333333333333335
2006-10-14,0.2010496137,0.0,22.46666666666667,3.033333333333333
2006-10-15,0.2378615148,19.8,11.433333333333332,6.433333333333334
2006-10-16,0.8778222569999999,30.2,14.85,7.95
2006-10-17,0.4813863989999999,0.5,15.433333333333332,6.566666666666666
2006-10-18,0.3398021639999999,0.8,13.466666666666667,5.8999999999999995
2006-10-19,0.424752705,10.9,13.933333333333332,9.533333333333333
2006-10-20,0.453069552,0.0,15.466666666666667,3.9666666666666663
2006-10-21,0.3398021639999999,0.0,15.066666666666668,1.2333333333333334
2006-10-22,0.28316847,0.3,16.833333333333332,1.4000000000000001
2006-10-23,0.2661783618,0.0,16.96666666666667,1.8
2006-10-24,0.2775051006,4.6,10.566666666666666,5.1000000000000005
2006-10-25,0.3398021639999999,1.0,11.133333333333333,0.5333333333333333
2006-10-26,0.28316847,0.0,12.6,-1.3
2006-10-27,0.2633466771,0.0,15.700000000000001,-0.5
2006-10-28,0.2548516229999999,0.0,14.466666666666667,-0.7000000000000001
2006-10-29,0.2491882536,1.0,8.666666666666666,-0.7333333333333334
2006-10-30,0.2463565688999999,0.0,9.733333333333333,-2.9
2006-10-31,0.2406931994999999,0.0,7.966666666666668,-4.6000000000000005
2006-11-01,0.2350298301,0.3,7.8999999999999995,-3.9
2006-11-02,0.4813863989999999,26.2,10.1,3.6
2006-11-03,0.962772798,24.6,11.266666666666666,7.733333333333333
2006-11-04,1.387525503,29.5,11.799999999999999,8.933333333333334
2006-11-05,6.824360126999999,72.1,14.200000000000001,11.433333333333332
2006-11-06,4.332477591,9.7,17.366666666666667,12.533333333333333
2006-11-07,18.066148386,85.1,15.0,7.8
2006-11-08,12.827531691,24.9,8.700000000000001,3.3000000000000003
2006-11-09,7.249112832,10.4,6.533333333333334,2.9
2006-11-10,5.210299848,18.8,5.8999999999999995,2.2333333333333334
2006-11-11,4.81386399,9.1,6.466666666666666,1.8333333333333333
2006-11-12,4.615646061,37.1,8.0,1.0666666666666667
2006-11-13,16.537038648,40.1,8.133333333333333,4.433333333333334
2006-11-14,13.252284396,1.8,7.766666666666667,1.8333333333333333
2006-11-15,9.372876357,30.5,10.633333333333333,2.033333333333333
2006-11-16,16.055652248999998,0.8,9.833333333333334,3.0
2006-11-17,8.749905723,0.0,8.633333333333333,1.8666666666666665
2006-11-18,6.031488411,0.0,9.4,1.3666666666666665
2006-11-19,5.238616695,21.8,8.833333333333334,3.9
2006-11-20,6.003171564,3.6,12.0,3.4333333333333336
2006-11-21,5.465151471,21.8,5.733333333333333,2.033333333333333
2006-11-22,7.192479138,40.1,4.966666666666666,1.6666666666666667
2006-11-23,8.070301395,47.8,3.6666666666666665,0.3
2006-11-24,10.222381767,41.1,5.7,2.8333333333333335
2006-11-25,9.457826898,1.8,5.8,1.0333333333333334
2006-11-26,7.843766619,42.9,3.8000000000000003,-0.06666666666666667
2006-11-27,7.532281301999999,19.1,1.0333333333333334,-1.9333333333333333
2006-11-28,5.521785165,3.8,0.9333333333333332,-2.6666666666666665
2006-11-29,4.360794438,0.0,0.8666666666666667,-7.0
2006-11-30,4.360794438,16.0,0.8666666666666667,-0.3333333333333333
2006-12-01,4.474061826,0.0,5.566666666666666,-1.3333333333333333
2006-12-02,3.992675427,0.0,3.266666666666667,-3.1
2006-12-03,3.567922722,0.0,3.5,-3.5666666666666664
2006-12-04,3.228120558,0.0,2.1999999999999997,-2.4
2006-12-05,3.029902629,0.0,2.6666666666666665,-2.266666666666667
2006-12-06,3.086536323,0.0,3.8333333333333335,-2.3000000000000003
2006-12-07,3.426338487,0.0,5.900000000000001,-1.7333333333333334
2006-12-08,3.879408039,0.0,2.8000000000000003,-0.6333333333333333
2006-12-09,4.672279755,6.9,8.3,0.3
2006-12-10,5.012081919,6.6,5.8,1.0666666666666667
2006-12-11,5.748319941,19.8,7.033333333333334,2.6
2006-12-12,8.608321488,27.2,6.966666666666666,4.866666666666667
2006-12-13,31.99803711,71.1,11.166666666666666,5.5
2006-12-14,40.77625968,62.5,12.666666666666666,4.466666666666666
2006-12-15,24.239221032,20.8,5.033333333333333,-1.3666666666666665
2006-12-16,13.280601243,0.0,1.2,-3.233333333333333
2006-12-17,8.636638334999999,0.0,1.0666666666666667,-5.466666666666666
2006-12-18,6.173072646,0.0,1.7,-5.966666666666666
2006-12-19,4.870497684,0.0,1.3,-4.833333333333333
2006-12-20,4.105942815,2.5,0.7666666666666666,-4.133333333333334
2006-12-21,4.587329214,21.6,4.566666666666666,-0.6
2006-12-22,3.992675427,0.8,3.466666666666667,-0.5
2006-12-23,6.201389493,20.3,6.133333333333333,0.5333333333333333
2006-12-24,6.682775892,14.7,5.066666666666666,-0.2333333333333333
2006-12-25,12.544363221,57.9,5.033333333333334,1.2333333333333334
2006-12-26,19.736842359,28.4,7.5,2.2333333333333334
2006-12-27,14.951295216,13.5,4.166666666666667,-0.3666666666666667
2006-12-28,9.967530144,0.0,2.1,-2.6333333333333333
2006-12-29,7.192479138,0.0,1.5999999999999999,-3.0666666666666664
2006-12-30,5.550102012,0.0,1.9000000000000001,-2.0666666666666664
2006-12-31,4.559012367,0.0,4.166666666666667,-1.8333333333333333
2007-01-01,3.822774345,0.0,2.9333333333333336,-2.1666666666666665
2007-01-02,3.454655334,20.6,5.7,0.10000000000000002
2007-01-03,15.460998462,85.3,7.566666666666666,2.6666666666666665
2007-01-04,13.761987642,28.2,2.6666666666666665,-0.3
2007-01-05,9.146341581,13.7,1.6000000000000003,-0.7000000000000001
2007-01-06,7.475647608,32.8,3.3666666666666667,0.0
2007-01-07,7.503964455,23.9,5.733333333333333,1.2333333333333334
2007-01-08,10.137431226,8.1,8.766666666666667,2.433333333333333
2007-01-09,9.202975275,9.9,7.8999999999999995,1.0
2007-01-10,8.21188563,14.2,2.1333333333333333,-2.1
2007-01-11,6.626142198,1.3,2.5666666666666664,-7.8
2007-01-12,5.38020093,0.0,-0.16666666666666666,-11.066666666666668
2007-01-13,4.587329214,0.0,0.5333333333333333,-11.033333333333333
2007-01-14,3.907724886,0.0,2.5,-8.833333333333334
2007-01-15,3.482972181,0.0,2.9333333333333336,-9.299999999999999
2007-01-16,3.171486864,5.8,0.0,-6.233333333333333
2007-01-17,2.775051006,0.0,3.233333333333334,-3.033333333333333
2007-01-18,2.520199383,0.0,3.466666666666667,-2.1999999999999997
2007-01-19,2.406931995,4.3,2.0,-1.5
2007-01-20,2.406931995,3.8,3.9,-1.6666666666666667
2007-01-21,2.208714066,0.0,4.2,-2.0666666666666664
2007-01-22,2.095446678,0.0,4.7,-3.1
2007-01-23,2.038812984,0.0,5.733333333333333,-1.7333333333333334
2007-01-24,2.010496137,0.0,5.5,-2.766666666666667
2007-01-25,2.038812984,0.0,5.0,-3.5666666666666664
2007-01-26,2.010496137,0.0,3.633333333333333,-3.6
2007-01-27,1.98217929,0.0,8.666666666666666,-3.733333333333333
2007-01-28,1.925545596,0.0,4.833333333333333,-5.833333333333333
2007-01-29,1.868911902,0.0,5.233333333333333,-4.8999999999999995
2007-01-30,1.812278208,0.0,5.166666666666667,-4.0
2007-01-31,1.783961361,0.0,5.166666666666667,-5.2
2007-02-01,1.69901082,0.0,6.666666666666667,-5.533333333333334
2007-02-02,1.614060279,0.0,6.166666666666667,-5.566666666666666
2007-02-03,1.557426585,0.0,2.966666666666667,-3.533333333333333
2007-02-04,1.585743432,0.0,10.833333333333334,-1.0
2007-02-05,1.783961361,0.0,10.5,-0.43333333333333335
2007-02-06,2.010496137,0.0,12.6,-0.9
2007-02-07,2.095446678,9.7,7.400000000000001,-0.10000000000000002
2007-02-08,2.293664607,4.6,8.133333333333333,-0.23333333333333336
2007-02-09,2.321981454,3.6,11.133333333333333,-0.19999999999999998
2007-02-10,2.321981454,15.0,6.633333333333333,-1.0333333333333334
2007-02-11,3.086536323,16.3,7.733333333333333,2.966666666666667
2007-02-12,3.199803711,3.3,10.3,2.033333333333333
2007-02-13,2.944952088,3.6,9.799999999999999,2.3
2007-02-14,2.803367853,23.4,7.1000000000000005,2.8333333333333335
2007-02-15,11.638224117,82.8,10.466666666666667,4.7
2007-02-16,18.179415774,18.0,11.0,7.766666666666667
2007-02-17,12.45941268,0.0,14.533333333333333,4.4
2007-02-18,8.551687794,14.0,6.833333333333333,2.3666666666666667
2007-02-19,6.597825351,20.1,5.3999999999999995,2.566666666666667
2007-02-20,8.070301395,32.0,5.1,0.6333333333333333
2007-02-21,7.220795985,9.9,3.3,-0.4
2007-02-22,5.804953635,7.1,4.666666666666667,-0.06666666666666667
2007-02-23,4.842180837,14.0,3.0666666666666664,-0.06666666666666667
2007-02-24,4.559012367,24.1,1.0999999999999999,-0.13333333333333333
2007-02-25,4.927131378,12.7,3.4333333333333336,0.03333333333333333
2007-02-26,4.672279755,0.5,7.0,-0.6333333333333333
2007-02-27,3.992675427,6.9,4.133333333333334,-0.7666666666666666
2007-02-28,3.39802164,12.4,3.4333333333333336,-0.16666666666666666
2007-03-01,3.058219476,22.6,2.566666666666667,-0.13333333333333333
2007-03-02,3.171486864,31.0,1.9666666666666668,-0.10000000000000002
2007-03-03,4.219210203,2.0,11.166666666666666,-0.39999999999999997
2007-03-04,5.238616695,0.0,12.833333333333334,-0.5333333333333333
2007-03-05,6.003171564,0.0,14.233333333333334,0.13333333333333333
2007-03-06,6.22970634,0.0,16.2,-1.1666666666666667
2007-03-07,6.597825351,9.1,8.6,1.0666666666666667
2007-03-08,6.597825351,1.0,11.866666666666667,1.4666666666666668
2007-03-09,6.088122105,17.8,7.733333333333333,3.3333333333333335
2007-03-10,6.003171564,1.5,13.9,4.433333333333334
2007-03-11,6.880993821,2.5,21.066666666666666,7.233333333333333
2007-03-12,9.457826898,10.9,13.9,6.3
2007-03-13,10.024163838,0.3,14.433333333333332,4.966666666666667
2007-03-14,7.64554869,0.0,14.366666666666667,0.3
2007-03-15,5.918221023,0.0,18.96666666666667,-1.5666666666666667
2007-03-16,4.955448225,0.0,23.0,0.3
2007-03-17,4.842180837,0.8,23.900000000000002,2.4
2007-03-18,5.068715613,1.5,19.766666666666666,9.4
2007-03-19,5.040398766,21.6,14.433333333333332,5.266666666666667
2007-03-20,5.465151471,14.0,9.833333333333334,1.0
2007-03-21,4.53069552,0.0,14.299999999999999,-0.3333333333333333
2007-03-22,3.96435858,0.0,19.766666666666666,-0.19999999999999998
2007-03-23,3.567922722,0.0,21.0,3.4
2007-03-24,3.39802164,1.0,19.5,6.333333333333333
2007-03-25,4.53069552,21.3,12.666666666666666,0.9333333333333332
2007-03-26,4.360794438,12.7,10.200000000000001,-0.5333333333333333
2007-03-27,3.879408039,2.8,6.633333333333333,1.6666666666666667
2007-03-28,3.426338487,0.3,13.299999999999999,-0.10000000000000002
2007-03-29,3.11485317,0.0,20.866666666666667,-1.6333333333333335
2007-03-30,2.916635241,2.5,21.25,1.75
2007-03-31,2.944952088,7.9,11.666666666666666,4.366666666666666
2007-04-01,3.001585782,0.0,13.533333333333333,2.1999999999999997
2007-04-02,2.690100465,0.0,14.033333333333333,-0.13333333333333333
2007-04-03,2.463565689,0.0,16.033333333333335,-2.1
2007-04-04,2.321981454,0.0,18.700000000000003,4.55
2007-04-05,2.293664607,0.0,29.5,1.95
2007-04-06,2.435248842,2.5,30.5,4.766666666666667
2007-04-07,3.11485317,17.8,15.366666666666665,6.833333333333333
2007-04-08,2.973268935,12.4,18.0,5.466666666666666
2007-04-09,3.737823804,26.4,10.033333333333333,3.466666666666667
2007-04-10,3.454655334,0.0,15.766666666666666,2.266666666666667
2007-04-11,3.199803711,15.0,11.4,1.7333333333333334
2007-04-12,3.11485317,8.1,9.6,2.266666666666667
2007-04-13,3.001585782,1.0,20.866666666666664,4.333333333333333
2007-04-14,3.11485317,7.9,11.433333333333332,4.5
2007-04-15,3.001585782,0.3,17.333333333333332,1.5999999999999999
2007-04-16,2.860001547,5.1,11.633333333333333,-0.4666666666666666
2007-04-17,3.001585782,8.6,10.666666666666666,2.733333333333333
2007-04-18,2.916635241,8.4,10.833333333333334,1.8333333333333333
2007-04-19,2.8316847,0.0,16.366666666666664,1.0666666666666667
2007-04-20,2.690100465,0.0,19.900000000000002,-1.5
2007-04-21,2.860001547,20.6,9.366666666666667,3.8000000000000003
2007-04-22,3.369704793,3.3,17.633333333333336,5.666666666666667
2007-04-23,3.256437405,0.3,22.8,6.066666666666666
2007-04-24,3.029902629,0.0,21.900000000000002,5.666666666666667
2007-04-25,2.888318394,0.0,18.099999999999998,4.6000000000000005
2007-04-26,2.690100465,0.0,23.733333333333334,1.7333333333333334
2007-04-27,2.520199383,0.0,30.600000000000005,3.033333333333333
2007-04-28,2.520199383,0.0,27.566666666666666,7.833333333333333
2007-04-29,2.435248842,0.0,21.8,5.466666666666666
2007-04-30,2.321981454,0.0,22.1,3.25
2007-05-01,2.208714066,4.3,13.7,6.65
2007-05-02,2.406931995,22.9,10.2,2.5
2007-05-03,2.406931995,11.7,10.0,1.5
2007-05-04,2.293664607,6.4,11.35,3.75
2007-05-05,2.180397219,0.0,15.850000000000001,2.75
2007-05-06,2.095446678,0.0,20.65,3.65
2007-05-07,2.123763525,0.3,30.5,8.2
2007-05-08,2.237030913,0.0,28.799999999999997,7.4
2007-05-09,2.208714066,0.0,22.5,7.65
2007-05-10,2.067129831,0.0,22.65,4.7
2007-05-11,1.953862443,0.0,21.85,3.75
2007-05-12,1.868911902,0.0,12.55,6.7
2007-05-13,1.727327667,0.0,18.65,5.1
2007-05-14,1.642377126,0.0,30.85,2.35
2007-05-15,1.614060279,0.0,29.1,5.9
2007-05-16,1.557426585,0.0,24.25,8.100000000000001
2007-05-17,1.500792891,0.0,23.95,5.3
2007-05-18,1.41584235,0.3,25.3,5.5
2007-05-19,1.3592086559999998,0.3,18.9,8.45
2007-05-20,1.41584235,17.3,11.4,5.7
2007-05-21,1.41584235,8.9,13.65,4.9
2007-05-22,1.41584235,0.0,20.1,5.1
2007-05-23,1.302574962,0.3,24.65,3.5
2007-05-24,1.245941268,0.0,25.9,6.65
2007-05-25,1.189307574,0.0,24.6,8.0
2007-05-26,1.13267388,0.0,29.3,10.600000000000001
2007-05-27,1.104357033,0.0,16.45,4.65
2007-05-28,1.076040186,0.0,23.9,1.35
2007-05-29,1.047723339,0.0,32.7,4.55
2007-05-30,1.019406492,0.0,32.5,7.8500000000000005
2007-05-31,0.991089645,0.0,30.65,9.15
2007-06-01,0.962772798,0.0,30.15,10.45
2007-06-02,0.934455951,0.0,30.3,12.35
2007-06-03,0.8778222569999999,0.0,31.0,12.45
2007-06-04,0.8778222569999999,2.8,27.049999999999997,11.35
2007-06-05,1.104357033,20.3,13.5,6.2
2007-06-06,1.160990727,8.9,13.05,5.85
2007-06-07,1.076040186,0.3,16.6,6.0
2007-06-08,0.991089645,0.0,23.5,3.35
2007-06-09,0.962772798,10.4,15.55,7.7
2007-06-10,1.189307574,0.8,17.8,8.95
2007-06-11,1.076040186,0.0,19.15,5.7
2007-06-12,0.991089645,0.0,25.85,3.35
2007-06-13,0.934455951,0.0,24.049999999999997,10.25
2007-06-14,0.8778222569999999,0.0,24.25,10.95
2007-06-15,0.84950541,0.0,25.55,9.45
2007-06-16,0.84950541,0.0,20.049999999999997,7.35
2007-06-17,0.821188563,0.0,22.95,4.15
2007-06-18,0.792871716,0.0,24.4,5.95
2007-06-19,0.792871716,0.0,30.5,7.4
2007-06-20,0.764554869,0.0,29.7,8.65
2007-06-21,0.736238022,0.0,25.5,11.55
2007-06-22,0.707921175,0.0,20.25,7.25
2007-06-23,0.707921175,0.0,19.7,4.7
2007-06-24,0.707921175,0.0,19.549999999999997,6.4
2007-06-25,0.6796043279999999,0.0,25.8,4.3
2007-06-26,0.651287481,0.0,30.15,5.65
2007-06-27,0.651287481,0.0,24.4,8.35
2007-06-28,0.651287481,4.1,26.35,9.75
2007-06-29,0.736238022,10.2,15.1,10.55
2007-06-30,0.6796043279999999,0.0,24.6,6.95
2007-07-01,0.622970634,0.0,25.35,9.2
2007-07-02,0.622970634,0.0,27.8,10.5
2007-07-03,0.5946537869999999,0.0,30.2,9.899999999999999
2007-07-04,0.5946537869999999,0.0,32.55,12.45
2007-07-05,0.56633694,0.0,31.4,14.45
2007-07-06,0.538020093,0.0,29.75,13.5
2007-07-07,0.538020093,0.0,28.85,11.25
2007-07-08,0.5097032459999999,0.0,30.5,9.35
2007-07-09,0.4813863989999999,0.0,31.25,10.25
2007-07-10,0.4813863989999999,0.0,39.35,12.7
2007-07-11,0.4813863989999999,0.0,35.55,16.75
2007-07-12,0.453069552,0.0,29.65,14.100000000000001
2007-07-13,0.453069552,0.0,29.45,14.8
2007-07-14,0.453069552,0.0,32.7,12.95
2007-07-15,0.453069552,0.0,28.8,12.65
2007-07-16,0.424752705,0.0,25.25,16.4
2007-07-17,0.453069552,1.8,19.75,14.95
2007-07-18,0.538020093,16.5,19.5,14.399999999999999
2007-07-19,0.538020093,1.3,23.75,12.45
2007-07-20,0.453069552,1.8,20.85,11.3
2007-07-21,0.453069552,0.0,26.700000000000003,14.75
2007-07-22,0.453069552,0.0,30.5,12.899999999999999
2007-07-23,0.424752705,0.0,29.0,14.0
2007-07-24,0.424752705,0.0,26.15,12.399999999999999
2007-07-25,0.396435858,0.0,29.3,9.75
2007-07-26,0.396435858,0.0,28.25,11.35
2007-07-27,0.368119011,0.0,31.0,11.05
2007-07-28,0.368119011,0.0,28.450000000000003,10.95
2007-07-29,0.368119011,0.0,25.6,10.95
2007-07-30,0.368119011,0.0,27.4,11.5
2007-07-31,0.3398021639999999,0.0,31.5,8.2
2007-08-01,0.3398021639999999,0.0,33.7,10.399999999999999
2007-08-02,0.3398021639999999,0.0,31.65,13.15
2007-08-03,0.3398021639999999,0.0,28.8,9.65
2007-08-04,0.3398021639999999,0.0,26.700000000000003,8.55
2007-08-05,0.311485317,0.0,25.45,7.9
2007-08-06,0.311485317,0.0,25.8,9.95
2007-08-07,0.311485317,0.0,24.35,11.35
2007-08-08,0.311485317,0.0,27.15,9.75
2007-08-09,0.311485317,0.0,24.6,9.25
2007-08-10,0.311485317,0.0,26.95,6.7
2007-08-11,0.311485317,0.0,28.450000000000003,7.0
2007-08-12,0.311485317,0.0,26.25,7.4
2007-08-13,0.311485317,0.0,30.35,7.1
2007-08-14,0.311485317,0.0,33.4,9.25
2007-08-15,0.311485317,0.0,31.549999999999997,10.1
2007-08-16,0.311485317,0.0,25.15,13.600000000000001
2007-08-17,0.311485317,0.0,25.9,8.399999999999999
2007-08-18,0.311485317,0.0,24.95,8.5
2007-08-19,0.368119011,11.4,18.2,10.85
2007-08-20,0.424752705,14.0,16.5,13.399999999999999
2007-08-21,0.424752705,0.0,25.0,13.0
2007-08-22,0.3398021639999999,0.0,25.0,11.899999999999999
2007-08-23,0.3398021639999999,0.0,29.450000000000003,9.05
2007-08-24,0.311485317,0.0,30.9,10.7
2007-08-25,0.311485317,0.0,28.4,9.95
2007-08-26,0.311485317,0.0,24.35,8.75
2007-08-27,0.311485317,0.0,25.65,5.75
2007-08-28,0.311485317,0.0,31.3,7.5
2007-08-29,0.28316847,0.0,36.45,9.399999999999999
2007-08-30,0.28316847,0.0,35.4,13.8
2007-08-31,0.28316847,0.5,27.4,12.399999999999999
2007-09-01,0.28316847,0.0,29.75,9.399999999999999
2007-09-02,0.28316847,0.0,29.700000000000003,9.15
2007-09-03,0.2803367853,0.0,31.35,9.100000000000001
2007-09-04,0.311485317,4.3,19.15,11.45
2007-09-05,0.311485317,0.0,25.6,10.899999999999999
2007-09-06,0.28316847,0.0,26.6,8.3
2007-09-07,0.2803367853,0.0,25.4,8.5
2007-09-08,0.2718417312,0.0,29.4,5.45
2007-09-09,0.2661783618,0.0,29.95,5.1
2007-09-10,0.2633466771,0.0,35.25,6.0
2007-09-11,0.2605149924,0.0,33.7,7.15
2007-09-12,0.2605149924,0.0,30.55,7.15
2007-09-13,0.2633466771,0.0,18.2,7.75
2007-09-14,0.2690100465,0.0,19.4,9.85
2007-09-15,0.2690100465,0.0,24.25,8.65
2007-09-16,0.2661783618,0.0,17.15,7.45
2007-09-17,0.2803367853,0.8,18.85,7.7
2007-09-18,0.2775051006,0.0,18.0,5.5
2007-09-19,0.2661783618,0.0,19.4,4.8
2007-09-20,0.2661783618,0.0,22.700000000000003,1.7000000000000002
2007-09-21,0.2661783618,0.0,26.4,3.2
2007-09-22,0.2633466771,0.0,21.15,5.3
2007-09-23,0.2633466771,0.0,16.45,2.85
2007-09-24,0.2633466771,0.0,22.15,0.0
2007-09-25,0.2576833077,0.0,24.0,1.7000000000000002
2007-09-26,0.2576833077,0.0,26.5,3.75
2007-09-27,0.2576833077,0.0,27.1,5.65
2007-09-28,0.3398021639999999,21.3,10.7,5.2
2007-09-29,0.396435858,2.5,11.7,4.9
2007-09-30,0.538020093,38.4,10.25,7.35
2007-10-01,0.792871716,10.9,13.6,7.05
2007-10-02,0.4813863989999999,17.3,15.100000000000001,7.85
2007-10-03,1.047723339,30.7,11.05,5.8
2007-10-04,1.302574962,10.7,10.5,4.5
2007-10-05,0.764554869,0.3,10.0,3.3
2007-10-06,0.5946537869999999,1.3,11.45,3.25
2007-10-07,0.5097032459999999,0.5,18.549999999999997,7.75
2007-10-08,0.4813863989999999,0.0,17.6,8.35
2007-10-09,0.453069552,0.3,13.45,7.45
2007-10-10,0.4813863989999999,12.4,12.149999999999999,7.85
2007-10-11,0.5097032459999999,1.5,11.25,4.4
2007-10-12,0.4813863989999999,0.3,15.0,4.15
2007-10-13,0.424752705,0.0,16.55,1.3
2007-10-14,0.424752705,0.0,18.700000000000003,2.95
2007-10-15,0.424752705,7.9,14.3,7.55
2007-10-16,0.622970634,5.8,9.65,5.25
2007-10-17,0.991089645,15.5,7.85,3.8
2007-10-18,2.067129831,65.8,10.899999999999999,5.15
2007-10-19,14.583176205,47.0,14.3,4.45
2007-10-20,8.353469865,53.6,5.699999999999999,2.9
2007-10-21,7.475647608,1.8,11.8,4.0
2007-10-22,5.125349307,0.0,17.15,1.45
2007-10-23,4.615646061,0.0,20.75,4.55
2007-10-24,3.482972181,0.3,17.45,4.300000000000001
2007-10-25,2.690100465,0.0,13.1,-0.35
2007-10-26,2.180397219,0.0,17.1,-0.5
2007-10-27,1.897228749,0.3,17.5,-1.3
2007-10-28,1.670693973,0.0,17.049999999999997,-0.25
2007-10-29,1.585743432,10.2,12.649999999999999,1.4
2007-10-30,1.529109738,0.0,16.75,1.45
2007-10-31,1.387525503,0.0,14.8,-1.2999999999999998
2007-11-01,1.302574962,0.0,14.05,-0.35
2007-11-02,1.217624421,0.0,14.55,0.65
2007-11-03,1.160990727,0.0,15.549999999999999,-1.6
2007-11-04,1.13267388,0.3,16.0,-0.6000000000000001
2007-11-05,1.076040186,0.0,16.4,-0.3
2007-11-06,1.047723339,0.0,15.8,-0.2
2007-11-07,1.019406492,0.0,14.649999999999999,-0.7
2007-11-08,0.962772798,0.0,15.850000000000001,0.25
2007-11-09,0.962772798,4.3,14.85,1.25
2007-11-10,1.444159197,22.9,12.9,6.3
2007-11-11,1.245941268,2.0,10.2,0.9
2007-11-12,3.624556416,50.3,11.05,1.35
2007-11-13,6.088122105,1.0,6.6,-0.9
2007-11-14,3.539605875,0.0,8.75,-1.4
2007-11-15,2.775051006,10.7,10.7,6.0
2007-11-16,5.606735706,54.1,9.5,7.949999999999999
2007-11-17,22.115457507,49.8,12.25,8.600000000000001
2007-11-18,19.113871725,46.7,8.7,0.0
2007-11-19,15.347731074,19.6,4.550000000000001,-0.09999999999999999
2007-11-20,10.109114379,1.5,4.800000000000001,-0.7
2007-11-21,7.050894903,0.0,5.05,-1.85
2007-11-22,5.238616695,0.3,2.3,-3.35
2007-11-23,4.134259662,0.0,2.8,-4.1
2007-11-24,3.454655334,0.3,2.5999999999999996,-2.9000000000000004
2007-11-25,3.001585782,0.0,2.5999999999999996,-3.35
2007-11-26,2.718417312,24.1,2.55,-2.95
2007-11-27,2.690100465,5.1,3.7,0.2
2007-11-28,2.491882536,15.0,3.45,0.15000000000000002
2007-11-29,2.916635241,18.8,4.550000000000001,0.8
2007-11-30,2.888318394,0.0,3.0,-1.15
2007-12-01,2.605149924,3.0,1.9500000000000002,-0.65
2007-12-02,3.256437405,33.3,4.5,0.0
2007-12-03,11.270105106,38.4,9.8,4.4
2007-12-04,18.519217938,13.2,12.4,7.5
2007-12-05,12.799214844,11.2,10.15,6.3
2007-12-06,10.392282849,10.4,7.15,4.1
2007-12-07,8.240202477,2.8,5.65,1.5
2007-12-08,6.456241116,2.5,2.25,-2.45
2007-12-09,5.125349307,0.0,0.05,-3.75
2007-12-10,4.275843897,0.0,2.1,-3.2
2007-12-11,3.652873263,0.0,0.6000000000000001,-0.6
2007-12-12,3.199803711,0.0,3.5999999999999996,-1.45
2007-12-13,2.8316847,0.0,2.8,-1.9500000000000002
2007-12-14,2.576833077,0.5,4.300000000000001,-1.7
2007-12-15,2.520199383,12.7,4.9,0.3
2007-12-16,2.321981454,7.6,3.55,-0.8500000000000001
2007-12-17,2.520199383,15.7,4.6,1.55
2007-12-18,3.39802164,17.5,6.2,1.65
2007-12-19,5.012081919,32.0,4.2,2.7
2007-12-20,7.135845444,22.4,3.0,-0.2
2007-12-21,5.153666154,0.5,1.95,-1.8
2007-12-22,4.360794438,25.4,0.25,-1.8
2007-12-23,11.411689341,60.5,4.699999999999999,0.15000000000000002
2007-12-24,18.830703255,11.4,2.75,-0.44999999999999996
2007-12-25,10.76040186,16.8,0.6000000000000001,-1.85
2007-12-26,7.64554869,20.3,1.0,-0.65
2007-12-27,5.94653787,31.5,0.25,-0.8500000000000001
2007-12-28,4.955448225,23.4,0.55,-0.3
2007-12-29,4.728913449,22.1,1.25,-0.25
2007-12-30,4.898814531,16.0,1.15,-0.75
2007-12-31,3.992675427,0.0,2.45,-3.45
2008-01-01,3.454655334,0.0,1.5,-3.4000000000000004
2008-01-02,3.143170017,0.0,1.35,-1.35
2008-01-03,3.029902629,0.5,1.1,-0.3
2008-01-04,3.426338487,12.4,5.05,-0.5
2008-01-05,4.134259662,18.0,2.2,-0.25
2008-01-06,3.794457498,18.8,0.8,-0.3
2008-01-07,3.313071099,14.5,2.9499999999999997,-0.55
2008-01-08,3.313071099,64.5,0.44999999999999996,-0.35
2008-01-09,3.737823804,16.8,1.45,-0.3
2008-01-10,8.976440498999999,41.9,4.45,-0.25
2008-01-11,15.262780533,12.7,3.2,0.15000000000000002
2008-01-12,13.931888724,19.6,3.0999999999999996,0.44999999999999996
2008-01-13,12.232877904,0.0,6.0,-1.15
2008-01-14,9.316242663,18.5,2.8499999999999996,-1.9
2008-01-15,7.957034007,0.0,3.15,-2.7
2008-01-16,6.51287481,0.0,2.4,-4.5
2008-01-17,5.351884083,0.0,3.5500000000000003,-5.65
2008-01-18,4.53069552,0.0,4.3999999999999995,-2.35
2008-01-19,3.96435858,5.8,3.35,-3.05
2008-01-20,3.624556416,6.9,4.1,-2.6
2008-01-21,3.228120558,0.0,0.7000000000000001,-8.85
2008-01-22,2.888318394,0.0,1.8499999999999999,-10.35
2008-01-23,2.718417312,0.0,2.7,-8.85
2008-01-24,2.576833077,0.0,0.45,-8.85
2008-01-25,2.350298301,0.0,3.7,-7.35
2008-01-26,2.661783618,39.1,1.0,-3.15
2008-01-27,4.332477591,21.6,0.25,-2.3
2008-01-28,3.709506957,11.7,0.8,-2.0
2008-01-29,3.369704793,34.3,1.45,-1.05
2008-01-30,3.001585782,24.9,0.95,-0.7000000000000001
2008-01-31,3.171486864,57.9,1.4,-0.25
2008-02-01,3.086536323,16.8,2.4,-0.3
2008-02-02,2.888318394,40.6,0.44999999999999996,-0.35
2008-02-03,2.576833077,1.8,1.85,-0.39999999999999997
2008-02-04,2.293664607,1.8,2.9,-0.9
2008-02-05,2.237030913,18.3,2.4000000000000004,-0.65
2008-02-06,2.293664607,20.6,2.6,-0.15
2008-02-07,4.162576509,44.2,3.7,-0.15
2008-02-08,4.360794438,11.9,2.4000000000000004,0.05000000000000002
2008-02-09,4.020992274,2.0,7.4,-0.3
2008-02-10,4.077625968,3.8,3.6,0.3
2008-02-11,4.049309121,0.0,7.3500000000000005,-1.1
2008-02-12,3.992675427,2.0,6.9,-1.5
2008-02-13,4.162576509,2.0,5.6,-0.95
2008-02-14,3.879408039,0.0,6.6499999999999995,-1.7000000000000002
2008-02-15,3.511289028,0.0,9.05,-2.3
2008-02-16,3.39802164,0.0,7.949999999999999,-2.35
2008-02-17,3.426338487,0.0,8.4,-3.3
2008-02-18,3.511289028,0.0,8.2,-3.05
2008-02-19,3.879408039,1.5,6.9,-2.75
2008-02-20,4.24752705,0.0,9.7,-1.4
2008-02-21,4.445744979,0.0,6.8500000000000005,-2.25
2008-02-22,4.332477591,0.3,7.45,-2.1
2008-02-23,4.049309121,3.0,7.3,-1.6
2008-02-24,3.936041733,7.1,5.1,-0.65
2008-02-25,4.474061826,5.6,9.45,-1.1
2008-02-26,4.842180837,0.0,11.1,-1.6
2008-02-27,4.81386399,0.0,8.850000000000001,-1.4
2008-02-28,4.898814531,0.0,10.6,-2.15
2008-02-29,5.351884083,17.5,11.6,-1.35
2008-03-01,8.296836170999999,19.3,4.35,0.85
2008-03-02,7.730499231,0.0,9.0,-1.15
2008-03-03,6.427924269,4.8,4.4,-2.0
2008-03-04,5.351884083,1.8,8.149999999999999,-2.15
2008-03-05,4.615646061,0.0,10.100000000000001,-3.75
2008-03-06,4.077625968,0.0,9.05,-2.9
2008-03-07,3.794457498,7.4,7.15,-2.6
2008-03-08,5.210299848,13.2,10.95,-1.1
2008-03-09,5.691686247,0.0,13.600000000000001,-1.5
2008-03-10,5.720003094,9.9,14.0,-0.3
2008-03-11,8.013667701,2.5,10.4,-0.4
2008-03-12,7.617231843,9.1,10.5,-1.15
2008-03-13,8.041984548,32.8,5.0,2.05
2008-03-14,9.486143745,35.8,4.35,0.4
2008-03-15,8.948123652,13.7,6.9,-0.05000000000000002
2008-03-16,7.390697067,2.3,6.7,-0.15
2008-03-17,6.342973728,24.6,4.25,0.0
2008-03-18,11.383372494,34.5,8.899999999999999,2.1
2008-03-19,13.507136019,13.2,5.45,1.75
2008-03-20,10.279015461,17.8,6.6,-0.04999999999999999
2008-03-21,8.268519324,0.5,7.75,-1.55
2008-03-22,6.767726433,0.0,13.0,-2.8
2008-03-23,6.003171564,8.1,7.6499999999999995,0.55
2008-03-24,6.22970634,0.8,9.5,-1.2
2008-03-25,5.606735706,2.0,10.1,-2.3
2008-03-26,5.181983001,27.2,3.5,-0.1
2008-03-27,4.587329214,3.0,6.85,-1.8499999999999999
2008-03-28,4.219210203,24.1,3.05,-1.7000000000000002
2008-03-29,3.737823804,5.3,7.0,-1.2000000000000002
2008-03-30,3.39802164,1.0,5.65,-2.0
2008-03-31,3.086536323,0.0,7.1,-3.3
2008-04-01,2.860001547,0.0,10.65,-4.6
2008-04-02,2.718417312,0.0,14.75,-3.45
2008-04-03,2.605149924,0.0,16.8,-2.8
2008-04-04,2.690100465,13.2,8.35,-1.25
2008-04-05,2.803367853,11.4,7.6,1.25
2008-04-06,3.369704793,23.9,8.7,1.55
2008-04-07,3.907724886,9.1,8.45,1.05
2008-04-08,3.879408039,3.6,8.850000000000001,1.05
2008-04-09,3.624556416,4.8,10.25,1.9
2008-04-10,3.454655334,1.3,13.25,0.09999999999999998
2008-04-11,3.369704793,0.0,21.950000000000003,-1.55
2008-04-12,4.190893356,0.0,26.65,-0.04999999999999999
2008-04-13,6.711092739,0.0,23.65,0.6000000000000001
2008-04-14,8.126935089,12.2,8.65,0.0
2008-04-15,6.965944362,6.4,6.45,-0.19999999999999998
2008-04-16,5.776636788,0.8,13.850000000000001,1.0
2008-04-17,5.097032459999999,0.0,18.3,-1.4
2008-04-18,4.870497684,0.8,6.85,0.30000000000000004
2008-04-19,4.502378673,10.9,5.15,-1.25
2008-04-20,4.105942815,15.2,5.15,-1.95
2008-04-21,3.737823804,5.8,5.699999999999999,-0.35
2008-04-22,3.766140651,20.3,7.6,0.0
2008-04-23,4.332477591,16.0,10.600000000000001,1.4
2008-04-24,4.304160744,3.3,9.9,1.45
2008-04-25,4.077625968,0.0,16.5,1.45
2008-04-26,4.077625968,0.0,24.0,-0.85
2008-04-27,5.068715613,0.0,21.65,1.35
2008-04-28,7.07921175,1.8,20.75,6.35
2008-04-29,8.721588876,27.9,6.65,1.25
2008-04-30,7.92871716,11.2,9.350000000000001,0.55
2008-05-01,6.79604328,0.0,15.05,2.0
2008-05-02,6.088122105,0.0,19.65,3.2
2008-05-03,6.22970634,0.3,19.1,4.8
2008-05-04,6.51287481,0.0,23.4,2.4
2008-05-05,7.447330761,0.0,25.5,1.75
2008-05-06,8.834856263999999,0.0,19.2,2.65
2008-05-07,8.636638334999999,0.0,16.0,3.9499999999999997
2008-05-08,7.560598149,0.0,13.600000000000001,2.15
2008-05-09,6.484557962999999,0.0,18.85,-1.5
2008-05-10,5.833270482,0.0,19.15,3.3499999999999996
2008-05-11,6.088122105,2.3,12.3,3.55
2008-05-12,5.833270482,0.0,17.950000000000003,1.75
2008-05-13,5.521785165,1.8,15.950000000000001,6.75
2008-05-14,6.088122105,0.0,24.35,8.149999999999999
2008-05-15,9.259608969,0.0,33.1,4.85
2008-05-16,14.951295216,0.0,39.85,7.300000000000001
2008-05-17,18.490901091,0.0,36.5,8.45
2008-05-18,16.820207118,0.0,30.65,6.85
2008-05-19,14.271690888,0.0,32.25,6.75
2008-05-20,13.535452866,14.2,14.05,5.6
2008-05-21,11.3267388,15.5,11.0,5.0
2008-05-22,8.976440498999999,2.0,10.65,4.8
2008-05-23,7.220795985,2.8,11.0,5.15
2008-05-24,6.22970634,6.4,21.45,5.949999999999999
2008-05-25,6.626142198,0.3,15.95,8.7
2008-05-26,6.456241116,0.3,15.55,9.600000000000001
2008-05-27,6.286340034,3.6,18.200000000000003,9.8
2008-05-28,8.636638334999999,15.0,11.45,9.0
2008-05-29,9.089707887,1.3,13.75,8.600000000000001
2008-05-30,7.64554869,0.0,22.65,8.8
2008-05-31,7.249112832,1.0,17.1,8.65
2008-06-01,6.739409586,0.0,16.65,5.75
2008-06-02,5.861587329,0.5,20.2,5.7
2008-06-03,7.192479138,31.0,14.75,6.5
2008-06-04,7.07921175,1.8,13.65,3.7
2008-06-05,5.833270482,7.6,10.7,3.25
2008-06-06,5.94653787,14.0,8.95,5.5
2008-06-07,6.059805258,0.8,15.6,3.45
2008-06-08,5.465151471,0.0,23.3,0.8500000000000001
2008-06-09,5.465151471,4.3,14.2,5.35
2008-06-10,5.578418859,19.6,7.65,3.55
2008-06-11,5.181983001,0.0,13.45,4.35
2008-06-12,4.700596602,0.0,23.9,1.15
2008-06-13,4.898814531,0.0,27.1,5.3
2008-06-14,5.238616695,0.0,25.5,5.4
2008-06-15,5.097032459999999,0.0,24.5,4.2
2008-06-16,4.983765072,0.0,25.75,5.25
2008-06-17,4.785547143,0.0,20.65,5.25
2008-06-18,4.304160744,0.0,21.75,4.8
2008-06-19,3.936041733,0.0,27.15,3.55
2008-06-20,3.96435858,0.0,29.75,6.6
2008-06-21,4.162576509,0.0,27.049999999999997,8.8
2008-06-22,3.851091192,0.0,22.75,5.6
2008-06-23,3.454655334,0.0,23.0,5.55
2008-06-24,3.143170017,0.0,26.0,3.85
2008-06-25,3.001585782,0.0,25.45,6.2
2008-06-26,2.916635241,0.0,25.0,7.35
2008-06-27,2.888318394,0.0,35.5,8.3
2008-06-28,3.086536323,0.5,39.55,12.399999999999999
2008-06-29,3.143170017,0.0,33.75,15.45
2008-06-30,2.860001547,0.0,31.5,14.100000000000001
2008-07-01,2.54851623,0.0,30.85,12.95
2008-07-02,2.293664607,0.0,31.4,12.55
2008-07-03,2.067129831,0.0,28.1,12.65
2008-07-04,1.868911902,0.0,23.549999999999997,14.399999999999999
2008-07-05,1.69901082,0.0,26.0,13.399999999999999
2008-07-06,1.585743432,0.0,26.5,11.95
2008-07-07,1.472476044,0.0,29.8,9.25
2008-07-08,1.41584235,0.0,34.95,9.85
2008-07-09,1.330891809,0.0,35.55,11.75
2008-07-10,1.274258115,0.0,29.75,10.65
2008-07-11,1.217624421,0.0,33.6,6.6
2008-07-12,1.160990727,0.0,36.099999999999994,7.65
2008-07-13,1.104357033,0.0,36.2,10.149999999999999
2008-07-14,1.076040186,0.0,34.65,10.399999999999999
2008-07-15,1.047723339,0.0,31.9,12.35
2008-07-16,1.019406492,0.0,30.3,10.45
2008-07-17,0.991089645,0.0,29.35,8.25
2008-07-18,0.962772798,0.0,26.9,7.0
2008-07-19,0.934455951,0.0,26.75,6.550000000000001
2008-07-20,0.906139104,0.0,29.4,8.2
2008-07-21,0.906139104,0.0,30.35,11.65
2008-07-22,0.8778222569999999,0.0,17.5,9.899999999999999
2008-07-23,0.8778222569999999,0.0,24.4,8.95
2008-07-24,0.84950541,0.0,28.55,5.9
2008-07-25,0.821188563,0.0,27.75,8.8
2008-07-26,0.821188563,0.0,28.5,8.05
2008-07-27,0.792871716,0.0,25.450000000000003,10.5
2008-07-28,0.792871716,0.0,28.95,7.45
2008-07-29,0.764554869,0.3,21.3,9.2
2008-07-30,0.792871716,1.5,24.5,10.8
2008-07-31,0.764554869,0.0,29.65,7.949999999999999
2008-08-01,0.736238022,0.0,27.25,9.5
2008-08-02,0.736238022,0.0,22.5,9.55
2008-08-03,0.707921175,0.0,27.549999999999997,6.7
2008-08-04,0.707921175,0.0,32.1,8.100000000000001
2008-08-05,0.6796043279999999,0.0,34.75,10.899999999999999
2008-08-06,0.6796043279999999,0.3,33.1,12.100000000000001
2008-08-07,0.6796043279999999,0.0,32.3,12.85
2008-08-08,0.6796043279999999,0.0,26.05,12.35
2008-08-09,0.651287481,0.0,22.450000000000003,9.65
2008-08-10,0.651287481,0.0,27.0,9.15
2008-08-11,0.622970634,0.0,31.9,8.600000000000001
2008-08-12,0.622970634,0.0,31.200000000000003,11.65
2008-08-13,0.622970634,0.0,33.85,10.85
2008-08-14,0.5946537869999999,0.0,40.349999999999994,13.100000000000001
2008-08-15,0.5946537869999999,0.0,40.85,13.399999999999999
2008-08-16,0.56633694,0.0,40.55,14.95
2008-08-17,0.56633694,0.0,33.5,18.15
2008-08-18,0.56633694,1.0,24.25,14.95
2008-08-19,0.56633694,9.7,24.25,13.399999999999999
2008-08-20,1.019406492,23.4,17.65,14.0
2008-08-21,1.13267388,2.8,18.65,8.7
2008-08-22,0.792871716,0.0,27.200000000000003,6.25
2008-08-23,0.707921175,0.0,30.45,9.85
2008-08-24,0.651287481,0.0,28.8,11.25
2008-08-25,0.622970634,3.6,18.700000000000003,8.55
2008-08-26,0.622970634,0.0,24.0,7.0
2008-08-27,0.5946537869999999,0.8,21.299999999999997,8.2
2008-08-28,0.5946537869999999,0.0,29.299999999999997,7.3
2008-08-29,0.56633694,0.0,29.45,10.55
2008-08-30,0.56633694,0.0,20.25,8.399999999999999
2008-08-31,0.538020093,0.5,17.0,4.75
2008-09-01,0.538020093,0.0,19.950000000000003,7.4
2008-09-02,0.5097032459999999,0.0,24.1,5.55
2008-09-03,0.5097032459999999,0.0,25.700000000000003,3.95
2008-09-04,0.5097032459999999,0.0,26.75,6.25
2008-09-05,0.4813863989999999,0.0,28.85,7.3
2008-09-06,0.4813863989999999,0.0,29.299999999999997,7.85
2008-09-07,0.4813863989999999,0.0,31.4,8.85
2008-09-08,0.453069552,0.0,32.45,7.55
2008-09-09,0.453069552,0.0,27.549999999999997,8.35
2008-09-10,0.453069552,0.0,29.35,5.75
2008-09-11,0.424752705,0.0,32.45,4.7
2008-09-12,0.424752705,0.0,30.3,6.15
2008-09-13,0.424752705,0.0,30.25,6.0
2008-09-14,0.424752705,0.0,32.5,6.4
2008-09-15,0.396435858,0.0,33.35,8.399999999999999
2008-09-16,0.396435858,0.0,34.8,8.75
2008-09-17,0.396435858,0.0,29.200000000000003,10.85
2008-09-18,0.396435858,0.0,22.3,8.2
2008-09-19,0.396435858,0.3,22.5,5.65
2008-09-20,0.396435858,0.0,17.8,10.8
2008-09-21,0.396435858,1.3,16.4,9.35
2008-09-22,0.453069552,1.0,16.15,3.3
2008-09-23,0.396435858,0.0,23.299999999999997,0.5
2008-09-24,0.396435858,0.0,25.35,4.55
2008-09-25,0.396435858,4.1,17.85,6.050000000000001
2008-09-26,0.396435858,0.0,23.55,2.75
2008-09-27,0.368119011,0.0,25.25,3.3
2008-09-28,0.368119011,0.0,27.950000000000003,4.5
2008-09-29,0.368119011,0.0,24.7,6.7
2008-09-30,0.3398021639999999,0.0,27.75,8.55
2008-10-01,0.3398021639999999,0.0,23.549999999999997,8.3
2008-10-02,0.368119011,5.1,16.85,10.7
2008-10-03,0.453069552,18.0,13.5,10.8
2008-10-04,0.962772798,41.9,11.95,8.95
2008-10-05,0.821188563,11.2,13.6,8.600000000000001
2008-10-06,0.736238022,0.5,17.65,10.600000000000001
2008-10-07,0.736238022,12.7,14.9,3.55
2008-10-08,0.622970634,0.0,14.85,0.8
2008-10-09,0.538020093,10.7,8.35,2.0999999999999996
2008-10-10,0.56633694,1.0,10.149999999999999,1.75
2008-10-11,0.5097032459999999,0.0,10.899999999999999,-0.44999999999999996
2008-10-12,0.4813863989999999,0.0,13.8,-1.75
2008-10-13,0.453069552,0.0,18.85,1.9000000000000001
2008-10-14,0.424752705,0.0,17.15,4.75
2008-10-15,0.424752705,0.0,14.5,4.85
2008-10-16,0.396435858,0.8,17.9,7.25
2008-10-17,0.396435858,0.0,20.05,5.0
2008-10-18,0.396435858,0.0,18.7,9.55
2008-10-19,0.368119011,0.0,19.200000000000003,9.2
2008-10-20,0.424752705,15.7,11.0,5.8
2008-10-21,0.4813863989999999,0.0,12.5,2.05
2008-10-22,0.424752705,0.0,15.5,0.09999999999999999
2008-10-23,0.396435858,0.0,15.25,0.5
2008-10-24,0.368119011,0.0,15.850000000000001,0.44999999999999996
2008-10-25,0.368119011,0.0,16.5,2.05
2008-10-26,0.368119011,0.0,17.9,3.8
2008-10-27,0.368119011,0.0,16.85,3.0999999999999996
2008-10-28,0.368119011,0.0,18.049999999999997,4.3
2008-10-29,0.368119011,0.0,15.7,2.45
2008-10-30,0.368119011,0.0,11.25,4.15
2008-10-31,0.368119011,3.3,15.5,9.15
2008-11-01,0.368119011,5.6,13.899999999999999,9.0
2008-11-02,0.538020093,16.5,10.3,7.05
2008-11-03,0.764554869,22.9,9.100000000000001,5.1
2008-11-04,1.529109738,50.0,5.2,1.9500000000000002
2008-11-05,1.387525503,29.5,5.75,0.55
2008-11-06,3.794457498,24.1,9.25,4.4
2008-11-07,2.916635241,0.0,13.75,7.4
2008-11-08,2.237030913,19.1,10.9,7.3
2008-11-09,2.208714066,3.6,9.15,6.9
2008-11-10,1.868911902,2.8,8.100000000000001,5.35
2008-11-11,5.94653787,79.8,9.7,5.35
2008-11-12,11.836442046,38.6,13.6,8.899999999999999
2008-11-13,18.632485326,21.6,13.0,5.85
2008-11-14,7.617231843,0.0,9.6,2.1
2008-11-15,4.389111285,0.0,12.05,0.8500000000000001
2008-11-16,3.058219476,0.0,11.9,1.2
2008-11-17,2.321981454,0.0,12.45,3.45
2008-11-18,1.897228749,0.0,11.15,1.75
2008-11-19,1.642377126,0.0,11.05,2.55
2008-11-20,1.755644514,21.6,6.75,1.05
2008-11-21,1.727327667,1.5,6.75,1.2
2008-11-22,1.642377126,6.6,7.75,-0.8
2008-11-23,1.500792891,0.0,6.25,-2.05
2008-11-24,1.387525503,0.0,6.85,-1.55
2008-11-25,1.302574962,0.5,8.600000000000001,-0.09999999999999999
2008-11-26,1.217624421,0.0,8.95,-1.15
2008-11-27,1.160990727,0.5,6.4,-1.6
2008-11-28,1.104357033,0.5,10.6,4.55
2008-11-29,1.076040186,2.5,13.75,6.2
2008-11-30,1.019406492,0.0,10.6,2.3
2008-12-01,1.019406492,12.4,9.4,0.44999999999999996
2008-12-02,1.614060279,18.3,10.350000000000001,6.6
2008-12-03,1.444159197,0.0,8.7,0.15000000000000002
2008-12-04,1.302574962,0.0,5.550000000000001,-1.4
2008-12-05,1.189307574,0.0,3.95,-1.9500000000000002
2008-12-06,1.13267388,0.0,4.2,-1.9
2008-12-07,1.104357033,6.1,3.8,-1.9
2008-12-08,1.076040186,0.5,7.75,-1.35
2008-12-09,1.019406492,0.0,3.45,-1.9
2008-12-10,0.991089645,0.0,6.15,-1.55
2008-12-11,0.962772798,0.0,6.75,-0.6
2008-12-12,1.047723339,37.1,3.7,-1.55
2008-12-13,1.160990727,18.8,0.6,-0.6
2008-12-14,1.076040186,5.6,2.25,-5.65
2008-12-15,1.019406492,0.0,-4.15,-11.100000000000001
2008-12-16,0.991089645,0.0,-1.25,-12.3
2008-12-17,0.962772798,5.3,0.04999999999999999,-9.5
2008-12-18,0.991089645,39.6,0.75,-1.85
2008-12-19,0.934455951,16.3,0.04999999999999999,-2.25
2008-12-20,0.934455951,50.0,1.1,-1.75
2008-12-21,1.783961361,50.8,0.8500000000000001,-0.35
2008-12-22,2.378615148,16.0,0.9,-0.39999999999999997
2008-12-23,1.868911902,1.5,2.6,-1.0
2008-12-24,1.670693973,36.1,0.3,-0.8999999999999999
2008-12-25,1.529109738,6.4,1.45,-0.85
2008-12-26,1.387525503,15.0,1.55,-1.1
2008-12-27,6.767726433,83.1,0.3,-0.35
2008-12-28,44.74061826,65.0,5.25,-0.2
2008-12-29,42.75843897,39.4,2.7,-0.3
2008-12-30,19.8217929,3.8,2.55,-0.8500000000000001
2008-12-31,11.978026281,16.8,2.05,0.15000000000000002
2009-01-01,33.13071099,74.7,7.699999999999999,-0.25
2009-01-02,48.98814531,17.3,7.35,-1.45
2009-01-03,19.935060288,0.3,2.1,-3.75
2009-01-04,11.553273576,21.8,0.2,-5.75
2009-01-05,12.855848538,32.8,1.7999999999999998,-0.3
2009-01-06,16.791890271,23.6,5.0,0.35
2009-01-07,25.711697076,9.1,7.75,1.15
2009-01-08,29.73268935,37.3,4.8,0.7
2009-01-09,20.189911911,0.0,2.4,-2.0999999999999996
2009-01-10,12.402778986,0.0,4.05,-2.8
2009-01-11,8.693272029,2.8,6.55,0.0
2009-01-12,7.022578056,0.0,7.2,-1.2
2009-01-13,6.484557962999999,0.0,4.3,-2.35
2009-01-14,6.003171564,0.0,4.2,-2.75
2009-01-15,6.116438952,0.0,4.25,-2.8
2009-01-16,6.654459044999999,0.0,4.45,-3.25
2009-01-17,7.107528597,0.0,4.05,-3.45
2009-01-18,6.654459044999999,0.0,4.0,-3.4
2009-01-19,6.003171564,0.0,4.2,-3.7
2009-01-20,5.295250389,0.0,4.6,-3.4000000000000004
2009-01-21,4.728913449,0.0,3.15,-3.5
2009-01-22,4.360794438,0.0,3.25,-0.15000000000000002
2009-01-23,4.105942815,0.0,4.7,-1.45
2009-01-24,4.020992274,2.0,3.75,0.75
2009-01-25,3.822774345,4.8,3.0999999999999996,-1.6
2009-01-26,3.369704793,0.0,0.55,-6.15
2009-01-27,3.11485317,13.7,0.1,-6.4
2009-01-28,2.944952088,0.5,5.4,-1.1
2009-01-29,2.690100465,0.0,6.0,-1.9500000000000002
2009-01-30,2.54851623,0.0,5.65,-3.15
2009-01-31,2.463565689,0.0,6.8,-3.15
2009-02-01,2.321981454,0.0,4.45,-4.4
2009-02-02,2.180397219,0.0,7.35,-3.25
2009-02-03,2.180397219,0.0,8.75,-2.25
2009-02-04,2.378615148,0.0,7.949999999999999,-2.0
2009-02-05,2.54851623,3.8,9.3,-1.25
2009-02-06,2.8316847,7.4,6.65,0.55
2009-02-07,2.8316847,0.0,9.2,-1.9000000000000001
2009-02-08,2.690100465,3.0,5.5,-3.25
2009-02-09,2.491882536,3.0,3.5,-1.6
2009-02-10,2.350298301,14.5,0.15,-2.0
2009-02-11,2.180397219,0.0,3.1500000000000004,-2.0
2009-02-12,2.038812984,0.3,3.55,-3.6
2009-02-13,1.953862443,1.5,7.1,-1.55
2009-02-14,1.868911902,1.8,5.7,-1.5
2009-02-15,1.783961361,0.0,7.5,-1.05
2009-02-16,1.783961361,0.0,8.45,-1.3
2009-02-17,1.783961361,4.1,8.7,-1.4
2009-02-18,1.755644514,0.0,9.5,-2.75
2009-02-19,1.670693973,0.0,6.05,-2.25
2009-02-20,1.642377126,0.0,10.25,-3.05
2009-02-21,1.614060279,0.0,11.4,-2.15
2009-02-22,1.783961361,15.7,6.75,1.3
2009-02-23,2.944952088,18.8,7.85,0.8
2009-02-24,4.898814531,27.9,6.65,0.95
2009-02-25,10.533867084,47.8,4.95,2.3
2009-02-26,10.448916543,10.4,3.5,-1.25
2009-02-27,6.569508504,0.0,5.2,-3.35
2009-02-28,4.870497684,0.0,9.0,-1.9
2009-03-01,4.275843897,2.0,6.25,1.45
2009-03-02,5.351884083,13.5,11.600000000000001,2.8
2009-03-03,5.210299848,6.4,9.3,-0.8
2009-03-04,4.474061826,2.0,6.5,-1.4
2009-03-05,4.24752705,43.4,3.05,1.1
2009-03-06,4.162576509,1.3,7.15,-0.55
2009-03-07,3.624556416,4.3,4.65,-0.2
2009-03-08,3.256437405,11.9,1.9000000000000001,-1.1
2009-03-09,2.888318394,15.2,1.95,-1.8
2009-03-10,2.605149924,2.5,5.15,-1.65
2009-03-11,2.378615148,0.0,6.300000000000001,-4.9
2009-03-12,2.237030913,0.0,9.85,-3.8
2009-03-13,2.180397219,0.0,10.25,-2.95
2009-03-14,2.435248842,33.3,3.5999999999999996,-1.5499999999999998
2009-03-15,7.305746526,52.1,4.949999999999999,0.75
2009-03-16,8.664955182,25.4,4.0,-0.3
2009-03-17,6.399607422,5.1,8.5,1.55
2009-03-18,5.210299848,0.0,12.75,0.5
2009-03-19,4.587329214,1.5,12.350000000000001,-0.2
2009-03-20,4.643962908,8.4,12.350000000000001,4.55
2009-03-21,5.550102012,6.1,9.15,3.0
2009-03-22,5.38020093,9.9,3.95,-0.2
2009-03-23,4.587329214,11.4,4.6,-0.1
2009-03-24,4.332477591,10.4,8.9,0.2
2009-03-25,4.81386399,27.4,8.05,2.4000000000000004
2009-03-26,5.635052553,0.3,12.1,2.0
2009-03-27,5.068715613,0.0,15.350000000000001,1.2000000000000002
2009-03-28,5.351884083,26.9,8.95,-0.19999999999999998
2009-03-29,7.249112832,6.4,4.550000000000001,-0.55
2009-03-30,5.918221023,0.0,9.9,-0.7000000000000001
2009-03-31,5.012081919,5.1,6.6,-0.35000000000000003
2009-04-01,4.502378673,27.7,2.95,0.04999999999999999
2009-04-02,8.551687794,33.3,6.300000000000001,0.0
2009-04-03,8.268519324,3.8,6.7,-0.3
2009-04-04,6.51287481,0.0,14.600000000000001,-0.95
2009-04-05,5.351884083,0.0,20.200000000000003,-1.85
2009-04-06,4.842180837,0.0,24.35,-0.8500000000000001
2009-04-07,5.153666154,0.0,19.8,0.09999999999999999
2009-04-08,5.804953635,9.7,11.15,6.2
2009-04-09,6.711092739,13.2,13.95,3.7
2009-04-10,6.937627515,0.0,12.2,3.25
2009-04-11,5.918221023,0.0,12.75,3.95
2009-04-12,5.351884083,18.0,10.35,5.15
2009-04-13,7.419013914,14.2,7.05,-0.15000000000000002
2009-04-14,6.22970634,4.3,6.1,-0.35
2009-04-15,5.210299848,0.8,9.100000000000001,-0.65
2009-04-16,4.389111285,0.0,17.049999999999997,-1.65
2009-04-17,3.96435858,3.6,13.05,3.05
2009-04-18,3.737823804,0.0,20.75,0.35
2009-04-19,3.794457498,0.0,26.799999999999997,1.4
2009-04-20,4.927131378,0.0,31.55,3.65
2009-04-21,6.654459044999999,0.0,28.6,4.05
2009-04-22,6.654459044999999,0.0,23.35,3.0
2009-04-23,5.550102012,0.0,13.45,-1.25
2009-04-24,4.219210203,0.0,16.4,-2.8
2009-04-25,3.454655334,0.8,8.5,-0.8
2009-04-26,2.973268935,0.3,14.55,1.25
2009-04-27,2.690100465,3.3,8.149999999999999,1.8499999999999999
2009-04-28,2.576833077,9.9,8.7,3.15
2009-04-29,2.378615148,0.8,11.600000000000001,0.8
2009-04-30,2.152080372,0.0,18.0,0.44999999999999996
2009-05-01,2.095446678,7.4,20.6,2.5999999999999996
2009-05-02,2.803367853,20.6,15.35,7.15
2009-05-03,3.652873263,6.6,14.850000000000001,6.25
2009-05-04,4.077625968,39.6,10.399999999999999,5.75
2009-05-05,13.280601243,16.5,11.149999999999999,7.3
2009-05-06,13.790304489,25.7,13.85,6.05
2009-05-07,13.478819172,10.2,11.75,3.0999999999999996
2009-05-08,9.854262756,0.0,19.05,2.95
2009-05-09,7.419013914,0.0,20.1,3.65
2009-05-10,6.088122105,0.5,22.65,2.4000000000000004
2009-05-11,5.38020093,0.8,19.85,5.9
2009-05-12,4.785547143,15.2,9.149999999999999,3.2
2009-05-13,4.190893356,20.8,12.3,1.4
2009-05-14,7.390697067,7.4,17.85,6.85
2009-05-15,6.569508504,0.0,23.6,5.25
2009-05-16,5.833270482,0.0,29.8,5.35
2009-05-17,5.833270482,0.0,31.3,6.949999999999999
2009-05-18,5.635052553,0.3,28.0,7.0
2009-05-19,5.181983001,4.1,14.3,4.65
2009-05-20,4.105942815,0.0,21.0,1.9500000000000002
2009-05-21,3.539605875,0.0,23.799999999999997,2.8
2009-05-22,3.313071099,0.0,23.55,5.1
2009-05-23,3.228120558,0.0,21.6,6.9
2009-05-24,3.086536323,0.0,23.25,7.25
2009-05-25,2.8316847,0.0,24.6,4.550000000000001
2009-05-26,2.605149924,0.0,25.4,4.75
2009-05-27,2.491882536,0.0,29.700000000000003,6.35
2009-05-28,2.463565689,0.0,33.4,8.05
2009-05-29,2.463565689,0.0,32.849999999999994,12.45
2009-05-30,2.293664607,0.0,33.650000000000006,10.8
2009-05-31,2.123763525,0.0,31.25,13.35
2009-06-01,1.953862443,2.8,28.6,12.45
2009-06-02,1.812278208,1.8,21.35,13.100000000000001
2009-06-03,1.69901082,6.9,30.9,12.2
2009-06-04,1.727327667,5.8,23.45,12.45
2009-06-05,1.614060279,0.0,18.200000000000003,11.15
2009-06-06,1.529109738,0.3,18.35,10.2
2009-06-07,1.444159197,0.0,20.25,10.15
2009-06-08,1.3592086559999998,0.0,23.95,9.5
2009-06-09,1.302574962,0.0,22.4,8.600000000000001
2009-06-10,1.330891809,10.7,22.15,11.399999999999999
2009-06-11,1.444159197,1.0,19.0,11.65
2009-06-12,1.330891809,13.2,23.85,11.5
2009-06-13,1.302574962,4.6,22.35,11.600000000000001
2009-06-14,1.302574962,0.0,24.25,12.15
2009-06-15,1.217624421,0.0,26.75,10.95
2009-06-16,1.160990727,0.0,25.6,8.600000000000001
2009-06-17,1.104357033,0.0,24.1,10.45
2009-06-18,1.047723339,0.0,25.2,8.85
2009-06-19,1.047723339,3.6,20.5,11.45
2009-06-20,1.019406492,0.0,15.649999999999999,9.65
2009-06-21,0.991089645,2.0,15.85,7.949999999999999
2009-06-22,0.991089645,0.0,22.0,6.45
2009-06-23,0.934455951,0.0,28.1,5.15
2009-06-24,0.906139104,0.0,28.25,7.25
2009-06-25,0.8778222569999999,0.0,22.85,10.05
2009-06-26,0.8778222569999999,0.0,23.9,8.7
2009-06-27,0.821188563,0.0,31.45,5.85
2009-06-28,0.792871716,0.0,27.05,7.3
2009-06-29,0.764554869,0.0,26.8,6.1
2009-06-30,0.764554869,0.0,27.05,5.4
2009-07-01,0.736238022,0.0,31.6,7.15
2009-07-02,0.707921175,0.0,34.150000000000006,9.8
2009-07-03,0.707921175,0.0,33.9,10.2
2009-07-04,0.6796043279999999,0.0,34.7,10.899999999999999
2009-07-05,0.651287481,0.0,31.549999999999997,11.2
2009-07-06,0.622970634,0.0,22.75,9.0
2009-07-07,0.622970634,0.0,23.75,6.7
2009-07-08,0.622970634,0.0,22.25,9.0
2009-07-09,0.622970634,0.0,25.1,6.3
2009-07-10,0.5946537869999999,0.0,28.950000000000003,11.25
2009-07-11,0.5946537869999999,0.0,27.2,10.600000000000001
2009-07-12,0.5946537869999999,3.8,17.9,11.5
2009-07-13,0.622970634,0.3,22.9,9.899999999999999
2009-07-14,0.5946537869999999,0.0,29.9,7.15
2009-07-15,0.56633694,0.0,31.7,8.95
2009-07-16,0.538020093,0.0,33.0,9.85
2009-07-17,0.5097032459999999,0.0,34.25,11.85
2009-07-18,0.5097032459999999,0.0,31.35,12.399999999999999
2009-07-19,0.5097032459999999,0.0,30.6,10.65
2009-07-20,0.4813863989999999,0.0,33.849999999999994,9.399999999999999
2009-07-21,0.4813863989999999,0.0,33.7,11.600000000000001
2009-07-22,0.4813863989999999,0.0,30.0,12.35
2009-07-23,0.453069552,0.0,29.45,10.95
2009-07-24,0.453069552,0.0,32.849999999999994,9.45
2009-07-25,0.453069552,0.0,33.35,12.0
2009-07-26,0.424752705,0.0,35.45,13.05
2009-07-27,0.424752705,0.0,38.7,14.15
2009-07-28,0.396435858,0.0,41.0,13.8
2009-07-29,0.396435858,0.0,41.45,15.45
2009-07-30,0.396435858,0.0,36.85,15.25
2009-07-31,0.396435858,0.0,35.9,15.899999999999999
2009-08-01,0.368119011,0.0,35.45,17.05
2009-08-02,0.368119011,0.0,33.95,17.8
2009-08-03,0.368119011,0.0,34.45,16.3
2009-08-04,0.368119011,0.0,30.85,13.0
2009-08-05,0.3398021639999999,0.0,30.9,9.25
2009-08-06,0.396435858,11.4,14.8,11.5
2009-08-07,0.453069552,2.3,14.399999999999999,11.45
2009-08-08,0.424752705,0.0,22.65,11.25
2009-08-09,0.396435858,0.0,27.1,11.100000000000001
2009-08-10,0.368119011,0.0,30.9,9.100000000000001
2009-08-11,0.368119011,0.0,32.5,9.45
2009-08-12,0.3398021639999999,0.0,27.9,15.0
2009-08-13,0.3398021639999999,0.0,21.5,12.4
2009-08-14,0.3398021639999999,0.0,21.3,8.0
2009-08-15,0.3398021639999999,0.0,23.85,4.7
2009-08-16,0.3398021639999999,0.0,27.15,6.15
2009-08-17,0.3398021639999999,0.0,34.5,7.65
2009-08-18,0.311485317,0.0,37.0,9.5
2009-08-19,0.311485317,0.0,39.2,12.75
2009-08-20,0.311485317,0.0,34.150000000000006,12.5
2009-08-21,0.311485317,0.0,28.0,10.3
2009-08-22,0.311485317,0.0,27.9,8.35
2009-08-23,0.311485317,0.0,25.4,6.9
2009-08-24,0.311485317,0.0,31.2,5.4
2009-08-25,0.28316847,0.0,27.85,6.550000000000001
2009-08-26,0.28316847,0.0,34.0,7.9
2009-08-27,0.28316847,0.0,35.1,9.25
2009-08-28,0.28316847,1.0,24.7,9.45
2009-08-29,0.28316847,0.0,28.4,9.5
2009-08-30,0.28316847,0.0,30.75,8.05
2009-08-31,0.28316847,0.0,30.95,10.75
2009-09-01,0.28316847,0.0,25.4,12.45
2009-09-02,0.28316847,0.0,31.65,9.85
2009-09-03,0.2746734159,0.0,27.4,11.35
2009-09-04,0.2718417312,0.0,27.5,8.399999999999999
2009-09-05,0.3398021639999999,12.2,16.75,11.75
2009-09-06,0.396435858,10.9,15.65,10.05
2009-09-07,0.396435858,0.3,20.5,6.5
2009-09-08,0.311485317,0.0,25.45,3.6
2009-09-09,0.311485317,0.0,27.15,7.5
2009-09-10,0.28316847,0.0,30.95,8.3
2009-09-11,0.28316847,0.0,33.8,10.15
2009-09-12,0.2803367853,0.0,34.35,11.2
2009-09-13,0.2775051006,0.0,24.6,11.899999999999999
2009-09-14,0.2746734159,0.0,25.9,10.2
2009-09-15,0.2690100465,0.0,30.2,9.75
2009-09-16,0.2690100465,0.0,25.799999999999997,10.45
2009-09-17,0.2690100465,0.0,25.65,9.6
2009-09-18,0.2661783618,0.0,31.55,6.4
2009-09-19,0.2661783618,1.3,17.95,9.15
2009-09-20,0.28316847,0.0,24.4,4.949999999999999
2009-09-21,0.2661783618,0.0,32.0,3.4000000000000004
2009-09-22,0.2576833077,0.0,33.95,6.15
2009-09-23,0.2491882536,0.0,28.85,7.8
2009-09-24,0.2491882536,0.0,26.7,7.449999999999999
2009-09-25,0.2491882536,0.0,29.049999999999997,7.6
2009-09-26,0.2491882536,0.0,28.5,7.699999999999999
2009-09-27,0.2491882536,0.0,31.299999999999997,5.4
2009-09-28,0.2435248841999999,0.8,19.35,4.699999999999999
2009-09-29,0.28316847,14.0,11.100000000000001,5.75
2009-09-30,0.368119011,2.5,14.05,5.9
2009-10-01,0.3398021639999999,0.0,18.6,5.1
2009-10-02,0.28316847,2.0,12.899999999999999,4.449999999999999
2009-10-03,0.311485317,1.0,11.55,3.1
2009-10-04,0.3398021639999999,5.6,7.5,4.0
2009-10-05,0.311485317,0.0,15.6,0.6
2009-10-06,0.28316847,0.0,18.15,-1.65
2009-10-07,0.2775051006,0.0,19.4,0.2
2009-10-08,0.2690100465,0.0,19.5,2.3
2009-10-09,0.2661783618,0.0,19.7,0.95
2009-10-10,0.2576833077,0.0,18.65,1.05
2009-10-11,0.2576833077,0.0,17.75,2.0
2009-10-12,0.2576833077,0.0,15.95,0.1
2009-10-13,0.2633466771,4.3,12.25,3.75
2009-10-14,0.5946537869999999,33.5,12.100000000000001,8.899999999999999
2009-10-15,0.736238022,9.4,16.65,9.0
2009-10-16,0.424752705,0.0,21.2,6.3
2009-10-17,0.368119011,9.9,17.25,8.4
2009-10-18,0.396435858,0.0,15.850000000000001,8.0
2009-10-19,0.3398021639999999,0.5,16.1,7.550000000000001
2009-10-20,0.311485317,0.0,17.0,6.5
2009-10-21,0.3398021639999999,9.4,12.55,6.050000000000001
2009-10-22,0.368119011,0.0,15.0,6.85
2009-10-23,0.538020093,24.9,11.399999999999999,8.7
2009-10-24,0.651287481,0.0,13.2,4.4
2009-10-25,0.424752705,1.5,12.0,1.85
2009-10-26,0.962772798,40.9,12.149999999999999,4.25
2009-10-27,1.302574962,10.8,5.85,2.95
2009-10-28,0.8778222569999999,0.0,7.199999999999999,2.0
2009-10-29,1.019406492,24.3,8.35,3.25
2009-10-30,1.529109738,0.5,14.399999999999999,7.449999999999999
2009-10-31,2.123763525,22.0,12.25,8.8
2009-11-01,1.585743432,0.0,12.9,2.05
2009-11-02,1.076040186,0.0,12.149999999999999,-0.65
2009-11-03,0.84950541,0.0,13.8,-0.3
2009-11-04,0.707921175,0.0,14.350000000000001,0.7
2009-11-05,0.622970634,17.6,9.35,2.5
2009-11-06,1.840595055,18.1,8.05,4.75
2009-11-07,2.661783618,39.8,9.35,1.4500000000000002
2009-11-08,3.143170017,0.8,8.95,1.4500000000000002
2009-11-09,2.321981454,12.6,5.35,0.05
2009-11-10,2.463565689,3.8,10.1,4.25
2009-11-11,2.378615148,16.5,6.050000000000001,2.45
2009-11-12,2.350298301,11.0,4.8,-0.05
2009-11-13,2.152080372,12.5,2.85,-0.05
2009-11-14,1.812278208,0.0,5.15,0.4
2009-11-15,1.529109738,0.0,7.4,0.05
2009-11-16,1.500792891,0.0,9.15,-0.75
2009-11-17,2.576833077,30.1,6.75,2.4000000000000004
2009-11-18,2.803367853,7.3,7.5,1.1
2009-11-19,2.435248842,3.3,7.85,1.15
2009-11-20,2.321981454,19.0,3.95,0.1
2009-11-21,2.208714066,14.8,4.05,-0.05
2009-11-22,4.842180837,29.5,5.0,0.2
2009-11-23,3.737823804,0.3,4.0,0.75
2009-11-24,2.944952088,0.0,7.35,-1.15
2009-11-25,2.690100465,0.0,8.6,-1.15
2009-11-26,3.11485317,24.2,8.75,0.25
2009-11-27,5.918221023,9.0,6.7,1.75
2009-11-28,4.728913449,0.0,5.4,-1.35
2009-11-29,3.596239569,0.0,4.0,-1.9500000000000002
2009-11-30,2.916635241,0.0,4.6,-1.9500000000000002
2009-12-01,2.463565689,0.0,6.55,-1.65
2009-12-02,2.152080372,0.0,0.09999999999999999,-2.55
2009-12-03,1.868911902,0.0,1.5,-4.1
2009-12-04,1.670693973,0.0,2.15,-4.15
2009-12-05,1.500792891,0.0,2.35,-5.05
2009-12-06,1.41584235,0.0,-0.1,-6.25
2009-12-07,1.274258115,0.0,-1.35,-12.149999999999999
2009-12-08,1.189307574,0.0,-2.35,-13.55
2009-12-09,1.13267388,0.0,-2.05,-13.55
2009-12-10,1.104357033,0.0,-1.45,-12.2
2009-12-11,1.076040186,1.3,-0.7,-10.7
2009-12-12,1.076040186,5.8,2.5,-1.2000000000000002
2009-12-13,0.991089645,1.8,2.15,-0.9500000000000001
2009-12-14,0.962772798,18.1,0.95,-2.6500000000000004
2009-12-15,4.728913449,47.2,2.4000000000000004,0.35
2009-12-16,9.854262756,28.8,5.0,1.6
2009-12-17,10.788718707,11.0,5.55,2.55
2009-12-18,7.673865537,2.8,8.2,1.75
2009-12-19,6.173072646,4.0,10.25,3.8
2009-12-20,5.266933541999999,13.8,8.399999999999999,2.75
2009-12-21,6.51287481,17.8,7.4,-0.15
2009-12-22,5.833270482,4.5,3.0,-1.1
2009-12-23,4.559012367,0.0,1.8499999999999999,-2.9
2009-12-24,3.794457498,0.0,2.1,-3.25
2009-12-25,3.313071099,0.0,2.1,-3.7
2009-12-26,2.916635241,0.0,1.8,-4.1
2009-12-27,2.576833077,1.5,1.9000000000000001,-3.4
2009-12-28,2.293664607,0.0,2.3,-2.75
2009-12-29,2.152080372,16.8,0.15000000000000002,-4.35
2009-12-30,2.123763525,16.3,1.2,-0.5
2009-12-31,7.815449772,80.0,0.25,-0.35
2010-01-01,23.672884092,27.7,5.5,0.05
2010-01-02,16.961791353,2.5,4.699999999999999,0.0
2010-01-03,10.732085013,0.0,6.35,-0.1
2010-01-04,8.126935089,11.3,4.75,0.85
2010-01-05,10.109114379,30.9,6.65,3.55
2010-01-06,15.262780533,10.1,7.35,1.5499999999999998
2010-01-07,10.732085013,0.0,6.35,2.55
2010-01-08,7.872083465999999,7.5,8.399999999999999,1.65
2010-01-09,6.541191657,4.5,11.05,5.75
2010-01-10,5.295250389,0.3,9.15,1.35
2010-01-11,4.417428132,0.0,8.600000000000001,4.0
2010-01-12,4.162576509,7.6,9.45,6.050000000000001
2010-01-13,4.020992274,20.6,6.45,5.1
2010-01-14,4.502378673,0.5,4.5,2.3
2010-01-15,4.105942815,21.6,7.55,2.4000000000000004
2010-01-16,6.314656881,15.5,8.05,4.2
2010-01-17,6.852676974,12.8,7.85,4.65
2010-01-18,6.116438952,0.0,6.55,-0.2
2010-01-19,5.012081919,0.5,8.45,1.85
2010-01-20,4.134259662,0.5,7.65,0.35
2010-01-21,3.482972181,0.0,7.4,0.85
2010-01-22,3.058219476,7.5,4.65,2.0
2010-01-23,2.661783618,0.8,6.3,-0.2
2010-01-24,2.860001547,24.7,3.4000000000000004,-0.4
2010-01-25,3.567922722,5.5,7.5,3.3
2010-01-26,3.426338487,3.3,7.85,3.0
2010-01-27,3.11485317,0.0,7.05,-0.65
2010-01-28,2.803367853,0.0,8.399999999999999,-1.25
2010-01-29,2.633466771,3.0,8.100000000000001,3.5999999999999996
2010-01-30,2.491882536,2.8,6.7,4.25
2010-01-31,2.378615148,1.5,9.3,1.35
2010-02-01,2.406931995,15.8,5.65,0.2
2010-02-02,2.661783618,0.3,8.399999999999999,0.3
2010-02-03,2.576833077,7.0,8.95,3.2
2010-02-04,2.576833077,4.0,7.8,2.9000000000000004
2010-02-05,2.54851623,1.8,10.3,1.9
2010-02-06,2.463565689,5.8,8.35,1.85
2010-02-07,2.463565689,1.3,11.3,4.15
2010-02-08,2.350298301,0.0,9.15,3.15
2010-02-09,2.208714066,0.0,9.3,-1.35
2010-02-10,2.152080372,12.5,4.6,-1.7
2010-02-11,3.001585782,20.3,8.55,3.7
2010-02-12,3.879408039,7.8,6.65,4.0
2010-02-13,3.879408039,2.8,11.0,4.1
2010-02-14,3.851091192,9.5,9.399999999999999,5.3
2010-02-15,3.794457498,4.5,11.600000000000001,2.55
2010-02-16,3.567922722,3.3,13.3,5.75
2010-02-17,3.284754252,0.0,14.05,1.5
2010-02-18,2.916635241,0.0,11.149999999999999,-1.5499999999999998
2010-02-19,2.633466771,0.0,13.05,-2.2
2010-02-20,2.378615148,0.0,11.45,-3.05
2010-02-21,2.180397219,0.0,11.4,-3.35
2010-02-22,1.98217929,0.0,9.85,-4.65
2010-02-23,1.925545596,21.3,6.2,-2.2
2010-02-24,2.888318394,32.7,8.5,2.95
2010-02-25,4.020992274,9.5,10.2,2.95
2010-02-26,3.766140651,4.5,9.3,5.0
2010-02-27,3.313071099,0.0,12.25,-0.55
2010-02-28,2.860001547,0.0,13.35,-0.85
2010-03-01,2.576833077,0.0,14.9,0.55
2010-03-02,2.378615148,2.3,11.100000000000001,3.7
2010-03-03,2.26534776,2.0,6.55,2.9000000000000004
2010-03-04,2.123763525,0.8,10.95,1.7
2010-03-05,1.98217929,0.0,11.45,-1.5
2010-03-06,1.840595055,0.0,17.6,-0.85
2010-03-07,1.727327667,1.8,12.5,-0.9
2010-03-08,1.670693973,0.5,7.4,-3.0
2010-03-09,1.557426585,3.8,8.2,-3.25
2010-03-10,1.529109738,4.5,6.45,-0.15
2010-03-11,1.840595055,21.5,4.45,0.0
2010-03-12,2.605149924,19.0,4.45,0.55
2010-03-13,2.690100465,2.5,6.55,-1.4500000000000002
2010-03-14,2.406931995,0.0,11.95,-2.35
2010-03-15,2.293664607,0.0,16.95,-0.65
2010-03-16,2.293664607,1.0,13.45,0.6000000000000001
2010-03-17,2.208714066,0.0,14.5,-1.25
2010-03-18,2.067129831,0.0,17.45,-2.65
2010-03-19,1.925545596,0.0,20.200000000000003,-2.65
2010-03-20,1.812278208,0.0,21.75,-1.35
2010-03-21,1.953862443,15.0,9.5,4.7
2010-03-22,2.208714066,4.3,10.2,-0.4
2010-03-23,2.010496137,0.0,15.45,-2.15
2010-03-24,1.897228749,8.8,20.25,0.6000000000000001
2010-03-25,2.463565689,35.7,6.4,2.55
2010-03-26,3.936041733,22.2,6.3,0.44999999999999996
2010-03-27,3.851091192,0.0,15.2,1.15
2010-03-28,3.794457498,27.9,9.35,3.3
2010-03-29,13.563769713,44.6,8.0,1.9
2010-03-30,14.384958276,25.8,4.4,-0.15
2010-03-31,9.656044827,4.8,8.45,-0.2
2010-04-01,6.965944362,0.0,9.2,-0.75
2010-04-02,6.314656881,49.0,4.15,-0.8
2010-04-03,6.173072646,5.5,6.85,-0.15
2010-04-04,5.38020093,3.8,9.55,-1.0
2010-04-05,4.643962908,10.4,7.55,0.4
2010-04-06,4.304160744,15.3,6.8,2.0
2010-04-07,4.332477591,0.5,17.5,1.0
2010-04-08,4.757230296,16.4,6.7,-0.65
2010-04-09,4.219210203,0.0,11.8,-1.0
2010-04-10,3.737823804,5.6,17.450000000000003,-2.25
2010-04-11,3.596239569,2.5,12.899999999999999,1.75
2010-04-12,3.539605875,2.0,16.6,4.15
2010-04-13,3.652873263,6.0,12.6,4.9
2010-04-14,3.96435858,12.4,15.350000000000001,2.55
2010-04-15,4.842180837,0.0,17.85,3.45
2010-04-16,4.785547143,0.0,18.65,2.7
2010-04-17,4.955448225,0.0,20.25,3.2
2010-04-18,5.012081919,0.0,24.05,1.5
2010-04-19,5.125349307,0.0,21.65,4.449999999999999
2010-04-20,5.181983001,9.8,10.05,4.35
2010-04-21,5.153666154,3.5,9.8,2.7
2010-04-22,4.190893356,0.0,16.45,1.5499999999999998
2010-04-23,3.596239569,0.8,21.4,-0.8
2010-04-24,3.313071099,3.3,12.45,1.9
2010-04-25,2.944952088,0.0,21.25,-0.85
2010-04-26,2.775051006,12.3,15.25,3.45
2010-04-27,4.105942815,33.5,9.2,2.95
2010-04-28,4.643962908,26.4,8.7,1.5499999999999998
2010-04-29,5.097032459999999,14.5,8.1,1.3
2010-04-30,5.210299848,3.0,11.350000000000001,2.45
2010-05-01,5.097032459999999,4.8,13.899999999999999,4.7
2010-05-02,4.927131378,0.3,16.2,3.7
2010-05-03,6.371290575,26.1,10.15,1.75
2010-05-04,6.711092739,0.0,12.05,0.65
2010-05-05,5.550102012,6.3,7.25,0.75
2010-05-06,4.587329214,0.0,16.15,0.55
2010-05-07,3.936041733,0.0,19.9,1.7
2010-05-08,3.482972181,0.0,20.25,2.25
2010-05-09,3.228120558,10.9,20.2,2.05
2010-05-10,3.567922722,10.5,13.600000000000001,5.6
2010-05-11,3.341387946,0.3,9.3,5.35
2010-05-12,3.086536323,0.0,18.049999999999997,6.1
2010-05-13,2.916635241,0.0,24.4,3.5
2010-05-14,2.8316847,0.0,26.049999999999997,4.7
2010-05-15,2.8316847,0.0,25.049999999999997,5.6
2010-05-16,2.775051006,0.0,25.4,8.25
2010-05-17,2.718417312,8.6,25.15,9.55
2010-05-18,2.8316847,7.6,16.1,7.8
2010-05-19,3.029902629,23.7,14.5,5.050000000000001
2010-05-20,3.96435858,16.6,11.1,3.1
2010-05-21,3.709506957,11.5,8.85,2.6
2010-05-22,3.426338487,4.5,10.75,2.15
2010-05-23,3.228120558,2.8,12.149999999999999,3.35
2010-05-24,3.058219476,0.3,14.25,4.550000000000001
2010-05-25,2.916635241,4.1,16.55,5.2
2010-05-26,3.199803711,15.9,14.8,6.9
2010-05-27,3.369704793,3.5,17.1,6.15
2010-05-28,3.143170017,0.5,13.15,7.05
2010-05-29,2.860001547,0.0,17.45,6.25
2010-05-30,2.661783618,0.8,20.3,6.6
2010-05-31,2.746734159,11.3,17.549999999999997,11.15
2010-06-01,2.746734159,11.0,16.25,10.45
2010-06-02,14.186740347,75.5,14.25,8.85
2010-06-03,17.754663069,23.8,13.95,8.3
2010-06-04,20.558030922,22.0,15.9,10.100000000000001
2010-06-05,15.347731074,0.0,22.15,9.100000000000001
2010-06-06,10.363966002,12.9,19.75,11.65
2010-06-07,8.155251935999999,1.8,21.5,7.5
2010-06-08,6.173072646,4.0,22.1,5.85
2010-06-09,5.691686247,19.4,15.4,8.2
2010-06-10,6.059805258,6.3,11.5,6.7
2010-06-11,5.521785165,0.3,19.200000000000003,6.8
2010-06-12,4.700596602,0.0,27.9,6.5
2010-06-13,3.992675427,0.0,27.6,7.949999999999999
2010-06-14,3.426338487,0.0,21.5,5.4
2010-06-15,3.029902629,0.3,16.8,4.4
2010-06-16,2.803367853,6.3,10.2,6.15
2010-06-17,2.576833077,0.0,16.85,5.949999999999999
2010-06-18,2.321981454,0.0,20.05,3.0999999999999996
2010-06-19,2.152080372,0.5,17.799999999999997,9.399999999999999
2010-06-20,2.010496137,0.0,12.95,9.05
2010-06-21,1.868911902,0.0,23.75,8.899999999999999
2010-06-22,1.755644514,0.0,26.1,6.7
2010-06-23,1.670693973,0.0,26.1,10.15
2010-06-24,1.557426585,0.0,28.299999999999997,9.8
2010-06-25,1.472476044,0.0,26.05,9.5
2010-06-26,1.41584235,0.0,27.4,9.75
2010-06-27,1.330891809,0.0,29.35,8.05
2010-06-28,1.274258115,0.0,28.5,9.399999999999999
2010-06-29,1.217624421,0.0,19.5,8.2
2010-06-30,1.189307574,0.0,22.8,6.5
2010-07-01,1.160990727,0.8,22.4,7.1
2010-07-02,1.160990727,2.3,15.3,8.9
2010-07-03,1.104357033,0.0,22.95,7.55
2010-07-04,1.076040186,0.0,24.450000000000003,4.949999999999999
2010-07-05,1.019406492,0.0,22.75,6.8
2010-07-06,0.962772798,0.0,31.3,5.3
2010-07-07,0.934455951,0.0,35.8,8.95
2010-07-08,0.906139104,0.0,36.65,11.15
2010-07-09,0.8778222569999999,0.0,35.2,14.100000000000001
2010-07-10,0.84950541,0.0,32.1,12.65
2010-07-11,0.821188563,0.0,31.05,13.25
2010-07-12,0.821188563,0.0,24.45,9.399999999999999
2010-07-13,0.792871716,0.0,23.35,7.15
2010-07-14,0.764554869,0.0,30.75,6.35
2010-07-15,0.736238022,0.0,33.25,10.45
2010-07-16,0.707921175,0.0,30.8,10.25
2010-07-17,0.6796043279999999,0.0,29.549999999999997,8.35
2010-07-18,0.6796043279999999,0.0,26.85,7.0
2010-07-19,0.651287481,0.0,27.549999999999997,6.85
2010-07-20,0.651287481,0.0,28.4,11.65
2010-07-21,0.651287481,0.0,28.3,9.0
2010-07-22,0.622970634,0.0,30.25,10.7
2010-07-23,0.622970634,0.0,31.799999999999997,9.5
2010-07-24,0.5946537869999999,0.0,35.1,10.25
2010-07-25,0.5946537869999999,0.0,33.95,13.05
2010-07-26,0.56633694,0.0,33.5,11.55
2010-07-27,0.56633694,0.0,33.6,11.899999999999999
2010-07-28,0.538020093,0.0,29.5,13.35
2010-07-29,0.538020093,0.0,30.700000000000003,11.8
2010-07-30,0.538020093,0.0,28.45,12.2
2010-07-31,0.5097032459999999,0.0,25.55,9.45
2010-08-01,0.5097032459999999,0.0,28.15,7.85
2010-08-02,0.5097032459999999,0.0,29.5,9.65
2010-08-03,0.4813863989999999,0.0,31.0,9.8
2010-08-04,0.4813863989999999,0.0,30.1,10.65
2010-08-05,0.4813863989999999,0.0,31.25,10.75
2010-08-06,0.4813863989999999,0.0,30.6,12.25
2010-08-07,0.453069552,0.0,28.35,10.7
2010-08-08,0.453069552,0.0,27.75,12.75
2010-08-09,0.453069552,0.0,26.9,10.600000000000001
2010-08-10,0.453069552,0.0,26.0,8.5
2010-08-11,0.424752705,0.0,26.549999999999997,11.3
2010-08-12,0.424752705,0.0,31.45,8.35
2010-08-13,0.424752705,0.0,34.8,9.8
2010-08-14,0.396435858,0.0,37.5,12.3
2010-08-15,0.396435858,0.0,37.5,12.100000000000001
2010-08-16,0.396435858,0.0,38.35,13.100000000000001
2010-08-17,0.396435858,3.8,35.65,12.05
2010-08-18,0.396435858,0.0,29.450000000000003,12.05
2010-08-19,0.368119011,0.0,28.85,8.75
2010-08-20,0.368119011,0.0,26.65,8.125
2010-08-21,0.368119011,0.0,24.45,7.5
2010-08-22,0.368119011,0.0,21.85,6.65
2010-08-23,0.368119011,0.0,30.7,4.5
2010-08-24,0.3398021639999999,0.0,37.35,7.35
2010-08-25,0.3398021639999999,0.0,38.5,9.55
2010-08-26,0.3398021639999999,0.0,25.45,8.899999999999999
2010-08-27,0.3398021639999999,0.0,23.0,5.5
2010-08-28,0.3398021639999999,0.0,20.15,8.15
2010-08-29,0.3398021639999999,0.0,19.35,6.5
2010-08-30,0.453069552,15.4,14.75,8.55
2010-08-31,0.396435858,0.5,20.65,9.15
2010-09-01,0.4813863989999999,10.8,20.0,10.25
2010-09-02,0.424752705,0.0,29.9,7.65
2010-09-03,0.368119011,0.0,31.5,11.2
2010-09-04,0.3398021639999999,0.0,23.85,8.0
2010-09-05,0.3398021639999999,0.0,20.5,4.9
2010-09-06,0.3398021639999999,0.0,24.6,2.5999999999999996
2010-09-07,0.368119011,12.4,16.5,10.3
2010-09-08,0.4813863989999999,6.0,15.25,10.85
2010-09-09,0.5097032459999999,4.3,14.3,10.0
2010-09-10,0.424752705,0.0,21.5,7.35
2010-09-11,0.368119011,0.0,24.4,4.5
2010-09-12,0.3398021639999999,0.0,26.45,5.9
2010-09-13,0.3398021639999999,0.0,26.25,7.2
2010-09-14,0.3398021639999999,0.0,27.450000000000003,11.600000000000001
2010-09-15,0.3398021639999999,0.0,23.950000000000003,10.05
2010-09-16,0.311485317,0.0,23.700000000000003,13.8
2010-09-17,0.3398021639999999,4.0,24.15,11.399999999999999
2010-09-18,0.453069552,21.7,17.75,14.05
2010-09-19,1.3592086559999998,62.3,17.15,11.3
2010-09-20,1.585743432,3.5,15.350000000000001,10.45
2010-09-21,0.792871716,0.0,17.9,7.5
2010-09-22,0.5946537869999999,0.0,20.1,8.85
2010-09-23,0.5097032459999999,1.5,15.75,7.0
2010-09-24,0.4813863989999999,0.3,22.299999999999997,9.5
2010-09-25,0.453069552,0.0,24.3,6.7
2010-09-26,0.424752705,0.0,23.9,8.850000000000001
2010-09-27,0.396435858,0.0,27.25,10.899999999999999
2010-09-28,0.396435858,0.0,28.15,12.100000000000001
2010-09-29,0.368119011,0.0,27.549999999999997,13.2
2010-09-30,0.368119011,0.0,27.200000000000003,9.7
2010-10-01,0.368119011,0.0,26.25,8.55
2010-10-02,0.368119011,0.0,21.2,9.2
2010-10-03,0.3398021639999999,0.0,17.2,11.35
2010-10-04,0.3398021639999999,0.0,16.75,6.35
2010-10-05,0.3398021639999999,0.0,21.549999999999997,5.35
2010-10-06,0.3398021639999999,0.0,25.0,5.4
2010-10-07,0.3398021639999999,0.0,21.45,9.15
2010-10-08,0.311485317,0.0,22.15,9.7
2010-10-09,0.651287481,48.2,15.399999999999999,11.600000000000001
2010-10-10,0.707921175,7.8,16.0,7.2
2010-10-11,0.622970634,0.0,15.149999999999999,4.45
2010-10-12,0.4813863989999999,0.0,17.9,1.7
2010-10-13,0.424752705,0.3,19.95,3.9
2010-10-14,0.396435858,0.0,19.4,3.8
2010-10-15,0.396435858,0.0,17.5,5.85
2010-10-16,0.368119011,0.0,16.6,4.05
2010-10-17,0.368119011,0.0,18.75,4.55
2010-10-18,0.3398021639999999,0.0,16.55,0.8
2010-10-19,0.3398021639999999,0.0,18.85,1.5
2010-10-20,0.3398021639999999,0.0,19.55,2.8
2010-10-21,0.311485317,0.5,16.0,3.05
2010-10-22,0.3398021639999999,9.8,14.25,7.85
2010-10-23,0.453069552,33.3,12.5,6.7
2010-10-24,2.690100465,54.1,10.1,4.25
2010-10-25,4.615646061,41.9,7.45,-0.09999999999999999
2010-10-26,4.020992274,17.8,4.65,-0.09999999999999999
2010-10-27,2.803367853,0.5,8.3,0.65
2010-10-28,2.293664607,14.5,10.3,4.5
2010-10-29,2.406931995,0.8,13.7,5.7
2010-10-30,2.208714066,9.1,9.2,5.2
2010-10-31,2.916635241,6.1,11.149999999999999,6.15
2010-11-01,2.520199383,4.3,11.65,7.75
2010-11-02,2.746734159,5.3,17.450000000000003,8.45
2010-11-03,2.321981454,0.0,16.95,6.15
2010-11-04,1.925545596,0.0,15.55,4.55
2010-11-05,1.670693973,0.0,15.1,5.75
2010-11-06,1.500792891,17.6,14.8,9.3
2010-11-07,2.916635241,23.6,10.65,4.3
2010-11-08,2.803367853,7.0,7.199999999999999,3.2
2010-11-09,3.143170017,32.2,3.8499999999999996,1.15
2010-11-10,4.842180837,6.0,7.55,2.8
2010-11-11,3.766140651,2.8,8.55,2.0
2010-11-12,3.058219476,0.0,7.9,-0.2
2010-11-13,2.605149924,4.0,6.5,-0.44999999999999996
2010-11-14,3.171486864,8.5,8.85,5.95
2010-11-15,3.879408039,8.0,11.65,7.75
2010-11-16,4.502378673,3.5,9.7,4.7
2010-11-17,3.851091192,16.4,8.1,3.55
2010-11-18,7.07921175,22.9,7.95,0.8
2010-11-19,5.720003094,5.0,4.75,1.25
2010-11-20,4.389111285,1.3,5.3,-1.3
2010-11-21,3.567922722,14.3,2.4000000000000004,-1.9500000000000002
2010-11-22,3.228120558,48.8,1.4,-1.0
2010-11-23,2.860001547,6.0,-1.0,-5.35
2010-11-24,2.406931995,0.0,1.6,-5.75
2010-11-25,2.180397219,0.0,1.9,-3.8
2010-11-26,2.520199383,18.0,0.7,-1.0
2010-11-27,4.162576509,6.3,3.7,-0.3
2010-11-28,3.766140651,2.0,3.0,-0.3
2010-11-29,3.199803711,3.0,3.2,-0.25
2010-11-30,5.635052553,64.6,0.75,-0.3
2010-12-01,14.668126746,21.8,4.0,0.65
2010-12-02,11.808125199,7.5,3.25,1.3
2010-12-03,8.636638334999999,0.0,3.55,-1.4
2010-12-04,6.371290575,0.0,5.05,-0.4
2010-12-05,4.983765072,0.0,6.300000000000001,-0.55
2010-12-06,4.672279755,7.5,7.15,0.09999999999999999
2010-12-07,4.700596602,0.0,6.4,0.9500000000000001
2010-12-08,5.748319941,14.1,8.3,2.9000000000000004
2010-12-09,7.673865537,25.5,7.95,3.8
2010-12-10,12.516046374,14.8,5.75,2.7
2010-12-11,17.301593517,46.2,6.65,3.0999999999999996
2010-12-12,24.550706349,28.2,9.95,6.35
2010-12-13,29.73268935,36.9,10.600000000000001,7.3
2010-12-14,23.814468327,48.7,10.15,-0.2
2010-12-15,15.036245757,2.8,3.5,-0.2
2010-12-16,9.825945909,0.0,2.95,-1.5499999999999998
2010-12-17,7.022578056,0.0,1.65,-3.3499999999999996
2010-12-18,5.578418859,22.6,0.95,-0.3
2010-12-19,4.643962908,9.1,0.85,-0.55
2010-12-20,4.105942815,3.8,1.45,-0.3
2010-12-21,3.766140651,0.0,2.0,-1.15
2010-12-22,3.511289028,2.3,6.65,0.5
2010-12-23,3.171486864,0.0,4.5,-1.2
2010-12-24,2.944952088,0.3,5.9,-0.04999999999999999
2010-12-25,2.916635241,5.5,6.5,-0.35
2010-12-26,3.11485317,19.8,2.65,-0.2
2010-12-27,3.539605875,29.8,2.7,0.3
2010-12-28,15.829117473,80.2,3.65,0.25
2010-12-29,17.160009282,17.8,1.3,-0.55
2010-12-30,9.202975275,2.8,1.55,-2.9000000000000004
2010-12-31,6.286340034,0.0,-0.7000000000000001,-7.5
2011-01-01,4.870497684,0.0,1.35,-4.05
2011-01-02,3.936041733,0.0,1.8499999999999999,-4.449999999999999
2011-01-03,3.369704793,0.0,2.05,-5.65
2011-01-04,3.001585782,0.0,1.75,-2.95
2011-01-05,2.718417312,0.0,1.75,-0.9
2011-01-06,2.520199383,0.0,3.9,-2.0
2011-01-07,2.406931995,8.8,2.9499999999999997,-3.3
2011-01-08,2.463565689,4.3,2.5,-1.45
2011-01-09,2.321981454,3.8,1.2000000000000002,-1.35
2011-01-10,2.180397219,0.0,2.65,-4.4
2011-01-11,2.067129831,5.5,0.2,-4.9
2011-01-12,2.690100465,11.0,0.8500000000000001,-0.3
2011-01-13,8.523370947,36.6,2.3499999999999996,0.05
2011-01-14,14.271690888,6.3,3.5,1.25
2011-01-15,16.253870178,61.1,4.9,1.9500000000000002
2011-01-16,78.15449772,86.1,11.8,4.8
2011-01-17,47.85547143,4.0,9.95,5.0
2011-01-18,20.727932004,26.4,5.6,3.95
2011-01-19,16.055652248999998,0.3,7.3,-0.4
2011-01-20,11.185154565,0.0,4.1,-2.0
2011-01-21,8.608321488,7.3,5.55,0.85
2011-01-22,7.022578056,0.5,8.25,-0.44999999999999996
2011-01-23,5.776636788,0.0,9.0,-1.2
2011-01-24,4.927131378,0.0,9.100000000000001,0.2
2011-01-25,4.332477591,0.0,6.7,-1.3
2011-01-26,3.794457498,0.0,9.05,-1.4
2011-01-27,3.454655334,0.0,9.6,-1.3
2011-01-28,3.228120558,0.0,11.100000000000001,-1.85
2011-01-29,3.029902629,0.0,9.85,2.45
2011-01-30,2.746734159,0.0,10.3,1.4
2011-01-31,2.520199383,0.0,8.15,1.9
2011-02-01,2.321981454,0.0,5.4,-3.35
2011-02-02,2.152080372,0.0,5.15,-4.449999999999999
2011-02-03,1.98217929,0.0,7.6,-2.5999999999999996
2011-02-04,1.897228749,2.3,10.3,-0.95
2011-02-05,2.26534776,6.5,9.25,5.85
2011-02-06,2.350298301,0.5,12.85,5.65
2011-02-07,2.406931995,10.8,6.550000000000001,1.75
2011-02-08,2.26534776,2.5,5.2,-1.45
2011-02-09,2.067129831,0.0,5.1,-3.3
2011-02-10,1.925545596,0.0,5.55,-3.25
2011-02-11,1.840595055,0.0,9.45,-1.35
2011-02-12,1.783961361,9.3,10.8,-0.65
2011-02-13,1.925545596,2.0,9.65,4.55
2011-02-14,2.067129831,28.5,6.9,-0.25
2011-02-15,3.029902629,49.1,1.1,-0.39999999999999997
2011-02-16,3.058219476,8.5,3.8499999999999996,-0.65
2011-02-17,2.746734159,2.3,4.45,-0.8500000000000001
2011-02-18,2.463565689,1.3,4.05,-1.5
2011-02-19,2.293664607,0.0,2.7,-1.7
2011-02-20,2.095446678,3.0,3.35,-0.8500000000000001
2011-02-21,1.925545596,1.0,6.9,-1.5
2011-02-22,1.897228749,14.5,2.9,-0.3
2011-02-23,1.840595055,17.0,1.4,-1.2
2011-02-24,1.755644514,7.5,1.9999999999999998,-5.9
2011-02-25,1.614060279,0.0,1.35,-10.9
2011-02-26,1.557426585,0.0,0.75,-13.399999999999999
2011-02-27,1.500792891,0.8,1.65,-3.15
2011-02-28,1.840595055,32.8,4.55,0.04999999999999999
2011-03-01,3.171486864,2.8,8.45,-1.3
2011-03-02,3.511289028,11.0,4.0,-0.35
2011-03-03,3.511289028,9.5,5.550000000000001,-1.05
2011-03-04,3.596239569,22.5,5.85,-0.4
2011-03-05,6.173072646,6.5,7.9,0.6000000000000001
2011-03-06,5.748319941,0.0,10.5,-0.3
2011-03-07,4.615646061,2.0,7.4,-0.2
2011-03-08,4.700596602,35.6,3.9,-0.3
2011-03-09,6.371290575,1.0,7.199999999999999,1.25
2011-03-10,10.590500778,41.6,4.949999999999999,1.4
2011-03-11,10.732085013,0.5,10.2,-1.05
2011-03-12,7.730499231,4.3,6.3,-1.75
2011-03-13,6.682775892,14.2,8.0,1.9
2011-03-14,6.880993821,2.5,10.75,1.75
2011-03-15,8.721588876,32.5,8.35,2.2
2011-03-16,11.383372494,27.6,3.65,0.4
2011-03-17,9.34455951,0.5,8.45,-0.2
2011-03-18,7.532281301999999,7.3,4.9,1.35
2011-03-19,6.22970634,0.8,9.55,-1.05
2011-03-20,5.210299848,6.8,9.5,-1.15
2011-03-21,4.955448225,10.5,7.15,1.05
2011-03-22,4.587329214,0.5,11.0,-1.15
2011-03-23,4.077625968,0.5,10.9,-1.4
2011-03-24,3.766140651,4.0,8.5,0.75
2011-03-25,3.737823804,21.3,4.9,-0.09999999999999999
2011-03-26,4.53069552,22.6,8.850000000000001,0.09999999999999999
2011-03-27,5.266933541999999,21.6,5.35,1.25
2011-03-28,5.776636788,8.3,9.45,-0.04999999999999999
2011-03-29,7.164162290999999,48.6,6.7,2.0
2011-03-30,13.903571877,5.5,11.0,4.85
2011-03-31,15.970701708,2.3,15.15,6.9
2011-04-01,14.554859358,2.5,21.25,5.550000000000001
2011-04-02,13.280601243,10.3,7.65,0.95
2011-04-03,9.712678521,0.3,9.75,0.25
2011-04-04,7.872083465999999,28.1,8.2,3.5999999999999996
2011-04-05,12.487729527,7.8,9.35,3.15
2011-04-06,10.279015461,38.5,3.4000000000000004,-0.15000000000000002
2011-04-07,8.410103559,0.8,7.8,-0.95
2011-04-08,6.767726433,0.0,12.399999999999999,-0.95
2011-04-09,5.606735706,0.0,10.8,0.25
2011-04-10,4.785547143,4.3,15.950000000000001,3.05
2011-04-11,4.983765072,13.5,8.75,2.45
2011-04-12,4.587329214,0.0,14.35,-0.15000000000000002
2011-04-13,4.162576509,8.8,7.050000000000001,2.15
2011-04-14,4.105942815,14.8,7.6,0.8
2011-04-15,6.399607422,39.1,9.3,3.3
2011-04-16,18.12278208,27.1,11.399999999999999,6.25
2011-04-17,19.878426594,0.0,12.0,3.5999999999999996
2011-04-18,12.487729527,0.0,11.8,-1.0
2011-04-19,8.806539417,0.0,14.15,-2.85
2011-04-20,6.79604328,1.8,13.45,-0.15000000000000002
2011-04-21,5.521785165,1.3,10.149999999999999,0.25
2011-04-22,4.587329214,0.0,17.9,-2.7
2011-04-23,4.020992274,2.0,21.6,-1.6
2011-04-24,4.049309121,12.3,9.45,4.8
2011-04-25,5.408517777,28.7,8.5,2.85
2011-04-26,6.484557962999999,15.3,9.5,2.45
2011-04-27,6.201389493,5.0,13.85,3.25
2011-04-28,5.833270482,18.8,7.25,1.0
2011-04-29,5.521785165,12.8,9.7,-0.15000000000000002
2011-04-30,5.266933541999999,0.0,13.3,-0.5
2011-05-01,4.81386399,0.0,20.799999999999997,-2.15
2011-05-02,4.615646061,1.3,14.2,3.25
2011-05-03,4.304160744,0.0,17.450000000000003,0.95
2011-05-04,4.105942815,0.0,25.450000000000003,-0.8999999999999999
2011-05-05,4.559012367,0.0,17.6,3.35
2011-05-06,4.898814531,6.8,13.25,6.35
2011-05-07,5.408517777,3.3,12.600000000000001,5.15
2011-05-08,5.606735706,8.8,10.45,4.0
2011-05-09,5.040398766,0.5,14.05,4.7
2011-05-10,4.643962908,0.0,23.049999999999997,4.15
2011-05-11,5.125349307,12.8,22.1,5.55
2011-05-12,6.286340034,0.5,19.1,3.8499999999999996
2011-05-13,5.635052553,0.0,22.5,2.0
2011-05-14,5.465151471,0.0,12.600000000000001,7.75
2011-05-15,5.125349307,9.3,12.55,5.0
2011-05-16,4.955448225,1.5,15.6,4.2
2011-05-17,4.587329214,4.3,13.75,3.9000000000000004
2011-05-18,4.870497684,1.8,16.450000000000003,6.75
2011-05-19,5.153666154,0.0,21.450000000000003,3.85
2011-05-20,4.898814531,3.5,23.4,0.95
2011-05-21,5.012081919,2.0,11.9,7.699999999999999
2011-05-22,4.587329214,1.0,14.05,6.95
2011-05-23,4.105942815,3.3,14.850000000000001,6.449999999999999
2011-05-24,3.822774345,0.3,21.8,5.949999999999999
2011-05-25,4.559012367,19.6,11.0,3.9000000000000004
2011-05-26,4.785547143,13.3,11.3,4.3
2011-05-27,7.390697067,39.5,11.25,4.550000000000001
2011-05-28,8.523370947,4.0,11.6,3.65
2011-05-29,6.909310668,2.0,9.5,4.949999999999999
2011-05-30,6.031488411,9.3,15.9,6.75
2011-05-31,6.003171564,8.5,17.05,6.3
2011-06-01,5.918221023,12.8,14.5,5.5
2011-06-02,5.918221023,3.0,14.149999999999999,5.4
2011-06-03,5.550102012,0.0,23.8,4.949999999999999
2011-06-04,5.606735706,0.0,27.65,6.8
2011-06-05,6.116438952,3.0,22.25,11.3
2011-06-06,6.258023187,1.5,17.700000000000003,10.899999999999999
2011-06-07,5.521785165,0.0,17.2,7.25
2011-06-08,4.757230296,0.0,19.0,6.15
2011-06-09,4.190893356,0.0,24.85,3.5999999999999996
2011-06-10,4.105942815,0.0,21.5,10.399999999999999
2011-06-11,3.936041733,0.0,21.3,7.6
2011-06-12,3.652873263,8.5,22.45,5.7
2011-06-13,4.077625968,0.5,22.1,9.399999999999999
2011-06-14,3.737823804,0.0,22.45,9.25
2011-06-15,3.341387946,0.0,20.25,6.15
2011-06-16,2.973268935,0.0,21.55,2.95
2011-06-17,2.718417312,0.0,25.1,4.0
2011-06-18,2.718417312,6.8,13.45,7.949999999999999
2011-06-19,2.944952088,0.3,20.95,10.55
2011-06-20,2.746734159,0.0,27.15,11.95
2011-06-21,2.718417312,0.0,31.85,9.05
2011-06-22,2.718417312,0.0,28.2,10.399999999999999
2011-06-23,2.463565689,0.0,18.05,7.3
2011-06-24,2.067129831,0.0,21.7,6.25
2011-06-25,1.868911902,0.0,24.8,3.85
2011-06-26,1.755644514,0.0,27.35,5.0
2011-06-27,1.69901082,1.5,28.5,9.399999999999999
2011-06-28,1.840595055,12.1,21.6,13.8
2011-06-29,1.69901082,1.3,18.9,11.9
2011-06-30,1.557426585,0.5,20.7,7.7
2011-07-01,1.41584235,0.0,28.55,5.05
2011-07-02,1.3592086559999998,0.0,29.4,9.55
2011-07-03,1.302574962,0.0,27.0,8.45
2011-07-04,1.245941268,0.0,28.65,8.600000000000001
2011-07-05,1.160990727,0.0,32.25,8.8
2011-07-06,1.13267388,0.0,32.0,10.8
2011-07-07,1.104357033,0.0,26.700000000000003,9.85
2011-07-08,1.047723339,0.0,25.799999999999997,7.949999999999999
2011-07-09,0.991089645,0.0,26.549999999999997,6.25
2011-07-10,0.934455951,0.0,27.5,6.6
2011-07-11,0.906139104,0.0,22.6,8.600000000000001
2011-07-12,0.906139104,3.0,18.799999999999997,11.3
2011-07-13,0.934455951,0.0,22.8,10.399999999999999
2011-07-14,0.8778222569999999,0.0,25.1,10.2
2011-07-15,0.821188563,0.0,28.7,7.65
2011-07-16,0.8778222569999999,5.0,20.5,13.35
2011-07-17,0.84950541,2.0,16.05,12.75
2011-07-18,0.821188563,3.5,23.25,12.05
2011-07-19,1.387525503,22.5,16.75,11.95
2011-07-20,1.104357033,0.0,23.7,10.5
2011-07-21,0.934455951,0.0,21.549999999999997,9.2
2011-07-22,0.906139104,0.0,25.75,10.45
2011-07-23,0.821188563,0.0,31.450000000000003,8.15
2011-07-24,0.792871716,0.0,33.5,11.399999999999999
2011-07-25,0.792871716,0.0,21.3,12.95
2011-07-26,0.764554869,0.0,26.049999999999997,9.600000000000001
2011-07-27,0.736238022,0.0,25.8,8.1
2011-07-28,0.707921175,0.0,29.85,8.55
2011-07-29,0.707921175,0.0,31.75,10.7
2011-07-30,0.6796043279999999,0.0,30.75,11.35
2011-07-31,0.651287481,0.0,30.549999999999997,9.899999999999999
2011-08-01,0.651287481,0.0,31.1,11.15
2011-08-02,0.651287481,0.0,29.5,12.3
2011-08-03,0.622970634,0.0,29.85,9.8
2011-08-04,0.622970634,0.0,28.1,10.7
2011-08-05,0.5946537869999999,0.0,27.5,12.7
2011-08-06,0.5946537869999999,0.0,29.05,10.05
2011-08-07,0.56633694,0.0,29.0,11.0
2011-08-08,0.56633694,0.0,27.1,10.0
2011-08-09,0.56633694,0.0,25.299999999999997,10.600000000000001
2011-08-10,0.538020093,0.0,27.799999999999997,7.75
2011-08-11,0.538020093,0.0,28.799999999999997,6.35
2011-08-12,0.538020093,0.0,29.35,9.25
2011-08-13,0.538020093,0.0,26.5,8.55
2011-08-14,0.5097032459999999,0.0,26.35,10.65
2011-08-15,0.5097032459999999,0.0,26.75,9.05
2011-08-16,0.5097032459999999,0.0,30.3,8.5
2011-08-17,0.5097032459999999,0.0,30.0,9.4
2011-08-18,0.4813863989999999,0.0,28.5,6.15
2011-08-19,0.4813863989999999,0.0,28.9,8.6
2011-08-20,0.453069552,0.0,36.05,10.100000000000001
2011-08-21,0.453069552,0.0,32.75,11.85
2011-08-22,0.453069552,0.0,29.25,12.65
2011-08-23,0.453069552,0.0,32.400000000000006,10.4
2011-08-24,0.453069552,0.5,32.95,12.2
2011-08-25,0.453069552,0.0,32.55,16.35
2011-08-26,0.424752705,0.0,32.25,13.7
2011-08-27,0.424752705,0.0,32.5,13.7
2011-08-28,0.424752705,0.0,31.55,12.8
2011-08-29,0.424752705,0.0,25.8,9.85
2011-08-30,0.424752705,0.0,23.200000000000003,10.2
2011-08-31,0.396435858,0.0,17.700000000000003,5.65
2011-09-01,0.396435858,0.0,26.75,2.95
2011-09-02,0.396435858,0.0,27.75,7.199999999999999
2011-09-03,0.396435858,0.0,33.2,6.65
2011-09-04,0.396435858,0.0,34.55,7.85
2011-09-05,0.396435858,0.0,32.25,10.35
2011-09-06,0.396435858,0.0,33.45,9.55
2011-09-07,0.368119011,0.0,35.3,10.35
2011-09-08,0.368119011,0.0,33.95,13.45
2011-09-09,0.368119011,0.0,33.400000000000006,12.95
2011-09-10,0.368119011,0.0,35.349999999999994,10.05
2011-09-11,0.368119011,0.0,35.150000000000006,10.9
2011-09-12,0.368119011,0.0,30.4,11.2
2011-09-13,0.368119011,0.0,29.299999999999997,10.75
2011-09-14,0.368119011,0.0,18.4,12.7
2011-09-15,0.368119011,0.0,19.75,8.45
2011-09-16,0.368119011,0.0,22.450000000000003,6.449999999999999
2011-09-17,0.368119011,0.0,21.799999999999997,6.199999999999999
2011-09-18,0.368119011,0.0,27.85,9.9
2011-09-19,0.368119011,0.0,27.549999999999997,10.25
2011-09-20,0.368119011,0.0,29.5,8.3
2011-09-21,0.368119011,0.0,31.6,7.75
2011-09-22,0.368119011,0.0,29.799999999999997,7.4
2011-09-23,0.3398021639999999,0.0,31.1,7.550000000000001
2011-09-24,0.3398021639999999,0.0,32.15,9.2
2011-09-25,0.368119011,5.0,16.4,10.7
2011-09-26,0.396435858,0.0,20.15,9.149999999999999
2011-09-27,0.368119011,2.5,16.6,8.9
2011-09-28,0.368119011,0.0,23.65,4.6
2011-09-29,0.368119011,0.0,28.65,5.5
2011-09-30,0.3398021639999999,0.0,25.5,9.0
2011-10-01,0.3398021639999999,0.0,19.7,10.75
2011-10-02,0.368119011,8.8,18.5,10.8
2011-10-03,0.396435858,11.0,12.75,9.350000000000001
2011-10-04,0.4813863989999999,15.3,14.2,9.0
2011-10-05,0.5946537869999999,10.3,10.55,6.15
2011-10-06,0.4813863989999999,1.8,9.350000000000001,6.1
2011-10-07,0.424752705,2.0,13.15,8.2
2011-10-08,0.396435858,0.0,17.05,8.9
2011-10-09,0.396435858,0.3,16.15,9.4
2011-10-10,0.736238022,30.3,15.3,9.65
2011-10-11,1.104357033,13.3,13.5,7.75
2011-10-12,0.736238022,0.0,16.4,6.95
2011-10-13,0.538020093,0.0,14.0,5.35
2011-10-14,0.4813863989999999,0.0,21.45,8.8
2011-10-15,0.424752705,2.3,20.6,10.5
2011-10-16,0.453069552,4.5,17.35,5.699999999999999
2011-10-17,0.424752705,0.0,17.4,2.3
2011-10-18,0.424752705,0.0,19.5,3.75
2011-10-19,0.396435858,0.0,13.95,5.800000000000001
2011-10-20,0.396435858,0.0,17.1,5.1
2011-10-21,0.396435858,0.0,16.75,9.25
2011-10-22,0.396435858,0.0,19.75,8.2
2011-10-23,0.368119011,0.0,19.55,9.05
2011-10-24,0.368119011,0.0,14.15,0.45
2011-10-25,0.368119011,0.0,13.0,-2.1500000000000004
2011-10-26,0.368119011,0.0,13.05,-2.3499999999999996
2011-10-27,0.368119011,0.0,13.9,-1.95
2011-10-28,0.368119011,10.0,14.850000000000001,0.3
2011-10-29,0.4813863989999999,5.0,16.2,8.2
2011-10-30,0.453069552,9.5,14.85,9.350000000000001
2011-10-31,0.56633694,0.8,11.3,1.65
2011-11-01,0.4813863989999999,0.0,10.149999999999999,-0.8
2011-11-02,0.453069552,0.0,10.65,-2.05
2011-11-03,0.4813863989999999,5.5,8.95,-1.15
2011-11-04,0.453069552,0.0,5.1,-0.05
2011-11-05,0.453069552,9.8,4.9,1.55
2011-11-06,0.4813863989999999,0.0,7.35,2.05
2011-11-07,0.453069552,1.3,7.95,2.9
2011-11-08,0.453069552,0.3,8.1,1.85
2011-11-09,0.424752705,0.0,9.75,1.35
2011-11-10,0.424752705,0.0,9.35,-1.1
2011-11-11,0.424752705,5.0,9.9,-1.35
2011-11-12,0.4813863989999999,11.8,7.300000000000001,3.05
2011-11-13,0.651287481,4.5,8.350000000000001,4.75
2011-11-14,0.764554869,11.3,6.949999999999999,5.4
2011-11-15,0.821188563,0.0,7.699999999999999,3.3
2011-11-16,1.047723339,41.6,9.55,3.1500000000000004
2011-11-17,5.493468318,38.0,9.75,1.9
2011-11-18,3.143170017,26.4,2.25,-0.1
2011-11-19,2.010496137,10.5,2.8499999999999996,-1.5
2011-11-20,1.472476044,0.0,2.4,-2.75
2011-11-21,1.755644514,24.3,2.8499999999999996,-1.0
2011-11-22,9.287925816,22.2,6.4,2.1
2011-11-23,6.711092739,11.8,8.4,2.1500000000000004
2011-11-24,5.181983001,21.3,5.25,0.9
2011-11-25,5.691686247,1.3,6.550000000000001,1.55
2011-11-26,3.992675427,0.0,9.399999999999999,2.1
2011-11-27,3.426338487,4.5,8.5,1.35
2011-11-28,3.284754252,0.3,8.95,5.15
2011-11-29,2.860001547,1.0,9.5,3.45
2011-11-30,2.605149924,5.5,8.5,-0.9
2011-12-01,2.26534776,0.0,3.35,-2.25
2011-12-02,2.010496137,0.0,4.3,-1.4
2011-12-03,1.812278208,0.0,3.05,-2.55
2011-12-04,1.614060279,0.0,2.5,-3.95
2011-12-05,1.472476044,0.0,1.7000000000000002,-4.25
2011-12-06,1.3592086559999998,0.0,1.7000000000000002,-4.1
2011-12-07,1.274258115,0.0,2.1,-3.8
2011-12-08,1.217624421,0.0,1.9,-3.9
2011-12-09,1.160990727,0.0,2.6,-3.3
2011-12-10,1.104357033,0.0,1.9500000000000002,-3.7
2011-12-11,1.076040186,0.0,3.8,-2.05
2011-12-12,1.019406492,0.0,3.5,-4.45
2011-12-13,0.991089645,0.0,1.25,-5.95
2011-12-14,0.962772798,3.3,1.4,-5.15
2011-12-15,0.962772798,0.5,3.45,-0.55
2011-12-16,0.906139104,0.0,3.45,-1.5
2011-12-17,0.8778222569999999,0.0,3.25,-1.7
2011-12-18,0.8778222569999999,0.3,3.9,-1.6
2011-12-19,0.8778222569999999,0.0,4.0,-1.65
2011-12-20,0.84950541,0.0,3.1500000000000004,-2.3499999999999996
2011-12-21,0.821188563,0.0,1.2999999999999998,-4.300000000000001
2011-12-22,0.821188563,0.0,0.45,-5.9
2011-12-23,0.792871716,0.0,1.5499999999999998,-4.85
2011-12-24,0.764554869,0.0,3.1,-4.0
2011-12-25,0.821188563,8.8,2.9,-2.0
2011-12-26,0.821188563,0.5,4.699999999999999,-0.95
2011-12-27,0.906139104,32.0,4.65,0.9
2011-12-28,21.209318403,102.2,11.45,3.8499999999999996
2011-12-29,30.58219476,59.8,9.85,6.199999999999999
2011-12-30,54.36834624,47.5,10.6,0.3
2011-12-31,19.651891818,0.0,3.55,-0.8500000000000001
2012-01-01,9.854262756,0.0,7.1,-0.95
2012-01-02,6.456241116,1.0,7.15,0.15000000000000002
2012-01-03,4.643962908,0.0,8.15,1.0
2012-01-04,3.596239569,2.3,8.3,-0.75
2012-01-05,3.199803711,3.5,7.8,0.9
2012-01-06,2.718417312,1.0,4.4,-0.75
2012-01-07,2.378615148,0.3,5.2,-1.05
2012-01-08,2.123763525,0.0,3.2,-1.9
2012-01-09,1.925545596,0.0,4.65,-1.3
2012-01-10,1.783961361,1.5,6.7,-1.75
2012-01-11,1.642377126,0.0,2.55,-3.0
2012-01-12,1.529109738,0.0,2.4,-4.05
2012-01-13,1.41584235,0.0,3.15,-3.2
2012-01-14,1.3592086559999998,3.0,3.8,-3.0
2012-01-15,1.330891809,13.5,1.05,-2.4
2012-01-16,1.245941268,3.5,0.65,-3.1500000000000004
2012-01-17,1.302574962,33.0,1.65,-1.2999999999999998
2012-01-18,7.277429679,129.7,0.6,-0.25
2012-01-19,51.25349307,87.4,5.300000000000001,0.4
2012-01-20,34.82972181,19.9,2.6500000000000004,1.55
2012-01-21,23.163180846,33.3,4.15,-0.30000000000000004
2012-01-22,12.855848538,11.8,2.3499999999999996,-0.6
2012-01-23,8.919806805,0.0,8.1,-1.35
2012-01-24,19.227139113,84.9,2.6500000000000004,-0.4
2012-01-25,36.24556416,19.1,8.8,2.6
2012-01-26,25.938231852,21.1,6.95,-1.2
2012-01-27,13.960205571,0.0,4.95,-3.3
2012-01-28,8.325153018,0.0,4.85,-3.6
2012-01-29,6.258023187,26.2,7.25,-1.25
2012-01-30,8.21188563,0.8,9.7,0.9500000000000001
2012-01-31,6.144755799,0.3,9.5,1.1
2012-02-01,5.38020093,21.3,6.300000000000001,0.6499999999999999
2012-02-02,4.474061826,0.3,10.25,-1.4500000000000002
2012-02-03,3.68119011,0.0,7.85,-2.7
2012-02-04,3.029902629,0.0,7.75,-2.35
2012-02-05,2.576833077,0.0,6.9,-2.5
2012-02-06,2.26534776,0.0,7.35,-2.85
2012-02-07,2.010496137,2.0,5.449999999999999,-2.5
2012-02-08,2.095446678,22.5,6.6,1.5
2012-02-09,2.520199383,0.0,11.05,3.55
2012-02-10,2.746734159,14.1,10.05,4.15
2012-02-11,3.228120558,0.5,8.649999999999999,1.35
2012-02-12,2.8316847,0.0,6.8,-1.4500000000000002
2012-02-13,2.463565689,0.3,6.15,0.8
2012-02-14,2.180397219,10.0,3.2,-0.39999999999999997
2012-02-15,1.897228749,0.8,5.4,-0.65
2012-02-16,1.727327667,2.0,5.5,-0.6
2012-02-17,1.783961361,14.8,8.05,2.6
2012-02-18,2.26534776,16.8,3.5999999999999996,-0.35000000000000003
2012-02-19,2.095446678,4.8,4.05,-0.4
2012-02-20,3.001585782,35.8,5.4,-0.45
2012-02-21,7.815449772,9.5,9.1,3.1
2012-02-22,14.866344675,25.4,8.0,2.25
2012-02-23,13.365551784,1.3,8.3,-1.7000000000000002
2012-02-24,9.429510051,17.4,11.15,-2.45
2012-02-25,7.815449772,28.1,1.35,-0.8
2012-02-26,6.342973728,1.3,5.3,-0.8
2012-02-27,5.38020093,0.0,4.95,-2.75
2012-02-28,4.728913449,14.8,1.35,-3.6
2012-02-29,4.332477591,25.8,0.5,-1.0
2012-03-01,3.907724886,14.3,4.6,-0.7999999999999999
2012-03-02,3.454655334,0.0,4.5,-0.9
2012-03-03,3.454655334,0.5,9.85,-0.55
2012-03-04,3.822774345,0.0,9.5,-1.4
2012-03-05,4.445744979,22.4,3.5,-2.2
2012-03-06,4.81386399,3.3,4.7,-2.0
2012-03-07,4.219210203,0.0,6.1,-2.6
2012-03-08,3.96435858,0.0,10.55,-2.2
2012-03-09,4.389111285,0.0,12.3,-2.15
2012-03-10,5.012081919,2.8,8.1,0.44999999999999996
2012-03-11,6.258023187,23.9,3.25,-0.65
2012-03-12,6.031488411,8.9,4.6,-0.65
2012-03-13,6.116438952,12.8,3.65,-0.2
2012-03-14,5.833270482,25.5,2.55,-0.25
2012-03-15,13.790304489,38.7,6.4,1.6
2012-03-16,21.039417321,14.1,9.1,1.4
2012-03-17,14.186740347,11.8,8.1,-0.04999999999999999
2012-03-18,10.165748073,4.5,5.300000000000001,-1.3
2012-03-19,7.730499231,12.8,2.2,-2.05
2012-03-20,10.024163838,63.5,1.85,-0.2
2012-03-21,14.866344675,69.0,1.0499999999999998,-0.25
2012-03-22,15.630899544,3.3,5.699999999999999,-0.3
2012-03-23,10.986936636,0.5,9.0,-0.04999999999999999
2012-03-24,8.495054099999999,0.0,10.4,0.44999999999999996
2012-03-25,7.475647608,2.3,7.6,0.7
2012-03-26,6.597825351,0.3,12.850000000000001,0.8500000000000001
2012-03-27,5.974854717,7.5,7.8,2.65
2012-03-28,5.918221023,2.5,9.600000000000001,1.85
2012-03-29,7.900400313,39.5,8.0,3.5999999999999996
2012-03-30,47.28913449,66.9,9.7,1.8
2012-03-31,31.99803711,20.7,11.2,1.45
2012-04-01,18.462584244,24.6,3.95,0.65
2012-04-02,13.280601243,0.0,15.0,0.35
2012-04-03,10.76040186,6.8,7.699999999999999,-0.55
2012-04-04,8.495054099999999,13.3,5.550000000000001,0.55
2012-04-05,7.277429679,4.5,6.9,-0.1
2012-04-06,6.201389493,1.5,9.15,-1.6
2012-04-07,5.38020093,0.0,17.4,-1.85
2012-04-08,4.870497684,0.0,20.15,1.4
2012-04-09,4.728913449,0.0,20.3,0.5
2012-04-10,4.983765072,0.3,16.1,3.75
2012-04-11,5.635052553,13.9,11.95,2.55
2012-04-12,6.088122105,4.8,11.9,0.8500000000000001
2012-04-13,5.606735706,0.3,12.0,1.5
2012-04-14,5.097032459999999,0.0,17.5,4.65
2012-04-15,4.785547143,4.3,18.85,2.7
2012-04-16,8.608321488,32.6,11.2,6.05
2012-04-17,10.505550237,12.8,10.85,4.6
2012-04-18,10.732085013,14.0,14.25,5.95
2012-04-19,13.705353948,32.4,11.899999999999999,7.2
2012-04-20,18.802386408,0.0,21.4,7.25
2012-04-21,14.781394134,0.0,27.0,5.050000000000001
2012-04-22,13.507136019,0.0,29.75,5.9
2012-04-23,13.677037101,8.8,30.5,7.8
2012-04-24,12.827531691,0.0,19.5,9.55
2012-04-25,9.684361674,21.0,18.55,8.7
2012-04-26,11.128520871,34.5,9.2,3.9
2012-04-27,10.080797532,4.0,11.399999999999999,4.05
2012-04-28,8.608321488,0.0,17.45,5.800000000000001
2012-04-29,7.362380219999999,0.0,21.95,5.35
2012-04-30,8.891489958,20.6,13.2,4.7
2012-05-01,8.551687794,4.3,12.35,3.6
2012-05-02,6.852676974,4.5,13.35,3.1
2012-05-03,7.702182383999999,21.0,10.75,5.4
2012-05-04,8.268519324,5.8,10.4,3.55
2012-05-05,7.164162290999999,0.0,12.95,1.9
2012-05-06,6.173072646,0.0,22.549999999999997,-0.6499999999999999
2012-05-07,5.465151471,0.0,27.55,2.55
2012-05-08,5.351884083,0.0,24.85,5.800000000000001
2012-05-09,5.097032459999999,0.0,16.25,3.05
2012-05-10,4.474061826,0.0,18.35,-1.4500000000000002
2012-05-11,3.96435858,0.0,25.25,-0.35
2012-05-12,3.709506957,0.0,30.549999999999997,2.5999999999999996
2012-05-13,3.851091192,0.0,34.0,5.75
2012-05-14,4.105942815,0.0,27.65,8.8
2012-05-15,4.077625968,0.0,26.4,7.7
2012-05-16,3.766140651,0.0,25.65,7.9
2012-05-17,3.256437405,0.0,20.15,4.05
2012-05-18,2.8316847,0.0,20.200000000000003,1.0
2012-05-19,2.54851623,0.0,20.55,1.0
2012-05-20,2.378615148,0.0,24.200000000000003,7.949999999999999
2012-05-21,2.54851623,15.9,15.9,9.399999999999999
2012-05-22,3.256437405,15.3,11.100000000000001,6.050000000000001
2012-05-23,3.086536323,9.0,12.15,5.55
2012-05-24,3.737823804,27.6,8.25,4.9
2012-05-25,3.907724886,2.0,14.4,4.95
2012-05-26,3.454655334,0.8,17.1,8.55
2012-05-27,3.029902629,0.5,20.25,8.7
2012-05-28,2.746734159,0.0,16.25,8.35
2012-05-29,2.463565689,0.0,21.200000000000003,6.85
2012-05-30,2.26534776,0.0,25.55,5.7
2012-05-31,2.152080372,0.0,27.4,7.8
2012-06-01,2.067129831,2.8,27.15,10.100000000000001
2012-06-02,2.208714066,5.8,19.35,11.7
2012-06-03,1.98217929,6.8,14.95,10.35
2012-06-04,2.491882536,33.5,14.8,5.800000000000001
2012-06-05,3.454655334,12.8,11.2,5.050000000000001
2012-06-06,3.228120558,1.0,17.9,5.800000000000001
2012-06-07,3.454655334,18.3,13.95,7.300000000000001
2012-06-08,4.360794438,21.3,11.600000000000001,4.9
2012-06-09,5.238616695,0.5,13.45,3.9
2012-06-10,4.615646061,0.0,21.95,4.550000000000001
2012-06-11,3.794457498,0.0,24.700000000000003,5.05
2012-06-12,3.256437405,1.5,19.35,9.2
2012-06-13,2.916635241,0.3,20.35,7.55
2012-06-14,2.576833077,0.0,24.0,5.65
2012-06-15,2.321981454,0.0,27.3,5.6
2012-06-16,2.152080372,0.0,29.55,10.35
2012-06-17,1.98217929,0.0,24.700000000000003,14.100000000000001
2012-06-18,1.925545596,11.3,14.149999999999999,8.3
2012-06-19,1.812278208,0.3,14.2,6.05
2012-06-20,1.670693973,0.0,27.7,3.5
2012-06-21,1.585743432,0.0,28.45,8.15
2012-06-22,1.557426585,8.8,17.15,10.55
2012-06-23,1.925545596,15.8,16.35,7.65
2012-06-24,1.897228749,3.3,18.4,8.0
2012-06-25,1.727327667,8.3,15.5,6.949999999999999
2012-06-26,2.095446678,9.0,16.35,6.4
2012-06-27,2.010496137,0.0,27.0,3.5999999999999996
2012-06-28,1.840595055,0.0,23.450000000000003,8.0
2012-06-29,1.69901082,0.0,23.35,13.0
2012-06-30,1.614060279,2.0,22.2,13.0
2012-07-01,1.585743432,0.0,23.5,13.3
2012-07-02,1.472476044,0.0,24.45,12.5
2012-07-03,1.41584235,1.0,19.200000000000003,8.45
2012-07-04,1.3592086559999998,0.0,23.55,5.85
2012-07-05,1.302574962,0.0,27.1,7.5
2012-07-06,1.245941268,0.0,28.05,9.95
2012-07-07,1.189307574,0.0,31.55,11.85
2012-07-08,1.13267388,0.0,31.05,13.75
2012-07-09,1.104357033,0.0,29.6,15.25
2012-07-10,1.047723339,0.0,29.0,12.399999999999999
2012-07-11,1.019406492,0.0,31.35,12.45
2012-07-12,0.991089645,0.0,28.9,12.899999999999999
2012-07-13,0.934455951,0.0,29.35,11.0
2012-07-14,0.906139104,0.0,27.45,11.15
2012-07-15,0.906139104,0.0,20.35,11.25
2012-07-16,0.8778222569999999,0.0,20.049999999999997,11.35
2012-07-17,0.8778222569999999,0.0,25.25,11.65
2012-07-18,0.8778222569999999,1.8,20.549999999999997,13.25
2012-07-19,0.84950541,0.3,30.0,14.5
2012-07-20,0.821188563,0.5,23.5,11.8
2012-07-21,0.792871716,0.0,27.6,12.100000000000001
2012-07-22,0.764554869,0.0,19.549999999999997,9.75
2012-07-23,0.764554869,0.0,25.4,6.6
2012-07-24,0.736238022,0.0,27.549999999999997,7.949999999999999
2012-07-25,0.707921175,0.0,30.75,10.95
2012-07-26,0.707921175,0.0,31.55,12.399999999999999
2012-07-27,0.6796043279999999,0.0,23.5,11.0
2012-07-28,0.6796043279999999,0.0,27.6,8.75
2012-07-29,0.651287481,0.0,26.05,9.05
2012-07-30,0.651287481,0.0,26.8,10.35
2012-07-31,0.622970634,0.0,27.25,9.600000000000001
2012-08-01,0.622970634,0.0,28.200000000000003,8.75
2012-08-02,0.5946537869999999,0.0,28.05,8.899999999999999
2012-08-03,0.5946537869999999,0.0,34.0,9.0
2012-08-04,0.56633694,0.0,38.65,11.5
2012-08-05,0.56633694,1.0,33.4,12.25
2012-08-06,0.56633694,0.0,33.349999999999994,12.75
2012-08-07,0.538020093,0.0,30.9,13.45
2012-08-08,0.538020093,0.0,27.8,11.100000000000001
2012-08-09,0.538020093,0.0,26.55,10.55
2012-08-10,0.5097032459999999,0.0,27.1,10.399999999999999
2012-08-11,0.5097032459999999,0.0,32.6,9.5
2012-08-12,0.5097032459999999,0.0,34.7,11.399999999999999
2012-08-13,0.4813863989999999,0.0,34.650000000000006,13.7
2012-08-14,0.4813863989999999,0.0,33.9,11.899999999999999
2012-08-15,0.4813863989999999,0.0,36.25,13.2
2012-08-16,0.453069552,0.0,34.1,13.5
2012-08-17,0.453069552,0.0,37.75,13.2
2012-08-18,0.453069552,1.5,29.799999999999997,15.95
2012-08-19,0.453069552,0.0,29.1,11.3
2012-08-20,0.424752705,0.0,29.9,8.15
2012-08-21,0.424752705,0.0,27.95,11.55
2012-08-22,0.424752705,0.0,35.6,9.3
2012-08-23,0.424752705,0.0,31.7,7.2
2012-08-24,0.424752705,0.0,32.5,4.9
2012-08-25,0.396435858,0.0,34.3,5.8
2012-08-26,0.396435858,0.0,30.8,8.2
2012-08-27,0.396435858,0.0,29.2,9.2
2012-08-28,0.396435858,0.0,23.4,12.05
2012-08-29,0.396435858,0.0,24.55,8.399999999999999
2012-08-30,0.396435858,0.0,27.85,6.0
2012-08-31,0.396435858,0.0,25.4,7.5
2012-09-01,0.368119011,0.0,26.05,5.5
2012-09-02,0.368119011,0.0,26.75,4.75
2012-09-03,0.368119011,0.0,28.4,6.4
2012-09-04,0.368119011,0.0,30.1,7.5
2012-09-05,0.368119011,0.0,30.95,8.95
2012-09-06,0.368119011,0.0,32.0,8.899999999999999
2012-09-07,0.3398021639999999,0.0,34.6,9.45
2012-09-08,0.3398021639999999,0.0,27.299999999999997,9.45
2012-09-09,0.3398021639999999,0.0,21.6,11.100000000000001
2012-09-10,0.3398021639999999,0.0,21.65,6.65
2012-09-11,0.3398021639999999,0.0,24.1,2.75
2012-09-12,0.3398021639999999,0.0,30.35,3.8
2012-09-13,0.3398021639999999,0.0,33.3,5.65
2012-09-14,0.311485317,0.0,34.25,8.65
2012-09-15,0.311485317,0.0,30.1,9.3
2012-09-16,0.311485317,0.0,27.0,6.449999999999999
2012-09-17,0.311485317,0.0,31.75,6.8
2012-09-18,0.311485317,0.0,30.8,8.100000000000001
2012-09-19,0.311485317,0.0,29.4,9.0
2012-09-20,0.311485317,0.0,27.3,8.0
2012-09-21,0.311485317,0.0,19.700000000000003,11.35
2012-09-22,0.311485317,1.0,23.700000000000003,11.5
2012-09-23,0.311485317,0.0,21.95,8.5
2012-09-24,0.311485317,0.0,23.3,6.1
2012-09-25,0.311485317,0.0,25.05,6.75
2012-09-26,0.311485317,0.0,25.85,5.2
2012-09-27,0.311485317,0.0,28.55,5.95
2012-09-28,0.311485317,0.0,28.15,11.05
2012-09-29,0.311485317,0.0,26.9,8.5
2012-09-30,0.311485317,0.0,27.0,7.75
2012-10-01,0.311485317,0.0,29.6,6.05
2012-10-02,0.311485317,0.0,25.6,6.45
2012-10-03,0.28316847,0.0,22.799999999999997,2.2
2012-10-04,0.28316847,0.0,24.549999999999997,1.05
2012-10-05,0.28316847,0.0,23.35,1.0
2012-10-06,0.28316847,0.0,24.75,0.5
2012-10-07,0.28316847,0.0,24.5,0.8
2012-10-08,0.28316847,0.0,22.7,0.85
2012-10-09,0.28316847,0.0,22.7,0.9
2012-10-10,0.28316847,0.0,23.2,2.45
2012-10-11,0.28316847,0.0,23.35,3.0
2012-10-12,0.311485317,15.6,16.1,2.5999999999999996
2012-10-13,0.453069552,6.5,16.0,9.35
2012-10-14,0.368119011,9.8,16.95,10.0
2012-10-15,1.160990727,78.9,16.15,12.3
2012-10-16,2.520199383,8.8,15.8,6.2
2012-10-17,0.821188563,0.0,14.9,4.15
2012-10-18,0.5946537869999999,0.0,17.35,2.15
2012-10-19,0.56633694,16.1,12.35,8.75
2012-10-20,0.962772798,7.5,10.3,4.9
2012-10-21,0.8778222569999999,12.0,6.8,4.0
2012-10-22,1.245941268,20.0,7.4,1.9
2012-10-23,1.245941268,7.3,7.45,2.0
2012-10-24,1.189307574,10.3,7.15,2.65
2012-10-25,1.104357033,0.0,8.8,2.5
2012-10-26,0.934455951,1.8,9.95,2.5999999999999996
2012-10-27,1.755644514,31.5,8.75,6.05
2012-10-28,8.041984548,33.7,13.55,8.7
2012-10-29,11.128520871,25.8,15.45,11.600000000000001
2012-10-30,5.720003094,0.0,15.0,9.5
2012-10-31,3.341387946,9.8,10.8,7.15
2012-11-01,3.143170017,12.8,9.95,7.3
2012-11-02,2.973268935,7.3,12.1,7.0
2012-11-03,2.633466771,3.0,15.3,8.8
2012-11-04,2.208714066,0.0,17.35,8.65
2012-11-05,1.897228749,0.0,18.0,7.8999999999999995
2012-11-06,1.670693973,0.3,15.95,5.2
2012-11-07,1.529109738,1.3,11.45,1.75
2012-11-08,1.41584235,6.3,6.1,1.05
2012-11-09,1.387525503,8.3,5.35,-0.09999999999999999
2012-11-10,1.330891809,4.3,6.05,0.0
2012-11-11,1.245941268,4.3,5.55,0.15000000000000002
2012-11-12,3.567922722,37.7,6.949999999999999,3.45
2012-11-13,4.559012367,1.0,10.65,5.45
2012-11-14,3.369704793,0.0,10.25,1.05
2012-11-15,2.661783618,0.0,9.65,-1.05
2012-11-16,2.26534776,0.5,9.399999999999999,1.35
2012-11-17,2.378615148,21.8,8.15,3.25
2012-11-18,2.491882536,4.3,6.25,3.25
2012-11-19,3.539605875,49.0,10.75,5.3
2012-11-20,30.01585782,66.7,7.449999999999999,3.15
2012-11-21,23.587933551,34.1,6.2,1.4
2012-11-22,13.393868631,0.0,6.8,-0.8
2012-11-23,9.089707887,15.8,7.75,-0.2
2012-11-24,12.006343128,24.5,8.8,5.55
2012-11-25,10.958619789,0.0,6.85,-0.9
2012-11-26,8.126935089,0.0,5.9,-1.4
2012-11-27,6.22970634,0.0,8.65,-0.75
2012-11-28,5.040398766,0.3,8.0,1.55
2012-11-29,5.097032459999999,29.0,6.75,3.75
2012-11-30,8.268519324,17.2,10.35,5.9
2012-12-01,9.769312215,43.1,8.05,5.55
2012-12-02,19.425357042,43.8,5.8,4.25
2012-12-03,14.809710981,11.4,9.100000000000001,5.1
2012-12-04,47.28913449,95.9,10.649999999999999,5.25
2012-12-05,42.75843897,5.0,7.949999999999999,3.95
2012-12-06,17.641395681,3.0,5.6,2.2
2012-12-07,11.241788259,12.3,5.449999999999999,3.7
2012-12-08,8.296836170999999,2.5,4.6,2.4000000000000004
2012-12-09,6.371290575,4.3,6.1,2.45
2012-12-10,5.635052553,0.8,8.600000000000001,4.7
2012-12-11,5.012081919,14.8,4.85,-0.09999999999999999
2012-12-12,4.672279755,5.3,5.6,0.65
2012-12-13,4.105942815,0.0,3.15,-1.3
2012-12-14,3.652873263,5.8,3.15,-0.8
2012-12-15,3.284754252,3.5,0.3,-0.75
2012-12-16,3.39802164,41.5,5.4,-0.3
2012-12-17,9.571094286,36.1,5.25,-0.35
2012-12-18,6.965944362,16.2,0.8,-0.85
2012-12-19,5.181983001,5.8,0.2,-0.9
2012-12-20,4.474061826,28.5,-0.05,-0.3
2012-12-21,3.936041733,13.3,0.5,-0.4
2012-12-22,3.907724886,8.0,1.25,-0.3
2012-12-23,4.020992274,29.6,0.3,-0.3
2012-12-24,3.879408039,6.0,3.6500000000000004,-0.7
2012-12-25,3.68119011,28.3,0.1,-0.4
2012-12-26,3.822774345,11.3,1.7999999999999998,-0.25
2012-12-27,4.24752705,2.3,3.35,-1.2
2012-12-28,3.624556416,0.0,1.4500000000000002,-1.6
2012-12-29,3.086536323,0.5,3.0500000000000003,-1.85
2012-12-30,2.690100465,0.0,3.4,-3.2
2012-12-31,2.378615148,0.0,0.7,-4.15
2013-01-01,2.152080372,0.0,1.6500000000000001,-4.7
2013-01-02,2.010496137,0.0,1.9,-4.75
2013-01-03,1.868911902,1.0,1.0,-5.4
2013-01-04,1.840595055,1.0,4.15,-1.35
2013-01-05,1.868911902,0.5,0.8500000000000001,-1.5
2013-01-06,1.868911902,1.0,3.6500000000000004,-0.09999999999999999
2013-01-07,3.284754252,34.2,2.5,0.09999999999999999
2013-01-08,6.682775892,13.8,1.85,0.3
2013-01-09,7.957034007,18.1,2.6,-0.35
2013-01-10,6.654459044999999,2.5,2.5,-0.6000000000000001
2013-01-11,5.181983001,1.5,1.25,-2.7
2013-01-12,4.162576509,0.0,1.4999999999999998,-5.7
2013-01-13,3.539605875,0.0,0.85,-8.600000000000001
2013-01-14,3.086536323,0.0,2.35,-7.9
2013-01-15,2.746734159,0.0,3.65,-5.8
2013-01-16,2.54851623,0.0,3.0999999999999996,-4.949999999999999
2013-01-17,2.463565689,0.0,3.55,-4.15
2013-01-18,2.690100465,0.0,4.75,-3.45
2013-01-19,3.171486864,0.0,4.3500000000000005,-3.4
2013-01-20,3.652873263,0.0,3.7,-3.9499999999999997
2013-01-21,3.794457498,0.0,3.5500000000000003,-4.550000000000001
2013-01-22,3.737823804,0.0,4.75,-4.4
2013-01-23,3.907724886,6.0,1.65,-0.25
2013-01-24,4.219210203,3.0,7.6,-0.6000000000000001
2013-01-25,6.909310668,24.8,2.95,0.7
2013-01-26,9.316242663,10.8,4.3,-0.25
2013-01-27,7.220795985,15.5,3.25,-0.3
2013-01-28,6.059805258,33.8,1.5,-0.3
2013-01-29,6.286340034,24.5,3.0,-0.3
2013-01-30,6.258023187,7.3,5.7,0.6000000000000001
2013-01-31,6.031488411,0.0,8.55,0.55
2013-02-01,5.266933541999999,0.0,8.55,-1.25
2013-02-02,4.728913449,0.0,8.15,-1.85
2013-02-03,4.474061826,0.0,4.4,-2.3
2013-02-04,4.219210203,0.0,9.25,-0.5
2013-02-05,4.275843897,15.8,6.0,-0.9
2013-02-06,4.757230296,4.0,7.75,1.5
2013-02-07,4.643962908,5.3,6.6,-0.8
2013-02-08,4.134259662,0.0,5.4,-1.7
2013-02-09,3.624556416,0.0,4.55,-1.15
2013-02-10,3.228120558,0.0,8.7,1.1
2013-02-11,2.916635241,0.0,7.4,0.7
2013-02-12,2.718417312,1.0,9.8,2.15
2013-02-13,2.633466771,1.5,9.7,2.65
2013-02-14,2.576833077,0.0,11.95,0.2
2013-02-15,2.605149924,0.0,12.600000000000001,-1.3
2013-02-16,2.803367853,2.3,8.25,-1.6
2013-02-17,2.746734159,0.5,6.1,-1.4
2013-02-18,2.605149924,0.0,6.2,-2.0999999999999996
2013-02-19,2.435248842,1.8,6.85,-1.2
2013-02-20,2.293664607,8.5,6.25,-0.15
2013-02-21,2.237030913,12.8,3.05,-0.15
2013-02-22,2.378615148,27.4,0.95,-0.2
2013-02-23,2.633466771,7.5,3.5999999999999996,-0.4
2013-02-24,2.435248842,0.0,6.85,-0.75
2013-02-25,2.661783618,24.4,4.7,0.15
2013-02-26,2.690100465,0.0,5.35,-0.8
2013-02-27,2.463565689,4.3,5.95,-1.3
2013-02-28,4.81386399,32.0,8.4,2.8
2013-03-01,8.070301395,0.3,13.5,2.4000000000000004
2013-03-02,7.277429679,1.0,10.1,1.55
2013-03-03,6.597825351,0.3,7.550000000000001,-1.7
2013-03-04,5.408517777,0.0,10.4,-3.05
2013-03-05,4.559012367,4.3,7.75,-0.6000000000000001
2013-03-06,4.360794438,22.6,4.65,1.4
2013-03-07,4.020992274,0.3,11.0,-0.2
2013-03-08,3.624556416,0.3,12.9,-1.3
2013-03-09,3.199803711,0.0,13.3,-2.65
2013-03-10,2.916635241,0.3,13.7,-2.0999999999999996
2013-03-11,2.888318394,0.8,12.85,4.8
2013-03-12,3.11485317,0.0,17.299999999999997,5.4
2013-03-13,3.482972181,0.0,18.7,5.1
2013-03-14,4.020992274,0.8,18.549999999999997,2.5
2013-03-15,4.474061826,1.8,17.450000000000003,5.7
2013-03-16,4.615646061,17.3,9.45,2.0999999999999996
2013-03-17,4.445744979,0.8,6.4,0.5
2013-03-18,3.709506957,0.0,12.15,-0.2
2013-03-19,3.284754252,10.6,9.6,-0.4
2013-03-20,6.031488411,34.2,8.7,1.15
2013-03-21,6.399607422,9.0,4.5,0.09999999999999999
2013-03-22,5.210299848,2.8,4.85,-0.2
2013-03-23,4.360794438,0.0,8.75,-1.4500000000000002
2013-03-24,3.737823804,0.0,12.35,-1.7
2013-03-25,3.369704793,0.0,14.75,0.3
2013-03-26,3.171486864,1.3,11.0,6.0
2013-03-27,3.086536323,4.3,13.1,4.9
2013-03-28,3.228120558,3.5,17.45,5.050000000000001
2013-03-29,3.624556416,0.3,19.450000000000003,5.55
2013-03-30,3.907724886,0.0,22.7,2.4000000000000004
2013-03-31,4.53069552,0.0,22.3,4.6
2013-04-01,4.757230296,0.0,14.75,9.600000000000001
2013-04-02,4.559012367,0.0,15.950000000000001,5.15
2013-04-03,4.077625968,0.0,20.299999999999997,2.75
2013-04-04,4.389111285,26.0,13.75,8.45
2013-04-05,6.909310668,15.3,12.85,8.0
2013-04-06,9.004757346,28.1,10.350000000000001,5.85
2013-04-07,12.799214844,29.9,8.0,2.0999999999999996
2013-04-08,10.618817625,1.3,9.2,1.4500000000000002
2013-04-09,8.098618242,0.0,15.7,2.5999999999999996
2013-04-10,6.824360126999999,10.1,10.850000000000001,3.45
2013-04-11,6.031488411,0.0,14.149999999999999,1.5
2013-04-12,5.068715613,5.0,14.149999999999999,-1.1
2013-04-13,4.672279755,5.8,7.4,2.15
2013-04-14,4.049309121,2.8,7.05,1.65
2013-04-15,3.567922722,3.5,9.8,2.05
2013-04-16,3.284754252,7.3,11.5,1.5
2013-04-17,3.001585782,0.3,11.6,2.2
2013-04-18,2.775051006,0.0,15.5,4.1
2013-04-19,3.539605875,24.7,11.2,7.3
2013-04-20,4.643962908,1.0,13.9,4.0
2013-04-21,4.304160744,0.3,12.9,4.1
2013-04-22,3.907724886,0.0,17.0,1.6
2013-04-23,3.511289028,0.0,21.1,-1.9
2013-04-24,3.199803711,0.0,24.6,-0.1
2013-04-25,3.058219476,0.0,24.4,2.1
2013-04-26,3.086536323,0.0,26.5,3.4
2013-04-27,3.143170017,0.0,25.0,3.8
2013-04-28,3.001585782,0.0,19.0,5.4
2013-04-29,2.973268935,4.8,13.5,2.0
2013-04-30,2.690100465,0.0,14.05,-1.1
2013-05-01,2.350298301,0.0,22.85,-2.35
2013-05-02,2.180397219,0.0,28.55,1.75
2013-05-03,2.208714066,0.0,28.6,4.25
2013-05-04,2.26534776,0.0,25.5,4.6
2013-05-05,2.321981454,0.0,27.75,6.550000000000001
2013-05-06,2.293664607,0.0,26.6,7.15
2013-05-07,2.180397219,0.0,25.55,7.75
2013-05-08,2.038812984,0.0,24.65,6.800000000000001
2013-05-09,1.953862443,0.0,28.25,7.949999999999999
2013-05-10,1.868911902,0.0,31.75,10.65
2013-05-11,1.783961361,0.0,31.05,12.65
2013-05-12,1.670693973,0.0,27.45,11.4
2013-05-13,1.529109738,0.3,19.1,8.05
2013-05-14,1.387525503,0.0,20.4,6.25
2013-05-15,1.274258115,0.3,15.3,5.550000000000001
2013-05-16,1.217624421,1.8,13.7,7.85
2013-05-17,1.217624421,1.8,15.25,7.85
2013-05-18,1.160990727,3.3,12.25,8.0
2013-05-19,1.160990727,4.3,19.25,5.199999999999999
2013-05-20,1.076040186,0.0,24.549999999999997,2.55
2013-05-21,1.189307574,30.5,11.05,2.15
2013-05-22,1.557426585,32.8,6.65,0.4
2013-05-23,1.670693973,7.8,13.399999999999999,3.9
2013-05-24,2.208714066,9.3,14.2,5.2
2013-05-25,2.038812984,0.8,19.450000000000003,6.15
2013-05-26,2.718417312,15.1,15.3,9.05
2013-05-27,4.643962908,37.0,13.600000000000001,7.949999999999999
2013-05-28,5.918221023,5.5,18.35,8.7
2013-05-29,5.578418859,18.9,14.5,7.15
2013-05-30,5.181983001,0.8,14.9,5.800000000000001
2013-05-31,4.077625968,0.0,22.25,4.6
2013-06-01,3.284754252,0.0,24.9,5.5
2013-06-02,2.775051006,0.0,23.65,7.949999999999999
2013-06-03,2.378615148,0.0,26.55,5.15
2013-06-04,2.095446678,0.0,30.0,7.199999999999999
2013-06-05,1.868911902,0.0,30.2,9.4
2013-06-06,1.69901082,0.0,30.1,9.85
2013-06-07,1.557426585,0.0,29.25,10.85
2013-06-08,1.444159197,0.0,29.85,9.65
2013-06-09,1.3592086559999998,0.0,26.25,8.75
2013-06-10,1.274258115,0.0,22.3,5.6
2013-06-11,1.217624421,0.0,15.85,7.3
2013-06-12,1.160990727,0.0,17.55,7.7
2013-06-13,1.13267388,1.8,13.95,8.4
2013-06-14,1.104357033,0.0,24.45,7.1
2013-06-15,1.047723339,0.0,26.3,7.0
2013-06-16,0.991089645,0.0,25.15,9.7
2013-06-17,0.962772798,0.3,25.15,9.1
2013-06-18,0.934455951,4.3,20.85,9.5
2013-06-19,1.047723339,9.3,14.6,8.75
2013-06-20,1.047723339,5.8,14.95,8.45
2013-06-21,0.991089645,0.0,18.4,9.05
2013-06-22,0.906139104,0.0,25.35,5.9
2013-06-23,0.934455951,10.6,17.8,11.65
2013-06-24,1.047723339,5.3,16.4,11.65
2013-06-25,1.274258115,13.6,19.85,12.15
2013-06-26,1.302574962,5.5,16.5,12.3
2013-06-27,1.217624421,0.0,27.4,11.65
2013-06-28,1.076040186,0.0,32.599999999999994,12.55
2013-06-29,0.991089645,0.0,30.9,14.75
2013-06-30,0.906139104,0.0,34.1,13.15
2013-07-01,0.8778222569999999,0.0,32.5,16.75
2013-07-02,0.821188563,0.0,33.9,17.200000000000003
2013-07-03,0.792871716,0.0,31.2,13.4
2013-07-04,0.764554869,0.0,27.15,9.55
2013-07-05,0.736238022,0.0,24.549999999999997,10.15
2013-07-06,0.707921175,0.0,26.5,7.75
2013-07-07,0.6796043279999999,0.0,27.35,9.8
2013-07-08,0.651287481,0.0,30.1,9.9
2013-07-09,0.651287481,0.0,31.5,11.9
2013-07-10,0.622970634,0.0,31.0,12.3
2013-07-11,0.5946537869999999,0.0,26.05,10.35
2013-07-12,0.5946537869999999,0.0,25.15,7.25
2013-07-13,0.56633694,0.0,29.4,6.050000000000001
2013-07-14,0.56633694,0.0,31.35,8.4
2013-07-15,0.538020093,0.0,31.3,9.8
2013-07-16,0.538020093,0.0,32.75,12.15
2013-07-17,0.5097032459999999,0.0,28.9,12.45
2013-07-18,0.5097032459999999,0.0,30.65,10.25
2013-07-19,0.4813863989999999,0.0,31.0,11.0
2013-07-20,0.4813863989999999,0.0,31.450000000000003,11.4
2013-07-21,0.4813863989999999,0.0,32.15,11.2
2013-07-22,0.453069552,0.0,32.849999999999994,11.05
2013-07-23,0.453069552,0.0,33.6,11.6
2013-07-24,0.424752705,0.0,34.05,14.5
2013-07-25,0.424752705,0.0,34.65,10.45
2013-07-26,0.424752705,0.0,33.05,14.2
2013-07-27,0.396435858,0.0,29.9,9.9
2013-07-28,0.396435858,0.0,27.25,7.449999999999999
2013-07-29,0.396435858,0.0,28.0,7.85
2013-07-30,0.396435858,0.0,29.85,9.6
2013-07-31,0.396435858,0.0,26.05,13.8
2013-08-01,0.396435858,0.0,16.5,13.4
2013-08-02,0.396435858,0.0,24.549999999999997,11.5
2013-08-03,0.368119011,0.0,29.799999999999997,8.65
2013-08-04,0.368119011,0.0,31.85,10.6
2013-08-05,0.368119011,0.0,32.5,11.55
2013-08-06,0.368119011,0.0,33.65,12.5
2013-08-07,0.3398021639999999,0.0,29.75,12.15
2013-08-08,0.3398021639999999,0.8,28.6,11.75
2013-08-09,0.453069552,9.9,30.05,14.6
2013-08-10,0.4813863989999999,0.3,23.15,13.65
2013-08-11,0.396435858,0.0,26.950000000000003,13.15
2013-08-12,0.368119011,0.0,26.65,12.25
2013-08-13,0.3398021639999999,0.0,30.4,10.35
2013-08-14,0.3398021639999999,0.0,30.7,12.05
2013-08-15,0.3398021639999999,0.0,29.7,10.5
2013-08-16,0.3398021639999999,0.0,29.35,15.100000000000001
2013-08-17,0.311485317,0.0,30.0,12.55
2013-08-18,0.311485317,0.0,30.8,11.399999999999999
2013-08-19,0.311485317,0.0,31.55,11.3
2013-08-20,0.311485317,0.0,30.7,10.1
2013-08-21,0.311485317,0.0,29.4,10.0
2013-08-22,0.311485317,0.8,26.85,14.95
2013-08-23,0.311485317,0.0,26.6,13.100000000000001
2013-08-24,0.311485317,0.0,25.25,12.5
2013-08-25,0.368119011,18.0,19.1,12.55
2013-08-26,0.453069552,0.0,23.6,11.8
2013-08-27,0.3398021639999999,0.0,28.5,9.0
2013-08-28,0.311485317,0.0,28.85,12.55
2013-08-29,0.311485317,1.8,27.15,15.05
2013-08-30,0.311485317,0.0,28.1,14.5
2013-08-31,0.311485317,0.0,32.650000000000006,11.600000000000001
2013-09-01,0.28316847,0.0,28.85,12.65
2013-09-02,0.28316847,0.0,27.45,11.600000000000001
2013-09-03,0.2803367853,0.0,27.2,12.399999999999999
2013-09-04,0.2775051006,0.0,21.4,10.7
2013-09-05,0.311485317,18.2,19.9,11.600000000000001
2013-09-06,0.56633694,14.0,17.5,10.25
2013-09-07,0.368119011,0.0,25.7,7.3
2013-09-08,0.311485317,0.0,28.25,9.65
2013-09-09,0.311485317,0.0,29.6,10.7
2013-09-10,0.28316847,0.0,30.6,11.7
2013-09-11,0.2803367853,0.0,32.3,11.5
2013-09-12,0.2775051006,0.0,31.200000000000003,12.3
2013-09-13,0.2718417312,0.0,30.799999999999997,12.7
2013-09-14,0.2690100465,0.0,29.6,12.5
2013-09-15,0.2690100465,0.0,21.9,14.3
2013-09-16,0.2690100465,0.0,22.0,9.75
2013-09-17,0.2718417312,4.0,17.15,8.55
2013-09-18,0.28316847,0.0,19.6,7.2
2013-09-19,0.2718417312,0.0,24.7,4.6
2013-09-20,0.2718417312,4.6,23.75,6.8
2013-09-21,0.311485317,5.3,16.5,11.0
2013-09-22,0.396435858,19.9,12.15,9.75
2013-09-23,0.5946537869999999,3.8,13.9,8.899999999999999
2013-09-24,0.821188563,28.5,11.55,6.9
2013-09-25,1.104357033,5.5,11.4,6.050000000000001
2013-09-26,0.651287481,2.3,14.75,5.949999999999999
2013-09-27,0.538020093,21.9,12.95,6.6
2013-09-28,2.605149924,47.0,13.9,8.75
2013-09-29,8.466737253,68.7,12.3,8.25
2013-09-30,13.535452866,18.6,10.350000000000001,7.550000000000001
2013-10-01,8.410103559,12.5,9.5,5.050000000000001
2013-10-02,5.720003094,4.0,10.45,4.85
2013-10-03,3.936041733,1.5,12.9,2.5999999999999996
2013-10-04,2.860001547,0.0,15.85,-0.3
2013-10-05,2.208714066,0.0,17.9,1.3
2013-10-06,1.840595055,0.0,18.65,2.8
2013-10-07,1.69901082,7.8,11.649999999999999,4.5
2013-10-08,1.670693973,9.0,9.149999999999999,5.8
2013-10-09,1.812278208,0.0,12.05,2.9000000000000004
2013-10-10,1.529109738,0.0,12.7,1.15
2013-10-11,1.3592086559999998,0.0,13.75,5.2
2013-10-12,1.274258115,0.3,11.25,2.95
2013-10-13,1.160990727,0.0,15.299999999999999,2.0999999999999996
2013-10-14,1.076040186,0.0,15.85,-0.44999999999999996
2013-10-15,0.991089645,0.0,16.2,-0.04999999999999999
2013-10-16,0.934455951,0.0,16.3,0.55
2013-10-17,0.8778222569999999,0.0,17.55,1.8
2013-10-18,0.84950541,0.0,18.200000000000003,1.6
2013-10-19,0.792871716,0.0,17.950000000000003,2.4000000000000004
2013-10-20,0.764554869,0.0,18.1,2.35
2013-10-21,0.736238022,0.0,18.8,3.0999999999999996
2013-10-22,0.707921175,0.0,19.15,3.7
2013-10-23,0.6796043279999999,0.0,19.1,3.9
2013-10-24,0.651287481,0.0,18.35,3.8
2013-10-25,0.622970634,0.0,17.55,3.3
2013-10-26,0.5946537869999999,0.0,16.4,1.4
2013-10-27,0.651287481,8.8,8.399999999999999,5.25
2013-10-28,0.651287481,0.0,10.0,-0.44999999999999996
2013-10-29,0.5946537869999999,0.0,10.899999999999999,-2.3
2013-10-30,0.56633694,0.0,11.95,-2.2
2013-10-31,0.56633694,1.5,11.0,5.5
2013-11-01,0.56633694,0.0,14.3,5.6
2013-11-02,1.076040186,25.6,8.7,2.7
2013-11-03,1.104357033,4.5,6.9,3.0
2013-11-04,0.962772798,5.5,7.35,3.7
2013-11-05,1.812278208,23.8,7.65,5.1
2013-11-06,2.406931995,0.8,13.05,7.4
2013-11-07,3.313071099,17.4,10.100000000000001,4.9
2013-11-08,3.482972181,2.8,9.1,2.45
2013-11-09,2.633466771,0.0,9.7,-0.15000000000000002
2013-11-10,2.095446678,0.0,14.0,2.95
2013-11-11,1.755644514,0.0,11.55,1.9500000000000002
2013-11-12,1.529109738,2.0,11.1,4.85
2013-11-13,1.387525503,0.3,11.55,2.35
2013-11-14,1.274258115,0.3,6.85,1.45
2013-11-15,1.217624421,11.8,7.1,3.9
2013-11-16,1.812278208,25.6,6.050000000000001,3.0999999999999996
2013-11-17,2.237030913,7.5,7.95,4.35
2013-11-18,2.463565689,18.3,7.15,2.9000000000000004
2013-11-19,9.62772798,34.7,10.2,6.0
2013-11-20,9.995846991,0.0,6.0,-3.25
2013-11-21,6.201389493,0.0,2.2,-4.45
2013-11-22,4.474061826,0.0,2.6,-5.35
2013-11-23,3.511289028,0.0,2.35,-3.75
2013-11-24,2.888318394,0.0,3.8,-2.95
2013-11-25,2.435248842,0.0,3.2,-3.05
2013-11-26,2.152080372,0.0,4.550000000000001,-2.2
2013-11-27,1.925545596,0.0,7.85,-1.2
2013-11-28,1.755644514,0.0,5.75,-1.75
2013-11-29,1.585743432,0.0,4.65,-2.1
2013-11-30,1.472476044,0.0,9.45,2.05
2013-12-01,2.010496137,30.5,11.05,4.9
2013-12-02,9.939213297,53.2,9.2,0.04999999999999999
2013-12-03,6.569508504,0.3,1.7999999999999998,-5.75
2013-12-04,4.559012367,0.8,-0.9,-8.100000000000001
2013-12-05,3.596239569,0.0,-1.25,-9.8
2013-12-06,3.029902629,10.3,-4.05,-7.65
2013-12-07,2.605149924,0.0,-4.85,-14.0
2013-12-08,2.321981454,0.0,-2.55,-15.85
2013-12-09,2.095446678,0.0,0.8499999999999999,-12.65
2013-12-10,1.98217929,0.0,-0.4,-9.100000000000001
2013-12-11,1.868911902,0.0,1.2999999999999998,-7.4
2013-12-12,1.727327667,5.0,0.6000000000000001,-5.65
2013-12-13,1.670693973,3.0,2.7,-0.65
2013-12-14,1.557426585,0.0,2.2,-1.5499999999999998
2013-12-15,1.472476044,0.0,3.55,-1.15
2013-12-16,1.444159197,0.0,3.7,-1.65
2013-12-17,1.387525503,0.0,2.6,-2.3
2013-12-18,1.330891809,0.0,3.4,-1.95
2013-12-19,1.274258115,0.0,0.7999999999999999,-3.85
2013-12-20,1.274258115,16.1,0.0,-2.95
2013-12-21,1.642377126,6.5,4.0,-0.3
2013-12-22,1.840595055,3.8,5.65,1.05
2013-12-23,1.868911902,6.5,5.3,1.65
2013-12-24,1.98217929,0.0,5.65,-1.5
2013-12-25,1.840595055,0.0,1.4,-2.75
2013-12-26,1.727327667,0.0,1.95,-2.2
2013-12-27,1.614060279,0.0,2.6,-1.65
2013-12-28,1.529109738,0.0,1.5,-2.7
2013-12-29,1.444159197,0.0,1.35,-3.2
2013-12-30,1.3592086559999998,0.0,3.55,-0.75
2013-12-31,1.302574962,0.0,5.050000000000001,-0.7
2014-01-01,1.245941268,0.0,2.4000000000000004,-2.05
2014-01-02,1.189307574,0.0,4.9,-1.45
2014-01-03,1.160990727,2.3,7.35,-1.95
2014-01-04,1.104357033,0.0,1.2,-4.1
2014-01-05,1.047723339,0.0,1.2,-4.949999999999999
2014-01-06,1.019406492,0.0,0.44999999999999996,-3.05
2014-01-07,1.076040186,16.9,2.65,-0.15
2014-01-08,1.98217929,39.5,7.55,2.0
2014-01-09,4.559012367,21.8,5.5,2.9000000000000004
2014-01-10,6.258023187,1.8,7.75,4.65
2014-01-11,6.342973728,36.4,7.55,2.95
2014-01-12,7.390697067,24.8,6.15,2.8
2014-01-13,8.551687794,1.3,7.65,-0.05000000000000002
2014-01-14,6.739409586,0.0,7.75,-1.15
2014-01-15,5.323567236,0.0,4.05,-2.1
2014-01-16,4.445744979,0.0,3.35,-2.65
2014-01-17,3.822774345,0.0,4.949999999999999,-2.05
2014-01-18,3.341387946,0.0,6.6,-1.65
2014-01-19,2.944952088,0.0,5.35,-2.25
2014-01-20,2.605149924,0.0,7.2,-1.65
2014-01-21,2.321981454,0.0,6.800000000000001,-1.75
2014-01-22,2.095446678,0.0,5.1,-1.95
2014-01-23,1.925545596,0.0,7.0,-1.75
2014-01-24,1.755644514,0.0,4.45,-2.95
2014-01-25,1.642377126,0.0,5.65,-2.4
2014-01-26,1.529109738,0.0,7.1,-2.2
2014-01-27,1.472476044,1.8,5.15,-1.1
2014-01-28,1.614060279,32.8,9.65,4.1
2014-01-29,7.532281301999999,37.9,9.55,4.35
2014-01-30,7.362380219999999,5.3,6.1,1.4500000000000002
2014-01-31,5.125349307,1.0,5.25,0.45
2014-02-01,3.992675427,0.0,5.75,-1.55
2014-02-02,3.369704793,2.5,7.05,-0.7000000000000001
2014-02-03,2.944952088,5.5,3.7,-0.6000000000000001
2014-02-04,2.605149924,4.8,2.8499999999999996,-3.35
2014-02-05,2.350298301,0.0,-0.09999999999999998,-6.8
2014-02-06,2.208714066,18.3,0.05,-7.05
2014-02-07,2.152080372,36.7,0.75,-0.5
2014-02-08,2.576833077,25.3,0.2,-0.45
2014-02-09,5.606735706,4.0,4.6,-0.35
2014-02-10,6.258023187,8.5,2.0,-0.19999999999999998
2014-02-11,7.843766619,27.4,2.2,0.1
2014-02-12,48.70497684,82.5,6.4,0.6
2014-02-13,38.22774345,10.6,8.1,2.25
2014-02-14,41.90893356,66.8,7.85,2.4
2014-02-15,31.99803711,39.0,7.45,1.95
2014-02-16,22.6534776,15.4,6.1,0.7
2014-02-17,15.829117473,36.5,5.4,1.85
2014-02-18,17.952880997999998,30.8,7.05,1.1
2014-02-19,17.188326129,13.0,5.05,0.0
2014-02-20,12.006343128,22.8,5.25,1.7000000000000002
2014-02-21,9.712678521,1.3,10.45,2.5
2014-02-22,7.872083465999999,0.0,9.7,-0.75
2014-02-23,6.371290575,7.3,10.35,-1.95
2014-02-24,5.635052553,2.0,12.850000000000001,3.85
2014-02-25,5.691686247,0.3,14.45,2.6
2014-02-26,5.635052553,0.0,10.35,1.45
2014-02-27,5.918221023,11.8,11.2,4.65
2014-02-28,5.465151471,4.3,11.85,2.25
2014-03-01,5.833270482,28.1,7.4,3.95
2014-03-02,10.392282849,25.1,9.600000000000001,6.2
2014-03-03,16.112285943,28.2,10.649999999999999,6.550000000000001
2014-03-04,14.356641429,1.5,13.45,6.550000000000001
2014-03-05,13.252284396,36.3,11.15,7.25
2014-03-06,17.075058741,39.1,9.75,5.7
2014-03-07,15.885751167,3.3,12.7,2.6500000000000004
2014-03-08,11.60990727,21.6,9.399999999999999,1.35
2014-03-09,20.812882545,48.4,12.45,7.85
2014-03-10,25.230310677,20.8,7.8999999999999995,2.7
2014-03-11,15.545949003,0.0,11.35,0.55
2014-03-12,10.505550237,0.0,14.85,-1.5
2014-03-13,7.64554869,0.0,15.65,-1.15
2014-03-14,6.286340034,11.0,14.15,2.4
2014-03-15,5.125349307,0.0,15.5,-0.04999999999999999
2014-03-16,4.360794438,15.1,15.7,2.85
2014-03-17,4.417428132,6.3,7.0,1.35
2014-03-18,3.851091192,0.0,13.45,0.2
2014-03-19,3.539605875,0.0,13.899999999999999,-2.0
2014-03-20,3.199803711,0.0,11.350000000000001,-1.85
2014-03-21,2.888318394,0.0,13.8,-3.15
2014-03-22,2.661783618,0.0,17.25,-3.0
2014-03-23,2.435248842,0.0,18.0,-2.2
2014-03-24,2.26534776,0.0,20.75,-1.05
2014-03-25,2.208714066,13.8,12.45,3.05
2014-03-26,2.690100465,33.5,7.35,1.8
2014-03-27,4.81386399,35.9,6.8,1.65
2014-03-28,11.355055647,53.3,7.4,3.65
2014-03-29,17.896247304,16.1,10.3,3.5
2014-03-30,12.034659975,12.5,7.550000000000001,1.4500000000000002
2014-03-31,9.118024734,1.5,9.8,-0.8
2014-04-01,7.192479138,3.5,6.8,2.1
2014-04-02,5.804953635,0.5,13.1,2.7
2014-04-03,4.927131378,6.3,14.7,1.5499999999999998
2014-04-04,4.757230296,16.8,11.15,4.35
2014-04-05,5.408517777,23.5,9.25,5.1
2014-04-06,7.588914996,4.5,16.7,5.0
2014-04-07,7.107528597,0.0,20.9,1.95
2014-04-08,6.371290575,0.0,22.700000000000003,3.65
2014-04-09,5.550102012,0.5,17.95,3.0999999999999996
2014-04-10,4.700596602,0.0,20.9,0.04999999999999999
2014-04-11,3.992675427,0.0,22.55,1.9500000000000002
2014-04-12,3.511289028,0.0,18.799999999999997,1.25
2014-04-13,3.058219476,0.0,22.45,0.09999999999999999
2014-04-14,2.746734159,0.0,21.950000000000003,0.8500000000000001
2014-04-15,2.491882536,0.0,14.3,4.300000000000001
2014-04-16,2.293664607,0.0,16.75,3.15
2014-04-17,2.435248842,21.0,9.5,6.2
2014-04-18,2.605149924,0.0,17.05,3.0999999999999996
2014-04-19,2.26534776,4.5,11.45,1.05
2014-04-20,2.095446678,0.0,20.0,4.7
2014-04-21,1.98217929,5.5,20.25,5.25
2014-04-22,2.293664607,26.6,9.399999999999999,3.35
2014-04-23,3.652873263,42.6,8.9,2.75
2014-04-24,12.827531691,26.4,12.0,5.05
2014-04-25,10.250698614,1.0,11.5,4.05
2014-04-26,7.362380219999999,10.0,12.15,3.0999999999999996
2014-04-27,7.022578056,28.5,7.8,3.2
2014-04-28,6.909310668,0.3,16.5,3.0999999999999996
2014-04-29,6.173072646,0.0,24.25,1.7
2014-04-30,5.635052553,0.0,29.1,4.5
2014-05-01,5.012081919,0.0,30.4,5.8
2014-05-02,4.360794438,0.0,24.450000000000003,6.95
2014-05-03,3.822774345,2.0,16.55,8.6
2014-05-04,3.709506957,18.6,14.05,6.9
2014-05-05,4.219210203,6.3,11.1,6.45
2014-05-06,3.766140651,2.0,13.600000000000001,6.15
2014-05-07,3.341387946,0.0,18.4,2.4000000000000004
2014-05-08,3.539605875,28.9,12.6,5.75
2014-05-09,7.334063373,32.5,9.85,4.3
2014-05-10,10.307332308,13.1,11.649999999999999,4.15
2014-05-11,8.664955182,0.3,19.700000000000003,6.25
2014-05-12,6.79604328,0.0,24.05,3.2
2014-05-13,5.521785165,0.0,29.799999999999997,7.699999999999999
2014-05-14,4.587329214,0.0,32.75,7.0
2014-05-15,3.907724886,0.0,27.9,9.0
2014-05-16,3.39802164,0.0,21.35,6.949999999999999
2014-05-17,3.001585782,0.0,22.55,7.8
2014-05-18,3.228120558,34.0,12.7,7.949999999999999
2014-05-19,3.454655334,1.5,18.6,7.050000000000001
2014-05-20,2.944952088,0.0,22.45,4.25
2014-05-21,2.633466771,0.0,23.450000000000003,7.949999999999999
2014-05-22,2.435248842,0.0,28.799999999999997,6.5
2014-05-23,2.26534776,0.8,19.55,11.35
2014-05-24,2.123763525,0.0,22.6,9.7
2014-05-25,1.98217929,0.0,23.799999999999997,7.050000000000001
2014-05-26,1.868911902,0.0,21.25,7.5
2014-05-27,1.755644514,0.0,17.35,7.2
2014-05-28,1.755644514,13.9,11.95,5.85
2014-05-29,1.69901082,0.0,21.35,6.15
2014-05-30,1.585743432,0.0,23.6,4.949999999999999
2014-05-31,1.500792891,0.0,24.15,6.85
2014-06-01,1.444159197,0.0,23.05,6.9
2014-06-02,1.387525503,0.0,26.65,7.7
2014-06-03,1.302574962,0.0,20.75,7.35
2014-06-04,1.245941268,0.0,25.7,4.6
2014-06-05,1.217624421,0.0,27.0,6.5
2014-06-06,1.160990727,0.0,26.549999999999997,5.25
2014-06-07,1.104357033,0.0,26.049999999999997,5.85
2014-06-08,1.076040186,0.0,28.1,7.550000000000001
2014-06-09,1.047723339,0.0,26.2,8.7
2014-06-10,1.019406492,0.0,25.85,6.15
2014-06-11,0.962772798,0.0,26.55,5.4
2014-06-12,0.962772798,5.8,19.65,8.75
2014-06-13,1.104357033,14.3,13.1,9.1
2014-06-14,1.019406492,0.0,16.1,7.75
2014-06-15,0.962772798,0.3,15.75,7.65
2014-06-16,1.019406492,11.3,12.85,6.15
2014-06-17,1.274258115,2.0,11.85,6.8
2014-06-18,1.047723339,0.0,21.7,8.8
2014-06-19,0.962772798,0.0,26.25,6.35
2014-06-20,0.906139104,0.0,20.95,8.100000000000001
2014-06-21,0.8778222569999999,0.0,23.799999999999997,5.449999999999999
2014-06-22,0.84950541,0.0,27.35,7.050000000000001
2014-06-23,0.821188563,0.5,26.450000000000003,10.75
2014-06-24,0.792871716,0.0,24.9,8.75
2014-06-25,0.821188563,15.1,20.0,9.95
2014-06-26,0.991089645,3.3,20.0,12.7
2014-06-27,1.330891809,16.9,18.1,11.95
2014-06-28,1.302574962,0.3,20.5,11.75
2014-06-29,1.104357033,0.0,23.0,9.95
2014-06-30,0.991089645,0.0,30.4,7.4
2014-07-01,0.906139104,0.0,35.3,10.5
2014-07-02,0.8778222569999999,0.0,27.25,14.0
2014-07-03,0.821188563,0.0,24.15,12.45
2014-07-04,0.792871716,0.0,27.9,11.0
2014-07-05,0.764554869,0.0,31.2,10.35
2014-07-06,0.736238022,0.0,31.2,10.7
2014-07-07,0.707921175,0.0,32.900000000000006,12.0
2014-07-08,0.6796043279999999,0.0,31.3,14.85
2014-07-09,0.651287481,0.0,31.1,14.5
2014-07-10,0.622970634,0.0,31.950000000000003,11.55
2014-07-11,0.622970634,0.0,27.45,11.149999999999999
2014-07-12,0.5946537869999999,0.0,34.1,12.15
2014-07-13,0.5946537869999999,1.5,25.8,16.05
2014-07-14,0.56633694,0.0,30.7,15.7
2014-07-15,0.56633694,0.0,34.95,12.85
2014-07-16,0.538020093,0.0,33.75,15.75
2014-07-17,0.5097032459999999,0.0,31.25,12.15
2014-07-18,0.5097032459999999,0.0,29.75,9.15
2014-07-19,0.4813863989999999,0.0,32.15,11.3
2014-07-20,0.4813863989999999,0.0,26.950000000000003,12.3
2014-07-21,0.4813863989999999,0.0,21.9,11.05
2014-07-22,0.4813863989999999,1.0,24.7,14.6
2014-07-23,0.736238022,14.5,15.7,10.75
2014-07-24,0.6796043279999999,0.0,20.65,9.35
2014-07-25,0.538020093,0.0,26.6,6.5
2014-07-26,0.5097032459999999,0.0,29.6,8.85
2014-07-27,0.4813863989999999,0.0,26.8,11.45
2014-07-28,0.4813863989999999,0.0,34.3,14.1
2014-07-29,0.453069552,0.0,32.75,15.1
2014-07-30,0.453069552,0.0,33.7,13.8
2014-07-31,0.424752705,0.0,33.099999999999994,14.350000000000001
2014-08-01,0.424752705,0.0,33.05,16.45
2014-08-02,0.424752705,0.0,31.3,15.05
2014-08-03,0.396435858,0.0,29.5,13.75
2014-08-04,0.396435858,0.0,29.55,14.95
2014-08-05,0.396435858,0.0,28.45,12.25
2014-08-06,0.368119011,0.0,30.200000000000003,9.4
2014-08-07,0.368119011,0.0,29.45,11.25
2014-08-08,0.368119011,0.0,27.85,8.75
2014-08-09,0.368119011,0.0,29.3,8.850000000000001
2014-08-10,0.368119011,0.0,34.65,11.65
2014-08-11,0.3398021639999999,0.0,32.5,14.649999999999999
2014-08-12,0.368119011,2.3,22.450000000000003,14.649999999999999
2014-08-13,0.368119011,0.3,20.8,14.8
2014-08-14,0.396435858,2.8,23.8,13.9
2014-08-15,0.368119011,0.0,27.450000000000003,13.9
2014-08-16,0.3398021639999999,0.0,31.5,11.4
2014-08-17,0.3398021639999999,0.0,31.450000000000003,12.3
2014-08-18,0.3398021639999999,0.0,33.65,12.8
2014-08-19,0.3398021639999999,0.0,30.65,15.25
2014-08-20,0.3398021639999999,0.0,24.450000000000003,10.55
2014-08-21,0.311485317,0.0,27.2,7.300000000000001
2014-08-22,0.311485317,0.0,25.85,9.1
2014-08-23,0.311485317,0.0,30.65,8.25
2014-08-24,0.311485317,0.0,29.6,8.9
2014-08-25,0.311485317,0.0,30.5,8.75
2014-08-26,0.311485317,0.0,33.95,9.85
2014-08-27,0.28316847,0.0,33.400000000000006,11.75
2014-08-28,0.28316847,0.0,30.5,11.850000000000001
2014-08-29,0.28316847,0.0,27.9,10.05
2014-08-30,0.311485317,5.3,19.35,12.5
2014-08-31,0.3398021639999999,0.0,23.299999999999997,9.8
2014-09-01,0.311485317,0.0,28.45,6.949999999999999
2014-09-02,0.28316847,0.0,26.5,8.6
2014-09-03,0.28316847,0.0,23.4,6.6
2014-09-04,0.28316847,0.0,28.65,4.85
2014-09-05,0.2775051006,0.0,31.95,7.550000000000001
2014-09-06,0.2718417312,0.0,33.0,7.699999999999999
2014-09-07,0.2718417312,0.0,31.05,8.350000000000001
2014-09-08,0.2690100465,0.0,29.65,8.6
2014-09-09,0.2690100465,0.0,23.1,8.9
2014-09-10,0.2690100465,0.0,28.4,5.699999999999999
2014-09-11,0.2661783618,0.0,26.7,6.9
2014-09-12,0.2576833077,0.0,32.35,6.050000000000001
2014-09-13,0.2576833077,0.0,32.75,6.35
2014-09-14,0.2520199383,0.0,33.150000000000006,7.050000000000001
2014-09-15,0.2520199383,0.0,29.6,8.85
2014-09-16,0.2491882536,0.0,28.35,8.55
2014-09-17,0.2491882536,0.0,25.85,12.3
2014-09-18,0.2520199383,0.3,20.8,11.5
2014-09-19,0.2576833077,0.0,28.950000000000003,12.149999999999999
2014-09-20,0.2548516229999999,0.0,33.85,10.4
2014-09-21,0.2463565688999999,0.0,31.95,11.3
2014-09-22,0.2406931994999999,0.0,28.0,12.25
2014-09-23,0.2406931994999999,0.0,21.450000000000003,11.8
2014-09-24,0.424752705,34.7,16.0,12.3
2014-09-25,0.453069552,6.3,17.65,10.8
2014-09-26,0.3398021639999999,0.3,18.450000000000003,8.1
2014-09-27,0.28316847,0.0,20.7,6.6
2014-09-28,0.2803367853,0.0,22.9,9.600000000000001
2014-09-29,0.2718417312,2.8,21.25,8.3
2014-09-30,0.311485317,3.3,16.2,9.05
2014-10-01,0.311485317,0.0,19.0,6.449999999999999
2014-10-02,0.2746734159,0.0,20.95,3.95
2014-10-03,0.2661783618,0.0,23.85,5.4
2014-10-04,0.2576833077,0.0,24.25,5.6
2014-10-05,0.2491882536,0.0,24.299999999999997,6.7
2014-10-06,0.2491882536,0.0,25.45,8.100000000000001
2014-10-07,0.2491882536,0.0,25.6,8.75
2014-10-08,0.2491882536,0.0,24.549999999999997,8.15
2014-10-09,0.2435248841999999,0.0,22.3,5.4
2014-10-10,0.2406931994999999,0.0,21.35,5.8
2014-10-11,0.2520199383,4.3,18.2,8.6
2014-10-12,0.2605149924,0.0,18.35,6.7
2014-10-13,0.2491882536,0.0,19.75,4.3
2014-10-14,0.2803367853,8.3,12.85,7.75
2014-10-15,0.453069552,19.2,10.95,8.15
2014-10-16,0.453069552,0.0,15.2,6.15
2014-10-17,0.3398021639999999,4.0,13.2,8.45
2014-10-18,0.3398021639999999,2.5,18.6,8.75
2014-10-19,0.311485317,0.0,19.0,7.15
2014-10-20,0.396435858,18.9,12.55,9.2
2014-10-21,0.6796043279999999,11.6,12.35,8.399999999999999
2014-10-22,0.792871716,46.4,12.15,8.45
2014-10-23,3.029902629,15.4,11.8,8.55
2014-10-24,1.245941268,6.3,11.55,7.7
2014-10-25,0.8778222569999999,15.9,14.3,7.0
2014-10-26,2.26534776,25.7,8.1,6.3
2014-10-27,2.095446678,0.0,11.3,5.75
2014-10-28,1.727327667,23.7,9.8,5.0
2014-10-29,2.435248842,0.5,14.7,8.899999999999999
2014-10-30,1.642377126,29.1,15.8,9.8
2014-10-31,4.81386399,17.6,11.75,5.5
2014-11-01,3.058219476,1.5,10.1,5.1
2014-11-02,2.067129831,2.3,9.75,6.0
2014-11-03,1.727327667,6.5,10.45,7.25
2014-11-04,2.775051006,26.9,12.15,8.3
2014-11-05,3.11485317,0.0,16.2,9.35
2014-11-06,2.406931995,5.8,12.65,7.85
2014-11-07,2.010496137,0.0,11.9,3.35
2014-11-08,1.670693973,0.0,13.149999999999999,1.75
2014-11-09,1.472476044,3.5,9.85,4.05
2014-11-10,1.330891809,0.3,8.850000000000001,0.1
2014-11-11,1.189307574,0.0,8.3,-2.1
2014-11-12,1.047723339,0.0,5.25,-3.0999999999999996
2014-11-13,3.341387946,76.1,3.25,-1.05
2014-11-14,14.045156112,26.5,7.35,-0.1
2014-11-15,7.135845444,0.0,2.75,-4.4
2014-11-16,4.474061826,0.0,2.7,-5.949999999999999
2014-11-17,3.256437405,0.0,2.95,-4.949999999999999
2014-11-18,2.605149924,0.0,3.45,-3.9000000000000004
2014-11-19,2.237030913,9.3,7.199999999999999,-0.65
2014-11-20,2.350298301,5.5,9.100000000000001,4.2
2014-11-21,5.635052553,81.9,11.75,5.0
2014-11-22,18.859020102,24.2,9.3,4.550000000000001
2014-11-23,10.76040186,5.3,8.55,4.85
2014-11-24,7.390697067,7.0,9.05,4.75
2014-11-25,8.013667701,12.0,11.45,7.449999999999999
2014-11-26,7.305746526,0.0,11.9,7.75
2014-11-27,6.654459044999999,29.7,9.65,7.8
2014-11-28,15.092879451,63.2,9.55,5.5
2014-11-29,23.248131387,9.0,5.550000000000001,-1.0
2014-11-30,11.185154565,0.0,1.2,-2.7
2014-12-01,8.013667701,25.0,2.75,-1.0
2014-12-02,7.673865537,3.5,7.9,2.05
2014-12-03,6.22970634,6.5,7.7,3.05
2014-12-04,5.804953635,14.3,8.5,4.7
2014-12-05,5.295250389,7.0,9.55,4.2
2014-12-06,5.351884083,6.6,9.05,2.15
2014-12-07,4.559012367,0.0,8.45,0.45
2014-12-08,3.879408039,0.0,9.100000000000001,3.35
2014-12-09,3.567922722,14.8,9.35,5.85
2014-12-10,3.567922722,9.1,9.55,6.2
2014-12-11,3.454655334,2.5,10.15,6.7
2014-12-12,3.11485317,1.3,8.4,3.8
2014-12-13,2.775051006,0.3,7.35,-1.1
2014-12-14,2.520199383,0.0,4.15,-1.5
2014-12-15,2.350298301,1.5,6.65,1.15
2014-12-16,2.208714066,2.0,6.9,3.5
2014-12-17,2.095446678,5.3,6.8,2.2
2014-12-18,1.98217929,8.0,8.100000000000001,4.1
2014-12-19,2.350298301,15.3,7.550000000000001,4.3
2014-12-20,14.72476044,116.6,11.600000000000001,4.550000000000001
2014-12-21,54.36834624,86.1,11.75,8.15
2014-12-22,30.01585782,7.0,9.95,6.25
2014-12-23,13.818621336,6.3,9.600000000000001,6.4
2014-12-24,10.19406492,21.8,8.25,1.6
2014-12-25,8.183568783,5.8,4.85,1.9000000000000001
2014-12-26,6.569508504,0.3,6.1,1.4
2014-12-27,5.436834623999999,20.3,3.55,-1.15
2014-12-28,5.323567236,23.6,4.35,0.35
2014-12-29,5.040398766,12.5,2.7,-4.4
2014-12-30,4.24752705,0.0,-1.25,-7.7
2014-12-31,3.652873263,0.0,1.15,-8.3
2015-01-01,3.199803711,0.0,1.5499999999999998,-5.199999999999999
2015-01-02,2.916635241,0.0,1.2000000000000002,-3.55
2015-01-03,2.633466771,0.0,2.55,-1.7000000000000002
2015-01-04,2.520199383,6.5,2.75,-0.55
2015-01-05,2.463565689,0.5,4.2,0.35
2015-01-06,2.54851623,0.3,7.1,-0.6
2015-01-07,2.8316847,0.0,6.449999999999999,-1.0499999999999998
2015-01-08,3.001585782,0.0,6.95,-1.0499999999999998
2015-01-09,2.916635241,0.0,8.45,0.15
2015-01-10,2.718417312,0.0,7.0,0.75
2015-01-11,2.576833077,3.0,6.7,4.25
2015-01-12,2.435248842,2.8,9.4,4.25
2015-01-13,2.26534776,0.0,7.3,-0.95
2015-01-14,2.123763525,0.0,5.55,-1.4500000000000002
2015-01-15,2.038812984,14.8,5.5,-1.25
2015-01-16,3.426338487,14.9,9.149999999999999,2.2
2015-01-17,7.362380219999999,61.0,9.55,2.3
2015-01-18,12.799214844,7.6,10.600000000000001,4.8
2015-01-19,7.985350854,4.8,7.85,-0.35
2015-01-20,5.720003094,0.0,7.3,-1.0499999999999998
2015-01-21,4.502378673,0.0,6.199999999999999,-1.6
2015-01-22,3.794457498,0.8,8.3,2.4000000000000004
2015-01-23,3.256437405,0.0,10.649999999999999,3.15
2015-01-24,2.944952088,0.0,13.35,4.4
2015-01-25,2.633466771,0.0,11.55,2.5
2015-01-26,2.406931995,0.0,11.3,2.3
2015-01-27,2.208714066,0.0,8.7,1.0
2015-01-28,2.038812984,0.0,10.100000000000001,2.9000000000000004
2015-01-29,1.925545596,0.0,12.0,1.5
2015-01-30,1.812278208,0.0,10.1,-0.3
2015-01-31,1.69901082,0.0,8.65,-1.7
2015-02-01,1.670693973,5.5,6.2,1.9000000000000001
2015-02-02,2.123763525,21.7,12.0,5.25
2015-02-03,2.350298301,16.8,8.7,6.0
2015-02-04,2.605149924,0.0,13.05,4.8
2015-02-05,2.435248842,7.0,8.75,5.75
2015-02-06,3.001585782,20.3,8.95,7.3
2015-02-07,7.560598149,36.1,10.05,7.15
2015-02-08,7.107528597,1.5,9.75,5.949999999999999
2015-02-09,5.776636788,30.6,7.8,6.050000000000001
2015-02-10,7.872083465999999,4.5,10.5,4.8
2015-02-11,6.201389493,0.0,12.85,2.15
2015-02-12,4.842180837,0.0,12.55,1.9000000000000001
2015-02-13,4.020992274,0.0,13.5,2.5
2015-02-14,3.39802164,0.0,13.600000000000001,1.1
2015-02-15,3.001585782,0.0,12.7,-0.3
2015-02-16,2.661783618,0.0,13.0,-0.39999999999999997
2015-02-17,2.406931995,0.0,13.95,-0.75
2015-02-18,2.208714066,0.0,14.4,-0.6
2015-02-19,2.038812984,0.0,14.0,2.95
2015-02-20,1.925545596,0.0,13.85,1.5
2015-02-21,1.812278208,0.0,12.25,0.75
2015-02-22,1.69901082,0.0,11.6,-2.2
2015-02-23,1.585743432,0.0,12.850000000000001,-3.2
2015-02-24,1.500792891,0.0,12.600000000000001,-4.0
2015-02-25,1.444159197,0.0,9.95,-2.8
2015-02-26,1.41584235,5.5,10.35,6.25
2015-02-27,1.642377126,15.0,7.1,3.3
2015-02-28,1.472476044,0.0,9.9,-2.9000000000000004
2015-03-01,1.3592086559999998,0.0,11.2,-4.65
2015-03-02,1.302574962,0.0,13.8,-1.4
2015-03-03,1.245941268,0.0,13.5,-2.45
2015-03-04,1.189307574,0.0,14.600000000000001,-3.55
2015-03-05,1.160990727,0.0,16.3,-2.55
2015-03-06,1.104357033,0.0,17.5,-1.35
2015-03-07,1.047723339,0.0,19.35,-0.95
2015-03-08,1.019406492,0.0,18.85,-0.8999999999999999
2015-03-09,0.991089645,0.0,19.6,-0.39999999999999997
2015-03-10,0.962772798,0.0,16.35,0.55
2015-03-11,1.019406492,13.3,11.15,7.4
2015-03-12,1.104357033,4.5,16.05,6.0
2015-03-13,0.991089645,0.0,15.2,3.5999999999999996
2015-03-14,1.160990727,30.1,12.45,9.0
2015-03-15,2.435248842,17.3,12.2,6.949999999999999
2015-03-16,2.293664607,1.0,16.200000000000003,3.65
2015-03-17,1.925545596,0.0,12.75,6.1
2015-03-18,1.69901082,0.0,17.35,3.5
2015-03-19,1.529109738,0.0,18.65,0.35
2015-03-20,1.41584235,4.8,16.35,1.8
2015-03-21,1.472476044,3.5,15.55,3.85
2015-03-22,1.472476044,11.9,11.9,3.85
2015-03-23,1.868911902,26.6,7.55,3.15
2015-03-24,3.369704793,7.8,10.75,4.7
2015-03-25,3.426338487,7.3,14.3,6.05
2015-03-26,3.171486864,0.0,20.299999999999997,3.05
2015-03-27,2.775051006,6.0,21.95,4.8
2015-03-28,2.916635241,8.0,14.4,4.15
2015-03-29,2.54851623,0.0,19.299999999999997,2.0
2015-03-30,2.26534776,0.0,21.450000000000003,1.45
2015-03-31,2.350298301,20.1,9.05,2.95
2015-04-01,2.350298301,4.5,10.75,2.4000000000000004
2015-04-02,2.237030913,0.0,12.45,0.15000000000000002
2015-04-03,2.152080372,4.3,13.7,-2.05
2015-04-04,2.095446678,1.5,12.35,-0.15000000000000002
2015-04-05,2.010496137,9.8,12.350000000000001,-1.15
2015-04-06,2.010496137,3.8,9.7,1.9500000000000002
2015-04-07,2.010496137,7.1,12.6,2.55
2015-04-08,2.067129831,2.5,11.600000000000001,4.95
2015-04-09,2.038812984,0.0,17.75,3.5
2015-04-10,1.953862443,0.0,18.299999999999997,0.65
2015-04-11,2.208714066,18.8,7.7,2.9000000000000004
2015-04-12,2.293664607,0.0,15.85,2.15
2015-04-13,2.237030913,7.3,13.3,0.75
2015-04-14,2.26534776,9.0,7.65,0.8
2015-04-15,2.208714066,0.0,14.3,1.05
2015-04-16,2.180397219,0.0,22.950000000000003,-1.25
2015-04-17,2.123763525,0.0,24.25,1.45
2015-04-18,2.010496137,0.0,25.200000000000003,2.75
2015-04-19,1.897228749,0.0,26.65,1.65
2015-04-20,1.783961361,0.0,27.049999999999997,3.35
2015-04-21,1.670693973,0.0,20.1,4.25
2015-04-22,1.557426585,0.0,16.799999999999997,0.85
2015-04-23,1.529109738,7.3,9.350000000000001,0.85
2015-04-24,1.557426585,6.8,9.649999999999999,3.7
2015-04-25,1.642377126,11.5,11.0,4.550000000000001
2015-04-26,1.670693973,0.3,15.6,4.5
2015-04-27,1.557426585,0.0,27.5,4.0
2015-04-28,1.472476044,0.0,18.55,6.949999999999999
2015-04-29,1.41584235,0.0,18.55,3.3
2015-04-30,1.330891809,0.0,24.450000000000003,0.55
2015-05-01,1.274258115,0.0,25.950000000000003,4.35
2015-05-02,1.217624421,0.0,23.25,4.199999999999999
2015-05-03,1.160990727,0.0,25.15,3.5
2015-05-04,1.104357033,0.0,18.700000000000003,4.15
2015-05-05,1.047723339,0.0,18.2,4.6
2015-05-06,1.019406492,2.0,12.75,2.0999999999999996
2015-05-07,0.991089645,0.0,21.0,-0.4
2015-05-08,0.962772798,0.0,25.55,1.85
2015-05-09,0.906139104,0.0,28.2,3.1
2015-05-10,0.8778222569999999,0.0,22.35,6.15
2015-05-11,0.8778222569999999,5.5,12.3,6.8
2015-05-12,1.019406492,6.0,11.1,5.9
2015-05-13,0.962772798,1.5,16.05,6.15
2015-05-14,0.906139104,3.5,16.9,6.3
2015-05-15,0.906139104,0.3,14.05,9.25
2015-05-16,0.8778222569999999,0.3,13.25,8.45
2015-05-17,0.84950541,0.5,22.35,7.7
2015-05-18,0.8778222569999999,17.0,21.450000000000003,7.9
2015-05-19,0.962772798,0.0,17.25,10.85
2015-05-20,0.8778222569999999,1.8,21.85,10.7
2015-05-21,0.906139104,19.3,20.75,12.3
2015-05-22,1.104357033,2.3,15.2,10.55
2015-05-23,1.019406492,0.0,14.25,9.45
2015-05-24,0.962772798,0.0,20.299999999999997,8.600000000000001
2015-05-25,0.906139104,0.0,23.15,7.6
2015-05-26,0.8778222569999999,0.0,23.6,5.800000000000001
2015-05-27,0.821188563,0.0,24.799999999999997,5.8
2015-05-28,0.821188563,0.0,29.45,8.3
2015-05-29,0.792871716,0.0,29.1,10.95
2015-05-30,0.764554869,0.0,28.450000000000003,14.05
2015-05-31,0.736238022,0.0,29.049999999999997,12.0
2015-06-01,0.707921175,3.8,19.85,11.0
2015-06-02,0.736238022,4.5,17.3,10.0
2015-06-03,0.764554869,0.0,18.85,8.35
2015-06-04,0.707921175,0.0,23.299999999999997,7.25
2015-06-05,0.6796043279999999,0.0,29.7,7.35
2015-06-06,0.651287481,0.0,31.85,10.0
2015-06-07,0.622970634,0.0,33.05,10.95
2015-06-08,0.5946537869999999,0.0,36.05,13.0
2015-06-09,0.56633694,0.0,29.5,14.2
2015-06-10,0.56633694,0.0,28.85,10.5
2015-06-11,0.56633694,0.0,29.049999999999997,7.35
2015-06-12,0.538020093,0.0,26.200000000000003,8.55
2015-06-13,0.538020093,0.0,26.4,5.449999999999999
2015-06-14,0.5097032459999999,0.0,31.35,6.1
2015-06-15,0.5097032459999999,0.0,27.85,8.45
2015-06-16,0.4813863989999999,0.0,24.9,9.2
2015-06-17,0.4813863989999999,0.0,28.45,7.75
2015-06-18,0.4813863989999999,0.0,29.1,10.05
2015-06-19,0.453069552,0.0,25.65,7.7
2015-06-20,0.453069552,0.0,29.2,8.35
2015-06-21,0.453069552,0.0,26.1,9.55
2015-06-22,0.424752705,0.0,26.15,7.449999999999999
2015-06-23,0.424752705,0.0,28.700000000000003,7.15
2015-06-24,0.424752705,0.0,29.75,9.9
2015-06-25,0.424752705,0.0,34.55,10.3
2015-06-26,0.396435858,3.6,36.55,13.7
2015-06-27,0.396435858,0.0,33.55,16.549999999999997
2015-06-28,0.396435858,0.0,29.450000000000003,17.950000000000003
2015-06-29,0.396435858,0.0,31.95,16.0
2015-06-30,0.368119011,0.0,33.95,14.2
2015-07-01,0.368119011,0.0,37.0,13.5
2015-07-02,0.368119011,0.0,36.7,15.25
2015-07-03,0.3398021639999999,0.0,35.5,12.4
2015-07-04,0.3398021639999999,0.0,32.55,12.35
2015-07-05,0.3398021639999999,0.0,35.650000000000006,12.75
2015-07-06,0.3398021639999999,0.0,33.7,13.149999999999999
2015-07-07,0.3398021639999999,0.0,34.55,13.2
2015-07-08,0.311485317,0.0,33.15,13.05
2015-07-09,0.3398021639999999,3.8,27.4,14.75
2015-07-10,0.368119011,1.8,25.15,13.05
2015-07-11,0.3398021639999999,0.0,20.65,14.15
2015-07-12,0.3398021639999999,0.0,27.9,13.85
2015-07-13,0.311485317,0.0,28.95,13.75
2015-07-14,0.311485317,0.0,29.55,10.55
2015-07-15,0.311485317,0.0,30.200000000000003,8.7
2015-07-16,0.28316847,0.0,28.15,9.35
2015-07-17,0.28316847,0.0,30.35,7.65
2015-07-18,0.28316847,0.0,36.349999999999994,8.5
2015-07-19,0.28316847,0.0,34.4,11.5
2015-07-20,0.2803367853,0.0,32.8,11.65
2015-07-21,0.2775051006,0.0,29.25,10.6
2015-07-22,0.2746734159,0.0,26.1,8.2
2015-07-23,0.2718417312,0.0,28.9,7.3
2015-07-24,0.2690100465,0.0,29.75,8.75
2015-07-25,0.2605149924,0.0,23.35,11.6
2015-07-26,0.2633466771,0.0,20.6,12.399999999999999
2015-07-27,0.2605149924,0.0,25.75,9.100000000000001
2015-07-28,0.2520199383,0.0,32.65,6.7
2015-07-29,0.2463565688999999,0.0,37.65,9.55
2015-07-30,0.2293664607,0.0,41.3,11.100000000000001
2015-07-31,0.2237030913,0.0,40.7,13.55
2015-08-01,0.2208714066,0.0,38.5,12.4
2015-08-02,0.2180397219,0.0,31.1,13.95
2015-08-03,0.2293664607,2.3,25.7,14.7
2015-08-04,0.2293664607,0.0,30.5,11.65
2015-08-05,0.2152080371999999,0.0,29.95,7.7
2015-08-06,0.2123763525,0.0,30.05,7.1
2015-08-07,0.2095446678,0.0,31.3,8.8
2015-08-08,0.2095446678,0.0,29.1,8.9
2015-08-09,0.2095446678,0.0,30.6,14.0
2015-08-10,0.2095446678,0.0,29.35,10.75
2015-08-11,0.2067129831,0.0,32.05,13.25
2015-08-12,0.2038812984,0.0,34.3,13.649999999999999
2015-08-13,0.2010496137,0.0,33.3,11.649999999999999
2015-08-14,0.2010496137,0.0,21.7,13.45
2015-08-15,0.2038812984,0.0,27.45,10.7
2015-08-16,0.198217929,0.0,29.95,6.95
2015-08-17,0.1953862443,0.0,33.45,8.8
2015-08-18,0.1925545595999999,0.0,38.3,10.8
2015-08-19,0.1868911901999999,0.0,36.8,12.350000000000001
2015-08-20,0.1840595055,0.0,30.25,11.149999999999999
2015-08-21,0.1840595055,0.0,28.299999999999997,9.1
2015-08-22,0.1840595055,0.0,35.3,6.55
2015-08-23,0.1783961361,0.0,32.3,10.0
2015-08-24,0.1783961361,0.0,30.65,9.95
2015-08-25,0.1783961361,0.0,31.35,10.0
2015-08-26,0.1755644514,0.0,32.2,9.8
2015-08-27,0.1755644514,0.0,33.599999999999994,9.9
2015-08-28,0.1755644514,0.0,29.4,15.1
2015-08-29,0.2180397219,7.3,19.1,13.75
2015-08-30,0.2548516229999999,10.3,15.5,12.05
2015-08-31,0.28316847,0.0,23.65,10.8
2015-09-01,0.2237030913,0.0,26.25,10.2
2015-09-02,0.2293664607,10.8,19.299999999999997,11.2
2015-09-03,0.311485317,2.0,16.8,6.9
2015-09-04,0.2463565688999999,5.8,19.05,4.65
2015-09-05,0.3398021639999999,2.0,14.2,5.4
2015-09-06,0.2548516229999999,0.0,20.35,4.25
2015-09-07,0.226534776,0.0,25.35,4.300000000000001
2015-09-08,0.2123763525,0.0,29.85,6.95
2015-09-09,0.2067129831,0.0,31.0,9.149999999999999
2015-09-10,0.2038812984,0.0,31.9,9.55
2015-09-11,0.198217929,0.0,34.400000000000006,10.45
2015-09-12,0.198217929,0.0,32.650000000000006,12.3
2015-09-13,0.198217929,0.0,28.65,10.5
2015-09-14,0.1953862443,0.0,20.299999999999997,5.9
2015-09-15,0.1897228749,0.0,15.6,3.75
2015-09-16,0.1925545595999999,2.3,17.1,8.55
2015-09-17,0.6796043279999999,54.4,14.899999999999999,10.2
2015-09-18,0.651287481,0.0,20.3,9.25
2015-09-19,0.311485317,0.0,24.6,6.6
2015-09-20,0.2605149924,0.0,26.85,8.05
2015-09-21,0.2406931994999999,0.0,25.35,12.6
2015-09-22,0.2293664607,0.0,22.700000000000003,8.350000000000001
2015-09-23,0.2152080371999999,0.0,24.35,5.300000000000001
2015-09-24,0.2152080371999999,0.0,25.4,7.5
2015-09-25,0.2067129831,0.0,24.9,6.5
2015-09-26,0.2067129831,0.5,19.200000000000003,6.25
2015-09-27,0.2067129831,0.0,22.3,2.8499999999999996
2015-09-28,0.2038812984,0.0,25.0,4.1
2015-09-29,0.198217929,0.0,26.950000000000003,5.300000000000001
2015-09-30,0.198217929,0.0,24.549999999999997,4.7
2015-10-01,0.198217929,0.0,23.1,5.15
2015-10-02,0.1953862443,0.0,22.35,5.0
2015-10-03,0.1953862443,1.0,15.95,6.85
2015-10-04,0.1897228749,0.0,26.4,7.45
2015-10-05,0.1897228749,0.0,25.85,4.9
2015-10-06,0.1897228749,0.0,24.049999999999997,6.55
2015-10-07,0.1868911901999999,0.0,21.049999999999997,10.7
2015-10-08,0.1840595055,0.0,24.95,9.6
2015-10-09,0.1812278208,0.0,22.4,6.8
2015-10-10,0.1897228749,8.6,24.1,10.0
2015-10-11,0.2633466771,0.0,19.15,7.45
2015-10-12,0.2180397219,0.0,19.799999999999997,4.699999999999999
2015-10-13,0.2010496137,0.0,21.15,5.15
2015-10-14,0.198217929,0.0,22.85,6.05
2015-10-15,0.1925545595999999,0.0,23.0,7.25
2015-10-16,0.1897228749,0.0,19.049999999999997,8.0
2015-10-17,0.1925545595999999,4.0,15.75,11.1
2015-10-18,0.2038812984,0.8,18.35,8.05
2015-10-19,0.2123763525,1.0,16.3,8.25
2015-10-20,0.2067129831,0.0,18.3,6.75
2015-10-21,0.2067129831,0.0,19.55,3.95
2015-10-22,0.198217929,0.0,17.9,4.5
2015-10-23,0.198217929,0.0,15.600000000000001,1.3
2015-10-24,0.1925545595999999,0.0,17.6,5.4
2015-10-25,0.2718417312,19.4,11.649999999999999,3.45
2015-10-26,0.396435858,2.0,14.100000000000001,2.9
2015-10-27,0.2605149924,0.0,12.2,1.55
2015-10-28,0.28316847,15.8,13.350000000000001,8.5
2015-10-29,0.3398021639999999,3.0,15.15,8.45
2015-10-30,0.424752705,21.3,13.55,8.1
2015-10-31,1.076040186,45.3,14.95,10.149999999999999
2015-11-01,2.860001547,16.1,10.25,6.4
2015-11-02,1.727327667,3.3,9.5,6.0
2015-11-03,0.991089645,1.8,8.5,3.55
2015-11-04,0.736238022,0.0,8.1,2.25
2015-11-05,0.56633694,0.8,7.55,2.4
2015-11-06,0.5097032459999999,0.0,11.8,2.9
2015-11-07,0.453069552,8.0,10.25,0.8
2015-11-08,1.245941268,26.0,8.75,3.4
2015-11-09,1.41584235,2.3,10.15,2.95
2015-11-10,0.991089645,0.0,7.9,2.8499999999999996
2015-11-11,0.906139104,7.8,7.7,3.2
2015-11-12,0.84950541,2.8,7.5,2.5
2015-11-13,1.245941268,14.0,8.8,5.9
2015-11-14,1.3592086559999998,0.0,11.899999999999999,4.75
2015-11-15,1.189307574,14.3,5.949999999999999,0.55
2015-11-16,1.189307574,27.7,5.15,0.35
2015-11-17,7.730499231,48.7,10.55,1.5
2015-11-18,9.712678521,7.3,7.6,4.199999999999999
2015-11-19,13.705353948,66.4,10.7,3.9
2015-11-20,8.183568783,0.0,7.2,-0.25
2015-11-21,4.643962908,0.0,6.25,-1.5
2015-11-22,3.228120558,0.0,7.6,-1.6
2015-11-23,2.54851623,9.0,8.45,-1.25
2015-11-24,2.491882536,14.8,4.85,0.0
2015-11-25,2.067129831,0.0,3.5999999999999996,-2.2
2015-11-26,1.783961361,0.0,5.8,-3.2
2015-11-27,1.585743432,0.0,2.95,-4.699999999999999
2015-11-28,1.41584235,0.0,2.5,-5.4
2015-11-29,1.302574962,0.0,1.6,-6.25
2015-11-30,1.217624421,0.0,1.0,-6.25
2015-12-01,1.13267388,7.5,5.15,-1.0
2015-12-02,2.038812984,23.4,5.75,1.85
2015-12-03,2.067129831,12.5,9.75,3.5
2015-12-04,2.633466771,18.5,6.1,2.35
2015-12-05,2.54851623,3.0,5.949999999999999,0.8
2015-12-06,3.39802164,21.5,9.55,4.699999999999999
2015-12-07,22.908329223,86.7,12.85,6.199999999999999
2015-12-08,17.641395681,4.5,13.05,10.149999999999999
2015-12-09,15.829117473,42.3,10.95,5.35
2015-12-10,14.1584235,30.5,6.5,2.85
2015-12-11,11.779808352,31.7,5.550000000000001,1.2999999999999998
2015-12-12,15.262780533,70.4,4.85,0.75
2015-12-13,18.68911902,30.4,3.85,-0.1
2015-12-14,11.156837718,2.0,2.95,-0.2
2015-12-15,7.92871716,0.3,2.8,-0.35
2015-12-16,6.286340034,12.8,2.9,0.0
2015-12-17,17.414860905,99.9,2.15,-0.2
2015-12-18,27.523975284,26.2,6.25,2.05
2015-12-19,15.404364768,5.3,4.95,0.9500000000000001
2015-12-20,10.448916543,21.3,1.35,-0.1
2015-12-21,11.638224117,57.6,5.85,-0.2
2015-12-22,12.289511598,26.3,3.0,0.0
2015-12-23,9.146341581,29.6,2.25,-0.15
2015-12-24,7.107528597,3.3,1.35,-0.55
2015-12-25,5.578418859,0.3,2.55,-0.55
2015-12-26,4.587329214,0.0,1.05,-3.05
2015-12-27,4.049309121,13.0,1.65,-0.55
2015-12-28,3.68119011,2.8,2.45,-0.25
2015-12-29,3.313071099,0.8,2.55,-0.75
2015-12-30,3.001585782,0.0,1.8,-3.1
2015-12-31,2.746734159,0.0,1.9999999999999998,-5.4
2016-01-01,2.5824964464,0.0,0.8,-7.15
2016-01-02,2.4494072655,0.0,-0.15000000000000002,-8.55
2016-01-03,2.3333081928,5.8,0.5,-7.699999999999999
2016-01-04,2.2341992283,1.5,1.6,-1.15
2016-01-05,2.2795061835,1.0,2.45,-1.05
2016-01-06,2.2681794447,0.5,1.15,-1.7000000000000002
2016-01-07,2.2625160753,0.0,3.3,-1.55
2016-01-08,2.2228724895,0.0,2.5,-1.7000000000000002
2016-01-09,2.2115457507,6.0,2.6500000000000004,-0.6
2016-01-10,2.1860605884,0.0,3.25,-1.5499999999999998
2016-01-11,2.2625160753,6.0,2.1,-1.7999999999999998
2016-01-12,3.228120558,17.3,2.2,-0.6
2016-01-13,5.266933541999999,14.8,3.8,1.2999999999999998
2016-01-14,6.003171564,10.5,2.75,0.1
2016-01-15,5.266933541999999,6.0,4.7,0.5
2016-01-16,7.220795985,22.3,6.1,0.4
2016-01-17,10.420599696,31.1,4.449999999999999,0.15
2016-01-18,11.241788259,8.8,6.45,1.4
2016-01-19,11.553273576,44.6,4.6,3.0
2016-01-20,12.034659975,4.8,5.199999999999999,2.55
2016-01-21,9.740995368,1.5,8.2,3.7
2016-01-22,9.118024734,5.0,9.05,4.449999999999999
2016-01-23,8.863173111,17.6,7.75,3.85
2016-01-24,8.240202477,6.8,5.949999999999999,3.55
2016-01-25,7.107528597,0.3,7.85,1.65
2016-01-26,6.22970634,2.3,8.95,2.15
2016-01-27,6.116438952,0.3,11.8,3.15
2016-01-28,8.976440498999999,28.0,9.25,4.449999999999999
2016-01-29,11.723174658,27.7,5.85,2.75
2016-01-30,10.505550237,10.5,4.85,0.5
2016-01-31,8.21188563,0.3,4.35,0.15
2016-02-01,6.597825351,0.5,5.25,-0.30000000000000004
2016-02-02,5.408517777,0.0,5.25,-1.35
2016-02-03,4.785547143,12.5,4.85,-0.75
2016-02-04,5.635052553,22.1,5.15,-0.15
2016-02-05,5.635052553,6.8,9.1,-0.9500000000000001
2016-02-06,5.720003094,2.8,8.9,4.5
2016-02-07,5.606735706,0.0,13.399999999999999,3.8
2016-02-08,5.889904176,0.0,14.25,1.6
2016-02-09,6.286340034,0.0,12.2,1.2999999999999998
2016-02-10,6.003171564,0.0,10.4,0.8
2016-02-11,5.6633694,1.5,13.1,5.1
2016-02-12,5.6633694,8.3,12.0,5.550000000000001
2016-02-13,5.720003094,15.3,8.350000000000001,4.05
2016-02-14,9.939213297,38.0,10.100000000000001,4.15
2016-02-15,10.505550237,1.3,13.15,6.5
2016-02-16,8.155251935999999,0.0,12.0,5.1
2016-02-17,6.909310668,10.5,14.350000000000001,3.45
2016-02-18,7.050894903,36.5,5.050000000000001,3.05
2016-02-19,7.447330761,4.8,6.050000000000001,2.3
2016-02-20,6.258023187,1.0,7.75,-0.15
2016-02-21,5.436834623999999,8.6,6.199999999999999,-1.15
2016-02-22,4.785547143,0.0,8.15,-1.25
2016-02-23,4.219210203,0.0,9.7,-1.85
2016-02-24,3.822774345,0.0,12.75,1.15
2016-02-25,3.511289028,0.0,16.0,-0.4
2016-02-26,3.39802164,11.5,12.5,1.4500000000000002
2016-02-27,4.700596602,7.0,10.3,3.05
2016-02-28,4.502378673,7.0,8.1,1.7999999999999998
2016-02-29,4.190893356,7.8,8.3,2.05
2016-03-01,4.587329214,12.5,9.25,2.75
2016-03-02,4.842180837,8.3,9.75,-0.05
2016-03-03,5.181983001,2.8,13.399999999999999,2.65
2016-03-04,4.672279755,0.0,12.1,0.6
2016-03-05,4.474061826,17.4,10.95,6.0
2016-03-06,5.295250389,2.8,10.55,4.0
2016-03-07,4.587329214,2.0,8.8,2.55
2016-03-08,4.134259662,8.0,4.75,1.35
2016-03-09,4.559012367,17.6,6.85,2.5
2016-03-10,6.088122105,14.8,11.5,3.8
2016-03-11,5.720003094,4.0,10.899999999999999,1.4
2016-03-12,5.748319941,21.6,7.550000000000001,2.0
2016-03-13,7.192479138,37.7,6.25,2.15
2016-03-14,9.514460592,41.1,4.3,1.1
2016-03-15,8.863173111,24.0,4.55,-0.05
2016-03-16,8.77822257,7.5,13.25,2.5
2016-03-17,8.580004641,0.0,14.6,0.95
2016-03-18,7.277429679,0.0,15.35,-0.9
2016-03-19,6.626142198,0.0,20.15,2.75
2016-03-20,6.937627515,8.3,11.7,4.05
2016-03-21,7.107528597,15.6,8.15,3.05
2016-03-22,6.937627515,13.5,7.4,2.4
2016-03-23,6.371290575,8.5,11.55,3.65
2016-03-24,7.249112832,6.8,9.4,4.25
2016-03-25,6.682775892,1.8,9.9,0.35
2016-03-26,5.833270482,6.8,10.7,-0.65
2016-03-27,6.144755799,14.6,8.7,2.15
2016-03-28,5.6633694,0.0,9.85,-0.6
2016-03-29,5.040398766,0.0,16.35,-1.25
2016-03-30,4.502378673,0.0,20.25,-1.15
2016-03-31,4.162576509,0.0,22.1,0.45
2016-04-01,4.049309121,0.0,24.25,2.6
2016-04-02,4.134259662,0.0,23.2,3.75
2016-04-03,4.049309121,2.5,22.7,3.45
2016-04-04,4.219210203,18.3,10.95,4.550000000000001
2016-04-05,3.794457498,0.0,16.950000000000003,4.199999999999999
2016-04-06,3.454655334,0.0,24.5,2.05
2016-04-07,3.596239569,0.0,28.3,5.050000000000001
2016-04-08,3.652873263,0.0,26.799999999999997,6.1
2016-04-09,3.511289028,0.0,23.85,8.05
2016-04-10,3.143170017,0.0,16.95,5.15
2016-04-11,2.7778826907,0.8,20.200000000000003,5.050000000000001
2016-04-12,2.5909915005,8.3,13.399999999999999,4.65
2016-04-13,2.5740013923,7.3,14.25,4.35
2016-04-14,3.256437405,39.2,6.550000000000001,1.75
2016-04-15,3.822774345,0.5,14.5,2.55
2016-04-16,3.454655334,0.0,22.1,-0.15
2016-04-17,3.313071099,0.0,27.950000000000003,3.25
2016-04-18,3.228120558,0.0,30.4,5.75
2016-04-19,3.086536323,0.0,30.6,6.449999999999999
2016-04-20,3.029902629,5.6,27.2,7.25
2016-04-21,2.888318394,2.0,18.3,9.45
2016-04-22,2.605149924,7.8,17.0,8.0
2016-04-23,2.4862191666,19.9,13.600000000000001,7.35
2016-04-24,3.539605875,16.9,9.850000000000001,3.55
2016-04-25,3.341387946,0.8,12.100000000000001,2.65
2016-04-26,2.973268935,0.0,15.9,1.0
2016-04-27,2.6929321497,2.0,13.149999999999999,5.550000000000001
2016-04-28,2.4550706349,0.0,14.100000000000001,5.5
2016-04-29,2.2993279764,3.5,11.5,6.6
2016-04-30,2.1719021649,0.0,20.3,5.85
2016-05-01,2.0359812993,0.0,26.5,3.6
2016-05-02,1.9453673889,0.0,29.1,6.65
2016-05-03,1.8575851632,4.3,23.6,8.3
2016-05-04,1.8717435867,0.5,19.65,10.25
2016-05-05,1.727327667,0.0,17.0,9.9
2016-05-06,1.6225553330999998,0.0,25.299999999999997,8.8
2016-05-07,1.5460998462,0.0,27.9,8.9
2016-05-08,1.4611493052,0.0,19.6,7.25
2016-05-09,1.4073472959,0.0,19.049999999999997,4.25
2016-05-10,1.3337234937,0.0,24.85,2.3
2016-05-11,1.2685947456,0.0,29.1,3.9
2016-05-12,1.2204561057,0.0,28.049999999999997,5.7
2016-05-13,1.1694857811,0.0,30.6,7.25
2016-05-14,1.1383372494,0.0,14.1,9.25
2016-05-15,1.1694857811,4.0,12.9,9.0
2016-05-16,1.1581590423,0.3,18.15,7.300000000000001
2016-05-17,1.0901986095,0.0,25.45,6.550000000000001
2016-05-18,1.0392282849,0.0,26.2,8.05
2016-05-19,1.0845352401,7.0,12.45,5.4
2016-05-20,1.1524956729,3.0,14.100000000000001,5.199999999999999
2016-05-21,1.2629313762,0.8,12.05,6.45
2016-05-22,1.2884165385,6.5,15.55,7.0
2016-05-23,1.4639809899,0.8,17.45,7.949999999999999
2016-05-24,1.3252284395999998,0.8,19.65,9.65
2016-05-25,1.2317828445,0.3,16.950000000000003,8.95
2016-05-26,1.1581590423,0.0,15.55,7.949999999999999
2016-05-27,1.0958619789,0.0,16.25,4.800000000000001
2016-05-28,1.0448916543,0.0,23.4,2.2
2016-05-29,0.9967530144,0.0,21.85,5.5
2016-05-30,0.9542777439,0.0,27.85,4.45
2016-05-31,0.9202975275,0.0,31.549999999999997,7.1
2016-06-01,0.8778222569999999,0.0,28.2,9.649999999999999
2016-06-02,0.8580004641,0.0,23.15,11.3
2016-06-03,0.8410103559,0.0,34.4,9.8
2016-06-04,0.8155251936,0.0,35.45,12.65
2016-06-05,0.7730499231,0.0,34.599999999999994,14.149999999999999
2016-06-06,0.7447330761,0.0,34.099999999999994,15.850000000000001
2016-06-07,0.7220795985,0.0,33.8,14.4
2016-06-08,0.6994261209,0.0,22.15,11.35
2016-06-09,0.6852676973999999,1.5,22.5,10.0
2016-06-10,0.7277429678999999,8.6,15.850000000000001,8.149999999999999
2016-06-11,0.7532281302,0.8,20.5,7.0
2016-06-12,0.6767726433,0.0,26.0,4.15
2016-06-13,0.6484557962999999,0.8,19.6,5.699999999999999
2016-06-14,0.8296836171,21.6,11.100000000000001,5.95
2016-06-15,0.8155251936,4.0,16.0,5.699999999999999
2016-06-16,0.7617231843,1.3,17.8,7.050000000000001
2016-06-17,0.7192479138,3.5,16.950000000000003,7.05
2016-06-18,0.7249112832,1.3,14.95,6.2
2016-06-19,0.6909310667999999,0.0,23.549999999999997,3.0
2016-06-20,0.651287481,0.0,25.85,8.5
2016-06-21,0.6173072646,0.0,26.3,6.1
2016-06-22,0.5918221023,0.0,25.950000000000003,7.800000000000001
2016-06-23,0.5776636787999999,1.8,23.5,9.350000000000001
2016-06-24,0.5946537869999999,1.8,19.8,7.1
2016-06-25,0.5691686247000001,0.0,28.2,4.699999999999999
2016-06-26,0.5493468318,0.0,31.1,9.3
2016-06-27,0.5238616695,0.0,30.65,12.1
2016-06-28,0.5097032459999999,0.0,29.799999999999997,11.6
2016-06-29,0.4927131377999999,0.0,27.9,9.05
2016-06-30,0.4813863989999999,0.0,28.05,9.1
2016-07-01,0.4728913448999999,0.0,28.0,7.800000000000001
2016-07-02,0.4615646061,0.0,30.299999999999997,11.4
2016-07-03,0.4502378673,0.0,28.0,10.6
2016-07-04,0.4417428132,0.0,26.4,7.6
2016-07-05,0.4332477591,0.0,26.45,7.05
2016-07-06,0.4219210203,0.0,27.950000000000003,7.35
2016-07-07,0.4162576508999999,0.8,26.85,9.15
2016-07-08,0.5125349307,18.8,17.5,12.4
2016-07-09,0.8523370947,4.5,19.7,11.3
2016-07-10,0.7843766619,13.8,13.350000000000001,10.25
2016-07-11,0.84950541,0.3,22.85,11.45
2016-07-12,0.6880993821,0.0,22.799999999999997,10.350000000000001
2016-07-13,0.6088122105,0.0,26.65,7.6
2016-07-14,0.5635052553,0.0,28.5,9.45
2016-07-15,0.5238616695,0.0,25.299999999999997,8.4
2016-07-16,0.5040398766,0.0,23.7,7.25
2016-07-17,0.4842180837,0.0,22.450000000000003,9.7
2016-07-18,0.4700596602,0.0,22.65,13.2
2016-07-19,0.4615646061,0.0,24.75,10.55
2016-07-20,0.4474061826,0.0,28.95,7.800000000000001
2016-07-21,0.4332477591,0.0,28.700000000000003,10.2
2016-07-22,0.4190893356,0.0,24.75,10.9
2016-07-23,0.4105942815,0.0,27.85,8.25
2016-07-24,0.4049309121,0.0,30.7,9.4
2016-07-25,0.3936041732999999,0.0,30.35,12.3
2016-07-26,0.3822774345,0.0,30.950000000000003,12.2
2016-07-27,0.3737823803999999,0.0,32.099999999999994,10.8
2016-07-28,0.3652873263,0.0,35.05,12.6
2016-07-29,0.3539605875,0.0,34.9,14.4
2016-07-30,0.3454655333999999,0.0,31.2,12.2
2016-07-31,0.3398021639999999,0.0,28.25,8.25
2016-08-01,0.3284754252,0.0,29.5,8.7
2016-08-02,0.3256437405,0.0,25.05,8.1
2016-08-03,0.3199803711,0.0,30.450000000000003,6.45
2016-08-04,0.3143170017,0.0,35.3,9.3
2016-08-05,0.3086536323,0.0,30.25,11.2
2016-08-06,0.3029902629,0.0,27.35,7.55
2016-08-07,0.3001585781999999,0.0,25.35,6.75
2016-08-08,0.3001585781999999,0.0,22.85,8.95
2016-08-09,0.3029902629,0.5,22.200000000000003,10.9
2016-08-10,0.2973268934999999,0.0,28.05,8.2
2016-08-11,0.2916635241,0.0,33.3,10.3
2016-08-12,0.2860001547,0.0,36.5,12.2
2016-08-13,0.2860001547,0.0,36.099999999999994,12.149999999999999
2016-08-14,0.28146945918,0.0,33.650000000000006,13.45
2016-08-15,0.2772219321299999,0.0,33.349999999999994,9.6
2016-08-16,0.27410707896,0.0,32.75,11.350000000000001
2016-08-17,0.27155856273,1.5,31.15,10.75
2016-08-18,0.26872687803,0.0,39.650000000000006,11.05
2016-08-19,0.26136449781,0.0,39.7,12.649999999999999
2016-08-20,0.25286944371,0.0,37.3,12.25
2016-08-21,0.2511704328899999,0.0,31.9,11.149999999999999
2016-08-22,0.25032092748,0.0,29.2,9.350000000000001
2016-08-23,0.24947142207,0.0,29.9,6.3
2016-08-24,0.2463565688999999,0.0,33.45,8.05
2016-08-25,0.23956052562,0.0,33.9,9.25
2016-08-26,0.23672884092,0.0,35.0,9.850000000000001
2016-08-27,0.2344634931599999,0.0,31.15,9.95
2016-08-28,0.2344634931599999,0.0,33.8,10.7
2016-08-29,0.23304765081,0.0,32.349999999999994,10.75
2016-08-30,0.23333081928,0.0,24.1,10.55
2016-08-31,0.2358793355099999,0.0,26.45,7.45
2016-09-01,0.2341803246899999,1.8,21.2,10.45
2016-09-02,0.27269123661,4.5,18.85,9.850000000000001
2016-09-03,0.2718417312,0.0,22.799999999999997,7.25
2016-09-04,0.25145360136,0.0,18.7,4.25
2016-09-05,0.2415427049099999,0.0,23.65,3.2
2016-09-06,0.2500377590099999,4.3,15.75,6.25
2016-09-07,0.2916635241,3.0,23.0,10.3
2016-09-08,0.25994865546,0.0,25.85,7.6
2016-09-09,0.2418258733799999,0.0,30.7,4.800000000000001
2016-09-10,0.23276448234,0.0,31.65,5.5
2016-09-11,0.23078230305,0.0,25.049999999999997,6.35
2016-09-12,0.2276674498799999,0.0,23.65,3.55
2016-09-13,0.22568527059,0.0,27.15,5.1
2016-09-14,0.22483576518,0.0,25.55,2.7
2016-09-15,0.2273842814099999,0.0,28.25,4.3
2016-09-16,0.2273842814099999,0.0,30.049999999999997,6.800000000000001
2016-09-17,0.226534776,4.5,25.549999999999997,8.75
2016-09-18,0.3171486864,5.8,21.8,12.6
2016-09-19,0.2916635241,0.0,19.7,8.8
2016-09-20,0.25173676983,0.0,21.3,5.85
2016-09-21,0.4077625968,19.5,22.1,2.6
2016-09-22,0.4955448225,1.5,14.25,7.55
2016-09-23,0.311485317,2.3,10.649999999999999,6.699999999999999
2016-09-24,0.3001585781999999,0.0,19.450000000000003,7.95
2016-09-25,0.27070905732,0.0,24.8,5.65
2016-09-26,0.2531526121799999,0.0,27.0,9.2
2016-09-27,0.2347466616299999,0.0,26.450000000000003,8.9
2016-09-28,0.2321981453999999,0.0,24.3,10.350000000000001
2016-09-29,0.2268179444699999,0.0,22.25,8.05
2016-09-30,0.22455259671,0.0,20.3,6.65
2016-10-01,0.2387110202099999,1.0,13.35,6.55
2016-10-02,0.25173676983,0.3,13.65,6.25
2016-10-03,0.25088726442,2.3,13.65,5.9
2016-10-04,0.4955448225,14.9,12.8,8.8
2016-10-05,1.3846938183,25.7,11.75,8.45
2016-10-06,1.1978026280999998,4.0,14.15,9.05
2016-10-07,1.1723174658,11.4,15.25,10.25
2016-10-08,1.0137431226,0.0,19.8,9.75
2016-10-09,0.6484557962999999,1.3,19.35,10.75
2016-10-10,0.8664955182,8.3,15.9,10.45
2016-10-11,0.8098618242,0.0,17.15,6.1
2016-10-12,0.6201389492999999,0.0,18.25,4.0
2016-10-13,1.0420599696,31.5,12.75,9.2
2016-10-14,4.389111285,28.7,10.95,8.45
2016-10-15,4.785547143,30.9,10.55,8.65
2016-10-16,5.606735706,18.2,8.899999999999999,7.550000000000001
2016-10-17,6.569508504,53.8,10.55,3.0
2016-10-18,10.250698614,18.0,7.949999999999999,3.0
2016-10-19,6.739409586,0.2,12.3,5.5
2016-10-20,6.852676974,44.8,11.55,8.9
2016-10-21,9.202975275,13.3,12.55,8.45
2016-10-22,7.164162290999999,0.0,13.1,5.449999999999999
2016-10-23,5.068715613,0.0,13.8,5.4
2016-10-24,3.879408039,6.3,12.4,5.65
2016-10-25,3.228120558,7.3,11.8,6.050000000000001
2016-10-26,3.228120558,12.3,13.2,8.5
2016-10-27,4.219210203,17.3,11.15,7.35
2016-10-28,4.360794438,0.5,14.05,5.300000000000001
2016-10-29,3.652873263,3.5,12.7,6.25
2016-10-30,3.143170017,7.5,11.15,6.699999999999999
2016-10-31,3.058219476,5.5,11.649999999999999,6.85
2016-11-01,2.6816054109,1.2,12.8,5.4
2016-11-02,2.3701200939,0.0,13.85,5.449999999999999
2016-11-03,2.1265952097,0.0,15.25,4.65
2016-11-04,1.9227139113,0.0,14.9,3.75
2016-11-05,1.7698029375,11.3,9.899999999999999,3.5999999999999996
2016-11-06,1.9651891818,1.5,12.4,6.550000000000001
2016-11-07,1.69901082,0.0,14.15,5.25
2016-11-08,1.5630899544,0.0,14.95,4.949999999999999
2016-11-09,1.4526542510999998,1.2,15.5,4.8
2016-11-10,1.3677037100999998,0.0,14.7,5.15
2016-11-11,1.2884165385,0.2,14.45,6.25
2016-11-12,1.245941268,2.2,12.7,8.600000000000001
2016-11-13,1.1864758893,1.8,14.8,7.25
2016-11-14,2.1945556425,50.4,11.2,9.65
2016-11-15,5.125349307,20.9,11.15,3.8
2016-11-16,5.181983001,9.5,6.85,3.55
2016-11-17,4.332477591,1.0,7.45,0.5
2016-11-18,3.596239569,0.0,6.550000000000001,0.04999999999999999
2016-11-19,3.11485317,2.8,8.5,3.0
2016-11-20,3.029902629,18.1,8.3,3.05
2016-11-21,3.709506957,11.5,9.8,4.7
2016-11-22,3.766140651,18.3,7.0,3.65
2016-11-23,4.643962908,14.5,5.0,2.4000000000000004
2016-11-24,4.587329214,0.5,6.35,3.5
2016-11-25,4.615646061,13.8,7.6,4.5
2016-11-26,4.502378673,12.1,6.5,2.5999999999999996
2016-11-27,4.332477591,20.9,5.4,2.7
2016-11-28,6.088122105,21.8,5.0,2.3
2016-11-29,6.144755799,2.5,6.9,1.4
2016-11-30,5.606735706,20.8,6.1,2.0
2016-12-01,5.040398766,1.0,4.3,1.9
2016-12-02,4.360794438,3.2,5.3,1.1
2016-12-03,3.992675427,1.5,6.6,3.35
2016-12-04,4.728913449,29.4,4.15,0.55
2016-12-05,4.785547143,7.3,2.5999999999999996,-0.35
2016-12-06,4.219210203,7.8,1.7000000000000002,-1.4
2016-12-07,3.567922722,0.0,-0.2,-5.4
2016-12-08,3.482972181,30.2,0.05,-4.949999999999999
2016-12-09,6.682775892,31.8,0.09999999999999999,-0.3
2016-12-10,10.052480685,20.8,2.65,-0.15
2016-12-11,9.146341581,35.9,2.45,0.05
2016-12-12,7.843766619,6.8,4.45,-1.6
2016-12-13,6.059805258,0.0,0.95,-3.45
2016-12-14,5.266933541999999,48.4,-0.15,-1.1
2016-12-15,5.974854717,3.8,1.0,-0.3
2016-12-16,5.238616695,0.0,0.15000000000000002,-2.65
2016-12-17,4.360794438,0.0,-0.7,-5.25
2016-12-18,3.709506957,0.0,1.7,-4.65
2016-12-19,3.341387946,21.8,0.15000000000000002,-3.55
2016-12-20,13.30891809,46.7,1.6,-1.5
2016-12-21,11.015253483,0.0,1.55,-3.45
2016-12-22,7.673865537,0.0,0.8,-3.45
2016-12-23,6.569508504,18.8,1.15,-0.3
2016-12-24,5.521785165,0.2,3.0,-0.95
2016-12-25,4.700596602,0.0,3.0,-3.15
2016-12-26,4.049309121,6.0,1.8,-4.6
2016-12-27,4.474061826,36.4,1.5,-0.3
2016-12-28,4.502378673,1.8,2.3,-1.5
2016-12-29,3.96435858,0.0,1.8,-2.5999999999999996
2016-12-30,3.567922722,0.0,2.9000000000000004,-2.65
2016-12-31,3.199803711,2.8,1.5,-4.5
2017-01-01,3.029902629,21.3,0.3,-1.7
2017-01-02,2.7608925825,3.5,1.5999999999999999,-4.6
2017-01-03,2.491882536,0.0,-2.0,-7.050000000000001
2017-01-04,2.3106547152,0.2,-2.0,-10.850000000000001
2017-01-05,2.1549120567,0.0,-1.5000000000000002,-12.7
2017-01-06,2.0699615157,0.0,-1.3499999999999999,-12.7
2017-01-07,2.067129831,23.9,-0.25,-8.3
2017-01-08,2.8288530153,28.4,0.30000000000000004,-0.5
2017-01-09,4.559012367,15.3,1.15,-0.3
2017-01-10,4.219210203,18.3,0.25,-0.3
2017-01-11,4.615646061,11.8,1.75,-1.3
2017-01-12,4.190893356,0.0,3.85,-4.15
2017-01-13,3.624556416,0.0,0.8,-6.35
2017-01-14,3.199803711,0.0,2.1,-4.4
2017-01-15,2.916635241,0.0,2.1,-4.800000000000001
2017-01-16,2.6929321497,0.0,1.95,-3.95
2017-01-17,2.6929321497,12.5,0.75,-2.5
2017-01-18,5.606735706,17.6,0.9,0.05
2017-01-19,7.532281301999999,4.5,3.05,-0.4
2017-01-20,6.682775892,1.5,3.4499999999999997,-0.4
2017-01-21,5.833270482,12.3,1.5,-0.9
2017-01-22,5.635052553,4.3,4.0,-0.4
2017-01-23,5.012081919,0.2,7.25,-2.3499999999999996
2017-01-24,4.304160744,0.0,2.9000000000000004,-3.9
2017-01-25,3.766140651,0.0,2.35,-0.8
2017-01-26,3.341387946,0.0,6.15,-1.7000000000000002
2017-01-27,3.029902629,0.0,5.65,-2.8
2017-01-28,2.7948727989,0.0,3.3,-2.65
2017-01-29,2.6787737262,0.0,4.85,-1.85
2017-01-30,2.605149924,0.0,7.25,-1.4
2017-01-31,2.7382391049,6.8,2.25,-0.09999999999999999
2017-02-01,2.916635241,0.0,3.0,-1.75
2017-02-02,2.8061995377,1.0,2.55,-1.8
2017-02-03,2.8118629071,12.8,4.05,-1.25
2017-02-04,6.767726433,51.8,3.25,0.85
2017-02-05,13.903571877,12.8,4.85,0.9500000000000001
2017-02-06,10.703768166,12.2,4.15,-0.25
2017-02-07,8.098618242,19.5,3.2,-0.35
2017-02-08,9.599411133,26.8,3.0,0.44999999999999996
2017-02-09,19.793476053,22.9,6.5,1.75
2017-02-10,20.10496137,12.8,6.1,1.2999999999999998
2017-02-11,13.252284396,0.0,6.449999999999999,-1.35
2017-02-12,9.118024734,0.0,6.6,-2.0
2017-02-13,6.79604328,0.0,9.399999999999999,-1.3
2017-02-14,5.493468318,0.0,9.6,-1.8
2017-02-15,5.521785165,14.2,5.7,2.55
2017-02-16,9.797629062,28.1,9.6,3.2
2017-02-17,10.930302942,0.5,8.95,1.6
2017-02-18,8.721588876,10.3,8.1,2.95
2017-02-19,7.390697067,13.0,8.95,2.55
2017-02-20,7.07921175,12.0,7.45,1.9500000000000002
2017-02-21,9.004757346,45.0,4.4,0.8500000000000001
2017-02-22,8.693272029,1.0,6.300000000000001,-0.2
2017-02-23,6.626142198,4.8,3.95,-0.7
2017-02-24,5.323567236,0.5,2.5,-1.75
2017-02-25,4.53069552,0.0,5.9,-1.9500000000000002
2017-02-26,4.049309121,15.8,1.7,-1.05
2017-02-27,3.624556416,14.8,2.3499999999999996,-0.7
2017-02-28,3.39802164,13.5,4.1,-0.25
2017-03-01,3.228120558,0.0,6.949999999999999,-1.25
2017-03-02,3.058219476,0.0,9.45,-1.9500000000000002
2017-03-03,3.171486864,19.5,6.199999999999999,-0.15
2017-03-04,4.190893356,12.8,5.35,-0.35000000000000003
2017-03-05,3.907724886,12.8,3.75,-0.8
2017-03-06,3.539605875,20.5,0.6000000000000001,-0.8500000000000001
2017-03-07,3.709506957,49.2,0.4,-0.55
2017-03-08,14.583176205,44.3,2.25,-0.3
2017-03-09,31.43170017,50.1,3.4,0.95
2017-03-10,25.824964464,0.0,12.15,0.5
2017-03-11,16.42377126,10.3,6.35,-0.35
2017-03-12,13.223967549,0.0,12.85,0.9
2017-03-13,11.383372494,12.5,7.5,0.75
2017-03-14,14.045156112,0.2,12.55,3.2
2017-03-15,13.705353948,23.3,8.55,3.65
2017-03-16,16.310503871999998,2.0,11.7,0.75
2017-03-17,11.921392587,4.2,7.800000000000001,-1.1
2017-03-18,12.855848538,23.3,9.2,3.95
2017-03-19,13.110700161,0.0,14.149999999999999,3.55
2017-03-20,9.882579603,3.5,11.8,4.45
2017-03-21,8.806539417,6.0,14.399999999999999,5.9
2017-03-22,8.325153018,9.0,8.95,3.3499999999999996
2017-03-23,7.220795985,11.8,12.7,2.8499999999999996
2017-03-24,9.91089645,33.8,8.25,4.75
2017-03-25,10.873669248,6.5,10.75,3.75
2017-03-26,10.420599696,34.4,6.15,2.55
2017-03-27,13.450502325,15.4,8.899999999999999,3.4
2017-03-28,10.647134472,1.5,13.1,3.75
2017-03-29,11.978026281,36.5,9.2,5.9
2017-03-30,14.781394134,7.0,8.15,2.95
2017-03-31,10.76040186,0.0,14.65,2.45
2017-04-01,8.381786712,0.0,13.45,2.0
2017-04-02,6.965944362,0.0,12.850000000000001,0.19999999999999998
2017-04-03,5.776636788,0.0,14.9,-1.1
2017-04-04,4.983765072,0.0,12.55,1.6
2017-04-05,4.502378673,1.0,17.6,4.199999999999999
2017-04-06,4.559012367,7.8,15.95,6.45
2017-04-07,4.615646061,2.5,9.95,3.1
2017-04-08,4.24752705,10.6,7.45,1.4
2017-04-09,3.851091192,7.0,12.85,1.05
2017-04-10,3.624556416,2.2,11.75,1.35
2017-04-11,3.369704793,4.8,10.149999999999999,0.04999999999999999
2017-04-12,3.511289028,11.3,10.9,2.75
2017-04-13,3.68119011,11.8,9.25,1.55
2017-04-14,3.851091192,11.8,8.3,0.65
2017-04-15,3.851091192,0.0,15.0,0.95
2017-04-16,3.766140651,8.9,14.65,0.95
2017-04-17,3.907724886,7.3,11.6,4.55
2017-04-18,5.861587329,25.8,13.7,3.45
2017-04-19,6.258023187,14.6,13.7,2.1
2017-04-20,6.965944362,12.6,12.45,4.4
2017-04-21,6.427924269,0.0,18.15,2.0999999999999996
2017-04-22,5.861587329,6.2,17.2,4.8
2017-04-23,5.861587329,12.3,11.9,5.65
2017-04-24,9.372876357,53.0,8.15,2.75
2017-04-25,12.516046374,12.8,8.8,4.25
2017-04-26,14.215057194,28.9,9.25,3.9000000000000004
2017-04-27,13.223967549,12.3,8.85,3.2
2017-04-28,10.448916543,0.5,13.25,1.3
2017-04-29,8.155251935999999,0.5,19.049999999999997,-1.15
2017-04-30,7.050894903,6.8,17.049999999999997,3.2
2017-05-01,6.088122105,0.5,12.350000000000001,0.65
2017-05-02,5.351884083,0.2,20.6,7.4
2017-05-03,5.691686247,0.0,29.8,10.5
2017-05-04,7.107528597,7.3,30.950000000000003,9.100000000000001
2017-05-05,7.815449772,3.2,12.25,5.1
2017-05-06,5.833270482,0.2,14.2,2.05
2017-05-07,4.643962908,0.0,18.549999999999997,-0.6000000000000001
2017-05-08,4.049309121,0.0,23.200000000000003,1.5499999999999998
2017-05-09,3.822774345,0.0,24.6,2.7
2017-05-10,3.851091192,0.0,25.1,4.6
2017-05-11,4.049309121,17.8,12.35,5.25
2017-05-12,4.134259662,13.4,11.1,4.1
2017-05-13,4.077625968,15.6,9.95,3.35
2017-05-14,4.020992274,5.5,11.75,4.550000000000001
2017-05-15,3.794457498,9.0,16.4,4.5
2017-05-16,7.220795985,38.2,11.25,4.3
2017-05-17,7.164162290999999,5.8,11.4,4.3
2017-05-18,5.918221023,0.0,21.65,3.75
2017-05-19,5.210299848,0.0,25.1,4.449999999999999
2017-05-20,4.870497684,0.0,23.0,6.5
2017-05-21,4.700596602,0.0,28.55,6.25
2017-05-22,4.757230296,0.0,33.2,8.899999999999999
2017-05-23,4.785547143,0.0,31.9,10.65
2017-05-24,4.219210203,0.0,20.75,6.15
2017-05-25,3.567922722,0.2,24.45,4.699999999999999
2017-05-26,3.228120558,0.0,27.55,4.65
2017-05-27,3.086536323,0.0,31.4,7.0
2017-05-28,3.029902629,0.0,30.4,8.55
2017-05-29,2.973268935,0.0,26.8,10.65
2017-05-30,2.7835460601,0.0,15.7,10.65
2017-05-31,2.4522389502,0.0,25.450000000000003,10.65
2017-06-01,2.3333081928,3.3,20.9,9.95
2017-06-02,2.152080372,0.0,25.75,10.15
2017-06-03,2.010496137,0.0,20.1,9.75
2017-06-04,1.8604168479,0.0,17.5,5.55
2017-06-05,1.7075058740999998,0.0,26.5,2.8
2017-06-06,1.6225553330999998,0.0,29.0,7.85
2017-06-07,1.5659216391,0.2,26.2,10.649999999999999
2017-06-08,1.7811296763,16.6,15.2,8.6
2017-06-09,1.6621989189,8.1,14.9,7.25
2017-06-10,1.8434267397,12.8,12.75,6.15
2017-06-11,1.7386544058,0.2,13.55,5.949999999999999
2017-06-12,1.5687533238,1.5,12.6,8.55
2017-06-13,1.5319414227,0.2,14.1,5.699999999999999
2017-06-14,1.4413275123,0.0,20.85,4.65
2017-06-15,1.5772483779,10.5,14.9,10.15
2017-06-16,1.6452088107,0.2,17.5,12.399999999999999
2017-06-17,1.4894661522,0.0,25.35,11.65
2017-06-18,1.3846938183,0.0,29.45,9.2
2017-06-19,1.3082383314,0.0,31.15,12.9
2017-06-20,1.2232877904,0.0,28.25,11.65
2017-06-21,1.1524956729,0.0,26.55,9.95
2017-06-22,1.0986936636,0.0,31.25,6.6
2017-06-23,1.047723339,0.0,34.5,7.85
2017-06-24,0.9995846991,0.0,37.5,9.6
2017-06-25,0.9571094286,0.0,38.8,11.649999999999999
2017-06-26,0.9316242663,0.0,28.15,14.4
2017-06-27,0.9033074193,0.0,23.299999999999997,10.95
2017-06-28,0.8806539417,0.0,24.1,8.95
2017-06-29,0.8523370947,0.0,28.95,7.199999999999999
2017-06-30,0.8240202477,0.0,29.549999999999997,10.4
2017-07-01,0.8070301395,0.0,24.9,12.3
2017-07-02,0.7843766619,0.0,29.7,11.4
2017-07-03,0.7588914996,0.0,29.3,9.95
2017-07-04,0.7390697067,0.0,31.55,11.350000000000001
2017-07-05,0.7164162291,0.0,32.55,11.6
2017-07-06,0.6965944362000001,0.0,33.25,12.149999999999999
2017-07-07,0.6796043279999999,0.0,28.25,12.9
2017-07-08,0.6626142197999999,0.0,31.85,10.05
2017-07-09,0.6456241116,0.0,29.9,9.95
2017-07-10,0.6342973728,0.0,28.1,10.9
2017-07-11,0.6173072646,0.0,28.200000000000003,7.1
2017-07-12,0.6031488411,0.0,30.3,8.5
2017-07-13,0.5889904176,0.0,26.45,9.75
2017-07-14,0.5833270482,0.0,31.549999999999997,10.05
2017-07-15,0.56633694,0.0,28.5,10.4
2017-07-16,0.5578418859,0.0,26.6,9.3
2017-07-17,0.5436834624,0.0,27.95,7.300000000000001
2017-07-18,0.5351884082999999,0.0,28.6,7.75
2017-07-19,0.5238616695,0.0,27.15,8.649999999999999
2017-07-20,0.5181983001,0.0,26.549999999999997,8.9
2017-07-21,0.5068715613,0.0,29.3,7.9
2017-07-22,0.4927131377999999,0.0,33.85,9.2
2017-07-23,0.4898814531,0.0,33.4,14.0
2017-07-24,0.4813863989999999,0.0,31.2,13.5
2017-07-25,0.4672279755,0.0,32.4,14.149999999999999
2017-07-26,0.4559012367,0.0,32.85,13.850000000000001
2017-07-27,0.4474061826,0.0,30.5,10.7
2017-07-28,0.4417428132,0.0,29.8,11.1
2017-07-29,0.4332477591,0.0,32.1,9.6
2017-07-30,0.4219210203,0.0,33.599999999999994,10.1
2017-07-31,0.4134259662,0.0,36.55,11.05
2017-08-01,0.4049309121,0.0,38.55,12.55
2017-08-02,0.396435858,0.0,42.0,12.2
2017-08-03,0.3851091191999999,0.0,39.8,13.1
2017-08-04,0.3737823803999999,0.0,35.75,12.7
2017-08-05,0.3709506957,0.0,33.65,12.3
2017-08-06,0.3652873263,0.0,28.049999999999997,10.75
2017-08-07,0.3652873263,0.0,35.099999999999994,14.3
2017-08-08,0.3567922722,0.0,36.75,14.9
2017-08-09,0.3511289028,0.0,35.2,13.75
2017-08-10,0.3511289028,0.5,33.650000000000006,14.9
2017-08-11,0.3482972181,0.0,33.0,15.75
2017-08-12,0.3426338486999999,0.0,27.15,14.9
2017-08-13,0.3426338486999999,0.0,21.549999999999997,11.75
2017-08-14,0.3454655333999999,0.0,25.049999999999997,9.850000000000001
2017-08-15,0.3369704793,0.0,25.299999999999997,7.85
2017-08-16,0.3313071098999999,0.0,31.25,8.6
2017-08-17,0.3228120558,0.0,31.1,9.75
2017-08-18,0.3171486864,0.0,32.15,9.45
2017-08-19,0.3143170017,0.0,28.950000000000003,9.2
2017-08-20,0.311485317,0.0,30.3,8.25
2017-08-21,0.3086536323,0.0,31.200000000000003,10.05
2017-08-22,0.3058219476,0.0,30.1,12.3
2017-08-23,0.3058219476,0.0,28.25,12.8
2017-08-24,0.3001585781999999,0.0,25.4,10.4
2017-08-25,0.2973268934999999,0.0,29.05,7.25
2017-08-26,0.2944952088,0.0,33.3,8.45
2017-08-27,0.2888318393999999,0.0,34.2,10.649999999999999
2017-08-28,0.28316847,0.0,34.15,13.25
2017-08-29,0.28146945918,0.0,29.4,12.45
2017-08-30,0.27892094295,0.0,28.35,10.850000000000001
2017-08-31,0.27325757355,0.0,31.65,8.95
2017-09-01,0.27354074202,0.0,33.2,11.649999999999999
2017-09-02,0.27014272038,0.0,30.1,12.9
2017-09-03,0.26731103568,0.0,29.450000000000003,13.75
2017-09-04,0.26221400322,0.0,25.8,12.05
2017-09-05,0.26136449781,0.0,30.25,13.1
2017-09-06,0.26193083475,0.0,26.1,15.25
2017-09-07,0.3058219476,8.6,27.95,16.35
2017-09-08,0.3058219476,0.5,22.75,15.2
2017-09-09,0.2860001547,0.0,26.75,13.6
2017-09-10,0.27552292131,0.0,28.9,10.55
2017-09-11,0.26589519333,0.0,32.95,9.350000000000001
2017-09-12,0.25909915005,0.0,31.049999999999997,10.8
2017-09-13,0.25655063382,0.0,27.15,9.9
2017-09-14,0.25088726442,0.0,24.25,8.1
2017-09-15,0.25088726442,0.0,24.8,4.65
2017-09-16,0.2491882536,0.0,22.549999999999997,6.85
2017-09-17,0.25428528606,5.2,19.75,7.25
2017-09-18,0.5493468318,44.7,12.9,7.6
2017-09-19,2.4295854726,73.6,10.3,7.050000000000001
2017-09-20,3.907724886,46.5,10.2,6.3
2017-09-21,2.293664607,0.8,10.95,5.95
2017-09-22,1.2091293669,2.3,16.55,6.2
2017-09-23,0.8664955182,0.0,17.85,4.949999999999999
2017-09-24,0.6965944362000001,0.0,19.799999999999997,3.5
2017-09-25,0.6003171563999999,0.2,18.5,6.75
2017-09-26,0.5465151471,0.0,24.05,6.65
2017-09-27,0.4955448225,0.0,24.55,7.65
2017-09-28,0.4615646061,0.0,24.75,7.15
2017-09-29,0.4360794438,1.0,18.0,9.149999999999999
2017-09-30,0.4275843896999999,1.2,14.55,6.699999999999999
