,timestep,J,Cl mg/l,Q,ET,Q Cl mg/l,S_scale,Rn,Ta
1983-05-03,0,0.25,1.643835616,3.404765363,3.279203885,,4675.943543,265.9166666666667,5.044841666666667
1983-05-04,1,0.0,0.0,3.032748603,2.572584759,,4909.717786,177.25,6.0965625
1983-05-05,2,6.25,1.643835616,2.954061453,0.882162352,,4979.09738,48.333333333333336,7.421570833333334
1983-05-06,3,11.75,1.643835616,3.821581006,1.653901717,,4471.583891,114.54166666666667,7.879195833333333
1983-05-07,4,11.25,1.643835616,5.064662011,0.994315476,,3957.744963,69.29166666666667,6.133533333333333
1983-05-08,5,1.25,1.643835616,4.551812849,1.527701483,,4125.646486,88.16666666666667,5.438229166666667
1983-05-09,6,11.83730762,1.643835616,5.523888268,1.752786937,,3798.836265,153.0,3.288016666666667
1983-05-10,7,8.856565245,1.643835616,6.226918994,0.996286069,6.6,3554.401648,99.79166666666667,2.0383541666666667
1983-05-11,8,9.52474636,13.01369863,6.748290503,2.142823722,,3449.42662,207.33333333333334,3.0433749999999997
1983-05-12,9,6.039389425,13.01369863,6.048150838,2.171004543,,3633.463633,158.29166666666666,4.646670833333333
1983-05-13,10,7.32013184,13.01369863,6.891234637,2.078043191,,3410.742119,139.91666666666666,5.262995833333334
1983-05-14,11,6.89189156,13.01369863,5.877351955,2.780894529,,3681.229945,192.41666666666666,5.651016666666667
1983-05-15,12,2.726206805,13.01369863,4.875863128,2.24022514,,4007.02643,156.75,5.410558333333333
1983-05-16,13,5.30081335,13.01369863,4.267005587,1.753218004,,4257.820818,115.83333333333333,5.989545833333334
1983-05-17,14,8.023416695,7.260273973,4.040924581,2.285344723,,4387.380468,150.16666666666666,5.6016375
1983-05-18,15,0.49600682,7.260273973,4.052589385,2.645262331,,4304.65567,163.75,6.245045833333333
1983-05-19,16,3.70008731,7.260273973,3.48747486,1.934239257,,4646.942475,124.79166666666667,5.517245833333334
1983-05-20,17,4.974597855,7.260273973,3.451776536,2.175281128,,4657.440351,144.0,5.6897875
1983-05-21,18,3.708572615,7.260273973,3.216519553,2.54582565,,4793.152164,180.0,5.878891666666667
1983-05-22,19,8.278546275,7.260273973,3.060326816,0.792821086,,4898.443096,113.375,5.0588500000000005
1983-05-23,20,4.62727415,7.260273973,3.148868715,0.637265227,,4852.455646,35.833333333333336,7.041825
1983-05-24,21,0.0,0.0,3.064198324,2.372710921,,4876.206253,131.04166666666666,9.478870833333334
1983-05-25,22,0.0,0.0,2.705555866,4.16956135,6.1,5138.017714,268.0833333333333,8.017850000000001
1983-05-26,23,0.0,0.0,2.501170391,2.604943935,,5299.656792,180.04166666666666,7.127479166666666
1983-05-27,24,0.0,0.0,2.33175419,3.201639523,,5445.516018,218.5,6.042016666666666
1983-05-28,25,3.964935535,7.260273973,2.318756983,0.679859499,,5460.454816,56.291666666666664,5.4465875
1983-05-29,26,0.94685427,7.260273973,2.097527933,0.761886796,,5666.525328,53.25,6.670983333333333
1983-05-30,27,2.854605245,7.260273973,1.969994413,1.773459938,,5806.065035,113.25,7.9930666666666665
1983-05-31,28,1.123431215,7.260273973,1.816944134,4.326218394,,5975.715856,229.95833333333334,10.555283333333334
1983-06-01,29,7.23289827,7.260273973,2.024924581,0.968468332,6.1,5750.434843,70.66666666666667,10.04965
1983-06-02,30,1.463484155,7.260273973,1.782502793,1.896668159,,6017.020748,136.70833333333334,9.638204166666666
1983-06-03,31,8.88794329,7.260273973,2.331578212,0.489377251,,5421.148434,35.625,9.204975
1983-06-04,32,0.0,0.0,1.876650838,3.628389638,,5895.857189,214.33333333333334,10.843658333333332
1983-06-05,33,0.0,0.0,1.67324581,4.81505525,,6158.75496,249.20833333333334,9.879362500000001
1983-06-06,34,0.0,0.0,1.542067039,4.780429603,,6344.724578,300.2916666666667,8.2167875
1983-06-07,35,22.5,7.260273973,3.801243017,2.20028539,6.0,3876.298299,116.54166666666667,11.756633333333333
1983-06-08,36,1.25,7.260273973,2.926734637,2.138712592,,4868.359019,143.25,11.419029166666666
1983-06-09,37,4.5,7.260273973,2.509818436,2.131361181,,5294.611284,136.20833333333334,9.4249875
1983-06-10,38,0.5,7.260273973,2.20200838,3.031716641,,5560.930043,205.41666666666666,8.725058333333333
1983-06-11,39,21.75,7.260273973,4.80527095,1.317226769,,3923.702951,100.58333333333333,9.038966666666667
1983-06-12,40,2.25,7.260273973,3.74852514,3.047775603,,4457.409253,239.875,7.4696375
1983-06-13,41,5.0,7.260273973,3.081796089,1.683045869,,4884.52426,120.08333333333333,7.4789916666666665
1983-06-14,42,7.75,7.260273973,2.975455307,3.038639639,6.2,4945.594249,239.45833333333334,6.46985
1983-06-15,43,0.0,0.0,2.708899441,4.264080669,,5125.378477,315.8333333333333,7.1503499999999995
1983-06-16,44,0.75,7.260273973,2.489103352,1.123500056,,5311.911132,81.33333333333333,6.934366666666667
1983-06-17,45,0.0,0.0,2.287106145,3.473731357,,5482.938051,185.125,9.861795833333334
1983-06-18,46,0.0,0.0,2.092851955,4.846822549,,5671.106575,248.91666666666666,12.7165625
1983-06-19,47,0.0,0.0,1.91627095,6.519950558,,5861.259947,339.4583333333333,13.938504166666666
1983-06-20,48,0.0,0.0,1.78946648,3.268670735,,6012.265715,179.875,13.609566666666666
1983-06-21,49,0.0,0.0,1.674678771,5.01237401,6.0,6159.070326,278.6666666666667,13.245883333333333
1983-06-22,50,0.0,0.0,1.5615,3.70995939,,6316.088825,194.58333333333334,15.537237500000002
1983-06-23,51,5.0,7.260273973,1.501215084,2.322626991,,6425.955981,130.0,13.156304166666667
1983-06-24,52,0.0,0.0,1.498675978,0.668463411,,6392.978947,46.875,9.529283333333334
1983-06-25,53,0.5,7.260273973,1.372675978,1.84567496,,6612.292423,98.91666666666667,10.6347375
1983-06-26,54,0.75,7.260273973,1.296,1.246117372,,6748.837688,83.58333333333333,10.277445833333333
1983-06-27,55,0.0,0.0,1.212888268,2.177499223,,6900.965105,138.45833333333334,7.667754166666666
1983-06-28,56,0.25,7.260273973,1.144055866,2.393374471,6.0,7045.029462,154.83333333333334,9.194358333333334
1983-06-29,57,16.25,7.260273973,1.566628492,1.487484206,,6340.232975,73.70833333333333,10.818395833333334
1983-06-30,58,4.25,7.260273973,2.130888268,2.767023784,,5608.708012,188.33333333333334,9.077495833333334
1983-07-01,59,7.25,7.260273973,1.388589385,2.786035479,,6567.793123,168.875,10.234208333333333
1983-07-02,60,16.5,7.260273973,4.339458101,4.917047089,,3942.117989,339.6666666666667,11.020545833333335
1983-07-03,61,0.0,0.0,1.810055866,5.737688424,,5963.049571,311.9166666666667,12.622195833333334
1983-07-04,62,0.0,0.0,1.474189944,6.810619068,,6436.753502,348.9166666666667,14.312883333333334
1983-07-05,63,0.0,0.0,1.341452514,7.016452469,5.8,6661.43639,331.125,16.92354166666667
1983-07-06,64,0.0,0.0,1.265027933,4.040836397,,6809.564546,193.08333333333334,17.0703375
1983-07-07,65,0.0,0.0,1.221787709,3.765231738,,6883.164506,175.5,17.016791666666666
1983-07-08,66,0.0,0.0,1.163463687,4.889868011,,7008.73748,212.20833333333334,18.120933333333333
1983-07-09,67,0.0,0.0,1.134301676,4.595057467,,7069.015628,209.16666666666666,18.86231666666667
1983-07-10,68,0.0,0.0,1.12424581,4.387819239,,7081.535232,210.45833333333334,17.896795833333332
1983-07-11,69,2.285379775,7.260273973,1.039776536,3.604144942,,7271.153008,169.75,18.440691666666666
1983-07-12,70,0.0,0.0,0.966368715,5.979863769,,7462.893755,252.79166666666666,21.484174999999997
1983-07-13,71,0.0,0.0,0.925139665,7.437114856,6.0,7558.553439,304.0833333333333,22.228508333333334
1983-07-14,72,0.0,0.0,0.868826816,6.438180778,,7730.851648,290.0416666666667,20.9699875
1983-07-15,73,0.0,0.0,0.868826816,6.747605592,,7730.851648,307.0833333333333,19.611291666666666
1983-07-16,74,0.5,7.260273973,0.868826816,4.851888552,,7730.851648,202.83333333333334,19.8013
1983-07-17,75,0.770158825,7.260273973,0.868826816,4.398232195,,7730.851648,228.66666666666666,16.898766666666667
1983-07-18,76,4.682046435,7.260273973,1.067656425,3.13437079,,7145.83509,189.91666666666666,13.881045833333333
1983-07-19,77,0.0,0.0,0.870938547,4.763428196,6.2,7706.749554,242.875,13.841458333333334
1983-07-20,78,0.0,0.0,0.78149162,4.361082987,,7996.742774,216.16666666666666,11.7237375
1983-07-21,79,0.0,0.0,0.694256983,6.43708406,,8271.946441,297.7916666666667,14.049237499999998
1983-07-22,80,0.0,0.0,0.597041899,2.209548547,,8717.156107,222.70833333333334,15.121120833333334
1983-07-23,81,0.0,0.0,0.583265363,2.431022351,,8784.379976,134.54166666666666,15.421741666666668
1983-07-24,82,0.0,0.0,0.561544693,1.380489498,,8885.506961,163.29166666666666,14.061520833333333
1983-07-25,83,0.0,0.0,0.535977654,4.376332739,,9012.740718,197.95833333333334,14.848550000000001
1983-07-26,84,0.0,0.0,0.508701117,4.581891733,,9162.67188,189.29166666666666,15.637841666666667
1983-07-27,85,0.0,0.0,0.486351955,4.50150988,,9292.041459,210.33333333333334,14.673025
1983-07-28,86,0.0,0.0,0.468804469,5.01515277,,9398.792574,250.125,15.181183333333335
1983-07-29,87,0.0,0.0,0.450226257,6.39534205,,9510.333361,297.0416666666667,17.150316666666665
1983-07-30,88,0.0,0.0,0.440522346,5.270946144,,9578.529571,231.375,15.210195833333332
1983-07-31,89,10.72284153,7.260273973,0.582712291,1.749184729,,8696.370657,87.125,13.5186
1983-08-01,90,2.5,7.260273973,0.569865922,2.287126994,6.4,8819.832879,165.625,8.502783333333333
1983-08-02,91,10.0,7.260273973,0.781592179,2.387067427,,7934.061582,161.91666666666666,7.703983333333333
1983-08-03,92,0.0,0.0,0.563681564,4.678782401,,8848.137892,294.5,10.168954166666667
1983-08-04,93,0.75,7.260273973,0.51903352,1.620939553,,9111.513336,75.08333333333333,12.172287500000001
1983-08-05,94,0.75,7.260273973,0.487835196,4.882873041,6.5,9274.41558,267.7916666666667,14.031350000000002
1983-08-06,95,0.0,0.0,0.455555866,5.116996127,,9476.897305,266.25,14.5059625
1983-08-07,96,0.0,0.0,0.438787709,4.040906278,,9590.75391,225.91666666666666,14.357470833333332
1983-08-08,97,0.0,0.0,0.436424581,2.872824203,,9608.16631,166.58333333333334,13.234191666666666
1983-08-09,98,0.0,0.0,0.42151676,4.094865408,6.4,9707.133309,229.83333333333334,14.43735
1983-08-10,99,0.0,0.0,0.413773743,4.210283555,,9764.524164,241.08333333333334,13.783416666666668
1983-08-11,100,0.0,0.0,0.404396648,5.256412383,,9831.813448,270.5833333333333,15.5077625
1983-08-12,101,0.0,0.0,0.399494413,3.591642796,,9869.029193,238.83333333333334,12.3671375
1983-08-13,102,0.0,0.0,0.387804469,5.544911408,,9954.316051,283.0833333333333,15.163708333333334
1983-08-14,103,0.0,0.0,0.380187151,5.572416785,,10014.29692,279.125,16.51064583333333
1983-08-15,104,0.0,0.0,0.378100559,3.008033277,,10032.9212,173.66666666666666,13.8974375
1983-08-16,105,56.50166788,7.260273973,1.477282123,0.886948987,6.1,5466.137069,60.208333333333336,14.772529166666667
1983-08-17,106,10.59460913,7.260273973,1.816893855,2.076557323,,5833.778788,113.54166666666667,14.476279166666666
1983-08-18,107,0.0,0.0,0.825335196,4.124992379,,7792.389599,197.29166666666666,13.436141666666666
1983-08-19,108,0.133844945,7.260273973,0.636662011,5.012790904,,8524.76831,211.20833333333334,16.171025
1983-08-20,109,4.92155366,7.260273973,0.624946927,2.131954325,,8596.126203,102.95833333333333,15.324720833333332
1983-08-21,110,1.95830789,7.260273973,0.587212291,1.58698102,,8763.307623,88.79166666666667,14.269912499999998
1983-08-22,111,0.0,0.0,0.546536313,3.592094411,,8957.298012,164.83333333333334,14.699854166666666
1983-08-23,112,4.681429415,7.260273973,0.543142458,1.056923804,6.4,8990.144377,104.29166666666667,15.139125
1983-08-24,113,0.38507941,7.260273973,0.53253352,0.62377689,,9031.732897,34.958333333333336,14.64195
1983-08-25,114,0.0,0.0,0.484793296,2.891906367,,9282.428193,142.95833333333334,15.087008333333332
1983-08-26,115,0.0,0.0,0.440648045,3.617926216,,9575.06991,167.75,13.506524999999998
1983-08-27,116,0.0,0.0,0.423829609,3.711134278,,9691.576498,170.04166666666666,13.6866
1983-08-28,117,0.0,0.0,0.423226257,0.478942026,,9702.115458,34.041666666666664,11.713516666666665
1983-08-29,118,0.0,0.0,0.405678771,4.105426223,,9815.235076,236.83333333333334,8.485945833333334
1983-08-30,119,0.0,0.0,0.393310056,4.411160719,6.8,9916.028011,226.95833333333334,10.7696375
1983-08-31,120,7.926874445,7.260273973,0.444318436,2.81861888,,9572.850555,146.79166666666666,13.551866666666667
1983-09-01,121,8.981029025,7.260273973,0.730332402,2.645046828,,8090.197407,190.41666666666666,11.609154166666668
1983-09-02,122,41.8552063,7.260273973,2.888497207,1.343212193,,5638.820258,62.458333333333336,11.067633333333333
1983-09-03,123,55.65786145,7.260273973,29.47027374,1.075193793,,1089.464224,52.916666666666664,9.184120833333333
1983-09-04,124,7.17246869,7.260273973,7.536192737,1.343171765,,3209.371583,77.5,10.389670833333334
1983-09-05,125,0.0,0.0,4.028053073,2.980703179,,4323.086945,209.70833333333334,9.2406375
1983-09-06,126,0.0,0.0,2.967787709,2.669657746,7.9,4938.327084,197.20833333333334,8.401020833333334
1983-09-07,127,0.0,0.0,2.408832402,2.963977039,,5364.258771,174.54166666666666,11.13
1983-09-08,128,23.38528584,7.260273973,4.64701676,0.399186056,,3968.413735,26.25,11.033570833333334
1983-09-09,129,9.18081137,7.260273973,5.549530726,1.645892506,,3764.853449,116.83333333333333,8.832316666666667
1983-09-10,130,23.88354611,7.260273973,7.908134078,0.612138996,,3004.076402,49.291666666666664,6.367249999999999
1983-09-11,131,2.064070055,7.260273973,7.219935754,0.937216566,,3274.241476,50.25,6.592204166666666
1983-09-12,132,0.0,0.0,4.546910615,1.31397069,,4114.947218,97.625,6.0118625
1983-09-13,133,8.98759144,7.260273973,4.137863128,0.410159109,7.6,4318.115098,29.625,8.0295375
1983-09-14,134,10.12882235,7.260273973,4.133136872,1.14587385,,4321.670143,57.583333333333336,9.705829166666666
1983-09-15,135,27.34331758,7.260273973,7.801391061,0.988572942,,3232.433448,55.416666666666664,9.174483333333333
1983-09-16,136,33.19374959,7.260273973,23.87368156,0.672041166,8.5,1560.024896,33.75,8.363041666666666
1983-09-17,137,26.48007671,7.260273973,14.24677374,1.168207383,,2398.462254,75.25,8.058429166666667
1983-09-18,138,18.58029183,7.260273973,25.8498352,2.179563485,,1217.527759,127.33333333333333,8.829608333333333
1983-09-19,139,28.54902862,7.260273973,26.45210615,1.248753637,11.5,1384.28454,64.41666666666667,7.773062499999999
1983-09-20,140,11.38880321,7.260273973,11.69323743,0.967913896,8.8,2555.074483,57.166666666666664,7.222466666666667
1983-09-21,141,17.26566615,3.287671233,15.25867039,0.516802205,,2113.486783,40.875,5.982091666666666
1983-09-22,142,0.49600682,3.287671233,9.361432961,1.405355587,,2881.946444,87.33333333333333,7.884241666666667
1983-09-23,143,0.32865642,3.287671233,6.201402235,1.232090316,,3566.61907,71.66666666666667,11.990141666666666
1983-09-24,144,0.1673504,3.287671233,4.58625419,2.275174917,,4109.513171,124.25,12.872183333333334
1983-09-25,145,0.0,0.0,3.71172067,2.136503589,,4510.578684,121.5,12.8855
1983-09-26,146,0.0,0.0,3.200782123,1.37807668,,4801.306804,110.91666666666667,14.29895
1983-09-27,147,0.49600682,3.287671233,2.809709497,2.696683815,8.2,5055.593319,147.95833333333334,13.314920833333334
1983-09-28,148,0.0,0.0,2.469645251,1.945868501,,5321.851441,94.91666666666667,11.728620833333332
1983-09-29,149,0.25,0.912402392,2.225061453,0.951949721,,5540.764982,49.166666666666664,10.043375
1983-09-30,150,0.5,1.902197,2.000891061,0.34159422,,5764.752836,17.083333333333332,9.785575
1983-10-01,151,6.0,6.984854774,1.91026257,0.621835771,,5879.454046,31.166666666666668,11.142333333333333
1983-10-02,152,6.5,1.511422447,1.922178771,1.442858656,,5866.65731,80.29166666666667,11.252570833333332
1983-10-03,153,13.0,3.301855867,2.778687151,0.637749075,7.7,4993.63424,39.875,12.648416666666668
1983-10-04,154,6.0,5.410958904,2.677198324,0.689195747,,5142.216615,31.75,11.3046625
1983-10-05,155,7.75,5.410958904,2.856041899,0.839733477,,5041.36104,48.916666666666664,8.588516666666667
1983-10-06,156,5.25,5.410958904,2.726773743,0.896597756,,5126.148507,55.25,9.007779166666667
1983-10-07,157,33.5,5.410958904,8.279849162,1.54847487,,2867.771204,105.79166666666667,8.493895833333333
1983-10-08,158,65.25,5.410958904,20.75709218,0.444043233,,1329.719026,21.666666666666668,8.067016666666667
1983-10-09,159,54.5,5.410958904,32.77704469,0.214150568,,1107.789199,9.125,10.396695833333334
1983-10-10,160,23.75,5.410958904,19.06622346,1.023020008,,1628.60282,73.5,7.083795833333333
1983-10-11,161,15.5,5.410958904,8.977902235,0.697308504,8.1,2952.389567,57.666666666666664,5.1259958333333335
1983-10-12,162,12.5,25.75342466,7.070958101,0.499064577,,3335.493738,18.583333333333332,8.678175
1983-10-13,163,15.75,25.75342466,5.221407821,0.457869342,,3900.677632,35.958333333333336,6.380554166666666
1983-10-14,164,5.25,25.75342466,4.634572626,0.67231168,,4059.430537,72.25,4.903670833333334
1983-10-15,165,39.5,25.75342466,12.25923184,0.335868579,,2343.120942,12.833333333333334,6.105529166666667
1983-10-16,166,13.5,25.75342466,9.580826816,0.99907992,,2768.1959,46.125,5.3544625
1983-10-17,167,37.5,25.75342466,9.305522346,0.670955851,,2880.562466,42.208333333333336,5.9257583333333335
1983-10-18,168,10.5,25.75342466,9.527078212,0.293938151,10.1,2637.960516,12.208333333333334,9.021212499999999
1983-10-19,169,0.0,0.0,5.049201117,1.262799521,,3937.358154,93.58333333333333,5.134758333333333
1983-10-20,170,0.0,0.0,4.866863128,0.76065786,,4024.913513,56.25,4.047570833333333
1983-10-21,171,0.0,0.0,4.70252514,1.614229702,,4079.800663,94.29166666666667,4.8423791666666665
1983-10-22,172,0.0,0.0,4.083284916,1.533591153,,4331.602773,97.41666666666667,6.221900000000001
1983-10-23,173,0.0,0.0,3.430357542,1.856928399,,4662.317201,106.29166666666667,5.153204166666667
1983-10-24,174,0.0,0.0,2.972212291,1.148186433,,4944.925934,87.45833333333333,4.0428625
1983-10-25,175,0.12006417,16.98630137,2.628829609,0.713301603,7.9,5193.83208,47.625,5.2304875
1983-10-26,176,0.0,0.0,2.34972905,0.962749483,,5426.004229,89.20833333333333,5.770966666666666
1983-10-27,177,3.29627742,11.50684932,2.177069832,0.325196907,,5591.759521,21.458333333333332,5.544970833333333
1983-10-28,178,2.68037234,11.50684932,2.022486034,0.514160773,,5742.055297,63.916666666666664,1.7181333333333333
1983-10-29,179,0.0,0.0,1.815687151,0.878716767,,5979.315875,87.29166666666667,0.4594291666666667
1983-10-30,180,8.168973285,11.50684932,1.986058659,0.36323394,,5784.932942,9.75,5.093554166666666
1983-10-31,181,0.72817714,11.50684932,1.794594972,0.594371532,,5996.801047,38.833333333333336,6.089566666666666
1983-11-01,182,17.44553348,11.50684932,3.370751397,0.237003356,8.7,4621.868803,10.041666666666666,9.896220833333333
1983-11-02,183,1.97676243,5.890410959,2.596550279,0.322775391,,5204.195443,20.083333333333332,8.717704166666666
1983-11-03,184,2.30541885,5.890410959,2.404407821,0.349482906,,5384.653474,20.0,8.70725
1983-11-04,185,0.0,0.0,2.220812849,0.242312504,,5546.260958,16.125,6.716325
1983-11-05,186,0.32865642,5.890410959,2.069773743,0.671462301,,5697.651414,68.875,5.3742375
1983-11-06,187,0.08004278,5.890410959,1.978868715,0.283484317,,5796.45579,20.791666666666668,5.971558333333333
1983-11-07,188,0.0,0.0,1.892463687,0.362448281,,5892.68913,30.541666666666668,8.0308125
1983-11-08,189,0.0,0.0,1.811162011,0.00556687,8.3,5987.662921,6.041666666666667,9.430579166666666
1983-11-09,190,0.25,3.424657534,1.723198324,0.117288753,,6098.819244,13.166666666666666,8.285425
1983-11-10,191,0.0,0.0,1.633977654,0.149017728,,6215.593036,21.291666666666668,7.028995833333333
1983-11-11,192,0.0,0.0,1.547673184,0.027788125,,6338.249779,8.416666666666666,4.6482875
1983-11-12,193,0.0,0.0,1.47451676,0.122515406,,6448.601872,15.875,4.007091666666667
1983-11-13,194,2.25,3.424657534,1.399625698,0.152152881,,6568.204006,24.166666666666668,1.5252083333333335
1983-11-14,195,0.0,0.0,1.324407821,0.28932996,,6697.469865,77.41666666666667,-2.4436583333333335
1983-11-15,196,0.0,0.0,1.286773743,0.45023032,7.8,6766.389116,47.958333333333336,0.5759
1983-11-16,197,0.0,0.0,1.237902235,0.148044791,,6857.201907,16.958333333333332,1.9130291666666668
1983-11-17,198,0.0,0.0,1.189382682,0.090888116,,6952.41945,12.416666666666666,3.1942125000000003
1983-11-18,199,0.0,0.0,1.136639665,0.0,,7060.121153,10.666666666666666,2.2855666666666665
1983-11-19,200,0.0,0.0,1.092469274,0.0,,7156.742757,8.583333333333334,2.0243166666666665
1983-11-20,201,1.518924355,3.424657534,1.061698324,0.268622951,,7228.608271,36.25,2.2137208333333334
1983-11-21,202,0.0,0.0,1.021324022,0.569346028,,7319.981109,55.666666666666664,-2.5501916666666666
1983-11-22,203,0.0,0.0,0.97873743,0.448679756,7.5,7427.25024,60.708333333333336,-2.7812791666666663
1983-11-23,204,0.0,0.0,0.986530726,0.555168822,,7417.535146,67.66666666666667,-1.9907916666666665
1983-11-24,205,9.14072805,3.424657534,1.103329609,0.264309397,,7168.551452,3.875,3.364841666666667
1983-11-25,206,65.50855099,3.424657534,13.89982123,0.16730783,,1870.346929,3.0833333333333335,10.540775
1983-11-26,207,43.1645491,3.424657534,29.69286034,0.230427613,,1200.273768,7.666666666666667,9.241083333333334
1983-11-27,208,60.93818699,3.424657534,39.92477933,0.270425752,,879.6343861,4.416666666666667,6.566
1983-11-28,209,18.53536522,3.424657534,18.13738827,0.539125179,,1890.025773,14.208333333333334,4.348391666666667
1983-11-29,210,0.780697375,3.424657534,7.946094972,0.294916062,8.8,3129.69696,29.75,6.3160083333333334
1983-11-30,211,1.288515605,10.54794521,5.445502793,0.171511882,,3803.763298,10.083333333333334,6.003158333333334
1983-12-01,212,0.253909115,10.54794521,4.465659218,0.039573126,,4167.628825,21.0,4.733895833333333
1983-12-02,213,0.0,0.0,3.913793296,1.381065339,,4416.487525,40.166666666666664,5.8476583333333325
1983-12-03,214,0.0,0.0,3.554824022,0.915012505,,4601.691033,47.75,4.226654166666667
1983-12-04,215,0.0,0.0,3.308354749,0.762184877,,4742.189602,39.75,6.390666666666667
1983-12-05,216,4.5,10.54794521,3.21073743,0.030796416,,4803.332969,13.875,3.866683333333333
1983-12-06,217,0.5,10.54794521,3.063620112,0.160939318,7.8,4893.988614,45.75,0.27869166666666667
1983-12-07,218,2.888733285,1.369863014,2.975606145,0.179959867,,4957.09158,24.75,0.6707416666666667
1983-12-08,219,78.52721271,1.369863014,29.42062291,0.084644903,,764.4245752,5.208333333333333,7.512495833333333
1983-12-09,220,18.69966281,1.369863014,26.40356145,0.126220465,7.1,1094.500525,7.375,2.4203208333333333
1983-12-10,221,0.9847488,1.369863014,7.851343575,0.0,,3143.935742,31.083333333333332,-1.9019041666666665
1983-12-11,222,0.0,0.0,5.314248603,0.0,,3847.466623,11.541666666666666,-3.3580791666666667
1983-12-12,223,0.52384571,1.369863014,4.484011173,0.0,,4163.799744,32.041666666666664,-0.7352083333333334
1983-12-13,224,7.21966677,1.369863014,5.934921788,0.196770033,7.2,3670.427297,6.875,2.9472124999999996
1983-12-14,225,22.67075772,2.465753425,9.018276536,0.166077786,,2929.576634,2.5833333333333335,3.6986624999999997
1983-12-15,226,2.296933545,2.465753425,10.71334358,0.072312486,,2628.688662,41.416666666666664,0.661325
1983-12-16,227,3.55935534,2.465753425,6.624502793,0.0772792,,3464.757723,7.583333333333333,1.1606541666666665
1983-12-17,228,0.49600682,2.465753425,5.105639665,0.045927754,,3913.075378,21.25,2.1918416666666665
1983-12-18,229,1.822721255,2.465753425,4.114030726,0.069829122,,4320.919782,4.666666666666667,0.9221958333333333
1983-12-19,230,14.37815332,2.465753425,6.211256983,0.05777382,,3592.046575,11.708333333333334,3.088104166666666
1983-12-20,231,21.78058138,2.465753425,8.44275419,0.129808386,6.7,3168.770107,11.625,3.1110791666666664
1983-12-21,232,4.17655305,6.849315068,12.79880447,0.171137625,,2311.810278,14.666666666666666,3.4730666666666665
1983-12-22,233,6.194651065,6.849315068,7.381307263,0.178986473,,3285.629085,8.125,4.330691666666667
1983-12-23,234,20.9815036,6.849315068,13.08288268,0.062326128,8.1,2298.908564,13.125,4.166641666666666
1983-12-24,235,37.28074155,6.849315068,28.86232123,0.119414796,,1226.704087,1.4166666666666667,6.50865
1983-12-25,236,18.88818671,6.849315068,12.59565084,0.154478603,,2460.486143,8.458333333333334,5.746495833333333
1983-12-26,237,5.95086135,6.849315068,10.09797486,0.160814479,,2722.249651,13.291666666666666,3.2248
1983-12-27,238,24.62863591,6.849315068,12.82303911,0.130725063,7.4,2458.090399,8.0,7.653625000000001
1983-12-28,239,5.736521415,12.32876712,11.85395531,0.220159535,,2534.416743,15.5,6.2039625
1983-12-29,240,0.12006417,12.32876712,8.05497486,0.24131613,,3133.11972,39.208333333333336,6.6501375
1983-12-30,241,0.36798463,12.32876712,5.794541899,0.09568202,,3689.920884,26.083333333333332,2.2424958333333334
1983-12-31,242,8.54475003,12.32876712,4.825206704,0.218409546,,4037.192036,9.083333333333334,3.450125
1984-01-01,243,51.62869267,12.32876712,26.27665642,0.159138036,,1179.191121,0.9166666666666666,5.0198125
1984-01-02,244,30.94563791,12.32876712,26.56862849,0.171516981,,1322.397378,15.916666666666666,3.362816666666667
1984-01-03,245,2.25,12.32876712,14.40346927,0.322618923,,2176.633344,10.041666666666666,-0.9548333333333333
1984-01-04,246,4.5,12.32876712,8.139293296,0.0,8.5,3112.447213,14.75,-0.36543333333333333
1984-01-05,247,29.75,14.38356164,19.27003073,0.225459864,,1712.664949,16.375,2.3992833333333334
1984-01-06,248,8.5,14.38356164,10.38984637,0.083482987,,2737.589534,10.208333333333334,3.128441666666667
1984-01-07,249,7.25,14.38356164,10.35756704,0.211898903,,2731.966815,24.958333333333332,1.3567333333333333
1984-01-08,250,2.25,14.38356164,6.98623743,0.0,,3375.816432,5.833333333333333,-0.9036041666666667
1984-01-09,251,14.25,14.38356164,5.983592179,0.0,,3696.024828,19.416666666666668,-1.090775
1984-01-10,252,29.97193851,14.38356164,14.3129162,0.175410781,9.3,2255.230824,11.0,6.154491666666666
1984-01-11,253,19.92473958,14.38356164,23.14161453,0.275861536,,1560.27622,8.541666666666666,4.425316666666666
1984-01-12,254,10.69132368,14.38356164,22.23402235,0.128634208,,1576.942096,15.708333333333334,-0.27255
1984-01-13,255,5.8316311,14.38356164,26.46482682,0.295559558,,1120.980886,14.25,3.245629166666667
1984-01-14,256,9.719385155,14.38356164,12.26234916,0.130996677,,2471.823404,11.5,-0.6562458333333333
1984-01-15,257,0.0,0.0,7.669081006,0.055510776,,3213.0552,13.7,-1.7612541666666666
1984-01-16,258,11.75,14.38356164,13.84056704,0.014249524,,2170.652168,2.625,2.0644458333333335
1984-01-17,259,0.0,0.0,8.785030726,0.0,9.4,2983.446578,13.75,-1.2987291666666667
1984-01-18,260,0.25,5.16970701,6.245522346,0.0,,3564.673213,25.5,-1.8121
1984-01-19,261,0.25,6.7783692,4.788653631,0.0,,4033.258176,58.25,-4.2245791666666666
1984-01-20,262,0.0,0.0,3.95250838,0.040706847,,4394.625648,30.25,-4.798625
1984-01-21,263,17.5,2.850009619,3.41627933,0.051299996,,4675.25979,31.208333333333332,-4.010800000000001
1984-01-22,264,0.5,1.428736879,3.192536313,0.098884185,,4807.760757,17.375,-0.9097291666666667
1984-01-23,265,1.5,4.273066618,4.254310056,0.0,,4216.00104,13.833333333333334,-1.5802875
1984-01-24,266,4.25,3.0993084,3.223935754,0.0,,4777.10406,14.625,-2.361645833333333
1984-01-25,267,0.5,45.27223786,2.847142458,0.0,8.6,5039.936379,42.291666666666664,-2.4724083333333335
1984-01-26,268,0.25,23.28767123,2.935759777,0.001176478,,4993.451435,13.083333333333334,-1.3160999999999998
1984-01-27,269,5.0,7.123287671,4.625446927,0.0,,4121.767271,31.791666666666668,-0.222025
1984-01-28,270,14.0,7.123287671,4.676631285,0.086836741,,4132.485433,50.375,0.5909833333333333
1984-01-29,271,9.75,7.123287671,10.08208659,0.11213319,,2796.839912,28.291666666666668,1.2194625
1984-01-30,272,7.974481005,7.123287671,10.02089665,0.189632355,,2806.998106,7.541666666666667,4.531633333333333
1984-01-31,273,10.12519128,7.123287671,10.04694134,0.266396641,10.0,2799.622119,28.041666666666668,4.254620833333333
1984-02-01,274,39.24657193,9.589041096,23.22319274,0.216879961,,1468.85503,10.541666666666666,5.668129166666667
1984-02-02,275,14.39599005,9.589041096,16.34211453,0.389562527,,2013.910321,18.916666666666668,4.8988375
1984-02-03,276,7.47995528,9.589041096,15.66319274,0.475061057,,2107.018226,24.208333333333332,6.8519250000000005
1984-02-04,277,39.51603512,9.589041096,23.5827905,0.272555619,,1540.231869,9.125,7.6399125
1984-02-05,278,27.52391871,9.589041096,19.6497905,0.282237844,,1781.119038,18.041666666666668,3.2734083333333337
1984-02-06,279,32.90261631,9.589041096,24.20167877,0.590900686,10.4,1466.844508,5.5,6.1671458333333335
1984-02-07,280,8.33570051,9.589041096,14.95792458,0.585377206,10.3,2140.265481,20.416666666666668,3.0007916666666667
1984-02-08,281,11.09707808,42.46575342,10.17638547,0.682414221,,2762.015623,30.708333333333332,3.6802208333333333
1984-02-09,282,0.133844945,42.46575342,6.997902235,1.023836222,,3367.784603,81.25,2.381083333333333
1984-02-10,283,0.65400377,42.46575342,5.454829609,0.487314964,,3804.154764,33.0,6.134899999999999
1984-02-11,284,0.0,0.0,4.426692737,0.501838505,,4181.387742,35.208333333333336,4.915674999999999
1984-02-12,285,0.0,0.0,3.78600838,0.201791015,,4476.603681,21.666666666666668,2.5652666666666666
1984-02-13,286,0.0,0.0,3.301818436,0.982326257,,4739.523569,103.75,-1.266475
1984-02-14,287,0.0,0.0,2.916703911,0.70178656,8.0,4986.567141,88.875,0.699675
1984-02-15,288,0.0,0.0,2.587952514,0.854603727,,5222.34752,126.83333333333333,1.6485083333333332
1984-02-16,289,0.0,0.0,2.257768156,0.254788502,,5507.804419,41.458333333333336,-0.16942916666666666
1984-02-17,290,0.85395389,8.254135879,2.031963687,0.232682316,,5731.835562,21.708333333333332,1.2496625000000001
1984-02-18,291,0.0,0.0,1.77227095,0.683156151,,6026.584058,89.20833333333333,-1.0027375
1984-02-19,292,0.0,0.0,1.552600559,0.391892663,,6327.696356,76.83333333333333,-3.322204166666667
1984-02-20,293,0.0,0.0,1.476075419,0.203680302,7.5,6457.028799,33.0,-3.3220541666666663
1984-02-21,294,21.75640386,4.794520548,3.887798883,0.290584919,,4356.404275,29.625,0.5122416666666666
1984-02-22,295,6.72936507,4.794520548,6.278731844,0.43554036,,3527.203957,33.916666666666664,0.11470000000000001
1984-02-23,296,0.8173984,4.794520548,4.471215084,0.471899279,,4146.554603,34.5,-1.3951166666666666
1984-02-24,297,0.0,0.0,3.520910615,0.775110988,,4610.368987,60.041666666666664,-1.7317958333333332
1984-02-25,298,0.32865642,4.794520548,2.948379888,0.366997355,,4957.984954,44.458333333333336,-3.2537583333333333
1984-02-26,299,0.1673504,4.794520548,2.528798883,0.193876678,,5270.844923,22.75,-3.3203291666666668
1984-02-27,300,0.90470602,4.794520548,2.227198324,0.198000991,,5537.09341,19.875,-1.4328750000000001
1984-02-28,301,0.25,4.794520548,1.9845,0.287033079,7.9,5782.416623,37.333333333333336,-1.48655
1984-02-29,302,1.15331966,23.28767123,1.782,0.537612535,,6019.566952,46.75,1.237325
1984-03-01,303,3.79221884,23.28767123,1.766036313,0.424463333,,6061.700135,35.0,3.1681875
1984-03-02,304,6.14389024,23.28767123,2.251357542,0.572814375,,5508.239667,57.25,-1.2445416666666667
1984-03-03,305,2.75,23.28767123,1.864986034,0.841401954,,5925.917984,102.20833333333333,-0.40770833333333334
1984-03-04,306,1.75,23.28767123,2.019067039,0.676420658,,5761.117324,46.625,3.2356083333333334
1984-03-05,307,0.25,23.28767123,1.889497207,1.870030813,,5890.359496,117.5,5.7719958333333325
1984-03-06,308,0.0,0.0,1.761310056,0.807275332,7.7,6049.843835,56.541666666666664,4.6415125
1984-03-07,309,0.0,0.0,1.697882682,1.152506005,,6131.848564,62.875,3.8927125
1984-03-08,310,0.0,0.0,1.624449721,0.701411975,,6230.480583,43.833333333333336,0.6587958333333334
1984-03-09,311,0.0,0.0,1.563837989,0.81744054,,6315.413647,53.791666666666664,1.0031333333333332
1984-03-10,312,0.25,8.767123288,1.506921788,0.982672975,,6400.730791,74.16666666666667,1.6290791666666669
1984-03-11,313,4.75,8.767123288,1.565472067,0.819189511,,6320.512622,65.75,0.8732083333333334
1984-03-12,314,5.820949865,8.767123288,1.764628492,0.401565673,,6052.198529,26.125,1.174725
1984-03-13,315,2.0,8.767123288,1.829086592,0.206186745,7.8,5963.78111,37.958333333333336,-1.4769249999999998
1984-03-14,316,3.0,5.642398227,1.782301676,0.316029463,,6028.994274,46.583333333333336,-1.4485583333333334
1984-03-15,317,0.0,0.0,1.714324022,0.141244902,,6105.428364,25.416666666666668,-2.5006458333333335
1984-03-16,318,0.08004278,6.028970874,1.603181564,0.609810086,,6258.348937,63.958333333333336,-2.7883541666666667
1984-03-17,319,0.0,0.0,1.526581006,0.33288309,,6370.10696,39.041666666666664,-2.6191583333333335
1984-03-18,320,0.0,0.0,1.474265363,0.335892099,,6451.7278,45.041666666666664,-2.6617
1984-03-19,321,0.0,0.0,1.431100559,0.367363009,,6518.998655,53.083333333333336,-2.682725
1984-03-20,322,0.0,0.0,1.393743017,0.476587262,7.3,6581.694796,58.291666666666664,-2.0562291666666668
1984-03-21,323,0.0,0.0,1.321818436,0.487740577,7.3,6695.428034,62.208333333333336,-0.7804625000000001
1984-03-22,324,0.52678826,2.123287671,1.169446927,0.95208497,,6985.446213,76.25,1.56975
1984-03-23,325,20.00770709,2.123287671,2.360790503,0.383679427,7.5,5108.749639,24.541666666666668,0.7400291666666666
1984-03-24,326,0.38096143,2.123287671,2.674432961,1.198493365,,4975.81151,120.5,0.1339875
1984-03-25,327,5.25,2.123287671,1.951215084,0.409465857,,5836.455283,28.291666666666668,0.08977083333333331
1984-03-26,328,0.25,2.123287671,2.039782123,0.395275468,,5723.944521,32.333333333333336,0.9988666666666667
1984-03-27,329,6.48386137,2.123287671,1.983444134,1.505209403,8.8,5799.796999,116.54166666666667,1.8774583333333332
1984-03-28,330,0.25,7.397260274,1.992670391,1.668732759,,5779.645955,124.66666666666667,2.1495124999999997
1984-03-29,331,0.511922855,7.397260274,1.884192737,1.704797263,,5901.281512,151.79166666666666,1.6197333333333335
1984-03-30,332,0.0,0.0,1.778832402,1.923791487,,6026.376171,162.16666666666666,1.6390916666666666
1984-03-31,333,0.0,0.0,1.676664804,0.871132,,6158.116979,74.08333333333333,-1.3111666666666666
1984-04-01,334,0.0,0.0,1.576131285,1.12327981,,6295.429295,104.08333333333333,-2.3259958333333333
1984-04-02,335,0.0,0.0,1.471851955,2.052321834,,6454.133295,189.91666666666666,-0.5072625
1984-04-03,336,0.0,0.0,1.445203911,1.657652415,7.9,6496.069647,142.70833333333334,-0.23544583333333333
1984-04-04,337,0.08004278,4.931506849,1.402240223,0.426152281,,6566.403046,34.25,-0.20542916666666666
1984-04-05,338,0.0,0.0,1.33800838,1.995246793,,6672.446492,165.625,2.0571958333333336
1984-04-06,339,0.32865642,4.931506849,1.285768156,1.437604869,,6768.041502,109.5,2.3761208333333332
1984-04-07,340,0.0,0.0,1.242578212,0.566595163,,6848.743896,44.541666666666664,1.7731541666666668
1984-04-08,341,0.0,0.0,1.19923743,0.922700844,,6932.755464,78.70833333333333,2.5145833333333334
1984-04-09,342,0.0,0.0,1.165273743,2.858154154,,7004.546026,210.54166666666666,3.57825
1984-04-10,343,0.25,4.931506849,1.147977654,1.670350679,7.1,7037.820515,103.29166666666667,4.122075
1984-04-11,344,5.75,4.931506849,1.205019553,1.961844388,,6922.853136,169.83333333333334,3.2187208333333337
1984-04-12,345,0.0,0.0,1.105189944,3.011248117,,7126.038688,228.04166666666666,2.0677416666666666
1984-04-13,346,0.25,4.931506849,1.062452514,1.834734382,,7224.544497,108.70833333333333,3.697020833333333
1984-04-14,347,0.25,4.931506849,1.024843575,2.936147425,,7315.227873,228.95833333333334,5.289020833333333
1984-04-15,348,6.0,4.931506849,1.091840782,1.7670573,,7163.421363,154.95833333333334,2.1422958333333333
1984-04-16,349,1.25,4.931506849,1.039726257,1.726366393,,7278.093429,151.41666666666666,1.5461374999999997
1984-04-17,350,3.25,4.931506849,1.00352514,2.007132219,7.1,7373.943389,131.91666666666666,3.2353541666666668
1984-04-18,351,3.0,4.520547945,1.07773743,1.898439218,,7186.14531,127.25,4.8350333333333335
1984-04-19,352,0.25,4.520547945,0.980874302,2.113219267,,7421.395586,136.5,6.572008333333334
1984-04-20,353,0.25,4.520547945,0.961692737,2.623141281,,7470.833921,155.33333333333334,8.418379166666666
1984-04-21,354,0.0,0.0,0.912519553,3.727648628,,7601.017031,208.20833333333334,11.074616666666666
1984-04-22,355,0.0,0.0,0.887581006,3.115506857,,7674.822334,206.91666666666666,9.120866666666666
1984-04-23,356,0.0,0.0,0.862994413,4.031124906,,7743.774706,349.5833333333333,8.781704166666666
1984-04-24,357,0.0,0.0,0.830715084,4.605772062,6.6,7839.490224,274.4583333333333,9.39045
1984-04-25,358,0.0,0.0,0.800321229,3.892154317,,7938.287116,270.25,10.450075
1984-04-26,359,0.0,0.0,0.765251397,4.235632478,,8051.592316,288.0833333333333,11.312912500000001
1984-04-27,360,0.0,0.0,0.739634078,3.934000033,,8144.934373,285.7083333333333,9.916220833333334
1984-04-28,361,0.0,0.0,0.718918994,4.0905561,,8216.188163,295.5833333333333,8.640829166666666
1984-04-29,362,0.0,0.0,0.697248603,3.403549175,,8299.63343,282.0,6.909208333333333
1984-04-30,363,0.0,0.0,0.678092179,3.309686871,,8375.364463,289.7916666666667,6.271274999999999
1984-05-01,364,0.0,0.0,0.673089385,2.918081969,6.5,8389.292153,230.875,7.245804166666667
1984-05-02,365,0.0,0.0,0.613759777,3.909113565,,8644.413015,277.1666666666667,9.329600000000001
1984-05-03,366,1.36799209,0.769193305,0.614840782,2.640389765,,8642.326719,185.54166666666666,7.765808333333333
1984-05-04,367,0.0,0.0,0.610818436,2.668604887,,8657.963068,215.75,7.0821000000000005
1984-05-05,368,0.0,0.0,0.600888268,3.716578175,,8701.579434,250.79166666666666,8.211270833333334
1984-05-06,369,0.0,0.0,0.589550279,1.242285374,,8755.301711,101.66666666666667,4.628091666666666
1984-05-07,370,0.0,0.0,0.569061453,3.140988803,,8850.756854,280.0833333333333,3.0353
1984-05-08,371,0.0,0.0,0.60149162,2.879216543,6.6,8711.841672,226.79166666666666,4.2421291666666665
1984-05-09,372,0.0,0.0,0.621377095,2.314617293,,8611.381658,194.91666666666666,5.3784375
1984-05-10,373,0.0,0.0,0.608430168,2.713701142,,8668.252052,201.08333333333334,5.512991666666667
1984-05-11,374,0.0,0.0,0.592994413,3.029272308,,8736.192055,239.79166666666666,4.674441666666667
1984-05-12,375,0.0,0.0,0.57972067,3.479645436,,8801.426029,280.0,4.375483333333333
1984-05-13,376,0.0,0.0,0.567351955,4.205944032,,8860.447453,311.25,5.667862500000001
1984-05-14,377,0.0,0.0,0.552569832,4.39366458,,8931.853882,296.8333333333333,7.065895833333333
1984-05-15,378,2.5,4.816885918,0.563782123,1.395411604,6.4,8885.577239,89.04166666666667,6.323383333333333
1984-05-16,379,5.25,1.780821918,0.599304469,1.032165723,,8715.022828,61.416666666666664,5.2575
1984-05-17,380,11.75,1.780821918,0.784684358,0.464029092,,7995.530837,34.875,4.784745833333333
1984-05-18,381,0.25,1.780821918,0.626178771,1.637213674,,8570.426479,107.83333333333333,6.382620833333333
1984-05-19,382,0.0,0.0,0.567553073,2.752912142,,8851.141118,171.95833333333334,7.818679166666667
1984-05-20,383,4.0,1.780821918,0.574893855,2.553514688,,8827.799805,176.5,7.345279166666667
1984-05-21,384,0.25,1.780821918,0.545430168,3.107621675,,8962.39608,196.0,7.230620833333333
1984-05-22,385,26.0,1.780821918,1.735692737,0.669937239,6.6,5681.888656,20.625,7.015158333333333
1984-05-23,386,0.25,8.557687532,0.834259777,4.171886479,,7774.077713,234.45833333333334,8.719358333333334
1984-05-24,387,0.0,0.0,0.647044693,4.917979021,,8480.6187,269.125,12.902387500000001
1984-05-25,388,3.75,4.573728314,0.611748603,1.901233203,,8656.506989,125.41666666666667,5.189433333333334
1984-05-26,389,0.0,0.0,0.589449721,1.608300643,,8747.741743,81.83333333333333,4.6626375
1984-05-27,390,0.75,1.2933425,0.561670391,2.507570112,,8889.664204,157.16666666666666,4.214075
1984-05-28,391,0.5,0.983874041,0.553022346,2.238447071,,8929.689031,110.5,6.439591666666666
1984-05-29,392,0.0,0.0,0.517776536,4.399709803,6.5,9109.061764,306.9166666666667,8.2178875
1984-05-30,393,0.0,0.0,0.49572905,4.486308042,,9238.399461,229.54166666666666,10.238941666666667
1984-05-31,394,4.0,1.232876712,0.493290503,2.661029863,,9277.411847,174.375,8.7077375
1984-06-01,395,8.58004278,1.232876712,0.693653631,1.814039741,,8316.279318,100.08333333333333,6.536579166666667
1984-06-02,396,1.5,1.232876712,0.587061453,2.413805264,,8752.441074,144.54166666666666,6.847466666666667
1984-06-03,397,12.25,1.232876712,1.151522346,2.27849072,,6921.669635,146.95833333333334,6.542575
1984-06-04,398,0.5,1.232876712,0.784131285,3.648477477,,7977.498982,180.375,8.020279166666667
1984-06-05,399,12.48787525,1.232876712,0.772541899,0.94371385,6.5,8033.8772,82.16666666666667,5.890037499999999
1984-06-06,400,0.25,0.993872248,0.715675978,2.046408215,,8215.63947,124.20833333333333,8.695883333333333
1984-06-07,401,4.0,1.345098973,0.695187151,3.119061695,,8309.871585,196.375,12.671620833333334
1984-06-08,402,0.25,4.30657381,0.633569832,6.192703663,,8537.254163,341.0,15.504854166666668
1984-06-09,403,0.0,0.0,0.572153631,5.213470481,,8830.22348,276.125,14.432162499999999
1984-06-10,404,0.0,0.0,0.534041899,5.386178382,,9023.184649,356.0416666666667,11.777429166666666
1984-06-11,405,0.0,0.0,0.51448324,6.005566231,6.5,9131.897217,276.6666666666667,11.530700000000001
1984-06-12,406,0.75,1.780821918,0.521296089,1.53417079,,9103.66205,119.45833333333333,9.634191666666666
1984-06-13,407,16.75,1.780821918,0.634223464,1.309446745,,8756.06092,76.25,10.680095833333333
1984-06-14,408,4.5,1.780821918,1.365460894,3.803644498,,6477.741881,187.79166666666666,11.1257375
1984-06-15,409,0.0,0.0,0.82277095,4.527343137,,7856.047159,243.375,13.194695833333334
1984-06-16,410,0.0,0.0,0.752606145,3.106006721,,8094.185356,161.75,14.231283333333332
1984-06-17,411,0.25,1.780821918,0.705117318,5.518180506,,8266.168696,317.4583333333333,12.941158333333334
1984-06-18,412,0.0,0.0,0.675201117,4.931092339,,8384.390211,256.25,15.263504166666666
1984-06-19,413,0.0,0.0,0.655013966,4.549705519,6.6,8466.935675,233.375,17.404675
1984-06-20,414,0.0,0.0,0.634550279,4.855652817,,8553.236414,236.95833333333334,15.518895833333334
1984-06-21,415,0.25,3.698630137,0.618259777,3.888655225,,8625.021118,252.20833333333334,9.0864625
1984-06-22,416,14.5,3.698630137,0.820307263,2.173407174,,7890.738693,94.25,9.321795833333333
1984-06-23,417,12.0,3.698630137,0.963125698,3.671522886,,7387.116728,167.79166666666666,8.128354166666666
1984-06-24,418,1.0,3.698630137,0.937432961,4.062432085,,7472.022405,186.25,8.975083333333334
1984-06-25,419,0.25,3.698630137,0.794539106,2.355403869,,7952.065652,83.66666666666667,10.415925
1984-06-26,420,0.0,0.0,0.742726257,4.263903701,6.7,8129.121366,200.66666666666666,11.400558333333334
1984-06-27,421,1.0,6.211978592,0.707681564,3.004338662,,8259.876463,152.375,10.078708333333333
1984-06-28,422,0.0,0.0,0.671329609,4.678072155,,8395.876466,221.95833333333334,8.385545833333333
1984-06-29,423,0.0,0.0,0.648703911,2.978557624,,8495.383417,163.70833333333334,6.731833333333333
1984-06-30,424,0.0,0.0,0.623614525,5.524083075,,8596.05896,271.4583333333333,9.453754166666666
1984-07-01,425,0.0,0.0,0.59696648,5.484943706,,8717.128356,301.0416666666667,10.511258333333334
1984-07-02,426,0.0,0.0,0.573938547,3.989282208,,8826.757115,240.45833333333334,8.8476125
1984-07-03,427,0.0,0.0,0.551715084,5.570461259,6.4,8935.297673,333.3333333333333,9.801870833333334
1984-07-04,428,0.0,0.0,0.529089385,5.97178261,,9048.726806,323.125,11.673699999999998
1984-07-05,429,0.0,0.0,0.497111732,7.115531123,,9225.52559,350.0,13.608470833333334
1984-07-06,430,0.0,0.0,0.472449721,6.820400504,,9374.636704,278.2916666666667,14.823429166666665
1984-07-07,431,0.0,0.0,0.450829609,8.091235889,,9506.365516,334.4583333333333,16.917883333333332
1984-07-08,432,0.0,0.0,0.43122067,7.345232643,,9640.940876,300.7916666666667,16.793087500000002
1984-07-09,433,2.25,1.779942233,0.44177933,2.130878294,,9581.870118,103.91666666666667,12.494870833333332
1984-07-10,434,0.25,3.064127536,0.424910615,5.115176041,6.4,9669.615967,228.33333333333334,12.444379166666666
1984-07-11,435,10.5,3.150684932,0.556340782,3.167355466,,8854.324643,135.5,11.170670833333332
1984-07-12,436,8.0,3.150684932,0.571047486,3.294130067,,8834.473293,147.25,11.061933333333334
1984-07-13,437,1.5,3.150684932,0.478935754,3.338172177,,9326.760235,146.41666666666666,10.270033333333332
1984-07-14,438,9.5,3.150684932,0.617430168,2.719871396,,8644.816996,97.41666666666667,10.609545833333334
1984-07-15,439,0.75,3.150684932,0.530522346,4.241780064,,9003.026795,169.91666666666666,9.3690375
1984-07-16,440,0.0,0.0,0.447913408,2.946270039,,9509.148708,122.91666666666667,8.915354166666667
1984-07-17,441,0.75,3.150684932,0.386145251,5.467871896,6.5,9972.1723,236.83333333333334,12.551829166666666
1984-07-18,442,0.0,0.0,0.386145251,3.157999549,,9972.1723,150.66666666666666,13.397279166666666
1984-07-19,443,0.0,0.0,0.387653631,4.097147023,,9969.81722,175.58333333333334,15.40525
1984-07-20,444,0.0,0.0,0.409977654,6.212472013,,9790.61351,256.875,16.22982083333333
1984-07-21,445,0.0,0.0,0.400902235,7.280933441,,9856.450208,320.5,16.404433333333333
1984-07-22,446,0.0,0.0,0.390142458,7.639455076,,9937.326713,329.8333333333333,14.816329166666668
1984-07-23,447,0.0,0.0,0.375586592,4.466148604,,10048.70489,198.66666666666666,13.643875
1984-07-24,448,0.0,0.0,0.356178771,6.636115385,6.5,10208.8603,292.5833333333333,14.287033333333333
1984-07-25,449,0.0,0.0,0.336871508,6.540181517,,10378.89473,314.4166666666667,13.673237499999999
1984-07-26,450,0.0,0.0,0.317564246,5.292039233,,10561.00719,322.4583333333333,14.530116666666666
1984-07-27,451,0.0,0.0,0.300268156,3.12380829,,10753.74803,210.5,14.390116666666666
1984-07-28,452,0.0,0.0,0.323648045,6.076168156,,10505.6766,282.25,15.211999999999998
1984-07-29,453,0.0,0.0,0.311907821,7.255097522,,10617.35145,259.875,17.458770833333332
1984-07-30,454,0.874491215,1.550662785,0.315477654,3.840643087,,10591.12882,140.375,15.775316666666667
1984-07-31,455,7.512747605,3.100941821,0.378905028,4.735293426,6.3,10021.92733,198.875,13.200945833333334
1984-08-01,456,8.79758387,1.506849315,0.339486034,3.403255948,,10396.24453,152.79166666666666,14.4155125
1984-08-02,457,29.41319977,1.506849315,1.665804469,2.368504413,,5818.894709,114.375,15.0253375
1984-08-03,458,1.19673576,1.506849315,0.808541899,4.322131026,7.2,7837.747598,202.41666666666666,14.804137500000001
1984-08-04,459,8.17881105,1.506849315,0.68173743,0.749380862,,8380.453545,32.166666666666664,12.053529166666666
1984-08-05,460,0.34005294,1.506849315,0.662379888,4.031611097,,8396.433171,234.5,11.033858333333333
1984-08-06,461,12.11827551,1.506849315,0.835541899,2.066626293,,7744.362291,120.66666666666667,12.4841
1984-08-07,462,8.25,1.506849315,1.160723464,3.090759529,6.7,6978.503307,174.0,9.862191666666666
1984-08-08,463,0.25,8.989531297,0.779128492,3.43551902,,7975.636669,191.79166666666666,12.221779166666666
1984-08-09,464,0.0,0.0,0.650840782,3.751978672,,8470.977459,199.91666666666666,13.629583333333334
1984-08-10,465,0.0,0.0,0.593522346,3.410930928,,8728.03313,156.91666666666666,12.479370833333334
1984-08-11,466,0.0,0.0,0.546385475,3.769514786,,8958.229468,221.79166666666666,13.376554166666667
1984-08-12,467,0.0,0.0,0.513553073,4.616670041,,9134.546333,224.58333333333334,14.670741666666666
1984-08-13,468,0.5,3.965847447,0.501410615,2.778295216,,9209.432109,120.45833333333333,13.890445833333333
1984-08-14,469,0.25,4.006888985,0.491807263,2.76147436,6.7,9260.180384,165.375,14.203949999999999
1984-08-15,470,0.0,0.0,0.471846369,3.505676096,,9377.96092,171.33333333333334,13.874420833333334
1984-08-16,471,0.0,0.0,0.458472067,3.181430117,,9464.322289,211.33333333333334,14.0555375
1984-08-17,472,0.0,0.0,0.449446927,4.400606059,,9520.041377,227.25,14.5345625
1984-08-18,473,0.0,0.0,0.442835196,2.964952716,,9566.425386,138.41666666666666,14.198408333333333
1984-08-19,474,0.0,0.0,0.426092179,5.364123999,,9671.813416,265.375,17.923379166666667
1984-08-20,475,0.0,0.0,0.409625698,5.624827545,,9791.665764,244.875,18.14990416666667
1984-08-21,476,0.0,0.0,0.399117318,4.672754192,6.7,9869.102984,190.625,18.478125000000002
1984-08-22,477,0.0,0.0,0.397986034,2.751749106,,9885.13542,134.875,16.087245833333334
1984-08-23,478,0.5,1.272901515,0.399293296,3.350513831,,9872.09279,163.91666666666666,16.035645833333334
1984-08-24,479,5.25,3.755647303,0.445851955,0.780811413,,9550.028027,36.458333333333336,15.098054166666666
1984-08-25,480,0.25,3.346555995,0.43572067,4.088512325,,9603.827556,188.20833333333334,16.199208333333335
1984-08-26,481,0.0,0.0,0.405930168,2.988479423,,9817.780417,147.04166666666666,15.212266666666666
1984-08-27,482,0.0,0.0,0.391600559,3.434696394,,9926.203856,154.20833333333334,15.263366666666668
1984-08-28,483,2.75,1.833208225,0.378703911,4.128518893,6.6,10050.78214,224.375,13.335112500000001
1984-08-29,484,11.5,1.506849315,0.522326816,3.878497922,,9046.439222,232.625,12.852391666666668
1984-08-30,485,10.75,1.506849315,0.677212291,2.929384159,,8323.138237,176.04166666666666,14.253437499999999
1984-08-31,486,41.75,1.506849315,4.693701117,1.086232819,7.4,3767.305322,51.291666666666664,14.362808333333334
1984-09-01,487,1.75,1.506849315,1.944955307,2.983897172,,5729.282616,120.875,14.047720833333335
1984-09-02,488,3.0,1.506849315,1.263469274,3.042164585,,6787.136009,121.375,14.381904166666667
1984-09-03,489,33.25,1.506849315,5.350047486,1.423507034,8.1,2873.3176,41.666666666666664,13.589374999999999
1984-09-04,490,7.0,1.506849315,6.154592179,2.116423795,8.7,3472.096511,99.29166666666667,8.036604166666667
1984-09-05,491,1.0,10.2739726,3.333469274,3.672448479,,4683.679701,175.75,7.305454166666667
1984-09-06,492,0.0,0.0,2.397670391,2.641828713,7.6,5368.675591,128.375,7.627891666666667
1984-09-07,493,0.0,0.0,2.004083799,1.88363917,,5756.666039,73.375,8.622024999999999
1984-09-08,494,7.0,10.2739726,1.856689944,2.187117445,,5959.457243,88.33333333333333,9.949820833333334
1984-09-09,495,29.75,10.2739726,4.373673184,2.334595644,,4097.626865,153.16666666666666,9.06635
1984-09-10,496,5.75,10.2739726,6.360586592,2.185549987,,3407.940949,105.54166666666667,8.379624999999999
1984-09-11,497,10.5,10.2739726,4.920662011,1.794009402,8.6,3998.996392,66.70833333333333,10.736954166666665
1984-09-12,498,2.25,1.856051881,4.075139665,1.554284467,,4334.398318,64.0,12.467854166666667
1984-09-13,499,9.25,13.15862579,4.087910615,1.050905206,,4341.541062,36.0,11.768191666666667
1984-09-14,500,9.5,2.93132849,5.378731844,1.375383638,,3838.509555,48.666666666666664,10.477400000000001
1984-09-15,501,0.25,2.601890277,4.113351955,2.742734276,,4312.801777,127.95833333333333,10.3107375
1984-09-16,502,0.75,1.658538225,3.417812849,2.810061559,,4671.500314,140.91666666666666,10.6666375
1984-09-17,503,11.5,1.025850066,3.782916201,1.724576879,,4491.960667,100.875,8.731745833333333
1984-09-18,504,0.75,5.334656711,3.200078212,2.825076156,7.8,4796.452095,136.29166666666666,8.6944
1984-09-19,505,3.25,5.068493151,2.835201117,2.112100681,,5052.55594,68.125,8.308129166666667
1984-09-20,506,39.5,5.068493151,11.4943324,2.092260636,,2498.011749,104.625,7.022537499999999
1984-09-21,507,30.5,5.068493151,17.18788827,1.911887437,,1988.289972,63.875,5.717849999999999
1984-09-22,508,8.25,5.068493151,11.63232402,2.0949406,,2540.589349,87.5,6.7898958333333335
1984-09-23,509,14.5,5.068493151,10.59709777,2.147891316,,2708.267064,98.04166666666667,6.0398958333333335
1984-09-24,510,2.107624315,5.068493151,7.127547486,1.565958613,,3336.879663,89.25,5.791479166666666
1984-09-25,511,1.0,5.068493151,5.284835196,1.190126204,8.2,3855.765548,53.875,6.695379166666666
1984-09-26,512,0.5,1.917808219,4.256648045,2.773591308,,4252.928659,152.25,7.994375000000001
1984-09-27,513,15.25,1.917808219,4.87651676,0.849328012,,4007.857679,20.541666666666668,11.486775
1984-09-28,514,9.5,1.917808219,6.680136872,1.332750935,,3451.892965,64.91666666666667,10.3228375
1984-09-29,515,4.5,1.917808219,5.517703911,1.61379636,,3789.026668,85.58333333333333,9.484808333333334
1984-09-30,516,12.25,1.917808219,7.925756983,2.146110408,,3156.094,122.08333333333333,6.448708333333333
1984-10-01,517,2.25,1.917808219,6.021226257,1.554472946,,3632.704307,105.75,5.854529166666667
1984-10-02,518,12.25,1.917808219,6.402921788,1.485815296,7.2,3542.88536,101.70833333333333,3.8289958333333334
1984-10-03,519,17.0,2.054794521,9.399318436,0.703582747,,2863.861346,37.333333333333336,3.2870875
1984-10-04,520,0.25,2.054794521,7.465550279,1.100073524,,3253.427355,69.66666666666667,4.794595833333333
1984-10-05,521,0.0,0.0,5.427628492,1.991830428,,3806.292568,98.54166666666667,5.846779166666667
1984-10-06,522,2.5,2.054794521,4.399215084,1.988811756,,4195.140282,77.58333333333333,5.502045833333334
1984-10-07,523,11.75,2.054794521,5.32199162,2.438042423,,3842.145427,104.0,7.750866666666667
1984-10-08,524,39.02615165,2.054794521,12.99212849,1.609696915,,2275.831499,18.875,11.7623625
1984-10-09,525,0.0,0.0,12.72700559,2.140823388,7.6,2330.386599,111.70833333333333,8.2008
1984-10-10,526,0.25,6.51730199,7.105826816,2.645823453,,3331.234233,117.45833333333333,7.091116666666667
1984-10-11,527,1.0,20.4556763,5.212156425,1.924628213,,3881.78221,39.75,8.2522125
1984-10-12,528,1.75,5.159164486,4.319773743,2.012451167,,4229.709387,63.25,9.442079166666668
1984-10-13,529,2.75,17.50232949,3.730248603,1.732062449,,4505.138008,23.666666666666668,9.180558333333334
1984-10-14,530,0.0,0.0,3.254581006,1.682817747,,4766.791778,66.16666666666667,9.6434375
1984-10-15,531,0.0,0.0,2.844326816,2.614840913,,5032.758872,125.125,9.267266666666666
1984-10-16,532,0.0,0.0,2.509818436,2.637102393,7.3,5289.093952,102.41666666666667,9.857095833333334
1984-10-17,533,10.5,7.671232877,2.599868715,1.286365526,,5231.69838,35.208333333333336,8.542495833333334
1984-10-18,534,17.25,7.671232877,4.489918994,1.954188634,,4170.912077,33.333333333333336,6.9375333333333336
1984-10-19,535,30.37634469,7.671232877,7.464796089,3.812245664,,3242.247559,44.541666666666664,9.436383333333334
1984-10-20,536,4.26031092,7.671232877,8.658553073,3.985778239,,3009.160439,39.416666666666664,7.323654166666667
1984-10-21,537,24.07042269,7.671232877,8.315145251,2.990115342,,3228.752117,50.708333333333336,8.9144875
1984-10-22,538,57.53962136,7.671232877,43.32509497,2.896594679,,833.9570745,6.208333333333333,13.123716666666667
1984-10-23,539,1.552536345,7.671232877,18.89519832,1.975646331,8.8,1751.315297,33.166666666666664,7.511558333333333
1984-10-24,540,21.07334532,2.602739726,13.89155028,3.390515255,,2307.608698,15.083333333333334,10.558704166666667
1984-10-25,541,20.9409126,2.602739726,24.36372905,4.280997977,,1490.843361,15.166666666666666,8.258129166666667
1984-10-26,542,0.517512115,2.602739726,10.34079888,3.837111502,,2713.991961,59.166666666666664,4.9126625
1984-10-27,543,1.68496905,2.602739726,6.402921788,3.331671966,,3512.74892,68.29166666666667,4.362808333333334
1984-10-28,544,7.618030325,2.602739726,5.373854749,2.963047496,,3847.064992,25.625,11.745895833333334
1984-10-29,545,16.45503908,2.602739726,7.623603352,2.957267448,,3141.149012,5.208333333333333,13.5148125
1984-10-30,546,8.54789035,2.602739726,10.04641341,0.745814055,7.3,2768.445155,14.25,10.3757
1984-10-31,547,0.0,0.0,7.087349162,1.304315925,,3344.750847,39.208333333333336,10.282433333333334
1984-11-01,548,0.08922996,3.835616438,5.386173184,1.727554505,,3824.795658,16.458333333333332,12.369245833333332
1984-11-02,549,18.70568599,3.835616438,7.475078212,0.545999672,,3267.551704,8.25,7.0170708333333325
1984-11-03,550,26.10345138,3.835616438,11.57814804,1.739035148,,2598.217479,30.833333333333332,5.971933333333333
1984-11-04,551,3.094334455,3.835616438,9.961642458,0.561779203,,2777.525521,40.916666666666664,5.700833333333333
1984-11-05,552,0.0,0.0,6.693083799,0.213594978,,3440.48808,17.083333333333332,3.5425500000000003
1984-11-06,553,4.25,3.835616438,5.185458101,0.007655562,7.6,3901.059354,1.9166666666666667,0.4673958333333334
1984-11-07,554,0.75,0.410958904,4.483181564,0.123735126,,4155.817269,5.708333333333333,4.701720833333334
1984-11-08,555,19.93496905,0.410958904,8.501932961,0.00182036,,2996.930828,0.7083333333333334,6.955491666666667
1984-11-09,556,21.75,0.410958904,11.68112011,0.158930781,,2516.932205,6.75,5.1881375
1984-11-10,557,0.0,0.0,10.77184358,0.388847665,,2642.531096,38.541666666666664,5.609883333333333
1984-11-11,558,6.5,0.410958904,7.052958101,0.259386802,,3370.68469,9.666666666666666,6.491545833333333
1984-11-12,559,17.5,0.410958904,11.64582402,0.192924425,,2575.459319,15.333333333333334,4.704970833333333
1984-11-13,560,0.0,0.0,7.707469274,0.464013465,7.3,3206.747169,41.458333333333336,3.5573791666666668
1984-11-14,561,13.5,2.465753425,8.23650838,0.182046403,,3112.448311,15.416666666666666,2.2942375
1984-11-15,562,0.0,0.0,6.234913408,0.506056704,,3568.465162,67.08333333333333,0.7754375000000001
1984-11-16,563,0.25,2.465753425,5.008600559,0.449218994,,3957.667598,54.458333333333336,-0.4057291666666667
1984-11-17,564,0.25,2.465753425,4.222634078,0.120645205,,4270.43914,4.75,1.7926624999999998
1984-11-18,565,0.25,2.465753425,3.634567039,0.181548835,,4552.890762,10.708333333333334,0.8823
1984-11-19,566,1.83004278,2.465753425,3.175416201,0.246622407,,4816.902115,21.0,2.1673625
1984-11-20,567,30.0,2.465753425,6.627594972,0.292439656,7.1,3219.959172,16.666666666666668,3.996579166666667
1984-11-21,568,38.5,7.534246575,21.21111453,0.541427179,,1373.792541,26.375,5.822937499999999
1984-11-22,569,33.75,7.534246575,35.48767877,0.342103606,,958.6223191,2.2916666666666665,6.233887500000001
1984-11-23,570,34.25,7.534246575,28.34937151,0.333490706,,1276.551705,2.0416666666666665,5.062625
1984-11-24,571,3.0,7.534246575,15.65406704,0.584117035,,2070.187371,18.041666666666668,4.332574999999999
1984-11-25,572,3.5,7.534246575,8.537530726,0.517546817,,3031.708765,32.583333333333336,3.314979166666667
1984-11-26,573,0.0,0.0,5.93102514,0.506077796,,3648.912773,56.083333333333336,2.052958333333333
1984-11-27,574,20.0,7.534246575,7.375826816,0.399736254,7.5,3147.808176,3.5833333333333335,5.420608333333334
1984-11-28,575,6.94802741,5.342465753,9.212480447,0.35281659,,2901.654866,33.208333333333336,5.0356625
1984-11-29,576,3.25,5.342465753,6.649617318,0.199653014,,3462.800336,12.708333333333334,6.154566666666667
1984-11-30,577,2.5,5.342465753,5.417597765,0.117117137,,3816.71927,3.4583333333333335,6.087629166666667
1984-12-01,578,32.75,5.342465753,10.32184358,0.0,,2689.704205,2.9166666666666665,2.564220833333333
1984-12-02,579,1.75,5.342465753,10.67734358,0.164597489,,2652.255196,32.166666666666664,1.6323833333333333
1984-12-03,580,3.75617485,5.342465753,7.31327933,0.126911815,,3298.952728,9.875,4.239904166666666
1984-12-04,581,1.0,5.342465753,5.524265363,0.206192919,7.9,3780.488004,16.166666666666668,5.1633249999999995
1984-12-05,582,4.5,6.065787003,4.866511173,0.306535708,,4015.211579,22.0,6.0727416666666665
1984-12-06,583,2.0,6.877398508,4.13175419,0.314444683,,4313.632212,30.791666666666668,2.623229166666667
1984-12-07,584,0.0,0.0,3.636276536,0.376075037,,4553.903159,18.708333333333332,4.952416666666667
1984-12-08,585,4.25,4.553553575,3.30973743,0.160164428,,4743.212154,23.708333333333332,2.6846916666666663
1984-12-09,586,0.25,2.187316023,3.025885475,0.240841942,,4908.876113,26.166666666666668,1.61485
1984-12-10,587,0.0,0.0,2.738790503,0.234575772,,5113.820816,40.541666666666664,3.0960625
1984-12-11,588,0.0,0.0,2.532444134,0.466706708,7.7,5274.208647,43.416666666666664,1.2899833333333335
1984-12-12,589,0.0,0.0,2.348170391,0.349015838,,5430.476614,38.291666666666664,-0.21301250000000002
1984-12-13,590,5.606369725,6.575342466,2.257843575,0.002581743,,5528.760313,6.875,0.37017916666666667
1984-12-14,591,42.38769523,6.575342466,7.036164804,0.045314661,,3190.178485,11.333333333333334,1.2061958333333334
1984-12-15,592,6.26616465,6.575342466,5.618111732,0.127044948,,3724.126381,15.5,1.7410208333333335
1984-12-16,593,4.265417725,6.575342466,4.831717877,0.031970677,,4020.759218,5.458333333333333,1.1781708333333334
1984-12-17,594,14.64451811,6.575342466,10.44093017,0.14374207,,2649.8479,12.833333333333334,1.8015833333333333
1984-12-18,595,18.0,6.575342466,7.980435754,0.04512461,7.7,3222.891182,10.458333333333334,0.0672125
1984-12-19,596,21.75,5.068493151,24.87632682,0.17259433,,1379.731606,6.0,4.7699375
1984-12-20,597,6.25,5.068493151,10.3441676,0.213081267,,2732.185558,19.541666666666668,4.5945833333333335
1984-12-21,598,4.0,5.068493151,6.819536313,0.243770767,,3414.658022,29.458333333333332,0.990425
1984-12-22,599,21.5,5.068493151,9.193022346,0.093326274,,2924.376048,6.666666666666667,5.309
1984-12-23,600,9.0,5.068493151,9.30896648,0.137400786,,2922.978709,8.875,7.256904166666668
1984-12-24,601,22.25,5.068493151,15.98256704,0.156682374,,2083.73336,21.25,0.7803666666666667
1984-12-25,602,12.25,5.068493151,11.87864246,0.112924193,,2541.653767,11.125,1.2621291666666667
1984-12-26,603,2.0,5.068493151,8.181150838,0.040760372,,3100.251712,30.333333333333332,-2.2838249999999998
1984-12-27,604,1.5,5.068493151,5.771715084,0.033292371,,3698.377613,9.208333333333334,-1.4800125
1984-12-28,605,3.25,5.068493151,4.700865922,0.0204675,,4075.510043,33.166666666666664,0.30120833333333336
1984-12-29,606,12.5,5.068493151,6.145064246,0.114408727,,3586.402187,8.833333333333334,3.1657625
1984-12-30,607,1.75,5.068493151,5.654539106,0.232943193,,3727.16588,16.5,6.503441666666667
1984-12-31,608,3.25,5.068493151,5.032608939,0.170723283,,3961.522696,45.166666666666664,2.7359166666666663
1985-01-01,609,0.0,0.0,4.412790503,0.318099428,,4191.059109,44.708333333333336,-0.37847500000000006
1985-01-02,610,0.0,0.0,3.855293296,0.142610601,,4443.455461,40.458333333333336,-2.0985625
1985-01-03,611,0.25,2.739726027,3.404438547,0.439676684,,4682.192334,64.29166666666667,-2.5241291666666665
1985-01-04,612,0.0,0.0,3.047002793,0.126362356,,4898.526811,33.25,-2.4725125
1985-01-05,613,0.0,0.0,2.734969274,0.071018896,,5114.550943,19.125,-5.014958333333333
1985-01-06,614,0.25,2.739726027,2.52600838,0.214592102,,5281.210971,28.875,-2.548175
1985-01-07,615,0.25,2.739726027,2.330421788,0.187098514,,5445.618471,45.416666666666664,-5.638091666666667
1985-01-08,616,1.25,2.739726027,2.171363128,0.024016495,7.5,5594.270614,16.666666666666668,-3.6344125
1985-01-09,617,0.25,2.999167127,2.009187151,0.105564641,,5759.427557,47.208333333333336,-1.6283708333333333
1985-01-10,618,0.0,0.0,1.851284916,0.090989651,,5937.252226,26.166666666666668,-2.1505958333333335
1985-01-11,619,0.0,0.0,1.717893855,0.100805981,,6102.219275,23.25,-2.4626375
1985-01-12,620,0.25,2.177418777,1.589078212,0.149304336,,6277.047606,55.416666666666664,-3.5962791666666667
1985-01-13,621,0.0,0.0,1.520170391,0.0,,6378.247468,10.083333333333334,-3.877629166666667
1985-01-14,622,0.0,0.0,1.387608939,0.0,,6585.872899,33.541666666666664,-6.868008333333333
1985-01-15,623,0.0,0.0,1.314251397,0.0,8.2,6710.048917,19.791666666666668,-5.7267875
1985-01-16,624,0.0,0.0,1.187145251,0.0,,6937.11541,7.333333333333333,-8.348816666666666
1985-01-17,625,0.0,0.0,1.071829609,0.0,,7202.419492,5.5,-10.156445833333335
1985-01-18,626,0.0,0.0,1.09576257,0.0,,7164.535653,1.875,-5.363579166666667
1985-01-19,627,0.0,0.0,1.093349162,0.0,,7148.118045,7.208333333333333,-4.3481499999999995
1985-01-20,628,0.0,0.0,1.038921788,0.0,,7281.870434,4.458333333333333,-3.8488375
1985-01-21,629,7.664951595,2.328767123,3.670164804,0.239116188,6.8,4324.941229,14.25,0.5067958333333333
1985-01-22,630,0.26192286,2.328767123,3.018217877,0.130044829,,4758.23016,45.208333333333336,-1.6913749999999999
1985-01-23,631,3.230699545,7.671232877,2.000136872,0.0,,5752.287934,54.083333333333336,-2.61505
1985-01-24,632,13.34704526,7.671232877,3.136575419,0.0,,4753.918885,10.416666666666666,-0.1973
1985-01-25,633,0.39288429,7.671232877,3.537175978,0.090856281,,4574.705506,26.5,1.0324375000000001
1985-01-26,634,1.234915315,7.671232877,2.853854749,0.0,,5021.874271,37.666666666666664,-2.8335125
1985-01-27,635,5.136236915,7.671232877,2.549011173,0.0,,5264.168693,1.625,-1.8595375
1985-01-28,636,15.98030456,7.671232877,9.559131285,0.177679487,,2736.66726,11.333333333333334,2.510654166666667
1985-01-29,637,28.5,7.671232877,18.81761732,0.061823257,6.8,1782.92823,11.541666666666666,5.868200000000001
1985-01-30,638,11.25,3.835616438,11.7898743,0.104827086,,2540.018755,11.0,4.2677958333333335
1985-01-31,639,9.0,3.835616438,10.92268156,0.349935384,,2625.714392,24.541666666666668,4.803870833333334
1985-02-01,640,2.0,3.835616438,8.719441341,0.393785223,,3001.082012,45.958333333333336,5.405333333333334
1985-02-02,641,1.5,3.835616438,6.059664804,0.246895285,,3612.740751,20.541666666666668,4.244245833333333
1985-02-03,642,1.75,3.835616438,4.700111732,0.239359077,,4069.894733,23.25,5.021791666666666
1985-02-04,643,0.0,0.0,3.853407821,0.147246817,,4439.809076,18.041666666666668,3.1929958333333333
1985-02-05,644,0.25,3.835616438,3.276201117,0.713302104,7.0,4752.855232,71.75,1.1637000000000002
1985-02-06,645,9.5,4.383561644,3.084134078,0.632268301,,4909.087012,52.25,4.6975291666666665
1985-02-07,646,26.25,4.383561644,11.09162011,0.0,6.0,2640.963377,6.25,-0.16998333333333335
1985-02-08,647,0.75,4.383561644,6.838994413,0.0,,3399.677752,8.916666666666666,-3.038695833333333
1985-02-09,648,0.0,0.0,4.933106145,0.0,,3973.18889,12.541666666666666,-6.767779166666667
1985-02-10,649,0.0,0.0,4.190882682,0.000417217,,4293.029463,65.95833333333333,-10.076708333333334
1985-02-11,650,0.0,0.0,3.910600559,0.0,,4421.687879,58.541666666666664,-9.979083333333334
1985-02-12,651,0.0,0.0,3.630368715,0.0,7.0,4561.923611,56.625,-9.5358625
1985-02-13,652,0.0,0.0,3.350136872,0.0,,4715.736621,36.75,-8.150445833333334
1985-02-14,653,0.0,0.0,3.069905028,0.0,,4885.7665,43.375,-5.984791666666666
1985-02-15,654,0.0,0.0,2.789597765,0.0,,5075.551472,70.08333333333333,-8.138570833333334
1985-02-16,655,0.0,0.0,2.509416201,0.0,,5289.510288,88.41666666666667,-6.763629166666667
1985-02-17,656,0.0,0.0,2.229184358,0.0,,5534.157023,48.0,-5.395404166666666
1985-02-18,657,0.25,3.933417445,1.948851955,0.054028747,,5818.630144,94.33333333333333,-5.9309
1985-02-19,658,0.5,5.072037166,1.670128492,0.068148683,6.8,6156.499014,65.58333333333333,-2.4072666666666667
1985-02-20,659,10.75,0.95890411,1.959888268,0.193701161,,5841.70544,22.791666666666668,0.8359083333333334
1985-02-21,660,11.75,0.95890411,2.140893855,0.931269845,,5617.118382,56.291666666666664,2.111475
1985-02-22,661,1.25,0.95890411,2.034301676,0.96751977,,5747.991305,84.83333333333333,1.8243291666666666
1985-02-23,662,0.0,0.0,3.179664804,0.673959092,,4814.964204,78.0,2.9470458333333336
1985-02-24,663,0.0,0.0,2.717094972,2.156246411,,5108.487823,128.08333333333334,5.094141666666666
1985-02-25,664,0.0,0.0,2.279664804,1.033778605,,5491.066167,91.20833333333333,4.173004166666667
1985-02-26,665,4.75,0.95890411,2.301787709,0.491105909,7.0,5489.969891,46.541666666666664,4.7942875
1985-02-27,666,0.25,3.01369863,2.406368715,0.759318164,,5372.857722,68.125,6.063066666666667
1985-02-28,667,0.0,0.0,2.155374302,0.665649808,,5613.181172,69.83333333333333,3.178170833333333
1985-03-01,668,3.0,3.01369863,2.105321229,0.353217135,,5663.78699,31.375,1.5106416666666667
1985-03-02,669,3.75,3.01369863,2.193284916,0.142534083,,5579.413028,19.916666666666668,1.3014166666666667
1985-03-03,670,11.75,3.01369863,2.606078212,0.620663489,,5259.270888,44.583333333333336,2.7214041666666664
1985-03-04,671,24.5,3.01369863,13.28550838,0.332282182,,2341.346838,43.833333333333336,0.4183958333333333
1985-03-05,672,11.0,3.01369863,7.361572626,0.78762772,7.3,3272.34118,95.70833333333333,0.8411916666666667
1985-03-06,673,10.0,6.438356164,5.609337989,0.285845233,,3797.625448,23.125,2.547075
1985-03-07,674,4.0,6.438356164,7.750432961,0.600868607,,3177.571519,57.541666666666664,3.2984666666666667
1985-03-08,675,0.25,6.438356164,4.765927374,1.225787923,,4035.302902,132.54166666666666,2.7754624999999997
1985-03-09,676,0.0,0.0,3.808005587,1.057599951,,4462.354823,116.70833333333333,3.948733333333333
1985-03-10,677,1.5,6.438356164,3.325625698,0.693209338,,4725.036214,71.04166666666667,3.7927166666666667
1985-03-11,678,0.0,0.0,2.855413408,1.963569906,,5025.840559,147.29166666666666,0.2321041666666667
1985-03-12,679,0.0,0.0,2.552128492,1.879042704,6.7,5256.537678,151.375,0.2513000000000001
1985-03-13,680,4.334956305,3.561643836,2.458659218,0.677776471,,5337.132411,49.708333333333336,3.666183333333333
1985-03-14,681,1.833504935,3.561643836,2.254600559,1.087945157,,5517.720984,110.16666666666667,1.6633708333333335
1985-03-15,682,12.14092211,3.561643836,2.240597765,0.459775867,,5533.369279,67.375,0.17376666666666665
1985-03-16,683,2.72042353,3.561643836,2.069145251,0.331577423,,5693.650999,103.41666666666667,-1.0593958333333333
1985-03-17,684,4.593904835,3.561643836,1.942617318,0.803513401,,5835.285841,164.83333333333334,-1.0503458333333333
1985-03-18,685,0.0,0.0,1.793212291,0.347892733,,6006.987359,103.58333333333333,-2.6515708333333334
1985-03-19,686,0.0,0.0,1.643555866,0.343071012,6.7,6197.615997,120.875,-3.4275916666666664
1985-03-20,687,0.0,0.0,1.50000838,0.598930684,,6412.883556,155.08333333333334,-3.9711625
1985-03-21,688,0.529730815,6.164383562,1.42727933,0.095887747,,6518.674207,20.166666666666668,-1.1912125
1985-03-22,689,3.951834585,6.164383562,1.375818436,0.314129589,,6612.413227,24.625,0.4918708333333333
1985-03-23,690,1.85602079,6.164383562,1.499807263,0.574309024,,6424.055179,58.125,2.0170291666666667
1985-03-24,691,3.119470665,6.164383562,1.842234637,0.864405171,,5956.602432,87.45833333333333,2.2156833333333332
1985-03-25,692,0.08828847,6.164383562,1.774860335,0.972808082,,6030.895867,70.91666666666667,2.0126666666666666
1985-03-26,693,1.0,6.164383562,1.730891061,0.490896974,6.6,6089.330279,47.083333333333336,0.6719041666666667
1985-03-27,694,1.0,3.150684932,1.633550279,0.914989367,,6211.434854,107.41666666666667,-0.5300416666666666
1985-03-28,695,0.25,3.150684932,1.517128492,0.811782132,,6384.933229,61.375,-0.0484375
1985-03-29,696,35.0,3.150684932,6.793215084,0.217198678,,3348.987068,20.125,3.4398750000000002
1985-03-30,697,18.75,3.150684932,17.36577654,0.622527833,,1938.020664,47.125,6.210066666666666
1985-03-31,698,28.5,3.150684932,13.82472905,1.576725175,,2363.085549,120.04166666666667,5.347225000000001
1985-04-01,699,13.25,3.150684932,22.60382682,0.344743939,,1469.239493,22.375,7.508683333333334
1985-04-02,700,2.5,3.150684932,12.72373743,0.867757838,6.6,2383.941935,59.333333333333336,6.290104166666667
1985-04-03,701,13.25,2.054794521,16.57877933,0.41958279,,1979.072696,23.041666666666668,7.275175
1985-04-04,702,4.75,2.054794521,11.80199162,0.390164293,,2539.146226,26.125,5.6212333333333335
1985-04-05,703,9.25,2.054794521,10.6815419,1.111240209,,2716.175334,63.958333333333336,5.0489875
1985-04-06,704,8.5,2.054794521,10.94882682,1.697016429,,2675.425123,121.66666666666667,3.997925
1985-04-07,705,10.75,2.054794521,10.06878771,0.763655801,,2841.998321,55.625,4.166816666666667
1985-04-08,706,8.0,2.054794521,15.28338268,0.557438874,,2155.249126,57.416666666666664,3.5569208333333333
1985-04-09,707,0.0,0.0,8.873170391,0.622152937,6.5,2965.402977,73.29166666666667,2.858754166666667
1985-04-10,708,0.5,11.50684932,6.015997207,1.683726839,,3623.337519,149.125,3.823358333333333
1985-04-11,709,39.75,11.50684932,17.75375698,0.485338086,,1847.682138,38.041666666666664,2.11705
1985-04-12,710,12.25,11.50684932,10.9376648,1.038065424,,2668.173569,101.20833333333333,2.37725
1985-04-13,711,14.25,11.50684932,10.2434581,0.532878814,,2771.031613,53.458333333333336,2.1205041666666666
1985-04-14,712,6.75,11.50684932,10.16937151,1.119815245,,2758.670842,96.0,2.7135208333333334
1985-04-15,713,1.0,11.50684932,6.91499162,1.057791846,,3392.51163,76.79166666666667,5.34525
1985-04-16,714,0.25,11.50684932,5.293131285,1.713919368,6.7,3853.419814,124.04166666666667,6.993608333333333
1985-04-17,715,0.0,0.0,4.219768156,1.454393822,,4267.95618,129.16666666666666,6.381058333333333
1985-04-18,716,0.0,0.0,3.588812849,3.152185121,,4578.953363,204.16666666666666,8.944708333333333
1985-04-19,717,0.0,0.0,3.102662011,2.943418332,,4857.772642,220.58333333333334,7.642504166666666
1985-04-20,718,1.5,2.831198955,2.74572905,1.559556559,,5106.69256,181.0,1.2214583333333333
1985-04-21,719,2.0,4.650615093,2.49302514,0.521638212,,5304.45038,43.375,2.9191333333333334
1985-04-22,720,0.0,0.0,2.257969274,2.866495239,6.4,5510.987497,223.16666666666666,5.390541666666667
1985-04-23,721,0.0,0.0,2.063865922,2.561055769,,5701.178063,193.08333333333334,4.514175
1985-04-24,722,0.0,0.0,1.940656425,3.885728079,,5836.453792,293.75,3.313508333333333
1985-04-25,723,0.0,0.0,1.796857542,2.394531431,,6002.87888,167.70833333333334,4.822404166666667
1985-04-26,724,0.0,0.0,1.686946927,1.769924673,,6143.131433,140.41666666666666,2.9188625
1985-04-27,725,3.75,4.383561644,1.614896648,2.068504818,,6241.617534,155.70833333333334,3.6843
1985-04-28,726,6.0,4.383561644,1.559715084,1.921076717,,6337.6053,189.79166666666666,1.4169
1985-04-29,727,6.0,4.383561644,1.662058659,0.910148415,,6174.393368,52.208333333333336,7.7904583333333335
1985-04-30,728,2.0,4.383561644,1.579927374,0.960030545,6.6,6287.285717,86.08333333333333,7.324516666666667
1985-05-01,729,3.75,3.424657534,1.442765363,1.421728958,,6501.242587,99.125,4.771791666666666
1985-05-02,730,0.25,3.424657534,1.375240223,3.697750956,,6600.968302,268.875,5.272541666666666
1985-05-03,731,0.0,0.0,1.240617318,3.580266288,,6846.952792,292.5416666666667,5.0764625
1985-05-04,732,0.25,3.424657534,1.165374302,1.346414209,,6999.158199,106.33333333333333,4.7925375
1985-05-05,733,6.75,3.424657534,1.205296089,0.84788078,,6937.206374,72.0,3.9505583333333334
1985-05-06,734,5.25,3.424657534,1.313120112,1.565962743,6.4,6719.741604,126.54166666666667,5.515225
1985-05-07,735,0.25,1.780821918,1.236217877,4.054127278,,6845.466447,312.4166666666667,5.793625
1985-05-08,736,0.0,0.0,1.084675978,3.823135957,,7165.50879,294.6666666666667,7.350904166666666
1985-05-09,737,0.0,0.0,1.023938547,1.467532642,,7313.423979,138.41666666666666,4.1813666666666665
1985-05-10,738,0.75,1.780821918,1.042692737,0.559045781,,7277.561039,47.666666666666664,5.408879166666666
1985-05-11,739,0.0,0.0,1.021927374,4.192936605,,7317.123922,287.0416666666667,7.417779166666667
1985-05-12,740,0.0,0.0,0.980296089,1.601599805,,7423.937039,136.41666666666666,5.577750000000001
1985-05-13,741,8.0,1.780821918,1.177441341,0.465906455,,6965.762511,37.083333333333336,5.620445833333334
1985-05-14,742,14.75,1.780821918,1.544656425,1.477772889,6.2,6275.386167,105.79166666666667,7.367129166666667
1985-05-15,743,12.75,1.643835616,4.398662011,1.199669597,,4119.708434,99.54166666666667,7.071229166666666
1985-05-16,744,0.0,0.0,2.251885475,3.07603756,,5490.828518,204.54166666666666,9.936683333333333
1985-05-17,745,0.0,0.0,1.849851955,4.367417466,,5933.639443,246.70833333333334,13.160654166666667
1985-05-18,746,0.0,0.0,1.67477933,4.422319575,,6156.557952,252.16666666666666,11.784791666666665
1985-05-19,747,5.5,1.643835616,1.664924581,0.823215247,,6178.550543,64.375,8.003979166666666
1985-05-20,748,5.0,1.643835616,1.715907821,0.37722037,,6118.492757,35.583333333333336,7.289070833333334
1985-05-21,749,7.0,1.643835616,2.153589385,0.356160921,6.2,5632.499395,23.833333333333332,5.888154166666666
1985-05-22,750,0.5,1.369863014,2.020424581,0.73678795,,5740.862003,50.083333333333336,6.314241666666667
1985-05-23,751,0.5,1.369863014,1.846458101,2.742474614,,5943.162272,153.83333333333334,8.3083625
1985-05-24,752,4.25,1.369863014,1.874136872,2.743641383,,5912.529845,159.41666666666666,8.095491666666666
1985-05-25,753,12.25,1.369863014,2.772226257,1.215809355,,5073.17425,57.916666666666664,9.465275
1985-05-26,754,0.75,1.369863014,2.466351955,2.34744605,,5317.416985,129.25,11.921533333333334
1985-05-27,755,6.5,1.369863014,2.339773743,1.447256413,,5451.509086,78.25,9.723095833333334
1985-05-28,756,0.25,1.369863014,2.312547486,4.537346905,6.1,5452.035734,309.25,6.315970833333334
1985-05-29,757,0.0,0.0,2.063790503,4.735761165,,5700.830715,252.08333333333334,9.2891625
1985-05-30,758,0.0,0.0,1.923058659,5.832351675,,5855.052278,315.9583333333333,9.949966666666667
1985-05-31,759,0.0,0.0,1.822273743,5.736107739,,5973.341661,324.0,9.353529166666666
1985-06-01,760,0.0,0.0,1.727698324,6.041398629,,6089.348737,327.3333333333333,10.36985
1985-06-02,761,0.0,0.0,1.628748603,6.322351251,,6222.861785,318.5416666666667,12.275441666666666
1985-06-03,762,0.0,0.0,1.548955307,5.806778167,,6335.357716,303.2916666666667,12.464870833333334
1985-06-04,763,0.0,0.0,1.470293296,5.642312364,6.5,6454.310778,278.25,13.592308333333333
1985-06-05,764,3.25,2.054794521,1.380167598,3.294443931,,6610.862126,168.08333333333334,12.628758333333332
1985-06-06,765,37.25,2.054794521,4.935067039,0.324274644,,3846.848735,22.083333333333332,5.764554166666667
1985-06-07,766,0.25,2.054794521,3.293094972,2.930626388,,4615.982766,207.75,4.3376166666666665
1985-06-08,767,16.5,2.054794521,2.779818436,2.321002671,,5183.882428,145.04166666666666,5.405829166666667
1985-06-09,768,14.5,2.054794521,6.567108939,1.348870495,,3460.513261,87.25,6.107170833333334
1985-06-10,769,5.25,2.054794521,5.017122905,2.088739006,,3928.376898,125.25,6.491604166666666
1985-06-11,770,71.25,2.054794521,32.01915922,0.884454842,6.0,853.7212432,58.708333333333336,7.947191666666666
1985-06-12,771,9.5,1.917808219,23.29398603,1.620948933,6.0,1397.443361,96.54166666666667,5.905808333333333
1985-06-13,772,0.0,0.0,8.620768156,2.951032172,,2988.534147,159.875,7.6992
1985-06-14,773,0.0,0.0,5.252405028,4.258443225,,3850.612457,269.5833333333333,5.891579166666666
1985-06-15,774,0.0,0.0,3.904969274,4.431497727,,4407.94291,267.5833333333333,6.541979166666667
1985-06-16,775,0.0,0.0,3.180972067,5.104875146,,4805.841539,294.5416666666667,8.299850000000001
1985-06-17,776,4.53096082,1.917808219,2.845634078,1.650816618,,5038.806826,102.20833333333333,6.936625
1985-06-18,777,0.25,1.917808219,2.551198324,3.399531862,6.5,5252.694075,193.625,9.2171375
1985-06-19,778,0.0,0.0,2.244067039,3.465801564,,5520.036237,189.54166666666666,9.107637500000001
1985-06-20,779,5.25,1.917808219,2.038072626,4.224163089,,5744.830804,229.41666666666666,9.920141666666668
1985-06-21,780,10.25,1.917808219,2.537949721,0.497475604,,5276.449579,29.791666666666668,9.94965
1985-06-22,781,30.25,1.917808219,6.141519553,1.272009895,,3584.295096,89.75,8.986112499999999
1985-06-23,782,7.75,1.917808219,9.779832402,2.21862328,,2728.380458,171.91666666666666,9.104166666666666
1985-06-24,783,17.5,1.917808219,12.03169274,2.549696739,,2480.738917,171.95833333333334,8.840270833333333
1985-06-25,784,4.25,1.917808219,7.695201117,4.736765504,5.9,3195.837909,289.5416666666667,9.361966666666666
1985-06-26,785,11.5,1.095890411,5.929868715,1.784287207,,3661.871787,112.375,8.433158333333333
1985-06-27,786,1.5,1.095890411,4.627432961,1.361950737,,4093.371864,83.25,8.345483333333332
1985-06-28,787,28.75,1.095890411,8.739251397,2.026847644,,2881.058158,131.66666666666666,9.325516666666667
1985-06-29,788,11.75,1.095890411,16.79792179,2.953726718,,1983.094945,194.79166666666666,10.4887125
1985-06-30,789,3.0,1.095890411,8.183891061,2.094829524,,3097.645591,126.75,10.803825000000002
1985-07-01,790,0.5,1.095890411,5.598955307,4.719799856,,3745.369714,260.5,11.761283333333333
1985-07-02,791,0.0,0.0,4.280656425,5.433820618,6.3,4241.765993,251.375,15.500824999999999
1985-07-03,792,0.0,0.0,3.582905028,5.84624048,,4577.586483,275.5416666666667,16.520420833333333
1985-07-04,793,0.0,0.0,3.083555866,5.691670744,,4871.313831,246.66666666666666,17.182483333333334
1985-07-05,794,5.0,1.97500481,2.96700838,2.841525703,,4954.943487,152.54166666666666,13.499258333333332
1985-07-06,795,0.0,0.0,2.56872067,3.584904562,,5239.514645,227.54166666666666,9.152595833333333
1985-07-07,796,0.0,0.0,2.263097765,5.920048279,,5500.492312,299.4583333333333,11.426662499999999
1985-07-08,797,0.0,0.0,2.052905028,5.152817842,,5713.523479,290.5416666666667,12.0857625
1985-07-09,798,0.0,0.0,1.929444134,2.664398627,6.4,5848.493174,159.75,11.030666666666667
1985-07-10,799,0.25,1.369863014,1.796178771,4.585205079,,6003.594081,240.75,12.317645833333332
1985-07-11,800,20.75,1.369863014,2.058083799,0.665273248,,5772.56179,43.875,11.644475
1985-07-12,801,19.25,1.369863014,3.78150838,1.803552525,,4464.435907,99.95833333333333,13.3614625
1985-07-13,802,6.75,1.369863014,3.554824022,2.656862583,,4579.134573,133.95833333333334,14.183679166666666
1985-07-14,803,10.0,1.369863014,4.327592179,3.469150548,,4186.027839,191.70833333333334,11.2999875
1985-07-15,804,3.833314435,1.369863014,2.889955307,1.952878941,,5005.241303,136.25,8.980437499999999
1985-07-16,805,13.55099665,1.369863014,4.735458101,2.745218565,5.3,4031.51996,160.83333333333334,10.2402625
1985-07-17,806,22.76790064,1.780821918,7.371854749,1.263415333,,3034.916714,64.91666666666667,10.4997125
1985-07-18,807,0.32865642,1.780821918,6.717067039,3.345309139,,3368.66059,184.79166666666666,9.5672375
1985-07-19,808,12.11284962,1.780821918,7.107360335,2.517021681,,3348.124661,138.70833333333334,9.025450000000001
1985-07-20,809,0.831928075,1.780821918,4.821561453,2.487097765,,4014.177897,152.54166666666666,8.447179166666666
1985-07-21,810,8.6456258,1.780821918,4.035117318,2.186666551,,4369.042151,121.33333333333333,9.736395833333333
1985-07-22,811,30.91898613,1.780821918,14.70572346,0.938938944,,2007.027106,67.66666666666667,11.922829166666666
1985-07-23,812,0.41596404,1.780821918,7.023846369,4.424103025,6.0,3343.231813,244.58333333333334,11.708429166666667
1985-07-24,813,0.49600682,1.780821918,4.919153631,1.893219971,,3981.051682,79.54166666666667,13.983504166666668
1985-07-25,814,0.0,0.0,3.902555866,5.503497748,,4411.729289,243.25,17.022837499999998
1985-07-26,815,22.68156805,1.780821918,4.743452514,0.985237612,,3973.689748,53.708333333333336,13.434491666666666
1985-07-27,816,16.15728554,1.780821918,6.183578212,3.578646536,,3655.024,185.91666666666666,11.485375
1985-07-28,817,12.96535175,1.780821918,10.61796369,1.673667724,,2677.20071,82.58333333333333,12.256950000000002
1985-07-29,818,8.85168339,1.780821918,8.88973743,2.01788201,,2986.841032,106.625,10.994029166666666
1985-07-30,819,0.25,1.780821918,6.209069832,2.238804491,5.7,3566.860762,113.875,12.276045833333333
1985-07-31,820,0.25,4.109589041,4.64251676,1.513479057,,4088.16964,103.16666666666667,10.425345833333333
1985-08-01,821,1.5,4.109589041,3.896346369,2.543667302,,4426.337563,152.75,9.587670833333332
1985-08-02,822,23.0,4.109589041,6.524120112,2.354462356,,3442.981621,143.5,10.8316
1985-08-03,823,3.5,4.109589041,4.727011173,1.920424484,,4062.163708,121.58333333333333,8.895829166666667
1985-08-04,824,40.5,4.109589041,13.40743575,0.54006516,5.8,2267.056866,27.125,9.935766666666668
1985-08-05,825,4.5,2.876712329,15.60622626,2.245498822,,1969.977332,135.625,9.6805625
1985-08-06,826,3.25,2.876712329,7.739522346,1.532872138,,3190.524901,85.79166666666667,8.6927125
1985-08-07,827,18.0,2.876712329,9.964558659,1.648516892,,2787.781572,99.33333333333333,10.142362499999999
1985-08-08,828,3.5,2.876712329,6.963234637,1.845474324,,3378.720334,103.875,9.913204166666667
1985-08-09,829,4.0,2.876712329,5.577385475,2.460757214,,3765.537142,166.875,9.34115
1985-08-10,830,1.5,2.876712329,4.540726257,2.983973182,,4135.064911,192.20833333333334,8.899304166666667
1985-08-11,831,22.38945481,2.876712329,8.281558659,0.627993657,5.2,3036.103917,32.125,7.9907458333333325
1985-08-12,832,8.0,2.876712329,7.260284916,1.597730289,,3324.588081,92.29166666666667,9.027558333333333
1985-08-13,833,7.5,2.876712329,7.781455307,1.923416719,,3215.758624,104.58333333333333,10.096375
1985-08-14,834,6.25,2.876712329,6.582167598,1.311494359,,3486.724353,64.5,9.798562500000001
1985-08-15,835,29.0,2.876712329,13.64060615,0.846594042,,2331.019615,36.791666666666664,9.818408333333332
1985-08-16,836,29.25,2.876712329,24.60092179,0.404206832,,1446.024482,14.458333333333334,9.875058333333333
1985-08-17,837,0.5,2.876712329,11.82680447,3.890845027,,2504.339272,181.125,12.389058333333333
1985-08-18,838,3.75,2.876712329,7.422888268,0.983276367,,3271.648029,47.916666666666664,12.356491666666665
1985-08-19,839,13.0,2.876712329,7.488377095,1.589794503,,3270.741763,74.375,11.18345
1985-08-20,840,22.0,2.876712329,14.0562905,1.449083184,5.5,2128.962685,59.333333333333336,10.963000000000001
1985-08-21,841,11.0,2.602739726,9.043039106,2.114833027,,2965.958965,99.54166666666667,11.067562500000001
1985-08-22,842,7.25,2.602739726,10.20698045,2.08898069,,2738.403761,106.16666666666667,9.656570833333333
1985-08-23,843,46.25,2.602739726,21.05193017,0.552112964,,1630.58499,25.541666666666668,9.400420833333333
1985-08-24,844,14.0,2.602739726,24.76764804,1.627076411,,1287.477901,90.66666666666667,8.594283333333333
1985-08-25,845,12.0,2.602739726,11.94455866,1.052424397,,2529.55366,57.541666666666664,8.386204166666667
1985-08-26,846,0.5,2.602739726,8.400117318,1.929995941,,3063.692415,113.04166666666667,8.250083333333334
1985-08-27,847,13.25,2.602739726,7.804206704,0.784817179,5.4,3211.773913,29.833333333333332,11.739062500000001
1985-08-28,848,13.0,4.520547945,10.79977374,2.984655525,,2672.530085,160.16666666666666,11.202399999999999
1985-08-29,849,0.25,4.520547945,7.016555866,1.829061893,,3368.903312,101.91666666666667,12.5390625
1985-08-30,850,0.75,4.520547945,5.460988827,1.708194636,,3800.156766,115.70833333333333,11.52605
1985-08-31,851,3.5,4.520547945,4.554930168,1.853697948,,4130.868204,106.75,9.976558333333333
1985-09-01,852,7.0,4.520547945,4.04323743,0.640144193,,4358.411383,31.541666666666668,8.450516666666667
1985-09-02,853,14.0,4.520547945,5.200541899,0.308446768,,3871.050754,19.916666666666668,8.519083333333333
1985-09-03,854,11.0,4.520547945,6.596572626,1.621650683,5.4,3470.827893,92.41666666666667,9.5078125
1985-09-04,855,16.5,1.917808219,6.643835196,0.509469209,,3531.548193,37.083333333333336,8.4375
1985-09-05,856,10.75,1.917808219,13.26522067,1.954209849,,2316.619322,114.625,9.0390625
1985-09-06,857,0.0,0.0,7.022740223,2.852633718,,3359.789281,172.91666666666666,7.353291666666667
1985-09-07,858,0.0,0.0,5.277594972,2.561718869,,3858.836341,156.83333333333334,8.460941666666667
1985-09-08,859,5.25,1.917808219,4.681835196,0.905344223,,4085.10832,65.5,10.798616666666668
1985-09-09,860,0.25,1.917808219,3.956782123,1.809005234,,4393.136816,80.16666666666667,13.269395833333334
1985-09-10,861,0.0,0.0,3.469902235,1.386618353,5.8,4644.780776,75.58333333333333,12.959020833333334
1985-09-11,862,0.0,0.0,3.069226257,4.471275058,,4882.107163,185.83333333333334,15.043229166666668
1985-09-12,863,1.25,5.753424658,2.667645251,3.360950981,,5157.328532,134.83333333333334,13.892649999999998
1985-09-13,864,0.0,0.0,2.272600559,2.691933095,,5495.579159,155.41666666666666,8.9782125
1985-09-14,865,13.5,5.753424658,2.570656425,1.561485167,,5236.807233,91.91666666666667,9.190008333333333
1985-09-15,866,4.0,5.753424658,2.157360335,1.465216561,,5605.560261,83.25,7.627937500000001
1985-09-16,867,28.25,5.753424658,6.002798883,0.702752104,,3349.676108,48.0,10.7978875
1985-09-17,868,6.75,5.753424658,5.601921788,1.015106326,5.5,3752.714402,57.666666666666664,12.230295833333335
1985-09-18,869,4.0,4.109589041,4.422896648,0.747003796,,4187.471859,43.041666666666664,12.619291666666667
1985-09-19,870,5.75,4.109589041,4.273139665,0.854716392,,4259.806654,57.25,9.594554166666667
1985-09-20,871,0.5,4.109589041,3.732284916,1.34964313,,4502.343377,82.58333333333333,8.9834
1985-09-21,872,22.75,4.109589041,5.444648045,0.412120765,,3756.403671,27.0,13.0757375
1985-09-22,873,4.0,4.109589041,7.146955307,1.193027043,,3308.324316,64.83333333333333,12.047016666666666
1985-09-23,874,0.25,4.109589041,4.903918994,1.063963288,,3994.148424,66.04166666666667,9.821741666666666
1985-09-24,875,0.5,4.109589041,4.139622905,2.239126388,5.7,4307.27963,92.45833333333333,11.619795833333333
1985-09-25,876,0.0,0.0,3.560731844,2.02471854,,4593.121472,102.0,13.697054166666668
1985-09-26,877,0.0,0.0,3.13652514,2.331928574,,4840.709212,122.08333333333333,14.646695833333332
1985-09-27,878,0.0,0.0,2.797592179,2.522947711,,5068.631252,131.25,14.1050375
1985-09-28,879,0.0,0.0,2.513765363,2.893873772,,5286.859718,143.91666666666666,13.991316666666668
1985-09-29,880,0.0,0.0,2.289217877,2.704157233,,5481.584315,123.66666666666667,15.296008333333333
1985-09-30,881,0.0,0.0,2.080960894,2.989278594,,5681.650135,99.0,16.143229166666668
1985-10-01,882,0.0,0.0,1.895455307,1.929796153,6.1,5886.942411,57.833333333333336,16.177083333333332
1985-10-02,883,5.75,3.835616438,1.899175978,0.514622509,,5887.906358,18.375,12.285125
1985-10-03,884,7.75,3.835616438,2.102178771,1.445210601,,5645.351834,69.66666666666667,10.9534875
1985-10-04,885,9.0,3.835616438,2.182776536,1.304778971,,5580.876507,70.875,9.591108333333333
1985-10-05,886,0.25,3.835616438,1.801986034,1.681572838,,5991.424474,81.54166666666667,8.6341625
1985-10-06,887,44.0,3.835616438,13.07715084,0.297204134,,1963.204944,10.875,9.174454166666667
1985-10-07,888,15.80364789,3.835616438,7.94777933,0.912825822,,3142.616686,59.916666666666664,7.4545125
1985-10-08,889,27.75,3.835616438,14.92484078,0.356014528,,2039.836719,25.833333333333332,6.3269375
1985-10-09,890,4.0,3.835616438,11.13443296,0.642717888,6.0,2574.234066,32.25,7.8068833333333325
1985-10-10,891,5.0,6.164383562,6.742307263,0.648443332,,3427.972306,32.791666666666664,10.813445833333333
1985-10-11,892,4.25,6.164383562,5.658360335,1.514570107,,3742.898745,108.75,8.903866666666667
1985-10-12,893,0.0,0.0,4.471365922,1.339825477,,4163.183219,86.91666666666667,7.810129166666666
1985-10-13,894,0.0,0.0,3.772357542,2.290888873,,4480.111763,115.79166666666667,10.701495833333333
1985-10-14,895,0.0,0.0,3.278840782,2.023412432,,4753.76193,106.33333333333333,11.178029166666667
1985-10-15,896,0.0,0.0,2.908659218,0.531897104,5.9,4990.169517,34.625,8.257591666666666
1985-10-16,897,0.25,5.136258964,2.617843575,0.667880439,,5204.39771,44.625,7.843041666666667
1985-10-17,898,0.25,1.973807516,2.391486034,0.538708119,,5391.244905,43.416666666666664,5.478916666666667
1985-10-18,899,0.5,7.19031306,2.191600559,0.346334601,,5573.763294,20.666666666666668,6.045983333333333
1985-10-19,900,0.0,0.0,2.018463687,0.283358281,,5750.531768,24.375,5.55445
1985-10-20,901,0.0,0.0,1.881102745,0.908087054,,5905.915959,56.541666666666664,6.363941666666666
1985-10-21,902,0.0,0.0,1.708692737,1.177336607,,6124.995758,55.041666666666664,4.936183333333333
1985-10-22,903,0.0,0.0,1.602804469,0.517508059,6.2,6256.304259,47.875,5.249733333333333
1985-10-23,904,0.0,0.0,1.488217877,0.282829385,,6426.731889,26.833333333333332,4.470133333333333
1985-10-24,905,0.0,0.0,1.398544693,0.549285782,,6566.55412,47.208333333333336,4.112758333333333
1985-10-25,906,0.25,6.600105875,1.333332402,0.372214731,,6684.143158,27.333333333333332,4.219083333333333
1985-10-26,907,0.0,0.0,1.272092179,1.035579191,,6792.830536,75.5,3.387704166666667
1985-10-27,908,0.0,0.0,1.223849162,0.568266029,,6883.409325,39.208333333333336,3.47185
1985-10-28,909,0.0,0.0,1.170955307,0.793588214,,6988.504246,58.375,6.0687375
1985-10-29,910,0.0,0.0,1.117458101,0.619512508,5.9,7099.906908,33.5,5.003920833333333
1985-10-30,911,0.75,6.575342466,1.075349162,0.351291465,,7198.459105,28.041666666666668,4.095975
1985-10-31,912,0.25,6.575342466,1.046111732,0.248674297,,7261.404269,14.125,3.1196333333333333
1985-11-01,913,8.75,6.575342466,1.022731844,0.911568141,,7352.574997,68.45833333333333,3.0905125000000004
1985-11-02,914,0.75,6.575342466,1.127061453,0.430125644,,7050.446885,39.041666666666664,0.5651458333333333
1985-11-03,915,0.25,6.575342466,0.989497207,0.586829262,,7395.672484,44.791666666666664,1.155925
1985-11-04,916,2.80972796,6.575342466,0.965790503,0.490871974,,7483.127168,34.583333333333336,6.372683333333334
1985-11-05,917,18.5,6.575342466,2.417329609,0.365132185,6.3,5307.832185,16.875,3.9295666666666667
1985-11-06,918,13.96206686,9.589041096,2.42922067,0.419853535,,5283.751464,23.166666666666668,3.063120833333333
1985-11-07,919,11.25,9.589041096,2.41652514,0.510595588,,5474.61274,39.833333333333336,5.684270833333334
1985-11-08,920,31.5,9.589041096,12.34234358,0.228350858,,2433.006365,12.333333333333334,8.653241666666666
1985-11-09,921,34.5,9.589041096,24.12613408,0.242300646,,1525.203302,23.0,4.412475
1985-11-10,922,6.0,9.589041096,11.39093296,0.377519,,2538.039817,56.916666666666664,-0.5504833333333333
1985-11-11,923,4.5,9.589041096,6.682298883,0.274865545,,3435.837047,45.5,-0.41749166666666665
1985-11-12,924,1.25,9.589041096,4.704460894,0.303048037,6.5,4061.067911,88.08333333333333,-2.3395083333333333
1985-11-13,925,0.0,0.0,3.761824022,0.322115115,,4483.767564,41.916666666666664,-0.3680041666666667
1985-11-14,926,9.0,3.835616438,4.317134078,0.106398566,,4218.191086,9.166666666666666,1.5826333333333336
1985-11-15,927,0.75,3.835616438,3.980639665,0.309968593,,4369.74599,55.666666666666664,1.1825833333333333
1985-11-16,928,16.0,3.835616438,6.797136872,0.031858037,,3328.682938,8.875,2.443783333333333
1985-11-17,929,0.25,3.835616438,5.333807263,0.454087738,,3822.134913,45.291666666666664,1.9965791666666668
1985-11-18,930,0.0,0.0,4.259815642,0.327547395,,4254.937016,32.458333333333336,1.7705041666666668
1985-11-19,931,0.5,3.835616438,3.661365922,0.172961659,6.4,4539.520397,26.0,-2.1857583333333332
1985-11-20,932,0.25,2.610580501,3.217298883,0.05865886,,4791.50385,5.25,-1.2604166666666667
1985-11-21,933,0.25,1.924730199,2.857575419,0.072843113,,5025.138107,8.375,-1.0312458333333334
1985-11-22,934,0.5,3.672349049,2.564396648,0.107933673,,5246.348767,14.25,-0.7821166666666667
1985-11-23,935,2.25,5.890422942,2.38346648,0.051002,,5400.828179,2.4166666666666665,0.16754166666666667
1985-11-24,936,0.0,0.0,2.187301676,0.032015286,,5577.946843,4.708333333333333,0.296
1985-11-25,937,0.25,2.719471981,2.013108939,0.148243048,,5755.551856,20.541666666666668,-0.315975
1985-11-26,938,0.0,0.0,1.866972067,0.067239312,6.3,5921.299596,8.166666666666666,-0.8255333333333333
1985-11-27,939,5.0,4.931506849,1.892539106,0.021585886,,5893.453696,26.875,-1.4609333333333332
1985-11-28,940,2.25,4.931506849,1.717391061,0.0,,6100.660329,37.791666666666664,-2.1614666666666666
1985-11-29,941,0.93010588,4.931506849,1.579424581,0.027232968,,6295.624303,15.708333333333334,-2.9809083333333333
1985-11-30,942,19.00081993,4.931506849,2.064067039,0.21879061,,5850.96584,14.25,1.777775
1985-12-01,943,13.5,4.931506849,7.94999162,0.210540076,,3135.458334,2.0,9.889249999999999
1985-12-02,944,14.90951545,4.931506849,7.655731844,0.123420778,,3218.320175,2.5833333333333335,9.6760125
1985-12-03,945,1.25,4.931506849,6.435553073,0.403582075,5.9,3478.003146,11.25,8.306420833333332
1985-12-04,946,19.25,4.520547945,11.01630168,0.041690031,,2612.703338,4.0,7.512158333333333
1985-12-05,947,6.75,4.520547945,7.23597486,0.077321223,,3322.271429,7.291666666666667,4.392079166666666
1985-12-06,948,25.25,4.520547945,13.05771788,0.239421076,,2168.150308,8.625,4.247529166666666
1985-12-07,949,17.0,4.520547945,15.49895531,0.107151228,,2105.909299,9.708333333333334,3.680979166666667
1985-12-08,950,5.0,4.520547945,8.073,0.185146671,,3130.593561,20.375,1.6403875
1985-12-09,951,1.75,4.520547945,6.198913408,0.08369829,,3570.01229,42.833333333333336,0.36221666666666663
1985-12-10,952,14.5,4.520547945,7.460346369,0.078873604,6.2,3233.494304,1.2916666666666667,2.765425
1985-12-11,953,0.25,1.369863014,6.780343575,0.188245331,,3405.721877,39.958333333333336,4.266295833333333
1985-12-12,954,13.25,1.369863014,5.868452514,0.176607852,,3742.024121,8.041666666666666,4.913379166666666
1985-12-13,955,50.25,1.369863014,41.01546369,0.163594541,4.4,789.994079,6.583333333333333,8.6197875
1985-12-14,956,20.0,1.369863014,27.28211732,0.155410046,,1371.111765,10.166666666666666,8.212679166666666
1985-12-15,957,5.0,1.369863014,16.24080168,0.078745344,,2079.745791,1.9166666666666667,8.164929166666667
1985-12-16,958,0.25,1.369863014,12.08174581,0.179651981,,2514.107434,9.291666666666666,5.93875
1985-12-17,959,18.5,1.369863014,9.863748603,0.167278818,6.1,2801.873997,3.5,7.231775
1985-12-18,960,12.75,4.383561644,11.45903631,0.151171216,,2569.262464,12.666666666666666,4.602641666666666
1985-12-19,961,6.5,4.383561644,7.415673184,0.16367858,,3283.052585,8.291666666666666,4.2036500000000006
1985-12-20,962,5.75,4.383561644,6.066553073,0.23758763,,3623.537204,5.0,6.412316666666666
1985-12-21,963,55.75,4.383561644,31.47694693,0.12875373,,927.8507591,2.9166666666666665,6.330962499999999
1985-12-22,964,5.0,4.383561644,17.72514804,0.031865181,,1822.790484,20.416666666666668,2.926275
1985-12-23,965,16.5,4.383561644,12.42181006,0.245872682,5.9,2488.795698,16.041666666666668,2.831629166666667
1985-12-24,966,7.5,7.123287671,10.56781006,0.187402426,,2715.88013,25.5,1.9582375
1985-12-25,967,3.0,7.123287671,8.243698324,0.066546492,,3093.984562,5.625,1.5718083333333333
1985-12-26,968,1.0,7.123287671,6.535885475,0.19645128,,3482.68,7.333333333333333,-0.9344708333333333
1985-12-27,969,0.25,7.123287671,4.96651676,0.0,,3971.201322,23.875,-4.679291666666667
1985-12-28,970,0.0,0.0,4.135047486,0.136136166,,4307.655181,51.916666666666664,-5.220658333333334
1985-12-29,971,0.0,0.0,3.49949162,0.077261774,,4625.242088,36.625,-5.923241666666667
1985-12-30,972,6.0,7.123287671,3.258703911,0.150064858,6.1,4781.344132,7.541666666666667,-1.5574625
1985-12-31,973,8.25,5.753424658,3.460223464,0.223071943,,4662.927804,21.75,1.0564291666666665
1986-01-01,974,2.75,5.753424658,3.369293296,0.0,,4699.574102,5.458333333333333,-0.109375
1986-01-02,975,6.0,5.753424658,3.652365922,0.0,,4560.688978,5.333333333333333,-0.4036458333333333
1986-01-03,976,0.0,0.0,3.219662011,0.0,,4778.754401,21.375,-3.1511666666666667
1986-01-04,977,5.25,5.753424658,6.010717877,0.0017113,,3323.166336,5.666666666666667,-0.8627124999999999
1986-01-05,978,6.5,5.753424658,6.044379888,0.0,,3589.362241,13.291666666666666,-1.2118916666666666
1986-01-06,979,0.5,5.753424658,4.719368715,0.0572027,,4046.875577,36.0,-2.665625
1986-01-07,980,0.0,0.0,3.883650838,0.0,6.6,4426.355146,0.125,-3.124125
1986-01-08,981,0.0,0.0,3.278162011,0.044391486,,4752.303205,8.708333333333334,-1.8819583333333334
1986-01-09,982,13.0,10.2739726,5.305801676,0.159200112,,3860.39269,9.916666666666666,2.0807249999999997
1986-01-10,983,54.5,10.2739726,46.38559777,0.391317542,4.0,519.3370443,6.916666666666667,4.791670833333334
1986-01-11,984,1.5,10.2739726,10.28026257,0.369167858,,2708.342681,3.0833333333333335,1.9334416666666667
1986-01-12,985,3.0,10.2739726,6.262164804,0.356420644,,3558.398071,12.0,2.3061458333333333
1986-01-13,986,19.25,10.2739726,8.990648045,0.151534901,,2862.396948,1.9583333333333333,5.021041666666666
1986-01-14,987,3.0,10.2739726,7.234944134,0.620884523,6.7,3293.095478,4.208333333333333,1.2821166666666668
1986-01-15,988,17.5,8.767123288,8.647717877,0.17694233,,3020.024419,16.166666666666668,0.5364666666666666
1986-01-16,989,0.0,0.0,6.202634078,0.107898125,,3573.172991,22.458333333333332,-1.8142291666666666
1986-01-17,990,23.5,8.767123288,6.44324581,0.163769883,,3738.557259,14.416666666666666,1.4687458333333332
1986-01-18,991,70.25,8.767123288,49.11031006,0.129085205,,652.3730117,3.9166666666666665,6.273445833333334
1986-01-19,992,31.5,8.767123288,38.12460335,0.157972147,,909.4586567,3.2083333333333335,3.7369833333333333
1986-01-20,993,12.75,8.767123288,12.8972514,0.256590044,,2457.313478,11.041666666666666,2.9661500000000003
1986-01-21,994,29.25,8.767123288,27.53678212,0.130409247,6.7,1156.264003,9.083333333333334,1.6215333333333335
1986-01-22,995,37.25,12.05479452,25.34887709,0.242613535,5.6,1335.627787,11.583333333333334,2.6111083333333336
1986-01-23,996,7.25,12.05479452,13.63137989,0.250217582,,2298.544918,11.625,0.222225
1986-01-24,997,2.0,12.05479452,7.93724581,0.245861015,,3148.580254,33.708333333333336,-1.6545083333333332
1986-01-25,998,3.5,12.05479452,5.671709497,0.0,,3730.127393,66.875,-2.6319500000000002
1986-01-26,999,1.0,12.05479452,4.609759777,0.223125132,,4114.246983,14.583333333333334,0.04514583333333335
1986-01-27,1000,7.25,12.05479452,5.302810056,0.209705574,,3862.85581,24.291666666666668,-0.11284166666666666
1986-01-28,1001,2.75,12.05479452,4.234575419,0.080845931,6.2,4268.104592,22.458333333333332,-1.265625
1986-01-29,1002,1.69575491,4.786016537,3.774293296,0.0,,4484.948097,15.041666666666666,-2.0708125
1986-01-30,1003,0.0,0.0,3.496122905,0.0,,4635.409425,1.625,-1.352425
1986-01-31,1004,0.08730762,3.502165938,3.282460894,0.014430974,,4757.058616,5.875,-1.8185708333333332
1986-02-01,1005,0.0,0.0,3.073374302,0.018965654,,4885.796489,1.0,-2.0269041666666667
1986-02-02,1006,0.25,2.878728478,2.868963687,0.0,,5021.975038,6.375,-1.8281208333333332
1986-02-03,1007,0.25,22.118335,2.670586592,0.0,,5166.218683,4.0,-2.2638833333333332
1986-02-04,1008,0.25,20.88315916,2.477187151,0.0,6.1,5319.439363,4.458333333333333,-3.0199583333333333
1986-02-05,1009,0.25,9.315068493,2.289243017,0.0,,5482.79364,19.291666666666668,-4.2777875
1986-02-06,1010,0.0,0.0,2.106879888,0.0,,5657.694889,7.0,-6.394962499999999
1986-02-07,1011,0.0,0.0,1.929871508,0.0,,5845.544167,7.25,-6.177091666666667
1986-02-08,1012,0.0,0.0,1.758896648,0.0,,6047.477748,13.458333333333334,-5.389758333333333
1986-02-09,1013,0.0,0.0,1.593351955,0.0,,6267.383183,21.541666666666668,-5.246533333333333
1986-02-10,1014,0.0,0.0,1.434469274,0.146123836,,6505.68525,28.458333333333332,-6.677954166666667
1986-02-11,1015,0.0,0.0,1.276164804,0.047357198,6.2,6772.55685,22.083333333333332,-7.008933333333334
1986-02-12,1016,0.0,0.0,1.141592179,0.0,,7051.825796,24.75,-5.307670833333334
1986-02-13,1017,0.0,0.0,1.110946927,0.0,,7117.470499,29.791666666666668,-5.702420833333334
1986-02-14,1018,0.0,0.0,1.080251397,0.0,,7185.607945,9.625,-6.853291666666667
1986-02-15,1019,0.0,0.0,1.049505587,0.041973058,,7255.877678,13.5,-5.467758333333333
1986-02-16,1020,0.0,0.0,1.018860335,0.003813838,,7328.657698,4.416666666666667,-5.4791625
1986-02-17,1021,0.0,0.0,0.988089385,0.0,,7404.425811,4.041666666666667,-5.224825
1986-02-18,1022,0.0,0.0,0.957469274,0.00069131,6.2,7482.493222,12.458333333333334,-4.9520333333333335
1986-02-19,1023,0.0,0.0,0.926698324,0.141925139,,7564.292121,27.291666666666668,-4.8049
1986-02-20,1024,0.0,0.0,0.896027933,0.019058564,,7648.84837,10.166666666666666,-6.672054166666666
1986-02-21,1025,0.0,0.0,0.865307263,0.119916195,,7737.316629,21.083333333333332,-7.8371208333333335
1986-02-22,1026,0.0,0.0,0.834586592,0.104221261,,7829.70597,27.416666666666668,-5.0485375
1986-02-23,1027,0.0,0.0,0.803941341,0.03440478,,7925.634025,35.208333333333336,-7.183220833333333
1986-02-24,1028,0.0,0.0,0.773120112,0.12440086,,8026.880372,51.291666666666664,-5.520208333333334
1986-02-25,1029,0.0,0.0,0.742550279,0.112136174,6.2,8132.458066,44.208333333333336,-6.178633333333334
1986-02-26,1030,0.0,0.0,0.71177933,0.101856207,,8243.67882,85.91666666666667,-7.787454166666667
1986-02-27,1031,0.0,0.0,0.68103352,0.103944201,,8360.795118,112.5,-7.0022416666666665
1986-02-28,1032,0.0,0.0,0.650438547,0.22956613,,8484.117371,111.41666666666667,-4.771254166666666
1986-03-01,1033,0.0,0.0,0.619617318,0.286113184,,8615.256449,92.70833333333333,-4.795974999999999
1986-03-02,1034,0.0,0.0,0.59626257,0.382601484,,8731.062111,128.16666666666666,-4.76905
1986-03-03,1035,0.0,0.0,0.606167598,0.565389831,,8670.215407,103.41666666666667,-3.315129166666667
1986-03-04,1036,66.0,5.205479452,48.83814804,0.632420712,7.7,363.3833385,22.0,4.164083333333333
1986-03-05,1037,12.25,3.150684932,25.11731564,0.822233862,,1312.312978,49.75,3.4564416666666666
1986-03-06,1038,1.75,3.150684932,8.023977654,0.945547991,,3112.867401,71.41666666666667,0.8230041666666668
1986-03-07,1039,0.0,0.0,5.245994413,1.214058318,,3860.109044,78.16666666666667,1.7079833333333332
1986-03-08,1040,3.0,3.150684932,4.074184358,1.755572276,,4333.242165,112.33333333333333,1.9963916666666668
1986-03-09,1041,2.0,3.150684932,3.594821229,1.024029283,,4576.360601,64.16666666666667,2.526679166666667
1986-03-10,1042,0.25,3.150684932,2.978044693,1.138565941,,4933.878944,83.83333333333333,2.1888875
1986-03-11,1043,0.0,0.0,2.485432961,0.961336754,6.3,5307.349221,66.41666666666667,2.5598916666666667
1986-03-12,1044,0.0,0.0,2.240296089,0.310392386,,5527.052058,29.708333333333332,-0.19270833333333334
1986-03-13,1045,0.0,0.0,2.046318436,0.261607547,,5720.251098,26.666666666666668,-0.2838625
1986-03-14,1046,1.0,6.206483436,1.968159218,0.361503181,,5810.980376,17.041666666666668,4.485308333333333
1986-03-15,1047,0.0,0.0,1.8855,0.803228852,,5894.990209,34.333333333333336,5.5593125
1986-03-16,1048,2.25,18.47501258,1.731946927,0.498009661,,6087.352762,41.125,3.4113666666666664
1986-03-17,1049,0.0,0.0,1.625379888,1.584152343,,6225.33214,120.54166666666667,2.2798583333333333
1986-03-18,1050,8.0,4.274012179,1.74753352,0.239081002,6.2,6076.117822,17.75,2.4198291666666667
1986-03-19,1051,0.75,11.09589041,1.68453352,2.080524951,,6140.597265,171.91666666666666,1.0322708333333332
1986-03-20,1052,9.300126665,11.09589041,2.240145251,0.968299294,,5508.877226,81.0,1.195675
1986-03-21,1053,1.5,11.09589041,1.834592179,1.17864933,,5958.314565,79.58333333333333,1.9078375
1986-03-22,1054,18.23273952,11.09589041,3.759938547,0.483458305,,4513.179137,40.958333333333336,5.177266666666667
1986-03-23,1055,15.2854156,11.09589041,8.691636872,0.760277797,,2874.976679,56.083333333333336,0.7058208333333332
1986-03-24,1056,16.40943497,11.09589041,9.543544693,0.239057123,,2822.983045,66.875,-1.3365166666666666
1986-03-25,1057,6.288553175,11.09589041,6.993427374,0.448369013,7.7,3391.947627,69.83333333333333,-0.8342083333333333
1986-03-26,1058,11.5,7.671232877,13.86392179,0.897397702,,2099.986196,94.375,1.1810291666666666
1986-03-27,1059,25.5,7.671232877,18.87817877,0.975346513,,1724.852014,77.25,2.5976291666666667
1986-03-28,1060,16.5,7.671232877,11.05964246,0.774374882,,2663.462902,58.166666666666664,1.0732708333333332
1986-03-29,1061,14.5,7.671232877,12.9327486,0.621997293,,2414.641179,57.541666666666664,0.056495833333333335
1986-03-30,1062,8.5,7.671232877,9.526122905,0.568579174,,2882.282743,108.875,-0.8920916666666666
1986-03-31,1063,14.5,7.671232877,8.766050279,0.773377652,,3000.809871,86.625,-0.3448166666666667
1986-04-01,1064,5.75,7.671232877,6.78222905,0.845187608,7.3,3436.149648,91.70833333333333,-0.23190416666666666
1986-04-02,1065,4.5,8.630136986,5.699036313,0.789526302,,3729.796253,98.75,-0.9916125
1986-04-03,1066,4.25,8.630136986,4.79398324,0.65235564,,4041.181982,119.5,-1.14785
1986-04-04,1067,5.25,8.630136986,4.424027933,0.728823843,,4193.061085,127.79166666666667,-0.4828666666666666
1986-04-05,1068,1.5,8.630136986,3.847575419,1.360641478,,4443.316713,144.04166666666666,-0.9686666666666666
1986-04-06,1069,0.75,8.630136986,3.297041899,1.054897858,,4740.942466,103.54166666666667,-2.1489125000000002
1986-04-07,1070,2.734915315,8.630136986,2.954413408,0.506514345,,4960.17686,75.33333333333333,-2.7572375
1986-04-08,1071,1.25,8.630136986,2.644416201,0.163552369,6.5,5185.978484,26.333333333333332,-1.3961541666666666
1986-04-09,1072,2.25,7.260273973,2.495765363,1.592704451,,5306.574258,136.33333333333334,-0.20329583333333334
1986-04-10,1073,0.25,7.260273973,2.295226257,1.825379994,,5473.599748,163.04166666666666,-1.4932833333333333
1986-04-11,1074,0.0,0.0,2.07525419,1.638479176,,5691.167718,158.91666666666666,-1.6589875
1986-04-12,1075,4.0,7.260273973,2.069572626,1.027468499,,5704.537122,91.375,1.0196958333333332
1986-04-13,1076,6.75,7.260273973,2.201932961,1.111084989,,5576.840495,105.95833333333333,0.554975
1986-04-14,1077,6.0,7.260273973,2.387363128,0.784524196,,5413.069148,63.25,0.8298708333333332
1986-04-15,1078,6.75,7.260273973,2.939078212,1.420624563,6.6,4985.094633,107.04166666666667,0.7416999999999999
1986-04-16,1079,12.0,1.369863014,3.98772905,0.391334514,,4393.014568,32.291666666666664,-0.10632916666666668
1986-04-17,1080,9.75,1.369863014,5.334963687,0.356559705,,3844.077056,43.333333333333336,-0.5731375
1986-04-18,1081,0.0,0.0,4.07697486,1.926030595,,4327.330373,162.16666666666666,0.05964583333333334
1986-04-19,1082,24.25,1.369863014,5.305776536,1.319872273,,3975.847637,103.95833333333333,1.7738625
1986-04-20,1083,22.5,1.369863014,21.10306425,1.739143902,,1578.512775,150.33333333333334,2.920991666666666
1986-04-21,1084,13.87601839,1.369863014,9.109081006,0.361224471,,2973.154643,40.625,0.05644583333333333
1986-04-22,1085,14.0,1.369863014,11.14217598,1.186724586,6.6,2640.792659,121.08333333333333,0.9644083333333334
1986-04-23,1086,1.25,0.684931507,7.479175978,1.534629926,,3252.263193,114.45833333333333,2.6302125000000003
1986-04-24,1087,11.0,0.684931507,6.918662011,1.131211612,,3400.817819,80.91666666666667,2.7855833333333333
1986-04-25,1088,6.0,0.684931507,6.148558659,1.855634796,,3605.442061,131.41666666666666,3.6232791666666664
1986-04-26,1089,0.0,0.0,5.13897486,3.750073957,,3907.083209,277.25,4.8385375
1986-04-27,1090,0.0,0.0,4.089871508,1.524559273,,4320.881819,109.58333333333333,2.890620833333333
1986-04-28,1091,10.0,0.684931507,4.119460894,0.737101434,,4320.236378,66.04166666666667,2.6276083333333333
1986-04-29,1092,0.0,0.0,3.386162011,2.802589651,6.3,4677.151804,221.58333333333334,2.873270833333333
1986-04-30,1093,0.0,0.0,2.884650838,1.253412353,,5007.086236,103.75,4.348958333333333
1986-05-01,1094,0.0,0.0,2.606153631,5.440460705,,5214.161368,291.0833333333333,8.4487875
1986-05-02,1095,0.0,0.0,2.42472067,2.559951618,,5362.560694,170.95833333333334,8.285895833333333
1986-05-03,1096,1.82272125,6.849315068,2.228153631,0.045576387,,5539.452907,58.291666666666664,5.310745833333333
1986-05-04,1097,6.870097045,6.849315068,2.191248603,1.221986772,,5582.64686,73.5,3.6414458333333335
1986-05-05,1098,4.05536216,6.849315068,2.141698324,2.00794344,,5623.826974,112.16666666666667,4.257704166666667
1986-05-06,1099,0.496006815,6.849315068,1.921223464,3.494604561,6.1,5855.165018,180.33333333333334,5.187875
1986-05-07,1100,2.843794245,3.287671233,1.820438547,2.199033927,,5978.068579,157.54166666666666,4.876575
1986-05-08,1101,2.641340105,3.287671233,1.756583799,2.033699374,,6052.996728,146.0,5.293245833333333
1986-05-09,1102,14.87293968,3.287671233,1.992645251,0.757320004,,5806.147731,44.208333333333336,6.620279166666666
1986-05-10,1103,13.70270737,3.287671233,4.100480447,1.376795062,,4249.714933,93.04166666666667,7.495633333333333
1986-05-11,1104,8.781346365,3.287671233,3.006201117,1.632354983,,4947.809889,128.16666666666666,5.969879166666666
1986-05-12,1105,10.88242642,3.287671233,6.461748603,1.601082335,,3434.91755,101.91666666666667,6.3646875
1986-05-13,1106,4.29793142,3.287671233,3.934835196,2.566886747,6.1,4395.007562,189.25,4.4940541666666665
1986-05-14,1107,17.81979167,3.561643836,5.714497207,1.407467492,,3679.336029,116.625,2.6934625000000003
1986-05-15,1108,1.977982895,3.561643836,6.121659218,2.141445272,,3582.686512,174.41666666666666,3.1608958333333335
1986-05-16,1109,0.32865642,3.561643836,4.346723464,4.07666944,,4204.801323,253.79166666666666,7.020875
1986-05-17,1110,7.03262352,3.561643836,3.821731844,0.869666682,,4469.91001,26.791666666666668,6.880791666666667
1986-05-18,1111,3.8952766,3.561643836,3.735351955,2.919946434,,4494.709317,218.45833333333334,7.428045833333333
1986-05-19,1112,0.0,0.0,2.983399441,4.117484067,,4936.474396,251.54166666666666,9.644954166666666
1986-05-20,1113,2.75,3.561643836,2.741958101,2.758389568,6.1,5114.322806,146.5,9.193320833333333
1986-05-21,1114,15.0,3.97260274,4.229522346,2.608683384,,4198.41472,197.79166666666666,5.401045833333334
1986-05-22,1115,1.5,3.97260274,3.005748603,2.354212646,,4919.406444,176.33333333333334,5.5903375
1986-05-23,1116,1.75,3.97260274,2.689114525,2.964721309,,5151.351848,212.16666666666666,6.391679166666666
1986-05-24,1117,9.25,3.97260274,2.556905028,2.717470537,,5276.394753,176.54166666666666,6.140891666666666
1986-05-25,1118,15.5,3.97260274,4.882374302,0.591185543,,3991.100688,42.791666666666664,7.6959875
1986-05-26,1119,10.0,3.97260274,6.103432961,3.543521418,6.4,3589.553872,258.0,6.873716666666667
1986-05-27,1120,5.25,5.890410959,4.740335196,2.483201607,,4055.252969,203.91666666666666,5.249183333333334
1986-05-28,1121,0.5,5.890410959,3.752371508,2.290773392,,4490.080912,159.70833333333334,4.463120833333334
1986-05-29,1122,1.0,5.890410959,3.232583799,3.260585156,,4779.811004,240.625,5.5978208333333335
1986-05-30,1123,7.5,5.890410959,2.947550279,2.911854519,,4992.909177,191.70833333333334,5.875545833333334
1986-05-31,1124,3.25,5.890410959,3.09373743,1.816393515,,4846.87893,126.41666666666667,7.926825
1986-06-01,1125,0.5,5.890410959,2.670963687,2.023619035,,5165.030151,120.5,9.702741666666666
1986-06-02,1126,0.5,5.890410959,2.394829609,2.473315334,6.2,5382.473448,194.20833333333334,9.735420833333334
1986-06-03,1127,9.75,2.739726027,2.794575419,1.33003799,,5070.912603,80.75,7.668241666666667
1986-06-04,1128,1.5,2.739726027,2.392944134,2.087810896,,5386.824629,147.375,4.680083333333333
1986-06-05,1129,0.5,2.739726027,2.171765363,4.137673825,,5593.215451,280.3333333333333,5.421016666666667
1986-06-06,1130,0.0,0.0,2.054689944,3.755513883,,5715.086479,231.95833333333334,6.1820125
1986-06-07,1131,0.5,2.739726027,1.908854749,1.788452965,,5870.091689,130.33333333333334,6.124475
1986-06-08,1132,0.0,0.0,1.778304469,3.250427343,,6025.296788,215.83333333333334,7.438979166666667
1986-06-09,1133,10.0,2.739726027,2.159748603,0.906183999,,5606.72871,56.25,9.383720833333333
1986-06-10,1134,31.75,2.739726027,7.290905028,1.349956952,5.5,3277.977761,102.58333333333333,5.658116666666667
1986-06-11,1135,1.0,6.712328767,5.231664804,4.322495996,,3817.995496,271.7916666666667,7.4006291666666675
1986-06-12,1136,0.0,0.0,3.428145251,4.708677446,,4653.865791,247.54166666666666,9.546725
1986-06-13,1137,0.5,6.712328767,2.945212291,3.624414542,,4966.594477,189.79166666666666,10.751391666666665
1986-06-14,1138,0.25,6.712328767,2.656784916,6.124034689,,5174.066005,293.6666666666667,14.946766666666667
1986-06-15,1139,0.0,0.0,2.401290503,6.726333179,,5380.622994,341.2083333333333,15.0688625
1986-06-16,1140,0.0,0.0,2.253896648,4.756187045,,5517.143373,235.33333333333334,15.913445833333334
1986-06-17,1141,0.0,0.0,2.137977654,1.572952147,6.0,5628.17588,127.20833333333333,9.845941666666667
1986-06-18,1142,0.0,0.0,1.955941341,4.75953006,,5816.05332,310.2083333333333,9.308858333333333
1986-06-19,1143,0.0,0.0,1.790572626,4.684900537,,6006.987103,253.45833333333334,11.369791666666666
1986-06-20,1144,0.0,0.0,1.685740223,1.497088577,,6145.579983,87.20833333333333,8.3263375
1986-06-21,1145,0.0,0.0,1.566527933,4.165474614,,6309.907145,224.54166666666666,9.287175
1986-06-22,1146,0.0,0.0,1.508530726,1.151490161,,6397.384706,71.91666666666667,8.15915
1986-06-23,1147,0.5,4.36670821,1.437712291,1.057044895,,6507.358074,65.58333333333333,9.136025
1986-06-24,1148,2.75,1.90278361,1.401611732,1.904470305,6.0,6565.189745,105.0,9.813550000000001
1986-06-25,1149,0.25,1.410121795,1.275863128,3.735085951,,6780.005005,219.83333333333334,13.450195833333334
1986-06-26,1150,0.0,0.0,1.152351955,6.199237198,,7018.519855,312.0833333333333,16.913225
1986-06-27,1151,0.0,0.0,1.039927374,5.038743888,,7271.218543,229.79166666666666,17.8280125
1986-06-28,1152,0.0,0.0,0.963402235,5.571297716,,7460.5592,257.9166666666667,19.079333333333334
1986-06-29,1153,0.0,0.0,0.885896648,2.679714546,,7672.594285,141.875,15.614495833333335
1986-06-30,1154,0.0,0.0,0.868399441,2.639058252,,7730.925026,158.20833333333334,12.516008333333334
1986-07-01,1155,0.0,0.0,0.82724581,6.185605444,5.9,7849.393405,313.75,13.168816666666666
1986-07-02,1156,0.0,0.0,0.816611732,2.975605607,,7889.685525,156.54166666666666,11.911820833333332
1986-07-03,1157,0.0,0.0,0.78898324,4.438356919,,7972.670963,247.75,11.485720833333334
1986-07-04,1158,23.25,1.095890411,1.674100559,1.565066445,,6034.509911,99.58333333333333,11.288704166666667
1986-07-05,1159,0.75,1.095890411,0.996511173,1.450268934,,7361.192301,89.91666666666667,9.207704166666668
1986-07-06,1160,4.25,1.095890411,0.889818436,3.269964851,,7672.356456,196.125,9.465279166666667
1986-07-07,1161,2.25,1.095890411,0.878379888,4.31222232,,7682.034006,248.83333333333334,9.3802125
1986-07-08,1162,6.0,1.095890411,0.932656425,2.819095371,5.7,7550.853168,160.66666666666666,9.387745833333334
1986-07-09,1163,11.5,1.232876712,0.924435754,3.342574277,,7691.293068,215.70833333333334,8.1323875
1986-07-10,1164,12.75,1.232876712,2.166435754,1.955673017,,5576.864647,91.16666666666667,10.5546875
1986-07-11,1165,2.25,1.232876712,1.800653631,1.011095578,,5960.94893,57.291666666666664,10.545141666666668
1986-07-12,1166,1.25,1.232876712,1.344092179,1.800690406,,6651.040123,94.83333333333333,11.611654166666666
1986-07-13,1167,0.5,1.232876712,1.189030726,2.777922179,,6948.046525,160.33333333333334,12.7493125
1986-07-14,1168,1.0,1.232876712,1.197452514,2.669642487,,6940.835384,134.54166666666666,15.445841666666666
1986-07-15,1169,0.0,0.0,1.099860335,5.427654523,6.0,7134.53383,279.6666666666667,16.894962500000002
1986-07-16,1170,1.0,1.521313622,1.037011173,3.777927347,,7280.923216,202.125,14.755212499999999
1986-07-17,1171,0.0,0.0,0.98253352,2.225438339,,7417.340323,147.16666666666666,9.078995833333334
1986-07-18,1172,0.0,0.0,0.943340782,1.690422527,,7518.579017,114.25,8.885408333333332
1986-07-19,1173,0.5,1.369881003,0.914782123,3.374890739,,7596.638867,191.91666666666666,9.835066666666666
1986-07-20,1174,4.5,3.075306347,0.984167598,2.213214469,,7414.936699,179.25,10.685758333333332
1986-07-21,1175,0.0,0.0,0.894418994,3.137696454,,7649.568137,194.29166666666666,10.291670833333333
1986-07-22,1176,0.75,2.214920795,0.842430168,2.821055155,6.2,7805.722424,185.91666666666666,8.427079166666667
1986-07-23,1177,1.25,1.232876712,0.821891061,2.065034981,,7868.089067,130.375,7.352433333333334
1986-07-24,1178,9.25,1.232876712,0.822997207,3.548460346,,7902.591725,219.20833333333334,9.924475
1986-07-25,1179,9.75,1.232876712,1.426625698,2.005628828,,6473.221216,125.66666666666667,11.162320833333332
1986-07-26,1180,3.75,1.232876712,1.040832402,3.321250604,,7266.664089,205.75,10.995654166666666
1986-07-27,1181,0.25,1.232876712,0.885067039,4.064092086,,7671.345679,222.95833333333334,11.989587499999999
1986-07-28,1182,28.79374364,1.232876712,3.694625698,0.773628783,,4241.696013,33.541666666666664,12.133033333333332
1986-07-29,1183,12.80764918,1.232876712,7.113519553,1.053555235,5.4,3308.81993,72.58333333333333,9.7625625
1986-07-30,1184,20.5,3.424657534,9.046106145,0.533849883,,2905.477065,28.833333333333332,9.577820833333332
1986-07-31,1185,21.5,3.424657534,12.21903352,1.190783235,,2454.831523,75.58333333333333,8.756891666666666
1986-08-01,1186,9.0,3.424657534,8.047005587,1.793553204,,3146.775751,98.58333333333333,9.447554166666666
1986-08-02,1187,4.5,3.424657534,6.869463687,3.210682604,,3393.196523,217.79166666666666,9.562375000000001
1986-08-03,1188,0.0,0.0,4.81203352,1.418044568,,4020.329417,99.95833333333333,8.4544875
1986-08-04,1189,12.33004278,3.424657534,4.391371508,2.556056945,,4271.255024,150.66666666666666,8.905891666666667
1986-08-05,1190,10.26456325,3.424657534,7.039759777,2.641009051,6.0,3315.393502,152.83333333333334,9.4925
1986-08-06,1191,12.77214373,5.068493151,5.899977654,1.581604651,,3686.84159,79.04166666666667,9.915325000000001
1986-08-07,1192,17.03678261,5.068493151,11.60796369,0.556351141,,2559.756001,30.375,9.121045833333334
1986-08-08,1193,2.83070762,5.068493151,7.463212291,1.924508266,,3262.306462,115.41666666666667,8.511966666666666
1986-08-09,1194,0.0,0.0,5.378103352,3.411019307,,3819.46429,181.66666666666666,10.914770833333334
1986-08-10,1195,2.25,5.068493151,4.153952514,2.375962714,,4294.083332,138.95833333333334,11.740904166666667
1986-08-11,1196,2.0,5.068493151,3.48448324,0.579415199,,4631.051773,33.625,10.306849999999999
1986-08-12,1197,4.25,5.068493151,3.040944134,1.629088887,6.4,4930.154867,82.5,10.76285
1986-08-13,1198,8.75,4.520547945,3.984888268,0.988812118,,4362.82833,52.416666666666664,11.227379166666667
1986-08-14,1199,2.25,4.520547945,3.209153631,2.937387003,,4785.925955,183.5,10.118279166666666
1986-08-15,1200,1.25,4.520547945,2.683307263,2.129667939,,5151.408233,128.66666666666666,8.6808375
1986-08-16,1201,0.25,4.520547945,2.417103352,1.849762394,,5368.810393,124.66666666666667,8.7837125
1986-08-17,1202,0.25,4.520547945,2.217821229,4.111299392,,5549.173663,241.20833333333334,10.597854166666666
1986-08-18,1203,1.75,4.520547945,2.111731844,0.981663726,,5656.681535,73.16666666666667,7.639175000000001
1986-08-19,1204,0.25,4.520547945,1.957173184,2.149838068,6.1,5815.183848,143.375,7.536308333333333
1986-08-20,1205,0.0,0.0,1.780893855,4.467518005,,6019.991789,264.7916666666667,9.4336375
1986-08-21,1206,2.25,0.547945205,1.720558659,0.815840648,,6103.829713,56.708333333333336,8.325554166666667
1986-08-22,1207,16.75,0.547945205,2.809759777,0.813938849,,4998.809913,44.333333333333336,9.061191666666668
1986-08-23,1208,0.25,0.547945205,2.134608939,1.249751055,,5616.829108,87.20833333333333,7.263995833333333
1986-08-24,1209,0.0,0.0,1.85696648,2.651259351,,5926.223413,150.54166666666666,8.692933333333334
1986-08-25,1210,45.10585984,0.547945205,13.85972346,0.233430638,,1586.427021,15.125,7.509933333333334
1986-08-26,1211,17.75,0.547945205,22.38913408,0.367847548,5.2,1458.535066,19.666666666666668,8.0146
1986-08-27,1212,5.0,7.397260274,8.720748603,2.536215589,,2992.708663,177.45833333333334,6.9307541666666665
1986-08-28,1213,0.5,7.397260274,5.5485,2.38288569,,3757.938178,153.0,6.519720833333333
1986-08-29,1214,2.75,7.397260274,4.112371508,1.788065401,,4309.491742,126.58333333333333,6.168804166666667
1986-08-30,1215,0.0,0.0,3.243645251,1.18867713,,4766.578194,93.29166666666667,6.4090750000000005
1986-08-31,1216,0.0,0.0,2.7225,3.65987673,,5119.266655,243.83333333333334,7.2535625
1986-09-01,1217,10.75,7.397260274,3.215614525,1.401425207,,4788.673335,74.91666666666667,9.621525
1986-09-02,1218,20.0,7.397260274,3.961332402,1.92432246,6.0,4626.958855,101.125,10.030379166666666
1986-09-03,1219,10.0,5.205479452,9.477301676,2.863073349,,2731.119601,181.20833333333334,7.2468625
1986-09-04,1220,0.25,5.205479452,4.839184358,3.258554742,,4001.827915,200.08333333333334,7.869920833333333
1986-09-05,1221,0.0,0.0,3.668807263,1.625332213,,4526.520794,101.875,7.337545833333333
1986-09-06,1222,0.75,5.205479452,3.110304469,1.018423367,,4855.602373,62.041666666666664,7.6502791666666665
1986-09-07,1223,0.0,0.0,2.695072626,3.490962523,,5140.970339,215.0,8.564725000000001
1986-09-08,1224,0.0,0.0,2.402949721,1.718024324,,5378.406206,95.08333333333333,9.5216125
1986-09-09,1225,0.0,0.0,2.171337989,2.832673532,6.3,5592.466415,164.375,6.636
1986-09-10,1226,0.0,0.0,1.993173184,3.186070894,,5776.098808,182.79166666666666,7.310804166666667
1986-09-11,1227,0.0,0.0,1.851410615,1.477203888,,5936.681335,100.16666666666667,6.020866666666667
1986-09-12,1228,0.0,0.0,1.693810056,1.360170639,,6132.366269,93.5,5.639495833333334
1986-09-13,1229,0.5,2.824793793,1.582692737,1.202276598,,6285.702439,79.95833333333333,5.049704166666666
1986-09-14,1230,0.25,5.105550785,1.462198324,1.528941366,,6465.468259,114.58333333333333,5.511325
1986-09-15,1231,0.0,0.0,1.367522346,0.360388886,,6619.84116,99.33333333333333,4.964629166666667
1986-09-16,1232,0.0,0.0,1.281167598,2.081200658,6.2,6772.979575,149.54166666666666,5.053241666666667
1986-09-17,1233,0.25,6.404899893,1.221209497,1.363428499,,6888.554569,102.54166666666667,4.82315
1986-09-18,1234,0.0,0.0,1.133874302,2.720164219,,7062.575749,188.58333333333334,5.4657875
1986-09-19,1235,0.25,1.97967646,1.068259777,3.144166269,,7209.026649,195.5,6.420529166666667
1986-09-20,1236,0.0,0.0,0.994173184,3.551235318,,7383.161401,191.95833333333334,10.525795833333333
1986-09-21,1237,0.75,4.35982951,0.935547486,1.762468195,,7539.828866,130.08333333333334,7.504129166666666
1986-09-22,1238,0.0,0.0,0.891452514,2.736229252,,7658.609972,169.375,9.115920833333334
1986-09-23,1239,0.0,0.0,0.854748603,1.385376176,6.0,7768.559729,81.79166666666667,9.073779166666666
1986-09-24,1240,0.0,0.0,0.82427933,0.452996228,,7862.604293,31.625,7.690970833333334
1986-09-25,1241,0.0,0.0,0.800899441,1.5610901,,7936.209822,109.25,5.781170833333333
1986-09-26,1242,0.0,0.0,0.771435754,1.018491048,,8031.353265,65.91666666666667,7.352704166666666
1986-09-27,1243,0.5,1.419477082,0.750695531,1.463592684,,8107.552973,82.66666666666667,9.148975
1986-09-28,1244,0.75,3.234498922,0.74627095,1.024416753,,8124.252558,91.875,10.676145833333335
1986-09-29,1245,0.5,4.463672245,0.727743017,2.696176382,,8183.375644,137.75,12.039091666666666
1986-09-30,1246,0.0,0.0,0.688324022,3.502391946,6.2,8334.458645,163.16666666666666,14.945766666666666
1986-10-01,1247,0.0,0.0,0.668941341,0.964756877,,8408.109089,77.375,9.207195833333333
1986-10-02,1248,1.0,3.424657534,0.653128492,2.628704653,,8475.787836,153.08333333333334,8.926345833333334
1986-10-03,1249,0.0,0.0,0.632790503,2.532998128,,8558.727032,138.83333333333334,9.4285875
1986-10-04,1250,5.5,3.424657534,0.66373743,2.215197186,,8445.677784,128.5,10.119275
1986-10-05,1251,1.25,3.424657534,0.66602514,1.067353607,,8409.854657,73.5,11.054616666666666
1986-10-06,1252,0.0,0.0,0.631206704,0.85819821,,8565.654177,58.666666666666664,10.687937499999999
1986-10-07,1253,1.5,3.424657534,0.615645251,0.471536727,6.2,8640.317285,43.916666666666664,10.722220833333333
1986-10-08,1254,0.5,1.917808219,0.613256983,0.782963686,,8642.698372,51.708333333333336,10.661458333333334
1986-10-09,1255,12.5,1.917808219,0.729,0.26159262,,8216.54966,21.041666666666668,9.913191666666666
1986-10-10,1256,5.25,1.917808219,1.097572626,0.533282789,,7103.431525,48.75,7.9366375
1986-10-11,1257,0.0,0.0,0.771335196,1.771779791,,8014.658646,119.625,6.280383333333333
1986-10-12,1258,0.0,0.0,0.690536313,1.386319961,,8319.459993,102.91666666666667,6.67795
1986-10-13,1259,0.25,1.917808219,0.653505587,0.391749195,,8472.740634,26.083333333333332,9.621529166666667
1986-10-14,1260,1.25,1.917808219,0.646340782,0.457071346,6.2,8505.615956,38.958333333333336,9.359370833333333
1986-10-15,1261,0.25,6.98630137,0.607701117,1.067246585,,8664.920665,96.58333333333333,5.877604166666667
1986-10-16,1262,0.0,0.0,0.564787709,1.826283363,,8865.93354,123.0,5.8203125
1986-10-17,1263,0.0,0.0,0.54372067,1.905107495,,8975.875262,124.0,5.868054166666667
1986-10-18,1264,15.75,6.98630137,0.922550279,0.291849871,,7436.147117,19.958333333333332,5.809895833333333
1986-10-19,1265,11.5,6.98630137,1.105868715,0.606042092,,7032.621444,23.666666666666668,2.9618125
1986-10-20,1266,53.27919867,6.98630137,8.404240223,1.126531621,,2906.086271,36.375,2.6904833333333333
1986-10-21,1267,35.93395339,6.98630137,10.37456145,0.288992878,6.7,2699.07947,16.458333333333332,7.590754166666667
1986-10-22,1268,15.55146006,16.71232877,9.826189944,0.687651129,,2788.018656,37.166666666666664,5.619808333333334
1986-10-23,1269,6.90500477,16.71232877,6.545162011,0.824448451,,3476.416352,66.875,4.832295833333333
1986-10-24,1270,10.42473199,16.71232877,5.415486034,0.384337005,,3836.136856,17.791666666666668,6.970087500000001
1986-10-25,1271,48.58800733,16.71232877,23.16871508,0.450468968,,1416.932067,10.458333333333334,6.160095833333333
1986-10-26,1272,2.23282,16.71232877,9.894092179,0.702529881,,2774.156421,49.333333333333336,7.5250625
1986-10-27,1273,32.74588563,16.71232877,15.47592737,0.128537074,10.8,2109.931986,13.333333333333334,11.895216666666668
1986-10-28,1274,21.92116502,16.71232877,20.13204469,0.204639235,9.5,1799.195725,16.875,10.4023875
1986-10-29,1275,2.659396935,4.794520548,10.90176536,0.712913818,,2635.896017,46.083333333333336,6.315691666666667
1986-10-30,1276,17.75,4.794520548,11.29939944,0.799579916,,2592.039286,60.333333333333336,6.315108333333334
1986-10-31,1277,15.75,4.794520548,8.945346369,0.568024748,,3009.135227,33.333333333333336,6.598949999999999
1986-11-01,1278,11.25,4.794520548,13.67263408,0.030504616,,2272.755632,20.0,4.096358333333334
1986-11-02,1279,0.25,4.794520548,7.709053073,0.734287434,,3203.837851,80.5,1.7925333333333333
1986-11-03,1280,12.96234809,4.794520548,7.370497207,0.484006378,,3293.959781,48.125,4.583408333333334
1986-11-04,1281,0.25,4.794520548,5.603505587,0.638061528,7.5,3755.53357,49.083333333333336,4.420775
1986-11-05,1282,32.0,4.520547945,14.41103631,0.353873593,6.6,1969.31115,16.958333333333332,5.7197458333333335
1986-11-06,1283,0.0,0.0,9.076298883,0.85846988,,2923.82332,79.0,3.2009291666666666
1986-11-07,1284,19.5,4.520547945,8.794081006,0.261151617,,3028.462845,9.875,7.906441666666666
1986-11-08,1285,18.25,4.520547945,13.34996648,0.676233135,,2345.035359,47.25,2.5172291666666666
1986-11-09,1286,21.25,4.520547945,12.77105028,0.446588587,,2440.211479,8.208333333333334,6.259779166666667
1986-11-10,1287,2.25,4.520547945,12.86456983,0.689289715,,2290.666618,34.041666666666664,6.43655
1986-11-11,1288,7.0,4.520547945,9.155488827,0.181074152,7.2,2945.029388,19.083333333333332,4.7901375
1986-11-12,1289,1.75,4.109589041,6.779689944,0.489451024,,3429.052594,33.958333333333336,4.675529166666666
1986-11-13,1290,18.5,4.109589041,11.3082486,0.15926156,,2539.111308,10.666666666666666,6.331062500000001
1986-11-14,1291,9.75,4.109589041,9.514759777,0.066945982,,2890.665212,7.416666666666667,4.8297083333333335
1986-11-15,1292,0.25,4.109589041,7.592405028,0.565897448,,3235.074052,33.708333333333336,4.6438
1986-11-16,1293,14.5,4.109589041,9.368170391,0.353798729,,2882.099543,19.416666666666668,5.165016666666666
1986-11-17,1294,14.75,4.109589041,9.165444134,0.277749551,,2944.06446,24.333333333333332,1.3790208333333334
1986-11-18,1295,94.5,4.109589041,50.36304469,0.450172279,7.2,474.0476632,23.833333333333332,4.471316666666667
1986-11-19,1296,2.25,16.43835616,28.66851955,0.291507639,6.9,922.0206941,26.458333333333332,3.5673
1986-11-20,1297,17.5,16.43835616,12.53363128,0.476794214,,2453.355236,39.083333333333336,1.9343958333333333
1986-11-21,1298,5.0,16.43835616,11.30618715,0.501618004,,2543.324705,47.416666666666664,1.2362208333333333
1986-11-22,1299,23.5,16.43835616,12.72997207,0.540604405,,2455.383325,15.583333333333334,2.0497541666666668
1986-11-23,1300,67.75,16.43835616,47.02547765,0.428828084,,581.4403798,9.25,1.875
1986-11-24,1301,38.5,16.43835616,30.54235475,0.275293425,,1170.131541,12.208333333333334,7.725679166666667
1986-11-25,1302,52.75,16.43835616,39.33032682,0.197338493,8.5,877.4214359,5.958333333333333,7.110379166666667
1986-11-26,1303,6.75,5.753424658,23.97946927,0.409308236,,1400.494113,24.166666666666668,2.882229166666667
1986-11-27,1304,0.5,5.753424658,9.820935754,0.303150958,,2810.17634,16.166666666666668,5.217858333333333
1986-11-28,1305,0.0,0.0,6.809480447,0.169596654,,3415.198282,20.291666666666668,4.0581875
1986-11-29,1306,0.25,5.753424658,5.151268156,0.560657755,,3899.328576,48.166666666666664,2.9285333333333337
1986-11-30,1307,0.0,0.0,4.009751397,0.350871766,,4359.550068,24.333333333333332,2.083325
1986-12-01,1308,6.5,5.753424658,3.556835196,0.01910329,,4597.859654,5.083333333333333,5.083858333333334
1986-12-02,1309,2.25,5.753424658,3.087150838,0.210720442,6.9,4871.355171,10.375,6.203120833333333
1986-12-03,1310,16.5,4.520547945,7.247715084,0.249193008,,2961.134894,1.4166666666666667,7.3298625
1986-12-04,1311,11.75,4.520547945,22.02528771,0.169410658,,1588.457995,4.958333333333333,8.61285
1986-12-05,1312,20.25,4.520547945,17.41932402,0.096807899,,1956.988927,7.166666666666667,4.567208333333333
1986-12-06,1313,2.5,4.520547945,10.09272067,0.332626875,,2761.063588,46.041666666666664,0.9650458333333334
1986-12-07,1314,5.0,4.520547945,7.184413408,0.12130212,,3334.149882,3.125,4.329625
1986-12-08,1315,27.25,4.520547945,13.26220391,0.109550984,,2371.196445,5.208333333333333,5.842883333333333
1986-12-09,1316,3.25,4.520547945,9.703734637,0.132910564,7.0,2825.292222,22.875,0.9824625
1986-12-10,1317,0.5,5.890410959,6.893396648,0.215334402,,3396.564531,30.416666666666668,1.0961958333333335
1986-12-11,1318,16.75,5.890410959,8.890340782,0.133821427,,2984.17077,16.833333333333332,3.3224666666666667
1986-12-12,1319,4.5,5.890410959,6.770513966,0.216374619,,3445.394488,13.041666666666666,2.171720833333333
1986-12-13,1320,9.75,5.890410959,9.593170391,0.0,,2873.92079,11.5,1.3575625
1986-12-14,1321,0.58730762,5.890410959,6.54677095,0.180021035,,3483.634881,40.916666666666664,-0.8063125000000001
1986-12-15,1322,23.93800343,5.890410959,12.09496927,0.306959377,,2422.49996,12.041666666666666,2.4752
1986-12-16,1323,9.75,5.890410959,8.544117318,0.224604368,7.2,3047.127594,20.958333333333332,0.3376666666666666
1986-12-17,1324,29.0,14.24657534,16.13614525,0.126920238,,1839.424602,9.541666666666666,3.84375
1986-12-18,1325,24.25,14.24657534,19.23976257,0.134150736,,1717.431118,5.291666666666667,1.5043375
1986-12-19,1326,6.75,14.24657534,10.35379609,0.206555353,,2719.278027,26.666666666666668,-0.36284999999999995
1986-12-20,1327,6.0,14.24657534,7.504416201,0.110950276,,3261.612894,19.0,-0.15104166666666666
1986-12-21,1328,3.0,14.24657534,5.991284916,0.0,,3639.643049,22.25,-0.9574625
1986-12-22,1329,0.75,14.24657534,4.625748603,0.0,,4094.439481,39.291666666666664,-2.4123375
1986-12-23,1330,0.75,14.24657534,3.77698324,0.152115334,7.1,4477.75401,18.5,-0.8255208333333334
1986-12-24,1331,10.75,2.876712329,3.618326816,0.234880059,,4611.320754,14.833333333333334,1.3750041666666668
1986-12-25,1332,36.0,2.876712329,23.97243017,0.134450069,,1385.950999,19.583333333333332,2.935770833333333
1986-12-26,1333,4.75,2.876712329,8.06098324,0.168493683,,3127.688937,11.708333333333334,0.3836791666666666
1986-12-27,1334,4.25,2.876712329,5.820159218,0.332695425,,3684.649866,8.375,0.9119458333333333
1986-12-28,1335,17.75,2.876712329,8.842625698,0.14639354,,2992.984652,3.875,4.71595
1986-12-29,1336,69.25,2.876712329,34.27494134,0.291247974,,624.0626679,8.416666666666666,5.942670833333334
1986-12-30,1337,73.75,2.876712329,76.05877374,0.351691142,4.3,56.45725398,5.916666666666667,5.612029166666667
1986-12-31,1338,6.75,8.493150685,12.88103631,0.348732043,,2347.655095,10.625,3.7223375
1987-01-01,1339,27.0,8.493150685,20.60127654,0.265015165,,1731.18973,10.333333333333334,3.2935541666666666
1987-01-02,1340,20.0,8.493150685,15.31339944,0.059921731,,2125.161918,10.916666666666666,0.6055416666666666
1987-01-03,1341,0.25,8.493150685,8.556812849,0.40580322,,3029.126737,60.583333333333336,-2.9734833333333337
1987-01-04,1342,54.25,8.493150685,31.40291061,0.172908754,,896.7171706,5.708333333333333,3.3799916666666667
1987-01-05,1343,15.0,8.493150685,13.39732961,0.27500262,,2331.416911,9.833333333333334,1.1134875
1987-01-06,1344,0.25,8.493150685,8.373142458,0.48076304,6.9,3064.791869,49.666666666666664,-0.542775
1987-01-07,1345,0.0,0.0,5.993120112,0.192904829,,3634.221783,52.083333333333336,-2.332975
1987-01-08,1346,0.0,0.0,4.591357542,0.239859748,,4107.833054,52.541666666666664,-3.6114
1987-01-09,1347,0.75,6.658495267,3.741812849,0.0,,4493.707114,8.875,-1.5820875
1987-01-10,1348,0.25,7.147188371,2.975329609,0.020146498,,4932.889194,7.166666666666667,-4.398245833333333
1987-01-11,1349,0.0,0.0,2.458231844,0.007304211,,5329.047802,13.916666666666666,-9.901720833333334
1987-01-12,1350,0.0,0.0,2.210782123,0.0,,5542.272032,14.625,-12.336070833333332
1987-01-13,1351,0.0,0.0,1.952421788,0.0,6.6,5781.856275,11.625,-10.703633333333334
1987-01-14,1352,0.0,0.0,1.783332402,0.01368243,,6039.88937,6.166666666666667,-7.894104166666668
1987-01-15,1353,0.0,0.0,1.670103352,0.01823569,,6161.158127,5.75,-5.091708333333333
1987-01-16,1354,0.0,0.0,1.51652514,0.005063284,,6380.218311,8.458333333333334,-4.793408333333333
1987-01-17,1355,0.0,0.0,1.392888268,0.0,,6577.251205,21.958333333333332,-5.709924999999999
1987-01-18,1356,0.0,0.0,1.318952514,0.013391295,,6706.748148,11.0,-3.095025
1987-01-19,1357,6.5,9.04109589,1.426550279,0.100132947,,6564.055236,18.0,-0.510875
1987-01-20,1358,16.5,9.04109589,3.184918994,0.323047395,7.5,4816.695244,21.833333333333332,3.6303291666666664
1987-01-21,1359,0.75,11.79886081,2.525731844,0.350878959,,5275.243424,21.75,3.061291666666667
1987-01-22,1360,0.0,0.0,2.311868715,0.16660049,,5461.707146,12.25,3.02685
1987-01-23,1361,0.0,0.0,2.061653631,0.199219853,,5700.125568,20.875,2.6385916666666667
1987-01-24,1362,0.25,21.26489088,1.919865922,0.129638882,,5861.082806,9.583333333333334,1.6064
1987-01-25,1363,0.0,0.0,1.783432961,0.085366957,,6019.164735,10.125,0.7335375000000001
1987-01-26,1364,5.25850271,21.31167868,1.64853352,0.15382374,,6192.692213,13.541666666666666,-0.2169916666666667
1987-01-27,1365,0.0,0.0,1.520748603,0.0,6.8,6375.702085,9.375,-2.054683333333333
1987-01-28,1366,0.0,0.0,1.40998324,0.290652884,,6548.530141,61.875,-2.657741666666667
1987-01-29,1367,0.25,2.191780822,1.315659218,0.029958312,,6710.010759,46.958333333333336,-3.9174708333333332
1987-01-30,1368,0.0,0.0,1.254670391,0.34235723,,6826.170611,87.0,-5.859445833333333
1987-01-31,1369,0.0,0.0,1.235916201,0.522892221,,6828.183834,87.375,-1.4843708333333332
1987-02-01,1370,4.5,2.191780822,1.152301676,0.058014976,,7042.839685,14.375,-0.6528541666666666
1987-02-02,1371,8.0,2.191780822,1.502120112,0.244429588,,6405.759974,11.291666666666666,3.1441041666666667
1987-02-03,1372,4.25,2.191780822,1.821041899,0.48937033,6.9,5981.498856,35.791666666666664,3.8385416666666665
1987-02-04,1373,0.5,1.780821918,1.539251397,0.245135728,,6348.574233,17.416666666666668,2.894966666666667
1987-02-05,1374,14.75,1.780821918,3.191832402,0.21077466,,4723.79726,12.666666666666666,5.2908
1987-02-06,1375,20.5,1.780821918,11.07399721,0.536173669,,2485.263494,40.0,4.4210125
1987-02-07,1376,6.902591525,1.780821918,5.207002793,0.470504418,,3880.842351,43.583333333333336,2.0912833333333336
1987-02-08,1377,24.22729281,1.780821918,13.12825978,0.175119891,,2314.307293,25.458333333333332,6.9758666666666675
1987-02-09,1378,38.43389854,1.780821918,25.95232961,0.165480312,,1376.709501,12.166666666666666,6.0352041666666665
1987-02-10,1379,16.25,1.780821918,19.10202235,0.349847567,6.1,1794.398107,34.708333333333336,-0.19784583333333336
1987-02-11,1380,3.75,1.535302593,8.58677933,0.30273031,,3016.646614,44.916666666666664,-0.2078958333333333
1987-02-12,1381,0.0,0.0,5.660572626,0.649970967,,3724.509277,83.875,-0.7377125000000001
1987-02-13,1382,1.75,5.379657189,4.143268156,0.452333283,,4296.925957,47.125,-1.6482958333333333
1987-02-14,1383,2.0,5.761526115,3.302723464,0.569212698,,4729.585285,59.416666666666664,-1.7604333333333333
1987-02-15,1384,0.25,17.49458118,2.723480447,0.59748745,,5116.971662,75.79166666666667,-3.23705
1987-02-16,1385,0.0,0.0,2.334167598,0.574769415,,5435.489341,84.66666666666667,-4.460791666666666
1987-02-17,1386,0.0,0.0,2.02200838,0.528599317,6.3,5741.894523,88.125,-4.193795833333334
1987-02-18,1387,0.0,0.0,1.853572626,0.723460285,,5931.964437,121.08333333333333,-3.557016666666667
1987-02-19,1388,0.0,0.0,1.699969274,0.38183685,,6126.209436,63.583333333333336,-3.1810333333333336
1987-02-20,1389,0.0,0.0,1.554837989,0.185030475,,6322.070839,65.5,-4.05025
1987-02-21,1390,0.25,5.130548759,1.424287709,0.640646316,,6524.664002,79.0,-2.689295833333333
1987-02-22,1391,0.0,0.0,1.319907821,0.534091497,,6705.500773,46.833333333333336,-0.3460208333333334
1987-02-23,1392,4.25,6.162557389,1.229203911,0.048579729,,6870.074396,14.583333333333334,-1.667275
1987-02-24,1393,0.0,0.0,1.15951676,0.159563523,6.4,7012.212357,40.625,-3.5896166666666667
1987-02-25,1394,0.0,0.0,1.118011173,0.42957086,,7101.844504,66.04166666666667,-3.6197541666666666
1987-02-26,1395,23.5,3.150684932,2.803374302,0.173633294,,4767.216432,7.625,3.219583333333333
1987-02-27,1396,12.75,3.150684932,5.887156425,0.308411429,,3646.196747,20.541666666666668,6.385870833333333
1987-02-28,1397,3.0,3.150684932,4.390868715,0.804300885,,4180.510126,73.08333333333333,4.973904166666666
1987-03-01,1398,39.5,3.150684932,11.86577095,0.361622654,,2696.31801,25.958333333333332,6.473504166666667
1987-03-02,1399,1.25,3.150684932,14.81178771,1.325424259,,1920.446578,120.75,1.7825875
1987-03-03,1400,0.0,0.0,6.281497207,0.283933029,6.5,3529.287636,39.416666666666664,-3.30385
1987-03-04,1401,5.150683755,5.616438356,4.36877095,0.350258016,,4197.842613,60.791666666666664,-0.16977499999999998
1987-03-05,1402,0.0,0.0,3.490064246,0.672589311,,4626.716901,55.833333333333336,2.0488041666666668
1987-03-06,1403,3.622584805,5.616438356,2.990664804,0.284690965,,4935.542338,29.541666666666668,1.918425
1987-03-07,1404,0.0,0.0,2.619854749,0.0,,5197.061354,9.208333333333334,-0.9233750000000001
1987-03-08,1405,0.0,0.0,2.256963687,0.0,,5505.785654,5.083333333333333,-1.2992833333333333
1987-03-09,1406,11.93746175,5.616438356,1.983821229,0.0,,5784.648037,22.458333333333332,-2.5729333333333333
1987-03-10,1407,2.695555875,5.616438356,1.823958101,0.0,6.4,5970.342186,38.791666666666664,-2.3776125
1987-03-11,1408,2.69555588,6.02739726,1.694865922,0.274619979,,6133.093453,59.166666666666664,-2.0234375
1987-03-12,1409,4.41718103,6.02739726,1.636893855,0.791345627,,6216.093543,139.25,-1.6437916666666668
1987-03-13,1410,1.191894335,6.02739726,1.564717877,0.140067055,,6307.888924,34.541666666666664,-1.8982166666666667
1987-03-14,1411,4.983567935,6.02739726,1.553706704,0.522039231,,6347.97152,75.375,0.8515708333333333
1987-03-15,1412,1.179675635,6.02739726,1.869662011,0.434203968,,5927.426042,57.291666666666664,1.7092
1987-03-16,1413,1.424854915,6.02739726,1.883689944,0.773795095,,5916.137509,73.66666666666667,2.7786500000000003
1987-03-17,1414,19.78879293,6.02739726,5.477530726,0.389327359,5.8,3798.009307,26.208333333333332,4.675354166666667
1987-03-18,1415,12.55145511,8.082191781,5.680960894,0.471080266,,3660.499415,87.125,0.6247083333333333
1987-03-19,1416,9.320050675,8.082191781,3.84222067,0.441549103,,4438.552566,90.20833333333333,-0.26845
1987-03-20,1417,3.482980965,8.082191781,3.193793296,0.298489619,,4803.160138,127.08333333333333,0.08647083333333334
1987-03-21,1418,8.72635027,8.082191781,2.893097765,0.39995608,,5001.89849,126.5,0.8293791666666667
1987-03-22,1419,6.01251719,8.082191781,3.219611732,0.323209923,,4819.19316,71.91666666666667,2.6089208333333334
1987-03-23,1420,17.99061725,8.082191781,15.74426816,0.750238019,6.1,1950.712798,65.04166666666667,6.248279166666666
1987-03-24,1421,2.75,8.082191781,9.749212291,0.31003114,6.1,2838.451691,20.166666666666668,6.308004166666667
1987-03-25,1422,2.60585984,15.61643836,8.705740223,1.086424804,,3003.819918,107.375,4.514641666666667
1987-03-26,1423,42.56682873,15.61643836,19.40125978,0.401116016,,1873.417891,37.375,5.72025
1987-03-27,1424,34.09627682,15.61643836,41.83994413,0.331986461,,766.0565333,20.958333333333332,5.776841666666667
1987-03-28,1425,11.97368013,15.61643836,12.03365363,0.587325862,,2490.212429,56.708333333333336,2.1777666666666664
1987-03-29,1426,5.1164516,15.61643836,7.892371508,1.349958175,,3173.414494,143.95833333333334,1.2751708333333334
1987-03-30,1427,1.28690721,15.61643836,6.192075419,1.049179052,,3575.127704,92.66666666666667,4.955733333333334
1987-03-31,1428,11.63061475,15.61643836,5.343988827,0.728825231,6.3,3861.454305,72.0,6.148433333333333
1987-04-01,1429,7.693090515,1.369863014,6.571206704,0.581193428,,3499.649639,70.75,4.0685875000000005
1987-04-02,1430,7.940147525,1.369863014,5.533164804,0.663886944,,3796.196157,65.58333333333333,0.9626708333333333
1987-04-03,1431,0.42834141,1.369863014,5.076829609,0.97463283,,3921.640415,65.91666666666667,4.113716666666667
1987-04-04,1432,44.85958442,1.369863014,15.21520391,0.145931264,,1994.579144,10.583333333333334,4.492195833333333
1987-04-05,1433,1.71524862,1.369863014,12.5084162,1.837530603,,2374.614264,115.04166666666667,5.007808333333333
1987-04-06,1434,1.03460649,1.369863014,7.086142458,0.768541577,,3338.623375,78.83333333333333,6.332791666666666
1987-04-07,1435,7.5,1.369863014,5.685134078,0.481644694,6.4,3739.207086,31.5,3.431025
1987-04-08,1436,8.25,2.328767123,6.321695531,0.757801962,,3557.614575,55.291666666666664,3.4802874999999998
1987-04-09,1437,8.0,2.328767123,5.648053073,0.992705318,,3760.239897,84.75,2.684775
1987-04-10,1438,16.25,2.328767123,7.611611732,0.914587229,,3144.681282,84.25,2.2188458333333334
1987-04-11,1439,0.0,0.0,7.013036313,1.197524647,,3340.564907,129.375,0.7704166666666667
1987-04-12,1440,0.0,0.0,5.006086592,3.242546673,,3947.52614,248.95833333333334,3.033325
1987-04-13,1441,3.0,2.328767123,4.192139665,0.904058404,,4285.613793,68.875,6.022625000000001
1987-04-14,1442,0.0,0.0,3.389606145,3.033229306,6.2,4675.769419,199.83333333333334,7.639775
1987-04-15,1443,0.25,3.835616438,2.727427374,1.200717984,,5114.78421,83.95833333333333,6.3295208333333335
1987-04-16,1444,0.0,0.0,2.358653631,3.064715577,,5413.611047,180.58333333333334,8.667708333333334
1987-04-17,1445,0.0,0.0,2.051899441,4.532736051,,5708.625686,243.16666666666666,11.171741666666668
1987-04-18,1446,3.25,3.835616438,1.808698324,1.304679366,,5986.110276,68.66666666666667,8.388658333333334
1987-04-19,1447,20.0,3.835616438,2.284793296,1.769656319,,5549.380483,118.79166666666667,5.719766666666666
1987-04-20,1448,19.75,3.835616438,9.087837989,1.705759166,,2770.491477,141.83333333333334,3.218083333333333
1987-04-21,1449,0.0,0.0,3.813259777,2.318452192,6.2,4443.822222,167.54166666666666,6.345433333333333
1987-04-22,1450,0.0,0.0,3.001826816,2.562274391,,4915.357204,167.04166666666666,7.506925
1987-04-23,1451,0.0,0.0,2.466351955,3.959623537,,5317.546295,216.16666666666666,10.879600000000002
1987-04-24,1452,0.0,0.0,2.174606145,3.032925135,,5589.957174,161.75,12.150887500000001
1987-04-25,1453,0.0,0.0,1.924994413,3.803548606,,5843.893335,202.95833333333334,11.152204166666666
1987-04-26,1454,0.0,0.0,1.75346648,3.547185366,,6054.21561,187.58333333333334,12.418662500000002
1987-04-27,1455,0.0,0.0,1.567734637,4.308924753,,6302.667314,206.95833333333334,13.750829166666668
1987-04-28,1456,0.0,0.0,1.430019553,5.144875344,6.0,6511.472927,247.70833333333334,13.164804166666668
1987-04-29,1457,0.75,15.61643836,1.318675978,2.671982766,,6705.446712,120.54166666666667,12.181091666666667
1987-04-30,1458,3.25,15.61643836,1.250446927,1.054360305,,6837.83244,57.625,9.42715
1987-05-01,1459,5.75,15.61643836,1.294315642,1.786753651,,6746.565902,119.29166666666667,5.736070833333333
1987-05-02,1460,9.5,15.61643836,1.330994413,1.351953813,,6691.846439,100.70833333333333,3.2595541666666663
1987-05-03,1461,0.75,15.61643836,1.266586592,2.904338606,,6787.922561,197.33333333333334,3.2882000000000002
1987-05-04,1462,0.0,0.0,1.222969274,2.429886455,,6890.28374,153.70833333333334,4.686591666666667
1987-05-05,1463,0.0,0.0,1.149108939,4.423876146,6.1,7030.6796,254.875,7.156020833333333
1987-05-06,1464,0.0,0.0,1.093022346,5.542558556,,7150.629967,284.5416666666667,10.227308333333333
1987-05-07,1465,0.0,0.0,1.021851955,4.43227751,,7319.133876,226.79166666666666,11.6385125
1987-05-08,1466,0.0,0.0,0.959807263,5.327381565,,7472.509674,260.125,12.880941666666667
1987-05-09,1467,0.0,0.0,0.91201676,4.835852305,,7604.055112,279.6666666666667,9.226233333333333
1987-05-10,1468,0.0,0.0,0.853039106,3.742227418,,7770.252677,225.625,5.824429166666667
1987-05-11,1469,34.75,3.01369863,2.650877095,0.750509925,,4788.268409,48.875,6.803041666666666
1987-05-12,1470,15.0,3.01369863,5.52826257,1.772599773,6.6,3588.995225,141.875,4.9323041666666665
1987-05-13,1471,6.75,4.383561644,2.215835196,2.746027423,,5523.164368,196.41666666666666,4.9068875
1987-05-14,1472,20.25,4.383561644,5.757837989,1.925141925,,3710.149929,130.70833333333334,5.0474125
1987-05-15,1473,0.75,4.383561644,3.59776257,2.987079653,,4542.022719,222.91666666666666,3.898829166666667
1987-05-16,1474,0.0,0.0,2.706586592,3.781533451,,5123.951337,233.58333333333334,5.31935
1987-05-17,1475,7.25,4.383561644,2.543430168,0.676231499,,5270.37814,51.291666666666664,5.7912083333333335
1987-05-18,1476,2.75,4.383561644,2.345505587,1.977795018,,5427.08247,134.16666666666666,6.333200000000001
1987-05-19,1477,0.0,0.0,2.037645251,2.158619719,6.2,5727.180267,120.375,6.9379583333333334
1987-05-20,1478,0.0,0.0,1.879918994,4.352818271,,5902.111671,249.5,8.305883333333332
1987-05-21,1479,0.0,0.0,1.720608939,2.825982085,,6099.077655,163.33333333333334,7.777608333333333
1987-05-22,1480,0.5,2.248835879,1.61326257,2.359374917,,6243.504108,145.83333333333334,5.753220833333334
1987-05-23,1481,7.5,5.572100255,1.666860335,0.792760914,,6175.534714,42.458333333333336,5.15885
1987-05-24,1482,0.0,0.0,1.533494413,1.595589933,,6353.703291,137.41666666666666,6.179675
1987-05-25,1483,0.0,0.0,1.488368715,3.228756484,6.2,6433.142493,148.16666666666666,8.981691666666666
1987-05-26,1484,0.0,0.0,1.417701117,3.166600909,,6537.087366,167.54166666666666,10.822491666666666
1987-05-27,1485,0.0,0.0,1.317117318,4.565171076,,6706.921206,229.54166666666666,11.480400000000001
1987-05-28,1486,3.0,4.774004251,1.306558659,2.988126396,,6736.158903,165.75,8.855904166666667
1987-05-29,1487,0.0,0.0,1.240642458,1.87303346,,6844.36566,117.91666666666667,9.280370833333334
1987-05-30,1488,14.25,2.03227596,1.500561453,1.309751146,,6403.622357,82.79166666666667,9.714408333333333
1987-05-31,1489,9.25,6.533501084,1.376522346,4.324223309,,6610.809851,241.91666666666666,9.980287500000001
1987-06-01,1490,4.75,4.965041871,1.421899441,2.325525494,,6516.422851,132.25,9.491475
1987-06-02,1491,14.75,2.201875097,2.029273743,0.447419353,6.0,5712.858122,33.458333333333336,8.698120833333332
1987-06-03,1492,15.0,3.424657534,3.862458101,2.386082037,,4418.186406,137.20833333333334,9.9840875
1987-06-04,1493,0.5,3.424657534,2.834748603,3.850092098,,5009.086417,204.41666666666666,10.1182625
1987-06-05,1494,18.5,3.424657534,3.978100559,0.648968878,,4231.823969,42.125,9.101833333333333
1987-06-06,1495,19.5,3.424657534,7.308603352,2.030287122,,3329.803265,133.91666666666666,8.258116666666666
1987-06-07,1496,20.25,3.424657534,13.40446927,0.866643157,,2337.930755,53.291666666666664,6.473020833333333
1987-06-08,1497,7.25,3.424657534,9.807486034,1.603602129,,2829.272708,97.79166666666667,6.964895833333333
1987-06-09,1498,0.5,3.424657534,6.576536313,3.270345263,6.5,3464.947347,222.54166666666666,5.719720833333334
1987-06-10,1499,2.0,4.194123766,4.722234637,1.845747267,,4054.197525,114.20833333333333,6.383854166666667
1987-06-11,1500,0.5,1.504130901,3.672402235,3.28293905,,4523.622163,209.25,7.816554166666666
1987-06-12,1501,0.25,9.964008511,2.96849162,3.804228409,,4942.982664,224.66666666666666,7.186258333333334
1987-06-13,1502,0.0,0.0,2.566256983,3.895190475,,5239.638916,247.91666666666666,6.285191666666666
1987-06-14,1503,3.25,2.027936362,2.303798883,1.960384947,,5469.144439,106.33333333333333,6.178341666666667
1987-06-15,1504,0.5,3.928929916,2.106703911,1.688054826,,5656.90092,103.75,6.6218125
1987-06-16,1505,10.25,2.17917249,1.991941341,3.769297898,6.2,5805.906378,238.41666666666666,7.798041666666666
1987-06-17,1506,7.75,0.684931507,2.734340782,1.400467813,,5103.38919,93.58333333333333,8.0116625
1987-06-18,1507,19.75,0.684931507,3.675418994,2.141347966,,4502.098155,127.54166666666667,9.1387625
1987-06-19,1508,5.75,0.684931507,8.332290503,2.236637119,,2933.055759,140.16666666666666,9.137016666666666
1987-06-20,1509,0.0,0.0,3.995195531,5.440618896,,4349.598672,315.125,9.91085
1987-06-21,1510,0.25,0.684931507,3.140446927,4.182338231,,4832.636734,222.75,9.755041666666667
1987-06-22,1511,12.75,0.684931507,3.690502793,2.781372843,,4533.523474,149.875,10.138575000000001
1987-06-23,1512,2.25,0.684931507,2.943351955,1.830477495,6.1,4965.055758,94.875,10.589245833333333
1987-06-24,1513,0.75,0.547945205,2.57249162,4.205248215,,5233.040133,272.9166666666667,10.520504166666667
1987-06-25,1514,10.75,0.547945205,3.166013966,1.239312034,,4821.900586,78.41666666666667,11.413866666666665
1987-06-26,1515,5.0,0.547945205,2.740399441,2.571467687,,5118.444258,164.95833333333334,10.694445833333333
1987-06-27,1516,4.75,0.547945205,3.387594972,2.488509361,,4701.325931,154.5,13.848691666666667
1987-06-28,1517,15.25,0.547945205,4.817187151,1.023784507,,3981.509884,51.166666666666664,15.196041666666666
1987-06-29,1518,5.38696597,0.547945205,5.467248603,1.606270463,,3791.468959,101.0,14.237170833333332
1987-06-30,1519,0.0,0.0,4.428075419,3.19853648,5.8,4172.392152,199.25,12.312637500000001
1987-07-01,1520,0.0,0.0,3.598365922,3.783982076,,4568.875305,261.375,11.069966666666666
1987-07-02,1521,0.0,0.0,3.096075419,4.029901602,,4863.627723,198.0,11.414645833333333
1987-07-03,1522,0.0,0.0,2.716013966,5.857723105,,5126.055944,282.2916666666667,13.161520833333334
1987-07-04,1523,0.0,0.0,2.446868715,6.298732326,,5341.830144,295.375,14.401724999999999
1987-07-05,1524,0.0,0.0,2.205930168,6.445342591,,5556.304078,274.7916666666667,16.984533333333335
1987-07-06,1525,0.0,0.0,2.029349162,6.344242222,,5741.426738,279.25,16.873654166666665
1987-07-07,1526,0.0,0.0,1.892337989,4.372683932,6.0,5887.693716,237.79166666666666,12.5492875
1987-07-08,1527,0.0,0.0,1.753567039,4.402419738,,6057.32517,253.91666666666666,10.998495833333335
1987-07-09,1528,1.730232545,2.054794521,1.682497207,3.128472398,,6152.160731,164.04166666666666,12.607550000000002
1987-07-10,1529,2.426263845,2.054794521,1.625706704,1.290231279,,6227.116259,84.66666666666667,15.4609375
1987-07-11,1530,12.95897568,2.054794521,1.940807263,2.544986228,,5815.325503,164.79166666666666,13.138887500000001
1987-07-12,1531,0.696031295,2.054794521,1.502698324,3.321138106,,6391.168573,189.58333333333334,12.9175375
1987-07-13,1532,0.0,0.0,1.299821229,4.519819692,,6730.994115,230.95833333333334,14.116412500000001
1987-07-14,1533,8.5,2.054794521,1.42124581,0.506629694,5.9,6546.208537,56.583333333333336,13.378679166666666
1987-07-15,1534,5.75,0.684931507,1.445002793,1.891884137,,6495.199384,128.875,12.970579166666667
1987-07-16,1535,2.25,0.684931507,1.392938547,1.906218055,,6576.941234,94.29166666666667,10.837291666666665
1987-07-17,1536,5.75,0.684931507,1.303013966,1.767946069,,6747.373714,94.25,10.602945833333333
1987-07-18,1537,31.25,0.684931507,4.304539106,0.68227475,,3938.865396,49.416666666666664,9.150166666666665
1987-07-19,1538,17.25,0.684931507,9.908145251,1.005417163,,2772.555707,38.708333333333336,10.923233333333334
1987-07-20,1539,0.0,0.0,5.180606145,2.880537971,,3858.031991,137.875,11.4302625
1987-07-21,1540,0.0,0.0,3.647815642,1.455889825,5.8,4535.456503,73.25,10.891395833333334
1987-07-22,1541,0.0,0.0,2.996597765,1.87892526,,4924.964943,75.45833333333333,11.682525
1987-07-23,1542,0.0,0.0,2.55451676,4.382225025,,5249.94344,189.625,12.18865
1987-07-24,1543,0.75,0.821917808,2.32348324,2.893342849,,5451.484087,217.04166666666666,10.354483333333333
1987-07-25,1544,0.0,0.0,2.095340782,3.615054016,,5666.109668,173.41666666666666,8.812466666666667
1987-07-26,1545,17.0,0.821917808,1.942089385,1.568290306,,5861.785948,93.0,10.446420833333333
1987-07-27,1546,17.75,0.821917808,5.621178771,2.006539396,,3710.662791,99.58333333333333,12.503075
1987-07-28,1547,10.5,0.821917808,3.525636872,1.606028348,5.5,4655.143271,73.66666666666667,12.977675
1987-07-29,1548,8.5,1.369863014,6.76649162,2.228574197,,3432.342933,104.66666666666667,11.859787500000001
1987-07-30,1549,3.25,1.369863014,4.386368715,2.394279462,,4189.026761,143.33333333333334,11.247366666666666
1987-07-31,1550,6.5,1.369863014,4.150709497,2.006365453,,4314.541106,90.25,13.015608333333333
1987-08-01,1551,28.75,1.369863014,6.718248603,1.856640544,,3683.851349,90.54166666666667,10.530841666666667
1987-08-02,1552,8.5,1.369863014,17.93375698,2.625414318,,1675.35089,169.33333333333334,11.615066666666666
1987-08-03,1553,0.0,0.0,6.666561453,2.716674885,,3431.64962,178.04166666666666,9.574608333333334
1987-08-04,1554,0.0,0.0,4.587335196,3.630569272,5.7,4101.532453,247.0,8.050025
1987-08-05,1555,0.0,0.0,3.507913408,2.79661905,,4611.339227,192.625,7.014741666666667
1987-08-06,1556,0.0,0.0,2.925452514,3.907809092,,4973.242452,252.0,7.019566666666666
1987-08-07,1557,2.25,7.397260274,2.521382682,1.593547958,,5277.805539,120.875,7.640354166666666
1987-08-08,1558,1.5,7.397260274,2.292712291,1.004477509,,5477.112305,73.08333333333333,9.358424999999999
1987-08-09,1559,1.25,7.397260274,2.073243017,3.144846194,,5689.70658,209.29166666666666,9.545845833333333
1987-08-10,1560,0.0,0.0,1.852139665,3.493007192,,5933.475711,194.04166666666666,9.7359375
1987-08-11,1561,13.25,7.397260274,1.854125698,0.842676453,5.9,6007.924908,52.458333333333336,10.791341666666668
1987-08-12,1562,2.0,1.095890411,2.266039106,1.994264997,,5429.993493,98.25,13.543954166666666
1987-08-13,1563,13.0,1.095890411,3.264662011,3.057434714,,4710.146968,170.45833333333334,13.164462499999999
1987-08-14,1564,0.0,0.0,2.178377095,2.149836665,,5571.95585,137.29166666666666,11.099495833333334
1987-08-15,1565,0.0,0.0,1.891382682,3.399901754,,5886.047057,187.875,12.776179166666667
1987-08-16,1566,0.0,0.0,1.746829609,3.622941179,,6066.005659,224.83333333333334,14.087224999999998
1987-08-17,1567,0.5,1.095890411,1.640413408,3.969822693,,6206.591948,189.375,14.909625
1987-08-18,1568,1.0,1.095890411,1.60499162,2.201389241,5.9,6261.405981,112.29166666666667,13.575995833333332
1987-08-19,1569,0.0,0.0,1.573039106,2.408627298,,6303.926876,113.91666666666667,14.224916666666667
1987-08-20,1570,0.88507941,0.95890411,1.480324022,3.839447445,,6433.368006,134.75,16.7600875
1987-08-21,1571,11.75,0.95890411,1.886606145,3.29533019,,5873.373439,160.0,16.339408333333335
1987-08-22,1572,0.0,0.0,1.52552514,2.771544683,,6363.894924,126.29166666666667,13.397570833333333
1987-08-23,1573,14.5,0.95890411,1.641997207,1.204878327,,6213.554652,80.08333333333333,10.713541666666666
1987-08-24,1574,0.75,0.95890411,1.632519553,3.041218229,,6188.274527,164.58333333333334,9.212024999999999
1987-08-25,1575,0.75,0.95890411,1.390575419,3.44047177,5.9,6575.388181,212.41666666666666,8.881116666666665
1987-08-26,1576,4.75,5.342465753,1.371645251,0.804215927,,6622.634441,58.125,9.142454166666667
1987-08-27,1577,0.0,0.0,1.296351955,3.993685383,,6739.266836,222.91666666666666,9.6305125
1987-08-28,1578,0.0,0.0,1.206251397,2.133848865,,6919.527248,128.66666666666666,11.4525125
1987-08-29,1579,1.0,5.342465753,1.185435754,1.632258398,,6963.363118,92.45833333333333,12.060762500000001
1987-08-30,1580,0.0,0.0,1.131284916,4.680758735,,7067.517241,205.75,12.789908333333335
1987-08-31,1581,0.0,0.0,1.067631285,1.684643528,,7213.014966,101.79166666666667,11.304429166666667
1987-09-01,1582,8.0,5.342465753,1.176486034,0.817440493,5.8,6984.85653,57.875,12.327970833333334
1987-09-02,1583,0.0,0.0,1.073413408,1.884975988,,7194.590751,88.16666666666667,11.723183333333333
1987-09-03,1584,4.0,4.931506849,1.086435754,1.861258681,,7170.901595,116.29166666666667,11.901404166666666
1987-09-04,1585,0.5,4.931506849,0.987787709,2.348911017,,7396.907685,137.16666666666666,10.2424125
1987-09-05,1586,13.0,4.931506849,1.749444134,1.717675498,,6040.722096,116.04166666666667,10.01815
1987-09-06,1587,25.0,4.931506849,6.160776536,0.559920533,,3077.896159,38.083333333333336,10.0786625
1987-09-07,1588,0.0,0.0,3.568801676,2.449346076,,4499.730766,162.54166666666666,9.74095
1987-09-08,1589,0.25,4.931506849,2.376905028,2.824358941,5.6,5386.209212,171.0,9.234370833333333
1987-09-09,1590,10.75,4.931506849,2.568821229,1.401653521,,5188.840541,89.20833333333333,9.897575
1987-09-10,1591,1.0,4.931506849,2.541067039,2.216486843,,5226.268269,145.25,9.300341666666666
1987-09-11,1592,11.5,4.931506849,2.47346648,1.084693831,,5384.090022,57.041666666666664,11.384554166666668
1987-09-12,1593,9.0,4.931506849,5.46151676,0.467015724,,3782.911135,37.791666666666664,10.810766666666666
1987-09-13,1594,0.0,0.0,3.690955307,2.667828087,,4494.101451,168.04166666666666,9.411470833333334
1987-09-14,1595,7.75,4.931506849,3.284572626,1.289414358,,4752.916238,93.33333333333333,9.3967125
1987-09-15,1596,0.0,0.0,2.808980447,2.190656658,5.9,5059.20347,123.66666666666667,10.179683333333333
1987-09-16,1597,13.25,1.780821918,2.883569832,1.355657209,,5080.532389,79.54166666666667,10.936629166666668
1987-09-17,1598,9.0,1.780821918,6.379215084,1.162223055,,3510.31693,73.41666666666667,11.969625
1987-09-18,1599,0.25,1.780821918,3.857656425,2.078181565,,4426.422286,147.25,8.381941666666666
1987-09-19,1600,11.5,1.780821918,4.359544693,0.372093462,,4197.690988,28.375,10.081591666666666
1987-09-20,1601,0.5,1.780821918,3.917765363,1.408772738,,4396.995057,71.58333333333333,12.790795833333334
1987-09-21,1602,21.25,1.780821918,5.675002793,1.08494462,,3540.539503,49.0,13.015633333333334
1987-09-22,1603,0.25,1.780821918,6.013558659,1.746142709,5.5,3569.93727,108.91666666666667,9.673008333333334
1987-09-23,1604,20.75,6.164383562,5.68503352,0.967825457,,3792.262689,69.04166666666667,9.234545833333334
1987-09-24,1605,8.75,6.164383562,9.09972905,1.440781053,,2917.271352,104.25,6.985966666666666
1987-09-25,1606,0.5,6.164383562,5.920089385,1.391459189,,3650.167565,123.20833333333333,4.9534125
1987-09-26,1607,0.0,0.0,4.550631285,1.480228484,,4125.386006,114.20833333333333,4.558270833333333
1987-09-27,1608,0.0,0.0,3.71546648,1.346558135,,4507.213783,99.66666666666667,4.858545833333333
1987-09-28,1609,0.25,6.164383562,3.205634078,0.652642131,,4798.449144,49.458333333333336,5.777925
1987-09-29,1610,0.0,0.0,2.850486034,1.895508482,6.0,5030.127894,138.91666666666666,5.5432999999999995
1987-09-30,1611,0.0,0.0,2.558061453,0.922051761,,5249.980357,67.83333333333333,5.763925
1987-10-01,1612,0.0,0.0,2.299374302,1.901346783,,5471.033934,137.125,5.9083499999999995
1987-10-02,1613,0.5,2.465753425,2.118645251,0.305573377,,5647.595707,17.958333333333332,7.487854166666666
1987-10-03,1614,1.5,2.465753425,1.966148045,0.656059786,,5806.571677,45.041666666666664,8.454566666666667
1987-10-04,1615,2.0,2.465753425,1.896586592,0.791658087,,5888.070049,59.75,8.7096375
1987-10-05,1616,12.55060817,2.465753425,1.939550279,0.915743061,,5935.622531,43.416666666666664,10.271775
1987-10-06,1617,15.86373286,2.465753425,6.196877095,0.978595655,5.5,3489.195862,66.54166666666667,5.946437500000001
1987-10-07,1618,16.8642318,14.24657534,5.314424581,0.630789685,,3862.664772,38.083333333333336,7.490825
1987-10-08,1619,33.52710036,14.24657534,19.66281285,0.590588601,,1813.423168,24.833333333333332,3.5547958333333334
1987-10-09,1620,39.2681848,14.24657534,36.3462486,0.373890746,10.0,985.3759429,26.666666666666668,5.9418041666666666
1987-10-10,1621,0.82466324,14.24657534,13.85424302,0.654509066,,2232.896165,75.04166666666667,2.4825708333333334
1987-10-11,1622,1.486799995,14.24657534,7.52025419,1.243234633,,3233.464315,99.66666666666667,3.919675
1987-10-12,1623,8.064694355,14.24657534,5.681664804,0.948001714,,3750.437284,80.41666666666667,5.326766666666667
1987-10-13,1624,26.47146187,14.24657534,12.81811173,0.494767899,6.5,2356.538582,45.541666666666664,4.2999125000000005
1987-10-14,1625,23.44199662,4.383561644,25.31994134,0.518482528,7.3,1458.489535,47.416666666666664,3.0550041666666665
1987-10-15,1626,9.27008835,4.383561644,13.66416201,0.609385408,,2278.942514,56.916666666666664,4.217679166666667
1987-10-16,1627,29.78342402,4.383561644,25.55856704,0.909677489,,1386.474565,65.16666666666667,4.235779166666666
1987-10-17,1628,2.58065092,4.383561644,9.93077095,1.069173614,,2785.751846,72.875,6.950966666666666
1987-10-18,1629,55.92635901,4.383561644,39.31888827,0.188903648,,623.8803133,6.75,8.878833333333333
1987-10-19,1630,6.203302265,4.383561644,19.5286676,0.323187902,,1676.970708,17.458333333333332,9.173608333333332
1987-10-20,1631,4.0,4.383561644,9.20549162,0.158936178,6.3,2917.1046,9.875,9.228304166666666
1987-10-21,1632,28.55271411,1.506849315,18.42068715,0.125688117,,1903.29661,27.75,5.164058333333333
1987-10-22,1633,4.25,1.506849315,12.46681006,0.486391177,,2442.431979,66.79166666666667,2.954870833333333
1987-10-23,1634,0.25,1.506849315,7.817002793,1.224424781,,3181.137779,97.70833333333333,3.3107625000000005
1987-10-24,1635,0.0,0.0,5.539047486,1.141860354,,3765.310928,91.16666666666667,3.070308333333333
1987-10-25,1636,0.25,1.506849315,4.186960894,0.836757294,,4277.463227,85.91666666666667,3.988716666666667
1987-10-26,1637,0.5,1.506849315,3.315544693,0.673409638,,4720.565105,51.083333333333336,5.554691666666667
1987-10-27,1638,14.0,1.506849315,4.640907821,0.0849578,5.8,4021.701885,12.708333333333334,5.078125
1987-10-28,1639,0.0,0.0,3.90300838,0.795515977,,4379.471191,81.25,3.5190875
1987-10-29,1640,0.5,1.643835616,2.975958101,0.535230332,,4938.086017,57.416666666666664,2.2621541666666665
1987-10-30,1641,1.5,1.643835616,2.609321229,0.151280853,,5213.086234,12.375,4.716145833333333
1987-10-31,1642,1.25,1.643835616,2.468765363,0.314774006,,5324.412103,24.916666666666668,7.921875
1987-11-01,1643,0.0,0.0,2.19222905,0.656367202,,5570.911976,64.33333333333333,5.5173625
1987-11-02,1644,0.5,1.643835616,1.981835196,0.375650743,,5786.456769,31.5,5.976145833333334
1987-11-03,1645,0.0,0.0,1.775162011,0.326207893,6.1,6027.190868,35.208333333333336,4.552958333333334
1987-11-04,1646,0.0,0.0,1.629351955,0.445811222,,6219.613462,35.583333333333336,4.580170833333333
1987-11-05,1647,0.0,0.0,1.502170391,0.705819079,,6403.005218,57.916666666666664,3.032966666666667
1987-11-06,1648,0.0,0.0,1.400027933,0.822583484,,6565.533001,78.75,4.9538625000000005
1987-11-07,1649,0.0,0.0,1.309977654,0.173712015,,6721.159243,32.916666666666664,1.3863124999999998
1987-11-08,1650,21.25,0.684931507,2.893097765,0.085004843,,4674.277625,14.458333333333334,4.448720833333334
1987-11-09,1651,1.25,0.684931507,3.896572626,0.165596039,,4226.777725,23.083333333333332,2.1519166666666667
1987-11-10,1652,27.0,0.684931507,6.366695531,0.23231396,5.6,3427.910555,35.791666666666664,3.8502958333333335
1987-11-11,1653,28.25,12.32876712,16.7057095,0.0,5.2,1965.667113,5.166666666666667,4.564466666666667
1987-11-12,1654,5.0,12.32876712,13.57939106,0.607208492,,2246.916485,19.916666666666668,2.4974166666666666
1987-11-13,1655,5.75,12.32876712,7.276877095,0.205549856,,3292.89351,31.541666666666668,2.439975
1987-11-14,1656,5.25,12.32876712,5.200139665,0.28238911,,3885.744338,36.208333333333336,2.6637375
1987-11-15,1657,13.41474358,12.32876712,7.689544693,0.296642512,,3251.429642,23.708333333333332,6.132625
1987-11-16,1658,26.25,12.32876712,14.24360615,0.182588317,,2237.319206,13.5,5.3378625
1987-11-17,1659,0.25,12.32876712,9.436122905,0.221618349,7.0,2863.52831,37.791666666666664,6.155725
1987-11-18,1660,22.75,4.246575342,8.438329609,0.165718345,,3125.322394,21.083333333333332,7.880916666666667
1987-11-19,1661,37.75,4.246575342,29.11618156,0.0,6.9,1276.06453,4.625,4.543020833333333
1987-11-20,1662,1.5,4.246575342,11.73167598,0.0,,2506.215394,14.625,3.0890541666666667
1987-11-21,1663,2.0,4.246575342,7.254377095,0.0,,3304.215475,14.958333333333334,3.143966666666667
1987-11-22,1664,9.75,4.246575342,6.253315642,0.013513829,,3581.195972,15.666666666666666,1.4749458333333332
1987-11-23,1665,10.5,4.246575342,5.642446927,0.115331894,,3777.779842,26.916666666666668,-0.04903749999999999
1987-11-24,1666,4.5,4.246575342,7.158192737,0.012616395,6.6,3334.751982,17.75,0.95325
1987-11-25,1667,0.0,0.0,5.126756983,0.0,,3912.360768,34.666666666666664,-0.030645833333333334
1987-11-26,1668,0.25,3.764261785,4.167477654,0.080640921,,4291.049926,49.708333333333336,-0.9550833333333334
1987-11-27,1669,0.0,0.0,3.431312849,0.365641851,,4659.957778,49.333333333333336,-0.7498166666666667
1987-11-28,1670,1.25,9.731586245,2.988703911,0.171938242,,4937.37098,18.25,1.0700375
1987-11-29,1671,2.25,10.57582596,2.703796089,0.161951775,,5138.14248,19.5,2.1792041666666666
1987-11-30,1672,3.25,4.193822499,2.410667598,0.115324424,,5371.603579,15.958333333333334,1.4105166666666669
1987-12-01,1673,0.0,0.0,2.166712291,0.094682158,6.5,5596.520061,18.0,0.681425
1987-12-02,1674,0.0,0.0,1.974896648,0.179848103,,5796.44662,17.5,-0.19184166666666666
1987-12-03,1675,0.0,0.0,1.803972067,0.058620401,,5993.407561,4.333333333333333,-1.6197875
1987-12-04,1676,0.5,53.75282037,1.67548324,0.029660419,,6157.842191,4.916666666666667,-0.8550291666666667
1987-12-05,1677,0.25,4.381922563,1.589480447,0.037824804,,6279.020526,4.208333333333333,0.24131666666666665
1987-12-06,1678,0.0,0.0,1.495206704,0.041805992,,6415.08391,4.0,-0.23177499999999998
1987-12-07,1679,0.0,0.0,1.438340782,0.032565693,,6507.246702,40.0,-1.6397666666666666
1987-12-08,1680,0.0,0.0,1.330567039,0.0,6.5,6679.180891,51.458333333333336,-4.1145875
1987-12-09,1681,0.0,0.0,1.222039106,0.0,,6886.472253,28.041666666666668,-3.5112916666666667
1987-12-10,1682,0.0,0.0,1.140360335,0.176127263,,7049.39125,56.333333333333336,-2.6649458333333333
1987-12-11,1683,0.0,0.0,1.07547486,0.029191052,,7195.053671,14.416666666666666,-1.8333291666666665
1987-12-12,1684,0.0,0.0,1.026829609,0.063985539,,7304.35308,7.5,-2.1180541666666666
1987-12-13,1685,0.0,0.0,0.957318436,0.031044198,,7480.337328,38.291666666666664,-2.0954916666666668
1987-12-14,1686,0.0,0.0,0.906837989,0.0,,7616.47332,6.958333333333333,-4.0979375
1987-12-15,1687,9.0,16.17385033,1.153458101,0.007116616,6.5,7047.891869,3.9166666666666665,-2.287325
1987-12-16,1688,25.75,2.191780822,7.53596648,0.125463381,7.3,3099.971262,7.083333333333333,6.509545833333333
1987-12-17,1689,41.5,2.191780822,16.79163687,0.055800762,,2069.913184,5.5,8.128475
1987-12-18,1690,16.0,2.191780822,30.6479162,0.092960421,,969.2741495,12.208333333333334,6.078991666666667
1987-12-19,1691,3.0,2.191780822,8.364469274,0.146698105,,3050.259959,14.541666666666666,5.492191666666667
1987-12-20,1692,19.0,2.191780822,10.51765642,0.084069633,,2727.121163,7.75,7.061629166666666
1987-12-21,1693,11.25,2.191780822,10.35467598,0.064313087,,2759.326907,13.708333333333334,5.9921875
1987-12-22,1694,0.5,2.191780822,8.82527933,0.0,6.2,2967.44849,24.041666666666668,1.6409833333333335
1987-12-23,1695,0.25,12.19178082,6.086463687,0.069864037,,3603.307002,5.666666666666667,1.6272958333333332
1987-12-24,1696,4.0,12.19178082,4.817438547,0.043232145,,4032.772245,4.791666666666667,4.265625
1987-12-25,1697,2.0,12.19178082,4.057391061,0.08210889,,4337.445849,12.083333333333334,4.078545833333333
1987-12-26,1698,24.0,12.19178082,10.60026536,0.089101392,,2461.045236,7.916666666666667,6.647470833333333
1987-12-27,1699,33.5,12.19178082,26.58956983,0.043155092,,1323.398467,3.5,7.819866666666666
1987-12-28,1700,15.5,12.19178082,12.05376536,0.113682347,,2513.522893,1.6666666666666667,8.0994875
1987-12-29,1701,47.0,12.19178082,45.07461453,0.008813049,,708.4751975,2.4166666666666665,7.7092
1987-12-30,1702,6.25,12.19178082,13.1757486,0.0,,2350.052956,6.625,5.760479166666666
1987-12-31,1703,10.0,12.19178082,10.42202514,0.123636995,,2748.568412,6.083333333333333,3.9058625
1988-01-01,1704,48.5,12.19178082,31.94542458,0.021592725,,1014.051942,3.5833333333333335,6.279991666666667
1988-01-02,1705,43.0,12.19178082,45.04009777,0.1227473,,709.9196124,7.375,3.982154166666667
1988-01-03,1706,7.75,12.19178082,13.56641899,0.157622088,,2303.775621,10.666666666666666,2.200791666666667
1988-01-04,1707,15.25,12.19178082,11.51462011,0.031010145,,2597.823881,5.625,1.7954625
1988-01-05,1708,4.75,12.19178082,8.912136872,0.076949608,7.2,2978.885827,14.0,1.7902833333333332
1988-01-06,1709,28.0,5.753424658,16.58061453,0.0,10.2,2039.31632,2.3333333333333335,0.6249958333333333
1988-01-07,1710,4.0,5.753424658,10.35525419,0.0,,2724.669116,34.833333333333336,-1.299275
1988-01-08,1711,17.0,5.753424658,10.01431006,0.093592885,,2827.379026,4.708333333333333,4.127433333333333
1988-01-09,1712,12.0,5.753424658,14.92836034,0.0,,2191.050821,5.791666666666667,6.132625
1988-01-10,1713,9.25,5.753424658,11.16050279,0.085626453,,2639.484499,32.0,1.2055458333333333
1988-01-11,1714,4.75,5.753424658,8.446324022,0.131248291,,3053.501552,16.583333333333332,1.0132833333333333
1988-01-12,1715,11.0,5.753424658,6.411343575,0.258720545,6.7,3546.495392,7.75,2.6115541666666666
1988-01-13,1716,3.5,4.794520548,7.188058659,0.034277362,,3313.510463,32.166666666666664,1.6335375
1988-01-14,1717,2.25,4.794520548,5.114212291,0.003529371,,3920.426786,25.041666666666668,1.6309333333333333
1988-01-15,1718,3.25,4.794520548,4.464553073,0.077652458,,4173.387663,14.041666666666666,3.063966666666667
1988-01-16,1719,1.25,4.794520548,3.957536313,0.373809839,,4393.157578,46.5,1.8340208333333334
1988-01-17,1720,20.0,4.794520548,4.64550838,0.145019764,,4261.700807,18.875,2.6743291666666664
1988-01-18,1721,6.75,4.794520548,10.04420112,0.093289656,,2699.852636,11.916666666666666,1.4356541666666667
1988-01-19,1722,2.75,4.794520548,6.505416201,0.140314117,6.6,3495.699728,20.958333333333332,2.7196458333333333
1988-01-20,1723,7.25,3.97260274,5.529871508,0.054717591,,3795.370797,21.958333333333332,-0.4515375
1988-01-21,1724,3.1527693,3.97260274,4.741994413,0.033127112,,4054.94273,37.25,-1.2822541666666667
1988-01-22,1725,0.0,0.0,4.141608939,0.0,,4309.115067,33.416666666666664,-1.7207083333333333
1988-01-23,1726,43.75,3.97260274,28.88919553,0.0860612,,1075.601042,8.791666666666666,2.4293875000000003
1988-01-24,1727,11.25,3.97260274,32.51139385,0.156391969,,924.1066502,17.916666666666668,3.5259666666666667
1988-01-25,1728,8.0,3.97260274,9.726159218,0.095467646,,2816.5752,11.666666666666666,1.7259291666666667
1988-01-26,1729,1.0,3.97260274,6.428337989,0.083196977,6.4,3506.243647,14.833333333333334,1.2857208333333332
1988-01-27,1730,0.5,29.5890411,4.743653631,0.116941476,,4049.672334,17.25,-0.37046666666666667
1988-01-28,1731,5.5,29.5890411,4.001807263,0.0,,4379.737088,4.5,-1.0939750000000001
1988-01-29,1732,4.25,29.5890411,4.054675978,0.119677278,,4351.19489,18.541666666666668,0.9039333333333334
1988-01-30,1733,12.75,29.5890411,4.647997207,0.100240577,,4103.764143,7.75,-0.17434583333333334
1988-01-31,1734,17.5,29.5890411,4.668888268,0.298089304,,4234.85617,35.25,-0.50035
1988-02-01,1735,20.75,29.5890411,13.82115922,0.251986217,9.5,2235.835304,5.875,2.1373666666666664
1988-02-02,1736,14.75,29.5890411,12.7287905,0.199876815,11.2,2418.736257,18.791666666666668,0.006966666666666695
1988-02-03,1737,21.75,12.46575342,12.12086313,0.137858302,,2496.838193,17.25,0.7609666666666667
1988-02-04,1738,15.5,12.46575342,12.29372346,0.039357385,,2472.980844,12.875,-0.06190000000000001
1988-02-05,1739,4.5,12.46575342,10.21145531,0.387798151,,2759.744697,50.25,-0.14557916666666668
1988-02-06,1740,3.25,12.46575342,6.881807263,0.151417528,,3392.911454,51.166666666666664,-1.8296791666666667
1988-02-07,1741,12.75,12.46575342,6.601826816,0.128759567,,3463.38229,24.916666666666668,-0.7723249999999999
1988-02-08,1742,2.0,12.46575342,5.719902235,0.275668002,,3700.869704,23.0,-1.0136875
1988-02-09,1743,13.75,12.46575342,13.63972626,0.54429942,9.7,2171.281999,15.583333333333334,0.47136249999999996
1988-02-10,1744,4.0,3.680284058,6.595013966,0.1726896,,3468.672843,21.708333333333332,-1.2335083333333332
1988-02-11,1745,3.0,2.354496977,5.095935754,0.200059792,,3924.38744,58.333333333333336,-1.1336791666666668
1988-02-12,1746,0.5,8.484454129,4.162851955,0.218440878,,4295.384511,62.875,-1.5173666666666668
1988-02-13,1747,20.0,2.835086021,9.218715084,0.061064604,,2711.025634,7.208333333333333,2.8098916666666667
1988-02-14,1748,5.75,2.535685405,8.329625698,0.640684308,,3086.998343,46.041666666666664,4.536458333333333
1988-02-15,1749,7.0,4.831278136,6.167011173,0.957328746,,3604.427658,50.708333333333336,4.597675
1988-02-16,1750,0.75,27.09359263,5.411564246,0.398503456,10.0,3805.987455,65.625,-0.042875
1988-02-17,1751,0.0,0.0,4.410854749,0.311140671,,4190.103254,39.375,0.9480666666666666
1988-02-18,1752,1.25,30.82191781,3.875128492,0.315948905,,4434.282469,23.25,2.4832916666666667
1988-02-19,1753,0.0,0.0,3.291159218,0.560814856,,4741.833106,52.666666666666664,2.9160791666666666
1988-02-20,1754,1.0,30.82191781,2.879497207,0.310693065,,5010.265948,30.833333333333332,1.9899666666666667
1988-02-21,1755,0.0,0.0,2.523871508,0.744968207,,5275.408369,58.916666666666664,2.3734541666666664
1988-02-22,1756,0.75,30.82191781,2.225765363,0.384518131,,5539.890321,39.333333333333336,1.3552541666666666
1988-02-23,1757,1.0,30.82191781,2.084505587,0.449892571,7.6,5683.149176,65.16666666666667,-0.7130291666666667
1988-02-24,1758,0.0,0.0,1.916120112,0.597209302,,5860.711467,85.25,-1.4694208333333334
1988-02-25,1759,0.0,0.0,1.748363128,0.940072325,,6062.107403,99.875,-1.1641791666666668
1988-02-26,1760,0.75,2.576759236,1.62751676,0.879194665,,6223.375354,77.33333333333333,-0.5391791666666667
1988-02-27,1761,0.0,0.0,1.565296089,0.670565724,,6316.732969,51.875,2.696425
1988-02-28,1762,0.25,7.176584423,1.48127933,1.285118433,,6431.044638,100.04166666666667,1.8994875
1988-02-29,1763,0.0,0.0,1.328304469,0.7627371,,6689.951431,107.70833333333333,-2.3623083333333335
1988-03-01,1764,2.25,0.516570053,1.243734637,0.501448026,7.1,6838.570925,123.45833333333333,-3.0719541666666665
1988-03-02,1765,1.5,6.164383562,1.166455307,0.343600041,,7000.201096,66.5,-2.3015875
1988-03-03,1766,17.75,6.164383562,2.327002793,0.502717549,,5338.066593,50.666666666666664,-0.26613749999999997
1988-03-04,1767,3.5,6.164383562,1.492567039,0.437527733,,6410.321529,118.16666666666667,-3.4024625
1988-03-05,1768,4.75,6.164383562,1.386678771,0.493860851,,6603.68584,56.416666666666664,-0.7375583333333333
1988-03-06,1769,20.75,6.164383562,5.105363128,0.17309176,,3683.965983,12.833333333333334,2.2005291666666666
1988-03-07,1770,6.25,6.164383562,3.076391061,0.499294448,,4839.114982,43.333333333333336,2.8971958333333334
1988-03-08,1771,0.75,6.164383562,2.433092179,1.25168743,9.5,5348.002126,82.33333333333333,2.655375
1988-03-09,1772,13.5,1.232876712,3.163248603,0.513388987,,4764.435263,54.458333333333336,3.2690875
1988-03-10,1773,0.0,0.0,3.185019553,0.751892766,,4760.385631,62.083333333333336,0.9737166666666667
1988-03-11,1774,14.25,1.232876712,3.491748603,0.282951493,,4648.320192,21.875,2.7691041666666667
1988-03-12,1775,15.5,1.232876712,5.96996648,0.460623107,,3637.047692,32.5,2.5112791666666667
1988-03-13,1776,34.75,1.232876712,11.44598883,0.452724058,,2607.398172,34.625,2.840279166666667
1988-03-14,1777,53.75,1.232876712,37.75618156,0.480660153,,1018.514825,34.125,4.543404166666667
1988-03-15,1778,33.25,1.232876712,31.54238547,0.242427606,9.9,1170.961346,20.416666666666668,3.3802125000000003
1988-03-16,1779,6.25,3.150684932,15.96698045,0.540125141,,2042.704935,51.25,1.5816
1988-03-17,1780,5.0,3.150684932,7.88925419,0.382976479,,3163.155162,35.0,0.4392416666666667
1988-03-18,1781,29.25,3.150684932,14.17985196,0.139399991,,2085.08539,11.25,1.0468666666666666
1988-03-19,1782,36.0,3.150684932,31.20076257,0.268562576,,1175.206726,21.708333333333332,5.924479166666667
1988-03-20,1783,2.5,3.150684932,14.36032961,0.853499937,,2182.144116,65.08333333333333,4.819445833333334
1988-03-21,1784,3.0,3.150684932,7.706513966,1.229874721,,3198.046077,111.125,3.986083333333333
1988-03-22,1785,19.75,3.150684932,10.57851955,0.43983793,8.4,2580.721704,36.875,4.1657874999999995
1988-03-23,1786,14.5,10.82191781,11.89287151,0.697364004,,2520.215941,58.708333333333336,2.936716666666667
1988-03-24,1787,14.5,10.82191781,9.257103352,0.70192934,,2945.649477,53.958333333333336,3.7595791666666667
1988-03-25,1788,20.0,10.82191781,17.33048045,1.064387242,,1938.72821,93.83333333333333,2.4216208333333333
1988-03-26,1789,11.5,10.82191781,10.23282402,0.584060443,,2761.004999,45.25,1.3986
1988-03-27,1790,0.25,10.82191781,6.607659218,1.037791399,,3459.918678,80.08333333333333,2.563825
1988-03-28,1791,19.0,10.82191781,6.889223464,1.410974054,,3425.978182,131.20833333333334,2.8860083333333333
1988-03-29,1792,1.75,10.82191781,6.216687151,1.278170917,8.8,3553.501155,97.375,1.9496541666666667
1988-03-30,1793,11.5,2.054794521,6.786326816,0.94344491,,3432.64132,92.08333333333333,0.7283041666666666
1988-03-31,1794,0.5,2.054794521,5.087363128,1.948618013,,3923.536851,185.79166666666666,1.8697916666666667
1988-04-01,1795,24.75,2.054794521,7.997002793,0.451303299,,3056.206891,40.958333333333336,2.140620833333333
1988-04-02,1796,14.25,2.054794521,13.97101676,0.359734316,,2287.747335,35.916666666666664,3.0416666666666665
1988-04-03,1797,3.25,2.054794521,7.689519553,2.61690354,,3194.601827,176.45833333333334,5.700116666666666
1988-04-04,1798,0.25,2.054794521,5.189480447,0.966968189,,3880.1438,75.91666666666667,2.6316125
1988-04-05,1799,0.0,0.0,4.071217877,1.736051509,8.1,4335.219683,146.08333333333334,1.5184749999999998
1988-04-06,1800,0.0,0.0,3.235751397,1.650118124,,4766.299826,144.08333333333334,0.9893583333333335
1988-04-07,1801,0.0,0.0,2.664125698,2.009791103,,5162.565601,155.41666666666666,2.833841666666667
1988-04-08,1802,2.5,2.085374977,2.339019553,0.542818165,,5434.922329,40.083333333333336,4.390687499999999
1988-04-09,1803,2.0,3.827704462,2.105798883,1.155457603,,5657.319047,114.54166666666667,-1.4557125
1988-04-10,1804,0.0,0.0,1.892111732,1.595175591,,5886.112732,133.375,1.4539625
1988-04-11,1805,0.0,0.0,1.710703911,2.853165747,,6108.209483,167.20833333333334,5.539179166666667
1988-04-12,1806,0.0,0.0,1.552550279,2.887579545,7.5,6326.320989,203.41666666666666,4.456058333333334
1988-04-13,1807,0.0,0.0,1.456240223,2.659638672,,6480.599994,224.375,1.8188958333333334
1988-04-14,1808,0.0,0.0,1.401837989,1.825271319,,6564.395532,126.45833333333333,3.2182583333333334
1988-04-15,1809,13.25,1.643835616,1.596117318,0.767170552,,6287.624692,52.791666666666664,7.172229166666667
1988-04-16,1810,7.0,1.643835616,1.857972067,0.56617382,,5904.021306,37.5,8.125858333333333
1988-04-17,1811,2.25,1.643835616,1.665477654,2.046066574,,6155.293935,128.375,7.9767875
1988-04-18,1812,9.5,1.643835616,1.906918994,0.436699845,,5858.202348,23.75,8.918641666666668
1988-04-19,1813,0.5,1.643835616,1.817522346,2.823741722,7.9,5947.150844,179.125,8.236108333333334
1988-04-20,1814,1.5,11.56341059,1.523187151,2.064681112,,6370.071445,156.625,6.749133333333333
1988-04-21,1815,2.25,1.843698129,1.452569832,1.486238324,,6488.108455,101.66666666666667,6.8298625
1988-04-22,1816,0.0,0.0,1.407921788,0.378566109,,6554.833808,34.666666666666664,4.380208333333333
1988-04-23,1817,0.0,0.0,1.340773743,2.044670739,,6665.969173,169.95833333333334,1.0716125
1988-04-24,1818,0.0,0.0,1.191871508,3.370590897,,6937.872862,264.875,1.6461083333333333
1988-04-25,1819,0.0,0.0,1.111675978,3.9280773,,7112.854859,260.2916666666667,4.217195833333333
1988-04-26,1820,0.0,0.0,1.052321229,2.720370398,7.2,7247.381656,181.33333333333334,5.005208333333333
1988-04-27,1821,0.0,0.0,0.999100559,2.64003255,,7373.694314,186.83333333333334,3.746525
1988-04-28,1822,0.0,0.0,0.954301676,0.732083797,,7489.375774,76.0,1.6128458333333333
1988-04-29,1823,0.0,0.0,0.92252514,0.355362975,,7576.330477,32.583333333333336,2.5416541666666665
1988-04-30,1824,4.25,5.753424658,0.928181564,0.39573802,,7572.995357,32.125,4.547741666666667
1988-05-01,1825,7.0,5.753424658,1.044955307,1.64555889,,7258.939395,122.95833333333333,5.895833333333333
1988-05-02,1826,13.25,5.753424658,1.320511173,1.573297169,,6717.456217,117.45833333333333,5.914970833333334
1988-05-03,1827,6.25,5.753424658,1.194561453,1.346884805,7.4,6948.387505,91.29166666666667,6.389620833333333
1988-05-04,1828,6.5,1.780821918,2.282807263,0.5689715,,5459.368594,49.791666666666664,5.671670833333334
1988-05-05,1829,0.0,0.0,1.502346369,4.134685155,,6389.057948,264.75,6.182929166666667
1988-05-06,1830,0.0,0.0,1.263293296,5.488520535,,6797.573853,297.6666666666667,9.233891666666667
1988-05-07,1831,3.0,1.780821918,1.187522346,3.033831983,,6962.057566,181.875,8.714487499999999
1988-05-08,1832,0.0,0.0,1.155620112,1.811120412,,7014.959466,113.95833333333333,8.024779166666667
1988-05-09,1833,0.0,0.0,1.098905028,3.801689227,,7141.887152,237.79166666666666,7.427683333333333
1988-05-10,1834,0.0,0.0,1.038243017,4.401775175,7.0,7279.739344,260.8333333333333,8.727683333333333
1988-05-11,1835,0.0,0.0,1.003575419,3.620669034,,7365.333493,186.79166666666666,10.157795833333333
1988-05-12,1836,0.0,0.0,0.978536313,0.953564256,,7429.634055,59.791666666666664,7.83645
1988-05-13,1837,0.0,0.0,0.955005587,2.512909328,,7488.123991,156.5,9.7951125
1988-05-14,1838,0.0,0.0,0.908346369,4.886096692,,7612.362388,257.5,12.895245833333334
1988-05-15,1839,0.0,0.0,0.883357542,3.595611784,,7686.487044,191.625,12.213799999999999
1988-05-16,1840,0.0,0.0,0.840268156,6.102543011,,7811.601556,306.0416666666667,12.854025
1988-05-17,1841,0.0,0.0,0.828201117,5.802058458,6.7,7851.580581,312.0,11.007654166666667
1988-05-18,1842,0.0,0.0,0.819251397,2.641309516,,7877.30869,180.54166666666666,4.462158333333334
1988-05-19,1843,5.0,2.876712329,0.842782123,1.751834418,,7810.696535,133.66666666666666,3.3313875
1988-05-20,1844,0.0,0.0,0.79722905,3.601747094,,7946.056399,237.41666666666666,5.052104166666667
1988-05-21,1845,0.0,0.0,0.766181564,2.701127519,,8050.977493,168.16666666666666,7.155449999999999
1988-05-22,1846,0.0,0.0,0.733072626,5.052847167,,8161.283952,301.9583333333333,8.347941666666667
1988-05-23,1847,13.5,2.876712329,0.962069832,1.57144706,,7376.489324,113.625,7.001883333333333
1988-05-24,1848,10.75,2.876712329,1.09352514,1.341942078,7.0,7101.234557,93.79166666666667,6.0458583333333324
1988-05-25,1849,0.0,0.0,0.957393855,1.347683625,,7399.265889,97.95833333333333,5.75955
1988-05-26,1850,12.0,1.232876712,1.296553073,1.012381679,,6736.209324,82.75,5.899283333333333
1988-05-27,1851,0.0,0.0,0.990050279,2.938159641,,7360.71492,176.83333333333334,6.7667874999999995
1988-05-28,1852,3.5,1.232876712,0.872094972,2.068855119,,7716.919932,136.66666666666666,5.913520833333333
1988-05-29,1853,25.25,1.232876712,2.942849162,2.268563653,,4949.240313,153.41666666666666,6.4641375
1988-05-30,1854,33.0,1.232876712,6.904181564,1.740509666,7.0,3389.032538,121.20833333333333,6.4587666666666665
1988-05-31,1855,9.25,1.917808219,12.7952095,2.217858334,,2229.816349,145.875,7.189666666666667
1988-06-01,1856,0.75,1.881611726,4.658379888,1.314285352,,4052.724345,88.20833333333333,7.6629958333333335
1988-06-02,1857,2.25,5.623839081,3.278765363,3.313215669,,4736.717666,169.625,8.786608333333334
1988-06-03,1858,13.75,2.753811223,3.085743017,2.028715683,,4945.368719,132.66666666666666,6.938624999999999
1988-06-04,1859,0.25,4.294681716,3.354435754,3.058001587,,4624.604543,193.5,7.268108333333333
1988-06-05,1860,0.0,0.0,2.43223743,4.58628333,,5345.944151,310.3333333333333,6.896441666666667
1988-06-06,1861,0.0,0.0,2.114094972,2.571100424,,5646.037063,153.125,8.274633333333334
1988-06-07,1862,0.25,3.705940578,1.862824022,4.632018729,7.6,5917.677807,264.25,10.090258333333333
1988-06-08,1863,7.25,2.465753425,1.84346648,0.266511932,,5955.961662,22.25,8.673275
1988-06-09,1864,0.75,2.465753425,1.682798883,1.307858785,,6141.2942,90.375,7.139975
1988-06-10,1865,0.5,2.465753425,1.569418994,1.251215547,,6307.106396,78.375,8.300191666666667
1988-06-11,1866,0.25,2.465753425,1.471675978,4.944007353,,6449.298178,267.625,10.9466375
1988-06-12,1867,0.0,0.0,1.286446927,6.287421198,,6752.526235,330.0833333333333,10.743091666666666
1988-06-13,1868,0.0,0.0,1.147801676,6.193513193,,7030.737173,348.5416666666667,11.4438625
1988-06-14,1869,0.0,0.0,1.060743017,7.20965406,6.7,7224.439508,342.7083333333333,14.840083333333332
1988-06-15,1870,0.0,0.0,1.001488827,5.527826782,,7367.603926,241.75,16.733787500000002
1988-06-16,1871,0.0,0.0,0.95022905,4.451306058,,7500.305486,225.0,14.3975
1988-06-17,1872,0.0,0.0,0.913927374,1.892606167,,7598.324648,108.54166666666667,9.537116666666668
1988-06-18,1873,0.0,0.0,0.882251397,2.147248132,,7688.143753,116.70833333333333,11.677954166666666
1988-06-19,1874,0.0,0.0,0.851027933,2.934380068,,7780.816878,158.91666666666666,13.687995833333334
1988-06-20,1875,0.0,0.0,0.809120112,5.172081755,,7903.573938,253.08333333333334,13.5871
1988-06-21,1876,0.0,0.0,0.769826816,2.670044061,6.5,8040.454658,130.58333333333334,11.727358333333333
1988-06-22,1877,0.0,0.0,0.757935754,5.838670551,,8078.21507,320.3333333333333,9.741200000000001
1988-06-23,1878,0.0,0.0,0.715198324,7.10900054,,8232.963546,331.4166666666667,14.1353625
1988-06-24,1879,0.0,0.0,0.708486034,4.871796321,,8258.930974,236.5,13.354033333333334
1988-06-25,1880,0.0,0.0,0.695840782,5.761089734,,8304.384052,266.625,15.66755
1988-06-26,1881,7.75,1.917808219,0.761932961,0.971498353,,8073.227032,51.833333333333336,11.056775
1988-06-27,1882,0.0,0.0,0.688977654,1.233356387,,8322.226316,68.375,9.55885
1988-06-28,1883,0.0,0.0,0.663486034,4.607742146,6.5,8433.255779,224.83333333333334,14.03235
1988-06-29,1884,5.0,2.465753425,0.679449721,1.234521027,,8377.536634,69.45833333333333,11.9857125
1988-06-30,1885,5.25,2.465753425,0.672511173,1.716530559,,8394.805281,88.45833333333333,12.07805
1988-07-01,1886,12.5,2.465753425,0.832298883,3.215520257,,7871.715256,191.70833333333334,9.2377625
1988-07-02,1887,11.25,2.465753425,1.800905028,2.920876034,,5817.256762,187.70833333333334,7.6081458333333325
1988-07-03,1888,1.25,2.465753425,0.890120112,1.197644093,,7634.342884,68.625,7.551020833333333
1988-07-04,1889,24.0,2.465753425,2.834798883,0.811170328,,4819.953067,57.75,7.904545833333334
1988-07-05,1890,0.25,2.465753425,1.549156425,4.680178787,6.8,6285.213204,275.4166666666667,10.394208333333333
1988-07-06,1891,22.0,1.780821918,2.296634078,2.355426785,,5380.839925,135.08333333333334,9.346983333333332
1988-07-07,1892,27.75,1.780821918,9.781340782,1.752144061,,2813.526167,126.04166666666667,8.494458333333332
1988-07-08,1893,18.25,1.780821918,11.62367598,2.077076274,,2563.807111,133.83333333333334,8.054450000000001
1988-07-09,1894,4.5,1.780821918,6.615,2.563937335,,3433.245963,155.91666666666666,9.932870833333334
1988-07-10,1895,15.0,1.780821918,9.729427374,1.124248121,,2802.324834,75.79166666666667,10.618079166666666
1988-07-11,1896,4.5,1.780821918,5.694360335,2.32642255,,3705.36866,143.41666666666666,9.447645833333334
1988-07-12,1897,16.25,1.780821918,5.835293296,1.559757676,7.0,3696.177081,97.33333333333333,9.081962500000001
1988-07-13,1898,3.5,2.739726027,7.879826816,3.08895233,,3140.401867,188.25,9.932133333333333
1988-07-14,1899,3.75,2.739726027,5.070519553,0.369497695,,3928.643575,22.291666666666668,8.36025
1988-07-15,1900,0.0,0.0,3.859567039,2.962182255,,4428.592194,198.0,8.657120833333334
1988-07-16,1901,14.75,2.739726027,3.91203352,1.726677925,,4503.401481,113.125,10.617179166666666
1988-07-17,1902,2.75,2.739726027,5.565368715,1.310681705,,3708.949797,90.625,9.1241375
1988-07-18,1903,0.75,2.739726027,3.77922067,3.238825924,,4469.325462,234.41666666666666,9.4479375
1988-07-19,1904,5.0,2.739726027,3.369569832,2.745518366,6.6,4705.458582,186.54166666666666,11.161079166666667
1988-07-20,1905,0.25,2.602739726,3.021687151,3.135716496,,4912.34938,140.95833333333334,12.645475
1988-07-21,1906,16.0,2.602739726,3.331986034,1.340308122,,4728.554461,80.79166666666667,12.108520833333335
1988-07-22,1907,4.5,2.602739726,3.853659218,1.136220148,,4407.99896,73.625,12.213920833333333
1988-07-23,1908,4.0,2.602739726,3.474703911,1.436566902,,4652.647565,80.91666666666667,11.586591666666665
1988-07-24,1909,4.75,2.602739726,3.440941341,2.174340033,,4666.927543,134.0,9.374991666666666
1988-07-25,1910,6.0,2.602739726,3.548337989,2.892272241,,4606.902777,165.66666666666666,10.453558333333334
1988-07-26,1911,10.0,2.602739726,3.627678771,2.984916337,5.5,4556.350283,184.125,9.078329166666666
1988-07-27,1912,8.75,5.479452055,5.261631285,3.54633457,,3834.838299,204.66666666666666,9.150845833333333
1988-07-28,1913,10.0,5.479452055,4.224972067,0.616863505,,4305.079819,36.958333333333336,8.651529166666666
1988-07-29,1914,10.5,5.479452055,5.255899441,1.375712868,,3866.593071,97.5,7.913150000000001
1988-07-30,1915,16.0,5.479452055,7.971486034,1.352273067,,3182.293214,93.29166666666667,8.937229166666667
1988-07-31,1916,0.25,5.479452055,6.143681564,2.340691993,,3580.081747,135.75,8.720983333333333
1988-08-01,1917,0.5,5.479452055,4.643019553,1.384405838,,4091.37831,83.91666666666667,9.3002625
1988-08-02,1918,0.25,5.479452055,3.782061453,3.588218994,5.6,4473.718859,207.33333333333334,9.246816666666666
1988-08-03,1919,0.5,5.753424658,3.243167598,2.396267052,,4771.392469,146.70833333333334,8.865208333333333
1988-08-04,1920,4.5,5.753424658,2.935407821,0.663563891,,4973.636212,44.541666666666664,10.777033333333334
1988-08-05,1921,1.0,5.753424658,2.572064246,1.428798986,,5235.81079,88.66666666666667,10.148766666666667
1988-08-06,1922,0.0,0.0,2.163997207,5.701986623,,5590.994191,290.125,13.385679166666668
1988-08-07,1923,0.0,0.0,1.913379888,6.193959932,,5861.553647,268.7083333333333,17.464666666666666
1988-08-08,1924,4.25,5.753424658,1.772849162,4.650847362,,6038.850728,208.79166666666666,15.906258333333334
1988-08-09,1925,0.0,0.0,1.708768156,3.281005424,5.4,6112.216142,190.875,10.921495833333333
1988-08-10,1926,8.0,3.287671233,1.671108939,1.308752309,,6172.40076,87.54166666666667,9.836808333333334
1988-08-11,1927,20.0,3.287671233,2.714656425,1.362346727,,5166.261823,87.45833333333333,9.585933333333333
1988-08-12,1928,14.35762431,3.287671233,8.270069832,1.619134532,,2990.580639,11.916666666666666,9.421879166666667
1988-08-13,1929,17.0,3.287671233,6.035882682,0.952716948,,3516.182397,62.791666666666664,10.591508333333334
1988-08-14,1930,10.75,3.287671233,10.58925419,1.16446459,,2674.5551,61.833333333333336,11.611975000000001
1988-08-15,1931,0.25,3.287671233,5.883536313,3.046442472,,3645.42632,190.79166666666666,9.1980625
1988-08-16,1932,0.0,0.0,4.163782123,4.27955795,5.5,4282.597894,225.91666666666666,11.6920375
1988-08-17,1933,0.0,0.0,3.344631285,4.715374758,,4708.766733,219.875,13.257591666666668
1988-08-18,1934,38.25,2.328767123,13.16800559,0.944525455,,2190.855959,63.083333333333336,11.900370833333334
1988-08-19,1935,18.25,2.328767123,12.06520391,1.587377465,,2525.990726,111.75,10.373266666666668
1988-08-20,1936,42.5,2.328767123,26.64072905,1.038765471,,1381.164106,62.041666666666664,9.092566666666666
1988-08-21,1937,2.75,2.328767123,14.86417877,1.904741308,,2162.769522,109.0,7.4801125
1988-08-22,1938,0.25,2.328767123,8.469326816,3.289107085,,3045.510511,195.5,9.064066666666667
1988-08-23,1939,1.5,2.328767123,6.084628492,1.5766152,5.7,3609.597806,95.75,10.943975
1988-08-24,1940,11.25,6.575342466,5.391653631,1.638778985,,3834.027329,101.5,9.0707
1988-08-25,1941,1.0,6.575342466,4.388656425,1.240643285,,4193.869141,69.41666666666667,8.090429166666667
1988-08-26,1942,10.75,6.575342466,4.161670391,1.230215406,,4324.995948,73.83333333333333,10.977683333333333
1988-08-27,1943,30.25,6.575342466,17.40811173,2.31848652,,1922.385363,141.20833333333334,11.456595833333333
1988-08-28,1944,12.25,6.575342466,8.880385475,2.087143256,,2998.273711,133.95833333333334,8.420633333333333
1988-08-29,1945,28.25,6.575342466,16.54277933,1.717650613,5.5,2068.20501,123.33333333333333,8.442245833333333
1988-08-30,1946,10.0,9.315068493,11.39829888,1.072287733,,2617.214452,59.75,9.333491666666667
1988-08-31,1947,6.0,9.315068493,10.40648883,2.403327278,,2710.681427,157.20833333333334,9.106141666666668
1988-09-01,1948,23.0,9.315068493,11.26646648,1.676774452,,2686.544372,97.20833333333333,10.057916666666666
1988-09-02,1949,42.75,9.315068493,35.25252235,0.98625439,6.4,969.95737,64.08333333333333,7.72295
1988-09-03,1950,6.75,9.315068493,13.24081006,1.861263348,,2346.41286,129.33333333333334,7.8724750000000006
1988-09-04,1951,4.25,9.315068493,8.270849162,1.324905581,,3090.836943,96.125,8.634341666666666
1988-09-05,1952,0.0,0.0,5.676108939,3.081109045,,3721.900346,178.0,10.360333333333333
1988-09-06,1953,0.0,0.0,4.415656425,2.893184492,5.6,4180.461442,152.54166666666666,12.63
1988-09-07,1954,0.0,0.0,3.446698324,3.914602764,,4640.576395,201.58333333333334,16.050833333333333
1988-09-08,1955,1.5,5.342465753,2.825572626,1.044997945,,5045.128431,71.75,13.274583333333332
1988-09-09,1956,0.25,5.342465753,2.433846369,2.854173507,,5350.153911,178.29166666666666,11.107916666666666
1988-09-10,1957,2.75,5.342465753,2.153388268,1.508167892,,5611.079787,103.29166666666667,10.461666666666668
1988-09-11,1958,5.75,5.342465753,2.170106145,2.384066527,,5585.003062,164.20833333333334,9.3375
1988-09-12,1959,13.5,5.342465753,1.9575,1.195833116,,5833.312312,95.25,7.9845
1988-09-13,1960,23.25,5.342465753,5.595687151,1.362032175,6.2,3669.150287,106.70833333333333,7.225124999999999
1988-09-14,1961,10.0,3.027401234,3.026539106,2.159229351,,4884.710605,158.625,6.620333333333334
1988-09-15,1962,3.75,1.768359778,2.523444134,2.246823452,,5275.84113,149.20833333333334,7.122166666666668
1988-09-16,1963,0.25,4.891085178,2.27322905,1.789478096,,5497.525466,118.95833333333333,8.177958333333335
1988-09-17,1964,0.25,7.169951671,2.108941341,0.872452495,,5656.915782,60.333333333333336,8.192958333333333
1988-09-18,1965,0.0,0.0,1.968812849,2.891586515,,5804.19462,179.375,7.651125
1988-09-19,1966,0.0,0.0,1.836201117,1.810710137,,5957.705453,115.29166666666667,7.619083333333333
1988-09-20,1967,0.0,0.0,1.767594972,1.056343774,5.5,6043.356682,82.125,8.088041666666667
1988-09-21,1968,6.25,1.506849315,1.71676257,0.287398115,,6112.627635,32.833333333333336,8.521666666666667
1988-09-22,1969,5.0,1.506849315,1.644435754,0.840923402,,6192.949039,81.54166666666667,7.7201249999999995
1988-09-23,1970,32.0,1.506849315,6.489251397,0.720110044,,3377.754215,62.708333333333336,7.037166666666667
1988-09-24,1971,74.75,1.506849315,39.42573184,0.341440062,,834.5371199,36.583333333333336,8.710166666666666
1988-09-25,1972,50.75,1.506849315,26.94687989,0.199294786,,1511.006456,33.041666666666664,11.214583333333332
1988-09-26,1973,37.75,1.506849315,47.12671508,0.712517255,5.9,371.090228,59.916666666666664,10.857083333333334
1988-09-27,1974,22.5,1.506849315,17.75471229,0.213864741,5.9,1952.547412,31.583333333333332,10.464583333333334
1988-09-28,1975,20.75,5.890410959,17.93438547,0.511942346,,1943.442606,63.625,6.608458333333334
1988-09-29,1976,2.25,5.890410959,12.3539581,1.822581577,,2437.620958,161.0,5.309625
1988-09-30,1977,0.0,0.0,7.312198324,1.221931029,,3282.321224,114.45833333333333,4.605916666666666
1988-10-01,1978,0.0,0.0,5.029918994,1.597284781,,3935.980304,142.08333333333334,6.779166666666666
1988-10-02,1979,0.25,5.890410959,3.842069832,0.827494369,,4438.680499,63.916666666666664,7.648208333333333
1988-10-03,1980,0.0,0.0,3.009569832,1.007806745,,4908.770813,82.66666666666667,7.028083333333334
1988-10-04,1981,9.75,5.890410959,2.683960894,0.09374263,5.7,5162.041492,17.875,7.06625
1988-10-05,1982,19.5,9.863013699,4.019882682,0.107116241,,4419.931817,24.541666666666668,7.077500000000001
1988-10-06,1983,30.0,9.863013699,13.689,0.465939831,,2285.971434,40.958333333333336,6.718083333333333
1988-10-07,1984,18.75,9.863013699,17.00341341,0.67434264,,1990.674371,51.458333333333336,4.342416666666667
1988-10-08,1985,13.75,9.863013699,11.9996648,0.344839811,,2491.185708,41.583333333333336,6.453291666666666
1988-10-09,1986,11.0,9.863013699,10.89,0.308574899,,2657.944058,46.125,5.3072083333333335
1988-10-10,1987,4.5,9.863013699,9.206472067,1.361112197,,2925.51957,138.08333333333334,4.135833333333333
1988-10-11,1988,2.75,9.863013699,6.369134078,0.187630321,6.3,3530.094214,26.333333333333332,4.336749999999999
1988-10-12,1989,1.5,1.369863014,5.272039106,0.395821219,,3863.872532,42.333333333333336,5.6215
1988-10-13,1990,0.75,1.369863014,4.161519553,0.810524472,,4292.447629,76.33333333333333,5.830208333333334
1988-10-14,1991,0.5,1.369863014,3.393804469,0.303733335,,4677.387385,27.083333333333332,6.121833333333334
1988-10-15,1992,0.75,1.369863014,2.783689944,0.339925677,,5073.450636,29.291666666666668,7.207416666666667
1988-10-16,1993,0.25,1.369863014,2.460796089,0.321807878,,5330.657544,31.666666666666668,8.379583333333334
1988-10-17,1994,0.0,0.0,2.209851955,0.056271844,,5554.468365,17.041666666666668,7.562583333333333
1988-10-18,1995,7.75,1.369863014,2.69474581,0.019496995,5.8,5156.798724,10.375,9.850833333333332
1988-10-19,1996,3.25,2.328767123,2.867329609,0.023630881,,5009.517861,14.083333333333334,9.862708333333334
1988-10-20,1997,0.5,2.328767123,2.420723464,1.439509141,,5358.244618,105.5,7.85475
1988-10-21,1998,1.5,2.328767123,2.169628492,0.300928762,,5596.844404,19.75,7.734666666666667
1988-10-22,1999,6.25,2.328767123,2.299550279,0.108952682,,5479.519353,13.041666666666666,8.65125
1988-10-23,2000,2.0,2.328767123,2.318581006,0.0,,5457.845897,9.208333333333334,7.677916666666667
1988-10-24,2001,4.5,2.328767123,2.262796089,0.748802057,,5506.613374,59.791666666666664,8.403333333333334
1988-10-25,2002,9.25,2.328767123,7.251888268,0.426860351,7.4,3273.772683,26.458333333333332,9.941666666666666
1988-10-26,2003,10.75,2.465753425,8.324648045,0.051809802,,3046.354203,5.25,11.359166666666667
1988-10-27,2004,2.75,2.465753425,9.661047486,0.304026127,,2801.292647,30.875,7.525666666666666
1988-10-28,2005,1.75,2.465753425,6.667969274,0.70687211,,3447.815169,72.58333333333333,4.777083333333334
1988-10-29,2006,2.5,2.465753425,4.840969274,0.640404139,,4011.934073,85.16666666666667,0.21679166666666663
1988-10-30,2007,0.0,0.0,3.866555866,0.777651376,,4430.50805,104.58333333333333,-0.7935833333333333
1988-10-31,2008,0.25,2.465753425,3.159,0.970461218,,4817.436104,98.70833333333333,0.8588749999999999
1988-11-01,2009,0.5,2.465753425,2.648337989,0.726503247,7.4,5177.621226,81.66666666666667,2.597541666666667
1988-11-02,2010,0.0,0.0,2.317248603,0.034161296,,5452.123184,19.208333333333332,1.3362916666666667
1988-11-03,2011,0.0,0.0,2.044659218,0.510091768,,5717.302511,92.125,-0.3204166666666667
1988-11-04,2012,0.5,4.345332367,1.829815642,0.75103924,,5962.225356,98.91666666666667,-0.5045000000000001
1988-11-05,2013,0.0,0.0,1.69277933,0.386820174,,6134.403338,20.291666666666668,4.754125
1988-11-06,2014,0.0,0.0,1.561122905,0.392363301,,6313.842932,29.666666666666668,6.326125
1988-11-07,2015,0.0,0.0,1.40472905,0.645995449,,6554.97444,70.95833333333333,4.614166666666667
1988-11-08,2016,13.0,2.829009029,1.777675978,0.04456523,7.1,5936.116024,10.291666666666666,3.5957916666666665
1988-11-09,2017,10.25,3.561643836,2.520804469,0.046587811,,5242.325201,11.25,8.5495
1988-11-10,2018,14.75,3.561643836,4.985044693,0.219687978,,3625.374479,11.625,8.535541666666667
1988-11-11,2019,1.0,3.561643836,3.437648045,0.439096085,,4606.2954,55.291666666666664,4.179208333333333
1988-11-12,2020,1.25,3.561643836,2.521055866,0.226503796,,5274.718838,26.041666666666668,4.371541666666666
1988-11-13,2021,0.0,0.0,2.217670391,0.355521364,,5546.636598,45.0,2.9919583333333333
1988-11-14,2022,0.25,3.561643836,2.029022346,0.799950817,,5738.688396,66.25,4.70025
1988-11-15,2023,0.0,0.0,1.844723464,1.097573891,7.3,5943.580372,66.375,6.525416666666666
1988-11-16,2024,0.0,0.0,1.718069832,0.617044509,,6101.750447,60.958333333333336,4.505416666666666
1988-11-17,2025,19.25,4.520547945,2.500416201,0.338806893,,5295.036002,11.166666666666666,6.933
1988-11-18,2026,2.75,4.520547945,3.466407821,0.040634886,,4568.463442,13.583333333333334,3.8606666666666665
1988-11-19,2027,0.25,4.520547945,2.262494413,0.0712011,,5498.762304,12.5,0.722
1988-11-20,2028,11.25,4.520547945,3.119555866,0.0,,4826.742312,31.875,-1.687125
1988-11-21,2029,1.25,4.520547945,2.313301676,0.149608755,,5453.036741,92.58333333333333,-3.406916666666667
1988-11-22,2030,0.75,4.520547945,2.067938547,0.156186536,7.1,5698.575587,18.291666666666668,-1.5894166666666667
1988-11-23,2031,2.0,3.424657534,2.023567039,0.090859828,,5753.973611,17.333333333333332,1.118125
1988-11-24,2032,0.0,0.0,1.914536313,0.270664351,,5860.974739,51.416666666666664,0.29583333333333334
1988-11-25,2033,0.0,0.0,1.771240223,0.18318131,,6034.750391,31.208333333333332,-0.08312500000000002
1988-11-26,2034,0.0,0.0,1.645617318,0.152585236,,6199.077125,22.625,-0.8059166666666666
1988-11-27,2035,0.0,0.0,1.553832402,0.295366414,,6329.517515,27.541666666666668,0.37262500000000004
1988-11-28,2036,26.5,3.424657534,6.600544693,0.040385014,6.8,3312.677355,6.625,5.47525
1988-11-29,2037,33.0,3.424657534,9.172357542,0.135349858,7.2,2817.052661,8.041666666666666,5.519958333333334
1988-11-30,2038,12.75,6.164383562,17.77422067,0.277524021,,1847.040484,26.166666666666668,5.340333333333334
1988-12-01,2039,1.25,6.164383562,7.881787709,0.002223556,,3149.178651,2.8333333333333335,1.676125
1988-12-02,2040,0.0,0.0,5.035877095,0.0,,3928.795149,4.875,-1.4654583333333333
1988-12-03,2041,10.5,6.164383562,5.41573743,0.314985891,,3768.436006,5.333333333333333,2.483625
1988-12-04,2042,18.75,6.164383562,9.465863128,0.461610607,,2832.238335,5.416666666666667,2.6797916666666666
1988-12-05,2043,2.75,6.164383562,5.952469274,0.362006928,,3639.562231,27.208333333333332,1.9167916666666667
1988-12-06,2044,6.5,6.164383562,4.926444134,0.32725244,8.0,3989.361537,41.125,1.0831666666666666
1988-12-07,2045,0.25,3.666699142,3.885335196,0.231913368,,4421.891311,22.833333333333332,2.1286666666666667
1988-12-08,2046,16.25,29.39393474,4.334656425,0.35386526,,4308.97238,11.0,5.244916666666667
1988-12-09,2047,13.5,5.281605274,11.42544972,0.15588036,,2539.147473,6.583333333333333,6.316416666666666
1988-12-10,2048,0.25,5.73158924,6.026203911,0.268394598,,3612.327434,17.958333333333332,5.351583333333333
1988-12-11,2049,3.25,46.58541763,4.680301676,0.288405338,,4081.236493,6.333333333333333,4.970541666666667
1988-12-12,2050,0.0,0.0,3.845614525,0.199256026,,4442.976542,20.041666666666668,4.668583333333333
1988-12-13,2051,0.75,1.026666449,3.279192737,0.173311334,7.1,4749.640791,13.291666666666666,5.8730416666666665
1988-12-14,2052,0.0,0.0,2.77501676,0.140462605,,5081.369655,11.625,5.151916666666667
1988-12-15,2053,0.0,0.0,2.500592179,0.007544245,,5298.397067,6.083333333333333,2.966041666666667
1988-12-16,2054,11.25,11.78082192,3.054117318,0.0,,4875.469737,14.5,2.416875
1988-12-17,2055,1.5,11.78082192,2.477438547,0.118723137,,5313.387905,11.458333333333334,1.8853333333333333
1988-12-18,2056,9.25,11.78082192,3.221170391,0.160548075,,4796.226733,5.083333333333333,5.388583333333333
1988-12-19,2057,19.5,11.78082192,8.80353352,0.344872316,,2757.014885,11.125,3.81325
1988-12-20,2058,6.5,11.78082192,4.883555866,0.166810462,7.3,4006.511421,16.458333333333332,4.089791666666667
1988-12-21,2059,5.0,9.315068493,4.943011173,0.327443641,,3993.666737,14.625,5.789083333333333
1988-12-22,2060,9.75,9.315068493,6.495083799,0.382606499,,3482.670898,6.083333333333333,5.914791666666667
1988-12-23,2061,33.0,9.315068493,15.88701117,0.471884394,,1987.260724,11.208333333333334,5.0935
1988-12-24,2062,12.75,9.315068493,14.06591899,0.168898973,,2261.129366,3.5,7.046083333333333
1988-12-25,2063,3.25,9.315068493,8.408187151,0.244022984,,3067.013678,7.666666666666667,6.456333333333333
1988-12-26,2064,20.0,9.315068493,8.12026257,0.206738641,,3143.349425,2.375,7.345166666666667
1988-12-27,2065,1.5,9.315068493,9.284958101,0.252581751,,2828.057706,16.875,5.059333333333333
1988-12-28,2066,1.25,9.315068493,6.18677095,0.122578831,,3574.320851,16.916666666666668,6.660916666666666
1988-12-29,2067,0.0,0.0,4.679094972,0.41476194,,4075.656592,28.208333333333332,4.883875
1988-12-30,2068,0.0,0.0,3.832592179,0.579158494,,4450.485807,32.333333333333336,4.867791666666666
1988-12-31,2069,0.0,0.0,3.145097765,0.192765462,,4825.621639,11.416666666666666,3.5677916666666665
1989-01-01,2070,0.0,0.0,2.620759777,0.133911827,,5196.455009,11.708333333333334,2.408333333333333
1989-01-02,2071,0.25,9.315068493,2.297840782,0.109205999,,5470.513252,7.75,0.867375
1989-01-03,2072,1.5,9.315068493,2.040888268,0.283967473,7.2,5726.751323,5.625,2.3684166666666666
1989-01-04,2073,5.5,5.205479452,2.056399441,0.42274833,,5709.943178,20.791666666666668,2.4512916666666666
1989-01-05,2074,38.25,5.205479452,11.56258659,0.141864843,,1951.765782,5.916666666666667,3.840125
1989-01-06,2075,0.25,5.205479452,6.182497207,0.185794105,,3516.730956,14.875,4.287333333333334
1989-01-07,2076,0.75,5.205479452,4.186810056,0.221943423,,4279.012187,30.375,5.742249999999999
1989-01-08,2077,2.25,5.205479452,3.530840782,0.211682319,,4606.220627,20.375,5.485708333333334
1989-01-09,2078,10.0,5.205479452,3.944614525,0.14047584,,4404.075039,16.541666666666668,3.806875
1989-01-10,2079,2.0,5.205479452,3.452706704,0.113657424,7.4,4641.957503,49.25,0.3539583333333334
1989-01-11,2080,10.5,4.931506849,3.019776536,0.439845621,,5008.74242,20.333333333333332,1.83725
1989-01-12,2081,17.25,4.931506849,11.64652793,0.241023333,,2474.6436,30.166666666666668,2.196875
1989-01-13,2082,25.0,4.931506849,8.421586592,0.304657764,,3260.235478,8.291666666666666,4.233416666666667
1989-01-14,2083,13.25,4.931506849,22.09610615,0.596079527,,1385.756237,33.166666666666664,2.6062499999999997
1989-01-15,2084,7.5,4.931506849,8.512064246,0.316286484,,3046.652577,13.416666666666666,5.021999999999999
1989-01-16,2085,15.5,4.931506849,6.250751397,0.380649315,,3640.838284,20.5,4.540958333333333
1989-01-17,2086,2.75,4.931506849,8.544645251,0.352148998,7.5,2976.016182,58.666666666666664,1.3177916666666667
1989-01-18,2087,0.25,4.657534247,5.310175978,0.355036037,,3849.764159,59.25,0.013583333333333355
1989-01-19,2088,0.0,0.0,4.311553073,0.055983113,,4230.042253,23.916666666666668,1.1429583333333333
1989-01-20,2089,4.75,4.657534247,3.771125698,0.260830762,,4495.598812,12.125,2.952291666666667
1989-01-21,2090,13.25,4.657534247,5.420790503,0.108562109,,3799.502701,15.0,1.3724166666666668
1989-01-22,2091,0.0,0.0,3.981444134,0.425768513,,4371.813732,41.416666666666664,2.011833333333333
1989-01-23,2092,16.75,4.657534247,5.497139665,0.174743262,,3810.722049,8.583333333333334,5.848958333333333
1989-01-24,2093,0.0,0.0,4.780407821,0.304808704,7.4,4024.608587,23.583333333333332,3.0418749999999997
1989-01-25,2094,0.0,0.0,3.927318436,0.263168716,,4407.346808,20.541666666666668,-0.45508333333333334
1989-01-26,2095,8.25,4.520547945,4.641385475,0.411753411,,4087.676507,21.333333333333332,5.189708333333333
1989-01-27,2096,0.5,4.520547945,3.674287709,0.508294803,,4528.563516,8.541666666666666,5.902791666666666
1989-01-28,2097,10.75,4.520547945,5.419307263,0.439460222,,3789.520887,54.625,1.6883333333333332
1989-01-29,2098,0.25,4.520547945,3.791765363,0.57076378,,4471.642655,50.375,2.4316666666666666
1989-01-30,2099,0.0,0.0,3.215589385,0.707774417,,4785.796653,42.583333333333336,3.7096249999999995
1989-01-31,2100,0.0,0.0,2.745829609,0.2789607,7.3,5105.316663,23.916666666666668,1.1851666666666667
1989-02-01,2101,0.0,0.0,2.43824581,0.593201045,,5346.957935,58.208333333333336,1.4879583333333333
1989-02-02,2102,0.0,0.0,2.149089385,0.580142712,,5611.955579,63.916666666666664,1.7707916666666668
1989-02-03,2103,0.75,5.616438356,1.9575,0.340599068,,5815.770354,12.916666666666666,4.883624999999999
1989-02-04,2104,67.75,5.616438356,21.18562291,0.210527666,,1276.592791,5.208333333333333,5.902583333333333
1989-02-05,2105,1.0,5.616438356,11.95235196,0.404030426,,2379.218896,24.916666666666668,4.4362916666666665
1989-02-06,2106,0.0,0.0,5.912572626,0.621681217,,3633.786723,12.333333333333334,6.183
1989-02-07,2107,0.0,0.0,4.163907821,0.440434142,8.1,4286.864084,9.541666666666666,5.462041666666667
1989-02-08,2108,0.0,0.0,3.304407821,0.531607224,,4726.914615,55.375,4.051875
1989-02-09,2109,8.25,5.479452055,2.916678771,0.944895248,,5013.308245,68.375,3.926375
1989-02-10,2110,0.5,5.479452055,2.772326816,0.891163989,,5040.058275,93.29166666666667,1.2442083333333334
1989-02-11,2111,23.25,5.479452055,5.481201117,0.319219529,,3484.819107,20.958333333333332,1.9334583333333333
1989-02-12,2112,4.0,5.479452055,5.315530726,0.387239636,,3759.746968,31.125,1.8155833333333333
1989-02-13,2113,24.25,5.479452055,12.78771788,0.726084821,7.0,2144.886457,29.708333333333332,2.7792499999999998
1989-02-14,2114,1.25,5.479452055,6.464941341,0.844250922,8.1,3480.760639,55.333333333333336,2.162291666666667
1989-02-15,2115,30.25,8.767123288,14.7317933,0.532981031,,1988.503399,38.0,2.6919583333333335
1989-02-16,2116,0.0,0.0,7.236980447,1.0482471,,3286.484944,103.875,-0.616625
1989-02-17,2117,21.5,8.767123288,5.982360335,0.219160893,,3834.218617,38.916666666666664,0.8964583333333334
1989-02-18,2118,79.75,8.767123288,57.73751397,0.280389962,,490.1054386,6.208333333333333,7.660083333333334
1989-02-19,2119,2.0,8.767123288,18.20179609,0.86895835,,1689.129587,42.375,4.098625
1989-02-20,2120,2.25,8.767123288,8.124335196,1.003249354,,3106.718847,93.16666666666667,0.8312499999999999
1989-02-21,2121,0.75,8.767123288,5.292477654,1.290695403,8.3,3841.684933,107.41666666666667,1.1581666666666666
1989-02-22,2122,5.75,10.1369863,4.541027933,0.780029657,,4130.661552,65.375,0.7227083333333333
1989-02-23,2123,8.25,10.1369863,3.827614525,0.11802876,,4493.979906,54.0,-1.657875
1989-02-24,2124,1.75,10.1369863,4.568681564,0.0,,4119.400363,16.166666666666668,-1.224875
1989-02-25,2125,1.0,10.1369863,3.740756983,0.0,,4483.088512,54.0,-2.392541666666667
1989-02-26,2126,1.0,10.1369863,3.279444134,0.127750608,,4759.20714,43.916666666666664,-1.4791666666666667
1989-02-27,2127,14.75,10.1369863,5.024840782,0.421337103,,3960.726802,65.08333333333333,-0.17529166666666665
1989-02-28,2128,15.0,10.1369863,5.471899441,0.470310936,9.3,3877.546856,45.875,-0.17037500000000003
1989-03-01,2129,12.25,16.43835616,15.14332961,0.220143753,,2198.23893,17.125,0.5685416666666666
1989-03-02,2130,26.5,16.43835616,14.77101117,0.47212971,,2223.422745,53.25,1.3974583333333335
1989-03-03,2131,0.5,16.43835616,14.01885754,0.574507793,,2291.183968,71.29166666666667,2.5178333333333334
1989-03-04,2132,15.75,16.43835616,15.74341341,1.038418316,,2135.023242,105.54166666666667,4.6879583333333334
1989-03-05,2133,57.25,16.43835616,11.86717877,0.942273022,,2543.716994,43.875,6.6589583333333335
1989-03-06,2134,14.75,16.43835616,10.21761453,0.477834327,,2775.052721,22.25,6.063666666666666
1989-03-07,2135,0.0,0.0,6.989379888,1.693230979,8.2,3355.661512,140.0,1.1655
1989-03-08,2136,21.25,12.60273973,7.98450838,0.360312373,,3163.422836,27.916666666666668,1.6342083333333335
1989-03-09,2137,36.75,12.60273973,30.52138827,0.425675995,,1139.427681,19.958333333333332,5.994916666666666
1989-03-10,2138,9.75,12.60273973,18.49846927,0.989879616,,1824.739906,68.125,4.304250000000001
1989-03-11,2139,0.25,12.60273973,8.544217877,1.086656463,,3030.494913,100.625,2.906916666666667
1989-03-12,2140,21.25,12.60273973,7.035385475,0.396393831,,3515.432838,21.333333333333332,2.4682916666666666
1989-03-13,2141,5.75,12.60273973,12.40506704,0.942568388,,2299.3079,62.916666666666664,1.6351666666666667
1989-03-14,2142,54.0,12.60273973,29.55602514,0.264103541,10.3,1105.357706,17.541666666666668,2.749
1989-03-15,2143,2.25,3.150684932,16.63147207,1.657434022,,1846.413975,147.375,1.4577916666666668
1989-03-16,2144,0.0,0.0,8.170365922,0.725296822,,3101.654364,69.79166666666667,-0.42620833333333336
1989-03-17,2145,0.0,0.0,5.667486034,1.852578258,,3727.798097,193.33333333333334,-1.7902500000000001
1989-03-18,2146,31.5,3.150684932,11.12322067,0.301709949,,2389.766378,24.5,1.8825416666666666
1989-03-19,2147,28.75,3.150684932,19.88881844,0.443192514,,1787.80949,23.25,4.714458333333334
1989-03-20,2148,5.75,3.150684932,12.49760615,0.19670313,,2417.403111,53.25,-1.1405
1989-03-21,2149,27.25,3.150684932,17.74862849,0.357878227,8.4,1846.115634,84.16666666666667,1.983875
1989-03-22,2150,6.75,11.64383562,14.25434078,0.688149072,,2211.484765,47.708333333333336,2.2947083333333333
1989-03-23,2151,38.5,11.64383562,15.15579888,0.88122135,,2217.123182,57.75,1.221375
1989-03-24,2152,25.25,11.64383562,36.77671508,0.892706477,,813.3130936,78.29166666666667,3.0888333333333335
1989-03-25,2153,0.0,0.0,9.856734637,0.956012945,,2792.972106,84.875,2.3764583333333333
1989-03-26,2154,0.0,0.0,6.496416201,2.072327397,,3489.939372,171.33333333333334,6.839583333333334
1989-03-27,2155,0.0,0.0,4.811756983,1.53259442,8.1,4020.070984,122.83333333333333,7.8161249999999995
1989-03-28,2156,0.5,12.46575342,3.67722905,1.294841145,,4519.796958,114.16666666666667,3.63925
1989-03-29,2157,0.0,0.0,2.953206704,1.044079584,,4950.445973,99.5,3.354791666666667
1989-03-30,2158,1.75,12.46575342,2.515600559,0.684359277,,5283.027505,67.83333333333333,5.416916666666666
1989-03-31,2159,0.25,12.46575342,2.19001676,2.837292024,,5567.879703,170.41666666666666,6.1145
1989-04-01,2160,6.25,12.46575342,1.960441341,0.374067225,,5829.486277,22.25,5.8308333333333335
1989-04-02,2161,5.25,12.46575342,2.122617318,1.74284228,,5630.43153,116.66666666666667,2.9467083333333335
1989-04-03,2162,0.0,0.0,1.761511173,1.384323497,,6042.245458,127.70833333333333,-1.4012083333333332
1989-04-04,2163,1.0,12.46575342,1.619899441,1.106739888,7.7,6234.156878,106.875,-2.8392083333333336
1989-04-05,2164,7.5,3.150684932,1.619170391,0.003835023,,6252.119411,21.833333333333332,-1.45325
1989-04-06,2165,12.25,3.150684932,2.582170391,0.10399032,,5272.689077,5.208333333333333,-0.5841666666666666
1989-04-07,2166,21.0,3.150684932,6.393142458,0.569632371,,3550.700592,83.45833333333333,0.5697916666666667
1989-04-08,2167,0.25,3.150684932,5.919511173,1.791735218,,3635.591962,218.08333333333334,0.5889166666666666
1989-04-09,2168,1.0,3.150684932,4.86296648,2.67943454,,4007.411003,218.58333333333334,4.222166666666666
1989-04-10,2169,8.0,3.150684932,4.834231844,0.9275633,,4029.069069,79.66666666666667,2.39675
1989-04-11,2170,21.75,3.150684932,9.671656425,0.49855558,7.8,2697.036333,36.791666666666664,2.9275416666666665
1989-04-12,2171,9.75,21.23287671,8.463997207,1.842566483,,3065.281612,129.33333333333334,2.4212083333333334
1989-04-13,2172,4.5,21.23287671,7.810114525,0.74804606,,3187.913045,79.375,0.5403333333333333
1989-04-14,2173,0.0,0.0,5.38272905,2.556527051,,3817.009967,192.875,2.61225
1989-04-15,2174,0.0,0.0,3.978553073,2.937492553,,4367.080612,227.45833333333334,3.810166666666667
1989-04-16,2175,0.0,0.0,3.115734637,1.255985927,,4841.19213,102.41666666666667,3.7094583333333335
1989-04-17,2176,0.0,0.0,2.571486034,1.353794897,,5236.115932,103.125,3.4643333333333337
1989-04-18,2177,0.0,0.0,2.266617318,2.151835887,7.8,5499.879111,188.0,4.340333333333334
1989-04-19,2178,0.0,0.0,2.039832402,2.860449153,,5725.6088,197.875,4.175125
1989-04-20,2179,0.0,0.0,1.869611732,1.685088808,,5914.081181,116.29166666666667,3.2863333333333333
1989-04-21,2180,0.0,0.0,1.712111732,1.451049837,,6108.546301,102.0,2.677958333333333
1989-04-22,2181,0.0,0.0,1.553681564,2.722443788,,6323.368908,188.66666666666666,3.962
1989-04-23,2182,1.5,1.669429778,1.464460894,0.799273261,,6463.772989,76.58333333333333,1.0882083333333334
1989-04-24,2183,0.0,0.0,1.363273743,1.730902521,,6628.587057,150.95833333333334,-1.5336666666666667
1989-04-25,2184,0.75,1.240584111,1.283329609,2.449516058,6.8,6769.683981,239.375,-1.1482083333333335
1989-04-26,2185,9.75,1.643835616,1.39424581,1.834153193,,6572.908493,169.41666666666666,0.4127083333333333
1989-04-27,2186,1.5,1.643835616,1.30653352,0.723747429,,6715.313387,65.375,1.0114166666666666
1989-04-28,2187,7.5,1.643835616,1.228776536,3.231364506,,6911.740011,237.33333333333334,3.3905833333333333
1989-04-29,2188,9.25,1.643835616,2.082569832,2.972632033,,5616.240643,201.29166666666666,4.107666666666667
1989-04-30,2189,3.75,1.643835616,1.372902235,0.965710089,,6613.925874,71.125,5.708666666666667
1989-05-01,2190,0.25,1.643835616,1.309148045,2.778469932,,6718.885943,166.04166666666666,7.162291666666666
1989-05-02,2191,0.0,0.0,1.211078212,1.894901915,6.9,6905.348881,108.0,6.655666666666666
1989-05-03,2192,0.0,0.0,1.146695531,2.985074289,,7039.814231,161.25,9.81475
1989-05-04,2193,0.0,0.0,1.0935,4.66006433,,7153.522388,243.79166666666666,12.739583333333334
1989-05-05,2194,0.0,0.0,1.033818436,4.582394336,,7288.076799,239.5,12.203208333333334
1989-05-06,2195,0.0,0.0,0.97499162,4.730361967,,7436.135513,273.9583333333333,9.43425
1989-05-07,2196,0.0,0.0,0.936125698,5.230275468,,7537.107854,307.2916666666667,9.873541666666666
1989-05-08,2197,0.0,0.0,0.90002514,5.157114848,,7636.882938,288.125,9.740125
1989-05-09,2198,0.25,1.267622615,0.88353352,2.77795037,6.5,7687.027074,163.95833333333334,6.147458333333334
1989-05-10,2199,0.0,0.0,0.859097765,2.808747253,,7755.542914,167.54166666666666,5.709666666666667
1989-05-11,2200,11.5,9.315068493,0.935849162,2.100388831,,7579.324331,149.5,3.9583333333333335
1989-05-12,2201,23.25,9.315068493,2.104692737,0.783010715,,5627.413525,51.875,2.5341666666666667
1989-05-13,2202,2.0,9.315068493,1.569871508,2.802987663,,6218.103816,198.29166666666666,4.720083333333333
1989-05-14,2203,2.0,9.315068493,1.247354749,2.384381642,,6828.816485,149.58333333333334,7.071166666666667
1989-05-15,2204,0.5,9.315068493,1.114818436,1.537045049,,7103.037436,83.16666666666667,7.587583333333334
1989-05-16,2205,6.25,9.315068493,1.252307263,4.55057569,7.9,6829.825293,295.7916666666667,7.041333333333333
1989-05-17,2206,1.5,5.151408675,1.094756983,2.500566211,,7151.352736,150.33333333333334,9.261583333333332
1989-05-18,2207,1.5,1.371010385,1.091639665,3.943210575,,7159.843162,203.95833333333334,11.999583333333334
1989-05-19,2208,0.0,0.0,1.034572626,4.169517832,,7288.794225,198.625,14.255416666666667
1989-05-20,2209,0.0,0.0,0.998648045,4.959768653,,7377.747349,264.5833333333333,13.752916666666666
1989-05-21,2210,0.0,0.0,0.965815642,4.88682728,,7460.455626,253.75,13.862499999999999
1989-05-22,2211,0.5,3.6044186,0.936527933,5.466778299,,7535.855501,264.9166666666667,13.965000000000002
1989-05-23,2212,0.25,4.115673979,0.902815642,4.402069752,6.6,7631.976192,217.70833333333334,14.725
1989-05-24,2213,0.0,0.0,0.885192737,4.400545279,,7681.013606,208.04166666666666,16.263333333333332
1989-05-25,2214,0.0,0.0,0.888712291,1.115526288,,7676.713969,68.04166666666667,10.382291666666667
1989-05-26,2215,0.0,0.0,0.840444134,5.287336032,,7801.40402,318.9583333333333,8.464625
1989-05-27,2216,0.0,0.0,0.804167598,5.767522916,,7926.061503,332.5,9.320416666666667
1989-05-28,2217,0.0,0.0,0.777067039,5.244621697,,8013.967382,309.0416666666667,11.620624999999999
1989-05-29,2218,0.0,0.0,0.765276536,3.522107653,,8055.098101,248.08333333333334,7.296250000000001
1989-05-30,2219,0.0,0.0,0.736793296,4.919866342,,8152.917584,316.5,6.424458333333334
1989-05-31,2220,0.75,3.739480081,0.725329609,2.527724012,12.0,8199.074158,208.625,4.180125
1989-06-01,2221,2.5,3.287671233,0.745064246,2.615663565,,8127.062895,196.16666666666666,4.149041666666666
1989-06-02,2222,0.0,0.0,0.708662011,3.037768264,,8256.430643,238.25,4.718208333333333
1989-06-03,2223,1.25,3.287671233,0.701446927,3.110057592,,8283.454079,205.875,5.9943333333333335
1989-06-04,2224,0.0,0.0,0.6705,2.9175922,,8404.807743,187.70833333333334,6.883208333333333
1989-06-05,2225,4.0,3.287671233,0.669871508,2.387168774,,8418.868866,172.375,5.982708333333334
1989-06-06,2226,2.0,3.287671233,0.700617318,2.377891592,6.6,8281.437951,171.66666666666666,5.004083333333333
1989-06-07,2227,0.0,0.0,0.653958101,3.580114975,,8469.242034,222.75,6.5361666666666665
1989-06-08,2228,22.0,1.643835616,1.309701117,1.15366881,,6623.518278,87.625,5.409
1989-06-09,2229,0.0,0.0,0.869756983,2.140631816,,7680.065877,127.95833333333333,7.738833333333333
1989-06-10,2230,0.0,0.0,0.716807263,3.789185943,,8218.123106,201.0,8.804375
1989-06-11,2231,0.75,1.643835616,0.668715084,3.979422019,,8411.862302,212.79166666666666,11.659958333333334
1989-06-12,2232,0.75,1.643835616,0.662706704,2.899032579,,8434.641453,122.91666666666667,15.198749999999999
1989-06-13,2233,0.75,1.643835616,0.630251397,4.995352154,6.4,8570.266785,232.91666666666666,14.538333333333334
1989-06-14,2234,0.0,0.0,0.600108939,6.369160996,,8700.582234,337.7916666666667,12.850416666666668
1989-06-15,2235,0.0,0.0,0.579368715,5.621394984,,8800.056516,301.4583333333333,14.371666666666668
1989-06-16,2236,0.0,0.0,0.569865922,5.911859992,,8850.802412,310.5833333333333,15.479999999999999
1989-06-17,2237,0.0,0.0,0.56775419,4.335669292,,8858.568667,239.625,16.559583333333332
1989-06-18,2238,0.0,0.0,0.562851955,6.670648634,,8885.183041,327.1666666666667,18.090416666666666
1989-06-19,2239,0.0,0.0,0.560212291,7.154845117,,8899.740992,344.0833333333333,17.611666666666668
1989-06-20,2240,0.0,0.0,0.560715084,6.883482629,6.3,8897.004061,337.0416666666667,17.633333333333333
1989-06-21,2241,0.0,0.0,0.572304469,4.731246308,,8839.107657,281.875,10.469333333333333
1989-06-22,2242,0.0,0.0,0.570243017,5.640624766,,8849.149183,338.1666666666667,12.834583333333333
1989-06-23,2243,0.0,0.0,0.574315642,5.282621938,,8829.139913,325.5,10.157041666666666
1989-06-24,2244,0.0,0.0,0.573913408,4.607285347,,8831.800022,288.125,9.828125
1989-06-25,2245,0.0,0.0,0.568935754,4.390033216,,8854.734763,269.2916666666667,11.379583333333334
1989-06-26,2246,22.5,2.876712329,0.700039106,1.217896799,,8319.082484,73.83333333333333,10.430416666666668
1989-06-27,2247,6.5,2.876712329,0.978511173,1.943547898,8.1,7296.079287,137.75,8.359458333333334
1989-06-28,2248,49.75,1.506849315,5.405958101,0.556345619,,3065.727753,44.333333333333336,8.503333333333334
1989-06-29,2249,6.0,1.506849315,5.36623743,5.438283698,,3510.898874,337.2083333333333,9.671541666666666
1989-06-30,2250,24.5,1.506849315,3.04272905,1.470750349,,5092.455267,110.75,8.879708333333333
1989-07-01,2251,4.25,1.506849315,5.893365922,1.783464503,,3420.828981,103.58333333333333,9.755
1989-07-02,2252,0.0,0.0,2.575659218,4.258347391,,5188.605849,246.54166666666666,12.624583333333334
1989-07-03,2253,0.0,0.0,1.890326816,6.447526237,,5873.085672,346.8333333333333,14.015
1989-07-04,2254,0.0,0.0,1.577488827,6.715865567,7.3,6282.143939,344.2083333333333,14.873333333333333
1989-07-05,2255,0.0,0.0,1.383335196,6.671644833,,6590.171568,332.8333333333333,15.927083333333334
1989-07-06,2256,13.0,2.328767123,1.401913408,4.792394191,,6571.796036,227.83333333333334,15.392916666666666
1989-07-07,2257,16.0,2.328767123,3.035061453,0.392094496,,4804.329405,22.833333333333332,14.237083333333333
1989-07-08,2258,1.25,2.328767123,1.892162011,0.704580977,,5864.286173,39.666666666666664,13.32875
1989-07-09,2259,0.0,0.0,1.574120112,2.50669018,,6289.84856,148.75,11.342083333333333
1989-07-10,2260,0.25,2.328767123,1.392385475,3.796294073,,6576.12511,226.54166666666666,11.530833333333334
1989-07-11,2261,0.0,0.0,1.282173184,5.526705426,7.4,6768.734019,336.4166666666667,12.5325
1989-07-12,2262,0.25,1.855543237,1.212435754,3.880743231,,6902.801135,223.08333333333334,11.90125
1989-07-13,2263,0.25,1.180131538,1.111952514,5.118287242,,7109.385562,340.1666666666667,11.755833333333333
1989-07-14,2264,0.0,0.0,1.034949721,5.287837935,,7285.879825,327.9583333333333,11.138333333333334
1989-07-15,2265,0.0,0.0,0.95553352,6.215249021,,7479.094417,331.0416666666667,15.591666666666667
1989-07-16,2266,0.0,0.0,0.877776536,6.929906948,,7694.782274,333.3333333333333,16.89
1989-07-17,2267,0.0,0.0,0.831695531,6.009350527,,7834.024011,317.2083333333333,16.29125
1989-07-18,2268,0.0,0.0,0.798636872,5.592755159,7.1,7944.722448,293.2083333333333,15.722083333333332
1989-07-19,2269,0.0,0.0,0.761178771,6.162506146,,8064.769693,322.0416666666667,17.113333333333333
1989-07-20,2270,0.0,0.0,0.736189944,4.923447155,,8155.1627,260.5416666666667,18.344166666666666
1989-07-21,2271,0.5,1.309942908,0.72077933,4.681056269,,8212.956996,212.79166666666666,18.892083333333336
1989-07-22,2272,0.0,0.0,0.702075419,5.684301266,,8279.19713,287.75,16.70875
1989-07-23,2273,0.0,0.0,0.670148045,5.943083493,,8403.951214,316.7083333333333,16.315416666666668
1989-07-24,2274,0.0,0.0,0.651469274,5.89212644,,8482.447954,270.1666666666667,18.183333333333334
1989-07-25,2275,3.0,0.850300629,0.64573743,4.548004106,6.9,8509.804001,206.08333333333334,16.738333333333333
1989-07-26,2276,0.0,0.0,0.638748603,3.589300174,,8534.1545,199.16666666666666,12.204583333333334
1989-07-27,2277,0.25,7.260273973,0.622784916,2.824649424,,8603.53535,156.375,11.777083333333332
1989-07-28,2278,0.0,0.0,0.597519553,2.610062173,,8710.851835,135.41666666666666,12.247916666666667
1989-07-29,2279,11.0,7.260273973,0.656296089,1.657482544,,8480.222824,87.41666666666667,12.457916666666668
1989-07-30,2280,10.0,7.260273973,0.823600559,2.21185307,,7841.195954,133.0,10.1775
1989-07-31,2281,5.0,7.260273973,0.689203911,0.966546124,,8329.1037,66.20833333333333,7.693541666666667
1989-08-01,2282,0.0,0.0,0.635932961,4.235610879,,8534.026541,257.5,9.341125
1989-08-02,2283,0.5,7.260273973,0.581782123,1.911514286,,8781.50115,95.33333333333333,11.459583333333333
1989-08-03,2284,0.5,7.260273973,0.551312849,1.947414682,,8941.494906,103.20833333333333,12.668750000000001
1989-08-04,2285,0.25,7.260273973,0.545731844,5.615669158,,8967.390461,307.5416666666667,11.527500000000002
1989-08-05,2286,0.0,0.0,0.534896648,4.490848375,,9027.506565,210.33333333333334,14.779166666666667
1989-08-06,2287,0.0,0.0,0.535776536,4.742566016,,9022.885874,231.08333333333334,14.504166666666668
1989-08-07,2288,1.75,7.260273973,0.535701117,4.633812002,,9023.273818,252.25,12.520833333333334
1989-08-08,2289,0.5,7.260273973,0.544550279,5.024613952,6.9,8977.115065,246.0,14.080833333333333
1989-08-09,2290,23.0,3.835616438,1.045759777,1.456523959,,6817.243072,72.45833333333333,13.102916666666667
1989-08-10,2291,2.5,3.835616438,0.67422067,4.853242321,,8287.24605,275.4583333333333,10.070458333333333
1989-08-11,2292,17.25,3.835616438,1.598455307,2.235518055,,6002.529844,115.54166666666667,11.920833333333334
1989-08-12,2293,1.5,3.835616438,0.717310056,3.074428048,,8187.243692,162.79166666666666,11.030000000000001
1989-08-13,2294,20.75,3.835616438,1.464284916,1.590207689,,6152.810338,76.5,11.586666666666666
1989-08-14,2295,14.75,3.835616438,2.132195531,2.520832688,,5259.808113,119.54166666666667,11.27875
1989-08-15,2296,5.75,3.835616438,2.257793296,3.231335702,7.4,5413.865541,155.79166666666666,11.592083333333333
1989-08-16,2297,6.5,9.589041096,1.555969274,2.987172896,,6305.344886,174.08333333333334,10.775416666666667
1989-08-17,2298,5.0,9.589041096,1.331798883,3.316300183,,6663.609256,200.75,10.009583333333333
1989-08-18,2299,0.0,0.0,1.039399441,3.415092896,,7260.948041,206.125,10.574166666666667
1989-08-19,2300,0.0,0.0,0.907617318,5.730479238,,7606.221708,262.8333333333333,13.261249999999999
1989-08-20,2301,13.75,9.589041096,1.347134078,1.541839473,,6464.338567,68.95833333333333,13.352916666666667
1989-08-21,2302,0.25,9.589041096,1.265581006,3.698111745,,6727.581994,195.08333333333334,10.962083333333332
1989-08-22,2303,3.5,9.589041096,1.071402235,3.641539061,7.1,7198.850481,227.66666666666666,10.672083333333333
1989-08-23,2304,0.0,0.0,0.958575419,3.050668035,,7474.992831,187.54166666666666,10.375833333333334
1989-08-24,2305,5.5,3.287671233,0.923530726,2.186613459,,7589.141853,114.875,11.3075
1989-08-25,2306,9.25,3.287671233,1.289363128,1.401847986,,6768.973425,78.29166666666667,12.561250000000001
1989-08-26,2307,9.0,3.287671233,1.919564246,1.188940646,,5839.846371,68.625,11.376249999999999
1989-08-27,2308,0.5,3.287671233,1.700019553,3.184908605,,6094.421395,172.95833333333334,8.7675
1989-08-28,2309,0.0,0.0,1.384994413,4.356837425,,6582.298537,260.0416666666667,9.412833333333333
1989-08-29,2310,30.25,3.287671233,5.713692737,1.048791348,6.7,3369.657577,62.25,12.150416666666667
1989-08-30,2311,13.0,1.917808219,8.063497207,1.606214887,,3146.214325,95.625,11.752916666666666
1989-08-31,2312,0.0,0.0,4.937153631,2.635526783,,3922.045171,153.625,8.757458333333334
1989-09-01,2313,2.0,1.917808219,3.117268156,2.543241689,,4829.658068,141.5,9.2975
1989-09-02,2314,0.0,0.0,2.398977654,1.49505622,,5371.721893,113.0,7.238708333333334
1989-09-03,2315,0.0,0.0,2.045815642,2.399398243,,5713.052373,155.125,8.4635
1989-09-04,2316,0.25,1.917808219,1.814078212,1.296308209,,5980.223294,95.54166666666667,8.92375
1989-09-05,2317,0.0,0.0,1.634656425,3.631078742,6.9,6207.683617,218.45833333333334,10.648708333333333
1989-09-06,2318,0.0,0.0,1.461293296,3.9189916,,6463.537245,226.75,12.461666666666666
1989-09-07,2319,0.0,0.0,1.345826816,2.541444564,,6657.038925,139.91666666666666,12.77375
1989-09-08,2320,0.0,0.0,1.263921788,0.387161294,,6805.460702,27.166666666666668,9.680833333333334
1989-09-09,2321,0.0,0.0,1.166128492,0.899594821,,6992.376464,59.75,7.9366666666666665
1989-09-10,2322,4.25,3.126113542,1.127941341,0.499372146,,7081.36648,34.75,7.868666666666667
1989-09-11,2323,0.25,2.512409296,1.057324022,0.405585285,,7234.489335,21.625,10.52875
1989-09-12,2324,0.25,3.116626333,1.010011173,0.515028933,6.6,7349.303136,36.375,10.179583333333333
1989-09-13,2325,8.75,2.739726027,1.114039106,1.017242718,,7104.051561,68.25,9.490208333333333
1989-09-14,2326,17.0,2.739726027,2.004536313,0.440308455,,5460.755206,46.375,7.575291666666666
1989-09-15,2327,24.25,2.739726027,4.080117318,0.530105425,,4137.434717,31.875,12.059583333333334
1989-09-16,2328,19.0,2.739726027,6.965472067,0.913804828,,3385.210849,60.25,9.281875000000001
1989-09-17,2329,5.25,2.739726027,6.591418994,2.668064573,,3451.736033,134.75,9.5785
1989-09-18,2330,8.25,2.739726027,4.206142458,1.055926454,,4277.215405,51.583333333333336,12.079166666666666
1989-09-19,2331,4.75,2.739726027,3.975486034,1.933398635,7.0,4375.749964,134.20833333333334,9.401666666666667
1989-09-20,2332,0.0,0.0,2.954187151,1.668956865,,4944.502283,86.375,12.056666666666667
1989-09-21,2333,6.5,5.616438356,2.489530726,1.892687566,,5331.304772,114.66666666666667,13.464583333333332
1989-09-22,2334,14.75,5.616438356,3.226625698,1.196022223,,4765.507125,78.58333333333333,10.529625000000001
1989-09-23,2335,3.25,5.616438356,3.942427374,0.97223079,,4318.138761,75.79166666666667,9.773083333333334
1989-09-24,2336,0.25,5.616438356,2.79075419,2.383567099,,5060.896477,169.95833333333334,11.648333333333333
1989-09-25,2337,0.25,5.616438356,2.384773743,1.202013141,,5393.502459,85.91666666666667,11.10875
1989-09-26,2338,1.5,5.616438356,2.177849162,0.77952321,7.0,5589.270098,66.125,10.601666666666667
1989-09-27,2339,0.0,0.0,1.960391061,1.097893621,,5806.560528,76.125,8.603916666666667
1989-09-28,2340,0.0,0.0,1.774357542,0.968832314,,6031.805839,64.25,7.4013333333333335
1989-09-29,2341,0.0,0.0,1.650946927,2.843453542,,6189.131927,166.45833333333334,9.502166666666666
1989-09-30,2342,0.0,0.0,1.519265363,2.756773049,,6376.190904,161.58333333333334,11.03525
1989-10-01,2343,0.0,0.0,1.420692737,1.683810855,,6533.901574,111.25,8.241
1989-10-02,2344,0.0,0.0,1.367547486,1.410702665,,6626.605083,98.20833333333333,7.764500000000001
1989-10-03,2345,0.0,0.0,1.33350838,0.66510714,7.1,6679.452537,50.208333333333336,6.016791666666666
1989-10-04,2346,0.0,0.0,1.241924581,1.19088579,,6844.186359,101.66666666666667,8.201291666666666
1989-10-05,2347,7.25,3.835616438,1.305452514,0.230945511,,6732.886142,34.625,7.934708333333333
1989-10-06,2348,48.25,3.835616438,9.440522346,0.439400065,,2582.566037,21.208333333333332,8.674666666666667
1989-10-07,2349,9.5,3.835616438,6.592424581,0.273267717,,3467.776742,20.541666666666668,8.327041666666666
1989-10-08,2350,1.5,3.835616438,4.508497207,1.399192546,,4115.895653,94.41666666666667,8.433625000000001
1989-10-09,2351,2.75,3.835616438,3.187458101,0.816337896,,4795.545097,48.791666666666664,8.63
1989-10-10,2352,2.5,3.835616438,2.70902514,0.74609787,7.2,5129.401563,54.208333333333336,8.024166666666668
1989-10-11,2353,6.75,4.931506849,2.827860335,0.576989014,,5057.736832,33.0,9.022083333333333
1989-10-12,2354,12.0,4.931506849,2.662793296,0.445920595,,5231.072487,23.541666666666668,9.652916666666666
1989-10-13,2355,12.5,4.931506849,9.322768156,0.85468874,,2866.030182,61.0,6.400875
1989-10-14,2356,5.5,4.931506849,5.082058659,0.540369036,,3921.060217,50.083333333333336,5.229875
1989-10-15,2357,3.0,4.931506849,3.850189944,0.42558832,,4440.326957,38.958333333333336,7.3185
1989-10-16,2358,3.25,4.931506849,3.447377095,0.382469959,,4651.053779,29.875,9.205833333333333
1989-10-17,2359,0.0,0.0,2.746910615,1.506768186,7.0,5098.908195,115.66666666666667,9.204749999999999
1989-10-18,2360,0.0,0.0,2.387463687,0.923897184,,5391.788244,71.54166666666667,8.260666666666667
1989-10-19,2361,16.75,4.383561644,3.229114525,0.519099329,,4717.687501,30.291666666666668,8.659958333333334
1989-10-20,2362,44.5,4.383561644,18.69910894,0.557627557,,1882.406118,45.291666666666664,6.526666666666667
1989-10-21,2363,5.25,4.383561644,14.80125419,0.390197439,,2161.654294,27.791666666666668,8.253333333333334
1989-10-22,2364,14.0,4.383561644,10.62711453,0.262741366,,2719.429596,22.25,7.356125
1989-10-23,2365,0.0,0.0,7.718631285,0.580719952,,3196.167106,53.583333333333336,7.769291666666667
1989-10-24,2366,12.0,4.383561644,5.944223464,0.727138351,7.2,3679.500517,68.08333333333333,6.983333333333333
1989-10-25,2367,40.5,10.4109589,17.07943575,0.354224719,,1940.150876,21.75,9.685833333333333
1989-10-26,2368,8.0,10.4109589,13.83053631,0.522164626,,2272.882522,48.291666666666664,5.417375
1989-10-27,2369,0.0,0.0,9.146815642,0.091979295,,2924.727949,11.0,7.13025
1989-10-28,2370,87.0,10.4109589,35.79322626,0.290951134,,879.0287662,14.791666666666666,6.615541666666666
1989-10-29,2371,64.5,10.4109589,63.72774302,0.61519854,,174.5531008,40.375,7.629958333333334
1989-10-30,2372,3.75,10.4109589,20.61155866,0.943953499,8.5,1615.018155,79.08333333333333,7.333833333333334
1989-10-31,2373,4.25,10.4109589,9.583290503,0.395776221,8.0,2846.581169,51.25,7.305666666666667
1989-11-01,2374,4.75,9.452054795,6.783335196,0.47740831,,3429.543504,36.916666666666664,6.379458333333333
1989-11-02,2375,9.0,9.452054795,6.824589385,0.38185046,,3427.850085,50.25,5.392625
1989-11-03,2376,26.75,9.452054795,10.02919274,0.160081171,,2820.059417,20.125,4.3145
1989-11-04,2377,29.0,9.452054795,15.28094413,0.255337733,,2204.589686,30.458333333333332,3.2582916666666666
1989-11-05,2378,13.75,9.452054795,15.65210615,0.352302499,,2126.631646,50.083333333333336,2.3274583333333334
1989-11-06,2379,0.75,9.452054795,9.442583799,0.624105097,,2870.568956,61.208333333333336,2.361083333333333
1989-11-07,2380,5.25,9.452054795,6.864787709,0.303765668,7.6,3407.992327,31.458333333333332,4.780958333333333
1989-11-08,2381,36.25,3.835616438,14.91848045,0.045439412,,2107.18389,9.166666666666666,2.111666666666667
1989-11-09,2382,15.75,3.835616438,12.79608939,0.170210303,,2431.661687,15.625,3.927208333333333
1989-11-10,2383,41.5,3.835616438,23.01865642,0.125438878,,1613.997569,5.541666666666667,6.763125
1989-11-11,2384,12.25,3.835616438,25.85214804,0.098733558,,1288.711897,7.875,6.924041666666667
1989-11-12,2385,0.75,3.835616438,11.02334078,0.241264534,,2626.473755,28.875,7.208166666666667
1989-11-13,2386,0.0,0.0,7.223907821,1.104411132,,3312.959622,63.291666666666664,10.72625
1989-11-14,2387,0.25,3.835616438,5.337578212,0.8194451,7.5,3835.156529,54.541666666666664,11.490958333333333
1989-11-15,2388,0.25,1.893486107,4.08072067,0.174955553,,4322.559629,8.625,3.613958333333333
1989-11-16,2389,0.0,0.0,3.161488827,0.06788989,,4812.797637,45.25,2.1607083333333335
1989-11-17,2390,0.0,0.0,2.656131285,0.048254994,,5172.305742,6.958333333333333,1.0604583333333333
1989-11-18,2391,0.25,5.494431314,2.356240223,0.08773114,,5417.772454,5.875,5.435333333333333
1989-11-19,2392,0.5,22.03634134,2.065550279,0.073903367,,5696.235539,9.875,3.7939166666666666
1989-11-20,2393,0.5,2.694344505,1.85327095,0.071966517,,5931.922212,7.375,5.006666666666667
1989-11-21,2394,1.25,8.7040359,1.699918994,0.051439951,7.1,6125.356568,5.833333333333333,4.951041666666667
1989-11-22,2395,0.0,0.0,1.533469274,0.093529912,,6350.281614,39.541666666666664,0.6444166666666666
1989-11-23,2396,0.25,0.998254985,1.377427374,0.544199234,,6602.038463,61.916666666666664,-0.797625
1989-11-24,2397,0.0,0.0,1.253187151,0.378996134,,6822.756083,37.083333333333336,1.1082083333333335
1989-11-25,2398,0.0,0.0,1.140435754,0.084487269,,7047.596253,27.041666666666668,-0.9197916666666667
1989-11-26,2399,0.0,0.0,1.062502793,0.119218596,,7223.278831,37.041666666666664,-1.233875
1989-11-27,2400,0.25,5.166565796,1.030022346,0.191708686,,7300.204322,11.458333333333334,1.3459166666666667
1989-11-28,2401,0.0,0.0,0.971924581,0.134765609,7.2,7442.52458,7.333333333333333,0.6121666666666666
1989-11-29,2402,0.0,0.0,0.898039106,0.311930505,,7635.989805,47.5,-0.22191666666666665
1989-11-30,2403,0.0,0.0,0.840217877,0.219678808,,7811.055381,56.791666666666664,-1.3228333333333333
1989-12-01,2404,0.0,0.0,0.806078212,0.1235853,,7918.817878,22.333333333333332,-0.7697916666666668
1989-12-02,2405,0.0,0.0,0.790189944,0.0,,7973.211852,28.791666666666668,-3.228666666666667
1989-12-03,2406,0.0,0.0,0.782849162,0.0,,7998.865022,10.791666666666666,-2.7709166666666665
1989-12-04,2407,0.0,0.0,0.781793296,0.132515927,,8002.384324,13.708333333333334,-0.8707916666666667
1989-12-05,2408,0.25,9.401861141,0.771662011,0.05829626,7.0,8033.891189,8.458333333333334,1.3976666666666666
1989-12-06,2409,0.0,0.0,0.761128492,0.019395517,,8072.51491,10.541666666666666,1.7489999999999999
1989-12-07,2410,0.25,6.575342466,0.755346369,0.102030564,,8088.272118,14.208333333333334,1.1936666666666667
1989-12-08,2411,0.0,0.0,0.732594972,0.019969852,,8170.122042,6.541666666666667,-0.2639166666666667
1989-12-09,2412,0.0,0.0,0.714243017,0.078949904,,8235.045387,11.333333333333334,-0.1678333333333333
1989-12-10,2413,0.0,0.0,0.699687151,0.043656589,,8294.075825,13.875,0.4242916666666667
1989-12-11,2414,3.0,6.575342466,0.706776536,0.044734982,,8278.248407,27.458333333333332,-1.5375416666666668
1989-12-12,2415,7.25,6.575342466,0.987662011,0.0,7.1,7398.540996,5.875,1.3721249999999998
1989-12-13,2416,5.25,6.712328767,1.031756983,0.0,,7366.029685,3.7916666666666665,-1.514875
1989-12-14,2417,7.0,6.712328767,7.703572626,0.00028766,,3065.536634,3.125,-1.2359583333333333
1989-12-15,2418,3.25,6.712328767,6.10423743,0.0,,3616.695721,2.75,-0.71875
1989-12-16,2419,41.0,6.712328767,32.2667095,0.552238004,,1098.279533,12.833333333333334,4.328208333333333
1989-12-17,2420,31.0,6.712328767,28.69602235,0.372146793,,1253.004005,4.875,4.412833333333333
1989-12-18,2421,0.5,6.712328767,10.17175978,0.0,,2724.315167,6.083333333333333,-0.6050833333333333
1989-12-19,2422,0.0,0.0,5.755927374,0.0,7.5,3693.382602,5.625,-1.3700833333333333
1989-12-20,2423,30.5,10.1369863,15.32141899,0.238808354,,2141.373092,4.333333333333333,5.7167916666666665
1989-12-21,2424,38.75,10.1369863,32.99877654,0.151647578,,1101.693756,5.833333333333333,5.179125
1989-12-22,2425,1.75,10.1369863,12.05049721,0.093510581,,2463.142471,21.875,1.7129583333333331
1989-12-23,2426,23.25,10.1369863,11.96356425,0.006302419,,2514.18769,3.7083333333333335,3.0072916666666667
1989-12-24,2427,33.25,10.1369863,24.79862011,0.119458246,,1307.045563,1.5,5.5821250000000004
1989-12-25,2428,3.75,10.1369863,12.02540782,0.042194458,,2478.126948,15.583333333333334,2.8789166666666666
1989-12-26,2429,0.5,10.1369863,7.070756983,0.023058672,,3341.553053,18.75,2.4374583333333333
1989-12-27,2430,0.25,10.1369863,5.004351955,0.04980504,,3947.250846,6.166666666666667,0.28187500000000004
1989-12-28,2431,0.0,0.0,3.788874302,0.167444198,,4459.029691,8.416666666666666,1.0714166666666667
1989-12-29,2432,0.0,0.0,2.861673184,0.07079333,,5012.945394,4.25,-1.6067083333333334
1989-12-30,2433,0.0,0.0,2.457125698,0.020549891,,5331.652967,4.125,-2.5487083333333334
1989-12-31,2434,1.28690721,10.1369863,2.235243017,0.0,,5533.186555,5.208333333333333,1.0856666666666668
1990-01-01,2435,8.5,10.1369863,2.502930168,0.0,,5290.65283,3.4166666666666665,1.9418749999999998
1990-01-02,2436,10.5,10.1369863,3.151960894,0.085914881,7.3,4795.881843,7.875,2.857333333333333
1990-01-03,2437,0.0,0.0,3.230949721,0.0,,4692.954776,6.291666666666667,1.6025
1990-01-04,2438,0.0,0.0,2.468363128,0.245423911,,5324.197382,20.833333333333332,3.496541666666667
1990-01-05,2439,3.0,3.01369863,2.296432961,0.295402972,,5482.374468,18.125,5.633916666666667
1990-01-06,2440,12.25,3.01369863,4.077804469,0.033158237,,4290.308314,12.041666666666666,3.9854583333333333
1990-01-07,2441,20.75,3.01369863,6.389673184,0.004969845,,3213.159211,10.208333333333334,2.662
1990-01-08,2442,0.25,3.01369863,7.28846648,0.281005556,,3227.284645,46.916666666666664,3.078416666666667
1990-01-09,2443,8.5,3.01369863,6.116631285,0.231042897,7.4,3608.243459,37.041666666666664,5.20125
1990-01-10,2444,60.25,2.739726027,20.20306425,0.096579458,,1531.361169,7.0,6.006041666666667
1990-01-11,2445,15.5,2.739726027,29.56567877,0.262827339,,1039.564526,12.25,5.729500000000001
1990-01-12,2446,12.0,2.739726027,12.26355587,0.131947187,,2494.384432,15.791666666666666,3.02125
1990-01-13,2447,0.75,2.739726027,8.153396648,0.090338631,,3106.297121,19.791666666666668,1.1744999999999999
1990-01-14,2448,4.75,2.739726027,6.324913408,0.187939767,,3548.014214,12.5,3.59125
1990-01-15,2449,23.75,2.739726027,11.75593575,0.055356677,,2532.131166,5.75,6.9699583333333335
1990-01-16,2450,30.25,2.739726027,16.62043575,0.222815066,7.1,1966.828501,8.0,6.205375
1990-01-17,2451,0.0,0.0,12.04883799,0.669242893,,2455.683808,26.416666666666668,1.235125
1990-01-18,2452,1.75,5.890410959,7.272905028,0.171195093,,3298.766789,20.25,2.073125
1990-01-19,2453,32.75,5.890410959,18.07117039,0.15500693,,1734.699481,15.333333333333334,3.0205416666666665
1990-01-20,2454,15.0,5.890410959,10.90832682,0.082971842,,2676.085931,9.166666666666666,4.763791666666667
1990-01-21,2455,20.75,5.890410959,12.30654469,0.177255756,,2530.525763,6.666666666666667,7.450708333333334
1990-01-22,2456,3.5,5.890410959,12.72909218,0.500976653,,2340.360621,31.541666666666668,4.315291666666667
1990-01-23,2457,39.0,5.890410959,28.34296089,0.177218047,5.9,1181.968334,13.541666666666666,2.34775
1990-01-24,2458,12.0,25.47945205,11.01667877,0.109337113,,2655.263683,27.875,-0.23170833333333332
1990-01-25,2459,37.25,25.47945205,31.02669553,0.212991739,,1184.066333,4.0,2.2900833333333335
1990-01-26,2460,1.75,25.47945205,11.70324302,0.167343291,,2528.908605,21.166666666666668,-0.6492083333333333
1990-01-27,2461,2.0,25.47945205,7.720089385,0.0,,3213.336479,16.541666666666668,-1.3855416666666667
1990-01-28,2462,7.25,25.47945205,7.307145251,0.021292769,,3315.809348,32.875,-0.5129166666666666
1990-01-29,2463,36.0,25.47945205,25.97113408,0.280518095,,1251.942374,7.291666666666667,3.0796666666666668
1990-01-30,2464,16.75,25.47945205,19.41234637,0.235668435,10.4,1836.140017,11.625,3.0491666666666664
1990-01-31,2465,10.25,27.39726027,14.28370391,0.359574093,,2230.224494,33.416666666666664,1.7212500000000002
1990-02-01,2466,16.25,27.39726027,12.98622067,0.058201545,,2388.335542,22.541666666666668,0.9243333333333333
1990-02-02,2467,15.5,27.39726027,11.68506704,0.062727866,,2577.442722,16.583333333333332,0.44658333333333333
1990-02-03,2468,1.75,27.39726027,9.853265363,0.296570651,,2812.348685,40.25,1.5116666666666667
1990-02-04,2469,3.5,27.39726027,7.194444134,0.387259624,,3330.035659,9.208333333333334,5.295125
1990-02-05,2470,1.75,27.39726027,5.657153631,0.884140559,,3736.465765,41.083333333333336,7.213125000000001
1990-02-06,2471,10.75,27.39726027,4.673312849,0.212359468,8.8,4113.368449,17.208333333333332,5.277375
1990-02-07,2472,80.5,14.65753425,41.04392179,0.203273685,10.5,735.1149272,8.375,6.60125
1990-02-08,2473,6.75,14.65753425,19.37453631,0.490415418,,1693.939254,41.166666666666664,1.7185833333333334
1990-02-09,2474,17.75,14.65753425,12.14147765,0.253730503,,2534.422793,20.875,3.9269166666666666
1990-02-10,2475,14.0,14.65753425,12.42005028,0.188515704,,2472.329825,13.083333333333334,2.750875
1990-02-11,2476,30.25,14.65753425,17.85775978,0.108552349,,1886.403906,8.916666666666666,-0.291125
1990-02-12,2477,5.25,14.65753425,12.27356145,0.370204514,,2446.988328,32.416666666666664,-0.8655416666666667
1990-02-13,2478,37.5,14.65753425,22.38413128,0.229516511,11.1,1368.718875,9.958333333333334,1.2826250000000001
1990-02-14,2479,11.0,6.712328767,12.95439385,0.25557758,,2380.075807,28.5,0.09208333333333334
1990-02-15,2480,3.0,6.712328767,9.997743017,0.432325897,,2772.149881,57.916666666666664,-0.9143333333333333
1990-02-16,2481,0.5,6.712328767,6.90601676,1.184134135,,3396.361075,100.41666666666667,0.01616666666666668
1990-02-17,2482,13.25,6.712328767,7.589488827,0.09101787,,3239.717012,13.583333333333334,4.038916666666666
1990-02-18,2483,0.75,6.712328767,6.066804469,0.508823908,,3615.202324,48.333333333333336,3.094291666666667
1990-02-19,2484,44.25,6.712328767,24.55024022,0.197827593,,1306.92254,6.333333333333333,6.641208333333334
1990-02-20,2485,20.75,6.712328767,23.2591676,0.272702672,9.2,1569.387967,16.958333333333332,6.074625
1990-02-21,2486,6.5,35.61643836,12.37276257,0.757508247,,2458.933187,58.625,3.093208333333333
1990-02-22,2487,0.0,0.0,7.961405028,1.180167168,,3153.10913,83.45833333333333,7.372
1990-02-23,2488,0.0,0.0,5.906941341,0.929777098,,3659.393415,60.958333333333336,8.868916666666665
1990-02-24,2489,11.0,35.61643836,5.669346369,0.215299774,,3743.11696,9.083333333333334,5.702833333333333
1990-02-25,2490,23.75,35.61643836,6.522108939,0.198971813,,3621.72541,18.416666666666668,2.8415
1990-02-26,2491,6.75,35.61643836,11.60376536,0.606673192,,2442.988874,29.666666666666668,2.4855833333333335
1990-02-27,2492,3.0,35.61643836,6.489553073,0.59679933,10.0,3494.606145,23.208333333333332,-0.1035
1990-02-28,2493,36.0,13.31208069,15.83301117,0.156098507,,1862.14203,13.666666666666666,0.9679583333333333
1990-03-01,2494,2.5,4.427215121,8.952184358,0.055535918,,2950.642936,30.458333333333332,-2.1677916666666666
1990-03-02,2495,7.25,4.198429481,6.411670391,0.264472186,,3526.754724,77.95833333333333,-1.2678333333333331
1990-03-03,2496,4.25,2.148735082,5.374835196,0.56945826,,3837.475753,66.79166666666667,1.0691249999999999
1990-03-04,2497,17.5,3.220002062,7.109849162,0.253210792,,3350.112687,16.458333333333332,3.281375
1990-03-05,2498,11.5,3.715546908,8.653625698,0.369796376,,3032.145557,24.875,3.107333333333333
1990-03-06,2499,9.25,2.880329553,7.10175419,0.266829573,11.4,3376.597082,14.166666666666666,4.236583333333333
1990-03-07,2500,0.75,30.1369863,6.822703911,0.490997497,,3403.047919,37.916666666666664,4.213916666666667
1990-03-08,2501,3.0,30.1369863,5.320005587,0.736676752,,3857.965632,45.625,3.3609166666666668
1990-03-09,2502,2.75,30.1369863,4.537986034,1.186499196,,4130.919039,102.875,2.5095833333333335
1990-03-10,2503,2.75,30.1369863,4.195106145,0.346780958,,4282.140432,24.208333333333332,5.833708333333334
1990-03-11,2504,0.5,30.1369863,3.395765363,0.338220604,,4678.542511,35.5,4.799875
1990-03-12,2505,0.0,0.0,2.787611732,2.516169463,,5069.347766,165.25,4.704625
1990-03-13,2506,7.25,30.1369863,2.831430168,1.081447441,9.3,5041.388527,72.875,4.050041666666666
1990-03-14,2507,0.0,0.0,2.408782123,1.415938105,,5374.254051,87.04166666666667,4.527541666666667
1990-03-15,2508,0.25,14.10958904,2.207815642,0.937894563,,5560.479551,42.333333333333336,5.31025
1990-03-16,2509,0.0,0.0,2.036162011,2.045480094,,5727.99549,124.33333333333333,6.464166666666666
1990-03-17,2510,0.0,0.0,1.821293296,2.897251141,,5969.087182,148.0,10.450416666666667
1990-03-18,2511,6.0,14.10958904,1.683603352,2.826545984,,6170.177457,131.91666666666666,10.20875
1990-03-19,2512,6.0,14.10958904,1.863804469,0.67827317,,5912.929739,47.166666666666664,3.98625
1990-03-20,2513,0.75,14.10958904,1.616857542,1.332964758,9.0,6228.755709,88.875,4.67175
1990-03-21,2514,11.5,12.05479452,2.153539106,1.883229097,,5571.169361,123.125,5.494375000000001
1990-03-22,2515,0.0,0.0,1.659393855,1.365658212,,6170.885524,90.41666666666667,2.8750416666666667
1990-03-23,2516,3.75,12.05479452,1.558206704,1.193549892,,6326.515328,86.04166666666667,3.623666666666667
1990-03-24,2517,33.75,12.05479452,8.015455307,0.972212431,,2922.311603,61.083333333333336,1.7938333333333334
1990-03-25,2518,4.5,12.05479452,4.013773743,1.267851905,,4343.42549,114.54166666666667,0.4175
1990-03-26,2519,0.25,12.05479452,2.905215084,1.892087136,,4979.668854,128.41666666666666,1.0324583333333333
1990-03-27,2520,1.5,12.05479452,2.529452514,1.375241972,10.4,5276.764593,107.04166666666667,1.633875
1990-03-28,2521,1.5,7.808219178,2.362550279,2.360383391,,5415.724329,175.75,2.6332916666666666
1990-03-29,2522,0.25,7.808219178,2.149365922,0.930671302,,5614.765616,88.70833333333333,3.3285416666666667
1990-03-30,2523,0.25,7.808219178,1.935276536,3.127392218,,5837.277781,176.16666666666666,7.6749583333333335
1990-03-31,2524,0.0,0.0,1.751455307,3.056662299,,6057.527596,195.375,7.206875
1990-04-01,2525,2.0,7.808219178,1.624625698,2.673363892,,6231.313651,156.16666666666666,8.042208333333333
1990-04-02,2526,12.0,7.808219178,2.001544693,0.428978119,,5766.701321,24.375,3.6970833333333335
1990-04-03,2527,6.5,7.808219178,1.684030726,1.382536362,9.4,6147.560412,134.0,-1.4558333333333333
1990-04-04,2528,1.75,0.730335292,1.621784916,1.844641676,,6226.50141,198.58333333333334,-2.4731666666666667
1990-04-05,2529,1.5,1.263460429,1.525198324,0.91188464,,6374.015001,96.5,-0.6425
1990-04-06,2530,0.0,0.0,1.410511173,3.006245898,,6544.31181,228.83333333333334,1.7659166666666666
1990-04-07,2531,0.0,0.0,1.317418994,1.606549029,,6709.031593,132.91666666666666,1.280125
1990-04-08,2532,0.0,0.0,1.245821229,2.721052057,,6841.101001,221.95833333333334,0.658875
1990-04-09,2533,1.5,3.90334744,1.205773743,1.841174702,,6922.792361,140.41666666666666,1.9328750000000001
1990-04-10,2534,0.0,0.0,1.166555866,0.994830446,8.4,6997.381564,48.625,4.519541666666666
1990-04-11,2535,1.5,22.19178082,1.139153631,1.185389986,,7058.802525,66.125,4.901
1990-04-12,2536,6.0,22.19178082,1.107125698,2.682759701,,7135.589085,175.75,4.577458333333333
1990-04-13,2537,0.75,22.19178082,1.110041899,2.408392401,,7103.571189,186.41666666666666,1.314
1990-04-14,2538,7.25,22.19178082,1.138399441,0.911260898,,7082.905459,66.125,1.7623750000000002
1990-04-15,2539,8.0,22.19178082,1.291198324,1.324617672,,6757.802292,87.5,1.3938333333333333
1990-04-16,2540,4.5,22.19178082,1.320662011,1.531365042,,6702.139592,126.5,0.7960833333333333
1990-04-17,2541,13.5,22.19178082,1.934094972,1.31905623,8.9,5765.01476,113.75,0.011291666666666679
1990-04-18,2542,17.25,13.83561644,3.409793296,1.781187203,,4694.49485,162.20833333333334,1.4265416666666668
1990-04-19,2543,21.0,13.83561644,7.236653631,0.721699788,,3285.476528,61.791666666666664,1.111875
1990-04-20,2544,2.0,13.83561644,4.984717877,1.164639461,,3925.809338,73.16666666666667,2.250875
1990-04-21,2545,0.75,13.83561644,3.366226257,1.192728595,,4683.74463,74.95833333333333,5.317375
1990-04-22,2546,0.0,0.0,2.697385475,2.7439195,,5138.483914,168.625,7.620208333333333
1990-04-23,2547,0.0,0.0,2.367301676,4.417710848,,5407.042754,260.5416666666667,8.779666666666666
1990-04-24,2548,0.0,0.0,2.065424581,4.847381229,9.8,5693.383456,273.875,8.72275
1990-04-25,2549,0.0,0.0,1.969944134,4.351530451,,5811.413844,254.33333333333334,8.574625
1990-04-26,2550,23.25,2.328767123,3.777988827,0.970673878,,4357.543327,74.41666666666667,4.864166666666667
1990-04-27,2551,0.0,0.0,3.014874302,2.077171302,,4878.710687,172.54166666666666,1.9708333333333334
1990-04-28,2552,0.0,0.0,2.46072067,4.019005608,,5329.372925,259.4166666666667,5.3825
1990-04-29,2553,0.25,2.328767123,2.268829609,5.22943691,,5502.156528,256.9583333333333,11.186166666666667
1990-04-30,2554,0.0,0.0,2.085536313,5.326766091,,5679.033129,278.9166666666667,13.162958333333334
1990-05-01,2555,0.0,0.0,1.925924581,5.693553215,9.0,5849.207224,289.0,14.335
1990-05-02,2556,0.0,0.0,1.794167598,5.658747563,,6008.407647,292.7083333333333,13.684166666666668
1990-05-03,2557,0.0,0.0,1.692653631,5.557226726,,6136.502462,272.7083333333333,16.049583333333334
1990-05-04,2558,0.0,0.0,1.585835196,6.125305352,,6281.545878,282.375,17.112916666666667
1990-05-05,2559,0.0,0.0,1.496212291,5.51314215,,6413.668149,250.08333333333334,15.996666666666668
1990-05-06,2560,0.0,0.0,1.429189944,3.80955584,,6521.457531,220.875,8.2755
1990-05-07,2561,5.25,3.572482196,1.397413408,2.04501271,,6592.550838,138.25,5.019125
1990-05-08,2562,5.0,1.593669529,1.453625698,1.52581111,8.4,6484.237308,94.625,5.144708333333333
1990-05-09,2563,7.5,2.328767123,1.743460894,2.486948611,,6061.597299,153.79166666666666,4.736625
1990-05-10,2564,0.0,0.0,1.385899441,2.593283217,,6582.693945,180.33333333333334,4.9944999999999995
1990-05-11,2565,0.0,0.0,1.265153631,2.669816957,,6801.92208,147.41666666666666,6.805708333333333
1990-05-12,2566,0.25,2.328767123,1.173695531,3.756788861,,6980.523964,227.125,7.430666666666667
1990-05-13,2567,0.0,0.0,1.116703911,3.581878338,,7103.117243,222.83333333333334,8.177625
1990-05-14,2568,3.25,2.328767123,1.085354749,2.283186616,,7186.012034,125.125,8.732833333333334
1990-05-15,2569,14.0,2.328767123,1.681592179,1.417360577,8.0,6062.410518,82.20833333333333,8.153416666666667
1990-05-16,2570,0.25,3.01369863,1.332527933,3.143901406,,6648.431984,179.625,8.620916666666668
1990-05-17,2571,0.5,3.01369863,1.143452514,4.3461465,,7041.26314,254.08333333333334,10.566791666666667
1990-05-18,2572,0.0,0.0,1.077435754,1.98060869,,7189.35323,122.0,7.12875
1990-05-19,2573,0.0,0.0,1.026150838,3.36883381,,7311.701646,208.29166666666666,5.740125
1990-05-20,2574,0.0,0.0,1.000935754,2.759532623,,7370.98541,187.08333333333334,5.97025
1990-05-21,2575,0.0,0.0,0.961240223,4.420269957,,7472.135442,266.875,8.146333333333333
1990-05-22,2576,0.0,0.0,0.931550279,5.040874621,7.9,7551.225504,264.7083333333333,8.624166666666666
1990-05-23,2577,0.0,0.0,0.902589385,4.800950512,,7630.233093,299.25,8.275583333333334
1990-05-24,2578,0.0,0.0,0.876444134,4.756785807,,7704.316288,273.125,7.950583333333333
1990-05-25,2579,0.0,0.0,0.85947486,1.798324856,,7756.735251,117.08333333333333,6.541125
1990-05-26,2580,0.0,0.0,0.83400838,5.545696699,,7831.406363,316.1666666666667,8.903625
1990-05-27,2581,0.0,0.0,0.813645251,5.031668968,,7896.070493,264.9583333333333,10.705166666666665
1990-05-28,2582,0.0,0.0,0.792175978,5.058044076,,7964.158591,243.5,11.482416666666666
1990-05-29,2583,11.75,3.287671233,0.925768156,1.45947941,,7581.680097,66.625,8.43875
1990-05-30,2584,0.0,0.0,0.94351676,5.393283922,7.9,7486.593243,294.7083333333333,10.90125
1990-05-31,2585,0.0,0.0,0.796877095,5.54175108,,7946.003411,296.25,12.582083333333335
1990-06-01,2586,5.25,7.945205479,0.831946927,2.453457885,,7839.777091,149.58333333333334,9.295
1990-06-02,2587,3.0,7.945205479,0.829407821,0.892301298,,7848.329351,44.541666666666664,7.344374999999999
1990-06-03,2588,6.0,7.945205479,0.853617318,1.777609169,,7778.589169,115.66666666666667,7.234291666666667
1990-06-04,2589,1.75,7.945205479,0.810326816,3.859484899,,7900.295842,247.45833333333334,6.7536249999999995
1990-06-05,2590,18.75,7.945205479,1.494553073,1.577496985,7.5,6124.176899,110.20833333333333,6.9715
1990-06-06,2591,8.25,6.301369863,1.571505587,1.186894661,,6250.144168,77.45833333333333,6.808916666666666
1990-06-07,2592,0.5,6.301369863,1.175706704,2.903664032,,6934.671807,194.08333333333334,6.547958333333334
1990-06-08,2593,29.0,6.301369863,4.462391061,0.785144933,,3778.46997,52.541666666666664,5.7215
1990-06-09,2594,0.75,6.301369863,2.386759777,2.081472494,,5321.716251,133.25,8.782166666666667
1990-06-10,2595,0.0,0.0,1.708391061,5.637899266,,6097.168621,314.125,10.684791666666667
1990-06-11,2596,0.0,0.0,1.520145251,1.751655971,,6379.544652,115.83333333333333,7.906625000000001
1990-06-12,2597,0.0,0.0,1.449150838,1.89027769,8.8,6487.858719,117.83333333333333,7.795375
1990-06-13,2598,0.0,0.0,1.367773743,2.462753097,,6620.930299,137.20833333333334,8.409
1990-06-14,2599,0.0,0.0,1.286346369,3.128763375,,6763.934065,179.29166666666666,8.730291666666666
1990-06-15,2600,0.0,0.0,1.204918994,3.317920459,,6918.209284,199.16666666666666,10.574625
1990-06-16,2601,0.0,0.0,1.123567039,3.478597437,,7085.394196,178.375,12.189583333333333
1990-06-17,2602,0.5,3.150684932,1.042114525,3.138620445,,7267.856442,171.5,11.34125
1990-06-18,2603,6.5,3.150684932,0.998170391,2.238095588,,7403.564662,123.83333333333333,9.165833333333333
1990-06-19,2604,3.0,3.150684932,1.028564246,3.454627492,7.8,7280.698014,221.875,8.070833333333333
1990-06-20,2605,9.5,2.191780822,1.038997207,2.201289483,,7326.219637,125.66666666666667,7.994958333333333
1990-06-21,2606,21.25,2.191780822,2.414513966,1.395400816,,5202.761033,87.16666666666667,7.315958333333334
1990-06-22,2607,1.0,2.191780822,2.155877095,2.393156255,,5444.392604,136.45833333333334,8.381583333333333
1990-06-23,2608,2.5,2.191780822,1.52175419,2.715227688,,6367.595699,170.625,8.774583333333334
1990-06-24,2609,9.25,2.191780822,1.610899441,0.928440371,,6269.754449,50.5,9.746666666666668
1990-06-25,2610,14.0,2.191780822,3.76574581,1.25502395,,4473.28419,71.70833333333333,11.999583333333334
1990-06-26,2611,1.75,2.191780822,3.083304469,4.658519734,9.4,4855.513861,225.875,13.3375
1990-06-27,2612,2.75,4.657534247,2.46074581,1.677314953,,5328.777666,86.25,10.294166666666667
1990-06-28,2613,0.0,0.0,2.119424581,3.604993633,,5638.131829,211.91666666666666,9.154583333333333
1990-06-29,2614,7.0,4.657534247,2.022611732,3.366688557,,5766.466448,186.83333333333334,10.012708333333334
1990-06-30,2615,13.25,4.657534247,2.414639665,2.919036774,,5418.415159,177.83333333333334,9.962916666666667
1990-07-01,2616,22.5,4.657534247,7.927944134,0.602596339,,3046.388526,34.291666666666664,7.88
1990-07-02,2617,2.0,4.657534247,4.376539106,3.649242602,,4163.01196,236.16666666666666,7.281083333333334
1990-07-03,2618,0.0,0.0,3.07498324,5.759283807,9.4,4867.951174,344.1666666666667,8.81025
1990-07-04,2619,20.0,4.657534247,5.370335196,1.760258369,,3818.64814,107.16666666666667,8.320333333333332
1990-07-05,2620,25.5,4.657534247,15.75960335,1.355946281,10.4,1977.390065,80.95833333333333,7.999333333333333
1990-07-06,2621,7.25,4.657534247,6.271441341,2.306328949,,3553.305831,154.83333333333334,8.029791666666666
1990-07-07,2622,14.25,4.657534247,8.869726257,1.475811345,,3014.358489,98.95833333333333,12.049583333333333
1990-07-08,2623,1.25,4.657534247,6.684410615,2.392023422,,3441.826577,153.04166666666666,10.35375
1990-07-09,2624,0.75,4.657534247,4.803837989,1.842333657,,4024.353776,88.45833333333333,8.054083333333333
1990-07-10,2625,0.0,0.0,3.736835196,5.082736974,9.4,4491.90286,288.0833333333333,8.932
1990-07-11,2626,0.0,0.0,3.132477654,4.809640135,,4840.177267,276.75,12.690833333333332
1990-07-12,2627,0.0,0.0,2.73522067,4.033193242,,5109.772358,159.58333333333334,16.69875
1990-07-13,2628,0.0,0.0,2.322125698,6.203125814,,5444.914565,276.625,17.487083333333334
1990-07-14,2629,0.0,0.0,2.01901676,6.990596945,,5740.778914,338.125,15.558333333333332
1990-07-15,2630,0.0,0.0,1.811287709,3.717144856,,5984.88885,166.75,14.615833333333333
1990-07-16,2631,0.25,2.15956077,1.648231844,6.357206863,,6190.093647,306.9166666666667,14.344583333333333
1990-07-17,2632,0.0,0.0,1.500108939,6.809693519,8.0,6405.317327,314.8333333333333,15.677083333333334
1990-07-18,2633,0.0,0.0,1.392511173,6.323775623,,6577.148964,303.75,17.230833333333333
1990-07-19,2634,0.0,0.0,1.30648324,6.862280483,,6726.443062,296.375,17.821250000000003
1990-07-20,2635,0.0,0.0,1.214597765,7.715491721,,6898.765256,329.125,18.065416666666668
1990-07-21,2636,0.0,0.0,1.171357542,4.078141822,,6989.414133,218.33333333333334,14.853333333333333
1990-07-22,2637,0.0,0.0,1.112731844,5.753860717,,7108.358537,285.2083333333333,13.605833333333335
1990-07-23,2638,0.0,0.0,1.055815642,5.309291728,,7240.553812,278.75,13.16625
1990-07-24,2639,0.0,0.0,1.018181564,6.065720901,7.4,7328.835543,300.0,14.107916666666666
1990-07-25,2640,0.0,0.0,0.973382682,6.036505145,,7439.623158,264.25,17.0775
1990-07-26,2641,0.0,0.0,0.923379888,6.136927949,,7568.566255,315.6666666666667,14.598333333333334
1990-07-27,2642,4.25,4.794520548,0.974086592,1.691331407,,7443.397285,82.25,12.450000000000001
1990-07-28,2643,0.0,0.0,0.889642458,4.607603502,,7662.175627,224.95833333333334,13.08
1990-07-29,2644,10.0,4.794520548,0.951310056,1.737918728,,7591.081276,65.91666666666667,13.5375
1990-07-30,2645,13.25,4.794520548,1.851712291,2.67973854,,5635.009259,137.83333333333334,13.009583333333333
1990-07-31,2646,0.0,0.0,0.965136872,5.951666152,8.2,7446.002597,275.9166666666667,13.495833333333332
1990-08-01,2647,0.0,0.0,0.857312849,6.385488849,,7755.243295,276.0833333333333,17.847083333333334
1990-08-02,2648,0.0,0.0,0.799240223,7.280591051,,7936.793684,276.5833333333333,22.565416666666664
1990-08-03,2649,0.0,0.0,0.755899441,7.455876988,,8082.559541,282.7916666666667,22.637916666666666
1990-08-04,2650,0.0,0.0,0.732972067,4.942264231,,8170.251989,262.875,14.347499999999998
1990-08-05,2651,2.25,5.322900142,0.726134078,4.97717668,,8184.391624,264.8333333333333,11.863333333333335
1990-08-06,2652,0.0,0.0,0.673013966,4.787010529,,8398.4395,261.5416666666667,10.429666666666668
1990-08-07,2653,0.0,0.0,0.669217877,3.786211136,7.5,8408.441604,205.20833333333334,9.705499999999999
1990-08-08,2654,0.0,0.0,0.652148045,4.828825226,,8479.79045,259.625,12.190833333333332
1990-08-09,2655,0.25,7.453809645,0.652022346,2.798984256,,8482.874901,150.54166666666666,12.3675
1990-08-10,2656,0.75,3.989372223,0.645360335,2.959232832,,8508.351758,152.125,12.782083333333333
1990-08-11,2657,6.0,3.852584179,0.693377095,1.56268284,,8315.027074,77.33333333333333,12.6975
1990-08-12,2658,2.75,2.512923015,0.670047486,1.15922658,,8408.464598,66.20833333333333,12.636666666666668
1990-08-13,2659,6.0,0.92470173,0.698178771,2.427041304,,8299.87589,135.625,12.348333333333334
1990-08-14,2660,4.25,1.094769637,0.679952514,4.000275485,7.5,8364.153979,221.25,11.542083333333332
1990-08-15,2661,18.5,2.739726027,1.168692737,1.653962111,,6948.003136,83.58333333333333,11.630833333333333
1990-08-16,2662,17.0,2.739726027,1.278377095,1.98075464,,6910.229688,115.79166666666667,8.112916666666667
1990-08-17,2663,13.75,2.739726027,1.678600559,1.870114716,,6057.457719,141.0,8.851583333333332
1990-08-18,2664,6.25,2.739726027,1.608812849,1.917095365,,6110.341229,125.54166666666667,10.878333333333332
1990-08-19,2665,61.75,2.739726027,19.95707263,0.86351624,,1538.399816,43.541666666666664,12.776666666666666
1990-08-20,2666,11.25,2.739726027,9.471368715,1.348179045,,2798.00429,76.70833333333333,9.70875
1990-08-21,2667,0.5,2.739726027,5.467097765,2.325727061,9.0,3756.757734,129.33333333333334,11.945
1990-08-22,2668,0.25,1.873365856,3.681201117,3.140480744,,4513.665831,158.375,15.52375
1990-08-23,2669,0.5,2.982611003,2.908307263,3.678590528,,4983.105632,163.375,17.2075
1990-08-24,2670,0.0,0.0,2.366798883,5.208514119,,5398.749315,220.25,17.687916666666666
1990-08-25,2671,0.0,0.0,2.001695531,4.028386652,,5759.873126,215.95833333333334,14.53
1990-08-26,2672,0.0,0.0,1.771416201,2.770998231,,6030.005397,126.125,14.003750000000002
1990-08-27,2673,0.25,4.734018181,1.592547486,2.763323315,,6269.340729,129.79166666666666,14.272916666666667
1990-08-28,2674,13.25,1.918615823,2.224106145,1.282123669,8.1,5493.204055,47.75,14.351666666666667
1990-08-29,2675,11.5,3.424657534,2.666212291,1.128154975,,5101.158149,62.5,11.526666666666666
1990-08-30,2676,1.75,3.424657534,2.121963687,2.711414365,,5617.468106,157.0,9.44125
1990-08-31,2677,12.5,3.424657534,3.01874581,1.741941295,,4887.220528,104.95833333333333,10.4325
1990-09-01,2678,0.0,0.0,2.468212291,2.127387324,,5310.445795,112.25,11.711666666666666
1990-09-02,2679,0.0,0.0,2.136167598,1.977240081,,5626.604842,96.54166666666667,12.374166666666667
1990-09-03,2680,11.75,3.424657534,2.614776536,3.313686144,,5192.658669,195.29166666666666,11.40875
1990-09-04,2681,1.0,3.424657534,2.168924581,2.092054967,8.3,5592.607905,129.41666666666666,8.489208333333332
1990-09-05,2682,16.5,10.54794521,2.79972905,1.039015023,,5068.35478,50.708333333333336,10.154166666666667
1990-09-06,2683,3.5,10.54794521,4.023804469,2.077170075,,4319.46762,110.16666666666667,7.719124999999999
1990-09-07,2684,2.0,10.54794521,2.91451676,1.425042614,,4980.328975,79.375,7.765250000000001
1990-09-08,2685,0.0,0.0,2.461022346,2.315425761,,5327.179658,122.25,9.354375
1990-09-09,2686,0.25,10.54794521,2.185240223,3.897185226,,5578.293228,197.875,10.554
1990-09-10,2687,0.0,0.0,2.009689944,3.108603139,,5760.03782,165.125,10.199916666666667
1990-09-11,2688,0.25,10.54794521,1.882307263,2.423354065,8.0,5901.370954,125.54166666666667,8.703041666666666
1990-09-12,2689,0.0,0.0,1.77297486,2.650669803,,6034.179432,127.45833333333333,10.966125
1990-09-13,2690,0.0,0.0,1.668142458,2.243817533,,6169.251005,107.83333333333333,11.193333333333333
1990-09-14,2691,0.0,0.0,1.568463687,2.96199696,,6307.309094,148.45833333333334,10.40625
1990-09-15,2692,0.0,0.0,1.491636872,3.300574744,,6422.13036,187.29166666666666,8.511708333333333
1990-09-16,2693,0.0,0.0,1.425318436,2.245646654,,6526.897434,136.875,8.634833333333333
1990-09-17,2694,7.75,7.123287671,1.548804469,1.582104926,,6332.607161,94.33333333333333,8.328333333333333
1990-09-18,2695,12.75,7.123287671,1.517203911,0.889129411,7.7,6396.338311,33.291666666666664,9.737916666666667
1990-09-19,2696,33.5,6.301369863,11.09513966,2.079260077,,2213.232408,120.91666666666667,7.3379166666666675
1990-09-20,2697,13.75,6.301369863,4.077955307,0.924773064,,4326.324263,45.625,6.927916666666667
1990-09-21,2698,2.25,6.301369863,3.63077095,1.656401865,,4512.986497,97.33333333333333,5.260916666666667
1990-09-22,2699,20.0,6.301369863,4.494846369,0.941290354,,4177.647963,61.125,6.139875
1990-09-23,2700,10.5,6.301369863,10.63905587,1.618008548,,2635.82064,124.20833333333333,5.483208333333334
1990-09-24,2701,9.5,6.301369863,6.477837989,1.394743554,,3507.459666,100.875,5.831833333333333
1990-09-25,2702,0.5,6.301369863,4.761703911,2.617764604,9.2,4035.270018,166.70833333333334,6.782708333333333
1990-09-26,2703,0.0,0.0,3.755388268,2.650523119,,4485.315825,161.66666666666666,6.74025
1990-09-27,2704,0.0,0.0,3.214332402,1.776107878,,4792.936343,119.58333333333333,6.734583333333333
1990-09-28,2705,0.0,0.0,2.807798883,2.179952328,,5055.747404,137.95833333333334,9.607999999999999
1990-09-29,2706,18.5,0.821917808,3.774972067,0.564948186,,4369.937575,24.541666666666668,10.42375
1990-09-30,2707,11.75,0.821917808,7.239418994,0.839369101,,3262.226199,44.875,10.041041666666667
1990-10-01,2708,0.0,0.0,4.228416201,0.907371897,,4257.057002,55.958333333333336,7.063666666666666
1990-10-02,2709,7.5,0.821917808,3.522997207,1.606363289,8.9,4625.453441,64.70833333333333,9.92375
1990-10-03,2710,27.75,3.698630137,14.3642514,1.253003469,8.5,2164.877578,84.66666666666667,7.124875
1990-10-04,2711,12.5,3.698630137,6.994860335,1.267399565,,3389.268332,63.125,7.10875
1990-10-05,2712,69.75,3.698630137,46.97758659,0.41548392,,599.7916057,17.833333333333332,11.680416666666666
1990-10-06,2713,27.0,3.698630137,22.94602793,0.543966564,,1586.504032,18.916666666666668,8.383166666666666
1990-10-07,2714,1.0,3.698630137,11.90350559,1.471681758,,2477.740386,102.875,4.998291666666667
1990-10-08,2715,0.0,0.0,6.998430168,1.503744698,,3359.259143,82.33333333333333,4.795541666666667
1990-10-09,2716,8.25,3.698630137,5.322620112,0.828109528,9.2,3856.416335,37.375,8.187416666666666
1990-10-10,2717,2.75,7.397260274,4.50377095,0.376497508,,4144.915259,13.5,10.090416666666666
1990-10-11,2718,4.75,7.397260274,4.215142458,0.518626665,,4283.449576,23.416666666666668,9.368875000000001
1990-10-12,2719,0.0,0.0,3.573879888,2.310663957,,4577.700141,124.08333333333333,11.500791666666666
1990-10-13,2720,1.0,7.397260274,3.086421788,2.109343518,,4873.972928,95.75,13.018333333333333
1990-10-14,2721,0.0,0.0,2.799351955,1.932447739,,5069.325899,116.625,10.31
1990-10-15,2722,9.25,7.397260274,2.949561453,0.610373639,,4972.812742,24.416666666666668,10.582083333333333
1990-10-16,2723,5.25,7.397260274,3.003134078,1.290739141,8.6,4930.911409,82.45833333333333,7.849708333333333
1990-10-17,2724,0.75,3.287671233,2.630086592,0.202349273,,5195.153406,10.958333333333334,8.982916666666666
1990-10-18,2725,10.0,3.287671233,2.797944134,0.274856041,,5083.993454,15.166666666666666,9.631666666666666
1990-10-19,2726,5.25,3.287671233,2.9025,0.196610276,,5008.870791,12.791666666666666,8.46875
1990-10-20,2727,0.5,3.287671233,3.020555866,0.766126579,,4916.843884,42.458333333333336,9.232083333333334
1990-10-21,2728,0.0,0.0,2.690522346,0.472473374,,5149.125223,8.333333333333334,7.94775
1990-10-22,2729,0.0,0.0,2.461952514,0.302558593,,5331.937434,14.333333333333334,4.851666666666667
1990-10-23,2730,0.0,0.0,2.273555866,0.562685613,8.8,5498.04241,30.083333333333332,4.882083333333333
1990-10-24,2731,3.0,9.04109589,2.156882682,0.609355451,,5612.521814,38.041666666666664,7.564708333333333
1990-10-25,2732,20.5,9.04109589,3.318108939,0.477507869,,4720.796184,25.375,6.266958333333334
1990-10-26,2733,1.75,9.04109589,4.678265363,0.923656449,,3879.029478,71.79166666666667,5.170125
1990-10-27,2734,19.75,9.04109589,4.196312849,0.422389373,,4362.235739,28.541666666666668,4.752916666666667
1990-10-28,2735,27.0,9.04109589,21.36331006,0.750296784,,1575.191777,42.5,3.7717916666666667
1990-10-29,2736,16.25,9.04109589,10.17372067,0.452620628,,2788.939314,36.375,2.6057083333333333
1990-10-30,2737,33.5,9.04109589,19.51655028,0.45231912,9.8,1896.251319,19.333333333333332,4.701416666666667
1990-10-31,2738,26.0,15.61643836,23.63772067,0.403010857,,1555.937863,14.541666666666666,4.487583333333333
1990-11-01,2739,4.5,15.61643836,13.51709497,0.473589445,,2296.209123,34.583333333333336,3.763458333333333
1990-11-02,2740,3.5,15.61643836,8.405899441,0.382653103,,3068.313344,49.875,1.7530000000000001
1990-11-03,2741,0.25,15.61643836,6.103256983,0.845723711,,3599.388561,83.0,1.4880416666666667
1990-11-04,2742,0.25,15.61643836,4.60948324,1.004252507,,4103.246386,86.41666666666667,1.4802083333333333
1990-11-05,2743,0.0,0.0,3.801469274,0.411809724,,4464.082511,33.875,1.276
1990-11-06,2744,0.0,0.0,3.198293296,0.513327968,8.9,4800.244229,41.416666666666664,1.676375
1990-11-07,2745,0.0,0.0,2.875072626,0.485747174,,5016.75483,36.416666666666664,2.213458333333333
1990-11-08,2746,0.0,0.0,2.604620112,0.369917723,,5212.367213,20.333333333333332,1.1529583333333333
1990-11-09,2747,3.0,2.602739726,2.394125698,0.111637535,,5392.898271,6.416666666666667,2.3515
1990-11-10,2748,9.75,2.602739726,2.551349162,0.286943157,,5281.24257,12.083333333333334,7.068208333333334
1990-11-11,2749,6.5,2.602739726,2.637905028,0.410183822,,5176.824787,24.833333333333332,6.917708333333334
1990-11-12,2750,12.75,2.602739726,5.988620112,0.448206358,,3576.53716,23.833333333333332,10.379583333333334
1990-11-13,2751,19.25,2.602739726,5.828480447,0.381056164,8.9,3759.468024,18.666666666666668,7.946375
1990-11-14,2752,5.5,5.890410959,8.996178771,0.555086469,,2933.788687,21.791666666666668,6.586958333333333
1990-11-15,2753,3.75,5.890410959,6.045863128,0.51375621,,3623.626108,31.375,6.943791666666667
1990-11-16,2754,27.25,5.890410959,8.691586592,0.242682574,,3089.608997,8.75,9.515
1990-11-17,2755,47.0,5.890410959,37.85870112,0.352421628,,933.4637794,11.75,7.43875
1990-11-18,2756,10.75,5.890410959,14.15028771,0.643903352,,2236.707407,29.0,3.5227916666666665
1990-11-19,2757,34.75,5.890410959,17.4196257,0.266558223,,1906.901822,12.5,2.51425
1990-11-20,2758,18.75,5.890410959,22.25350559,0.360353748,10.1,1580.259521,46.375,0.058916666666666666
1990-11-21,2759,8.75,1.506849315,12.35961453,0.316964745,,2451.820048,36.958333333333336,0.1805
1990-11-22,2760,0.0,0.0,7.771575419,0.512160963,,3192.555878,44.458333333333336,-0.21795833333333328
1990-11-23,2761,6.25,1.506849315,5.834337989,0.125094439,,3699.304724,15.166666666666666,-1.1876666666666666
1990-11-24,2762,4.75,1.506849315,5.789162011,0.0,,3709.981835,1.7083333333333333,-1.18675
1990-11-25,2763,7.75,1.506849315,6.328583799,0.094522503,,3565.46251,6.916666666666667,-0.20862499999999998
1990-11-26,2764,10.0,1.506849315,6.442013966,0.247938104,,3534.51939,18.333333333333332,1.0600416666666665
1990-11-27,2765,0.0,0.0,5.343259777,0.132583179,9.2,3840.420724,18.916666666666668,0.2354166666666667
1990-11-28,2766,0.0,0.0,4.458192737,0.293106272,,4172.464918,26.375,1.1360833333333333
1990-11-29,2767,0.5,6.011522474,3.872891061,0.289712885,,4433.407444,25.583333333333332,0.60525
1990-11-30,2768,0.0,0.0,3.378645251,0.187576956,,4694.721547,16.708333333333332,1.0925
1990-12-01,2769,0.0,0.0,3.020304469,0.083278632,,4919.059244,11.583333333333334,0.1855
1990-12-02,2770,0.0,0.0,2.854256983,0.147039632,,5033.65803,13.333333333333334,1.6196666666666666
1990-12-03,2771,0.75,10.86596565,2.652687151,0.114816841,,5178.500245,14.083333333333334,2.358875
1990-12-04,2772,0.0,0.0,2.406494413,0.12080728,8.4,5377.111377,9.0,2.2232499999999997
1990-12-05,2773,0.25,5.068493151,2.20947486,0.392992441,,5557.08057,41.958333333333336,0.9117500000000001
1990-12-06,2774,6.0,5.068493151,2.106075419,0.21193776,,5676.527162,21.333333333333332,1.5857916666666665
1990-12-07,2775,6.25,5.068493151,2.565628492,0.072319831,,5252.192588,5.041666666666667,0.34641666666666665
1990-12-08,2776,0.0,0.0,2.33172905,0.035020109,,5433.296682,16.041666666666668,-3.4407083333333333
1990-12-09,2777,0.0,0.0,2.078597765,0.0,,5686.258326,1.9166666666666667,-2.322833333333333
1990-12-10,2778,0.5,5.068493151,3.266698324,0.093857218,,4739.345806,12.916666666666666,-0.3104166666666667
1990-12-11,2779,47.75,5.068493151,11.2482905,0.206292239,9.4,2138.930309,18.208333333333332,1.6997499999999999
1990-12-12,2780,0.0,0.0,12.24465084,0.177790514,,2279.999281,37.75,0.17870833333333333
1990-12-13,2781,0.0,0.0,5.886829609,0.227518283,,3642.072415,45.083333333333336,-1.9906249999999999
1990-12-14,2782,0.0,0.0,4.183064246,0.263937075,,4279.307981,37.958333333333336,-2.0104166666666665
1990-12-15,2783,0.0,0.0,3.328541899,0.410201538,,4719.447307,38.875,-0.2524166666666667
1990-12-16,2784,0.5,3.561643836,2.993430168,0.165197254,,4937.843202,14.125,-0.29212499999999997
1990-12-17,2785,0.0,0.0,2.733284916,0.214866621,,5115.075731,40.5,-3.6806666666666668
1990-12-18,2786,0.0,0.0,2.43673743,0.105219749,8.6,5350.059415,14.666666666666666,-3.205
1990-12-19,2787,0.0,0.0,2.220988827,0.204100963,,5548.051123,28.166666666666668,-0.4354166666666666
1990-12-20,2788,87.75,14.52054795,35.12345531,0.091943377,,690.6164857,2.1666666666666665,3.249916666666667
1990-12-21,2789,37.75,14.52054795,34.19663128,0.198134646,,1122.26379,10.791666666666666,6.349791666666667
1990-12-22,2790,11.0,14.52054795,22.1986257,0.168384739,,1564.466341,5.75,5.873458333333333
1990-12-23,2791,14.75,14.52054795,14.3028352,0.450470879,,2258.123495,21.291666666666668,3.763583333333333
1990-12-24,2792,4.25,14.52054795,12.68343855,0.203695609,,2404.781155,24.25,0.9524583333333333
1990-12-25,2793,25.5,14.52054795,15.37325698,0.219677766,,2124.151202,10.041666666666666,1.689
1990-12-26,2794,36.25,14.52054795,30.02188827,0.237650898,,1158.101139,5.458333333333333,3.379125
1990-12-27,2795,2.0,14.52054795,11.52394693,0.215804634,,2525.252946,11.583333333333334,-0.2525833333333333
1990-12-28,2796,14.25,14.52054795,8.574837989,0.143602972,,3063.748565,3.5833333333333335,2.93875
1990-12-29,2797,15.0,14.52054795,9.783980447,0.048893017,,2850.419855,8.875,-0.02583333333333333
1990-12-30,2798,8.5,14.52054795,9.215145251,0.069722829,,2941.498062,12.583333333333334,-0.023708333333333335
1990-12-31,2799,33.0,14.52054795,19.57552793,0.066292826,,1816.954696,9.166666666666666,0.5118333333333334
1991-01-01,2800,51.5,14.52054795,38.50463966,0.062731328,,720.143713,3.5416666666666665,3.845833333333333
1991-01-02,2801,7.75,14.52054795,22.15005587,0.234078584,,1473.25865,7.833333333333333,3.6962916666666668
1991-01-03,2802,13.0,14.52054795,12.42153352,0.0,,2472.08684,13.0,0.03520833333333332
1991-01-04,2803,8.5,14.52054795,9.354142458,0.027172058,,2906.355985,16.458333333333332,-0.189875
1991-01-05,2804,12.0,14.52054795,11.69049721,0.439374498,,2543.276507,12.5,1.389375
1991-01-06,2805,0.75,14.52054795,7.428670391,0.202835836,,3271.470852,15.125,-0.6055
1991-01-07,2806,6.25,14.52054795,5.961192737,0.023117573,,3649.18399,19.541666666666668,-0.531625
1991-01-08,2807,20.79905122,14.52054795,7.249047486,0.0,11.2,3267.706843,3.4166666666666665,1.0999999999999999
1991-01-09,2808,19.85200898,50.68493151,13.02327654,0.051667489,,2220.877484,14.25,3.1994583333333337
1991-01-10,2809,23.89280561,50.68493151,16.44106425,0.141739474,,2055.430148,21.625,2.805875
1991-01-11,2810,7.584169165,50.68493151,11.77192458,0.017952208,,2520.088443,28.375,2.1822500000000002
1991-01-12,2811,4.74737231,50.68493151,8.221223464,0.070685214,,3103.394852,33.083333333333336,-0.7382916666666667
1991-01-13,2812,0.0,0.0,5.887634078,0.167875333,,3660.633119,65.54166666666667,-4.751625
1991-01-14,2813,0.34005294,50.68493151,4.4685,0.009968197,,4161.726843,11.458333333333334,-2.6345
1991-01-15,2814,0.08922996,50.68493151,3.751365922,0.10274858,10.4,4490.511265,29.833333333333332,-3.1188749999999996
1991-01-16,2815,0.35503686,8.356164384,3.246360335,0.05654717,,4775.956716,22.583333333333332,-0.5612916666666666
1991-01-17,2816,4.83754377,8.356164384,3.820273743,0.152898733,,4473.256443,27.833333333333332,4.2025
1991-01-18,2817,20.48038469,8.356164384,7.007555866,0.03227483,,3183.033565,6.75,3.5877083333333335
1991-01-19,2818,1.30000815,8.356164384,7.088153631,0.216911451,,3288.769733,36.083333333333336,2.7141249999999997
1991-01-20,2819,13.41446046,8.356164384,7.188360335,0.144345372,,3339.457526,18.041666666666668,6.194208333333333
1991-01-21,2820,0.17751843,8.356164384,6.460215084,0.521967188,,3496.871132,45.458333333333336,3.3387499999999997
1991-01-22,2821,0.0,0.0,4.779326816,0.296868339,10.8,4037.386493,45.666666666666664,-0.8172083333333333
1991-01-23,2822,0.5,4.993306399,4.037128492,0.623744438,,4357.244337,69.58333333333333,-1.526375
1991-01-24,2823,2.0,4.478235333,3.605581006,0.092498537,,4569.01747,20.041666666666668,-1.540375
1991-01-25,2824,0.0,0.0,3.153997207,0.0,,4832.467452,10.291666666666666,-4.686375
1991-01-26,2825,0.0,0.0,2.855941341,0.0,,5026.846854,9.166666666666666,-5.538666666666667
1991-01-27,2826,0.0,0.0,2.570581006,0.04753139,,5241.324952,7.333333333333333,-3.7198333333333333
1991-01-28,2827,0.25,3.742728668,2.328988827,0.020819364,,5446.106661,7.041666666666667,-3.2234583333333333
1991-01-29,2828,0.0,0.0,2.121335196,0.047891631,9.3,5642.952105,10.708333333333334,-3.1936666666666667
1991-01-30,2829,1.25,8.050609501,1.983444134,0.0,,5788.144753,7.166666666666667,-1.8397499999999998
1991-01-31,2830,0.0,0.0,1.796907821,0.0,,6000.856134,3.625,-4.226708333333334
1991-02-01,2831,1.25,7.093714484,1.684407821,0.0,,6146.061271,2.125,-4.141958333333333
1991-02-02,2832,2.75,8.274645267,1.57424581,0.0,,6299.72383,1.875,-2.592791666666667
1991-02-03,2833,0.0,0.0,1.465039106,0.0,,6459.841659,1.8333333333333333,-5.506291666666667
1991-02-04,2834,0.25,13.71265401,1.372122905,0.0,,6614.691539,2.2083333333333335,-5.096666666666667
1991-02-05,2835,0.0,0.0,1.276567039,0.000473692,8.7,6779.513288,5.208333333333333,-5.633875
1991-02-06,2836,0.0,0.0,1.101243017,0.0,,7085.516531,6.875,-7.1972916666666675
1991-02-07,2837,0.0,0.0,1.113410615,0.0,,7131.220017,6.708333333333333,-8.548041666666666
1991-02-08,2838,0.0,0.0,1.159617318,0.0,,7008.229046,2.4583333333333335,-5.977374999999999
1991-02-09,2839,0.0,0.0,0.987486034,0.0,,7374.564295,2.125,-8.787374999999999
1991-02-10,2840,0.0,0.0,1.045156425,0.0,,7277.354481,3.9166666666666665,-5.343708333333333
1991-02-11,2841,2.0,1.160491118,0.977178771,0.262622663,,7430.026684,5.375,-4.3065
1991-02-12,2842,3.0,12.21834666,0.985550279,0.0,,7416.005904,8.583333333333334,-1.96825
1991-02-13,2843,0.5,1.780821918,0.928055866,0.338758177,,7553.769125,72.70833333333333,-3.95825
1991-02-14,2844,10.0,1.780821918,0.96146648,0.343551501,,7499.281996,94.58333333333333,-2.502666666666667
1991-02-15,2845,5.25,1.780821918,4.762709497,0.323861477,,4024.132102,28.958333333333332,2.6401666666666666
1991-02-16,2846,0.25,1.780821918,2.861472067,0.525725078,,4967.3185,108.16666666666667,-1.1050416666666667
1991-02-17,2847,3.25,1.780821918,2.055921788,0.58476228,,5697.479656,71.58333333333333,-1.4860416666666667
1991-02-18,2848,1.5,1.780821918,1.775312849,0.236934691,,6026.098306,50.5,-2.2353333333333336
1991-02-19,2849,1.5,1.780821918,1.633374302,0.617467562,5.1,6217.25888,74.33333333333333,-1.7593750000000001
1991-02-20,2850,9.5,2.191780822,2.490410615,0.130101342,,5285.177992,14.041666666666666,1.85325
1991-02-21,2851,10.5,2.191780822,4.564131285,0.124127537,,4071.489024,10.125,0.8611666666666666
1991-02-22,2852,56.75,2.191780822,50.25172626,0.220332688,,114.9199228,17.291666666666668,2.0576666666666665
1991-02-23,2853,41.25,2.191780822,56.4227095,0.146119123,,291.316184,7.25,6.421875
1991-02-24,2854,5.75,2.191780822,14.71912291,0.467494392,,2174.25749,40.416666666666664,4.7921249999999995
1991-02-25,2855,0.0,0.0,7.674209497,0.801254434,,3200.409962,58.541666666666664,3.544708333333333
1991-02-26,2856,1.75,2.191780822,5.185131285,0.451549398,9.8,3878.10162,31.708333333333332,4.169041666666667
1991-02-27,2857,5.25,5.795734344,4.198801676,0.269219442,,4288.546323,25.125,0.7920416666666666
1991-02-28,2858,1.5,2.675725664,3.641882682,0.899871169,,4543.856549,78.95833333333333,0.44045833333333334
1991-03-01,2859,0.75,10.19620403,3.059497207,1.096491643,,4885.989287,115.54166666666667,-0.7356666666666666
1991-03-02,2860,3.0,5.241170545,2.71272067,0.240671788,,5137.059412,15.083333333333334,-0.9641666666666667
1991-03-03,2861,6.25,2.104870585,2.984203911,0.787058588,,4949.150069,85.66666666666667,0.5924583333333333
1991-03-04,2862,16.75,20.63260678,4.807759777,0.08230581,,3866.923019,6.0,2.0852916666666665
1991-03-05,2863,2.75,2.160380807,5.121100559,0.66204263,9.8,3880.141902,47.375,4.6459166666666665
1991-03-06,2864,2.25,1.369863014,4.005402235,0.159799128,,4374.788635,10.375,5.474041666666667
1991-03-07,2865,13.75,1.369863014,6.388139665,0.454223462,,3498.029421,47.833333333333336,4.820458333333334
1991-03-08,2866,6.25,1.369863014,5.894622905,0.297804111,,3678.276361,18.333333333333332,4.077083333333333
1991-03-09,2867,14.5,1.369863014,8.876463687,0.070684441,,2984.901458,5.708333333333333,4.011583333333333
1991-03-10,2868,7.75,1.369863014,7.463061453,0.21033682,,3281.949997,15.291666666666666,4.628416666666666
1991-03-11,2869,1.25,1.369863014,6.014136872,1.298968692,,3625.297371,97.33333333333333,5.68775
1991-03-12,2870,1.25,1.369863014,4.71446648,0.343182178,9.9,4062.480123,20.208333333333332,7.864
1991-03-13,2871,0.0,0.0,3.972318436,2.049399514,,4385.563087,107.79166666666667,9.070541666666667
1991-03-14,2872,2.5,1.232876712,3.499416201,0.989825538,,4624.758811,71.70833333333333,5.424416666666667
1991-03-15,2873,7.25,1.232876712,3.361902235,0.30718873,,4717.646433,16.166666666666668,4.438583333333333
1991-03-16,2874,6.5,1.232876712,4.066969274,0.212611239,,4357.457008,14.583333333333334,5.532958333333333
1991-03-17,2875,4.25,1.232876712,3.773287709,0.594259359,,4489.329936,46.666666666666664,3.911375
1991-03-18,2876,45.75,1.232876712,17.76273184,0.354226351,,1398.970369,24.875,4.6459166666666665
1991-03-19,2877,12.75,1.232876712,18.87038547,0.136201621,9.2,1813.19769,13.75,6.843208333333333
1991-03-20,2878,28.75,3.97260274,18.92881006,0.260514273,,1863.454261,20.375,5.600041666666667
1991-03-21,2879,5.25,3.97260274,16.14760894,0.72183289,,2023.631734,82.95833333333333,2.080041666666667
1991-03-22,2880,0.75,3.97260274,8.389106145,1.376311733,,3055.966031,120.33333333333333,0.5875833333333333
1991-03-23,2881,0.75,3.97260274,5.690790503,1.86431679,,3717.088151,173.375,0.7745000000000001
1991-03-24,2882,0.0,0.0,4.360198324,2.194857261,,4207.924663,169.54166666666666,2.50425
1991-03-25,2883,0.0,0.0,3.667424581,1.204033682,,4534.066818,126.125,0.5499166666666667
1991-03-26,2884,0.0,0.0,3.163148045,0.267111902,9.3,4822.155566,17.083333333333332,0.179875
1991-03-27,2885,0.0,0.0,2.683458101,1.014871052,,5145.471961,105.95833333333333,2.0144166666666665
1991-03-28,2886,0.0,0.0,2.2725,1.871823849,,5491.91846,157.70833333333334,2.7325
1991-03-29,2887,0.0,0.0,1.998050279,0.92470558,,5766.844286,94.25,1.13475
1991-03-30,2888,0.0,0.0,1.760480447,2.488788188,,6042.586676,159.91666666666666,4.51375
1991-03-31,2889,0.25,1.232876712,1.599108939,1.142041562,,6261.580675,115.375,4.589291666666667
1991-04-01,2890,36.75,1.232876712,5.066597765,0.347301547,,3531.603139,35.875,5.205375
1991-04-02,2891,47.25,1.232876712,29.60006983,0.341464244,7.5,1149.228523,25.416666666666668,4.263208333333333
1991-04-03,2892,2.5,8.904109589,11.29567877,1.67441355,,2543.552614,142.33333333333334,1.97875
1991-04-04,2893,21.75,8.904109589,8.190678771,0.913919653,,3151.589042,72.5,1.9340416666666667
1991-04-05,2894,42.75,8.904109589,29.67516201,0.715527601,,1241.286986,51.291666666666664,1.782
1991-04-06,2895,10.75,8.904109589,12.21558939,0.41411524,,2478.744627,27.375,2.0640833333333335
1991-04-07,2896,20.0,8.904109589,13.05869832,0.935233567,,2359.049893,81.45833333333333,2.472916666666667
1991-04-08,2897,1.5,8.904109589,8.365072626,0.476429144,,3065.705366,29.166666666666668,4.57325
1991-04-09,2898,0.0,0.0,5.804094972,1.49251642,9.5,3684.593989,109.04166666666667,5.034833333333333
1991-04-10,2899,0.0,0.0,4.415304469,1.615274797,,4183.323164,81.08333333333333,7.552083333333333
1991-04-11,2900,0.0,0.0,3.674790503,1.25986153,,4530.321405,94.125,7.431916666666666
1991-04-12,2901,1.25,2.779909255,3.21677095,0.501596107,,4789.023089,32.583333333333336,7.872083333333333
1991-04-13,2902,0.0,0.0,2.702614525,1.843021754,,5132.164396,128.375,7.208583333333333
1991-04-14,2903,0.0,0.0,2.287282123,3.18552566,,5477.402921,251.08333333333334,3.219625
1991-04-15,2904,0.0,0.0,2.025175978,3.390773639,,5738.025769,238.33333333333334,5.665041666666667
1991-04-16,2905,0.0,0.0,1.789164804,2.632434204,8.5,6005.011679,167.25,4.75825
1991-04-17,2906,0.0,0.0,1.611879888,1.494930613,,6242.826296,128.91666666666666,1.1579166666666667
1991-04-18,2907,2.85242598,5.205479452,1.525675978,2.041522431,,6367.01185,139.29166666666666,3.324666666666667
1991-04-19,2908,0.132432705,5.205479452,1.349949721,2.492033895,,6646.929974,171.875,2.7536666666666663
1991-04-20,2909,0.517512115,5.205479452,1.247027933,2.242013927,,6835.962341,175.20833333333334,0.9765
1991-04-21,2910,11.52991793,5.205479452,1.504432961,0.841476838,,6399.12,88.625,3.7485
1991-04-22,2911,0.0,0.0,1.203310056,2.559087613,,6908.134918,185.04166666666666,2.9515833333333332
1991-04-23,2912,0.0,0.0,1.088446927,2.288332824,8.4,7162.233166,155.79166666666666,6.225874999999999
1991-04-24,2913,0.38507941,0.821917808,1.029494413,1.478572067,,7300.0323,85.95833333333333,5.570125
1991-04-25,2914,12.39585336,0.821917808,1.454430168,0.78696862,,6448.949012,68.75,3.2896666666666667
1991-04-26,2915,0.132432705,0.821917808,1.149812849,1.361540332,,7011.616453,92.58333333333333,2.3362083333333334
1991-04-27,2916,0.0,0.0,1.007622905,3.424440214,,7346.612622,236.29166666666666,4.333208333333333
1991-04-28,2917,0.77015882,0.821917808,0.983539106,1.50604933,,7419.01653,111.625,4.334416666666667
1991-04-29,2918,54.55476267,0.821917808,10.67912849,0.210999841,,2219.158336,20.375,4.521583333333333
1991-04-30,2919,5.692633265,0.821917808,10.00601397,0.612871645,8.2,2705.928216,53.541666666666664,4.02525
1991-05-01,2920,0.0,0.0,5.13749162,1.046593225,,3884.754127,65.95833333333333,4.429208333333333
1991-05-02,2921,0.0,0.0,3.695958101,2.196657859,,4509.031865,142.75,4.168583333333333
1991-05-03,2922,2.202481165,2.40874656,2.947575419,3.205367672,,4957.839961,196.75,6.227541666666666
1991-05-04,2923,1.80518305,1.122584215,2.530759777,1.006896113,,5262.622401,67.91666666666667,5.631374999999999
1991-05-05,2924,0.0,0.0,2.108312849,3.201957296,,5646.088716,210.79166666666666,4.290333333333334
1991-05-06,2925,1.68496905,7.747434482,1.844648045,2.355734868,,5944.293238,143.54166666666666,5.655583333333333
1991-05-07,2926,1.552536345,3.36124321,1.743184358,1.347277293,8.5,6066.477907,101.5,4.451958333333333
1991-05-08,2927,0.38507941,3.215474438,1.524921788,3.365831352,,6362.936507,233.125,5.687625000000001
1991-05-09,2928,0.0,0.0,1.371293296,3.532301431,,6612.332939,198.54166666666666,5.721125
1991-05-10,2929,0.0,0.0,1.267592179,2.853709665,,6795.903179,179.75,6.279583333333334
1991-05-11,2930,0.64994482,4.569501071,1.215578212,1.443245587,,6901.140546,107.54166666666667,7.34375
1991-05-12,2931,0.132432705,1.569912426,1.140058659,3.346475161,,7050.960352,203.375,9.43875
1991-05-13,2932,6.354796785,4.517914008,1.227444134,1.811104707,,6878.810091,142.125,9.874041666666667
1991-05-14,2933,0.0,0.0,1.203134078,4.391212533,8.0,6915.594417,258.7083333333333,7.7201249999999995
1991-05-15,2934,0.0,0.0,1.12349162,2.935193909,,7088.112004,193.25,6.046083333333333
1991-05-16,2935,0.0,0.0,1.072055866,1.093576806,,7202.594316,61.291666666666664,6.994791666666667
1991-05-17,2936,0.0,0.0,1.042617318,1.131258783,,7270.859,77.45833333333333,6.640250000000001
1991-05-18,2937,0.26486541,0.61755001,0.992840782,2.456511792,,7390.415556,142.20833333333334,6.90925
1991-05-19,2938,0.91481023,1.571067881,0.977731844,2.505273764,,7430.252224,162.25,11.460833333333333
1991-05-20,2939,0.0,0.0,0.911413408,3.603129979,,7604.023763,206.125,12.361666666666666
1991-05-21,2940,0.0,0.0,0.875564246,4.326502258,7.9,7707.580941,260.75,12.865083333333333
1991-05-22,2941,0.0,0.0,0.844793296,5.094987019,,7796.403752,270.75,11.347666666666667
1991-05-23,2942,0.0,0.0,0.765930168,3.42781552,,8030.043618,177.75,12.495875
1991-05-24,2943,0.0,0.0,0.672083799,5.948867609,,8396.458886,298.2916666666667,13.746958333333334
1991-05-25,2944,0.0,0.0,0.659111732,2.171628131,,8450.710828,121.91666666666667,10.215708333333334
1991-05-26,2945,0.0,0.0,0.637189944,1.822072549,,8541.040301,97.125,10.187624999999999
1991-05-27,2946,0.0,0.0,0.617782123,4.684039705,,8627.673718,230.125,13.052916666666667
1991-05-28,2947,0.132432705,4.794520548,0.610692737,2.86794861,,8658.338532,180.95833333333334,8.7565
1991-05-29,2948,0.0,0.0,0.601114525,4.170639733,,8703.816254,242.95833333333334,9.470125
1991-05-30,2949,0.0,0.0,0.60526257,1.239635614,,8685.108035,69.33333333333333,8.981666666666667
1991-05-31,2950,0.0,0.0,0.59402514,2.098933927,,8731.169537,116.33333333333333,9.183333333333334
1991-06-01,2951,0.0,0.0,0.576628492,4.480847133,,8817.276619,300.5416666666667,8.036583333333335
1991-06-02,2952,7.124955605,4.794520548,0.650916201,0.908538109,,8488.523945,70.25,5.216708333333333
1991-06-03,2953,0.770158825,4.794520548,0.614463687,3.206034838,,8635.173933,220.33333333333334,4.982125
1991-06-04,2954,0.0,0.0,0.571902235,4.835975937,7.7,8830.836383,318.25,4.447791666666666
1991-06-05,2955,5.82506597,4.520547945,0.594452514,1.4292006,,8754.75496,100.16666666666667,5.639916666666667
1991-06-06,2956,2.202481165,4.520547945,0.657,3.254061813,,8443.306263,183.75,10.727916666666667
1991-06-07,2957,0.0,0.0,0.581631285,1.035963102,,8786.742659,66.5,9.714708333333332
1991-06-08,2958,8.653054545,4.520547945,0.682265363,0.88795398,,8378.474591,55.583333333333336,7.370666666666668
1991-06-09,2959,24.67149272,4.520547945,1.249340782,2.005530635,,6834.033236,132.79166666666666,9.9075
1991-06-10,2960,5.82506597,4.520547945,1.996617318,1.629113628,,5646.474032,117.5,9.172625
1991-06-11,2961,5.427767855,4.520547945,1.200268156,0.744558397,7.8,6939.721913,45.458333333333336,8.9615
1991-06-12,2962,6.8478715,4.794520548,1.32151676,3.556042468,,6687.645465,228.83333333333334,10.1925
1991-06-13,2963,11.37304783,4.794520548,2.208368715,1.911399211,,5529.342961,131.66666666666666,8.982083333333334
1991-06-14,2964,11.24061513,4.794520548,1.605620112,2.859750833,,6325.401544,168.33333333333334,9.111208333333334
1991-06-15,2965,12.27563936,4.794520548,7.36127095,1.178273147,,3219.709078,97.375,7.989375
1991-06-16,2966,2.46734657,4.794520548,3.290958101,2.261573446,,4715.786801,160.20833333333334,8.483208333333334
1991-06-17,2967,4.910255735,4.794520548,2.623223464,1.519711342,,5192.53042,116.20833333333333,7.198125
1991-06-18,2968,19.03995295,4.794520548,2.955997207,1.581468787,7.6,5037.304199,131.91666666666666,7.127416666666666
1991-06-19,2969,5.68041457,2.054794521,6.74922067,1.995292661,,3396.296552,130.5,7.784541666666667
1991-06-20,2970,0.64994482,2.054794521,3.525259777,3.451886432,,4587.833134,183.70833333333334,9.838708333333333
1991-06-21,2971,2.202481165,2.054794521,2.908106145,2.439473469,,4987.466964,137.45833333333334,11.102916666666667
1991-06-22,2972,9.43543207,2.054794521,2.756463687,3.193044445,,5102.205682,189.08333333333334,10.847083333333332
1991-06-23,2973,1.287670935,2.054794521,2.383541899,2.281077838,,5391.775793,124.0,11.129583333333334
1991-06-24,2974,10.482675,2.054794521,2.578173184,1.222335882,,5251.932638,72.29166666666667,11.707916666666668
1991-06-25,2975,14.24991121,2.054794521,5.536432961,2.125555671,7.3,3715.941554,136.95833333333334,12.349166666666667
1991-06-26,2976,8.255756435,2.602739726,3.799332402,2.770645951,,4473.893506,177.16666666666666,10.637083333333333
1991-06-27,2977,0.26486541,2.602739726,3.175617318,2.994209931,,4812.594906,185.54166666666666,10.773333333333333
1991-06-28,2978,0.0,0.0,2.762321229,5.325177216,,5088.882759,290.0833333333333,11.143166666666666
1991-06-29,2979,2.45512787,2.602739726,2.434650838,3.678822064,,5355.516097,197.125,11.27425
1991-06-30,2980,2.45512787,2.602739726,2.296608939,3.296694684,,5472.249332,172.79166666666666,13.121250000000002
1991-07-01,2981,5.83728467,2.602739726,2.212290503,2.927886759,,5559.102615,179.83333333333334,11.924583333333333
1991-07-02,2982,1.15523823,2.602739726,1.990784916,3.45116505,7.6,5778.418146,171.54166666666666,12.114541666666668
1991-07-03,2983,8.689710655,2.328767123,2.360614525,1.94181934,,5412.226533,95.29166666666667,14.03375
1991-07-04,2984,0.0,0.0,1.947569832,6.080831033,,5818.903745,256.25,18.187083333333334
1991-07-05,2985,0.38507941,2.328767123,1.754622905,5.181268206,,6055.649463,204.91666666666666,17.955000000000002
1991-07-06,2986,1.167456935,2.328767123,1.643128492,5.525436467,,6200.579492,258.0416666666667,16.875833333333333
1991-07-07,2987,0.0,0.0,1.523463687,5.029960928,,6373.198613,224.08333333333334,14.926250000000001
1991-07-08,2988,33.36120338,2.328767123,3.834226257,1.137860364,,4310.119464,59.375,13.120416666666666
1991-07-09,2989,2.587560575,2.328767123,6.514843575,3.477509662,,3109.046823,208.04166666666666,12.532083333333333
1991-07-10,2990,0.0,0.0,2.993430168,5.455273448,7.5,4915.172929,245.91666666666666,15.364166666666668
1991-07-11,2991,4.65760903,1.917808219,2.560449721,2.839192188,,5253.976896,153.45833333333334,14.21
1991-07-12,2992,10.5315498,1.917808219,3.044790503,1.821012665,,4912.867852,100.625,12.132916666666667
1991-07-13,2993,15.02007003,1.917808219,4.254385475,1.128341328,,4230.104691,79.83333333333333,13.3075
1991-07-14,2994,2.587560575,1.917808219,3.598114525,4.094828293,,4547.932121,223.375,13.134583333333333
1991-07-15,2995,5.042688445,1.917808219,3.382692737,1.703465277,,4696.529948,99.66666666666667,12.323333333333332
1991-07-16,2996,2.07004846,1.917808219,3.036645251,2.796956874,7.8,4908.94523,158.875,12.220833333333333
1991-07-17,2997,0.90259153,1.506849315,2.748796089,2.840729027,,5101.820556,155.91666666666666,12.390416666666667
1991-07-18,2998,15.26049804,1.506849315,3.961583799,1.743011932,,4370.746426,104.70833333333333,12.428333333333335
1991-07-19,2999,0.38507941,1.506849315,3.018645251,1.603678684,,4917.317331,89.08333333333333,12.325000000000001
1991-07-20,3000,0.0,0.0,2.687555866,2.236943469,,5148.283914,115.33333333333333,12.549999999999999
1991-07-21,3001,0.0,0.0,2.391460894,3.456698302,,5388.652644,154.41666666666666,13.284583333333332
1991-07-22,3002,0.0,0.0,2.190921788,3.049072549,,5574.9544,139.45833333333334,13.435875000000001
1991-07-23,3003,5.042688445,1.506849315,2.152432961,1.368401887,7.8,5617.175826,68.625,12.93125
1991-07-24,3004,22.26523965,1.643835616,4.858441341,1.531661213,,3855.088263,103.83333333333333,11.502916666666666
1991-07-25,3005,0.38507941,1.643835616,3.204276536,3.384480667,,4776.62081,167.91666666666666,14.31
1991-07-26,3006,0.0,0.0,2.664150838,2.58915784,,5163.756735,127.04166666666667,13.718333333333334
1991-07-27,3007,0.0,0.0,2.378589385,1.2856084,,5401.715148,70.25,13.871250000000002
1991-07-28,3008,0.0,0.0,2.159170391,4.760041305,,5602.888291,206.0,15.322916666666666
1991-07-29,3009,0.0,0.0,1.967832402,5.926290323,,5803.343194,235.375,17.331666666666667
1991-07-30,3010,1.552536345,1.643835616,1.862798883,1.770263784,7.5,5928.827837,85.125,16.01125
1991-07-31,3011,24.45550211,0.410958904,4.289103352,2.515724039,,4109.498153,142.20833333333334,12.785416666666668
1991-08-01,3012,1.03502423,0.410958904,2.466578212,2.407632807,,5315.634356,128.625,12.734499999999999
1991-08-02,3013,0.0,0.0,2.165405028,4.272726806,,5596.356275,206.5,14.784166666666666
1991-08-03,3014,3.369938095,0.410958904,2.097930168,2.525100188,,5672.386758,143.29166666666666,14.858333333333334
1991-08-04,3015,0.132432705,0.410958904,1.923837989,4.348534244,,5852.992516,220.375,14.676666666666668
1991-08-05,3016,6.607443495,0.410958904,1.965946927,0.919286178,,5829.532954,49.625,14.365
1991-08-06,3017,11.63791324,0.410958904,3.326078212,1.47004194,7.2,4700.942069,94.95833333333333,14.445
1991-08-07,3018,0.64994482,0.410958904,2.629181564,2.604617557,,5173.541491,143.375,10.695666666666668
1991-08-08,3019,0.0,0.0,2.180111732,5.327291621,,5579.764466,276.375,11.776375
1991-08-09,3020,52.02829562,0.410958904,13.71901676,0.810456614,,1796.864167,56.375,14.065
1991-08-10,3021,40.36594497,0.410958904,35.41965084,0.491330217,,1058.470697,33.458333333333336,15.19375
1991-08-11,3022,3.11729139,0.410958904,16.65155866,1.896523169,,1933.379094,119.54166666666667,14.034166666666666
1991-08-12,3023,0.0,0.0,7.869041899,3.045620122,,3150.320421,167.45833333333334,11.240833333333333
1991-08-13,3024,0.0,0.0,4.931145251,3.474259588,7.7,3959.721991,172.58333333333334,12.180583333333333
1991-08-14,3025,0.0,0.0,3.694198324,3.652699577,,4515.422832,178.25,13.535833333333334
1991-08-15,3026,4.790041735,1.369863014,3.177854749,2.988135544,,4815.521013,175.58333333333334,14.180416666666666
1991-08-16,3027,11.36082913,1.369863014,3.162921788,3.264017299,,4921.608652,183.20833333333334,12.999166666666667
1991-08-17,3028,2.190262465,1.369863014,3.634969274,1.743232725,,4404.200107,105.33333333333333,11.625916666666667
1991-08-18,3029,0.0,0.0,2.659751397,4.225708051,,5164.042384,244.20833333333334,8.899041666666667
1991-08-19,3030,10.4948937,1.369863014,2.980382682,2.653444522,,4928.457018,164.95833333333334,12.233583333333334
1991-08-20,3031,0.132432705,1.369863014,2.784519553,4.724981749,7.1,5057.459834,240.625,13.669833333333335
1991-08-21,3032,1.937615755,2.876712329,2.413684358,3.896309051,,5370.51021,182.54166666666666,16.10125
1991-08-22,3033,4.77782304,2.876712329,2.298343575,1.341493162,,5479.829192,64.0,13.820416666666667
1991-08-23,3034,49.89715366,2.876712329,12.95316201,1.59409095,,2032.22815,102.45833333333333,11.640833333333333
1991-08-24,3035,0.264865405,2.876712329,10.01348045,1.831979861,,2649.316161,96.70833333333333,13.552916666666667
1991-08-25,3036,0.902591525,2.876712329,5.441103352,3.447317088,,3782.558317,184.0,13.967083333333333
1991-08-26,3037,0.0,0.0,3.87452514,2.920499611,,4424.220544,126.91666666666667,13.860541666666668
1991-08-27,3038,0.0,0.0,3.216972067,4.087059536,7.7,4787.386237,171.79166666666666,15.334166666666667
1991-08-28,3039,0.0,0.0,2.826301676,3.65214609,,5045.176525,161.41666666666666,15.327916666666667
1991-08-29,3040,0.0,0.0,2.455416201,4.31275643,,5330.943861,198.08333333333334,14.686250000000001
1991-08-30,3041,0.0,0.0,2.204597765,4.966298474,,5560.495902,226.16666666666666,14.041916666666667
1991-08-31,3042,0.0,0.0,2.024698324,4.588150984,,5743.914518,218.625,14.726708333333333
1991-09-01,3043,0.0,0.0,1.906290503,2.000989298,,5874.595035,118.66666666666667,12.398916666666667
1991-09-02,3044,0.0,0.0,1.745798883,3.978371497,,6063.769035,182.625,15.525
1991-09-03,3045,0.0,0.0,1.631337989,2.535054922,7.9,6219.564625,135.33333333333334,13.269166666666665
1991-09-04,3046,0.0,0.0,1.540634078,3.1569045,,6346.942001,167.0,13.985833333333334
1991-09-05,3047,0.0,0.0,1.429265363,4.414398774,,6517.801482,194.20833333333334,13.949625
1991-09-06,3048,0.0,0.0,1.349572626,2.197621852,,6651.219183,114.0,11.77575
1991-09-07,3049,0.0,0.0,1.256681564,4.031627373,,6817.498571,195.5,10.885875
1991-09-08,3050,0.0,0.0,1.182393855,3.948212846,,6965.505775,185.66666666666666,11.410666666666666
1991-09-09,3051,0.0,0.0,1.132416201,3.582930897,,7068.948261,172.16666666666666,11.9775
1991-09-10,3052,0.0,0.0,1.081835196,3.488403107,7.7,7179.968102,161.91666666666666,12.838833333333334
1991-09-11,3053,0.0,0.0,1.060240223,0.459428401,,7232.910065,25.291666666666668,10.731666666666667
1991-09-12,3054,0.0,0.0,1.018407821,1.610067489,,7327.319172,91.16666666666667,11.174583333333333
1991-09-13,3055,0.902591525,1.917808219,0.978310056,2.612618542,,7432.611904,118.375,13.882
1991-09-14,3056,14.22547382,1.917808219,1.51124581,0.94148639,,6200.753209,50.958333333333336,14.54125
1991-09-15,3057,2.71999328,1.917808219,1.297332402,2.888888354,,6636.6768,161.66666666666666,11.815
1991-09-16,3058,22.08393214,1.917808219,2.858505587,1.413634422,,4890.776776,84.20833333333333,14.1325
1991-09-17,3059,0.517512115,1.917808219,1.440201117,1.663967832,7.6,6474.303334,85.16666666666667,13.28375
1991-09-18,3060,5.680414565,3.835616438,1.465391061,2.21784371,,6457.003158,130.41666666666666,11.394166666666665
1991-09-19,3061,0.0,0.0,1.231969274,1.997961786,,6859.56048,113.5,8.307583333333334
1991-09-20,3062,0.0,0.0,1.134502793,2.2248321,,7063.088479,119.375,9.243291666666666
1991-09-21,3063,18.36557074,3.835616438,1.697405028,2.781668424,,6082.225016,124.125,10.475375
1991-09-22,3064,0.649944815,3.835616438,2.161734637,2.032459437,,5316.344695,104.625,10.280833333333334
1991-09-23,3065,21.73550884,3.835616438,3.292743017,0.652109871,,4636.956554,29.458333333333332,13.061666666666667
1991-09-24,3066,17.3061091,3.835616438,8.965734637,1.883942289,6.9,2779.340539,103.375,11.322916666666666
1991-09-25,3067,1.03502423,2.739726027,3.663930168,1.268067059,,4505.900551,74.08333333333333,8.253
1991-09-26,3068,27.515646,2.739726027,7.541949721,0.063318595,,2990.795591,14.416666666666666,6.7138333333333335
1991-09-27,3069,0.132432705,2.739726027,5.554835196,1.860543414,,3712.417632,128.83333333333334,5.933375000000001
1991-09-28,3070,23.80555729,2.739726027,7.526916201,0.077565215,,3172.067485,6.708333333333333,7.904708333333333
1991-09-29,3071,1.552536345,2.739726027,7.769187151,0.459028618,,3154.034754,32.25,7.646791666666666
1991-09-30,3072,5.307553855,2.739726027,4.952011173,1.682976405,,3972.166046,107.33333333333333,7.185333333333333
1991-10-01,3073,2.20248116,2.739726027,4.19324581,2.08549949,7.9,4261.438598,98.16666666666667,9.308333333333334
1991-10-02,3074,5.415549155,3.698630137,3.428044693,1.348843598,,4694.397838,78.33333333333333,10.213041666666667
1991-10-03,3075,17.96827262,3.698630137,9.705946927,1.823579592,,2723.197567,108.33333333333333,10.764166666666666
1991-10-04,3076,3.225286695,3.698630137,4.956837989,1.689575693,,3957.866599,104.79166666666667,8.986749999999999
1991-10-05,3077,11.00018712,3.698630137,6.852569832,1.501257292,,3406.830284,115.33333333333333,6.956291666666666
1991-10-06,3078,0.38507941,3.698630137,4.497662011,1.616526475,,4146.013119,92.70833333333333,6.521999999999999
1991-10-07,3079,26.38089917,3.698630137,7.80146648,0.449303499,,3057.646984,18.875,9.489583333333334
1991-10-08,3080,9.58008348,3.698630137,11.50838547,1.878052335,6.9,2464.271822,122.0,8.580875
1991-10-09,3081,14.35790652,2.054794521,10.21153073,0.138543226,,2782.969327,9.5,10.042916666666667
1991-10-10,3082,0.132432705,2.054794521,10.09156425,0.147902518,,2706.28018,11.666666666666666,10.912083333333333
1991-10-11,3083,3.225286695,2.054794521,6.808650838,0.78513579,,3419.703996,41.875,12.972499999999998
1991-10-12,3084,1.42010364,2.054794521,5.365357542,1.257132734,,3821.624722,78.375,11.331874999999998
1991-10-13,3085,0.0,0.0,4.107946927,1.710502564,,4318.782011,86.91666666666667,8.335083333333333
1991-10-14,3086,1.03502423,2.054794521,3.491874302,0.679506121,,4629.564517,44.5,8.776375
1991-10-15,3087,0.0,0.0,3.073022346,1.182072131,7.8,4883.444534,79.33333333333333,7.7725
1991-10-16,3088,30.61677269,19.17808219,8.682938547,0.830033171,,2921.706981,36.125,9.545083333333332
1991-10-17,3089,30.62899139,19.17808219,10.02356145,1.192790758,,2689.679132,46.666666666666664,5.1705
1991-10-18,3090,4.15231562,19.17808219,10.75258659,0.511519236,,2594.287896,56.708333333333336,3.2741666666666664
1991-10-19,3091,1.03502423,19.17808219,6.585134078,0.70176885,,3463.98436,70.0,1.2006666666666665
1991-10-20,3092,3.622584805,19.17808219,4.788402235,0.393611,,4033.269684,33.625,5.181791666666666
1991-10-21,3093,0.517512115,19.17808219,3.98174581,0.677415355,,4377.375656,53.625,5.921291666666666
1991-10-22,3094,0.517512115,19.17808219,3.39377933,0.803493267,8.2,4685.697023,62.333333333333336,6.097208333333334
1991-10-23,3095,0.0,0.0,3.193365922,0.345477332,,4817.183874,26.333333333333332,4.768166666666667
1991-10-24,3096,0.0,0.0,3.078226257,0.264005819,,4879.649667,22.5,5.857375
1991-10-25,3097,0.517512115,4.074267052,2.815793296,0.115404924,,5057.855602,14.25,5.932083333333334
1991-10-26,3098,0.0,0.0,2.592100559,0.112346275,,5227.219257,14.208333333333334,6.2599583333333335
1991-10-27,3099,0.0,0.0,2.451946927,0.391900272,,5343.320075,34.083333333333336,4.297458333333333
1991-10-28,3100,0.132432705,7.823144952,2.258069832,0.546190618,,5509.396828,40.166666666666664,6.4171249999999995
1991-10-29,3101,7.63024902,7.071637397,2.216011173,0.509425649,7.7,5565.759599,26.583333333333332,8.621666666666668
1991-10-30,3102,3.357719395,7.808219178,2.315337989,0.76762222,,5455.27029,66.875,6.296958333333333
1991-10-31,3103,25.35809363,7.808219178,5.689885475,0.309904635,,3433.01771,9.083333333333334,8.609375
1991-11-01,3104,29.94239047,7.808219178,11.71038268,0.619683935,,2476.396592,22.458333333333332,9.235833333333334
1991-11-02,3105,25.08100953,7.808219178,13.75453911,0.466161464,,2396.936005,23.583333333333332,7.9775
1991-11-03,3106,12.51606737,7.808219178,17.79961173,0.286779777,,1863.513251,27.0,3.2046666666666668
1991-11-04,3107,23.39604049,7.808219178,12.89564246,0.158611007,,2437.626725,28.083333333333332,2.969666666666667
1991-11-05,3108,0.517512115,7.808219178,11.21349721,0.560799473,9.1,2554.586238,64.83333333333333,1.2080416666666667
1991-11-06,3109,24.56349742,5.890410959,9.804067039,0.344704764,,2801.597749,23.625,5.398833333333333
1991-11-07,3110,43.51989245,5.890410959,33.90149162,0.157748559,,1049.098866,11.208333333333334,9.291666666666666
1991-11-08,3111,18.63043614,5.890410959,19.40676536,0.269396493,,1784.469703,27.541666666666668,5.349333333333333
1991-11-09,3112,11.08374503,5.890410959,11.42441899,0.210160683,,2600.792529,37.833333333333336,2.5247083333333333
1991-11-10,3113,47.28515568,5.890410959,21.44146927,0.124025099,,1524.702262,15.708333333333334,4.430291666666666
1991-11-11,3114,0.517512115,5.890410959,21.54768436,0.262739231,,1362.347033,32.583333333333336,4.170083333333333
1991-11-12,3115,11.75812724,5.890410959,11.10672905,0.360806543,9.0,2628.81503,6.375,4.1040833333333335
1991-11-13,3116,10.50711241,13.97260274,8.912564246,0.0,,2981.647504,9.125,0.773
1991-11-14,3117,29.01536155,13.97260274,10.06655028,0.10855883,,2816.497214,28.041666666666668,2.7095416666666665
1991-11-15,3118,3.3455007,13.97260274,10.32448324,0.135385236,,2760.099465,19.916666666666668,1.7310416666666668
1991-11-16,3119,2.33491387,13.97260274,8.384103352,0.306338544,,3082.79684,29.083333333333332,0.996125
1991-11-17,3120,9.70029749,13.97260274,7.836083799,0.279402648,,3217.498552,20.416666666666668,1.9108749999999999
1991-11-18,3121,37.89859841,13.97260274,20.47276257,0.083487025,,1771.016595,18.083333333333332,5.090708333333334
1991-11-19,3122,3.76723621,13.97260274,15.40649162,0.0,9.3,2104.896288,16.75,2.716208333333334
1991-11-20,3123,0.38507941,1.141094834,8.579111732,0.328925376,,3029.488262,43.75,-1.3964583333333334
1991-11-21,3124,2.59977928,3.045776748,6.337282123,0.264666658,,3547.805218,16.958333333333332,2.146166666666667
1991-11-22,3125,0.38507941,6.852200251,4.955128492,0.091379046,,3965.18024,12.041666666666666,6.589291666666667
1991-11-23,3126,0.132432705,1.627849307,3.938329609,0.397829631,,4394.888983,25.5,6.426583333333333
1991-11-24,3127,0.0,0.0,3.350765363,0.370734361,,4712.087234,9.958333333333334,6.771249999999999
1991-11-25,3128,1.552536345,2.267153863,3.106684358,0.328707059,,4864.430259,17.666666666666668,7.434
1991-11-26,3129,0.0,0.0,2.783162011,0.306364901,8.0,5077.70486,26.625,8.252916666666666
1991-11-27,3130,1.03502423,4.719890874,2.533826816,0.10387493,,5274.674525,8.583333333333334,7.628833333333334
1991-11-28,3131,6.462792085,9.310970944,2.671340782,0.142106821,,5168.417329,13.291666666666666,8.266583333333333
1991-11-29,3132,0.0,0.0,2.397217877,0.172633916,,5384.103954,18.25,6.8379166666666675
1991-11-30,3133,0.0,0.0,2.22224581,0.034562028,,5547.174253,8.458333333333334,4.282666666666667
1991-12-01,3134,0.0,0.0,2.105547486,0.033984979,,5661.989408,6.875,4.831375
1991-12-02,3135,0.132432705,23.58282605,2.011273743,0.120804427,,5761.064919,8.041666666666666,4.200916666666667
1991-12-03,3136,0.0,0.0,1.919840782,0.125065299,8.0,5861.235372,3.875,3.312333333333333
1991-12-04,3137,0.0,0.0,1.828558659,0.097331327,,5966.762509,5.125,2.645916666666667
1991-12-05,3138,0.0,0.0,1.736824022,0.356356355,,6080.462666,7.458333333333333,3.128833333333333
1991-12-06,3139,0.0,0.0,1.520773743,0.294997722,,6361.518351,32.541666666666664,1.686625
1991-12-07,3140,0.0,0.0,1.387986034,0.179951997,,6587.103694,36.0,-2.7592499999999998
1991-12-08,3141,0.0,0.0,1.319103352,0.194227909,,6708.252003,34.083333333333336,-3.3949166666666666
1991-12-09,3142,0.0,0.0,1.258717877,0.017497434,,6816.436952,11.708333333333334,-1.6652083333333334
1991-12-10,3143,0.0,0.0,1.198332402,0.172966409,7.8,6931.771227,41.791666666666664,-2.780208333333333
1991-12-11,3144,0.0,0.0,1.068460894,0.095582087,,7179.245459,37.708333333333336,-6.199708333333334
1991-12-12,3145,0.0,0.0,1.091086592,0.155533538,,7175.436849,27.75,-2.8352083333333336
1991-12-13,3146,0.0,0.0,1.078039106,0.179234685,,7189.960757,19.958333333333332,2.48425
1991-12-14,3147,0.0,0.0,1.031681564,0.328403882,,7296.529954,40.875,-1.0022083333333334
1991-12-15,3148,2.467346575,3.561643836,1.024743017,0.260736471,,7321.055357,24.041666666666668,1.131875
1991-12-16,3149,3.11729139,3.561643836,1.026100559,0.079928923,,7315.235466,10.25,2.3488333333333333
1991-12-17,3150,26.81485336,3.561643836,2.415569832,0.126739345,8.1,5200.549424,6.208333333333333,6.708583333333333
1991-12-18,3151,28.54672423,8.767123288,5.38574581,0.36869568,,3510.225581,12.833333333333334,5.067541666666666
1991-12-19,3152,23.64868719,8.767123288,15.27315084,0.36352811,,2106.120657,4.125,6.281416666666666
1991-12-20,3153,32.16930904,8.767123288,11.41881285,0.473146025,,2436.89511,9.333333333333334,2.533
1991-12-21,3154,107.5936451,8.767123288,63.90867318,0.049547673,,292.0135458,1.6666666666666667,8.645875
1991-12-22,3155,1.42010364,8.767123288,24.84123184,0.150135459,,1215.532641,11.125,9.350833333333332
1991-12-23,3156,8.267975145,8.767123288,9.634148045,0.42594994,9.7,2845.056995,11.666666666666666,6.317166666666666
1991-12-24,3157,0.0,0.0,6.129301676,0.206272407,,3581.705747,15.791666666666666,2.6261666666666668
1991-12-25,3158,2.587560575,31.50684932,4.32598324,0.398379969,,4217.093351,18.666666666666668,3.110708333333333
1991-12-26,3159,8.83436205,31.50684932,5.271460894,0.060505952,,3870.174665,14.625,6.063375
1991-12-27,3160,0.0,0.0,3.664784916,0.188212549,,4526.310466,20.916666666666668,2.7832500000000002
1991-12-28,3161,0.0,0.0,3.090896648,0.14360474,,4871.200408,9.666666666666666,3.9282083333333335
1991-12-29,3162,1.42010364,31.50684932,2.848424581,0.080625196,,5035.561785,6.333333333333333,4.8994583333333335
1991-12-30,3163,0.38507941,31.50684932,2.560625698,0.065481576,8.6,5247.648706,9.708333333333334,3.534166666666667
1991-12-31,3164,3.99544552,4.109589041,2.412452514,0.108360919,,5376.951149,6.333333333333333,5.139125
1992-01-01,3165,8.5,4.109589041,2.396614525,0.229899844,,5407.243443,5.666666666666667,4.363333333333333
1992-01-02,3166,14.75,4.109589041,3.801393855,0.257740377,,4459.777914,8.875,4.951708333333333
1992-01-03,3167,30.5,4.109589041,9.833455307,0.238761931,,2625.128204,5.125,5.503708333333333
1992-01-04,3168,16.25,4.109589041,11.10605028,0.292078454,,2490.732257,22.083333333333332,2.2760416666666665
1992-01-05,3169,48.0,4.109589041,34.32853911,0.243713942,,987.3673756,4.541666666666667,7.178791666666666
1992-01-06,3170,0.0,0.0,15.16203352,0.315540193,,2052.675502,21.333333333333332,4.822208333333333
1992-01-07,3171,1.5,4.109589041,7.529505587,0.295906573,9.2,3236.502133,7.333333333333333,4.449166666666667
1992-01-08,3172,12.25,4.109589041,6.087594972,0.255820152,,3632.548657,18.125,4.346583333333333
1992-01-09,3173,6.0,4.109589041,6.943701117,0.0,,3390.630843,11.875,-0.9255833333333333
1992-01-10,3174,0.75,4.109589041,4.935393855,0.117836488,,3980.29107,70.75,-2.186291666666667
1992-01-11,3175,0.0,0.0,4.099298883,0.26894681,,4326.972778,57.916666666666664,-1.06725
1992-01-12,3176,0.25,4.109589041,3.613399441,0.117991252,,4565.722838,12.5,0.454875
1992-01-13,3177,0.0,0.0,3.186553073,0.034301088,,4810.732177,7.833333333333333,1.55975
1992-01-14,3178,0.0,0.0,2.83273743,0.194049914,8.5,5043.259883,36.666666666666664,-0.6474166666666666
1992-01-15,3179,0.25,3.493319926,2.526058659,0.207775888,,5276.691053,29.75,-1.3869166666666668
1992-01-16,3180,0.0,0.0,2.2815,0.247856102,,5487.198367,37.291666666666664,1.2790000000000001
1992-01-17,3181,0.0,0.0,2.067963687,0.110680033,,5696.2914,17.208333333333332,1.7305416666666666
1992-01-18,3182,0.25,7.94657377,1.872703911,0.158918924,,5909.672582,10.583333333333334,1.4349166666666668
1992-01-19,3183,0.25,7.677743225,1.693106145,0.150981572,,6132.918096,9.75,2.469875
1992-01-20,3184,0.0,0.0,1.537642458,0.040210104,,6347.358897,8.458333333333334,0.4320833333333333
1992-01-21,3185,0.0,0.0,1.38750838,0.056822458,8.2,6582.939041,33.125,-5.499041666666667
1992-01-22,3186,0.0,0.0,1.265027933,0.380713684,,6790.920002,67.95833333333333,-5.443083333333333
1992-01-23,3187,0.0,0.0,1.213768156,0.309984853,,6905.895644,61.166666666666664,-4.779541666666667
1992-01-24,3188,0.0,0.0,1.153030726,0.487467213,,7029.480834,57.291666666666664,-2.4190833333333335
1992-01-25,3189,11.0,1.643835616,1.472581006,0.374480549,,6418.66455,8.791666666666666,2.6569583333333333
1992-01-26,3190,0.0,0.0,1.259094972,0.443071375,,6799.613645,64.95833333333333,-0.8185416666666668
1992-01-27,3191,0.0,0.0,1.131310056,0.568021795,,7069.826027,66.95833333333333,-1.0150416666666666
1992-01-28,3192,0.0,0.0,1.07022067,0.230722187,8.2,7206.704496,27.125,-2.2190833333333333
1992-01-29,3193,0.0,0.0,1.03127933,0.183934371,,7297.598932,19.291666666666668,-2.7763333333333335
1992-01-30,3194,0.25,8.630136986,0.991030726,0.772617169,,7396.199641,72.625,0.5583333333333335
1992-01-31,3195,0.0,0.0,0.955357542,1.136960051,,7488.351187,72.33333333333333,6.036541666666667
1992-02-01,3196,0.0,0.0,0.917296089,0.795264478,,7589.204857,75.33333333333333,3.6015833333333336
1992-02-02,3197,0.75,8.630136986,0.922776536,0.115883597,,7584.19663,13.166666666666666,2.5821666666666667
1992-02-03,3198,13.0,8.630136986,1.264324022,0.577973745,,6902.805507,42.875,2.5924166666666664
1992-02-04,3199,18.75,8.630136986,4.821108939,0.193045616,8.8,3909.611711,8.5,4.689291666666667
1992-02-05,3200,0.0,0.0,2.623776536,0.492095481,,5148.202224,56.875,3.6067916666666666
1992-02-06,3201,0.0,0.0,1.968335196,0.664564712,,5790.531768,31.958333333333332,3.0687083333333334
1992-02-07,3202,0.0,0.0,1.687122905,0.427141192,,6138.619557,25.291666666666668,1.9700416666666667
1992-02-08,3203,0.0,0.0,1.550036313,0.838182625,,6333.351245,68.54166666666667,2.362375
1992-02-09,3204,24.25,8.219178082,4.87649162,0.253021249,,3845.996687,17.916666666666668,2.19325
1992-02-10,3205,4.5,8.219178082,3.645804469,0.520535334,,4520.544824,40.333333333333336,1.4080000000000001
1992-02-11,3206,0.75,8.219178082,3.17850838,0.276722058,8.9,4806.921352,26.458333333333332,2.7888750000000004
1992-02-12,3207,15.25,8.904109589,4.363013966,0.180114219,,4156.152395,9.25,4.419416666666667
1992-02-13,3208,7.5,8.904109589,6.112784916,0.439634858,,3612.484601,42.083333333333336,1.18225
1992-02-14,3209,11.75,8.904109589,6.337583799,0.271458188,,3560.154203,13.291666666666666,3.9925416666666664
1992-02-15,3210,2.5,8.904109589,6.064089385,0.719866677,,3600.44282,53.75,0.8842083333333334
1992-02-16,3211,1.25,8.904109589,4.451455307,0.531708785,,4167.148949,51.208333333333336,-0.534875
1992-02-17,3212,10.5,8.904109589,3.951175978,0.412691246,,4419.874337,41.208333333333336,-0.44733333333333336
1992-02-18,3213,1.5,8.904109589,4.503670391,0.135295666,8.9,4143.068639,16.041666666666668,-0.49704166666666666
1992-02-19,3214,3.75,6.849315068,3.753980447,0.206156148,,4500.001217,29.208333333333332,-0.24475
1992-02-20,3215,0.0,0.0,3.329748603,0.695800834,,4722.615226,96.0,-0.2947083333333333
1992-02-21,3216,5.0,6.849315068,3.296815642,0.264735705,,4752.610893,13.75,0.9568333333333333
1992-02-22,3217,12.0,6.849315068,3.147284916,0.26841666,,4857.128286,11.041666666666666,3.2691666666666666
1992-02-23,3218,20.5,6.849315068,11.9877486,0.660927841,,2433.210434,38.375,5.432083333333334
1992-02-24,3219,0.0,0.0,5.959835196,0.54083418,,3635.652766,54.75,2.252708333333333
1992-02-25,3220,0.0,0.0,4.534164804,1.45157244,9.1,4133.711682,112.58333333333333,1.977875
1992-02-26,3221,3.25,3.561643836,3.863891061,0.978141653,,4436.761701,62.166666666666664,5.6583749999999995
1992-02-27,3222,17.0,3.561643836,4.977628492,0.64537272,,3903.287002,21.583333333333332,4.42125
1992-02-28,3223,0.25,3.561643836,4.79546648,1.326978446,,3986.018327,117.83333333333333,0.4046666666666667
1992-02-29,3224,0.75,3.561643836,3.706944134,0.944960574,,4516.719351,72.33333333333333,2.360333333333333
1992-03-01,3225,15.25,3.561643836,5.131181564,0.843495553,,3922.128054,48.041666666666664,3.699
1992-03-02,3226,9.5,3.561643836,4.374553073,1.010533072,,4219.811466,84.08333333333333,1.6689583333333333
1992-03-03,3227,21.75,3.561643836,14.57059777,1.070459837,8.0,2164.876928,56.625,6.851375
1992-03-04,3228,0.25,3.698630137,7.058187151,0.786071165,,3345.699293,89.66666666666667,3.545125
1992-03-05,3229,9.75,3.698630137,5.785164804,0.692010687,,3715.027566,38.208333333333336,3.5530833333333334
1992-03-06,3230,1.0,3.698630137,5.065768156,1.268283037,,3921.687203,100.70833333333333,3.6649583333333333
1992-03-07,3231,9.25,3.698630137,5.080600559,0.87894561,,3949.558231,40.0,5.362541666666666
1992-03-08,3232,0.0,0.0,4.347,1.243334132,,4213.111845,123.41666666666667,0.31525
1992-03-09,3233,10.25,3.698630137,4.096231844,0.770733322,,4389.926454,49.625,2.3125416666666667
1992-03-10,3234,19.0,3.698630137,11.31664525,0.711762901,7.9,2565.251377,48.833333333333336,2.1694999999999998
1992-03-11,3235,28.0,8.082191781,13.41955307,0.882040566,,2173.120359,49.291666666666664,2.796208333333333
1992-03-12,3236,34.25,8.082191781,22.26237989,0.667066612,,1673.35059,37.791666666666664,4.889458333333333
1992-03-13,3237,16.25,8.082191781,22.21076816,0.792057661,,1590.903605,72.70833333333333,2.5860416666666666
1992-03-14,3238,12.75,8.082191781,10.51496648,0.99809097,,2724.052821,76.41666666666667,2.04275
1992-03-15,3239,18.25,8.082191781,13.56435754,0.835366577,,2327.200575,62.958333333333336,5.896333333333334
1992-03-16,3240,1.5,8.082191781,9.510662011,0.89990354,,2864.731321,78.45833333333333,5.072125
1992-03-17,3241,0.75,8.082191781,6.74698324,0.661470574,8.7,3432.499536,47.208333333333336,3.9174166666666665
1992-03-18,3242,16.0,4.383561644,8.300689944,0.466783936,,3075.91295,30.833333333333332,4.52125
1992-03-19,3243,0.5,4.383561644,6.296656425,1.010349136,,3549.597585,90.29166666666667,4.441458333333333
1992-03-20,3244,10.25,4.383561644,6.471050279,0.807064829,,3518.42615,53.833333333333336,6.7199583333333335
1992-03-21,3245,47.75,4.383561644,14.2141676,0.744267525,,2122.122901,64.75,2.5936666666666666
1992-03-22,3246,50.25,4.383561644,50.67487709,1.267460259,,446.4745112,90.83333333333333,5.16225
1992-03-23,3247,23.25,4.383561644,17.11312291,0.993727427,,2010.091933,94.25,0.8015416666666666
1992-03-24,3248,0.0,0.0,10.04394972,1.011795686,8.4,2766.285674,93.20833333333333,1.2357083333333334
1992-03-25,3249,17.75,3.835616438,8.438480447,1.358171928,,3092.36631,79.79166666666667,2.764333333333333
1992-03-26,3250,7.75,3.835616438,9.128312849,1.175976892,,2930.591442,119.75,0.01670833333333333
1992-03-27,3251,1.75,3.835616438,6.585360335,1.351831147,,3476.473671,125.70833333333333,-0.7167083333333334
1992-03-28,3252,1.25,3.835616438,5.358494413,1.105977508,,3837.699926,71.625,4.442458333333334
1992-03-29,3253,8.0,3.835616438,4.890796089,1.120746096,,4014.878232,97.58333333333333,1.4244583333333332
1992-03-30,3254,6.0,3.835616438,4.604530726,0.398011487,,4121.849117,63.833333333333336,0.3226666666666666
1992-03-31,3255,2.5,3.835616438,4.235706704,0.842488323,7.7,4270.450038,76.95833333333333,1.6933749999999999
1992-04-01,3256,9.0,1.917808219,4.525818436,0.462335281,,4163.685616,49.541666666666664,1.4617083333333334
1992-04-02,3257,1.0,1.917808219,4.323997207,0.184354595,,4222.542716,27.833333333333332,0.6834583333333333
1992-04-03,3258,0.0,0.0,3.719916201,1.291857394,,4511.401588,121.70833333333333,0.7110416666666667
1992-04-04,3259,0.0,0.0,3.333896648,1.44290677,,4723.415595,117.54166666666667,0.5278333333333333
1992-04-05,3260,0.0,0.0,3.030259777,1.534083184,,4911.336423,109.25,2.1552083333333334
1992-04-06,3261,7.5,1.917808219,3.698522346,1.67890175,,4523.991252,127.16666666666667,3.4290416666666665
1992-04-07,3262,8.0,1.917808219,4.097740223,1.229512019,7.7,4317.498416,101.54166666666667,2.8625000000000003
1992-04-08,3263,0.0,0.0,3.348578212,1.518013057,,4705.025357,115.79166666666667,3.7877916666666667
1992-04-09,3264,0.0,0.0,2.92276257,3.698993931,,4981.10596,206.5,6.3890416666666665
1992-04-10,3265,0.0,0.0,2.617416201,2.726684038,,5202.616112,159.25,7.908333333333334
1992-04-11,3266,2.75,12.60273973,2.377282123,3.029810799,,5410.242219,182.33333333333334,7.214166666666666
1992-04-12,3267,12.75,12.60273973,2.583930168,1.220102297,,5249.38973,101.41666666666667,3.0985
1992-04-13,3268,12.0,12.60273973,4.206645251,0.982403887,,4265.588226,76.95833333333333,2.735791666666667
1992-04-14,3269,32.5,12.60273973,12.63630168,0.268216288,8.1,2245.203971,30.208333333333332,2.6374999999999997
1992-04-15,3270,2.75,2.602739726,9.524715084,1.610030101,,2778.823194,154.25,0.42558333333333337
1992-04-16,3271,7.0,2.602739726,5.904,1.679094149,,3662.551187,153.70833333333334,1.311
1992-04-17,3272,12.75,2.602739726,8.003086592,0.342551684,,3173.030081,32.5,6.6738333333333335
1992-04-18,3273,0.25,2.602739726,5.891656425,0.205147103,,3664.650736,24.0,7.034833333333334
1992-04-19,3274,0.5,2.602739726,4.793354749,1.197363553,,4038.556042,85.20833333333333,6.5855
1992-04-20,3275,0.0,0.0,4.042131285,2.940694176,,4350.701346,174.08333333333334,7.711125
1992-04-21,3276,1.5,2.602739726,3.538081006,1.020327081,7.8,4606.268235,87.875,5.196833333333333
1992-04-22,3277,5.5,7.397260274,3.219134078,1.400445895,,4807.120942,100.91666666666667,4.799041666666667
1992-04-23,3278,1.0,7.397260274,2.99247486,1.773278141,,4915.749691,140.04166666666666,4.776
1992-04-24,3279,12.0,7.397260274,3.683337989,0.789412557,,4525.654757,64.29166666666667,5.384708333333333
1992-04-25,3280,9.25,7.397260274,4.022321229,2.533455389,,4361.401722,183.66666666666666,5.31025
1992-04-26,3281,8.0,7.397260274,4.359997207,1.614550188,,4222.711701,114.45833333333333,5.644833333333334
1992-04-27,3282,5.25,7.397260274,3.710036313,2.24273428,,4521.281805,163.83333333333334,4.3620833333333335
1992-04-28,3283,4.25,7.397260274,3.543335196,1.462931997,7.4,4608.926048,134.625,3.3016666666666663
1992-04-29,3284,2.75,4.109589041,3.28047486,1.026922283,,4757.098771,93.79166666666667,2.811
1992-04-30,3285,31.25,4.109589041,7.92077933,0.820761144,,3046.520401,89.29166666666667,7.425458333333334
1992-05-01,3286,3.0,4.109589041,9.301097765,1.200074891,,2774.717309,107.41666666666667,3.0889166666666665
1992-05-02,3287,2.0,4.109589041,5.615497207,1.476215972,,3745.539176,147.5,3.187208333333333
1992-05-03,3288,0.0,0.0,4.471290503,3.002141011,,4163.482101,247.70833333333334,4.836
1992-05-04,3289,2.25,4.109589041,3.88503352,0.881858819,,4434.289933,92.16666666666667,5.438666666666666
1992-05-05,3290,0.25,4.109589041,3.44551676,3.045283615,7.7,4651.227216,230.5,5.656208333333333
1992-05-06,3291,0.25,2.602739726,2.990287709,2.800765892,,4932.89599,213.16666666666666,7.731541666666666
1992-05-07,3292,1.75,2.602739726,2.730268156,1.16079479,,5120.311772,105.375,7.097333333333334
1992-05-08,3293,15.25,2.602739726,2.707089385,1.358181781,,5179.535844,128.08333333333334,2.937
1992-05-09,3294,14.25,2.602739726,5.14053352,0.890836797,,3892.113236,80.16666666666667,2.74625
1992-05-10,3295,3.0,2.602739726,3.406248603,2.76009927,,4663.394973,244.54166666666666,4.40975
1992-05-11,3296,21.75,2.602739726,3.507284916,2.147063845,,4815.88295,189.70833333333334,4.640583333333333
1992-05-12,3297,33.5,2.602739726,23.51071508,0.201914684,6.3,1439.177984,34.291666666666664,8.679333333333334
1992-05-13,3298,0.0,0.0,7.923268156,4.37134127,,3138.470823,273.9583333333333,11.992916666666666
1992-05-14,3299,0.0,0.0,5.188047486,4.143705085,,3880.30931,224.375,12.363
1992-05-15,3300,0.0,0.0,4.008444134,5.401150571,,4361.192551,328.9166666666667,8.199041666666666
1992-05-16,3301,0.0,0.0,3.380581006,5.423716897,,4692.502323,314.8333333333333,10.298166666666667
1992-05-17,3302,0.0,0.0,2.909916201,5.661996111,,4984.982006,321.625,10.283375
1992-05-18,3303,0.0,0.0,2.516807263,5.682197115,,5279.248996,329.5833333333333,11.13275
1992-05-19,3304,0.0,0.0,2.223553073,5.247254309,7.6,5539.751327,270.4583333333333,13.327916666666667
1992-05-20,3305,0.0,0.0,1.967555866,4.562419657,,5799.815389,245.125,14.550416666666665
1992-05-21,3306,0.0,0.0,1.73174581,4.981099,,6078.584879,255.875,12.629583333333334
1992-05-22,3307,0.0,0.0,1.535681564,5.401678272,,6347.883999,275.375,14.964583333333332
1992-05-23,3308,0.0,0.0,1.403296089,4.171272642,,6560.984166,249.625,12.740833333333333
1992-05-24,3309,0.0,0.0,1.328304469,3.289122864,,6688.460795,177.83333333333334,12.341666666666667
1992-05-25,3310,0.0,0.0,1.22925419,5.011998353,,6868.711656,268.75,13.63
1992-05-26,3311,0.0,0.0,1.137192737,6.553529989,,7056.480061,316.125,14.559166666666668
1992-05-27,3312,0.0,0.0,1.061949721,5.661580653,7.2,7222.973943,320.0416666666667,11.520333333333333
1992-05-28,3313,18.75,1.917808219,1.860460894,1.027501075,,5615.195346,54.458333333333336,10.31
1992-05-29,3314,3.5,1.917808219,1.324860335,1.685466985,,6670.125609,99.79166666666667,10.234166666666667
1992-05-30,3315,5.75,1.917808219,1.196195531,1.107923457,,6949.602327,64.0,10.664166666666667
1992-05-31,3316,1.5,1.917808219,1.213768156,2.951209795,,6888.38985,161.79166666666666,11.0775
1992-06-01,3317,25.0,1.917808219,2.920072626,0.846064944,,4467.143584,56.958333333333336,9.92
1992-06-02,3318,1.25,1.917808219,2.318706704,3.288291703,6.9,5272.594576,204.20833333333334,10.159166666666666
1992-06-03,3319,15.0,1.095890411,2.444153631,2.250189711,,5168.292331,140.125,10.327083333333333
1992-06-04,3320,6.0,1.095890411,2.322226257,1.801862485,,5432.411686,106.20833333333333,8.851374999999999
1992-06-05,3321,7.25,1.095890411,2.526058659,0.847237934,,5275.956804,79.79166666666667,6.932666666666666
1992-06-06,3322,0.0,0.0,2.539935754,5.262190248,,5220.646719,273.25,12.88375
1992-06-07,3323,0.5,1.095890411,1.973614525,3.103589452,,5794.350614,175.70833333333334,11.252083333333333
1992-06-08,3324,2.75,1.095890411,1.849851955,1.414820794,,5941.477651,91.0,11.02375
1992-06-09,3325,4.0,1.095890411,1.77973743,2.983259075,7.6,6026.203056,193.16666666666666,11.614166666666668
1992-06-10,3326,0.0,0.0,1.627868715,4.053368085,,6221.338575,213.66666666666666,12.757916666666667
1992-06-11,3327,0.0,0.0,1.495282123,5.059662241,,6412.402859,288.375,12.297916666666666
1992-06-12,3328,0.0,0.0,1.387231844,5.851957034,,6588.126724,287.5833333333333,13.871249999999998
1992-06-13,3329,0.0,0.0,1.307589385,6.91864216,,6725.400414,336.3333333333333,14.012083333333335
1992-06-14,3330,0.0,0.0,1.24423743,3.866889333,,6845.628008,169.875,12.990416666666667
1992-06-15,3331,0.0,0.0,1.226664804,1.361087195,,6877.452817,87.95833333333333,11.183791666666666
1992-06-16,3332,0.25,0.362243188,1.148379888,4.176236515,7.5,7035.00158,223.20833333333334,10.286708333333333
1992-06-17,3333,0.0,0.0,1.089427374,5.312964192,,7161.662492,300.9166666666667,9.977708333333334
1992-06-18,3334,0.0,0.0,1.041234637,4.396289781,,7274.008772,257.3333333333333,9.59675
1992-06-19,3335,0.0,0.0,1.006944134,4.271202416,,7356.171279,228.91666666666666,10.088375000000001
1992-06-20,3336,0.0,0.0,0.961692737,6.096426818,,7472.539322,341.4166666666667,11.040041666666667
1992-06-21,3337,0.0,0.0,0.930620112,3.657323834,,7551.530568,221.58333333333334,10.217708333333333
1992-06-22,3338,0.0,0.0,0.902539106,3.957567716,,7631.222202,229.16666666666666,11.306666666666667
1992-06-23,3339,0.0,0.0,0.881949721,2.839877847,7.3,7691.337746,164.91666666666666,9.864583333333334
1992-06-24,3340,0.0,0.0,0.860857542,3.682002799,,7752.349788,214.75,10.160041666666666
1992-06-25,3341,0.0,0.0,0.847055866,5.728195797,,7791.691638,319.5,11.47125
1992-06-26,3342,0.0,0.0,0.821715084,4.996847615,,7871.239093,250.54166666666666,13.925416666666665
1992-06-27,3343,0.0,0.0,0.799290503,5.532226657,,7943.589969,268.625,15.54875
1992-06-28,3344,0.0,0.0,0.774955307,5.172801333,,8021.269706,236.08333333333334,16.99833333333333
1992-06-29,3345,2.25,5.616438356,0.766005587,5.080878119,,8058.925378,217.45833333333334,17.22125
1992-06-30,3346,5.75,5.616438356,0.824581006,3.758375079,7.2,7857.878664,189.0,13.890416666666667
1992-07-01,3347,0.5,1.232876712,0.76427095,0.86781445,,8054.366123,55.208333333333336,10.939583333333333
1992-07-02,3348,8.0,1.232876712,0.72749162,2.836548171,,8216.000294,164.79166666666666,9.971708333333334
1992-07-03,3349,13.0,1.232876712,1.089175978,0.696343572,,7174.830158,43.083333333333336,11.135
1992-07-04,3350,3.5,1.232876712,0.955885475,1.651627741,,7453.425465,99.79166666666667,10.221666666666666
1992-07-05,3351,0.0,0.0,0.771410615,2.583950379,,8022.460009,138.0,10.949583333333335
1992-07-06,3352,0.0,0.0,0.686639665,6.231451266,,8330.283497,293.25,14.14125
1992-07-07,3353,0.0,0.0,0.656371508,2.822264354,7.3,8465.334859,134.04166666666666,13.972499999999998
1992-07-08,3354,7.25,1.506849315,0.65775419,2.065174706,,8453.633449,112.25,14.467916666666667
1992-07-09,3355,5.75,1.506849315,0.717108939,0.547637371,,8212.020813,45.958333333333336,10.994166666666667
1992-07-10,3356,0.5,1.506849315,0.608203911,3.649168853,,8657.774207,209.95833333333334,10.761666666666665
1992-07-11,3357,18.25,1.506849315,1.010136872,1.512672988,,7328.964746,88.16666666666667,10.967916666666667
1992-07-12,3358,3.25,1.506849315,1.109036313,3.906848549,,7016.54218,241.625,10.598333333333333
1992-07-13,3359,29.5,1.506849315,3.216418994,1.783846051,,4582.160313,105.33333333333333,11.029583333333333
1992-07-14,3360,1.0,1.506849315,2.509793296,4.519995931,6.9,5030.114154,290.25,12.654583333333333
1992-07-15,3361,0.25,5.479452055,1.312692737,3.471098679,,6692.288684,202.79166666666666,13.704583333333334
1992-07-16,3362,3.25,5.479452055,1.096064246,2.420432546,,7143.679331,135.08333333333334,13.28375
1992-07-17,3363,6.25,5.479452055,1.211178771,3.100185385,,6907.860126,159.08333333333334,12.50625
1992-07-18,3364,7.25,5.479452055,1.261835196,2.169065806,,6818.806159,123.625,12.520833333333334
1992-07-19,3365,6.25,5.479452055,1.534826816,4.306392896,,6345.610386,231.16666666666666,13.452916666666667
1992-07-20,3366,0.75,5.479452055,1.26972905,1.175497932,,6790.634365,75.625,11.759583333333333
1992-07-21,3367,3.0,5.479452055,1.199639665,4.060816506,6.9,6928.290444,242.54166666666666,11.334166666666667
1992-07-22,3368,0.25,4.657534247,1.088094972,4.625861725,,7161.407329,263.4166666666667,12.030833333333334
1992-07-23,3369,5.25,4.657534247,1.115396648,2.443346355,,7111.404624,131.54166666666666,12.13125
1992-07-24,3370,0.5,4.657534247,1.058329609,2.549077162,,7229.291448,145.16666666666666,11.127916666666666
1992-07-25,3371,2.75,4.657534247,1.025698324,1.274140168,,7317.156256,84.0,10.39875
1992-07-26,3372,8.5,4.657534247,1.050812849,2.427732343,,7257.735436,140.875,10.7125
1992-07-27,3373,0.75,4.657534247,1.083444134,3.365905264,,7167.478769,211.33333333333334,9.834583333333333
1992-07-28,3374,0.0,0.0,0.943541899,4.416630422,7.0,7512.869488,237.41666666666666,11.270791666666668
1992-07-29,3375,0.0,0.0,0.898944134,2.19624811,,7641.883246,127.875,12.722916666666668
1992-07-30,3376,0.0,0.0,0.844441341,5.300937214,,7796.386172,282.0,13.261249999999999
1992-07-31,3377,0.0,0.0,0.808164804,5.720329288,,7910.885077,293.625,14.354999999999999
1992-08-01,3378,8.5,6.02739726,0.922550279,2.164916209,,7571.577672,111.54166666666667,11.735416666666666
1992-08-02,3379,6.75,6.02739726,0.855527933,1.739742286,,7781.607056,99.54166666666667,11.615
1992-08-03,3380,4.0,6.02739726,1.037840782,2.280048938,,7277.511875,158.375,10.592916666666666
1992-08-04,3381,18.5,6.02739726,1.039675978,2.518165969,7.1,7495.848492,154.70833333333334,10.259166666666667
1992-08-05,3382,26.5,1.780821918,7.898002793,1.506267005,,3035.748339,100.5,12.637916666666667
1992-08-06,3383,0.0,0.0,2.96326257,3.343884576,,4906.31376,194.16666666666666,10.482083333333334
1992-08-07,3384,12.5,1.780821918,2.232226257,2.112055342,,5572.609283,127.66666666666667,11.195833333333333
1992-08-08,3385,54.0,1.780821918,26.47503352,0.192198492,,1264.838985,16.583333333333332,10.972916666666668
1992-08-09,3386,1.25,1.780821918,9.378653631,1.018403274,,2849.843388,75.375,11.71375
1992-08-10,3387,0.5,1.780821918,5.580452514,2.824309543,,3743.388261,172.08333333333334,11.275416666666667
1992-08-11,3388,16.5,1.780821918,4.526145251,2.37187636,7.4,4192.062708,160.33333333333334,10.239166666666668
1992-08-12,3389,25.25,2.191780822,17.80162291,3.054404198,,1818.866962,212.625,9.965833333333334
1992-08-13,3390,11.25,2.191780822,8.586955307,0.946842745,,3047.259248,64.45833333333333,9.029333333333334
1992-08-14,3391,0.25,2.191780822,6.310910615,4.323021033,,3527.830962,254.75,10.872083333333334
1992-08-15,3392,16.5,2.191780822,5.619368715,2.70069243,,3778.532808,165.04166666666666,10.955416666666666
1992-08-16,3393,0.0,0.0,5.678120112,3.070908602,,3681.714334,191.58333333333334,10.0475
1992-08-17,3394,4.0,2.191780822,4.291340782,3.034406453,,4236.437437,226.41666666666666,10.053333333333333
1992-08-18,3395,0.0,0.0,3.496625698,3.005306556,7.1,4624.657444,164.29166666666666,10.092083333333333
1992-08-19,3396,0.0,0.0,2.940913408,4.66045687,,4961.454853,249.45833333333334,12.360833333333334
1992-08-20,3397,0.0,0.0,2.522840782,4.182008378,,5274.668409,225.91666666666666,12.331249999999999
1992-08-21,3398,0.0,0.0,2.219756983,2.587775095,,5543.851091,154.375,12.70125
1992-08-22,3399,5.25,3.97260274,2.095315642,0.809461738,,5673.250528,50.0,10.095
1992-08-23,3400,12.5,3.97260274,2.481134078,1.562105388,,5281.969271,101.04166666666667,8.103250000000001
1992-08-24,3401,10.0,3.97260274,2.605298883,1.521510247,,5230.283752,99.16666666666667,10.455
1992-08-25,3402,3.0,3.97260274,3.205181564,2.333369336,6.7,4761.201992,148.70833333333334,10.863333333333332
1992-08-26,3403,10.5,4.109589041,3.048134078,0.579604053,,4899.59087,45.5,8.9675
1992-08-27,3404,50.5,4.109589041,28.01006145,0.391606003,,1250.958167,29.375,10.422916666666667
1992-08-28,3405,5.25,4.109589041,11.13289944,1.810020964,,2567.573735,131.33333333333334,8.596375
1992-08-29,3406,13.5,4.109589041,6.561351955,2.133897827,,3509.871924,155.25,7.733583333333333
1992-08-30,3407,32.0,4.109589041,16.77353631,0.680422361,,2056.502541,57.375,7.5603750000000005
1992-08-31,3408,3.5,4.109589041,10.36860335,2.213916371,,2691.375825,159.45833333333334,7.0116249999999996
1992-09-01,3409,13.5,4.109589041,7.116134078,2.255756481,7.1,3374.010844,153.83333333333334,7.267375
1992-09-02,3410,18.25,4.794520548,10.16781285,0.946047363,,2805.588739,75.375,10.115833333333333
1992-09-03,3411,40.75,4.794520548,20.86021508,1.1203175,,1709.674543,80.375,6.762458333333334
1992-09-04,3412,3.75,4.794520548,15.95046369,1.116361682,,1999.401637,84.91666666666667,6.2575416666666674
1992-09-05,3413,0.0,0.0,8.173860335,1.984385468,,3100.112742,148.33333333333334,6.543291666666666
1992-09-06,3414,20.0,4.794520548,8.620441341,0.55972669,,3032.861085,30.5,10.858416666666665
1992-09-07,3415,3.75,4.794520548,8.248851955,2.053109832,,3068.836404,141.25,6.8771249999999995
1992-09-08,3416,5.5,4.794520548,6.109969274,1.779799119,6.8,3606.32162,126.91666666666667,6.962291666666666
1992-09-09,3417,5.0,4.794520548,5.67827095,1.028667096,,3742.456428,74.125,8.719166666666666
1992-09-10,3418,0.25,4.794520548,4.578360335,1.0312321,,4121.198526,55.958333333333336,9.63125
1992-09-11,3419,29.5,4.794520548,7.308377095,1.358404389,,3328.656159,96.125,7.455291666666667
1992-09-12,3420,40.0,4.794520548,13.9846676,2.099029884,,2234.426582,143.41666666666666,8.351875
1992-09-13,3421,7.0,4.794520548,25.32376257,1.216827009,,1173.716435,104.5,7.038916666666666
1992-09-14,3422,10.25,4.794520548,9.939544693,1.055039117,,2801.283004,80.91666666666667,8.236375
1992-09-15,3423,5.75,4.794520548,7.334346369,0.327678052,7.1,3303.511356,42.583333333333336,9.491249999999999
1992-09-16,3424,0.25,3.01369863,5.744740223,2.635405217,,3711.335124,153.5,9.506666666666666
1992-09-17,3425,0.75,3.01369863,4.761653631,0.425761663,,4051.429206,30.0,11.120833333333332
1992-09-18,3426,0.75,3.01369863,4.077678771,1.190044078,,4335.415252,79.83333333333333,12.969999999999999
1992-09-19,3427,5.0,3.01369863,3.60527933,1.53591558,,4581.92921,100.25,10.629583333333334
1992-09-20,3428,3.0,3.01369863,3.488907821,1.998125525,,4626.724978,159.83333333333334,8.831541666666666
1992-09-21,3429,9.5,3.01369863,3.312905028,0.181000535,,4773.692454,19.708333333333332,7.576416666666667
1992-09-22,3430,0.25,3.01369863,3.621594972,0.533181372,6.9,4526.462914,34.041666666666664,8.949166666666667
1992-09-23,3431,0.0,0.0,2.99775419,1.426181775,,4928.401919,121.875,6.849666666666667
1992-09-24,3432,6.75,4.109589041,2.953860335,0.810456286,,4971.291705,66.95833333333333,6.599166666666666
1992-09-25,3433,0.25,4.109589041,2.711312849,1.905436764,,5131.815059,106.83333333333333,6.585833333333333
1992-09-26,3434,1.75,4.109589041,2.544812849,0.434006696,,5268.655956,39.916666666666664,8.942458333333333
1992-09-27,3435,0.25,4.109589041,2.40526257,0.9476192,,5379.697453,71.70833333333333,12.848333333333334
1992-09-28,3436,0.25,4.109589041,2.223703911,2.269589824,,5543.078048,136.58333333333334,13.590833333333334
1992-09-29,3437,2.25,4.109589041,2.098885475,0.378375819,7.0,5671.750374,27.208333333333332,9.786333333333333
1992-09-30,3438,3.0,1.780821918,2.07751676,0.650231534,,5691.186238,57.125,6.346916666666666
1992-10-01,3439,0.75,1.780821918,1.900835196,0.971472212,,5879.852818,72.625,7.721666666666667
1992-10-02,3440,23.75,1.780821918,4.473603352,0.272487955,,4066.657685,28.083333333333332,8.679583333333333
1992-10-03,3441,2.0,1.780821918,4.214388268,1.287764118,,4198.414414,109.04166666666667,7.235375
1992-10-04,3442,0.5,1.780821918,3.228335196,0.863034253,,4780.759956,85.125,7.342833333333334
1992-10-05,3443,0.0,0.0,2.806541899,0.986284945,,5062.322757,64.125,5.672958333333334
1992-10-06,3444,0.0,0.0,2.556201117,0.574530226,7.0,5254.496774,38.666666666666664,5.386791666666666
1992-10-07,3445,0.0,0.0,2.364586592,0.458993187,,5415.637518,29.708333333333332,5.405666666666666
1992-10-08,3446,0.25,5.941121541,2.206030726,0.770338725,,5564.000257,61.25,5.099916666666666
1992-10-09,3447,1.5,2.202420236,2.107910615,0.71141398,,5656.872199,68.91666666666667,5.325958333333333
1992-10-10,3448,0.0,0.0,1.938217877,0.863049266,,5838.41066,73.375,3.669583333333333
1992-10-11,3449,0.25,40.97940336,1.842159218,0.197508736,,5950.526663,21.708333333333332,4.541625
1992-10-12,3450,0.0,0.0,1.726541899,0.287765521,,6093.173239,26.0,4.227875
1992-10-13,3451,0.0,0.0,1.636089385,1.448145122,7.1,6212.055335,95.375,5.8417916666666665
1992-10-14,3452,27.75,5.479452055,3.439357542,0.127148805,,4335.561047,19.5,4.6254583333333334
1992-10-15,3453,10.0,5.479452055,4.206896648,0.837410711,,4256.069558,93.875,1.1037083333333333
1992-10-16,3454,2.25,5.479452055,2.896013966,0.872217103,,4993.274478,100.0,0.414125
1992-10-17,3455,8.25,5.479452055,2.730444134,0.725644377,,5134.252796,77.54166666666667,1.2849583333333332
1992-10-18,3456,7.0,5.479452055,3.717804469,0.612320622,,4515.249312,76.54166666666667,1.8294166666666667
1992-10-19,3457,0.0,0.0,2.964192737,0.898446836,,4949.628632,106.41666666666667,1.2079166666666667
1992-10-20,3458,0.0,0.0,2.648916201,0.229682936,7.1,5180.33378,49.791666666666664,1.2840416666666667
1992-10-21,3459,5.25,7.808219178,2.601175978,0.213295346,,5226.961969,41.041666666666664,2.0954166666666665
1992-10-22,3460,2.75,7.808219178,2.503156425,0.419291132,,5300.788402,51.333333333333336,2.8695416666666667
1992-10-23,3461,12.25,7.808219178,2.819488827,0.36507917,,5076.659855,42.833333333333336,2.1405416666666666
1992-10-24,3462,14.0,7.808219178,4.511539106,0.267909637,,4160.875375,27.5,2.591041666666667
1992-10-25,3463,36.0,7.808219178,18.17839106,0.111982337,,1859.834457,19.416666666666668,3.9637499999999997
1992-10-26,3464,6.5,7.808219178,8.007888268,0.211401839,,3132.125102,34.583333333333336,2.59225
1992-10-27,3465,28.0,7.808219178,16.81989385,0.131992103,7.4,1941.949099,22.875,2.7092916666666667
1992-10-28,3466,22.25,7.534246575,14.81943017,0.263131666,,2220.309533,41.708333333333336,1.1972916666666666
1992-10-29,3467,0.25,7.534246575,10.51300559,0.723071634,,2667.666019,80.91666666666667,1.5297083333333334
1992-10-30,3468,0.0,0.0,6.574550279,0.913645917,,3467.307975,81.08333333333333,0.7100833333333333
1992-10-31,3469,0.5,7.534246575,4.909575419,0.312689721,,3990.080951,42.291666666666664,1.6662916666666667
1992-11-01,3470,25.5,7.534246575,7.823363128,0.467948853,,3157.243741,49.375,5.421333333333333
1992-11-02,3471,31.75,7.534246575,18.15209497,0.413361965,,1932.212512,26.291666666666668,6.140083333333333
1992-11-03,3472,0.0,0.0,10.44042737,0.351909189,7.9,2679.70585,37.083333333333336,3.9914583333333336
1992-11-04,3473,10.25,1.780821918,7.492449721,0.282460385,,3272.969985,33.166666666666664,7.000333333333334
1992-11-05,3474,0.75,1.780821918,6.532391061,0.460461492,,3481.53538,62.541666666666664,8.555416666666668
1992-11-06,3475,1.25,1.780821918,5.146039106,0.223583227,,3912.179617,34.583333333333336,8.55775
1992-11-07,3476,8.5,1.780821918,5.465011173,0.199375328,,3813.861458,23.416666666666668,7.6020416666666675
1992-11-08,3477,0.25,1.780821918,4.637639665,0.170991464,,4099.221792,18.875,6.4785
1992-11-09,3478,24.0,1.780821918,9.414351955,0.0,,2774.221879,6.458333333333333,6.009541666666667
1992-11-10,3479,10.5,1.780821918,9.374832402,0.119975298,6.8,2896.314674,32.25,2.551041666666667
1992-11-11,3480,17.5,4.657534247,14.283,0.283747385,,2247.579741,23.5,1.6516250000000001
1992-11-12,3481,6.5,4.657534247,8.495497207,0.233418788,,3054.916777,32.416666666666664,1.1537083333333333
1992-11-13,3482,0.75,4.657534247,6.323354749,0.395417729,,3541.603064,66.95833333333333,-0.264125
1992-11-14,3483,13.5,4.657534247,7.949388268,0.0,,3181.530474,3.0833333333333335,-0.278375
1992-11-15,3484,4.5,4.657534247,10.48132961,0.171146667,,2709.427945,22.0,1.6115833333333331
1992-11-16,3485,24.5,4.657534247,13.84049162,0.001299668,,2267.765402,13.333333333333334,1.8898333333333335
1992-11-17,3486,3.0,4.657534247,9.213184358,0.008831053,7.5,2917.126358,27.083333333333332,0.648625
1992-11-18,3487,15.0,1.917808219,10.4443743,0.173043547,,2717.056809,11.041666666666666,4.218916666666667
1992-11-19,3488,2.0,1.917808219,7.197259777,0.226299271,,3324.83418,22.875,1.3915
1992-11-20,3489,0.0,0.0,5.617734637,0.166899841,,3752.575572,28.75,2.5781666666666667
1992-11-21,3490,41.5,1.917808219,16.61802235,0.0,,1669.04622,6.0,5.695875
1992-11-22,3491,47.75,1.917808219,36.07926536,0.0,,900.8348219,7.0,8.851666666666667
1992-11-23,3492,11.5,1.917808219,17.6502067,0.094944526,,1947.970966,3.2083333333333335,7.036625
1992-11-24,3493,18.5,1.917808219,11.85209497,0.188547237,7.0,2559.701834,25.083333333333332,4.542375
1992-11-25,3494,14.5,4.520547945,13.80884078,0.088517966,,2293.073786,12.416666666666666,3.1218333333333335
1992-11-26,3495,13.25,4.520547945,14.32588827,0.166054407,,2241.254553,19.0,2.2219166666666665
1992-11-27,3496,6.75,4.520547945,8.979687151,0.0,,2969.57501,11.0,3.780958333333333
1992-11-28,3497,0.0,0.0,6.841558659,0.0,,3407.109876,24.708333333333332,1.4706666666666666
1992-11-29,3498,26.75,4.520547945,8.093363128,0.032847334,,3172.294159,9.916666666666666,4.3388333333333335
1992-11-30,3499,39.5,4.520547945,34.15339106,0.0,5.7,1116.806245,4.041666666666667,5.8624583333333335
1992-12-01,3500,35.62613718,4.520547945,31.60269553,0.155593804,,1222.680566,2.625,4.330958333333333
1992-12-02,3501,45.5,4.520547945,44.9801648,0.292460693,,714.805597,5.458333333333333,5.434041666666666
1992-12-03,3502,22.0,4.520547945,20.46147486,0.130324304,,1758.785157,15.875,1.0292916666666667
1992-12-04,3503,5.25,4.520547945,12.38201397,0.0,,2457.4705,22.375,0.04654166666666667
1992-12-05,3504,8.0,4.520547945,8.958821229,0.091825412,,2975.000987,23.375,0.9938333333333333
1992-12-06,3505,15.5,4.520547945,10.7082905,0.087463546,,2662.714918,3.625,2.9979999999999998
1992-12-07,3506,5.5,4.520547945,10.32340223,0.168053569,,2724.23841,20.458333333333332,3.8425
1992-12-08,3507,1.5,4.520547945,7.188460894,0.275828786,6.4,3331.10304,38.375,2.2310416666666666
1992-12-09,3508,0.75,1.506849315,5.88303352,0.123448237,,3671.361823,18.916666666666668,3.172625
1992-12-10,3509,1.0,1.506849315,4.844689944,0.197175321,,4019.558726,29.833333333333332,2.721375
1992-12-11,3510,41.5,1.506849315,16.56339385,0.119197139,,1875.76304,4.416666666666667,7.401708333333333
1992-12-12,3511,0.25,1.506849315,10.67422626,0.173731621,,2616.08796,19.958333333333332,2.4142916666666667
1992-12-13,3512,9.0,1.506849315,7.564927374,0.18225538,,3261.20288,10.916666666666666,5.295916666666667
1992-12-14,3513,4.75,1.506849315,6.815061453,0.206553735,,3426.793656,13.0,5.339041666666667
1992-12-15,3514,1.0,1.506849315,5.633446927,0.192144822,,3751.965737,3.6666666666666665,5.5588750000000005
1992-12-16,3515,14.0,1.506849315,8.068801676,0.019791118,5.5,3115.220446,12.625,2.101
1992-12-17,3516,2.25,0.684931507,5.703058659,0.301907632,,3731.470448,26.333333333333332,0.795125
1992-12-18,3517,26.5,0.684931507,15.33059497,0.047822837,,2043.775793,6.875,3.3015416666666666
1992-12-19,3518,0.25,0.684931507,7.824393855,0.0,,3177.77781,18.125,-1.3979583333333334
1992-12-20,3519,0.0,0.0,5.820611732,0.06835554,,3688.327858,54.166666666666664,-2.2152083333333334
1992-12-21,3520,0.0,0.0,4.721379888,0.09580924,,4063.855112,10.625,-1.2827916666666666
1992-12-22,3521,0.0,0.0,3.963192737,0.086711331,6.7,4386.370858,47.125,-1.1301666666666665
1992-12-23,3522,0.0,0.0,3.363787709,0.0,,4702.474064,35.166666666666664,-1.6485
1992-12-24,3523,0.0,0.0,2.939555866,0.073210854,,4967.622176,32.875,-1.4245416666666666
1992-12-25,3524,0.0,0.0,2.594036313,0.114311909,,5221.488443,35.208333333333336,0.08604166666666668
1992-12-26,3525,0.0,0.0,2.344198324,0.167049759,,5432.055579,12.875,0.31295833333333334
1992-12-27,3526,0.25,3.150684932,2.139108939,0.097415955,,5624.797722,8.375,-0.5585416666666666
1992-12-28,3527,0.0,0.0,1.908905028,0.0,,5865.647344,18.458333333333332,-2.7422083333333336
1992-12-29,3528,0.0,0.0,1.697128492,0.04870286,,6126.189129,33.333333333333336,-5.351666666666667
1992-12-30,3529,0.0,0.0,1.567055866,0.025509621,,6309.277013,4.125,-2.141
1992-12-31,3530,0.25,3.150684932,1.471349162,0.122113642,,6451.069392,14.041666666666666,1.3154166666666667
1993-01-01,3531,0.0,0.0,1.360458101,0.232296586,,6632.003276,35.208333333333336,1.0069583333333332
1993-01-02,3532,0.0,0.0,1.27048324,0.205681896,,6790.796617,35.958333333333336,0.42687500000000006
1993-01-03,3533,5.0,3.150684932,1.199162011,0.114809488,,6945.149545,37.291666666666664,-1.3375416666666666
1993-01-04,3534,6.0,3.150684932,1.53153352,0.343104077,,6345.743325,33.5,1.9566666666666668
1993-01-05,3535,16.5,3.150684932,4.022899441,0.378583065,6.3,4215.182371,16.125,5.072166666666667
1993-01-06,3536,5.75,4.246575342,3.245932961,0.082407867,,4780.0741,7.708333333333333,4.025333333333333
1993-01-07,3537,13.25,4.246575342,4.089544693,0.184133869,,4192.918666,11.0,3.161
1993-01-08,3538,0.0,0.0,4.291013966,0.365137385,,4162.470407,30.083333333333332,1.5490000000000002
1993-01-09,3539,38.5,4.246575342,17.25692179,0.279941858,,1687.426494,15.666666666666666,4.705541666666667
1993-01-10,3540,46.25,4.246575342,34.92864804,0.310386713,,1002.58134,4.375,4.9362916666666665
1993-01-11,3541,10.75,4.246575342,15.51263128,0.372607085,,2091.976485,17.041666666666668,0.347
1993-01-12,3542,4.5,4.246575342,7.665259777,0.297808707,6.7,3204.28759,21.916666666666668,0.19816666666666669
1993-01-13,3543,21.5,18.63013699,10.10958939,0.126273921,,2761.682095,2.7083333333333335,1.6230416666666667
1993-01-14,3544,4.25,18.63013699,8.234497207,0.502246636,,3087.868078,28.541666666666668,2.2474583333333333
1993-01-15,3545,25.25,18.63013699,16.48329888,0.534483754,,2003.351898,11.0,5.56025
1993-01-16,3546,6.25,18.63013699,9.010458101,0.300367289,,2953.610186,4.625,7.247
1993-01-17,3547,6.25,18.63013699,8.180296089,0.457586748,,3122.985082,25.208333333333332,2.9661666666666666
1993-01-18,3548,5.25,18.63013699,6.055918994,0.349450037,,3631.162814,15.125,2.35525
1993-01-19,3549,34.0,18.63013699,13.30519274,0.253824412,7.0,1990.636566,11.333333333333334,3.671708333333333
1993-01-20,3550,40.25,7.808219178,30.54622626,0.2524707,,1132.385976,7.625,6.464541666666666
1993-01-21,3551,18.5,7.808219178,16.96032402,0.324828776,,1959.033597,7.583333333333333,5.956166666666667
1993-01-22,3552,14.5,7.808219178,13.28739385,0.401526045,,2363.706763,7.958333333333333,2.544541666666667
1993-01-23,3553,19.75,7.808219178,13.02430726,0.344463639,,2378.752131,5.583333333333333,4.657125
1993-01-24,3554,2.75,7.808219178,9.907667598,0.708331208,,2778.881438,11.208333333333334,2.4940416666666665
1993-01-25,3555,1.0,7.808219178,6.669075419,0.182150664,,3447.59604,19.458333333333332,-0.7963749999999999
1993-01-26,3556,71.5,7.808219178,26.35303073,0.263309543,7.3,1013.622359,13.958333333333334,2.9773333333333336
1993-01-27,3557,16.25,3.01369863,22.50281564,0.148540778,,1570.967759,8.458333333333334,5.833458333333333
1993-01-28,3558,8.75,3.01369863,11.80485754,0.21810281,,2534.749379,18.5,5.839083333333334
1993-01-29,3559,0.0,0.0,8.118930168,0.242280197,,3119.95452,24.708333333333332,4.79075
1993-01-30,3560,3.25,3.01369863,6.198888268,0.050810729,,3583.806206,6.0,4.446375
1993-01-31,3561,1.25,3.01369863,5.049452514,0.108655115,,3941.042299,13.875,2.1727916666666665
1993-02-01,3562,0.5,3.01369863,4.243273743,0.11465839,,4262.127141,15.541666666666666,0.9906666666666667
1993-02-02,3563,1.0,3.01369863,3.648167598,0.246855871,7.3,4546.619356,18.666666666666668,4.36025
1993-02-03,3564,0.0,0.0,3.200656425,0.142497951,,4801.320642,24.666666666666668,3.075458333333333
1993-02-04,3565,0.0,0.0,2.856418994,0.682573506,,5027.105318,71.08333333333333,0.5125416666666667
1993-02-05,3566,0.0,0.0,2.552103352,0.508363275,,5254.427774,69.625,1.2659166666666668
1993-02-06,3567,0.0,0.0,2.303195531,0.761803167,,5469.379654,56.458333333333336,5.902708333333333
1993-02-07,3568,1.0,5.905696749,2.098081006,0.587929494,,5665.183676,32.791666666666664,8.5575
1993-02-08,3569,1.25,1.004171153,1.930449721,0.147705305,,5846.688445,9.875,5.469124999999999
1993-02-09,3570,0.5,16.96369577,1.787706704,0.176832993,7.0,6012.704726,16.625,2.4914583333333336
1993-02-10,3571,0.25,3.472874656,1.632343575,0.050875432,,6215.510552,10.291666666666666,0.2768333333333333
1993-02-11,3572,0.25,8.406635967,1.522256983,0.313117963,,6373.811972,39.916666666666664,-0.5054583333333333
1993-02-12,3573,0.25,2.989733118,1.416167598,0.247076638,,6539.389889,27.125,1.1955
1993-02-13,3574,0.25,10.44847282,1.341502793,0.287496807,,6666.863563,35.375,2.4326666666666665
1993-02-14,3575,0.0,0.0,1.254368715,1.155859003,,6822.262206,94.91666666666667,3.965958333333333
1993-02-15,3576,2.5,2.379031411,1.22402514,0.219221597,,6885.020514,20.541666666666668,4.1822083333333335
1993-02-16,3577,0.75,8.856198145,1.117332402,0.442848248,7.0,7094.804769,46.916666666666664,4.075875
1993-02-17,3578,0.0,0.0,1.033642458,0.604790987,,7290.135805,46.125,5.059541666666667
1993-02-18,3579,2.75,24.65753425,1.014812849,0.379118142,,7339.01745,31.25,2.9570000000000003
1993-02-19,3580,1.0,24.65753425,0.947061453,0.465572075,,7504.368886,39.25,1.5771666666666668
1993-02-20,3581,2.0,24.65753425,0.901357542,0.480899396,,7636.142225,28.583333333333332,1.7950833333333334
1993-02-21,3582,2.0,24.65753425,0.875840782,0.61553315,,7703.58536,48.041666666666664,1.6574166666666665
1993-02-22,3583,3.75,24.65753425,0.868902235,0.47700673,,7731.369859,45.125,2.1378333333333335
1993-02-23,3584,0.0,0.0,0.822067039,1.445354214,7.0,7863.853038,119.0,0.8125416666666667
1993-02-24,3585,0.0,0.0,0.782019553,0.336439327,,7996.192249,35.5,1.0880833333333333
1993-02-25,3586,21.25,3.698630137,2.238108939,0.299980292,,5218.261592,29.958333333333332,1.5987916666666668
1993-02-26,3587,6.0,3.698630137,1.849072626,0.479581316,,5887.754816,47.833333333333336,-0.09549999999999999
1993-02-27,3588,6.0,3.698630137,1.455511173,0.193089143,,6450.672562,136.54166666666666,-2.997291666666667
1993-02-28,3589,0.5,3.698630137,1.217790503,0.054102635,,6887.105533,104.83333333333333,-4.1085416666666665
1993-03-01,3590,1.0,3.698630137,1.132944134,0.0,,7067.344222,32.291666666666664,-3.1290416666666663
1993-03-02,3591,0.25,3.698630137,1.075148045,0.044760214,7.1,7194.828832,18.291666666666668,-1.56525
1993-03-03,3592,2.75,2.020871585,1.038067039,0.279125571,,7284.136143,47.958333333333336,-1.32525
1993-03-04,3593,0.0,0.0,1.002393855,0.763104419,,7368.371184,115.83333333333333,-1.6267083333333332
1993-03-05,3594,0.5,1.300604959,1.081734637,0.400127339,,7193.101388,40.541666666666664,1.7665833333333334
1993-03-06,3595,0.0,0.0,1.099960894,1.088728923,,7137.375819,79.70833333333333,2.50075
1993-03-07,3596,0.0,0.0,1.038695531,0.332520835,,7280.870543,24.666666666666668,1.9119583333333334
1993-03-08,3597,0.0,0.0,1.002343575,0.285239289,,7366.664978,34.291666666666664,1.213375
1993-03-09,3598,1.0,9.521508934,0.958298883,1.338583196,7.0,7481.280773,102.79166666666667,1.1315833333333332
1993-03-10,3599,4.75,5.342465753,1.014662011,0.498424083,,7348.550101,40.083333333333336,4.07925
1993-03-11,3600,0.0,0.0,0.974765363,1.199757981,,7432.857446,89.58333333333333,4.94125
1993-03-12,3601,0.0,0.0,0.941505587,0.349021878,,7526.325029,26.458333333333332,5.412083333333334
1993-03-13,3602,0.0,0.0,0.889114525,2.88251609,,7663.693635,162.08333333333334,7.762541666666667
1993-03-14,3603,0.25,5.342465753,0.864527933,1.024005349,,7740.92985,56.916666666666664,6.812916666666666
1993-03-15,3604,7.75,5.342465753,0.854195531,1.815582274,,7798.42656,117.16666666666667,7.391375
1993-03-16,3605,16.25,5.342465753,1.752611732,0.730873829,7.4,6053.986218,63.666666666666664,4.1937500000000005
1993-03-17,3606,3.0,2.465753425,1.701905028,0.87341635,,6033.428986,83.0,5.900666666666667
1993-03-18,3607,3.0,2.465753425,1.42946648,0.630758754,,6514.610359,50.083333333333336,3.360625
1993-03-19,3608,0.0,0.0,1.283027933,1.633327271,,6768.342667,118.08333333333333,1.9253749999999998
1993-03-20,3609,0.75,2.465753425,1.211731844,0.88156277,,6907.945172,62.958333333333336,2.4472916666666666
1993-03-21,3610,30.0,2.465753425,5.28151676,0.677619443,,3755.073836,48.083333333333336,5.5367500000000005
1993-03-22,3611,5.75,2.465753425,4.357231844,1.080043813,,4204.442146,91.91666666666667,2.800625
1993-03-23,3612,0.0,0.0,3.086648045,1.26813209,7.2,4857.471281,103.0,1.506125
1993-03-24,3613,0.0,0.0,2.560600559,1.199899995,,5243.357482,95.29166666666667,1.750125
1993-03-25,3614,0.25,20.54794521,2.236349162,1.986405264,,5527.818273,137.54166666666666,1.8256666666666668
1993-03-26,3615,0.0,0.0,2.005315642,2.185469611,,5760.762943,183.79166666666666,1.8461666666666667
1993-03-27,3616,0.0,0.0,1.808396648,1.166239605,,5987.173884,88.66666666666667,1.3502083333333335
1993-03-28,3617,1.5,20.54794521,1.678675978,0.892794646,,6154.876517,65.41666666666667,2.6008333333333336
1993-03-29,3618,2.0,20.54794521,1.575502793,0.676954065,,6297.109531,39.458333333333336,4.685083333333333
1993-03-30,3619,5.75,20.54794521,1.600893855,1.146765677,7.1,6266.95466,84.125,5.4439166666666665
1993-03-31,3620,6.75,8.630136986,1.627667598,0.49417168,,6232.462473,48.333333333333336,2.1939166666666665
1993-04-01,3621,0.0,0.0,1.523086592,1.77436239,,6350.399724,145.625,2.6159166666666667
1993-04-02,3622,1.75,8.630136986,1.385899441,1.176195215,,6591.077787,102.125,2.6306249999999998
1993-04-03,3623,10.0,8.630136986,1.606927374,0.198537302,,6245.054209,19.958333333333332,1.5737083333333333
1993-04-04,3624,1.25,8.630136986,1.516550279,2.428924994,,6359.185269,188.66666666666666,2.903625
1993-04-05,3625,14.75,8.630136986,3.10874581,1.662899566,,4760.515433,111.54166666666667,4.294875
1993-04-06,3626,3.75,8.630136986,1.966298883,0.587182554,7.2,5797.172074,36.416666666666664,3.9055
1993-04-07,3627,12.5,4.109589041,3.791388268,1.368791902,,4452.412534,76.54166666666667,6.81575
1993-04-08,3628,4.75,4.109589041,2.860340782,0.280086768,,5033.263933,19.083333333333332,7.237041666666666
1993-04-09,3629,13.5,4.109589041,6.508106145,1.673641026,,3444.300821,108.04166666666667,6.197500000000001
1993-04-10,3630,1.75,4.109589041,4.16252514,2.793549208,,4277.632268,171.66666666666666,5.573333333333333
1993-04-11,3631,9.75,4.109589041,3.907759777,0.271543306,,4439.262865,22.75,3.6755833333333334
1993-04-12,3632,0.0,0.0,3.791664804,1.958063072,,4452.921998,155.375,4.264583333333333
1993-04-13,3633,0.25,4.109589041,3.130114525,0.99084216,7.5,4843.405095,105.375,3.7269166666666664
1993-04-14,3634,0.0,0.0,2.75027933,2.138446992,,5100.935717,151.33333333333334,3.8394999999999997
1993-04-15,3635,0.0,0.0,2.424293296,3.62198906,,5359.629012,234.875,5.573083333333333
1993-04-16,3636,12.0,0.684931507,2.411472067,1.486296741,,5402.40977,107.0,6.314333333333334
1993-04-17,3637,15.25,0.684931507,6.041011173,1.612950771,,3605.35298,105.04166666666667,7.161416666666667
1993-04-18,3638,57.25,0.684931507,32.36384916,0.558586349,,952.686275,38.791666666666664,6.756666666666667
1993-04-19,3639,0.25,0.684931507,10.91544134,2.140878226,,2584.595749,137.25,7.952708333333334
1993-04-20,3640,2.0,0.684931507,6.092446927,1.575635232,7.6,3591.969359,91.16666666666667,6.832333333333334
1993-04-21,3641,6.5,2.739726027,4.709815642,1.103968815,,4069.556408,84.16666666666667,5.662624999999999
1993-04-22,3642,7.75,2.739726027,4.303081006,0.59920964,,4268.403327,37.958333333333336,5.829208333333334
1993-04-23,3643,4.0,2.739726027,5.001335196,1.94010344,,3962.229102,112.75,6.693708333333333
1993-04-24,3644,0.0,0.0,4.179670391,2.014319263,,4276.998295,142.125,5.781125
1993-04-25,3645,6.5,2.739726027,4.56375419,0.418232677,,4131.967115,34.75,5.205791666666666
1993-04-26,3646,2.0,2.739726027,3.908388268,1.522229395,,4413.069816,100.625,6.693791666666667
1993-04-27,3647,0.0,0.0,3.404212291,1.383550122,6.9,4680.320038,98.75,7.8755
1993-04-28,3648,0.0,0.0,3.024276536,4.529722966,,4911.607789,267.8333333333333,9.564625
1993-04-29,3649,0.0,0.0,2.674055866,4.370444647,,5158.928345,232.625,12.120291666666667
1993-04-30,3650,0.0,0.0,2.370318436,5.052777914,,5405.775607,240.79166666666666,13.873750000000001
1993-05-01,3651,0.0,0.0,2.124,2.131025879,,5637.925601,149.54166666666666,7.004874999999999
1993-05-02,3652,0.75,0.981636245,1.882231844,3.323031348,,5896.211756,227.83333333333334,2.8726249999999998
1993-05-03,3653,0.0,0.0,1.690189944,3.501697104,,6135.162251,237.625,3.872875
1993-05-04,3654,0.0,0.0,1.536385475,4.712214449,7.0,6350.865987,291.5833333333333,6.233125
1993-05-05,3655,0.0,0.0,1.418581006,4.451868056,,6534.723247,264.2916666666667,7.891500000000001
1993-05-06,3656,0.0,0.0,1.321340782,3.947171339,,6700.065008,244.04166666666666,7.750291666666667
1993-05-07,3657,0.0,0.0,1.242527933,3.805945265,,6844.829779,268.0,6.121458333333333
1993-05-08,3658,0.0,0.0,1.147173184,4.950206623,,7034.368449,296.5416666666667,7.248333333333334
1993-05-09,3659,0.0,0.0,1.106622905,1.73266913,,7127.010469,114.16666666666667,6.456083333333333
1993-05-10,3660,10.0,15.34246575,1.208765363,0.540945503,,6917.528272,35.083333333333336,8.263916666666667
1993-05-11,3661,0.25,15.34246575,1.116351955,3.200152122,7.1,7086.196391,176.625,10.992916666666666
1993-05-12,3662,0.0,0.0,1.021173184,2.827322151,,7321.716567,169.41666666666666,9.749583333333334
1993-05-13,3663,7.5,3.150684932,0.989673184,4.388018448,,7425.07876,233.16666666666666,10.408083333333334
1993-05-14,3664,15.75,3.150684932,1.416167598,1.040214879,,6665.592021,97.08333333333333,3.266916666666667
1993-05-15,3665,25.0,3.150684932,3.363083799,2.846094728,,4633.93554,236.83333333333334,2.8275
1993-05-16,3666,31.0,3.150684932,5.795346369,0.652211716,,3416.437193,38.875,6.481875
1993-05-17,3667,13.0,3.150684932,7.463312849,1.052795142,,3263.509477,50.75,10.009625
1993-05-18,3668,2.75,3.150684932,4.688673184,2.506765111,6.5,4032.429614,171.25,6.15525
1993-05-19,3669,5.25,1.780821918,3.769843575,3.872414128,,4475.800595,270.2083333333333,5.920916666666667
1993-05-20,3670,1.25,1.780821918,3.017639665,1.749419726,,4917.875308,120.54166666666667,5.91575
1993-05-21,3671,3.0,1.780821918,2.765941341,3.478523022,,5090.059866,203.41666666666666,7.681708333333333
1993-05-22,3672,1.75,1.780821918,2.406997207,1.448309509,,5375.272417,85.75,8.21925
1993-05-23,3673,1.0,1.780821918,2.153564246,3.94125844,,5608.564726,215.75,11.477083333333333
1993-05-24,3674,34.5,1.780821918,4.579039106,3.089133897,,3928.754601,164.20833333333334,12.86625
1993-05-25,3675,0.5,1.780821918,6.129854749,0.666400037,6.1,3162.279304,44.041666666666664,8.631874999999999
1993-05-26,3676,21.25,3.01369863,7.109497207,0.380262319,,3321.146002,22.458333333333332,5.326125
1993-05-27,3677,5.5,3.01369863,6.884773743,0.421995596,,3411.026557,29.5,6.7982499999999995
1993-05-28,3678,1.0,3.01369863,5.180782123,1.654702459,,3887.236513,106.04166666666667,7.7175416666666665
1993-05-29,3679,8.25,3.01369863,4.194930168,2.364331444,,4291.7779,131.70833333333334,8.923541666666667
1993-05-30,3680,21.25,3.01369863,8.158826816,0.975700372,,3076.07218,55.666666666666664,8.361541666666666
1993-05-31,3681,2.5,3.01369863,5.628117318,3.714399021,,3725.186817,248.16666666666666,8.153125000000001
1993-06-01,3682,8.75,3.01369863,4.825131285,2.382824641,,4032.330857,128.625,10.51125
1993-06-02,3683,6.25,3.01369863,4.111667598,3.100515702,6.9,4312.048452,170.0,11.017916666666666
1993-06-03,3684,0.0,0.0,3.323513966,1.484287917,,4727.744662,91.58333333333333,10.487499999999999
1993-06-04,3685,0.25,1.369863014,3.016231844,3.723993484,,4919.91419,196.375,11.013333333333334
1993-06-05,3686,0.0,0.0,2.720388268,3.11453291,,5125.761658,165.83333333333334,11.91625
1993-06-06,3687,0.0,0.0,2.420899441,6.783469307,,5361.905549,338.4166666666667,13.121250000000002
1993-06-07,3688,0.0,0.0,2.212164804,3.896408035,,5555.287521,237.95833333333334,10.115833333333333
1993-06-08,3689,0.0,0.0,2.078572626,5.89582175,6.8,5690.133911,303.0833333333333,13.88875
1993-06-09,3690,0.5,1.780821918,1.955513966,3.665679991,,5820.143319,163.41666666666666,16.5425
1993-06-10,3691,10.75,1.780821918,1.959335196,3.417886824,,5832.461523,159.25,16.339583333333334
1993-06-11,3692,29.75,1.780821918,3.75297486,0.798837405,,4477.624985,52.5,11.849166666666667
1993-06-12,3693,0.5,1.780821918,3.467463687,3.374570331,,4501.217497,187.95833333333334,11.994166666666667
1993-06-13,3694,6.25,1.780821918,2.375044693,4.236742273,,5407.671458,244.33333333333334,10.535833333333333
1993-06-14,3695,18.0,1.780821918,4.325103352,1.505082671,,4228.772336,101.66666666666667,9.896541666666666
1993-06-15,3696,11.25,1.780821918,3.415902235,4.034969442,6.5,4687.201041,242.66666666666666,9.918875
1993-06-16,3697,8.75,1.232876712,5.574494413,2.050289301,,3780.169988,112.29166666666667,10.399583333333334
1993-06-17,3698,23.75,1.232876712,5.185558659,2.669171242,,4026.102608,164.20833333333334,10.117916666666666
1993-06-18,3699,2.0,1.232876712,8.020885475,2.814284136,,3030.689282,164.45833333333334,9.970416666666667
1993-06-19,3700,0.0,0.0,4.810047486,3.159574015,,4023.986762,178.875,9.348333333333334
1993-06-20,3701,0.0,0.0,3.800815642,3.884736734,,4461.992151,223.91666666666666,9.523083333333334
1993-06-21,3702,0.0,0.0,3.297092179,2.992090634,,4743.853023,176.45833333333334,8.456583333333333
1993-06-22,3703,0.0,0.0,2.929248603,4.832720372,6.9,4975.349038,270.9166666666667,9.886041666666666
1993-06-23,3704,0.0,0.0,2.617592179,4.443956292,,5202.33853,267.25,9.017791666666666
1993-06-24,3705,0.0,0.0,2.356592179,3.998799204,,5420.625554,246.33333333333334,7.883833333333333
1993-06-25,3706,0.0,0.0,2.170558659,4.81796585,,5595.998426,264.9583333333333,9.546833333333334
1993-06-26,3707,6.25,1.108320332,2.172167598,2.565018876,,5599.559344,153.70833333333334,11.874583333333334
1993-06-27,3708,0.25,0.872681475,1.931606145,6.300225582,,5838.107343,342.875,13.089583333333332
1993-06-28,3709,0.0,0.0,1.73252514,6.740598054,,6083.273232,312.7083333333333,15.802083333333334
1993-06-29,3710,0.0,0.0,1.619648045,5.505506785,7.2,6233.484268,283.1666666666667,14.614583333333334
1993-06-30,3711,0.0,0.0,1.510692737,5.44084268,,6391.440595,259.9583333333333,15.316249999999998
1993-07-01,3712,0.0,0.0,1.416192737,4.796344778,,6538.466135,267.7083333333333,13.132916666666667
1993-07-02,3713,1.0,2.343315718,1.337756983,4.72755067,,6677.106697,251.5,12.336666666666666
1993-07-03,3714,0.25,6.412474505,1.311863128,3.185339759,,6719.475524,150.25,13.759166666666667
1993-07-04,3715,0.5,4.637531655,1.238631285,2.783147521,,6852.719141,144.66666666666666,12.615
1993-07-05,3716,0.0,0.0,1.146167598,4.249749725,,7035.999406,253.33333333333334,8.774125
1993-07-06,3717,0.0,0.0,1.086234637,4.285547853,6.8,7172.320214,259.7916666666667,8.848416666666667
1993-07-07,3718,2.25,3.835616438,1.06202514,3.740260048,,7225.862532,243.04166666666666,11.273333333333333
1993-07-08,3719,21.5,3.835616438,1.200167598,2.858779783,,6947.800279,176.66666666666666,11.799583333333333
1993-07-09,3720,23.0,3.835616438,2.516606145,2.836776477,,5127.933223,183.75,7.2919583333333335
1993-07-10,3721,14.75,3.835616438,1.760756983,2.085718908,,6055.620586,142.75,6.683833333333333
1993-07-11,3722,2.75,3.835616438,1.472430168,1.845160765,,6423.901516,136.75,7.15175
1993-07-12,3723,0.0,0.0,1.183701117,4.661672979,,6947.875429,286.875,8.542041666666666
1993-07-13,3724,44.5,3.835616438,4.297449721,1.089462538,6.9,3767.720173,68.0,9.967083333333333
1993-07-14,3725,7.0,1.369863014,6.627569832,2.560414656,,3262.700056,144.375,12.430833333333332
1993-07-15,3726,24.75,1.369863014,8.526946927,0.936643797,,3027.377221,55.5,13.415
1993-07-16,3727,10.75,1.369863014,5.624094972,2.12434334,,3743.679989,112.70833333333333,12.744166666666667
1993-07-17,3728,5.0,1.369863014,6.041337989,3.691545111,,3619.849004,228.95833333333334,10.764166666666666
1993-07-18,3729,41.25,1.369863014,8.337997207,0.98722445,,3125.564927,54.583333333333336,10.285
1993-07-19,3730,9.0,1.369863014,20.57618715,2.079043788,,1481.22471,127.08333333333333,10.650833333333333
1993-07-20,3731,2.75,1.369863014,6.917027933,2.475055051,6.8,3358.997318,167.95833333333334,9.57
1993-07-21,3732,5.75,2.328767123,4.625120112,1.811560438,,4089.412485,115.95833333333333,9.5975
1993-07-22,3733,0.75,2.328767123,3.383396648,3.207051868,,4677.533125,167.79166666666666,12.12
1993-07-23,3734,16.5,2.328767123,3.673231844,1.246125785,,4520.783515,64.08333333333333,13.999166666666667
1993-07-24,3735,8.75,2.328767123,3.069075419,3.735497771,,4887.509882,233.58333333333334,10.893333333333333
1993-07-25,3736,13.5,2.328767123,3.976793296,1.556957041,,4381.248262,89.79166666666667,8.823333333333332
1993-07-26,3737,17.75,2.328767123,3.683564246,2.023091688,,4638.311933,119.83333333333333,9.314583333333333
1993-07-27,3738,7.0,2.328767123,8.069053073,1.356104985,5.6,3079.635048,77.625,12.412083333333333
1993-07-28,3739,17.5,2.465753425,5.029717877,4.920772651,,4026.287083,270.1666666666667,12.834583333333333
1993-07-29,3740,13.25,2.465753425,11.50034078,1.455690575,,2556.728011,88.70833333333333,12.830416666666666
1993-07-30,3741,2.5,2.465753425,6.326698324,3.533601845,,3529.535869,199.91666666666666,10.687916666666666
1993-07-31,3742,2.25,2.465753425,4.688044693,2.998847623,,4071.561724,172.0,10.095416666666667
1993-08-01,3743,0.0,0.0,3.655810056,2.046198563,,4528.877756,115.83333333333333,11.146666666666667
1993-08-02,3744,29.0,2.465753425,4.492458101,2.490546873,,4228.00809,147.33333333333334,10.901666666666666
1993-08-03,3745,1.0,2.465753425,5.392558659,3.152629635,5.9,3728.380962,189.54166666666666,10.144583333333333
1993-08-04,3746,14.5,1.506849315,5.089424581,0.969767796,,3911.770011,59.916666666666664,10.46875
1993-08-05,3747,0.75,1.506849315,4.700463687,2.729960642,,4057.394259,168.58333333333334,9.545416666666666
1993-08-06,3748,4.75,1.506849315,4.214061453,1.517914588,,4279.148895,96.33333333333333,10.815416666666666
1993-08-07,3749,10.5,1.506849315,4.19249162,1.848554276,,4285.080257,144.08333333333334,11.364166666666668
1993-08-08,3750,1.25,1.506849315,3.996452514,2.581606876,,4356.58224,164.5,11.107083333333334
1993-08-09,3751,31.0,1.506849315,12.06814525,0.910884825,,2310.066935,40.958333333333336,12.0675
1993-08-10,3752,0.5,1.506849315,6.362069832,2.114487453,6.1,3513.547982,138.29166666666666,8.790833333333333
1993-08-11,3753,47.5,1.506849315,22.34380726,1.233589667,4.7,1442.019596,62.458333333333336,10.625416666666666
1993-08-12,3754,6.75,1.506849315,9.74996648,1.552814528,,2825.524064,109.04166666666667,8.393208333333332
1993-08-13,3755,0.0,0.0,6.189259777,4.07173068,,3566.253307,243.91666666666666,9.546000000000001
1993-08-14,3756,3.0,1.506849315,4.6845,3.947326385,,4079.320789,207.41666666666666,11.923499999999999
1993-08-15,3757,0.0,0.0,3.750636872,2.323444517,,4475.410152,133.70833333333334,10.443
1993-08-16,3758,0.0,0.0,3.095723464,5.168569769,,4864.309657,271.625,10.087583333333333
1993-08-17,3759,0.0,0.0,2.700955307,4.571471435,6.6,5136.344003,240.625,11.905708333333331
1993-08-18,3760,0.0,0.0,2.364511173,3.275649192,,5411.361413,161.29166666666666,13.280833333333334
1993-08-19,3761,19.0,1.917808219,2.354304469,2.449186441,,5493.223324,117.91666666666667,13.235833333333334
1993-08-20,3762,13.25,1.917808219,4.836318436,3.223805227,,3963.10698,175.95833333333334,13.70875
1993-08-21,3763,12.5,1.917808219,2.956877095,1.210849898,,4990.536039,72.95833333333333,12.516666666666666
1993-08-22,3764,4.5,1.917808219,4.317284916,0.895953032,,4182.095566,71.20833333333333,7.954041666666666
1993-08-23,3765,0.75,1.917808219,3.047706704,2.665562653,,4895.160299,164.625,7.915500000000001
1993-08-24,3766,0.0,0.0,2.724586592,1.720320308,6.2,5121.95247,110.29166666666667,7.510583333333333
1993-08-25,3767,0.0,0.0,2.466100559,1.432262354,,5327.836773,88.875,8.001916666666666
1993-08-26,3768,0.0,0.0,2.261639665,2.713049087,,5508.518012,168.54166666666666,8.710875
1993-08-27,3769,0.0,0.0,2.119600559,1.423809013,,5646.961848,88.625,8.839958333333334
1993-08-28,3770,0.0,0.0,1.97102514,3.253697288,,5800.114094,169.33333333333334,10.782083333333333
1993-08-29,3771,8.0,4.279703358,1.906768156,1.054917779,,5890.059754,75.04166666666667,10.942916666666667
1993-08-30,3772,1.0,6.948384529,1.885449721,3.921140506,,5884.986535,191.16666666666666,13.559583333333334
1993-08-31,3773,0.0,0.0,1.663416201,5.011280166,6.5,6172.115126,225.95833333333334,14.378333333333332
1993-09-01,3774,0.0,0.0,1.535581006,4.987684787,,6354.145273,227.5,14.86125
1993-09-02,3775,0.0,0.0,1.443243017,2.70588236,,6497.134841,135.5,12.214583333333332
1993-09-03,3776,0.0,0.0,1.373002793,1.789049624,,6613.635682,107.83333333333333,10.179416666666667
1993-09-04,3777,0.0,0.0,1.295094972,3.629963421,,6747.672359,199.58333333333334,7.192333333333334
1993-09-05,3778,0.0,0.0,1.225106145,2.333501516,,6880.738608,156.5,6.8245000000000005
1993-09-06,3779,0.0,0.0,1.191041899,2.524311473,,6951.219671,151.08333333333334,8.795833333333333
1993-09-07,3780,14.0,3.13204907,1.344192737,1.532099451,6.4,6706.090345,79.54166666666667,9.484458333333334
1993-09-08,3781,12.5,2.876712329,1.674377095,0.903784985,,6178.482275,47.416666666666664,11.706249999999999
1993-09-09,3782,49.25,2.876712329,14.07054469,0.466641424,,2016.142778,24.083333333333332,11.70125
1993-09-10,3783,33.5,2.876712329,25.29294134,0.73585582,4.3,1417.900865,46.75,9.3325
1993-09-11,3784,6.0,2.876712329,9.730734637,2.7082123,,2778.993358,168.125,9.120833333333334
1993-09-12,3785,19.0,2.876712329,7.647888268,0.294779102,,3225.85699,18.791666666666668,7.24575
1993-09-13,3786,9.25,2.876712329,8.773793296,1.229386208,,2999.660283,66.0,8.845833333333333
1993-09-14,3787,0.5,2.876712329,6.019944134,0.905239371,6.0,3620.525947,59.75,7.324041666666667
1993-09-15,3788,3.75,2.465753425,4.769145251,0.197905673,,4048.797136,19.833333333333332,6.5169999999999995
1993-09-16,3789,0.25,2.465753425,3.809564246,1.626152586,,4451.883578,110.625,7.283874999999999
1993-09-17,3790,0.0,0.0,3.23253352,0.720107784,,4781.946718,53.458333333333336,7.7484166666666665
1993-09-18,3791,0.0,0.0,2.812324022,1.804710355,,5053.39156,109.125,8.324666666666667
1993-09-19,3792,0.0,0.0,2.456069832,1.359991344,,5333.463163,58.5,10.956249999999999
1993-09-20,3793,7.5,2.465753425,2.466326816,0.587226666,,5333.743128,39.208333333333336,10.42625
1993-09-21,3794,11.0,2.465753425,3.077195531,1.39457855,5.9,4896.967138,79.375,9.303749999999999
1993-09-22,3795,2.75,2.328767123,2.991117318,1.352238108,,4932.615333,88.0,8.789583333333333
1993-09-23,3796,0.25,2.328767123,2.616385475,1.737955053,,5200.601095,109.29166666666667,9.015583333333334
1993-09-24,3797,3.5,2.328767123,2.405388268,1.266593469,,5391.977735,79.08333333333333,8.883958333333334
1993-09-25,3798,2.0,2.328767123,2.375698324,2.416849347,,5397.093586,165.04166666666666,6.858833333333333
1993-09-26,3799,0.0,0.0,2.17573743,1.669753303,,5591.962496,114.91666666666667,6.245666666666668
1993-09-27,3800,0.0,0.0,2.06253352,1.105571921,,5705.877111,74.0,6.641000000000001
1993-09-28,3801,2.5,2.328767123,1.953175978,2.138198039,6.3,5827.120756,125.45833333333333,7.2075
1993-09-29,3802,10.25,3.835616438,2.100921788,0.655939495,,5684.599783,38.458333333333336,7.779875
1993-09-30,3803,1.75,3.835616438,2.169804469,0.403797904,,5578.041566,32.375,5.299416666666667
1993-10-01,3804,9.5,3.835616438,2.019293296,0.495802236,,5787.436948,38.666666666666664,5.4742500000000005
1993-10-02,3805,1.25,3.835616438,2.357446927,1.19690525,,5396.418275,84.875,7.243708333333333
1993-10-03,3806,13.0,3.835616438,2.277905028,0.902615577,,5543.42708,56.041666666666664,8.77
1993-10-04,3807,4.5,3.835616438,3.490768156,1.034817425,,4616.548729,81.20833333333333,6.915083333333333
1993-10-05,3808,23.75,3.835616438,7.249298883,0.479321125,5.7,3227.182851,35.833333333333336,7.496125
1993-10-06,3809,9.0,1.643835616,7.476687151,0.431280363,,3254.860317,27.416666666666668,7.601666666666667
1993-10-07,3810,8.75,1.643835616,8.350642458,1.4260696,,3073.167233,113.66666666666667,6.369958333333333
1993-10-08,3811,6.25,1.643835616,6.077061453,0.217032923,,3624.027191,14.166666666666666,5.9695833333333335
1993-10-09,3812,8.5,1.643835616,5.020969274,0.824905366,,3954.636336,57.625,7.160958333333333
1993-10-10,3813,6.25,1.643835616,6.26626257,0.649272896,,3564.418803,54.916666666666664,7.637583333333333
1993-10-11,3814,2.5,1.643835616,4.700036313,0.195906905,,4078.071778,14.958333333333334,6.571416666666667
1993-10-12,3815,32.25,1.643835616,11.67191899,0.13332609,5.3,2427.866448,11.833333333333334,6.552208333333333
1993-10-13,3816,0.5,2.191780822,9.789863128,0.093723475,,2760.365605,19.291666666666668,3.0567499999999996
1993-10-14,3817,0.0,0.0,5.985703911,1.278078999,,3627.318663,110.58333333333333,1.5584166666666668
1993-10-15,3818,0.0,0.0,4.583765363,0.896077697,,4114.282452,82.58333333333333,1.2361250000000001
1993-10-16,3819,0.0,0.0,3.609477654,1.393865184,,4561.637293,108.91666666666667,0.7501666666666665
1993-10-17,3820,0.0,0.0,3.177050279,1.455043824,,4815.698324,119.41666666666667,1.2286666666666666
1993-10-18,3821,0.0,0.0,2.817,1.509114994,,5053.23769,124.75,2.8615
1993-10-19,3822,0.0,0.0,2.505368715,1.346066853,6.4,5293.419362,100.29166666666667,2.3992916666666666
1993-10-20,3823,2.5,5.145436926,2.309932961,0.874341122,,5465.902354,65.16666666666667,4.260375
1993-10-21,3824,0.0,0.0,2.140416201,1.306193465,,5624.032585,104.29166666666667,2.1635833333333334
1993-10-22,3825,0.0,0.0,1.982287709,1.382318103,,5789.67667,100.41666666666667,2.4327083333333333
1993-10-23,3826,0.0,0.0,1.84575419,1.309455489,,5944.459295,81.08333333333333,3.0777916666666667
1993-10-24,3827,0.0,0.0,1.752511173,0.451167601,,6060.23637,37.375,3.372458333333334
1993-10-25,3828,0.0,0.0,1.654642458,0.336951451,,6187.684604,24.208333333333332,3.5510416666666664
1993-10-26,3829,0.75,2.283101433,1.56826257,0.192368329,6.5,6309.015236,16.5,3.8506250000000004
1993-10-27,3830,0.0,0.0,1.49027933,0.28737616,,6423.729339,20.416666666666668,3.3480000000000003
1993-10-28,3831,1.75,3.726291756,1.447642458,0.094010066,,6493.121789,8.666666666666666,3.8217916666666665
1993-10-29,3832,0.0,0.0,1.375139665,0.321993751,,6610.36403,24.416666666666668,4.255416666666666
1993-10-30,3833,0.0,0.0,1.325287709,0.285372228,,6695.723407,15.5,3.997666666666667
1993-10-31,3834,0.0,0.0,1.261634078,0.315341779,,6811.803607,15.125,3.573916666666667
1993-11-01,3835,0.0,0.0,1.207709497,0.303339148,,6915.51182,14.916666666666666,2.6746250000000003
1993-11-02,3836,2.25,12.15001135,1.177592179,0.273093142,6.7,6982.851026,21.583333333333332,1.18875
1993-11-03,3837,9.25,3.287671233,1.476402235,0.076949259,,6452.201561,8.041666666666666,4.521833333333333
1993-11-04,3838,0.5,3.287671233,1.315709497,0.686945932,,6706.913906,59.958333333333336,7.531833333333334
1993-11-05,3839,0.5,3.287671233,1.220656425,0.223058912,,6889.55744,12.75,7.972041666666667
1993-11-06,3840,0.5,3.287671233,1.187421788,0.260329267,,6958.348974,25.041666666666668,5.1160000000000005
1993-11-07,3841,3.75,3.287671233,1.200846369,0.15017625,,6939.974558,15.166666666666666,4.851
1993-11-08,3842,1.25,3.287671233,1.205673184,0.236380497,,6915.874726,21.083333333333332,5.646541666666667
1993-11-09,3843,44.25,3.287671233,8.900446927,0.1147512,6.6,2320.211642,9.083333333333334,4.610875
1993-11-10,3844,11.75,1.506849315,5.61449162,0.652025105,,3648.504538,59.208333333333336,3.7944166666666668
1993-11-11,3845,23.75,1.506849315,10.47396369,0.22021719,,2703.401425,28.583333333333332,2.7510833333333333
1993-11-12,3846,31.75,1.506849315,12.30742458,0.460583681,,2211.576621,36.208333333333336,4.511791666666666
1993-11-13,3847,47.5,1.506849315,35.26589665,0.062823219,,1067.531695,5.833333333333333,4.604958333333333
1993-11-14,3848,12.0,1.506849315,22.00660894,0.148271458,,1555.12566,30.416666666666668,1.548
1993-11-15,3849,0.0,0.0,8.78847486,0.656829841,,2968.9193,42.125,2.5774166666666667
1993-11-16,3850,0.25,1.506849315,5.687019553,0.538962214,6.1,3719.968603,37.666666666666664,3.21025
1993-11-17,3851,0.0,0.0,4.297751397,0.421440407,,4225.891159,55.541666666666664,0.38233333333333336
1993-11-18,3852,0.0,0.0,3.433726257,0.339449262,,4659.031463,46.333333333333336,-0.27616666666666667
1993-11-19,3853,0.0,0.0,2.858782123,0.442083405,,5018.181082,54.416666666666664,-1.6232499999999999
1993-11-20,3854,0.25,3.665849978,2.451670391,0.477871654,,5337.630644,57.875,-1.711125
1993-11-21,3855,0.0,0.0,2.210731844,0.0,,5552.615552,8.541666666666666,-3.425875
1993-11-22,3856,0.25,4.796933184,1.994430168,0.304698819,,5774.351405,69.625,-3.4778333333333333
1993-11-23,3857,0.25,3.350910359,1.813248603,0.210844578,6.4,5981.099651,62.25,-3.4684166666666667
1993-11-24,3858,3.0,4.383561644,1.72123743,0.0,,6109.436061,1.7083333333333333,-2.519791666666667
1993-11-25,3859,9.25,4.383561644,2.138103352,0.241886415,,5632.195907,16.708333333333332,3.514333333333333
1993-11-26,3860,0.5,4.383561644,1.912223464,0.186079481,,5858.001754,12.291666666666666,1.89675
1993-11-27,3861,0.0,0.0,1.747231844,0.040547302,,6062.675002,10.083333333333334,-0.7579166666666667
1993-11-28,3862,0.0,0.0,1.59747486,0.045547034,,6262.875073,16.416666666666668,-3.0665
1993-11-29,3863,8.0,4.383561644,1.819583799,0.0208399,,6000.754286,2.0833333333333335,-1.0974166666666667
1993-11-30,3864,4.25,4.383561644,2.656835196,0.342818753,6.0,5168.772334,34.583333333333336,3.0379166666666664
1993-12-01,3865,13.75,3.287671233,3.243544693,0.186596448,,4802.608469,14.583333333333334,3.8509583333333333
1993-12-02,3866,9.5,3.287671233,4.855424581,0.111995575,,4022.175804,6.291666666666667,7.512499999999999
1993-12-03,3867,29.5,3.287671233,6.356689944,0.276902293,,3870.136875,6.541666666666667,6.39825
1993-12-04,3868,18.5,3.287671233,25.1113324,0.348573751,,1314.671479,19.458333333333332,4.21525
1993-12-05,3869,7.0,3.287671233,8.316527933,0.290793612,,3071.706558,9.333333333333334,4.929875
1993-12-06,3870,52.25,3.287671233,14.59686872,0.276114144,,2287.438245,10.75,5.145208333333334
1993-12-07,3871,3.25,3.287671233,23.65157263,0.298347379,5.4,1140.722929,18.708333333333332,1.3690416666666667
1993-12-08,3872,68.75,23.28767123,39.39923464,0.425693383,3.9,728.0014686,2.5833333333333335,4.986291666666666
1993-12-09,3873,10.75,23.28767123,13.76230726,0.469568574,,2245.903356,14.458333333333334,3.2412916666666667
1993-12-10,3874,3.75,23.28767123,8.581223464,0.476364395,,3031.564725,10.916666666666666,2.1272083333333334
1993-12-11,3875,4.75,23.28767123,6.065497207,0.253236957,,3614.08808,2.9166666666666665,0.9537916666666666
1993-12-12,3876,71.5,23.28767123,39.41494693,0.075064161,,567.1312129,5.875,3.27225
1993-12-13,3877,4.25,23.28767123,21.80300279,0.0,,1493.029776,6.291666666666667,2.0566666666666666
1993-12-14,3878,38.25,23.28767123,19.29351117,0.066929376,,1603.996407,11.25,-0.39620833333333333
1993-12-15,3879,39.75,23.28767123,23.29803352,0.224137649,,1563.953593,12.333333333333334,1.15925
1993-12-16,3880,12.5,23.28767123,21.14846648,0.114040567,12.2,1607.68007,9.958333333333334,1.7132500000000002
1993-12-17,3881,24.75,3.01369863,15.88970112,0.073620325,,2082.263115,6.041666666666667,4.457333333333334
1993-12-18,3882,61.0,3.01369863,34.65490223,0.125491067,,941.6152542,5.0,7.73825
1993-12-19,3883,26.75,3.01369863,42.4437486,0.187152694,,587.5913184,7.583333333333333,5.839666666666666
1993-12-20,3884,6.25,3.01369863,12.97827654,0.0,,2379.745262,3.75,-0.5199166666666667
1993-12-21,3885,7.5,3.01369863,8.521667598,0.078015243,8.8,3061.066304,1.25,-0.7711250000000001
1993-12-22,3886,38.5,11.09589041,39.55281285,0.16573024,9.1,887.9729014,4.208333333333333,1.653875
1993-12-23,3887,22.25,11.09589041,21.0947933,0.124141975,,1701.174124,3.7916666666666665,0.5697083333333334
1993-12-24,3888,0.0,0.0,11.01554749,0.064740629,,2609.041163,39.958333333333336,-0.839375
1993-12-25,3889,0.0,0.0,7.045391061,0.0,,3353.44516,11.0,-1.9758333333333333
1993-12-26,3890,0.0,0.0,5.153681564,0.084744093,,3899.810755,12.083333333333334,-3.0110833333333336
1993-12-27,3891,0.0,0.0,4.160413408,0.142992431,,4296.577234,8.291666666666666,-0.9604166666666667
1993-12-28,3892,14.0,11.09589041,7.303801676,0.147106974,,3313.384831,22.375,2.018125
1993-12-29,3893,35.5,11.09589041,12.7993324,0.367490085,,2425.160285,21.166666666666668,3.7296666666666667
1993-12-30,3894,40.0,11.09589041,22.5930419,0.146648415,,1643.354809,6.208333333333333,1.508625
1993-12-31,3895,3.25,11.09589041,14.66356425,0.100368862,,2145.66517,22.458333333333332,0.3802083333333333
1994-01-01,3896,17.0,11.09589041,8.583662011,0.102256006,,3084.54988,18.458333333333332,0.8330833333333333
1994-01-02,3897,6.25,11.09589041,13.17542179,0.245242634,,2337.912442,15.875,3.846791666666667
1994-01-03,3898,20.0,11.09589041,10.8971648,0.0,,2663.088315,3.2916666666666665,2.0425833333333334
1994-01-04,3899,3.75,11.09589041,9.566874302,0.109527606,8.5,2849.11223,25.708333333333332,0.887625
1994-01-05,3900,18.0,7.534246575,11.95408659,0.115942311,,2502.258235,12.75,0.75325
1994-01-06,3901,0.25,7.534246575,7.700656425,0.21783303,,3204.621508,39.5,-1.326625
1994-01-07,3902,1.75,7.534246575,5.684304469,0.10495978,,3725.153866,46.166666666666664,-0.384875
1994-01-08,3903,2.5,7.534246575,5.042187151,0.077970916,,3974.059808,9.125,0.2824166666666667
1994-01-09,3904,5.75,7.534246575,6.550416201,0.11184777,,3484.35976,3.7916666666666665,3.9150416666666668
1994-01-10,3905,1.0,7.534246575,6.073139665,0.11331887,,3590.900324,15.208333333333334,2.8180416666666663
1994-01-11,3906,10.25,7.534246575,6.121885475,0.123601926,7.9,3617.442784,8.541666666666666,2.8642083333333335
1994-01-12,3907,32.25,14.52054795,15.78411453,0.266830323,,2067.818652,4.875,4.523833333333333
1994-01-13,3908,8.0,14.52054795,13.12059218,0.494443609,,2297.754924,10.416666666666666,3.7068333333333334
1994-01-14,3909,12.25,14.52054795,9.814952514,0.240576802,,2835.311276,8.833333333333334,2.4966666666666666
1994-01-15,3910,2.0,14.52054795,7.25103352,0.025407473,,3313.268305,5.041666666666667,0.937625
1994-01-16,3911,0.0,0.0,5.575877095,0.462780827,,3763.696523,62.166666666666664,-1.0485416666666667
1994-01-17,3912,0.75,14.52054795,4.512997207,0.115613935,,4146.195698,41.958333333333336,-2.056083333333333
1994-01-18,3913,31.75,14.52054795,9.430692737,0.242580289,8.0,2543.489101,9.291666666666666,1.7100416666666665
1994-01-19,3914,6.25,1.917808219,7.444307263,0.255641194,,3223.659585,27.125,0.08949999999999998
1994-01-20,3915,21.75,1.917808219,13.07295251,0.144175325,,2382.639488,7.583333333333333,3.974
1994-01-21,3916,20.5,1.917808219,11.39498045,0.287234713,,2611.208477,14.208333333333334,4.972666666666666
1994-01-22,3917,32.5,1.917808219,14.64302514,0.324512525,,2291.541116,29.125,3.4114583333333335
1994-01-23,3918,50.25,1.917808219,52.32021788,0.666096285,,360.6489388,48.166666666666664,3.219291666666667
1994-01-24,3919,16.25,1.917808219,11.5757095,0.225447938,,2588.579655,16.416666666666668,4.4827916666666665
1994-01-25,3920,37.75,1.917808219,30.08606983,0.454960449,6.4,1119.521276,18.75,4.427458333333333
1994-01-26,3921,3.0,17.80821918,10.10363128,0.675309916,,2747.846282,29.083333333333332,3.25225
1994-01-27,3922,23.0,17.80821918,9.983891061,0.359396481,,2821.199347,10.0,3.220541666666667
1994-01-28,3923,7.0,17.80821918,7.922941341,0.652862828,,3164.153006,61.833333333333336,0.10170833333333333
1994-01-29,3924,24.25,17.80821918,9.451181564,0.273281334,,2938.46838,12.041666666666666,4.986
1994-01-30,3925,2.25,17.80821918,11.87758659,0.4929306,,2479.587592,32.041666666666664,2.4674583333333335
1994-01-31,3926,7.0,17.80821918,7.350209497,0.354824436,8.5,3304.603302,33.041666666666664,2.1529166666666666
1994-02-01,3927,19.5,6.164383562,12.75946089,0.343573352,,2313.403731,11.041666666666666,2.519375
1994-02-02,3928,0.25,6.164383562,7.718354749,0.359969845,,3203.627487,47.416666666666664,-0.18920833333333334
1994-02-03,3929,17.75,6.164383562,7.837893855,0.194452001,,3227.486281,8.625,0.9752083333333333
1994-02-04,3930,3.75,6.164383562,9.124013966,0.863146577,,2914.405146,65.5,2.793125
1994-02-05,3931,7.0,6.164383562,7.060248603,0.282163694,,3373.428031,30.208333333333332,2.2274166666666666
1994-02-06,3932,9.5,6.164383562,6.67950838,0.292265774,,3468.106025,27.875,2.5253333333333337
1994-02-07,3933,6.5,6.164383562,6.266589385,0.289559898,,3576.930277,34.833333333333336,0.3845
1994-02-08,3934,11.5,6.164383562,6.703843575,0.180439115,8.1,3453.957652,20.833333333333332,2.150541666666667
1994-02-09,3935,0.25,4.109589041,6.242405028,0.5150468,,3555.727688,61.25,1.41
1994-02-10,3936,16.25,4.109589041,5.51174581,0.760344376,,3855.187462,82.33333333333333,1.6247083333333334
1994-02-11,3937,7.75,4.109589041,10.55981564,0.047428606,,2676.826065,8.541666666666666,1.5768333333333333
1994-02-12,3938,0.25,4.109589041,6.316013966,0.068386455,,3545.73275,31.541666666666668,-0.6491250000000001
1994-02-13,3939,0.0,0.0,5.028536313,0.066225895,,3948.136268,29.916666666666668,-3.782208333333333
1994-02-14,3940,0.0,0.0,4.076346369,0.0,,4332.713304,19.083333333333332,-7.187208333333333
1994-02-15,3941,1.0,4.109589041,3.449212291,0.0,8.0,4653.858968,26.333333333333332,-4.81125
1994-02-16,3942,13.75,2.602739726,4.112371508,0.180811772,,4308.198103,26.75,0.25437499999999996
1994-02-17,3943,2.75,2.602739726,3.699628492,0.251681537,,4516.397149,26.375,0.22283333333333333
1994-02-18,3944,8.25,2.602739726,4.300039106,0.044940314,,4263.288978,7.333333333333333,0.32641666666666663
1994-02-19,3945,0.5,2.602739726,4.180952514,0.075346831,,4290.185407,11.708333333333334,0.35541666666666666
1994-02-20,3946,2.25,2.602739726,3.60525419,0.022452462,,4568.959744,28.666666666666668,-2.676166666666667
1994-02-21,3947,2.25,2.602739726,3.169910615,0.396453888,,4821.694048,105.625,-5.275291666666667
1994-02-22,3948,0.25,2.602739726,2.929977654,0.053698979,7.8,4981.571575,29.125,-4.7102916666666665
1994-02-23,3949,1.5,1.643835616,2.696430168,0.0,,5142.278402,19.208333333333332,-2.3148750000000002
1994-02-24,3950,0.25,1.643835616,2.378941341,0.0,,5399.079761,15.291666666666666,-2.557
1994-02-25,3951,8.5,1.643835616,2.917885475,0.046019009,,5083.966208,7.375,-0.860375
1994-02-26,3952,7.0,1.643835616,8.445519553,0.276604983,,3099.465054,25.625,4.840708333333334
1994-02-27,3953,26.25,1.643835616,28.53206145,0.354502458,,1202.192262,15.416666666666666,4.468458333333333
1994-02-28,3954,13.5,1.643835616,20.26719553,0.30385676,6.7,1733.375169,28.916666666666668,1.9768333333333334
1994-03-01,3955,11.25,3.698630137,9.778650838,0.706919681,,2852.197063,74.125,0.4872916666666667
1994-03-02,3956,1.25,3.698630137,9.43051676,1.232005259,,2833.641391,113.25,3.86525
1994-03-03,3957,8.5,3.698630137,7.818511173,0.543586141,,3191.812452,47.75,2.918625
1994-03-04,3958,3.25,3.698630137,5.994427374,0.532063269,,3645.42563,28.875,4.345166666666667
1994-03-05,3959,5.0,3.698630137,5.423857542,1.244192149,,3819.999428,87.79166666666667,4.100750000000001
1994-03-06,3960,16.5,3.698630137,5.536885475,0.547514423,,3821.718107,36.291666666666664,3.80125
1994-03-07,3961,26.75,3.698630137,14.89972626,0.337260376,,2087.949602,26.666666666666668,6.602083333333333
1994-03-08,3962,15.25,3.698630137,13.86849721,0.621509965,7.0,2274.138478,53.791666666666664,7.196000000000001
1994-03-09,3963,27.0,2.465753425,24.61484916,0.623329818,,1462.250348,48.166666666666664,3.8507916666666664
1994-03-10,3964,0.0,0.0,9.523081006,1.212092637,,2841.768168,100.79166666666667,2.392
1994-03-11,3965,17.75,2.465753425,8.774622905,0.355145934,,3007.137315,28.416666666666668,1.4504583333333334
1994-03-12,3966,35.25,2.465753425,17.25558939,0.575729552,,1786.833138,49.208333333333336,1.9725833333333334
1994-03-13,3967,4.75,2.465753425,16.05911732,1.152794882,,1960.783833,77.08333333333333,4.210916666666667
1994-03-14,3968,29.5,2.465753425,14.20725419,0.831950412,,2187.615199,59.75,6.242875000000001
1994-03-15,3969,26.5,2.465753425,29.63139385,1.024199136,6.0,1161.471311,72.375,3.498291666666667
1994-03-16,3970,4.5,2.465753425,9.776086592,0.761337354,,2813.557364,42.333333333333336,0.7698333333333333
1994-03-17,3971,6.75,2.465753425,6.858301676,1.122766904,,3414.862606,91.20833333333333,0.8930416666666666
1994-03-18,3972,67.25,2.465753425,34.44863128,0.367159736,,771.5381521,27.166666666666668,3.8149583333333332
1994-03-19,3973,0.25,2.465753425,17.08748045,1.490650427,,1850.764819,142.04166666666666,0.6015416666666666
1994-03-20,3974,0.75,2.465753425,7.918918994,1.545807133,,3154.255432,144.625,0.5363333333333333
1994-03-21,3975,1.5,2.465753425,5.752860335,0.738449813,,3705.786494,66.625,1.5705833333333334
1994-03-22,3976,24.75,2.465753425,10.24064246,0.470165912,5.4,2702.997076,41.208333333333336,6.227541666666667
1994-03-23,3977,26.25,1.506849315,12.81723184,0.212543524,,2368.778465,16.791666666666668,7.657125
1994-03-24,3978,37.5,1.506849315,19.08243855,1.738215928,,1878.630396,136.95833333333334,4.252291666666667
1994-03-25,3979,34.0,1.506849315,44.31446648,0.432835448,4.9,561.487357,49.291666666666664,4.4078333333333335
1994-03-26,3980,0.25,1.506849315,10.24099441,2.722828305,,2721.521762,202.29166666666666,2.420375
1994-03-27,3981,9.25,1.506849315,7.36725419,0.360238812,,3303.00159,20.125,2.8233333333333337
1994-03-28,3982,19.0,1.506849315,12.04753073,0.428236135,,2468.938181,32.875,6.388041666666666
1994-03-29,3983,0.0,0.0,7.504843575,2.265020687,6.4,3243.864298,190.83333333333334,4.663250000000001
1994-03-30,3984,18.25,8.356164384,9.637692737,0.556667895,,2707.205588,26.916666666666668,5.230791666666667
1994-03-31,3985,15.0,8.356164384,10.35414804,0.993860227,,2746.596514,63.333333333333336,3.5109583333333334
1994-04-01,3986,44.25,8.356164384,28.63694413,0.468178067,,1315.834773,30.708333333333332,1.7755
1994-04-02,3987,9.0,8.356164384,11.87132682,0.950628484,,2502.058635,120.29166666666667,0.2801666666666667
1994-04-03,3988,49.25,8.356164384,28.88904469,0.30969796,,1102.137135,26.916666666666668,3.2588749999999997
1994-04-04,3989,12.0,8.356164384,24.0239162,0.58677965,,1229.023789,106.79166666666667,0.5479166666666667
1994-04-05,3990,21.25,8.356164384,11.18692458,0.716275503,7.8,2646.746686,80.95833333333333,1.232875
1994-04-06,3991,3.75,9.315068493,11.16653631,1.683026093,,2633.369464,148.58333333333334,2.372333333333333
1994-04-07,3992,27.0,9.315068493,14.14639106,0.473869583,,2287.127599,41.5,1.6619583333333334
1994-04-08,3993,40.0,9.315068493,34.0786257,0.276617493,,872.585519,21.958333333333332,1.23425
1994-04-09,3994,22.25,9.315068493,14.87041341,0.771237268,,2188.466344,111.75,0.23654166666666665
1994-04-10,3995,6.5,9.315068493,11.07568156,1.969234555,,2627.288822,197.91666666666666,2.0316666666666667
1994-04-11,3996,0.0,0.0,7.961505587,3.558039661,,3161.844079,227.0,4.257083333333333
1994-04-12,3997,3.75,9.315068493,6.650120112,1.075295132,7.1,3466.855436,98.20833333333333,3.186291666666667
1994-04-13,3998,0.0,0.0,5.253787709,2.901227212,,3870.092395,221.91666666666666,3.527458333333333
1994-04-14,3999,0.0,0.0,4.251519553,2.700129444,,4253.079771,226.875,2.8080416666666665
1994-04-15,4000,0.0,0.0,3.521689944,2.209593785,,4612.746606,160.83333333333334,2.253458333333333
1994-04-16,4001,0.0,0.0,3.130944134,0.899464697,,4845.057323,74.70833333333333,2.4007916666666667
1994-04-17,4002,0.0,0.0,2.756715084,1.167994669,,5095.839661,82.04166666666667,4.872333333333334
1994-04-18,4003,0.0,0.0,2.425902235,1.94212734,,5359.027791,138.75,3.6121250000000003
1994-04-19,4004,2.5,3.439290719,2.242432961,1.415065902,7.0,5530.524731,133.25,4.244125
1994-04-20,4005,5.75,2.739726027,2.238611732,1.646628241,,5529.733314,127.75,4.627083333333333
1994-04-21,4006,7.0,2.739726027,2.175888268,1.391312177,,5594.129782,107.41666666666667,5.352916666666666
1994-04-22,4007,5.5,2.739726027,2.219053073,2.03695737,,5547.046862,120.70833333333333,7.487958333333334
1994-04-23,4008,5.0,2.739726027,1.982388268,1.97646459,,5794.548188,139.45833333333334,6.962708333333333
1994-04-24,4009,2.75,2.739726027,1.947318436,1.179269275,,5824.84346,92.75,5.308625
1994-04-25,4010,18.25,2.739726027,3.77776257,1.037993707,,4344.213234,73.375,5.341916666666666
1994-04-26,4011,0.25,2.739726027,3.596706704,3.998722377,6.6,4498.726874,261.7916666666667,8.705125
1994-04-27,4012,6.25,10.0,2.969597765,1.578799527,,4956.062088,115.45833333333333,10.000833333333334
1994-04-28,4013,0.5,10.0,2.591019553,1.673471758,,5221.324723,138.375,10.027083333333334
1994-04-29,4014,0.0,0.0,2.304351955,3.189691841,,5467.659128,175.95833333333334,11.827916666666667
1994-04-30,4015,0.25,10.0,2.110298883,4.107898986,,5652.86016,299.9583333333333,7.795583333333333
1994-05-01,4016,0.0,0.0,1.947444134,4.081715933,,5827.609696,240.29166666666666,9.794458333333333
1994-05-02,4017,0.0,0.0,1.798918994,4.567577859,,5999.810831,257.9166666666667,10.039583333333333
1994-05-03,4018,7.75,10.0,1.811815642,1.984375493,,6006.382864,126.29166666666667,6.839375
1994-05-04,4019,2.75,10.0,1.820011173,1.412152584,6.9,5960.750563,110.58333333333333,5.175375
1994-05-05,4020,21.5,5.753424658,3.494689944,0.767284413,,4485.689462,50.166666666666664,7.008333333333333
1994-05-06,4021,1.0,5.753424658,2.659248603,2.710719727,,5101.610323,172.125,6.450166666666667
1994-05-07,4022,1.0,5.753424658,2.113717877,2.224245717,,5647.280579,168.875,5.330291666666667
1994-05-08,4023,0.75,5.753424658,1.914435754,3.051831381,,5864.580515,218.70833333333334,5.28625
1994-05-09,4024,0.25,5.753424658,1.786625698,2.788524469,,6016.543652,187.83333333333334,6.7960416666666665
1994-05-10,4025,0.0,0.0,1.716687151,1.210858992,6.8,6107.61368,59.041666666666664,7.59125
1994-05-11,4026,0.0,0.0,1.630030726,2.224516745,,6220.659879,128.25,9.520833333333334
1994-05-12,4027,4.0,2.602739726,1.613715084,2.270451267,,6245.601149,148.29166666666666,8.937916666666666
1994-05-13,4028,0.0,0.0,1.499731844,2.215753122,,6407.634265,119.875,10.104666666666667
1994-05-14,4029,13.0,2.602739726,1.486131285,3.548402705,,6481.917533,198.54166666666666,11.02875
1994-05-15,4030,4.5,2.602739726,2.374013966,2.257735669,,5313.552671,126.83333333333333,9.096458333333333
1994-05-16,4031,4.75,2.602739726,1.885273743,0.312876284,,5904.072542,28.541666666666668,5.26625
1994-05-17,4032,0.0,0.0,1.63651676,3.365310461,6.7,6205.816318,227.25,5.130791666666667
1994-05-18,4033,0.0,0.0,1.498122905,2.156475201,,6410.702253,155.41666666666666,4.3094166666666665
1994-05-19,4034,0.0,0.0,1.405206704,2.752299279,,6557.452719,201.20833333333334,4.937375
1994-05-20,4035,0.75,8.630136986,1.376019553,0.409884064,,6614.649595,33.166666666666664,4.435125
1994-05-21,4036,2.5,8.630136986,1.403899441,0.271527296,,6565.756013,18.875,6.687541666666667
1994-05-22,4037,3.0,8.630136986,1.392712291,1.15519816,,6583.687551,69.08333333333333,7.6113333333333335
1994-05-23,4038,3.0,8.630136986,1.373681564,0.546641974,,6615.061596,38.166666666666664,7.340166666666666
1994-05-24,4039,7.0,8.630136986,1.631363128,0.434284312,6.7,6225.606385,30.25,6.9664166666666665
1994-05-25,4040,1.5,4.246575342,1.635863128,0.558695516,,6205.147509,40.666666666666664,6.985625
1994-05-26,4041,2.5,4.246575342,1.591793296,1.061675376,,6277.199479,74.25,6.088458333333333
1994-05-27,4042,0.0,0.0,1.451589385,1.210310779,,6480.821621,95.45833333333333,5.155291666666667
1994-05-28,4043,0.0,0.0,1.356888268,2.678512733,,6639.98584,174.29166666666666,5.818124999999999
1994-05-29,4044,0.0,0.0,1.299293296,2.999468931,,6743.486113,223.0,6.880166666666667
1994-05-30,4045,0.0,0.0,1.240692737,4.68720571,,6848.209096,278.5,8.990291666666666
1994-05-31,4046,0.0,0.0,1.191695531,5.381103546,,6949.618699,336.5833333333333,9.965166666666667
1994-06-01,4047,3.0,4.246575342,1.204416201,2.31121278,6.7,6926.380987,131.125,10.804166666666667
1994-06-02,4048,0.25,3.01369863,1.16627933,2.437620009,,7000.020087,129.95833333333334,10.28375
1994-06-03,4049,40.5,3.01369863,5.335315642,1.323159485,,3599.296272,89.83333333333333,7.550041666666666
1994-06-04,4050,9.75,3.01369863,6.085030726,1.366133727,,3490.704414,106.08333333333333,5.786375
1994-06-05,4051,3.0,3.01369863,3.676977654,3.475457195,,4503.268486,242.16666666666666,7.599208333333333
1994-06-06,4052,15.0,3.01369863,5.872298883,2.521616759,,3662.692655,163.625,10.896666666666667
1994-06-07,4053,11.25,3.01369863,7.192910615,1.239045904,6.1,3309.641368,77.33333333333333,9.423333333333334
1994-06-08,4054,1.25,1.18215231,5.00852514,3.318473306,,3942.079655,231.04166666666666,7.218875
1994-06-09,4055,0.25,2.220472955,3.934558659,2.226129319,,4395.040058,126.29166666666667,7.887250000000001
1994-06-10,4056,0.0,0.0,3.317505587,1.574876106,,4728.102663,105.0,7.186208333333333
1994-06-11,4057,0.0,0.0,2.855287709,3.802482,,5023.836267,221.66666666666666,8.529208333333333
1994-06-12,4058,0.0,0.0,2.498832402,2.309000003,,5297.166483,146.375,9.437541666666666
1994-06-13,4059,0.0,0.0,2.225463687,5.347393087,,5539.14429,293.4583333333333,12.033125
1994-06-14,4060,0.0,0.0,2.007527933,5.763444503,6.7,5758.707965,324.9166666666667,11.747916666666667
1994-06-15,4061,0.0,0.0,1.84198324,5.331561535,,5947.986295,350.4166666666667,10.426499999999999
1994-06-16,4062,0.0,0.0,1.730740223,4.577782484,,6087.388648,285.0416666666667,11.209166666666667
1994-06-17,4063,0.0,0.0,1.616631285,4.722537194,,6237.942765,278.875,12.142916666666666
1994-06-18,4064,0.25,4.383561644,1.51277933,1.917635926,,6389.21518,100.08333333333333,9.465833333333334
1994-06-19,4065,7.75,4.383561644,1.621256983,1.039229023,,6238.171229,69.08333333333333,9.963333333333333
1994-06-20,4066,1.0,4.383561644,1.430421788,2.089753471,,6511.852385,113.0,10.734166666666667
1994-06-21,4067,69.5,4.383561644,19.36249441,0.87719898,4.6,1457.177756,49.458333333333336,11.79625
1994-06-22,4068,0.0,0.0,6.694592179,3.510549125,,3378.939175,225.04166666666666,9.91375
1994-06-23,4069,0.0,0.0,4.020636872,5.106351132,,4335.72525,252.70833333333334,13.104833333333334
1994-06-24,4070,1.25,3.01369863,3.079810056,2.765016931,,4869.370981,141.08333333333334,14.829583333333332
1994-06-25,4071,0.25,3.01369863,2.567689944,1.296614863,,5236.792067,83.79166666666667,10.824166666666665
1994-06-26,4072,5.75,3.01369863,2.261765363,3.226148007,,5513.930291,201.79166666666666,10.533333333333333
1994-06-27,4073,0.5,3.01369863,2.117513966,2.056634895,,5637.086522,121.0,12.597083333333332
1994-06-28,4074,2.0,3.01369863,1.838740223,5.905567976,6.9,5949.370597,268.8333333333333,15.269583333333335
1994-06-29,4075,0.0,0.0,1.683175978,3.831225577,,6143.993754,265.3333333333333,10.063333333333334
1994-06-30,4076,0.0,0.0,1.557150838,3.694609798,,6320.36792,198.45833333333334,12.587083333333332
1994-07-01,4077,0.0,0.0,1.446259777,3.11053941,,6491.497325,161.75,14.370416666666666
1994-07-02,4078,0.25,4.657534247,1.377276536,1.40086052,,6607.346621,79.08333333333333,13.965000000000002
1994-07-03,4079,0.25,4.657534247,1.303391061,2.281344345,,6734.037205,128.04166666666666,13.976666666666667
1994-07-04,4080,11.25,4.657534247,1.447617318,0.88002689,,6499.61315,48.625,12.223333333333334
1994-07-05,4081,8.25,4.657534247,1.531910615,2.536948703,6.8,6353.042856,147.45833333333334,11.106250000000001
1994-07-06,4082,17.5,1.506849315,2.667645251,2.562426087,,5031.389597,163.375,10.6175
1994-07-07,4083,0.0,0.0,1.633826816,4.415596117,,6189.789453,247.79166666666666,12.070416666666667
1994-07-08,4084,0.0,0.0,1.39872067,2.52386838,,6565.842969,143.375,12.5175
1994-07-09,4085,0.0,0.0,1.276541899,4.033624538,,6777.872053,230.125,11.850416666666668
1994-07-10,4086,0.5,1.506849315,1.232648045,1.083626743,,6870.828368,55.125,12.60375
1994-07-11,4087,0.0,0.0,1.182368715,4.942092917,,6964.184419,240.08333333333334,15.827083333333334
1994-07-12,4088,0.25,1.506849315,1.123994413,5.526356719,6.8,7089.217307,277.9166666666667,15.7675
1994-07-13,4089,0.25,1.09629971,1.077837989,5.703318197,,7185.802635,297.5833333333333,13.665833333333333
1994-07-14,4090,0.5,5.632539048,1.035578212,5.031127957,,7291.019841,279.2916666666667,12.920416666666668
1994-07-15,4091,1.75,1.618939947,1.044326816,3.263933562,,7267.074615,196.625,12.879166666666668
1994-07-16,4092,0.0,0.0,0.971446927,5.692165689,,7442.200253,315.1666666666667,12.290833333333333
1994-07-17,4093,0.0,0.0,0.928759777,5.377042633,,7559.164097,285.5416666666667,13.904583333333333
1994-07-18,4094,0.0,0.0,0.902840782,5.359213794,,7631.202178,281.5,14.6175
1994-07-19,4095,0.0,0.0,0.879511173,4.616589467,6.8,7696.203509,240.5,14.914583333333333
1994-07-20,4096,0.0,0.0,0.855879888,5.146885636,,7766.541912,269.5,15.9325
1994-07-21,4097,2.0,11.64383562,0.870611732,1.819477386,,7726.102927,97.41666666666667,14.027916666666668
1994-07-22,4098,0.25,11.64383562,0.831167598,5.14668329,,7836.993626,281.3333333333333,14.477916666666665
1994-07-23,4099,0.75,11.64383562,0.788656425,6.08317466,,7979.236071,281.25,16.597083333333334
1994-07-24,4100,0.25,11.64383562,0.799139665,2.335856997,,7941.968541,112.95833333333333,15.319583333333334
1994-07-25,4101,0.0,0.0,0.760851955,3.667022442,,8066.700975,189.5,14.348333333333334
1994-07-26,4102,16.25,11.64383562,1.080402235,0.78990947,6.6,7170.867355,35.208333333333336,14.640416666666667
1994-07-27,4103,8.75,3.287671233,1.224854749,4.824892168,,6809.395424,282.7916666666667,12.40875
1994-07-28,4104,0.0,0.0,0.836798883,4.503391051,,7812.673737,267.1666666666667,11.950000000000001
1994-07-29,4105,0.0,0.0,0.766860335,5.047036034,,8043.148521,282.75,13.13125
1994-07-30,4106,0.0,0.0,0.721910615,3.775369094,,8208.281604,182.5,16.236666666666668
1994-07-31,4107,6.0,3.287671233,0.76424581,2.363946896,,8061.051209,131.45833333333334,15.073333333333332
1994-08-01,4108,14.25,3.287671233,1.128494413,1.792247656,,6920.335763,98.70833333333333,12.731250000000001
1994-08-02,4109,15.0,3.287671233,1.713469274,0.756053673,7.0,5928.99994,44.375,12.895416666666668
1994-08-03,4110,7.75,2.054794521,1.794494413,2.012190498,,5904.929044,88.91666666666667,16.70875
1994-08-04,4111,3.5,2.054794521,1.982287709,3.886243103,,5733.538386,199.33333333333334,16.302083333333332
1994-08-05,4112,2.0,2.054794521,1.262162011,3.330143636,,6791.091864,182.16666666666666,14.244583333333333
1994-08-06,4113,0.0,0.0,1.082941341,2.826981957,,7172.285516,155.83333333333334,13.08
1994-08-07,4114,1.25,2.054794521,1.007497207,2.90620325,,7347.603702,163.875,13.172083333333333
1994-08-08,4115,0.0,0.0,0.924687151,2.7842357,,7567.677403,146.70833333333334,13.090833333333334
1994-08-09,4116,0.0,0.0,0.884740223,3.113489678,6.8,7681.072587,156.66666666666666,12.197916666666666
1994-08-10,4117,10.25,3.150684932,1.017653631,0.278538656,,7339.309076,12.875,10.18125
1994-08-11,4118,0.25,3.150684932,0.952667598,2.408080814,,7485.771298,141.20833333333334,11.63875
1994-08-12,4119,0.0,0.0,0.876569832,2.072387324,,7701.593864,138.45833333333334,9.589166666666667
1994-08-13,4120,0.0,0.0,0.827673184,4.051972076,,7848.984321,243.20833333333334,9.58875
1994-08-14,4121,0.0,0.0,0.80399162,3.454549132,,7929.086757,196.5,9.362041666666666
1994-08-15,4122,0.0,0.0,0.779354749,4.534654765,,8004.402019,243.125,11.348458333333333
1994-08-16,4123,4.25,3.150684932,0.767765363,2.589506532,6.7,8059.030533,130.70833333333334,11.711666666666666
1994-08-17,4124,22.75,4.931506849,1.94327095,1.063085135,,5684.011532,66.66666666666667,9.4125
1994-08-18,4125,8.5,4.931506849,1.327675978,1.490105681,,6681.817085,101.125,11.32875
1994-08-19,4126,0.25,4.931506849,1.211128492,2.832793313,,6873.936868,158.91666666666666,11.290416666666667
1994-08-20,4127,1.25,4.931506849,1.040078212,1.469385286,,7273.372677,89.125,10.664583333333333
1994-08-21,4128,1.5,4.931506849,0.981,3.281786533,,7420.817721,157.125,13.072916666666666
1994-08-22,4129,1.0,4.931506849,0.935170391,3.912804032,,7540.159107,177.91666666666666,15.319583333333334
1994-08-23,4130,8.75,4.931506849,1.045231844,2.666422819,6.4,7268.200134,159.375,12.853333333333333
1994-08-24,4131,24.5,4.520547945,2.423212291,1.545013806,,5303.332688,93.25,10.448333333333332
1994-08-25,4132,3.5,4.520547945,2.564874302,3.272013294,,5155.850677,218.45833333333334,11.803333333333333
1994-08-26,4133,12.75,4.520547945,2.208645251,2.083589387,,5622.696212,134.5,11.472916666666668
1994-08-27,4134,8.5,4.520547945,2.929952514,2.677550352,,4919.306957,178.16666666666666,9.899166666666666
1994-08-28,4135,0.5,4.520547945,2.637351955,2.376710882,,5168.098339,156.25,9.485833333333334
1994-08-29,4136,1.0,4.520547945,2.046117318,1.760052024,,5716.274703,98.25,9.559166666666668
1994-08-30,4137,0.0,0.0,1.821217877,3.212375706,6.3,5969.753753,147.70833333333334,10.776666666666666
1994-08-31,4138,15.5,3.424657534,2.295377095,0.21495835,,5476.379017,13.625,9.540833333333333
1994-09-01,4139,5.75,3.424657534,4.156114525,1.584606863,,4266.065606,97.04166666666667,10.79875
1994-09-02,4140,0.0,0.0,2.514368715,4.326054114,,5265.305836,228.5,11.861666666666666
1994-09-03,4141,9.75,3.424657534,2.544234637,0.863959299,,5285.571589,48.75,12.361666666666666
1994-09-04,4142,12.0,3.424657534,3.825,1.193884484,,4389.445687,83.54166666666667,10.784583333333332
1994-09-05,4143,0.25,3.424657534,3.413463687,2.592668745,,4623.097039,166.29166666666666,9.341666666666667
1994-09-06,4144,16.5,3.424657534,4.858340782,1.11173321,6.3,3963.118505,69.91666666666667,9.605
1994-09-07,4145,3.25,4.794520548,4.478581006,2.207084852,,4143.156585,143.125,9.333333333333334
1994-09-08,4146,14.5,4.794520548,4.561642458,1.41542253,,4182.280256,102.04166666666667,8.159166666666666
1994-09-09,4147,31.25,4.794520548,12.59979888,1.405121005,,2456.779415,82.125,8.531416666666667
1994-09-10,4148,6.5,4.794520548,10.33365922,1.254585174,,2671.615233,82.20833333333333,8.186791666666666
1994-09-11,4149,20.5,4.794520548,8.46452514,1.69315415,,3087.858184,104.04166666666667,8.869166666666667
1994-09-12,4150,34.5,4.794520548,23.02841061,0.845630521,6.5,1594.751478,52.0,8.570833333333333
1994-09-13,4151,1.0,1.780821918,12.17717598,1.741455859,,2450.469108,115.41666666666667,10.147499999999999
1994-09-14,4152,29.5,1.780821918,16.10507263,0.231130553,,2045.770958,14.458333333333334,8.143958333333334
1994-09-15,4153,16.25,1.780821918,13.91090782,0.665711655,,2313.341468,49.583333333333336,6.828416666666667
1994-09-16,4154,0.5,1.780821918,10.67284358,2.261071226,,2637.375577,165.91666666666666,6.674166666666667
1994-09-17,4155,0.0,0.0,6.524924581,2.131550431,,3479.403048,149.375,7.061208333333333
1994-09-18,4156,1.75,1.780821918,4.829329609,1.040138727,,4018.821653,68.66666666666667,7.4154583333333335
1994-09-19,4157,20.25,1.780821918,7.089083799,0.913665909,,3340.612288,56.75,9.49625
1994-09-20,4158,8.25,1.780821918,6.080958101,1.457852918,6.9,3633.58469,121.29166666666667,8.674916666666666
1994-09-21,4159,1.75,2.054794521,5.646821229,1.149595475,,3739.870765,70.83333333333333,10.086666666666666
1994-09-22,4160,0.0,0.0,4.516340782,1.080076962,,4144.630643,81.45833333333333,8.731250000000001
1994-09-23,4161,0.75,2.054794521,3.801519553,0.683448735,,4467.528049,45.875,8.921333333333333
1994-09-24,4162,8.0,2.054794521,3.406148045,1.239647285,,4695.268469,71.33333333333333,9.489166666666668
1994-09-25,4163,5.25,2.054794521,4.55852514,0.144196403,,4121.885745,10.25,9.32875
1994-09-26,4164,0.5,2.054794521,3.440689944,1.413016951,,4657.589357,102.25,9.186666666666666
1994-09-27,4165,0.5,2.054794521,3.03903352,0.796985046,7.1,4904.424421,61.041666666666664,8.95125
1994-09-28,4166,1.25,1.643835616,2.786530726,0.888682096,,5078.539894,51.083333333333336,9.745416666666666
1994-09-29,4167,0.0,0.0,2.494910615,0.931899633,,5301.908039,64.625,9.293333333333335
1994-09-30,4168,1.75,1.643835616,2.323407821,0.560656145,,5454.045077,43.125,9.0
1994-10-01,4169,6.5,1.643835616,2.331578212,0.76946017,,5456.382099,48.25,10.6075
1994-10-02,4170,30.25,1.643835616,8.244553073,0.484107935,,3036.859603,32.541666666666664,10.017916666666666
1994-10-03,4171,3.75,1.643835616,5.922276536,0.696069934,,3636.720471,62.208333333333336,4.450666666666667
1994-10-04,4172,0.0,0.0,4.274472067,1.512250057,6.8,4238.275456,135.04166666666666,2.840958333333333
1994-10-05,4173,0.25,10.83734888,3.496977654,1.343113809,,4627.182613,97.125,5.079916666666667
1994-10-06,4174,0.0,0.0,3.091324022,1.331766768,,4868.950742,98.125,7.529916666666666
1994-10-07,4175,0.0,0.0,2.747664804,0.880251871,,5104.557626,70.91666666666667,8.37
1994-10-08,4176,0.25,17.06548736,2.502879888,0.798481042,,5297.884651,56.75,9.225833333333332
1994-10-09,4177,0.0,0.0,2.285648045,1.564164639,,5484.884956,116.70833333333333,9.113333333333333
1994-10-10,4178,0.0,0.0,2.104818436,2.156041447,,5660.766978,131.20833333333334,9.724124999999999
1994-10-11,4179,0.5,7.057654745,1.980251397,0.740135454,6.7,5792.843011,55.708333333333336,10.16
1994-10-12,4180,0.0,0.0,1.853597765,1.981638327,,5935.334645,114.375,10.735791666666666
1994-10-13,4181,0.0,0.0,1.740997207,2.061852889,,6074.249061,121.875,10.617958333333332
1994-10-14,4182,0.0,0.0,1.646547486,2.151338905,,6199.133384,113.29166666666667,11.993333333333332
1994-10-15,4183,0.0,0.0,1.563134078,2.106795667,,6316.346443,114.54166666666667,11.128749999999998
1994-10-16,4184,0.25,5.72094593,1.521377095,0.203850607,,6379.388449,12.958333333333334,6.503208333333333
1994-10-17,4185,0.0,0.0,1.442564246,0.771428007,,6497.761508,51.041666666666664,4.7603333333333335
1994-10-18,4186,0.0,0.0,1.390851955,0.999903361,6.6,6586.911732,81.58333333333333,4.316416666666666
1994-10-19,4187,10.0,2.054794521,1.644913408,0.10828754,,6181.787857,6.625,7.82875
1994-10-20,4188,0.25,2.054794521,1.484597765,0.646689687,,6419.613294,43.916666666666664,8.649583333333334
1994-10-21,4189,17.0,2.054794521,2.306162011,0.406291144,,5453.578348,21.708333333333332,9.0075
1994-10-22,4190,37.75,2.054794521,9.700667598,0.262899434,,2456.488227,15.416666666666666,8.818208333333333
1994-10-23,4191,8.75,2.054794521,10.06282961,0.860890779,,2589.80365,56.666666666666664,7.1009166666666665
1994-10-24,4192,16.5,2.054794521,6.962681564,0.676507567,,3450.03168,52.125,6.162916666666667
1994-10-25,4193,24.0,2.054794521,11.45297765,0.590855277,5.9,2623.275075,46.583333333333336,5.879208333333334
1994-10-26,4194,38.75,4.109589041,27.25159777,0.417653862,,1419.036288,26.583333333333332,5.262291666666667
1994-10-27,4195,12.5,4.109589041,18.21836313,0.496564335,,1858.181888,36.5,5.1003750000000005
1994-10-28,4196,5.5,4.109589041,10.40367318,0.88458108,,2710.018028,80.08333333333333,4.91425
1994-10-29,4197,44.0,4.109589041,16.55301117,0.534853788,,1903.882316,38.875,7.240916666666667
1994-10-30,4198,36.0,4.109589041,36.22630726,0.53604566,,954.6111701,24.041666666666668,10.002916666666666
1994-10-31,4199,27.25,4.109589041,26.40436592,0.533949051,,1395.247673,21.0,7.695458333333334
1994-11-01,4200,0.5,4.109589041,12.20332123,0.793128365,6.3,2441.645956,59.125,5.527416666666666
1994-11-02,4201,1.5,2.739726027,7.214656425,0.371139072,,3311.875824,22.041666666666668,5.4258750000000004
1994-11-03,4202,13.25,2.739726027,6.813150838,0.146982887,,3428.982237,4.25,9.956249999999999
1994-11-04,4203,0.0,0.0,5.879941341,0.636574517,,3650.18848,43.125,7.839791666666667
1994-11-05,4204,0.0,0.0,4.561969274,0.495089375,,4125.138277,47.833333333333336,6.901958333333333
1994-11-06,4205,0.0,0.0,3.761346369,0.803323694,,4484.938598,65.58333333333333,6.080333333333333
1994-11-07,4206,4.5,2.739726027,3.351368715,0.11135959,,4718.155874,5.958333333333333,7.199208333333334
1994-11-08,4207,15.75,2.739726027,3.934357542,0.130373603,6.5,4456.832396,3.7083333333333335,9.007083333333332
1994-11-09,4208,7.25,0.95890411,6.974421788,0.340824065,,3334.92674,24.5,9.322916666666666
1994-11-10,4209,1.25,0.95890411,4.811907821,0.129387522,,4028.69785,10.416666666666666,8.525416666666667
1994-11-11,4210,3.5,0.95890411,4.072726257,0.124920066,,4348.255026,7.833333333333333,8.03625
1994-11-12,4211,17.25,0.95890411,8.853108939,0.132119394,,2953.867116,10.541666666666666,8.038291666666668
1994-11-13,4212,54.5,0.95890411,26.25807821,0.212127785,,1137.071928,6.791666666666667,10.426166666666667
1994-11-14,4213,20.25,0.95890411,31.01472905,0.543215316,,1071.539644,9.708333333333334,9.843333333333334
1994-11-15,4214,6.25,0.95890411,9.626681564,0.569966873,6.0,2840.154092,21.125,6.997375000000001
1994-11-16,4215,13.75,2.054794521,8.335106145,0.405397874,,3089.675838,25.583333333333332,6.1044583333333335
1994-11-17,4216,3.5,2.054794521,6.95850838,0.437484121,,3377.22234,22.458333333333332,5.956291666666666
1994-11-18,4217,14.5,2.054794521,7.276625698,0.446340436,,3341.901681,27.166666666666668,9.821250000000001
1994-11-19,4218,17.5,2.054794521,10.97969832,0.226052183,,2679.288474,9.75,10.802916666666667
1994-11-20,4219,38.5,2.054794521,31.92956145,0.262953112,,1063.14155,13.791666666666666,8.855
1994-11-21,4220,0.0,0.0,10.35819553,0.475143619,5.9,2700.898916,39.166666666666664,7.400291666666667
1994-11-22,4221,1.25,2.591872244,6.630988827,0.327882911,,3456.536868,13.166666666666666,9.366666666666667
1994-11-23,4222,0.75,4.402160403,5.029818436,0.436003121,,3945.548919,18.333333333333332,9.304166666666667
1994-11-24,4223,2.0,1.905795726,4.12722905,0.161784466,,4311.053351,8.375,9.444166666666666
1994-11-25,4224,2.5,2.259433127,3.468594972,0.17532333,,4644.705454,5.125,8.878333333333334
1994-11-26,4225,1.0,2.583444478,3.158296089,0.207557955,,4830.960247,22.208333333333332,8.484166666666667
1994-11-27,4226,0.5,4.014775504,2.883041899,0.037147266,,5008.335663,13.708333333333334,6.420958333333334
1994-11-28,4227,0.25,3.495059652,2.556829609,0.228542487,,5251.958427,36.916666666666664,3.0399583333333333
1994-11-29,4228,0.0,0.0,2.322678771,0.114218895,6.1,5451.687742,7.916666666666667,3.3977083333333336
1994-11-30,4229,0.0,0.0,2.136192737,0.081989656,,5628.145062,7.083333333333333,4.306875
1994-12-01,4230,0.25,6.712328767,1.987416201,0.083056912,,5785.061106,5.041666666666667,5.783916666666666
1994-12-02,4231,0.0,0.0,1.856287709,0.187666051,,5932.150911,8.875,7.058625
1994-12-03,4232,17.5,6.712328767,3.364541899,0.305224921,,4647.987533,16.25,7.0249999999999995
1994-12-04,4233,38.75,6.712328767,16.3351257,0.341713191,,1957.116892,11.708333333333334,5.277958333333333
1994-12-05,4234,13.5,6.712328767,10.44439944,0.315918229,,2717.248466,7.166666666666667,3.6822083333333335
1994-12-06,4235,15.0,6.712328767,8.248374302,0.49292099,5.9,3249.018698,27.333333333333332,3.9989166666666667
1994-12-07,4236,10.0,10.95890411,10.88175419,0.360359584,,2539.844031,20.0,2.8909583333333333
1994-12-08,4237,19.5,10.95890411,16.21347486,0.370524487,,2009.319891,12.583333333333334,4.42875
1994-12-09,4238,0.0,0.0,7.623125698,0.269548856,,3216.044631,29.25,3.9614166666666666
1994-12-10,4239,12.25,10.95890411,6.568089385,0.245446122,,3500.216554,4.541666666666667,8.991249999999999
1994-12-11,4240,11.75,10.95890411,6.692027933,0.246202113,,3473.503237,6.125,9.62
1994-12-12,4241,7.75,10.95890411,7.185519553,0.196129029,,3349.672519,5.333333333333333,9.462916666666667
1994-12-13,4242,26.25,10.95890411,16.13677374,0.17368482,6.9,1891.486775,6.916666666666667,6.5456666666666665
1994-12-14,4243,0.0,0.0,9.773094972,0.115339443,,2794.88076,44.041666666666664,0.4736666666666667
1994-12-15,4244,8.5,6.02739726,6.711460894,0.22871871,,3458.368315,8.125,3.672541666666667
1994-12-16,4245,1.75,6.02739726,6.046969274,0.240043758,,3609.011414,29.083333333333332,3.1370416666666667
1994-12-17,4246,31.25,6.02739726,9.956865922,0.305970993,,2670.120774,3.0416666666666665,6.834875
1994-12-18,4247,13.25,6.02739726,15.40146369,0.231873608,,2045.835238,25.541666666666668,2.47775
1994-12-19,4248,7.75,6.02739726,9.18972905,0.277347681,,2928.226636,18.166666666666668,1.6902916666666667
1994-12-20,4249,9.75,6.02739726,7.88548324,0.074038892,6.8,3194.44015,15.625,1.8515833333333334
1994-12-21,4250,0.0,0.0,6.521002793,0.004897519,,3486.170378,24.958333333333332,0.8560833333333333
1994-12-22,4251,0.25,12.05479452,5.04223743,0.165953205,,3943.210166,51.166666666666664,-0.661125
1994-12-23,4252,0.0,0.0,4.085798883,0.300952808,,4326.792001,38.333333333333336,0.9610416666666666
1994-12-24,4253,14.0,12.05479452,4.258357542,0.257861706,,4293.279266,14.75,3.785083333333333
1994-12-25,4254,14.0,12.05479452,7.737536313,0.17481886,,3217.004532,7.208333333333333,5.380458333333333
1994-12-26,4255,71.5,12.05479452,33.31299721,0.194227805,,862.6973473,3.4583333333333335,4.39
1994-12-27,4256,126.5,12.05479452,96.2892905,0.339514732,,-33.68652,6.166666666666667,9.01
1994-12-28,4257,75.25,12.05479452,74.65459777,0.320935325,,197.9712778,6.166666666666667,9.7325
1994-12-29,4258,11.25,12.05479452,17.7674581,0.414273014,,1874.131985,12.416666666666666,4.250041666666667
1994-12-30,4259,31.5,12.05479452,27.2923743,0.391510213,,1337.555192,6.375,3.1066249999999997
1994-12-31,4260,4.5,12.05479452,11.1252067,0.152885228,,2605.281683,22.083333333333332,0.019666666666666666
1995-01-01,4261,1.5,12.05479452,7.007656425,0.069886615,,3356.341854,18.541666666666668,-1.23925
1995-01-02,4262,0.0,0.0,4.879734637,0.0,,3996.854627,41.791666666666664,-2.9378333333333333
1995-01-03,4263,0.0,0.0,3.916407821,0.0,6.5,4408.883396,31.708333333333332,-2.6845
1995-01-04,4264,16.5,5.479452055,4.10251676,0.20007146,,4365.610385,4.166666666666667,2.692458333333333
1995-01-05,4265,25.0,5.479452055,14.8442933,0.304689114,,2159.603288,18.5,5.48875
1995-01-06,4266,3.5,5.479452055,7.953360335,0.087452279,,3142.269942,21.375,2.319875
1995-01-07,4267,9.75,5.479452055,6.625256983,0.287632945,,3487.22081,13.458333333333334,5.850833333333333
1995-01-08,4268,16.5,5.479452055,12.10507542,0.307736642,,2476.156837,27.666666666666668,4.920958333333333
1995-01-09,4269,14.25,5.479452055,7.668905028,0.295412656,,3250.400364,5.166666666666667,4.6622916666666665
1995-01-10,4270,73.75,5.479452055,41.15378212,0.314695512,7.5,603.6140241,9.166666666666666,6.00025
1995-01-11,4271,0.0,0.0,17.83493296,0.173573023,,1751.472939,45.041666666666664,0.6965
1995-01-12,4272,0.25,1.917808219,7.876835196,0.17967516,,3160.792798,44.333333333333336,-0.5713750000000001
1995-01-13,4273,20.5,1.917808219,8.446927374,0.303367076,,3093.343454,18.458333333333332,4.126625
1995-01-14,4274,20.5,1.917808219,13.3243743,0.290238155,,2342.453866,13.583333333333334,5.817
1995-01-15,4275,9.0,1.917808219,13.27386872,0.372030305,,2353.548686,12.916666666666666,5.4595416666666665
1995-01-16,4276,6.5,1.917808219,8.544092179,0.598466037,,3050.36296,9.583333333333334,4.26575
1995-01-17,4277,21.25,1.917808219,12.32303631,0.147638278,6.9,2380.596926,6.375,0.7610833333333334
1995-01-18,4278,0.25,20.54794521,8.661318436,0.04423559,,2999.885435,43.291666666666664,-0.26775
1995-01-19,4279,15.75,20.54794521,8.406553073,0.089327363,,3078.70908,7.416666666666667,0.40891666666666665
1995-01-20,4280,5.0,20.54794521,7.796111732,0.295312682,,3198.634578,24.333333333333332,0.8114166666666667
1995-01-21,4281,29.25,20.54794521,14.51353073,0.465858587,,2119.222197,7.833333333333333,1.7543333333333333
1995-01-22,4282,6.25,20.54794521,9.460860335,0.374930222,,2867.302869,16.041666666666668,0.7893333333333333
1995-01-23,4283,6.25,20.54794521,8.150053073,0.551335121,,3156.121517,10.875,1.6632083333333334
1995-01-24,4284,4.5,20.54794521,7.982120112,0.350529017,8.7,3153.112076,25.583333333333332,1.6290833333333332
1995-01-25,4285,50.0,4.383561644,26.56546089,0.090316541,,1007.684688,4.166666666666667,2.6401666666666666
1995-01-26,4286,2.25,4.383561644,17.14442179,0.0,,1769.119763,27.833333333333332,-0.294875
1995-01-27,4287,32.5,4.383561644,35.87847486,0.117866542,,671.0992049,4.0,1.8806666666666667
1995-01-28,4288,36.25,4.383561644,28.80251397,0.486091573,,1249.965122,16.333333333333332,4.524375
1995-01-29,4289,5.75,4.383561644,17.40698045,0.39298559,,1872.006606,28.583333333333332,3.8026666666666666
1995-01-30,4290,4.5,4.383561644,8.910351955,0.442835106,,2972.298937,67.95833333333333,0.039708333333333325
1995-01-31,4291,50.25,4.383561644,25.01185475,0.248882143,7.3,1258.032592,6.541666666666667,7.489249999999999
1995-02-01,4292,6.0,2.054794521,18.47551676,0.235194483,,1711.703159,16.833333333333332,3.7920833333333337
1995-02-02,4293,0.25,2.054794521,9.046634078,0.743326977,,2939.363321,52.0,2.0961250000000002
1995-02-03,4294,6.5,2.054794521,7.326326816,0.461222552,,3302.575851,35.625,6.034583333333333
1995-02-04,4295,0.25,2.054794521,5.564840782,0.269598913,,3768.666126,21.375,4.604583333333333
1995-02-05,4296,12.25,2.054794521,5.375011173,0.280416714,,3871.054359,13.625,6.5637083333333335
1995-02-06,4297,3.25,2.054794521,5.811863128,0.566688247,,3671.527954,32.041666666666664,6.099374999999999
1995-02-07,4298,3.75,2.054794521,4.658203911,0.357611952,6.7,4101.010464,16.208333333333332,5.42425
1995-02-08,4299,4.75,2.602739726,4.593444134,0.151710165,,4122.023953,13.75,2.473708333333333
1995-02-09,4300,3.0,2.602739726,4.195055866,0.058057291,,4307.193382,8.791666666666666,-0.7444999999999999
1995-02-10,4301,7.0,2.602739726,5.30698324,0.125465944,,3864.356943,9.916666666666666,2.6981249999999997
1995-02-11,4302,42.5,2.602739726,25.23104749,0.291040533,,1124.950269,6.166666666666667,5.406041666666667
1995-02-12,4303,34.5,2.602739726,21.20618715,0.757480515,,1638.973438,39.375,4.859541666666667
1995-02-13,4304,24.75,2.602739726,33.98467877,0.472131181,,972.9785049,28.208333333333332,4.532958333333333
1995-02-14,4305,13.75,2.602739726,13.61599441,0.64671585,6.4,2337.017767,30.916666666666668,4.987541666666666
1995-02-15,4306,14.5,11.36986301,11.46874022,0.649621865,,2589.934283,23.666666666666668,3.7317083333333336
1995-02-16,4307,23.5,11.36986301,14.10294972,0.621795372,,2212.201813,15.875,3.1937083333333334
1995-02-17,4308,9.75,11.36986301,12.03481006,0.739837352,,2505.413229,44.375,1.8419583333333334
1995-02-18,4309,35.75,11.36986301,21.48387989,0.565828733,,1479.605181,35.041666666666664,3.1460000000000004
1995-02-19,4310,20.5,11.36986301,25.17058659,0.464577079,,1353.869436,28.375,3.2256250000000004
1995-02-20,4311,22.75,11.36986301,16.13835754,0.475071036,,2115.703368,29.416666666666668,2.6828333333333334
1995-02-21,4312,11.25,11.36986301,16.05139944,0.672904798,7.7,2030.216565,70.625,1.4258749999999998
1995-02-22,4313,17.25,8.767123288,14.05279609,0.359940003,,2282.532134,5.25,2.596833333333333
1995-02-23,4314,14.25,8.767123288,11.65768994,0.372415374,,2572.129107,41.333333333333336,0.8974166666666666
1995-02-24,4315,13.75,8.767123288,10.55601955,0.358847255,,2762.612492,37.75,1.888625
1995-02-25,4316,2.5,8.767123288,11.17329888,0.582988469,,2586.179592,74.75,0.9514166666666667
1995-02-26,4317,0.5,8.767123288,7.335703911,0.756142093,,3292.330309,90.75,0.16279166666666667
1995-02-27,4318,9.75,8.767123288,7.427891061,0.45127386,,3287.254913,31.291666666666668,4.1038749999999995
1995-02-28,4319,9.0,8.767123288,6.42524581,0.364706914,7.1,3546.423498,10.208333333333334,6.330208333333334
1995-03-01,4320,29.75,9.315068493,17.93478771,0.577397599,,1913.735334,54.75,0.6161249999999999
1995-03-02,4321,4.75,9.315068493,8.606463687,0.059186373,,3024.183062,56.75,-1.6510833333333332
1995-03-03,4322,6.5,9.315068493,6.25502514,0.097657575,,3561.007645,58.916666666666664,-2.4138333333333333
1995-03-04,4323,3.75,9.315068493,4.995050279,0.106722265,,3971.970139,66.625,-1.7207916666666667
1995-03-05,4324,12.0,9.315068493,7.943731844,0.416615413,,3170.733337,49.708333333333336,1.1065416666666665
1995-03-06,4325,5.5,9.315068493,5.921773743,0.194671562,,3652.524224,84.16666666666667,-0.4990833333333333
1995-03-07,4326,5.5,9.315068493,4.932603352,0.066747322,7.9,3987.839799,92.16666666666667,-1.0310833333333334
1995-03-08,4327,4.5,11.23287671,4.516391061,0.273540274,,4156.340975,80.45833333333333,0.034416666666666686
1995-03-09,4328,1.75,11.23287671,4.496731844,0.241315637,,4195.462776,51.208333333333336,1.39025
1995-03-10,4329,0.0,0.0,11.00559218,0.934695653,,2660.150371,74.79166666666667,4.782708333333333
1995-03-11,4330,2.5,11.23287671,15.12409777,0.362599412,,2181.713388,35.083333333333336,4.4199166666666665
1995-03-12,4331,0.5,11.23287671,8.597689944,1.516491989,,3022.653811,145.5,3.464375
1995-03-13,4332,9.25,11.23287671,6.344949721,1.999184121,,3541.154704,159.125,5.428208333333333
1995-03-14,4333,28.0,11.23287671,6.005212291,0.556794863,7.3,3648.929839,49.0,3.2117083333333336
1995-03-15,4334,4.25,14.79452055,5.002617318,0.558412809,,3957.895011,84.58333333333333,-0.11462500000000002
1995-03-16,4335,29.0,14.79452055,5.067276536,0.758786132,,4082.771629,68.04166666666667,2.2567916666666665
1995-03-17,4336,40.25,14.79452055,8.89725419,0.925328111,,2900.975343,50.833333333333336,2.9346666666666668
1995-03-18,4337,21.0,14.79452055,5.516698324,1.139740126,,3793.962053,73.58333333333333,2.2328333333333332
1995-03-19,4338,6.75,14.79452055,5.201572626,1.224369544,,3894.091936,131.375,0.7266666666666667
1995-03-20,4339,4.0,14.79452055,4.443888268,0.408076576,,4180.923621,68.41666666666667,0.6319583333333333
1995-03-21,4340,0.5,14.79452055,3.895918994,0.849913023,7.2,4421.962231,75.91666666666667,1.9175416666666667
1995-03-22,4341,0.0,0.0,3.385432961,2.133453004,,4691.634618,164.625,4.205625
1995-03-23,4342,0.25,2.739726027,3.042226257,3.571637302,,4906.756029,196.66666666666666,6.98875
1995-03-24,4343,2.25,2.739726027,2.992298883,1.695912912,,4943.885086,140.45833333333334,5.065166666666667
1995-03-25,4344,7.25,2.739726027,3.088986034,1.023350861,,4874.650604,69.66666666666667,5.221
1995-03-26,4345,28.25,2.739726027,4.88252514,0.472983807,,3970.442202,20.041666666666668,4.825458333333333
1995-03-27,4346,6.25,2.739726027,9.539924581,1.565492505,,2526.252314,193.16666666666666,0.27608333333333335
1995-03-28,4347,40.0,2.739726027,24.87119832,0.192422009,7.1,1186.450281,31.958333333333332,1.6395
1995-03-29,4348,0.0,0.0,10.24790782,2.217947239,,2693.218055,229.875,0.2906666666666667
1995-03-30,4349,0.75,2.876712329,6.295248603,1.001174985,,3549.076506,81.70833333333333,3.868916666666667
1995-03-31,4350,3.25,2.876712329,5.190335196,0.752027888,,3896.541339,42.291666666666664,7.711375
1995-04-01,4351,1.25,2.876712329,4.425209497,1.551986348,,4184.901034,99.08333333333333,9.09375
1995-04-02,4352,0.0,0.0,3.64052514,2.911830391,,4546.499967,210.45833333333334,8.350666666666667
1995-04-03,4353,2.0,2.876712329,3.288846369,0.821923041,,4752.708371,75.20833333333333,5.460625
1995-04-04,4354,0.0,0.0,2.955921788,1.595766156,7.1,4958.006857,116.04166666666667,6.970291666666667
1995-04-05,4355,8.25,2.191780822,2.852321229,0.6737136,,5048.827111,46.125,6.216374999999999
1995-04-06,4356,0.5,2.191780822,2.797944134,3.125048948,,5052.412871,200.79166666666666,8.951083333333333
1995-04-07,4357,0.25,2.191780822,2.423539106,2.096575724,,5363.106648,158.375,7.591166666666666
1995-04-08,4358,0.0,0.0,2.22903352,0.764590843,,5540.056035,58.5,5.6392500000000005
1995-04-09,4359,0.0,0.0,2.06097486,2.08839383,,5704.847089,154.375,5.7776250000000005
1995-04-10,4360,1.75,2.191780822,1.935930168,2.487174546,,5839.636941,168.54166666666666,6.7860000000000005
1995-04-11,4361,0.0,0.0,1.766865922,2.465343477,6.7,6040.358148,193.375,5.9604583333333325
1995-04-12,4362,0.0,0.0,1.648307263,3.62195233,,6193.585022,232.25,6.583291666666667
1995-04-13,4363,0.0,0.0,1.540910615,3.66837504,,6347.222721,243.54166666666666,7.341208333333333
1995-04-14,4364,0.0,0.0,1.452192737,3.426191184,,6482.262233,223.58333333333334,8.690291666666667
1995-04-15,4365,0.0,0.0,1.370941341,2.024032294,,6615.775827,137.375,5.515291666666666
1995-04-16,4366,1.75,3.698630137,1.327399441,0.806053101,,6695.018993,73.16666666666667,4.655333333333333
1995-04-17,4367,39.25,3.698630137,5.000731844,0.487405197,,3525.05605,27.208333333333332,5.086083333333334
1995-04-18,4368,7.5,3.698630137,4.704486034,2.300400033,7.6,3974.159969,227.875,1.4535
1995-04-19,4369,1.25,2.876712329,2.722927374,1.707650444,,5109.448401,181.91666666666666,0.10395833333333333
1995-04-20,4370,2.25,2.876712329,2.295,1.515082766,,5476.453468,155.91666666666666,0.37012500000000004
1995-04-21,4371,0.5,2.876712329,2.094938547,1.588843836,,5667.782893,171.75,2.1140416666666666
1995-04-22,4372,11.25,2.876712329,2.317399441,0.307005802,,5475.3432,25.458333333333332,1.1619166666666667
1995-04-23,4373,1.5,2.876712329,2.582170391,1.733356027,,5213.230106,126.54166666666667,5.099208333333333
1995-04-24,4374,0.75,2.876712329,2.091645251,1.621496313,,5669.702931,122.66666666666667,6.096875
1995-04-25,4375,0.0,0.0,1.877656425,3.632395452,7.0,5901.933947,206.20833333333334,10.361708333333334
1995-04-26,4376,0.0,0.0,1.704871508,2.998101763,,6117.5179,202.58333333333334,7.020125
1995-04-27,4377,0.0,0.0,1.553631285,2.789566578,,6325.060983,243.16666666666666,3.4414583333333333
1995-04-28,4378,0.0,0.0,1.429039106,3.328615071,,6516.941265,253.79166666666666,4.480416666666667
1995-04-29,4379,1.5,8.073427719,1.384717877,0.353656061,,6596.664829,29.833333333333332,4.858833333333333
1995-04-30,4380,0.25,8.496391737,1.292405028,3.125561806,,6747.119399,206.66666666666666,9.286
1995-05-01,4381,0.0,0.0,1.189181564,3.414387605,,6952.415329,202.08333333333334,10.228083333333332
1995-05-02,4382,0.0,0.0,1.135256983,4.284495457,6.8,7061.233179,235.375,12.444333333333333
1995-05-03,4383,0.0,0.0,1.064036313,5.436229274,,7215.525653,272.7916666666667,14.87375
1995-05-04,4384,0.0,0.0,0.977430168,6.133336952,,7425.277566,291.6666666666667,16.080416666666668
1995-05-05,4385,0.0,0.0,0.904575419,5.649996372,,7619.479334,273.5,15.615833333333333
1995-05-06,4386,0.0,0.0,0.846075419,6.29034464,,7789.130386,291.9583333333333,15.549583333333333
1995-05-07,4387,0.0,0.0,0.789837989,4.651500862,,7971.650225,245.875,12.346666666666666
1995-05-08,4388,0.0,0.0,0.75227933,1.192047716,,8096.472025,69.29166666666667,6.356458333333333
1995-05-09,4389,0.0,0.0,0.719748603,2.329914744,6.7,8213.890449,173.29166666666666,5.106875
1995-05-10,4390,1.5,6.164383562,0.697826816,2.831556258,,8301.713707,208.54166666666666,5.5760000000000005
1995-05-11,4391,4.5,6.164383562,0.773170391,0.748086696,,8028.326639,74.375,1.949625
1995-05-12,4392,3.75,6.164383562,0.715022346,1.606463749,,8234.88538,145.41666666666666,1.4588333333333334
1995-05-13,4393,0.0,0.0,0.682868715,2.185407567,,8352.143051,187.70833333333334,2.2451250000000003
1995-05-14,4394,0.0,0.0,0.658583799,2.962910298,,8452.717329,238.70833333333334,4.256583333333333
1995-05-15,4395,0.25,6.164383562,0.653430168,3.71735523,6.6,8475.526169,263.0,6.045416666666667
1995-05-16,4396,7.5,1.232876712,0.666603352,0.580921318,,8431.937931,42.041666666666664,4.0615
1995-05-17,4397,22.75,1.232876712,2.652209497,0.727986944,,5031.93033,61.958333333333336,1.9982916666666668
1995-05-18,4398,5.75,1.232876712,1.237349162,3.029855171,,6790.777377,234.58333333333334,4.126458333333333
1995-05-19,4399,4.5,1.232876712,1.354701117,3.316529712,,6616.585666,241.29166666666666,6.1209999999999996
1995-05-20,4400,0.0,0.0,0.973432961,1.635540586,,7415.54936,116.41666666666667,6.394166666666667
1995-05-21,4401,0.0,0.0,0.855075419,2.721090246,,7761.752133,165.70833333333334,8.58025
1995-05-22,4402,0.0,0.0,0.817843575,3.034033438,,7885.543159,177.83333333333334,10.410666666666666
1995-05-23,4403,0.0,0.0,0.804494413,3.307573498,6.8,7926.141379,178.08333333333334,12.191249999999998
1995-05-24,4404,7.0,4.383561644,0.824203911,1.003391927,,7872.301744,66.75,9.557541666666667
1995-05-25,4405,4.0,4.383561644,0.823550279,2.849449101,,7866.136952,183.70833333333334,8.768708333333334
1995-05-26,4406,2.0,4.383561644,0.843888268,2.261735942,,7800.498621,127.54166666666667,9.230958333333334
1995-05-27,4407,11.0,4.383561644,0.970642458,1.613513542,,7472.801117,94.91666666666667,10.129166666666666
1995-05-28,4408,3.0,4.383561644,1.062829609,2.27357911,,7194.887271,128.83333333333334,9.834999999999999
1995-05-29,4409,20.75,4.383561644,2.408656425,1.311480564,,5191.114721,90.91666666666667,8.935416666666667
1995-05-30,4410,1.75,4.383561644,2.118041899,2.055450899,,5575.12129,131.91666666666666,8.7325
1995-05-31,4411,0.0,0.0,1.354776536,2.199202479,6.9,6622.656563,152.5,8.393583333333334
1995-06-01,4412,1.5,1.095890411,1.208463687,2.099444477,,6910.953692,125.0,7.7437499999999995
1995-06-02,4413,0.5,1.095890411,1.143377095,2.643971221,,7049.866146,165.5,8.327250000000001
1995-06-03,4414,25.5,1.095890411,2.813153631,1.941691367,,5049.57152,120.91666666666667,9.415000000000001
1995-06-04,4415,1.75,1.095890411,2.989307263,2.771447239,,4861.158639,178.75,7.777374999999999
1995-06-05,4416,0.0,0.0,1.954558659,2.791481249,,5797.527071,182.41666666666666,7.498208333333333
1995-06-06,4417,3.25,1.095890411,1.69496648,1.970329126,6.6,6139.160106,103.45833333333333,10.210416666666667
1995-06-07,4418,5.0,3.561643836,1.834064246,3.588346671,,5949.85815,229.41666666666666,8.834
1995-06-08,4419,0.75,3.561643836,1.505187151,3.307952959,,6396.836918,257.2916666666667,6.777833333333334
1995-06-09,4420,0.0,0.0,1.387784916,4.675613977,,6585.94964,311.4166666666667,8.827416666666666
1995-06-10,4421,0.25,3.561643836,1.332955307,2.008132056,,6681.75592,109.5,8.88725
1995-06-11,4422,3.0,3.561643836,1.297131285,1.407738526,,6751.403726,88.91666666666667,8.345958333333334
1995-06-12,4423,0.0,0.0,1.231868715,2.75691133,,6862.082052,177.83333333333334,7.584875
1995-06-13,4424,0.0,0.0,1.161427374,2.324099281,6.6,7009.755917,154.5,7.906375000000001
1995-06-14,4425,0.0,0.0,1.142824022,2.983514616,,7046.492111,186.33333333333334,9.6105
1995-06-15,4426,0.0,0.0,1.056846369,3.984294396,,7230.740922,271.4166666666667,9.677625
1995-06-16,4427,8.0,0.95890411,0.97197486,1.953480022,,7444.204632,157.08333333333334,7.968875
1995-06-17,4428,21.5,0.95890411,3.192963687,1.560307049,,4674.670258,91.83333333333333,10.332916666666668
1995-06-18,4429,0.0,0.0,1.86822905,4.079109618,,5839.394471,276.7083333333333,10.157916666666667
1995-06-19,4430,1.0,0.95890411,1.406162011,1.44929199,,6554.561492,98.45833333333333,11.772916666666667
1995-06-20,4431,7.75,0.95890411,1.401184358,2.997609401,6.7,6573.686879,169.04166666666666,12.917499999999999
1995-06-21,4432,0.0,0.0,1.351910615,5.116998301,,6638.721242,299.5,11.810833333333333
1995-06-22,4433,0.0,0.0,1.185963687,5.914409867,,6954.198531,315.25,13.642916666666666
1995-06-23,4434,0.0,0.0,1.165022346,6.578083895,,7004.393068,336.9583333333333,15.084166666666667
1995-06-24,4435,0.0,0.0,1.104536313,4.732901114,,7126.053184,261.9583333333333,13.275
1995-06-25,4436,0.0,0.0,1.063759777,5.5267673,,7209.105678,307.4166666666667,13.438749999999999
1995-06-26,4437,0.0,0.0,0.947187151,4.173691624,,7507.634013,227.45833333333334,14.187916666666666
1995-06-27,4438,0.0,0.0,0.88426257,7.250031142,6.5,7681.572715,348.2916666666667,16.770833333333332
1995-06-28,4439,0.0,0.0,0.855150838,6.704721486,,7768.025385,325.1666666666667,18.0475
1995-06-29,4440,0.0,0.0,0.816310056,7.570535793,,7883.0778,342.0,19.78291666666667
1995-06-30,4441,0.0,0.0,0.774,7.974208556,,8022.674566,334.9583333333333,20.9675
1995-07-01,4442,0.0,0.0,0.756075419,1.334060627,,8090.355502,83.5,11.125416666666666
1995-07-02,4443,0.0,0.0,0.754667598,2.589690472,,8090.344468,125.41666666666667,11.812083333333334
1995-07-03,4444,0.0,0.0,0.726134078,4.140304109,,8192.264477,267.0,10.062791666666667
1995-07-04,4445,0.75,0.675721222,0.708913408,1.615822135,6.4,8259.156314,115.70833333333333,10.265125
1995-07-05,4446,0.0,0.0,0.706248603,4.069643642,,8263.955688,229.16666666666666,12.67875
1995-07-06,4447,5.5,2.054794521,0.720955307,2.014396981,,8218.326588,101.25,13.36625
1995-07-07,4448,1.0,2.054794521,0.683472067,4.468451592,,8347.368092,205.29166666666666,14.441666666666668
1995-07-08,4449,0.25,2.054794521,0.658684358,5.527080038,,8452.479547,249.70833333333334,16.74416666666667
1995-07-09,4450,0.0,0.0,0.639100559,6.234011451,,8534.358303,308.0833333333333,16.518333333333334
1995-07-10,4451,9.75,2.054794521,0.718592179,1.440323626,,8224.626364,71.29166666666667,15.295833333333334
1995-07-11,4452,1.5,2.054794521,0.756578212,1.349832445,6.7,8066.466071,70.875,15.669583333333334
1995-07-12,4453,0.25,2.739726027,0.692924581,5.009575348,,8313.965997,256.125,14.71125
1995-07-13,4454,0.0,0.0,0.660519553,3.511484065,,8443.423565,171.75,14.338333333333333
1995-07-14,4455,22.0,2.739726027,0.828502793,2.854972109,,7863.290931,145.625,12.748333333333333
1995-07-15,4456,13.0,2.739726027,1.130153631,2.178854582,,7121.015602,116.41666666666667,12.404583333333333
1995-07-16,4457,10.75,2.739726027,1.525650838,3.558881177,,6236.265094,190.33333333333334,13.337916666666667
1995-07-17,4458,20.25,2.739726027,1.943572626,2.528401809,,5861.339209,136.83333333333334,12.638333333333334
1995-07-18,4459,39.0,2.739726027,16.91637989,0.835218768,4.8,1868.426286,44.708333333333336,15.606250000000001
1995-07-19,4460,3.5,1.724971292,6.098606145,2.90666901,,3567.629522,148.29166666666666,17.561666666666667
1995-07-20,4461,1.0,2.466346289,3.723184358,4.415910335,,4481.649933,192.0,17.210833333333333
1995-07-21,4462,1.5,4.444858459,2.883293296,2.532695321,,4994.192664,149.66666666666666,12.9475
1995-07-22,4463,0.0,0.0,2.279513966,3.753728687,,5481.106367,226.16666666666666,10.780833333333334
1995-07-23,4464,0.0,0.0,1.973463687,4.229639804,,5792.872016,232.25,12.374583333333334
1995-07-24,4465,0.0,0.0,1.758067039,5.328169275,,6047.396522,250.0,16.165
1995-07-25,4466,0.0,0.0,1.564365922,7.412022499,6.3,6307.266941,309.0416666666667,18.450833333333332
1995-07-26,4467,0.0,0.0,1.431502793,3.348327065,,6515.574607,165.79166666666666,15.929166666666667
1995-07-27,4468,0.0,0.0,1.345223464,4.674842851,,6660.491523,219.70833333333334,15.990416666666667
1995-07-28,4469,3.0,5.982120371,1.318927374,1.79589154,,6708.250584,99.125,15.484166666666667
1995-07-29,4470,0.0,0.0,1.217287709,5.229031594,,6890.129679,238.625,16.719583333333333
1995-07-30,4471,9.25,1.060647755,1.292027933,3.080484607,,6766.928579,159.95833333333334,17.07875
1995-07-31,4472,12.75,8.836867512,1.311460894,6.041097179,6.8,6776.636126,264.4583333333333,19.74625
1995-08-01,4473,0.0,0.0,1.729709497,5.580077614,,6010.171468,249.58333333333334,21.152083333333334
1995-08-02,4474,0.0,0.0,1.206603352,5.266636304,,6906.855738,234.16666666666666,20.8375
1995-08-03,4475,0.0,0.0,1.122335196,6.581134702,,7086.908233,288.6666666666667,19.865
1995-08-04,4476,0.0,0.0,1.077636872,4.8155922,,7200.190401,241.45833333333334,16.421666666666667
1995-08-05,4477,0.0,0.0,1.051918994,5.523749215,,7239.879687,285.0416666666667,15.280416666666667
1995-08-06,4478,0.0,0.0,0.973181564,6.070366114,,7438.381478,283.5833333333333,17.235
1995-08-07,4479,0.0,0.0,0.964860335,3.433144191,,7467.984021,185.83333333333334,14.583333333333334
1995-08-08,4480,0.0,0.0,0.922223464,4.994569157,6.4,7571.251408,280.3333333333333,12.984166666666667
1995-08-09,4481,0.0,0.0,0.878555866,5.728019188,,7699.91075,292.875,14.55625
1995-08-10,4482,0.0,0.0,0.853843575,6.076092266,,7770.689888,275.25,18.05375
1995-08-11,4483,0.0,0.0,0.831217877,6.066689232,,7841.678163,252.375,19.499583333333334
1995-08-12,4484,2.5,2.139958349,0.847634078,2.295199423,,7799.184194,106.08333333333333,15.594999999999999
1995-08-13,4485,1.25,1.355596555,0.854899441,2.959034447,,7771.294489,147.375,12.858333333333334
1995-08-14,4486,0.0,0.0,0.837402235,2.247233983,,7815.531001,124.5,13.184583333333334
1995-08-15,4487,0.0,0.0,0.783226257,4.707790843,6.3,7991.942362,227.70833333333334,16.122083333333332
1995-08-16,4488,0.25,3.311063507,0.743354749,5.041121874,,8127.304615,225.79166666666666,18.460416666666667
1995-08-17,4489,0.0,0.0,0.714946927,5.114850788,,8234.669232,228.29166666666666,19.386666666666667
1995-08-18,4490,0.0,0.0,0.698555866,4.992701237,,8293.963863,221.20833333333334,19.106666666666666
1995-08-19,4491,0.0,0.0,0.678921788,4.503727239,,8372.127882,208.04166666666666,19.47458333333333
1995-08-20,4492,0.0,0.0,0.661324022,4.980951002,,8441.424666,215.125,20.56083333333333
1995-08-21,4493,0.0,0.0,0.639150838,5.749004559,,8530.186343,227.375,20.917083333333334
1995-08-22,4494,0.0,0.0,0.624695531,5.714629071,6.4,8598.794057,233.33333333333334,19.461666666666666
1995-08-23,4495,3.5,2.602739726,0.637114525,4.182867626,,8544.511586,214.875,14.560416666666667
1995-08-24,4496,5.5,2.602739726,0.64722067,1.362556464,,8508.143291,80.54166666666667,14.182916666666666
1995-08-25,4497,0.0,0.0,0.640357542,2.561397938,,8522.695856,98.83333333333333,13.849166666666667
1995-08-26,4498,6.75,2.602739726,0.66672905,1.590294159,,8424.611834,101.54166666666667,13.225416666666668
1995-08-27,4499,0.25,2.602739726,0.641061453,1.971669146,,8511.758659,111.0,10.167083333333332
1995-08-28,4500,0.0,0.0,0.597268156,3.376735227,,8719.23796,190.41666666666666,10.086666666666668
1995-08-29,4501,2.0,2.602739726,0.607877095,1.410885186,6.5,8678.111608,71.41666666666667,12.995
1995-08-30,4502,0.0,0.0,0.60601676,1.685810365,,8677.176162,90.875,13.220833333333333
1995-08-31,4503,0.0,0.0,0.582209497,3.194109847,,8784.096355,165.70833333333334,14.242916666666666
1995-09-01,4504,0.0,0.0,0.560413408,2.386024356,,8896.844521,137.375,13.666666666666666
1995-09-02,4505,7.75,1.780821918,0.631005587,2.507594535,,8573.762011,151.66666666666666,10.768333333333333
1995-09-03,4506,4.25,1.780821918,0.617128492,1.67079312,,8635.723748,108.04166666666667,9.807083333333333
1995-09-04,4507,3.75,1.780821918,0.616952514,1.007016897,,8634.156487,70.25,9.638333333333334
1995-09-05,4508,14.25,1.780821918,0.809396648,0.914263373,6.5,7934.805303,53.958333333333336,9.197916666666666
1995-09-06,4509,7.0,1.369863014,0.842631285,2.119511798,,7751.881743,102.29166666666667,11.138333333333334
1995-09-07,4510,5.5,1.369863014,1.127689944,1.414506675,,7020.649598,71.83333333333333,12.636666666666665
1995-09-08,4511,0.5,1.369863014,0.76122905,1.223099653,,8046.259295,65.58333333333333,11.370833333333332
1995-09-09,4512,0.0,0.0,0.670701117,3.009316968,,8397.365417,175.70833333333334,11.763333333333334
1995-09-10,4513,14.5,1.369863014,0.805298883,1.182663718,,7938.954966,75.95833333333333,9.710833333333333
1995-09-11,4514,0.0,0.0,0.930569832,3.262693688,,7441.308346,200.75,10.745833333333332
1995-09-12,4515,6.0,1.369863014,0.790391061,1.91753243,6.8,7969.207529,118.79166666666667,9.443166666666666
1995-09-13,4516,0.0,0.0,0.756427374,3.360488949,,8067.706677,198.91666666666666,10.656541666666667
1995-09-14,4517,4.5,1.643835616,0.718089385,0.45159977,,8228.82751,25.75,9.482083333333334
1995-09-15,4518,1.0,1.643835616,0.72374581,1.100986552,,8198.725542,72.70833333333333,9.965416666666666
1995-09-16,4519,0.0,0.0,0.687393855,1.791951941,,8338.213485,103.54166666666667,10.755416666666667
1995-09-17,4520,2.25,1.643835616,0.675553073,1.201090706,,8388.16729,67.08333333333333,11.113750000000001
1995-09-18,4521,4.5,1.643835616,0.72296648,1.193530036,,8208.102561,69.41666666666667,12.045416666666668
1995-09-19,4522,0.0,0.0,0.688650838,1.859821038,6.9,8332.220212,106.5,11.375416666666666
1995-09-20,4523,0.0,0.0,0.666452514,1.67608304,,8421.193888,105.625,9.871666666666668
1995-09-21,4524,0.0,0.0,0.648553073,3.359488307,,8494.339483,184.83333333333334,10.926250000000001
1995-09-22,4525,1.5,2.328767123,0.652374302,1.654982791,,8484.43845,85.375,10.561666666666666
1995-09-23,4526,10.0,2.328767123,0.658432961,2.876794965,,8464.099639,173.25,9.633291666666667
1995-09-24,4527,42.25,2.328767123,7.080787709,1.420818709,,2952.229634,95.5,7.879666666666666
1995-09-25,4528,24.5,2.328767123,3.023798883,1.167866759,,5304.903567,72.83333333333333,9.807458333333333
1995-09-26,4529,36.25,2.328767123,24.33207821,1.265453305,6.2,1370.28534,72.25,10.86875
1995-09-27,4530,7.0,9.452054795,6.70203352,1.498260081,,3410.532924,100.375,7.009291666666667
1995-09-28,4531,2.5,9.452054795,4.257502793,1.710294241,,4236.839407,125.25,6.5360000000000005
1995-09-29,4532,0.0,0.0,3.190952514,1.88977769,,4793.385884,130.95833333333334,7.730916666666666
1995-09-30,4533,7.25,9.452054795,2.715134078,0.994552583,,5140.777618,52.5,9.181541666666666
1995-10-01,4534,7.5,9.452054795,3.80923743,1.963371604,,4433.298358,110.29166666666667,10.307083333333333
1995-10-02,4535,4.0,9.452054795,2.647684358,1.000020246,,5177.47264,44.333333333333336,10.63625
1995-10-03,4536,7.75,9.452054795,2.749977654,0.663779583,6.7,5113.312695,25.458333333333332,11.160416666666668
1995-10-04,4537,13.0,3.150684932,5.304393855,1.17489885,,3844.939128,63.041666666666664,10.008333333333333
1995-10-05,4538,5.0,3.150684932,4.284050279,1.816818436,,4243.402236,115.91666666666667,8.972083333333332
1995-10-06,4539,18.5,3.150684932,6.691826816,0.520269309,,3385.827786,10.416666666666666,11.6275
1995-10-07,4540,29.5,3.150684932,16.34724302,0.377237303,,2056.096719,15.041666666666666,13.029166666666667
1995-10-08,4541,0.0,0.0,10.21311453,3.334664098,,2705.187504,136.875,14.97125
1995-10-09,4542,0.0,0.0,6.048301676,1.813607672,,3605.475423,68.04166666666667,12.690833333333332
1995-10-10,4543,0.0,0.0,4.414047486,1.638630012,6.8,4178.013649,101.125,10.373333333333333
1995-10-11,4544,0.0,0.0,3.570335196,1.054455313,,4584.743293,51.041666666666664,12.289166666666667
1995-10-12,4545,0.25,3.659360048,2.988804469,1.70523933,,4930.554255,96.125,12.309166666666668
1995-10-13,4546,0.25,4.79970431,2.568997207,0.827114603,,5237.474943,49.875,11.781666666666666
1995-10-14,4547,0.25,1.960457373,2.253217877,0.709811849,,5514.02176,52.291666666666664,11.551250000000001
1995-10-15,4548,3.0,10.24961136,2.085460894,0.836071433,,5678.256852,56.875,11.395833333333334
1995-10-16,4549,1.0,3.238108489,1.845326816,1.026099209,,5943.847881,53.958333333333336,10.993333333333332
1995-10-17,4550,8.5,5.618820518,1.989427374,0.691758615,6.6,5786.203517,28.25,11.5175
1995-10-18,4551,0.0,0.0,1.744290503,0.9711926,,6061.553678,58.208333333333336,7.209833333333333
1995-10-19,4552,0.0,0.0,1.607178771,0.506862207,,6252.204956,22.708333333333332,9.561666666666667
1995-10-20,4553,0.5,2.285933559,1.536863128,0.80756501,,6354.808729,55.291666666666664,9.085708333333333
1995-10-21,4554,0.0,0.0,1.454405028,1.441529163,,6479.680868,97.25,7.401416666666667
1995-10-22,4555,0.0,0.0,1.41222067,0.581686566,,6551.447375,22.333333333333332,9.155416666666666
1995-10-23,4556,0.0,0.0,1.365511173,1.007610649,,6626.538539,58.875,9.93625
1995-10-24,4557,21.5,2.257834632,2.281223464,0.413256081,6.9,5376.381092,7.041666666666667,10.949541666666667
1995-10-25,4558,6.75,8.219178082,3.548740223,1.507857134,,4547.263993,82.70833333333333,7.5025
1995-10-26,4559,7.0,8.219178082,2.319310056,0.958262061,,5461.537446,44.25,10.725833333333334
1995-10-27,4560,3.75,8.219178082,2.649444134,0.807746371,,5181.370415,60.708333333333336,6.88975
1995-10-28,4561,0.0,0.0,2.270865922,1.069553779,,5496.336033,78.08333333333333,5.65025
1995-10-29,4562,0.25,8.219178082,2.101072626,0.359878218,,5665.257559,26.375,6.0905
1995-10-30,4563,0.0,0.0,1.970321229,0.399957285,,5803.326364,31.708333333333332,8.88125
1995-10-31,4564,0.0,0.0,1.86146648,1.105542136,6.8,5927.983583,74.41666666666667,9.347083333333332
1995-11-01,4565,0.25,8.690221755,1.784790503,0.76137841,,6021.127566,58.75,7.8267500000000005
1995-11-02,4566,0.0,0.0,1.709371508,1.138037692,,6116.986995,83.16666666666667,5.917666666666666
1995-11-03,4567,0.25,4.200871053,1.640840782,0.46902856,,6207.392613,45.666666666666664,5.6705000000000005
1995-11-04,4568,0.0,0.0,1.568162011,0.774721059,,6309.062947,75.375,2.378625
1995-11-05,4569,0.0,0.0,1.514589385,0.705108762,,6388.991665,67.125,2.5648750000000002
1995-11-06,4570,0.0,0.0,1.448899441,1.201897551,,6490.478977,69.91666666666667,5.378291666666667
1995-11-07,4571,1.5,8.924674656,1.465592179,0.236609393,6.4,6468.122056,11.333333333333334,9.433
1995-11-08,4572,6.0,0.821917808,1.48872067,0.417852896,,6433.160133,25.625,9.489166666666668
1995-11-09,4573,4.75,0.821917808,1.562455307,0.093381426,,6321.332539,16.875,5.3691666666666675
1995-11-10,4574,1.0,0.821917808,1.46853352,0.105612736,,6460.018419,9.333333333333334,3.0004166666666667
1995-11-11,4575,19.25,0.821917808,4.009324022,0.100942015,,4234.807584,2.5416666666666665,7.6241666666666665
1995-11-12,4576,11.25,0.821917808,4.858013966,0.117150293,,4060.70054,4.958333333333333,9.992083333333333
1995-11-13,4577,1.75,0.821917808,4.933709497,0.784738538,,3937.992079,63.416666666666664,8.72625
1995-11-14,4578,7.5,0.821917808,3.731530726,0.516063286,6.9,4527.54719,37.708333333333336,7.378291666666667
1995-11-15,4579,15.25,4.383561644,5.834212291,0.378385515,,3617.885662,16.041666666666668,7.526416666666666
1995-11-16,4580,7.25,4.383561644,7.919195531,0.141384112,,3161.126019,21.708333333333332,2.4875000000000003
1995-11-17,4581,0.25,4.383561644,5.173667598,0.468522784,,3885.725723,78.95833333333333,-0.7178333333333334
1995-11-18,4582,0.5,4.383561644,4.018399441,0.630883479,,4360.011418,69.83333333333333,0.4467083333333333
1995-11-19,4583,2.5,4.383561644,3.535340782,0.227261564,,4608.274247,25.875,3.3702083333333337
1995-11-20,4584,0.5,4.383561644,3.072569832,0.448125594,6.9,4880.893627,22.291666666666668,3.4492499999999997
1995-11-21,4585,15.5,2.876712329,5.023307263,0.148113571,,3910.943882,5.916666666666667,6.877
1995-11-22,4586,8.0,2.876712329,5.10672067,0.338429606,,3932.578151,28.75,6.641916666666667
1995-11-23,4587,8.5,2.876712329,4.440117318,0.410223499,,4207.470007,15.541666666666666,7.612125
1995-11-24,4588,14.5,2.876712329,7.545368715,0.301095836,,3240.992809,7.791666666666667,8.025416666666667
1995-11-25,4589,4.5,2.876712329,7.179888268,0.230941832,,3335.459771,20.416666666666668,4.17675
1995-11-26,4590,3.25,2.876712329,5.563784916,0.220416719,,3772.272395,33.166666666666664,3.3080416666666665
1995-11-27,4591,9.75,2.876712329,6.179203911,0.066019718,,3604.037366,9.75,3.572416666666667
1995-11-28,4592,3.75,2.876712329,5.296877095,0.202702524,6.8,3861.180228,14.958333333333334,4.692958333333333
1995-11-29,4593,1.5,1.917808219,4.744181564,0.0,,4059.891845,3.9166666666666665,5.722291666666667
1995-11-30,4594,0.0,0.0,4.049748603,0.111979869,,4349.876102,6.291666666666667,2.4495833333333334
1995-12-01,4595,5.75,1.917808219,4.051131285,0.175367737,,4359.737985,13.833333333333334,6.170583333333333
1995-12-02,4596,4.0,1.917808219,3.82502514,0.141560895,,4467.805276,7.583333333333333,8.514583333333333
1995-12-03,4597,5.0,1.917808219,4.065938547,0.134549816,,4354.732993,12.75,8.417625
1995-12-04,4598,1.25,1.917808219,3.650078212,0.051792871,,4545.094797,6.125,2.4860416666666665
1995-12-05,4599,0.25,1.917808219,3.285905028,0.054287262,7.3,4753.238599,13.0,-1.6205416666666668
1995-12-06,4600,0.0,0.0,2.987748603,0.066248735,,4939.51766,11.166666666666666,-3.370125
1995-12-07,4601,0.0,0.0,2.695122905,0.0,,5144.32587,7.291666666666667,-4.268125
1995-12-08,4602,2.0,5.420532823,2.457678771,0.0,,5334.633263,6.166666666666667,-0.7283333333333334
1995-12-09,4603,1.5,15.47839884,2.24024581,0.234050651,,5528.205001,38.916666666666664,2.9438750000000002
1995-12-10,4604,0.5,11.29658564,2.068843575,0.13620984,,5696.878141,38.5,2.198125
1995-12-11,4605,0.0,0.0,1.908150838,0.0,,5871.611704,27.125,1.221
1995-12-12,4606,1.75,14.3647103,1.807139665,0.275503804,5.8,5999.517323,30.25,2.5101666666666667
1995-12-13,4607,0.25,4.483720192,1.854251397,0.177378056,,5934.803346,20.083333333333332,2.4465416666666666
1995-12-14,4608,2.0,3.516318689,1.748162011,0.184402518,,6066.215486,7.625,0.5612916666666666
1995-12-15,4609,0.0,0.0,1.603810056,0.257203366,,6254.99859,6.458333333333333,-0.935375
1995-12-16,4610,0.0,0.0,1.519365922,0.179633642,,6381.324301,10.625,-0.4360833333333333
1995-12-17,4611,4.5,5.466964081,1.58027933,0.041401983,,6298.136236,3.5,0.183125
1995-12-18,4612,0.0,0.0,1.524393855,0.062158041,,6370.371397,7.458333333333333,0.7917083333333333
1995-12-19,4613,4.5,16.05085936,1.596067039,0.052840981,7.1,6281.452037,4.541666666666667,0.2577916666666667
1995-12-20,4614,0.25,0.821917808,1.572385475,0.0,,6288.118258,7.833333333333333,-2.175333333333333
1995-12-21,4615,2.5,0.821917808,2.28901676,0.00453712,,5474.636189,2.6666666666666665,-0.4950833333333333
1995-12-22,4616,71.5,0.821917808,43.71837989,0.236507132,,720.0662654,7.583333333333333,6.021249999999999
1995-12-23,4617,15.75,0.821917808,23.31351955,0.023037264,,1503.057775,4.166666666666667,0.11958333333333333
1995-12-24,4618,1.25,0.821917808,8.779927374,0.002437544,,2965.390634,12.25,-1.696125
1995-12-25,4619,0.0,0.0,5.502167598,0.0,,3772.276084,17.208333333333332,-2.970708333333333
1995-12-26,4620,0.0,0.0,4.046631285,0.0,,4338.936323,12.333333333333334,-4.836833333333334
1995-12-27,4621,0.0,0.0,3.257296089,0.0,7.7,4762.024273,7.75,-5.0525
1995-12-28,4622,0.0,0.0,2.734265363,0.0,,5106.817202,8.708333333333334,-6.758833333333333
1995-12-29,4623,0.0,0.0,2.343469274,0.0,,5430.671759,12.125,-6.7584583333333335
1995-12-30,4624,0.0,0.0,2.145921788,0.021911882,,5618.767233,2.0833333333333335,-5.0878749999999995
1995-12-31,4625,0.0,0.0,1.989527933,0.039445169,,5784.985641,5.666666666666667,-1.5831666666666668
1996-01-01,4626,2.75,3.97260274,1.883664804,0.042798933,,5901.464906,8.041666666666666,0.49404166666666666
1996-01-02,4627,7.75,3.97260274,2.11276257,0.0659054,7.1,5666.115965,21.208333333333332,2.633125
1996-01-03,4628,1.25,4.383561644,2.661410615,0.178096621,,5192.616685,17.0,3.302125
1996-01-04,4629,4.25,4.383561644,3.726226257,0.199009707,,4535.657343,7.25,3.22025
1996-01-05,4630,3.5,4.383561644,3.933879888,0.082415553,,4403.867816,3.4583333333333335,4.63725
1996-01-06,4631,6.25,4.383561644,3.542882682,0.173369075,,4626.946024,7.458333333333333,3.2251666666666665
1996-01-07,4632,18.0,4.383561644,10.57266201,0.225431329,,2702.127322,16.791666666666668,5.531833333333334
1996-01-08,4633,15.5,4.383561644,9.37352514,0.148855836,,2908.068579,2.625,6.396708333333333
1996-01-09,4634,2.0,4.383561644,7.966081006,0.253562869,7.0,3133.293115,21.708333333333332,6.05975
1996-01-10,4635,2.0,3.287671233,5.690111732,0.195876461,,3725.634932,16.625,4.249833333333333
1996-01-11,4636,9.5,3.287671233,5.689960894,0.107679079,,3744.389683,3.2083333333333335,4.184583333333333
1996-01-12,4637,25.25,3.287671233,9.665748603,0.2424352,,2863.095944,8.666666666666666,6.103666666666666
1996-01-13,4638,1.5,3.287671233,11.71153911,0.401128339,,2432.437806,15.958333333333334,5.925249999999999
1996-01-14,4639,1.0,3.287671233,6.698162011,0.239956934,,3435.993856,6.291666666666667,5.998166666666666
1996-01-15,4640,0.0,0.0,4.916337989,0.182335533,,3983.261556,20.666666666666668,6.699708333333334
1996-01-16,4641,0.25,3.287671233,3.937977654,0.377045597,6.7,4396.422843,41.958333333333336,5.7395
1996-01-17,4642,0.0,0.0,3.339,0.168486371,,4716.693273,9.0,4.571750000000001
1996-01-18,4643,0.5,6.599579351,2.909589385,0.078582833,,4988.105584,4.958333333333333,4.476208333333333
1996-01-19,4644,0.0,0.0,2.582648045,0.112585246,,5230.384936,5.458333333333333,4.679958333333333
1996-01-20,4645,0.25,1.571460925,2.290625698,0.338041554,,5478.258152,30.833333333333332,1.99125
1996-01-21,4646,0.0,0.0,2.061905028,0.060082708,,5701.5181,5.333333333333333,-1.9472916666666666
1996-01-22,4647,0.0,0.0,1.888994413,0.080670877,,5894.787882,3.75,-1.7282916666666666
1996-01-23,4648,0.0,0.0,1.751103352,0.065240551,6.6,6058.012562,2.2083333333333335,-2.0978333333333334
1996-01-24,4649,0.0,0.0,1.606776536,0.040250511,,6251.243615,2.0833333333333335,-2.603
1996-01-25,4650,0.0,0.0,1.469111732,0.096376508,,6446.825917,7.875,-5.538916666666666
1996-01-26,4651,0.0,0.0,1.373631285,0.064084954,,6613.412487,14.833333333333334,-6.183958333333333
1996-01-27,4652,0.0,0.0,1.314930168,0.0,,6711.838454,9.125,-6.651458333333333
1996-01-28,4653,0.0,0.0,1.259723464,0.007626344,,6815.683284,3.4583333333333335,-3.8815416666666667
1996-01-29,4654,0.0,0.0,1.18573743,0.0,,6959.799883,3.75,-4.12325
1996-01-30,4655,0.0,0.0,1.139857542,0.0,6.6,7052.631408,3.4166666666666665,-2.7462083333333336
1996-01-31,4656,0.0,0.0,1.079798883,0.0,,7183.338748,5.041666666666667,-4.0185
1996-02-01,4657,0.0,0.0,1.020167598,0.0,,7323.720687,5.916666666666667,-4.265125
1996-02-02,4658,0.0,0.0,0.981703911,0.0,,7419.908617,5.375,-3.1473750000000003
1996-02-03,4659,2.25,7.69656401,0.942837989,0.0,,7519.958914,10.0,-1.7197500000000001
1996-02-04,4660,0.5,3.77517307,0.893539106,0.038650761,,7644.183511,11.541666666666666,-3.376
1996-02-05,4661,0.0,0.0,0.886399441,0.0,,7688.131579,1.7083333333333333,-2.950083333333333
1996-02-06,4662,0.0,0.0,0.858921788,0.0,,7752.683845,4.208333333333333,-2.285041666666667
1996-02-07,4663,0.0,0.0,0.808189944,0.0,6.6,7913.604516,6.5,-3.579875
1996-02-08,4664,0.75,8.767123288,0.810854749,0.02621098,,7906.63234,17.666666666666668,-1.2049166666666666
1996-02-09,4665,15.75,8.767123288,1.858575419,0.436777859,,5849.569445,36.458333333333336,1.8694583333333332
1996-02-10,4666,50.75,8.767123288,18.03544693,0.350969553,,1851.286034,13.166666666666666,2.7442083333333334
1996-02-11,4667,47.0,8.767123288,25.92987989,0.553880036,,1505.243602,25.5,2.7737499999999997
1996-02-12,4668,16.0,8.767123288,28.53093017,0.087120217,,1093.074402,37.375,0.8214583333333333
1996-02-13,4669,0.25,8.767123288,9.221053073,0.065736547,7.3,2879.713986,29.583333333333332,0.199875
1996-02-14,4670,2.5,11.64383562,5.583871508,0.358706318,,3744.56026,101.45833333333333,-1.3962083333333333
1996-02-15,4671,3.75,11.64383562,4.367036313,0.414820911,,4218.210716,56.458333333333336,0.9855833333333334
1996-02-16,4672,5.0,11.64383562,5.373703911,0.83747608,,3843.973792,58.708333333333336,3.7739583333333333
1996-02-17,4673,27.25,11.64383562,8.543011173,0.404325271,,2903.782179,17.791666666666668,3.2449583333333334
1996-02-18,4674,19.25,11.64383562,18.84781006,0.213946249,,1783.741643,8.208333333333334,1.1115
1996-02-19,4675,0.5,11.64383562,8.504522346,0.479414086,,3008.816492,88.41666666666667,-2.8499583333333334
1996-02-20,4676,0.5,11.64383562,5.192195531,0.0,7.8,3870.461444,87.08333333333333,-3.7784999999999997
1996-02-21,4677,0.25,2.876712329,3.890388268,0.485223397,,4419.534612,98.04166666666667,-2.3541250000000002
1996-02-22,4678,2.0,2.876712329,3.368388268,0.275780336,,4700.117657,42.166666666666664,0.533875
1996-02-23,4679,7.25,2.876712329,4.788955307,0.286808334,,3977.926091,19.75,2.0425833333333334
1996-02-24,4680,15.0,2.876712329,8.624564246,0.404783994,,3055.481036,30.458333333333332,2.092125
1996-02-25,4681,2.0,2.876712329,7.405994413,0.107518289,,3245.873262,31.5,-0.42412500000000003
1996-02-26,4682,7.0,2.876712329,5.191416201,0.0,,3888.080018,30.041666666666668,-0.3485833333333333
1996-02-27,4683,1.5,2.876712329,4.289304469,0.396617742,7.6,4244.535721,122.33333333333333,1.0699583333333333
1996-02-28,4684,0.0,0.0,3.662849162,0.859593476,,4536.624474,117.375,1.6861249999999999
1996-02-29,4685,0.0,0.0,3.25272067,0.774107131,,4773.684567,78.20833333333333,1.76
1996-03-01,4686,0.0,0.0,3.016986034,1.109109542,,4921.34387,82.5,2.5595416666666666
1996-03-02,4687,0.0,0.0,2.771019553,0.824266156,,5090.296483,58.0,3.548208333333333
1996-03-03,4688,0.0,0.0,2.525958101,0.803332239,,5277.849963,53.125,3.47175
1996-03-04,4689,0.0,0.0,2.294899441,0.756086119,,5476.557553,56.083333333333336,3.7552916666666665
1996-03-05,4690,0.0,0.0,2.101374302,0.52695083,6.9,5663.137494,41.541666666666664,2.4222916666666667
1996-03-06,4691,0.0,0.0,1.935879888,0.67458088,,5840.040816,60.333333333333336,2.2494583333333336
1996-03-07,4692,0.75,0.821917808,1.798969274,1.526729377,,5998.378366,126.08333333333333,1.4532083333333334
1996-03-08,4693,3.25,0.821917808,1.724782123,0.275941698,,6099.467274,19.125,-0.6705416666666667
1996-03-09,4694,4.0,0.821917808,1.721312849,0.230383261,,6101.885511,49.166666666666664,0.08920833333333332
1996-03-10,4695,0.5,0.821917808,1.625857542,0.886036543,,6225.911427,90.0,3.017666666666667
1996-03-11,4696,19.75,0.821917808,2.569801676,0.692463768,,5254.19199,45.791666666666664,4.542625
1996-03-12,4697,7.5,0.821917808,6.322122905,0.039007541,6.6,3438.701785,11.25,-1.2684166666666667
1996-03-13,4698,3.25,1.780821918,3.33447486,0.184125975,,4706.118827,100.70833333333333,-4.295166666666667
1996-03-14,4699,2.25,1.780821918,2.76003352,0.246970216,,5094.256764,82.20833333333333,-2.7957916666666667
1996-03-15,4700,3.0,1.780821918,2.473592179,0.04207043,,5320.242683,32.291666666666664,-1.1417916666666665
1996-03-16,4701,4.0,1.780821918,2.622620112,0.144258551,,5214.705536,24.916666666666668,0.311375
1996-03-17,4702,3.25,1.780821918,2.962206704,0.294844831,,5000.951855,22.833333333333332,1.3242083333333332
1996-03-18,4703,4.0,1.780821918,4.921893855,0.244651215,6.6,3985.525017,19.583333333333332,1.3878333333333333
1996-03-19,4704,0.25,0.95890411,3.875329609,0.94688825,,4428.760429,78.75,1.8459583333333331
1996-03-20,4705,0.25,0.95890411,3.290053073,0.307871769,,4746.693416,26.125,-0.776125
1996-03-21,4706,7.75,0.95890411,3.600175978,0.191241728,,4585.35889,17.875,1.761125
1996-03-22,4707,8.25,0.95890411,3.535013966,0.350951811,,4659.558216,27.125,3.2874166666666667
1996-03-23,4708,7.5,0.95890411,5.922829609,0.84492612,,3678.25855,58.166666666666664,6.922625
1996-03-24,4709,0.75,0.95890411,5.012421788,0.300464316,,3953.985932,24.541666666666668,4.866041666666667
1996-03-25,4710,17.0,0.95890411,6.773756983,0.191927927,,3463.621523,17.0,1.1330416666666667
1996-03-26,4711,3.75,0.95890411,9.326312849,0.140606169,6.3,2834.070905,23.166666666666668,-0.45049999999999996
1996-03-27,4712,1.25,12.88315286,5.937963687,1.564117453,,3647.311074,166.91666666666666,-1.214125
1996-03-28,4713,1.0,2.769348811,4.566972067,0.720494911,,4121.134962,76.5,0.28391666666666665
1996-03-29,4714,0.0,0.0,3.715793296,1.605959025,,4507.009077,133.16666666666666,1.6294166666666667
1996-03-30,4715,0.0,0.0,3.158120112,1.749775617,,4825.489823,152.79166666666666,0.8920416666666667
1996-03-31,4716,0.0,0.0,2.775343575,0.716333809,,5082.639712,67.54166666666667,0.8015416666666667
1996-04-01,4717,0.0,0.0,2.426329609,1.63811492,,5356.068068,151.33333333333334,0.26895833333333335
1996-04-02,4718,0.75,3.624662829,2.20877095,1.354241269,6.8,5559.777808,117.125,1.609625
1996-04-03,4719,0.0,0.0,2.006094972,1.330271595,,5760.694541,101.625,3.2524583333333332
1996-04-04,4720,0.0,0.0,1.815058659,2.778867435,,5978.394405,228.41666666666666,2.0565833333333337
1996-04-05,4721,0.0,0.0,1.655472067,2.779743672,,6181.379604,221.54166666666666,3.0581666666666667
1996-04-06,4722,0.0,0.0,1.551368715,1.706304033,,6334.390142,153.83333333333334,2.0464166666666666
1996-04-07,4723,0.0,0.0,1.452796089,2.844731592,,6479.284403,216.95833333333334,4.645791666666667
1996-04-08,4724,2.0,1.887423763,1.405885475,0.35200862,,6560.137696,26.583333333333332,6.367875000000001
1996-04-09,4725,0.5,2.20553764,1.312918994,1.03336039,6.6,6715.89395,63.833333333333336,7.542333333333333
1996-04-10,4726,3.75,0.547945205,1.335293296,1.136596982,,6678.190205,83.16666666666667,5.901166666666668
1996-04-11,4727,3.0,0.547945205,1.204416201,2.574801763,,6927.152307,153.20833333333334,6.894166666666667
1996-04-12,4728,26.5,0.547945205,4.157446927,0.272329734,,4115.840803,15.0,2.9639583333333337
1996-04-13,4729,4.25,0.547945205,3.070734637,0.384455496,,4867.278431,39.916666666666664,0.6847083333333334
1996-04-14,4730,4.25,0.547945205,2.802846369,0.481454775,,5070.432125,40.291666666666664,3.348875
1996-04-15,4731,1.25,0.547945205,2.649217877,0.823033428,,5176.456403,57.208333333333336,7.817958333333333
1996-04-16,4732,11.0,0.547945205,3.338773743,0.631838802,6.6,4723.410593,38.583333333333336,7.508624999999999
1996-04-17,4733,6.0,1.506849315,4.357583799,1.747958203,,4210.399911,134.66666666666666,5.750291666666667
1996-04-18,4734,28.0,1.506849315,13.39612291,0.652617009,,2118.413301,42.458333333333336,5.403083333333334
1996-04-19,4735,2.75,1.506849315,8.061134078,2.357041973,,3104.973877,151.41666666666666,6.524875000000001
1996-04-20,4736,0.0,0.0,5.354195531,2.076973562,,3820.44878,133.0,8.233625
1996-04-21,4737,9.25,1.506849315,4.763287709,1.245901439,,4061.351486,69.79166666666667,7.861458333333332
1996-04-22,4738,7.0,1.506849315,4.015935754,2.359942164,,4372.492847,153.25,7.199208333333334
1996-04-23,4739,8.75,1.506849315,6.614949721,1.850082216,5.9,3454.187114,135.04166666666666,5.719041666666667
1996-04-24,4740,3.75,5.616438356,4.695938547,2.255637958,,4074.415113,175.91666666666666,5.336791666666667
1996-04-25,4741,0.0,0.0,3.788723464,2.669602848,,4471.401542,185.5,6.750583333333334
1996-04-26,4742,0.0,0.0,3.260891061,3.171568801,,4761.224479,214.16666666666666,8.2675
1996-04-27,4743,0.25,5.616438356,2.85146648,2.93736334,,5027.215443,200.29166666666666,6.964333333333333
1996-04-28,4744,0.0,0.0,2.490159218,2.331266142,,5304.991939,182.79166666666666,5.1034999999999995
1996-04-29,4745,0.5,5.616438356,2.265360335,1.341168108,,5505.145999,114.83333333333333,3.2209583333333334
1996-04-30,4746,6.0,5.616438356,2.26272067,1.004097838,6.9,5512.191458,82.79166666666667,4.128666666666667
1996-05-01,4747,14.25,1.095890411,2.653114525,0.843817615,,5207.631062,54.916666666666664,3.8984166666666664
1996-05-02,4748,0.0,0.0,2.838217877,0.140681894,,4981.620572,18.833333333333332,2.4400833333333334
1996-05-03,4749,0.0,0.0,2.178854749,2.590321517,,5579.735223,220.58333333333334,2.1344166666666666
1996-05-04,4750,0.0,0.0,1.969164804,2.452692008,,5803.507604,191.16666666666666,2.5952083333333333
1996-05-05,4751,0.0,0.0,1.848041899,2.650366776,,5942.861153,166.375,4.298583333333333
1996-05-06,4752,0.0,0.0,1.746930168,2.478936705,,6066.215747,167.54166666666666,5.706166666666667
1996-05-07,4753,0.0,0.0,1.671435754,2.199328981,6.9,6167.367935,170.45833333333334,4.018416666666667
1996-05-08,4754,0.0,0.0,1.60647486,3.53272445,,6255.475101,235.79166666666666,5.436916666666666
1996-05-09,4755,0.0,0.0,1.539653631,2.063386261,,6349.870976,162.33333333333334,3.1059583333333336
1996-05-10,4756,0.0,0.0,1.470594972,2.930075123,,6455.896032,210.41666666666666,3.220875
1996-05-11,4757,0.0,0.0,1.419360335,1.852765597,,6537.320397,145.20833333333334,3.0414999999999996
1996-05-12,4758,0.0,0.0,1.359,2.421168986,,6636.209195,193.0,5.344083333333334
1996-05-13,4759,0.0,0.0,1.291575419,3.560295859,,6755.983554,221.58333333333334,7.264375
1996-05-14,4760,0.0,0.0,1.222290503,4.399289663,6.7,6884.666124,264.1666666666667,9.03
1996-05-15,4761,0.0,0.0,1.178044693,2.980930516,,6977.259699,188.29166666666666,7.469041666666667
1996-05-16,4762,0.0,0.0,1.126784916,2.14997976,,7079.756201,187.25,2.8703749999999997
1996-05-17,4763,0.0,0.0,1.08522905,1.813327912,,7173.434576,144.75,2.802
1996-05-18,4764,5.75,3.287671233,1.072030726,2.338305322,,7227.646163,178.45833333333334,3.4648749999999997
1996-05-19,4765,42.0,3.287671233,4.095879888,0.591650054,,3901.129024,42.75,2.370458333333333
1996-05-20,4766,7.5,3.287671233,3.43201676,3.195503793,,4441.763641,225.20833333333334,5.617083333333333
1996-05-21,4767,3.0,3.287671233,2.193687151,3.207947782,6.6,5548.979897,225.625,6.134458333333334
1996-05-22,4768,16.75,1.232876712,3.716044693,0.92982474,,4479.35821,55.875,7.910166666666666
1996-05-23,4769,51.25,1.232876712,16.59984637,1.533777597,,1612.399783,100.625,8.009458333333333
1996-05-24,4770,4.75,1.232876712,21.02676536,3.427323337,,1429.009954,233.83333333333334,8.126458333333334
1996-05-25,4771,0.0,0.0,6.927712291,2.555471909,,3349.568057,174.16666666666666,7.458375
1996-05-26,4772,29.5,1.232876712,8.043083799,0.952526907,,3039.382843,62.416666666666664,7.954583333333333
1996-05-27,4773,4.0,1.232876712,11.89005587,3.166683217,,2385.870133,182.95833333333334,9.226374999999999
1996-05-28,4774,6.75,1.232876712,6.397994413,1.30761166,,3525.139681,87.83333333333333,8.739416666666667
1996-05-29,4775,21.5,1.232876712,10.31518156,1.117750192,5.2,2763.638782,72.625,10.615833333333333
1996-05-30,4776,5.75,7.671232877,8.726304469,4.34619699,,3011.947042,224.95833333333334,12.945416666666667
1996-05-31,4777,2.5,7.671232877,5.927203911,2.765299879,,3650.558754,190.91666666666666,7.815708333333333
1996-06-01,4778,1.25,7.671232877,4.558675978,3.318605456,,4121.946321,217.16666666666666,7.251541666666667
1996-06-02,4779,0.0,0.0,3.65696648,3.254201855,,4535.845646,219.5,7.842291666666667
1996-06-03,4780,5.5,7.671232877,3.335078212,0.925241178,,4725.213424,65.33333333333333,7.350083333333333
1996-06-04,4781,0.0,0.0,2.810463687,5.276809276,6.1,5051.892893,307.875,10.662833333333333
1996-06-05,4782,0.0,0.0,2.458030726,4.2399227,,5331.996308,210.58333333333334,13.420833333333334
1996-06-06,4783,0.0,0.0,2.227273743,4.805510086,,5540.562518,244.70833333333334,14.520416666666668
1996-06-07,4784,1.0,1.095890411,2.096723464,2.486480423,,5670.147297,130.0,11.645458333333332
1996-06-08,4785,0.0,0.0,1.910413408,5.374908718,,5865.228905,346.9583333333333,9.858541666666666
1996-06-09,4786,3.0,1.095890411,1.800075419,3.016443922,,6008.790879,168.79166666666666,10.13625
1996-06-10,4787,6.25,1.095890411,1.973086592,1.968315143,,5794.370721,105.0,11.420416666666666
1996-06-11,4788,21.25,1.095890411,3.601986034,0.848638929,6.0,4404.018464,45.583333333333336,10.71125
1996-06-12,4789,0.0,0.0,2.348346369,4.816406263,,5393.408983,319.125,8.912333333333335
1996-06-13,4790,0.0,0.0,1.958430168,5.002945282,,5813.222489,274.4583333333333,11.787875
1996-06-14,4791,0.0,0.0,1.81651676,5.020324239,,5981.448719,271.5,13.579583333333334
1996-06-15,4792,0.0,0.0,1.735717877,6.214193347,,6082.588579,311.875,15.5375
1996-06-16,4793,0.0,0.0,1.639030726,7.258166524,,6207.412169,338.2083333333333,17.077916666666667
1996-06-17,4794,0.0,0.0,1.572687151,7.303503696,,6303.535812,346.6666666666667,15.830416666666666
1996-06-18,4795,0.0,0.0,1.528843575,4.755515007,6.0,6367.318526,278.625,12.655833333333334
1996-06-19,4796,0.0,0.0,1.471047486,4.747964008,,6454.570306,223.33333333333334,13.733583333333334
1996-06-20,4797,0.0,0.0,1.404653631,3.456246682,,6560.165762,208.91666666666666,9.934041666666667
1996-06-21,4798,0.0,0.0,1.338184358,3.840969421,,6671.587164,229.83333333333334,8.647166666666667
1996-06-22,4799,0.0,0.0,1.270684358,4.717677566,,6794.298136,330.1666666666667,7.978958333333334
1996-06-23,4800,0.0,0.0,1.224553073,4.605735737,,6884.667307,289.0833333333333,10.02375
1996-06-24,4801,0.0,0.0,1.196622905,4.621063133,,6939.352139,281.5416666666667,11.743583333333333
1996-06-25,4802,0.0,0.0,1.176561453,4.471778434,6.3,6981.100435,255.16666666666666,11.755416666666667
1996-06-26,4803,2.75,3.698630137,1.181488827,4.186579973,,6969.43264,209.125,12.623333333333333
1996-06-27,4804,0.0,0.0,1.115170391,5.112141941,,7105.898845,267.1666666666667,12.329583333333334
1996-06-28,4805,23.75,3.698630137,1.818980447,1.833448422,,5945.549868,103.70833333333333,10.981250000000001
1996-06-29,4806,0.0,0.0,1.297935754,1.808949567,,6702.632063,108.41666666666667,9.0625
1996-06-30,4807,2.75,3.698630137,1.183072626,1.611929706,,6965.962298,89.58333333333333,9.802916666666667
1996-07-01,4808,11.75,3.698630137,1.587569832,1.539847495,,6256.736901,91.95833333333333,8.333333333333334
1996-07-02,4809,2.0,3.698630137,1.256706704,2.819572006,6.0,6808.236058,158.29166666666666,9.32625
1996-07-03,4810,17.0,3.561643836,2.828036313,1.958413349,,4895.511958,110.875,9.795833333333333
1996-07-04,4811,12.0,3.561643836,1.824636872,1.829499559,,6006.219767,104.95833333333333,9.6725
1996-07-05,4812,10.75,3.561643836,3.861879888,2.445283649,,4422.280998,139.5,9.09
1996-07-06,4813,5.0,3.561643836,2.666488827,4.548044536,,5151.581429,312.5833333333333,8.87125
1996-07-07,4814,0.0,0.0,2.144689944,2.339387243,,5615.838558,151.29166666666666,8.868041666666667
1996-07-08,4815,0.0,0.0,1.868907821,3.492994712,,5912.094605,308.7916666666667,9.776666666666666
1996-07-09,4816,3.0,3.561643836,1.828432961,1.548494878,5.7,5970.680888,73.45833333333333,11.62
1996-07-10,4817,0.0,0.0,1.722217877,4.698898038,,6097.428004,238.95833333333334,13.759166666666667
1996-07-11,4818,0.75,2.165581641,1.638703911,2.514368281,,6211.055429,150.95833333333334,12.690833333333332
1996-07-12,4819,3.25,4.515451258,1.616455307,2.93120188,,6240.266951,177.375,13.132083333333334
1996-07-13,4820,3.0,3.467782427,1.520522346,3.213652707,,6387.107099,182.0,13.8525
1996-07-14,4821,1.5,1.31679673,1.520949721,5.548829881,,6366.813219,305.6666666666667,13.777916666666668
1996-07-15,4822,0.0,0.0,1.322497207,6.221259753,,6694.320755,337.9583333333333,12.570458333333335
1996-07-16,4823,0.0,0.0,1.227846369,5.297617968,5.9,6875.447154,315.625,11.745583333333334
1996-07-17,4824,0.0,0.0,1.166832402,6.536705158,,6995.365816,336.0833333333333,14.445500000000001
1996-07-18,4825,0.0,0.0,1.117558659,6.159657935,,7101.655652,285.9166666666667,17.43625
1996-07-19,4826,0.0,0.0,1.061597765,6.219860742,,7223.003804,276.9166666666667,18.035416666666666
1996-07-20,4827,0.0,0.0,1.002444134,6.956170066,,7364.893833,308.4166666666667,17.65458333333333
1996-07-21,4828,0.0,0.0,0.956639665,6.236612228,,7483.470028,287.8333333333333,17.27958333333333
1996-07-22,4829,0.0,0.0,0.924284916,5.853365052,,7570.648853,273.0,17.517083333333332
1996-07-23,4830,0.0,0.0,0.90897486,3.66015554,5.9,7614.778479,190.58333333333334,13.8525
1996-07-24,4831,0.0,0.0,0.883885475,3.075196143,,7680.450559,170.58333333333334,11.041041666666667
1996-07-25,4832,0.0,0.0,0.844567039,5.958664698,,7800.288019,304.9583333333333,13.599166666666667
1996-07-26,4833,1.0,5.616438356,0.856583799,2.799817216,,7769.074506,135.83333333333334,14.827916666666667
1996-07-27,4834,0.0,0.0,0.813796089,4.95150728,,7889.038276,285.5833333333333,12.923333333333334
1996-07-28,4835,11.75,5.616438356,0.95022905,1.115450882,,7496.277054,69.70833333333333,12.719166666666666
1996-07-29,4836,0.5,5.616438356,0.863421788,4.92664892,,7726.170912,273.3333333333333,14.745416666666666
1996-07-30,4837,13.25,5.616438356,0.918301676,1.426818146,6.0,7618.977802,93.25,12.499583333333334
1996-07-31,4838,1.25,2.876712329,0.906209497,2.732358516,,7571.789857,158.41666666666666,11.7975
1996-08-01,4839,3.0,2.876712329,0.823148045,3.039474624,,7862.033087,175.20833333333334,11.354583333333332
1996-08-02,4840,0.75,2.876712329,0.771234637,2.258877898,,8031.08501,127.95833333333333,10.99125
1996-08-03,4841,0.0,0.0,0.725405028,2.988844653,,8192.23251,163.83333333333334,12.247083333333334
1996-08-04,4842,0.0,0.0,0.685282123,5.231588836,,8345.484329,257.25,14.306666666666667
1996-08-05,4843,0.0,0.0,0.655089385,4.615058183,,8463.732635,199.58333333333334,16.487083333333334
1996-08-06,4844,23.25,2.876712329,1.143175978,1.162946636,6.0,7022.803799,65.375,12.018333333333333
1996-08-07,4845,3.75,2.191780822,1.315256983,2.464885114,,6540.666613,170.08333333333334,10.35875
1996-08-08,4846,6.5,2.191780822,0.878128492,1.999784323,,7704.060774,114.66666666666667,11.470416666666667
1996-08-09,4847,1.75,2.191780822,0.828653631,3.090215009,,7835.677974,172.25,12.725
1996-08-10,4848,6.0,2.191780822,0.911312849,2.693115971,,7613.453099,153.29166666666666,11.936250000000001
1996-08-11,4849,2.5,2.191780822,0.844265363,2.930195716,,7800.49832,160.75,12.314166666666667
1996-08-12,4850,0.0,0.0,0.766382682,3.656765662,,8038.81327,194.0,14.265
1996-08-13,4851,0.0,0.0,0.711502793,4.640706164,6.1,8242.888613,249.41666666666666,13.635
1996-08-14,4852,0.0,0.0,0.70202514,3.878657528,,8271.962501,191.33333333333334,14.427916666666667
1996-08-15,4853,0.0,0.0,0.678972067,2.789372976,,8373.543922,142.5,14.878333333333332
1996-08-16,4854,0.0,0.0,0.662505587,3.612537407,,8434.858628,194.375,14.9325
1996-08-17,4855,0.0,0.0,0.647622905,4.593778768,,8498.724397,218.83333333333334,15.549166666666666
1996-08-18,4856,0.5,4.931506849,0.618812849,6.715783026,,8622.204347,261.8333333333333,19.06625
1996-08-19,4857,3.5,4.931506849,0.651041899,1.424083695,,8492.676355,65.66666666666667,16.900833333333335
1996-08-20,4858,3.5,4.931506849,0.681234637,1.104011166,6.1,8360.750392,65.16666666666667,14.26
1996-08-21,4859,3.25,1.780821918,0.661072626,2.718277476,,8449.781288,160.41666666666666,12.9275
1996-08-22,4860,20.25,1.780821918,0.947111732,1.425034944,,7512.457867,74.125,11.40875
1996-08-23,4861,36.0,1.780821918,4.095829609,2.464538932,,3560.190194,144.0,11.715833333333334
1996-08-24,4862,29.5,1.780821918,6.186444134,1.357753661,,3570.798177,76.0,11.082083333333335
1996-08-25,4863,7.75,1.780821918,10.51167318,1.716547879,,2595.250827,95.04166666666667,10.604166666666666
1996-08-26,4864,22.0,1.780821918,9.854698324,1.252076066,,2820.007916,70.875,10.103333333333333
1996-08-27,4865,2.75,1.780821918,6.685089385,1.627722886,,3431.369685,106.5,10.56375
1996-08-28,4866,2.5,1.780821918,4.643421788,2.805429289,5.5,4082.364927,154.125,11.826666666666666
1996-08-29,4867,0.25,1.267915203,3.544743017,1.574519391,,4590.798875,88.25,9.911666666666667
1996-08-30,4868,0.5,1.512751114,2.839826816,2.410095543,,5027.856369,158.58333333333334,10.159374999999999
1996-08-31,4869,0.0,0.0,2.365441341,2.826212104,,5407.688609,172.20833333333334,9.221833333333334
1996-09-01,4870,0.0,0.0,2.07223743,2.506489058,,5689.577053,145.54166666666666,11.214166666666666
1996-09-02,4871,0.0,0.0,1.860586592,2.952745732,,5923.349643,150.45833333333334,15.061666666666667
1996-09-03,4872,0.0,0.0,1.728553073,1.153009558,,6088.52762,60.75,14.469999999999999
1996-09-04,4873,0.0,0.0,1.576206704,2.196734411,6.1,6291.57183,123.875,11.744583333333333
1996-09-05,4874,0.0,0.0,1.452167598,1.934701058,,6482.592275,106.54166666666667,10.975416666666668
1996-09-06,4875,0.0,0.0,1.367170391,3.067722039,,6620.537112,188.79166666666666,11.871666666666668
1996-09-07,4876,0.0,0.0,1.29074581,1.748087142,,6756.962918,105.45833333333333,10.2965
1996-09-08,4877,0.0,0.0,1.226614525,2.600608148,,6880.392574,156.0,10.397916666666667
1996-09-09,4878,0.0,0.0,1.192022346,2.349289875,,6947.444898,138.29166666666666,9.652083333333334
1996-09-10,4879,0.0,0.0,1.173142458,1.189791111,6.0,6987.569696,84.25,9.986666666666666
1996-09-11,4880,2.0,1.714289637,1.149284916,1.812215004,,7037.559477,118.58333333333333,10.2825
1996-09-12,4881,0.5,5.152723512,1.131812849,2.658103601,,7070.627659,159.875,9.980583333333334
1996-09-13,4882,0.0,0.0,1.088120112,3.238103487,,7165.414537,209.375,8.6255
1996-09-14,4883,0.0,0.0,1.049103352,3.154744897,,7259.658158,193.75,10.236833333333333
1996-09-15,4884,0.0,0.0,1.029167598,3.420016202,,7303.473888,192.5,12.243333333333334
1996-09-16,4885,0.0,0.0,1.000835196,3.515409835,,7371.628986,189.41666666666666,12.628333333333332
1996-09-17,4886,0.0,0.0,0.968480447,3.199810195,6.0,7455.321137,181.04166666666666,10.5725
1996-09-18,4887,0.0,0.0,0.95397486,1.21622905,,7492.189218,65.375,8.448416666666667
1996-09-19,4888,7.5,1.333185279,1.002293296,0.743343138,,7385.353072,57.708333333333336,7.508125
1996-09-20,4889,0.0,0.0,1.008,1.805516419,,7347.062966,103.91666666666667,9.584583333333333
1996-09-21,4890,0.0,0.0,0.969410615,0.975855162,,7454.484067,66.41666666666667,8.257083333333332
1996-09-22,4891,0.0,0.0,0.944824022,1.596784416,,7512.533418,126.83333333333333,7.736041666666666
1996-09-23,4892,0.0,0.0,0.917522346,1.526574645,,7590.849123,103.54166666666667,8.329541666666666
1996-09-24,4893,15.5,4.609569282,0.974187151,0.532275186,6.2,7511.468385,30.833333333333332,9.605
1996-09-25,4894,0.5,1.917808219,1.246324022,2.103838372,,6733.736655,134.25,10.353333333333333
1996-09-26,4895,7.0,1.917808219,0.989949721,0.677668651,,7409.298794,31.458333333333332,11.117916666666666
1996-09-27,4896,3.5,1.917808219,1.036231844,2.126895577,,7281.487996,123.16666666666667,10.2125
1996-09-28,4897,50.5,1.917808219,3.556231844,1.041355529,,4025.188223,54.416666666666664,10.71875
1996-09-29,4898,61.5,1.917808219,26.59253631,0.789082464,,1364.801788,38.208333333333336,12.852916666666667
1996-09-30,4899,1.5,1.917808219,8.17727933,0.953851556,5.8,3041.537784,71.75,8.471625
1996-10-01,4900,2.5,6.712328767,4.596662011,0.940640013,,4090.902224,82.75,7.437
1996-10-02,4901,0.0,0.0,3.312527933,2.400477982,,4717.562298,139.70833333333334,9.011458333333334
1996-10-03,4902,32.0,6.712328767,7.119100559,0.467975888,,3056.401099,20.041666666666668,9.201375
1996-10-04,4903,15.0,6.712328767,6.943801676,1.077530661,,3391.489261,67.66666666666667,6.707041666666666
1996-10-05,4904,2.5,6.712328767,7.160681564,1.329691567,,3323.030814,97.79166666666667,7.094124999999999
1996-10-06,4905,0.0,0.0,4.925589385,0.572804088,,3979.270781,37.625,9.460416666666667
1996-10-07,4906,2.0,6.712328767,3.918368715,0.55738896,,4408.174364,28.958333333333332,10.515833333333333
1996-10-08,4907,5.0,6.712328767,3.662522346,0.473024666,6.7,4538.772668,40.625,7.343583333333334
1996-10-09,4908,1.5,2.054794521,3.039058659,0.454182591,,4901.028764,36.791666666666664,7.4665
1996-10-10,4909,0.0,0.0,2.630011173,0.871148302,,5191.07823,64.66666666666667,6.539041666666667
1996-10-11,4910,0.0,0.0,2.352695531,0.759429051,,5424.689829,37.25,8.369375
1996-10-12,4911,0.0,0.0,2.144111732,0.883719779,,5618.721777,48.291666666666664,10.190833333333334
1996-10-13,4912,0.0,0.0,1.964941341,0.481196955,,5807.298643,27.166666666666668,11.035833333333334
1996-10-14,4913,15.5,2.054794521,2.394125698,0.27820116,,5393.208127,16.041666666666668,10.734166666666667
1996-10-15,4914,21.0,2.054794521,4.878628492,0.566108037,6.0,3988.533412,52.416666666666664,5.463333333333334
1996-10-16,4915,24.75,4.657534247,11.4272095,0.127906422,,2549.392231,37.625,5.867416666666667
1996-10-17,4916,10.5,4.657534247,7.943505587,1.08465165,,3147.837535,94.08333333333333,6.462125
1996-10-18,4917,22.0,4.657534247,16.84427933,0.34461993,,2014.982203,34.625,8.546249999999999
1996-10-19,4918,8.75,4.657534247,10.35842179,0.518260978,,2720.558362,39.375,9.357916666666666
1996-10-20,4919,42.0,4.657534247,25.98146648,0.063314988,,1297.227597,12.083333333333334,11.587083333333332
1996-10-21,4920,0.5,4.657534247,13.5693352,0.597434361,,2265.944996,66.16666666666667,8.301666666666668
1996-10-22,4921,2.5,4.657534247,7.719636872,0.314342046,6.6,3199.60307,22.958333333333332,11.071666666666665
1996-10-23,4922,0.25,6.575342466,5.49447486,1.218268607,,3783.131411,74.45833333333333,11.395833333333334
1996-10-24,4923,4.0,6.575342466,4.386293296,0.511399087,,4202.688496,19.291666666666668,12.579166666666666
1996-10-25,4924,20.75,6.575342466,4.660969274,0.942631547,,4122.189638,61.583333333333336,7.964416666666666
1996-10-26,4925,17.25,6.575342466,11.37680447,0.734785368,,2550.49289,54.958333333333336,6.91575
1996-10-27,4926,39.25,6.575342466,28.05269832,0.501276053,,1201.169317,25.208333333333332,10.153333333333334
1996-10-28,4927,30.5,6.575342466,19.68320112,0.480802854,,1720.482239,23.25,9.055833333333334
1996-10-29,4928,2.25,6.575342466,13.17632682,1.116415982,6.5,2311.252835,70.375,5.337791666666667
1996-10-30,4929,2.0,3.698630137,7.616463687,0.553549603,,3222.108737,31.291666666666668,6.171583333333333
1996-10-31,4930,88.25,3.698630137,46.89130726,0.153352558,,404.975494,9.125,8.97375
1996-11-01,4931,22.0,3.698630137,17.97212011,0.180774155,,1891.809323,21.458333333333332,9.269958333333333
1996-11-02,4932,32.5,3.698630137,30.3777905,0.257113093,,1236.528812,17.208333333333332,11.652083333333332
1996-11-03,4933,20.75,3.698630137,20.37778492,0.481300911,,1723.63026,25.875,9.807916666666667
1996-11-04,4934,32.5,3.698630137,20.78225698,0.597472302,,1750.762209,37.0,7.4937499999999995
1996-11-05,4935,33.75,3.698630137,20.42944693,0.886786425,6.1,1827.625422,52.958333333333336,5.999375000000001
1996-11-06,4936,30.5,11.91780822,31.29413128,0.769703687,,1089.862639,23.625,7.299916666666667
1996-11-07,4937,14.75,11.91780822,18.5052067,0.18289286,,1881.689045,25.791666666666668,3.7295416666666665
1996-11-08,4938,7.5,11.91780822,10.88348883,0.60400132,,2660.72104,39.0,3.843
1996-11-09,4939,2.75,11.91780822,8.094519553,0.424857027,,3129.525997,45.208333333333336,3.652125
1996-11-10,4940,0.25,11.91780822,6.104287709,0.50103779,,3605.775117,56.0,0.8979166666666667
1996-11-11,4941,1.25,11.91780822,4.908444134,0.434773185,,3994.737133,35.5,1.1125416666666668
1996-11-12,4942,2.5,11.91780822,4.206896648,0.218159257,6.4,4275.345524,24.25,2.4351249999999998
1996-11-13,4943,0.0,0.0,3.522092179,0.529675089,,4613.695499,39.791666666666664,2.765833333333333
1996-11-14,4944,1.25,2.328767123,3.144418994,0.345036989,,4837.03586,30.416666666666668,5.955958333333334
1996-11-15,4945,0.5,2.328767123,2.789849162,0.361049587,,5073.72211,26.958333333333332,6.507208333333334
1996-11-16,4946,6.75,2.328767123,2.583075419,0.158193886,,5249.463755,17.0,7.117375
1996-11-17,4947,10.25,2.328767123,4.191486034,0.572278674,,4272.322352,60.333333333333336,2.5330416666666666
1996-11-18,4948,0.0,0.0,2.965097765,0.603474519,,4949.518798,68.29166666666667,-0.6500416666666666
1996-11-19,4949,0.0,0.0,2.813731844,0.0,5.9,5061.511707,9.875,-1.2013333333333334
1996-11-20,4950,2.25,2.328767123,2.722097765,0.223786148,,5133.251568,51.0,-0.4299583333333333
1996-11-21,4951,0.0,0.0,2.507002793,0.325645742,,5294.750572,70.45833333333333,-0.35325
1996-11-22,4952,11.0,2.328767123,2.992072626,0.173525157,,4952.025334,28.916666666666668,1.4659583333333333
1996-11-23,4953,1.5,2.328767123,2.623776536,0.266349229,,5191.149796,49.875,-0.2632083333333333
1996-11-24,4954,39.0,2.328767123,14.03693296,0.125878445,,1731.939801,5.916666666666667,2.6590833333333332
1996-11-25,4955,8.0,2.328767123,13.43068994,0.260600335,,2304.283646,19.166666666666668,3.6922916666666663
1996-11-26,4956,0.0,0.0,7.146050279,0.226792531,6.3,3317.255835,27.166666666666668,0.381
1996-11-27,4957,0.5,4.931506849,5.040377095,0.098250956,,3937.921212,15.416666666666666,-0.36683333333333334
1996-11-28,4958,35.5,4.931506849,7.514572626,0.587582335,,3476.78509,38.083333333333336,2.0047083333333333
1996-11-29,4959,28.25,4.931506849,30.05979888,0.243301004,,1090.533421,13.833333333333334,4.80975
1996-11-30,4960,1.0,4.931506849,10.07275978,0.23658346,,2745.719987,18.541666666666668,4.365125
1996-12-01,4961,8.5,4.931506849,7.55326257,0.356878895,,3254.19901,19.041666666666668,5.862583333333333
1996-12-02,4962,3.5,4.931506849,5.70527095,0.322697127,,3725.92302,14.083333333333334,3.2597916666666666
1996-12-03,4963,54.5,4.931506849,30.21888268,0.172432606,7.2,1163.552667,8.541666666666666,3.5864166666666666
1996-12-04,4964,19.0,15.06849315,19.02997207,0.182201772,,1855.423151,23.666666666666668,1.5441666666666667
1996-12-05,4965,2.75,15.06849315,10.16590223,0.186056796,,2742.220972,30.208333333333332,1.3718333333333332
1996-12-06,4966,0.25,15.06849315,6.707111732,0.185362371,,3437.526905,28.208333333333332,-0.740875
1996-12-07,4967,2.0,15.06849315,5.115544693,0.589199765,,3916.760881,45.625,1.3975833333333334
1996-12-08,4968,4.5,15.06849315,4.218837989,0.568178387,,4271.147731,35.875,3.830666666666667
1996-12-09,4969,1.25,15.06849315,3.775625698,0.328282192,,4487.325306,30.291666666666668,4.398958333333334
1996-12-10,4970,0.25,15.06849315,3.327385475,0.043351397,6.7,4724.322742,11.416666666666666,-0.10875
1996-12-11,4971,1.0,3.305721878,2.998910615,0.038073143,,4931.169254,5.708333333333333,-0.09225
1996-12-12,4972,0.25,0.876580468,2.692759777,0.0,,5146.144735,4.0,-0.7145833333333332
1996-12-13,4973,0.25,5.823862137,2.444455307,0.001191332,,5344.231746,11.916666666666666,-1.1230416666666667
1996-12-14,4974,5.0,18.02201151,2.462731844,0.2190294,,5352.686254,18.541666666666668,0.6216666666666667
1996-12-15,4975,4.0,6.572486586,2.875223464,0.111403179,,5014.103694,10.958333333333334,4.364916666666667
1996-12-16,4976,1.25,22.33071852,2.611156425,0.064942574,,5211.67505,12.5,2.6900833333333334
1996-12-17,4977,7.25,7.341336173,2.796837989,0.133114332,6.4,5083.98294,5.916666666666667,1.9057083333333333
1996-12-18,4978,5.25,0.684931507,3.510578212,0.131337357,,4624.875828,9.041666666666666,7.954583333333333
1996-12-19,4979,2.5,0.684931507,3.314287709,0.0,,4732.123083,3.4166666666666665,3.0935
1996-12-20,4980,4.5,0.684931507,3.369896648,0.060817331,,4712.326027,5.0,0.001791666666666673
1996-12-21,4981,0.0,0.0,3.097332402,0.114592581,,4856.503709,47.416666666666664,-3.067
1996-12-22,4982,0.0,0.0,2.69625419,0.0,,5144.556762,15.916666666666666,-2.8895
1996-12-23,4983,0.0,0.0,2.500114525,0.0,,5299.771393,5.791666666666667,-1.7545
1996-12-24,4984,0.0,0.0,2.28524581,0.0,6.6,5487.670005,17.125,-2.904958333333333
1996-12-25,4985,0.75,15.20547945,2.154494413,0.262008628,,5612.09638,28.291666666666668,-0.8548333333333334
1996-12-26,4986,0.0,0.0,1.999382682,0.214592546,,5771.195003,39.708333333333336,-2.798583333333333
1996-12-27,4987,5.25,15.20547945,1.973413408,0.478693078,,5801.84592,35.625,0.18912500000000002
1996-12-28,4988,0.0,0.0,1.789039106,0.0,,6011.059954,8.791666666666666,-1.604375
1996-12-29,4989,0.0,0.0,1.655547486,0.053822071,,6186.00146,16.083333333333332,-2.4833333333333334
1996-12-30,4990,1.0,15.20547945,1.571430168,0.0,,6302.516999,7.625,-1.4900833333333334
1996-12-31,4991,0.0,0.0,1.440955307,0.0,6.5,6496.619355,7.958333333333333,-4.818958333333334
1997-01-01,4992,0.0,0.0,1.339893855,0.0,,6662.082604,6.916666666666667,-5.538250000000001
1997-01-02,4993,0.0,0.0,1.30276257,0.0,,6743.2493,11.708333333333334,-3.3623333333333334
1997-01-03,4994,0.0,0.0,1.218544693,0.0,,6891.635814,7.166666666666667,-4.6137500000000005
1997-01-04,4995,0.0,0.0,1.159541899,0.0,,7011.816138,4.791666666666667,-3.4301666666666666
1997-01-05,4996,0.25,9.097118249,1.100513966,0.0,,7139.354938,12.875,-2.519791666666667
1997-01-06,4997,0.25,4.460874638,1.072935754,0.0,,7200.792817,16.791666666666668,-1.6298333333333332
1997-01-07,4998,0.0,0.0,0.971849162,0.0,6.5,7416.625341,14.291666666666666,-5.474083333333333
1997-01-08,4999,0.0,0.0,0.951284916,0.0,,7512.710486,10.708333333333334,-6.108583333333333
1997-01-09,5000,0.0,0.0,0.947715084,0.0,,7506.0086,5.333333333333333,-2.8820833333333336
1997-01-10,5001,0.0,0.0,0.907818436,0.001151199,,7618.757718,8.708333333333334,-3.196125
1997-01-11,5002,9.0,7.260273973,1.078994413,0.157339775,,7225.150968,10.708333333333334,4.078416666666667
1997-01-12,5003,2.5,7.260273973,1.612332402,0.262382623,,6240.792274,15.25,7.150166666666666
1997-01-13,5004,0.25,7.260273973,1.305578212,0.905972331,,6717.995491,41.25,6.541291666666666
1997-01-14,5005,0.0,0.0,1.122385475,1.938089123,6.9,7083.117374,52.333333333333336,7.683666666666667
1997-01-15,5006,0.0,0.0,1.037589385,0.678504501,,7280.563768,52.958333333333336,4.956875
1997-01-16,5007,0.0,0.0,1.013807263,0.450916888,,7344.095222,35.875,2.8455
1997-01-17,5008,0.5,1.060843979,1.015717877,0.232696072,,7339.439752,16.625,4.630583333333333
1997-01-18,5009,0.25,3.576428304,1.006365922,0.25061201,,7360.027485,19.125,4.5648333333333335
1997-01-19,5010,0.25,4.069244374,0.972653631,0.015013995,,7442.581015,6.083333333333333,0.45849999999999996
1997-01-20,5011,0.25,6.976260244,0.945201117,0.306668558,,7516.793932,35.375,0.9520416666666667
1997-01-21,5012,0.0,0.0,0.92926257,0.166265295,6.5,7557.541745,27.25,-1.2444583333333334
1997-01-22,5013,2.5,3.561643836,0.931600559,0.134896286,,7556.947604,17.583333333333332,-0.7390416666666667
1997-01-23,5014,0.0,0.0,0.93147486,0.308617467,,7552.686347,32.583333333333336,1.4057083333333333
1997-01-24,5015,2.75,3.561643836,0.948670391,0.220808792,,7514.424154,14.75,4.952083333333333
1997-01-25,5016,0.0,0.0,0.940349162,0.835942506,,7526.537572,62.458333333333336,4.678916666666667
1997-01-26,5017,0.0,0.0,0.91196648,0.884991256,,7605.555026,63.25,3.9817916666666666
1997-01-27,5018,0.0,0.0,0.894594972,0.431671666,,7653.923197,34.916666666666664,4.101041666666666
1997-01-28,5019,0.25,3.561643836,0.870234637,0.358269089,5.8,7724.57454,36.625,1.5742083333333332
1997-01-29,5020,0.0,0.0,0.865106145,0.114876964,,7741.416252,10.541666666666666,0.37395833333333334
1997-01-30,5021,0.0,0.0,0.850902235,0.171735889,,7781.08097,18.125,-0.7217916666666667
1997-01-31,5022,0.0,0.0,0.82877933,0.129609614,,7849.234626,11.333333333333334,-1.0755833333333333
1997-02-01,5023,3.5,1.232876712,0.861511173,0.127303821,,7756.204693,8.416666666666666,0.32512500000000005
1997-02-02,5024,5.25,1.232876712,0.99372067,0.732509739,,7390.85024,65.33333333333333,1.7358333333333331
1997-02-03,5025,15.75,1.232876712,1.064363128,0.184461726,,7326.404406,12.708333333333334,1.6369583333333333
1997-02-04,5026,64.5,1.232876712,28.78509218,0.098037423,6.0,1115.332727,12.25,4.713416666666666
1997-02-05,5027,0.75,3.561643836,7.523673184,0.438879533,,3196.233071,42.25,2.435791666666667
1997-02-06,5028,6.0,3.561643836,4.508748603,0.395837746,,4133.926948,33.25,5.708541666666666
1997-02-07,5029,16.0,3.561643836,8.887801676,0.85607345,,2935.201591,74.29166666666667,3.987291666666667
1997-02-08,5030,0.0,0.0,5.170449721,0.697458495,,3888.821609,51.916666666666664,2.3042083333333334
1997-02-09,5031,28.75,3.561643836,9.276561453,0.318094782,,2898.853885,26.541666666666668,5.5370833333333325
1997-02-10,5032,25.5,3.561643836,21.05281006,0.526166193,,1632.577755,31.083333333333332,3.7272083333333335
1997-02-11,5033,39.0,3.561643836,21.2058352,0.162021504,6.8,1507.864692,13.25,4.867166666666667
1997-02-12,5034,56.25,5.753424658,48.33434916,0.129882783,,656.1140381,9.541666666666666,7.024583333333333
1997-02-13,5035,18.0,5.753424658,21.82774022,0.515747216,,1624.956147,41.416666666666664,1.2420416666666667
1997-02-14,5036,2.75,5.753424658,9.32100838,0.565915082,,2877.492389,54.541666666666664,0.5716249999999999
1997-02-15,5037,0.0,0.0,6.077363128,0.959278897,,3605.557797,76.125,1.8819583333333334
1997-02-16,5038,11.25,5.753424658,5.605039106,0.379339157,,3776.599965,18.958333333333332,3.82525
1997-02-17,5039,59.0,5.753424658,34.55914525,0.162560355,,768.6166487,8.0,5.4567499999999995
1997-02-18,5040,6.25,5.753424658,18.52725419,0.448271073,7.2,1794.878341,29.041666666666668,1.4892083333333332
1997-02-19,5041,28.0,11.50684932,19.66032402,0.305510391,,1632.136864,6.333333333333333,3.8185000000000002
1997-02-20,5042,18.5,11.50684932,15.32888547,0.373043572,,2157.132648,20.041666666666668,4.634291666666667
1997-02-21,5043,8.5,11.50684932,13.37953073,0.668168577,,2339.990567,48.041666666666664,6.034208333333333
1997-02-22,5044,5.0,11.50684932,8.214938547,0.352530215,,3107.322282,26.166666666666668,5.917708333333334
1997-02-23,5045,20.25,11.50684932,10.05968715,0.4972488,,2803.109292,34.833333333333336,5.59425
1997-02-24,5046,22.75,11.50684932,13.86409777,0.270811959,,2250.274367,20.833333333333332,2.4187499999999997
1997-02-25,5047,7.0,11.50684932,11.87693296,0.571255499,8.3,2491.073577,32.666666666666664,3.7827083333333333
1997-02-26,5048,15.5,10.4109589,10.92977095,0.328858475,,2667.624878,19.625,2.513
1997-02-27,5049,0.5,10.4109589,7.745053073,0.231658576,,3200.558113,14.291666666666666,4.134458333333334
1997-02-28,5050,18.5,10.4109589,10.54156425,0.897109723,,2674.017216,72.54166666666667,5.517166666666667
1997-03-01,5051,7.5,10.4109589,7.073874302,0.377935578,,3361.788501,25.25,5.425166666666667
1997-03-02,5052,32.0,10.4109589,24.14398324,0.986496201,,1388.126158,91.79166666666667,4.178416666666666
1997-03-03,5053,0.0,0.0,8.625067039,0.690547209,,3012.507359,58.583333333333336,2.649125
1997-03-04,5054,2.75,10.4109589,6.156553073,0.139518403,8.0,3589.464837,17.0,3.032666666666666
1997-03-05,5055,18.0,1.780821918,6.757667598,0.233005181,,3413.618378,30.208333333333332,4.432416666666667
1997-03-06,5056,0.0,0.0,5.895377095,1.939662555,,3648.877898,142.58333333333334,3.059958333333334
1997-03-07,5057,1.75,1.780821918,4.726634078,0.348012181,,4065.769544,33.625,6.131333333333333
1997-03-08,5058,0.5,1.780821918,4.04698324,0.899710148,,4346.852351,75.5,3.998958333333333
1997-03-09,5059,1.5,1.780821918,3.519452514,0.185422298,,4617.255171,21.0,4.0460416666666665
1997-03-10,5060,0.0,0.0,3.050648045,2.911862384,,4892.410381,145.95833333333334,8.795250000000001
1997-03-11,5061,0.0,0.0,2.642405028,2.937521974,7.3,5181.269627,142.375,10.623375
1997-03-12,5062,1.25,4.383561644,2.394351955,0.477303734,,5389.279157,45.916666666666664,6.793041666666666
1997-03-13,5063,5.75,4.383561644,2.196603352,0.947481728,,5576.866739,74.75,5.9872499999999995
1997-03-14,5064,10.25,4.383561644,3.050547486,0.582173737,,4900.175873,45.833333333333336,6.515875
1997-03-15,5065,3.5,4.383561644,3.03601676,0.885591709,,4909.936401,48.458333333333336,7.71375
1997-03-16,5066,0.25,4.383561644,2.57100838,1.405307845,,5237.236908,96.625,6.198416666666667
1997-03-17,5067,1.75,4.383561644,2.31227095,0.51992496,,5465.527893,61.083333333333336,5.768625
1997-03-18,5068,18.75,4.383561644,2.775544693,0.63657529,7.1,5157.087546,51.583333333333336,5.03275
1997-03-19,5069,7.25,10.0,5.149307263,0.578556432,,3882.637876,67.70833333333333,3.5825833333333335
1997-03-20,5070,1.5,10.0,3.481039106,0.538134512,,4634.930402,71.375,3.6531249999999997
1997-03-21,5071,0.0,0.0,3.022868715,1.451214817,,4911.91243,140.5,4.003
1997-03-22,5072,7.75,10.0,2.781050279,1.889212082,,5101.25475,162.95833333333334,5.8995
1997-03-23,5073,10.75,10.0,4.024885475,0.62053938,,4363.84474,55.75,4.593333333333333
1997-03-24,5074,4.25,10.0,3.40426257,0.6428438,,4685.143464,64.54166666666667,5.095458333333333
1997-03-25,5075,7.0,10.0,3.320572626,0.317456224,7.2,4745.353787,37.833333333333336,5.698333333333333
1997-03-26,5076,11.75,3.01369863,5.71726257,0.450065575,,3719.045773,53.875,6.9906250000000005
1997-03-27,5077,9.0,3.01369863,4.766455307,1.006158845,,4063.986971,82.08333333333333,5.329625
1997-03-28,5078,0.0,0.0,4.42950838,1.638957504,,4158.051234,151.16666666666666,2.937125
1997-03-29,5079,0.0,0.0,3.627703911,1.319995025,,4557.177688,144.79166666666666,3.8054583333333336
1997-03-30,5080,0.0,0.0,3.194899441,1.859728143,,4803.803757,144.66666666666666,4.314166666666667
1997-03-31,5081,0.0,0.0,2.800759777,3.153076894,,5063.422981,228.54166666666666,6.015375
1997-04-01,5082,0.0,0.0,2.492949721,1.172078254,,5304.226108,106.16666666666667,5.730916666666666
1997-04-02,5083,1.0,3.01369863,2.257868715,1.712251285,6.9,5511.747852,118.91666666666667,6.729875
1997-04-03,5084,1.25,24.31840912,2.084530726,1.070169881,,5676.750657,93.20833333333333,4.17225
1997-04-04,5085,2.5,0.799436938,1.894726257,0.790350071,,5889.279359,88.375,4.067208333333333
1997-04-05,5086,2.5,1.89397141,1.779385475,0.233700877,,6027.355693,15.958333333333334,6.4515
1997-04-06,5087,0.75,4.715820334,1.674678771,0.662903833,,6155.192271,59.333333333333336,7.781666666666666
1997-04-07,5088,0.0,0.0,1.518410615,2.761482742,,6376.742052,178.41666666666666,7.891708333333334
1997-04-08,5089,0.0,0.0,1.380519553,3.394817835,6.7,6596.624704,209.33333333333334,7.612958333333332
1997-04-09,5090,0.0,0.0,1.269703911,4.170734058,,6790.77222,216.83333333333334,10.337666666666665
1997-04-10,5091,0.0,0.0,1.190513966,4.741773744,,6949.063737,249.125,8.847166666666666
1997-04-11,5092,0.0,0.0,1.137418994,3.212740053,,7057.616411,198.33333333333334,7.081541666666666
1997-04-12,5093,0.0,0.0,1.075751397,3.884836162,,7193.233003,243.16666666666666,5.564291666666667
1997-04-13,5094,0.0,0.0,1.031178771,3.980266231,,7298.340761,254.66666666666666,6.915875
1997-04-14,5095,0.0,0.0,0.979541899,2.973309905,,7422.235151,182.04166666666666,8.312541666666666
1997-04-15,5096,0.0,0.0,0.94047486,1.352171798,6.5,7527.409953,97.70833333333333,7.263875
1997-04-16,5097,0.0,0.0,0.89474581,4.342988834,,7649.474789,252.5,8.716125
1997-04-17,5098,0.0,0.0,0.853944134,1.078159618,,7771.128286,78.45833333333333,5.295166666666667
1997-04-18,5099,0.0,0.0,0.832148045,0.778822729,,7839.246003,61.0,4.885833333333333
1997-04-19,5100,0.5,2.313555678,0.817013966,0.903953874,,7885.005392,82.875,2.665791666666667
1997-04-20,5101,0.0,0.0,0.781365922,1.775773108,,7998.585721,170.0,1.1992916666666666
1997-04-21,5102,0.0,0.0,0.756175978,3.419377936,,8084.956232,244.33333333333334,3.814166666666667
1997-04-22,5103,0.0,0.0,0.728472067,2.405062039,6.6,8183.706885,171.375,4.337458333333333
1997-04-23,5104,2.0,3.698630137,0.723695531,1.58661611,,8202.209456,113.58333333333333,5.757375
1997-04-24,5105,0.25,3.698630137,0.694357542,2.02698123,,8311.413945,157.45833333333334,6.555583333333334
1997-04-25,5106,28.5,3.698630137,1.673472067,0.266940109,,6063.444782,21.041666666666668,6.157
1997-04-26,5107,8.75,3.698630137,2.012128492,0.488786827,,5756.113158,36.291666666666664,6.872041666666667
1997-04-27,5108,4.0,3.698630137,1.373480447,2.536275046,,6564.208836,179.79166666666666,8.700166666666666
1997-04-28,5109,25.0,3.698630137,3.878899441,0.550223863,,4097.878681,48.125,8.123375000000001
1997-04-29,5110,0.75,3.698630137,3.3885,1.950250198,8.1,4548.592529,145.29166666666666,7.087208333333333
1997-04-30,5111,0.25,2.328767123,2.069120112,4.741991667,,5675.465125,279.2916666666667,10.884875000000001
1997-05-01,5112,0.0,0.0,1.696851955,5.252858093,,6120.368457,285.7083333333333,13.87375
1997-05-02,5113,0.0,0.0,1.488494413,5.682179689,,6419.648329,288.7916666666667,15.339166666666666
1997-05-03,5114,0.75,2.328767123,1.396810056,2.553746909,,6574.933966,138.625,12.563333333333333
1997-05-04,5115,17.75,2.328767123,2.137324022,0.893640847,,5620.199964,58.583333333333336,9.630416666666667
1997-05-05,5116,23.25,2.328767123,6.331625698,0.919153129,,3374.654071,74.16666666666667,6.2635000000000005
1997-05-06,5117,3.25,2.328767123,4.333575419,1.967043329,7.4,4186.568413,207.45833333333334,0.6601666666666667
1997-05-07,5118,27.0,5.890410959,5.906840782,1.635176853,,3648.800616,173.70833333333334,1.4977083333333334
1997-05-08,5119,28.5,5.890410959,19.95667039,1.100955078,,1768.206964,102.70833333333333,3.0512083333333333
1997-05-09,5120,1.0,5.890410959,8.607846369,1.672366539,,2995.361201,146.08333333333334,4.259666666666667
1997-05-10,5121,10.25,5.890410959,6.084125698,1.696829574,,3619.166492,140.75,5.383500000000001
1997-05-11,5122,14.0,5.890410959,9.431120112,2.10594319,,2878.292551,172.20833333333334,5.413374999999999
1997-05-12,5123,2.5,5.890410959,6.023337989,2.227901909,,3620.177265,184.25,6.138416666666667
1997-05-13,5124,11.0,5.890410959,6.135134078,1.812895445,7.1,3612.159414,129.83333333333334,6.751291666666667
1997-05-14,5125,0.25,1.506849315,4.673363128,3.905955097,,4073.579428,251.04166666666666,8.173166666666667
1997-05-15,5126,0.0,0.0,3.756117318,2.87929779,,4486.430708,195.79166666666666,9.256874999999999
1997-05-16,5127,4.25,1.506849315,3.26096648,0.728578087,,4772.073782,47.625,8.540125
1997-05-17,5128,0.0,0.0,3.006905028,2.162970571,,4916.839596,139.16666666666666,12.180833333333334
1997-05-18,5129,17.5,1.506849315,6.069368715,2.131339398,,3549.857303,126.91666666666667,11.385833333333332
1997-05-19,5130,13.0,1.506849315,5.692952514,1.311070427,8.1,3647.827145,80.625,10.010833333333332
1997-05-20,5131,4.25,1.095890411,5.093497207,2.115821018,,3917.883597,122.5,9.54125
1997-05-21,5132,1.25,1.095890411,4.201642458,0.937790507,,4277.593556,56.625,8.428583333333334
1997-05-22,5133,3.25,1.095890411,3.680371508,0.574437863,,4532.200471,40.5,4.974583333333333
1997-05-23,5134,2.0,1.095890411,3.58873743,2.438900554,,4583.435451,168.25,5.6414583333333335
1997-05-24,5135,0.0,0.0,2.976360335,4.552767844,,4940.394267,329.375,5.763125
1997-05-25,5136,0.0,0.0,2.592125698,5.395696001,,5221.065604,335.2083333333333,8.712625000000001
1997-05-26,5137,0.0,0.0,2.317650838,5.988076817,,5456.016383,335.5,12.177833333333332
1997-05-27,5138,0.0,0.0,2.133678771,3.774707113,,5628.794641,190.5,12.014166666666666
1997-05-28,5139,0.0,0.0,1.911846369,4.833196736,6.9,5862.362526,300.2916666666667,9.050875
1997-05-29,5140,0.0,0.0,1.725712291,6.669037422,,6089.776495,345.1666666666667,12.953916666666666
1997-05-30,5141,0.0,0.0,1.584050279,7.085346021,,6283.268274,341.4166666666667,16.424583333333334
1997-05-31,5142,0.0,0.0,1.47222905,6.731651874,,6448.732605,332.4583333333333,15.714166666666666
1997-06-01,5143,0.0,0.0,1.367572626,6.214375942,,6617.581063,343.625,11.09875
1997-06-02,5144,0.0,0.0,1.270558659,6.328918076,,6792.167777,335.7916666666667,11.314666666666668
1997-06-03,5145,0.0,0.0,1.215905028,4.919430424,6.9,6900.036372,280.8333333333333,10.944041666666665
1997-06-04,5146,0.0,0.0,1.179930168,4.136700717,,6971.77414,254.75,11.601708333333335
1997-06-05,5147,4.5,5.616438356,1.171935754,2.766073482,,7001.746794,147.5,13.44
1997-06-06,5148,3.25,5.616438356,1.224452514,1.270151539,,6877.533242,65.66666666666667,11.972916666666668
1997-06-07,5149,4.5,5.616438356,1.168969274,2.092420112,,6995.101132,117.625,12.315833333333332
1997-06-08,5150,4.75,5.616438356,1.164972067,2.402933108,,6999.517491,142.375,10.383750000000001
1997-06-09,5151,1.0,5.616438356,1.077234637,2.866285628,,7189.808337,175.375,10.847791666666666
1997-06-10,5152,17.5,5.616438356,1.180432961,2.200511718,6.8,7042.48872,111.04166666666667,12.988333333333335
1997-06-11,5153,11.0,1.369863014,2.622217877,2.172313065,,4978.53697,111.45833333333333,13.776666666666666
1997-06-12,5154,2.0,1.369863014,1.433916201,1.767831722,,6487.839555,106.83333333333333,11.445833333333333
1997-06-13,5155,5.25,1.369863014,1.418078212,0.962361679,,6543.576412,72.0,10.137
1997-06-14,5156,2.25,1.369863014,1.276416201,1.232544492,,6780.219078,98.58333333333333,7.626833333333334
1997-06-15,5157,0.5,1.369863014,1.194988827,3.759024727,,6937.668155,205.75,9.020375
1997-06-16,5158,0.0,0.0,1.122536313,3.4347229,,7090.77624,189.875,9.560875000000001
1997-06-17,5159,0.25,1.369863014,1.082111732,4.176029441,6.7,7179.916676,225.33333333333334,10.669125000000001
1997-06-18,5160,14.25,1.232876712,1.461243017,2.394771457,,6389.423413,134.08333333333334,10.15875
1997-06-19,5161,8.0,1.232876712,2.295578212,1.982713145,,5421.796304,139.125,8.779166666666667
1997-06-20,5162,20.25,1.232876712,3.123150838,0.816771263,,4784.59136,48.625,8.046000000000001
1997-06-21,5163,70.5,1.232876712,40.79606983,0.72948915,,834.1035179,55.541666666666664,8.23625
1997-06-22,5164,0.25,1.232876712,12.41140223,2.655013731,,2364.3531,147.20833333333334,10.487499999999999
1997-06-23,5165,0.0,0.0,6.116354749,1.65123097,,3575.300008,121.95833333333333,8.446166666666667
1997-06-24,5166,2.0,1.232876712,4.18349162,2.743280758,7.2,4275.039548,171.83333333333334,8.471375
1997-06-25,5167,26.75,0.821917808,8.342597765,2.197818625,,3083.096964,129.0,11.037916666666668
1997-06-26,5168,14.25,0.821917808,11.15230726,1.006112686,,2631.586999,62.75,6.492249999999999
1997-06-27,5169,0.25,0.821917808,6.924243017,2.124527351,,3375.86791,107.54166666666667,7.716875000000001
1997-06-28,5170,1.25,0.821917808,5.013527933,0.905936323,,3950.37425,46.583333333333336,9.456666666666667
1997-06-29,5171,0.0,0.0,3.960201117,1.98965965,,4382.764322,113.95833333333333,10.625
1997-06-30,5172,0.0,0.0,3.264486034,1.963719281,,4757.333929,124.20833333333333,9.095416666666667
1997-07-01,5173,2.25,0.821917808,2.792614525,2.391455657,6.9,5070.603283,158.70833333333334,8.400708333333332
1997-07-02,5174,4.5,1.369863014,2.570505587,1.647625194,,5243.062996,118.58333333333333,7.416875
1997-07-03,5175,8.5,1.369863014,2.959315642,2.461805644,,4952.956731,170.95833333333334,8.872208333333333
1997-07-04,5176,0.0,0.0,2.319335196,3.370039698,,5447.811432,214.66666666666666,10.262083333333333
1997-07-05,5177,0.0,0.0,2.05348324,4.907238162,,5709.471896,303.5,11.995833333333332
1997-07-06,5178,0.0,0.0,1.864810056,6.578875338,,5920.469076,345.9583333333333,15.0875
1997-07-07,5179,0.0,0.0,1.775111732,3.796970476,,6033.32032,181.5,15.617916666666666
1997-07-08,5180,0.0,0.0,1.677494413,6.289330539,6.7,6155.050769,329.375,16.23125
1997-07-09,5181,3.0,1.232876712,1.624022346,4.343004708,,6233.967964,205.04166666666666,16.72041666666667
1997-07-10,5182,0.0,0.0,1.556069832,5.672604198,,6323.79074,285.8333333333333,16.437083333333334
1997-07-11,5183,0.0,0.0,1.492793296,3.781913735,,6422.434712,209.95833333333334,15.060833333333333
1997-07-12,5184,0.0,0.0,1.452620112,2.6755762,,6484.627425,141.875,14.448749999999999
1997-07-13,5185,3.25,1.232876712,1.484120112,2.013037308,,6439.516182,104.33333333333333,12.979999999999999
1997-07-14,5186,11.5,1.232876712,1.490002793,3.367818597,,6465.110323,227.29166666666666,12.408333333333333
1997-07-15,5187,3.0,1.232876712,1.708617318,1.781703005,6.6,6076.613142,121.375,13.295
1997-07-16,5188,5.75,1.643835616,1.50000838,1.682804344,,6413.298149,114.0,12.112916666666665
1997-07-17,5189,6.25,1.643835616,1.808321229,3.062353041,,5972.569645,200.08333333333334,11.830833333333333
1997-07-18,5190,0.0,0.0,1.397513966,4.404178916,,6565.331087,239.41666666666666,12.873333333333333
1997-07-19,5191,0.0,0.0,1.272268156,5.74419164,,6786.372002,289.75,15.743333333333334
1997-07-20,5192,0.0,0.0,1.205145251,5.052672136,,6921.197093,247.58333333333334,16.495
1997-07-21,5193,4.75,1.643835616,1.366189944,3.425158566,,6609.144833,181.91666666666666,15.395000000000001
1997-07-22,5194,0.25,1.643835616,1.221410615,4.601552259,6.1,6880.272991,219.375,16.133333333333333
1997-07-23,5195,0.5,1.232876712,1.14599162,4.954112445,,7040.475261,252.5,15.72375
1997-07-24,5196,16.25,1.232876712,1.436430168,2.486020785,,6512.56493,155.16666666666666,13.386666666666665
1997-07-25,5197,0.0,0.0,1.277069832,3.425239819,,6763.78997,202.54166666666666,12.614166666666668
1997-07-26,5198,12.5,1.232876712,1.681567039,0.82649206,,6111.108235,55.0,12.936666666666667
1997-07-27,5199,0.25,1.232876712,1.400782123,4.778655542,,6527.091519,297.4583333333333,12.840416666666668
1997-07-28,5200,0.0,0.0,1.182896648,4.544796314,,6960.122054,262.2083333333333,14.098333333333334
1997-07-29,5201,15.52359023,1.232876712,1.552022346,4.745403412,5.9,6251.273494,260.125,14.198749999999999
1997-07-30,5202,0.0,0.0,1.725586592,2.820936497,,5926.204893,166.875,12.085
1997-07-31,5203,20.32582688,2.876712329,2.417681564,1.149747716,,5338.322395,65.20833333333333,11.079583333333334
1997-08-01,5204,8.55678193,2.876712329,3.00977095,1.030018228,,4933.794228,80.66666666666667,13.376666666666667
1997-08-02,5205,0.0,0.0,2.417354749,3.456611315,,5347.57695,179.70833333333334,13.23625
1997-08-03,5206,6.118314105,2.876712329,2.159371508,0.791879643,,5621.186449,47.0,11.91375
1997-08-04,5207,3.2555992,2.876712329,2.170910615,1.493468012,,5591.290427,68.58333333333333,12.224166666666667
1997-08-05,5208,2.25770709,2.876712329,2.066480447,0.797208518,6.1,5700.823383,36.583333333333336,12.257083333333334
1997-08-06,5209,6.22437589,1.917808219,2.150798883,1.920497874,,5620.600616,101.0,14.893749999999999
1997-08-07,5210,0.62990749,1.917808219,2.157460894,3.757819508,,5586.384368,177.0,17.15458333333333
1997-08-08,5211,0.0,0.0,1.856212291,4.294290372,,5930.786213,191.25,18.535416666666666
1997-08-09,5212,0.0,0.0,1.721086592,5.745109154,,6095.776858,290.0,17.390416666666667
1997-08-10,5213,0.0,0.0,1.604664804,6.445735296,,6254.569884,266.5416666666667,19.601666666666667
1997-08-11,5214,0.0,0.0,1.526782123,2.982752186,,6369.266795,134.375,18.748333333333335
1997-08-12,5215,0.0,0.0,1.444701117,3.600413999,6.2,6494.962216,180.58333333333334,17.562916666666666
1997-08-13,5216,0.25,3.711277336,1.409782123,2.338801341,,6554.480858,123.29166666666667,15.367083333333333
1997-08-14,5217,0.25,1.220334293,1.327223464,4.417833816,,6688.980268,224.45833333333334,15.414166666666667
1997-08-15,5218,0.0,0.0,1.247958101,4.976318101,,6834.801284,228.625,15.7875
1997-08-16,5219,0.0,0.0,1.172111732,5.311833341,,6984.818436,241.79166666666666,17.659166666666668
1997-08-17,5220,0.25,2.062909533,1.129424581,3.74383651,,7075.684982,171.45833333333334,17.195
1997-08-18,5221,0.0,0.0,1.078265363,4.564037557,,7186.421339,205.45833333333334,17.105416666666667
1997-08-19,5222,0.0,0.0,1.021650838,4.313238951,6.5,7319.861382,194.20833333333334,19.045833333333334
1997-08-20,5223,5.5,1.232876712,1.087667598,0.965225015,,7173.114794,61.416666666666664,17.675833333333333
1997-08-21,5224,18.5,1.232876712,1.457321229,1.174279786,,6436.518839,78.875,16.302916666666665
1997-08-22,5225,5.25,1.232876712,1.366441341,2.901344139,,6519.602777,155.08333333333334,14.844166666666666
1997-08-23,5226,19.75,1.232876712,2.838243017,1.39658217,,5023.609216,84.75,15.807083333333333
1997-08-24,5227,6.0,1.232876712,2.445108939,1.362095665,,5317.453739,88.5,13.589583333333332
1997-08-25,5228,3.0,1.232876712,1.838564246,3.662562874,,5931.640946,206.58333333333334,12.855416666666665
1997-08-26,5229,0.25,1.232876712,1.501416201,2.842448531,6.2,6397.323061,150.83333333333334,12.8375
1997-08-27,5230,4.0,4.246575342,1.463480447,2.137191288,,6468.458418,153.16666666666666,12.012500000000001
1997-08-28,5231,30.0,4.246575342,4.917871508,2.242162057,,3295.453046,124.33333333333333,11.255
1997-08-29,5232,14.25,4.246575342,9.328701117,2.280028073,,2798.077469,132.79166666666666,10.950833333333334
1997-08-30,5233,3.5,4.246575342,5.159388268,4.088677587,,3879.993022,238.29166666666666,11.801250000000001
1997-08-31,5234,19.5,4.246575342,6.960167598,1.03469159,,3411.347053,42.833333333333336,12.44375
1997-09-01,5235,8.75,4.246575342,9.663536313,2.130094345,,2817.630733,123.25,11.284999999999998
1997-09-02,5236,1.0,4.246575342,5.477681564,2.522046492,6.1,3782.713604,145.125,11.79875
1997-09-03,5237,20.25,4.109589041,8.574511173,0.567742702,,2996.323692,22.166666666666668,12.723333333333334
1997-09-04,5238,5.75,4.109589041,6.788463687,2.499658902,,3401.573788,151.20833333333334,11.292083333333332
1997-09-05,5239,7.5,4.109589041,6.94872905,2.134389725,,3399.519241,135.25,11.094583333333333
1997-09-06,5240,11.5,4.109589041,5.509910615,1.73849924,,3809.353436,99.29166666666667,10.753333333333332
1997-09-07,5241,2.75,4.109589041,5.74876257,1.5353345,,3705.155355,78.08333333333333,11.287916666666668
1997-09-08,5242,0.5,4.109589041,4.540751397,1.793137613,,4134.599452,128.5,11.092916666666667
1997-09-09,5243,0.0,0.0,3.745960894,4.073159054,6.2,4490.578404,211.375,10.793333333333335
1997-09-10,5244,0.0,0.0,3.178784916,4.151761357,,4812.304194,205.95833333333334,12.140041666666667
1997-09-11,5245,4.75,8.082191781,2.938851955,1.126487438,,4980.876404,69.41666666666667,10.647916666666667
1997-09-12,5246,9.5,8.082191781,3.183159218,1.540549077,,4815.395424,97.75,8.445541666666667
1997-09-13,5247,4.5,8.082191781,2.826804469,1.569358088,,5050.57001,106.54166666666667,7.13375
1997-09-14,5248,0.75,8.082191781,2.554969274,2.284883177,,5249.43785,139.125,9.385416666666666
1997-09-15,5249,13.75,8.082191781,2.862276536,1.082519881,,5033.639665,58.875,10.603333333333333
1997-09-16,5250,8.0,8.082191781,3.356044693,1.123108226,6.3,4715.749818,56.291666666666664,11.894583333333335
1997-09-17,5251,2.0,1.917808219,3.826256983,0.743069051,,4444.228778,51.833333333333336,11.454166666666666
1997-09-18,5252,6.0,1.917808219,3.358835196,1.591195673,,4721.230999,90.70833333333333,12.343333333333334
1997-09-19,5253,9.5,1.917808219,5.105614525,0.233734093,,3935.748322,12.125,9.674166666666666
1997-09-20,5254,1.25,1.917808219,4.320703911,0.736500741,,4224.187172,40.5,10.467083333333333
1997-09-21,5255,0.0,0.0,3.567142458,2.739741789,,4586.882233,161.875,10.24
1997-09-22,5256,0.0,0.0,3.113321229,2.582334907,,4854.738499,156.66666666666666,10.072625
1997-09-23,5257,0.0,0.0,2.838368715,1.278056986,7.8,5043.173923,79.79166666666667,8.90025
1997-09-24,5258,0.0,0.0,2.597882682,2.03283364,,5220.98382,112.91666666666667,10.149166666666666
1997-09-25,5259,0.0,0.0,2.388821229,0.474004992,,5393.522431,26.875,10.360416666666667
1997-09-26,5260,0.0,0.0,2.226997207,0.837457154,,5542.927382,41.208333333333336,10.452083333333333
1997-09-27,5261,0.0,0.0,2.067988827,1.176512758,,5697.722969,63.75,10.501666666666667
1997-09-28,5262,0.0,0.0,1.909432961,1.941727215,,5871.237496,107.29166666666667,11.482916666666666
1997-09-29,5263,3.5,2.602739726,1.854301676,0.975853285,,5939.390039,60.666666666666664,12.917499999999999
1997-09-30,5264,4.75,2.602739726,1.892061453,0.869983858,6.7,5898.275953,55.666666666666664,13.649166666666666
1997-10-01,5265,4.25,1.232876712,2.055871508,0.588011205,,5711.764245,35.875,13.506666666666668
1997-10-02,5266,0.25,1.232876712,1.81201676,2.161923735,,5978.123111,129.33333333333334,10.007916666666667
1997-10-03,5267,1.0,1.232876712,1.681441341,0.890678452,,6151.479415,54.75,10.7575
1997-10-04,5268,0.0,0.0,1.597097765,0.811754501,,6268.262514,48.708333333333336,10.505833333333333
1997-10-05,5269,0.25,1.232876712,1.517656425,1.481400915,,6383.990063,84.91666666666667,10.730833333333335
1997-10-06,5270,7.0,1.232876712,1.666558659,0.422122351,,6179.504907,22.083333333333332,11.0525
1997-10-07,5271,8.45,1.232876712,2.104013966,0.923104868,6.4,5651.286657,85.20833333333333,8.367958333333332
1997-10-08,5272,27.75,3.01369863,4.359670391,0.364687505,,4280.432457,23.708333333333332,9.9825
1997-10-09,5273,30.8,3.01369863,17.20458101,1.030363925,,1955.317199,54.416666666666664,11.499166666666667
1997-10-10,5274,4.7,3.01369863,10.36317318,1.13630107,,2687.099207,66.375,8.735
1997-10-11,5275,24.75,3.01369863,11.79550559,0.276581372,,2525.610273,18.583333333333332,6.672250000000001
1997-10-12,5276,0.75,3.01369863,10.37617039,1.277112883,,2685.245051,98.95833333333333,5.507833333333333
1997-10-13,5277,2.6,3.01369863,6.52872067,1.349313627,7.0,3479.858508,87.45833333333333,4.912083333333333
1997-10-14,5278,23.8,0.95890411,6.334818436,0.342858143,,3686.863776,36.416666666666664,5.877125
1997-10-15,5279,8.0,0.95890411,13.88752793,0.771905149,,2203.471786,63.625,10.294583333333334
1997-10-16,5280,8.4,0.95890411,7.886312849,0.434083051,,3187.498787,25.708333333333332,11.819166666666666
1997-10-17,5281,1.5,0.95890411,6.620606145,0.405439533,,3467.996872,18.5,12.161666666666667
1997-10-18,5282,0.35,0.95890411,5.128818436,2.278477549,,3913.961016,109.66666666666667,13.578333333333333
1997-10-19,5283,2.85,0.95890411,4.299536313,1.525909817,,4239.249425,79.66666666666667,14.52625
1997-10-20,5284,0.25,0.95890411,3.712726257,0.256254982,,4509.360648,7.875,6.296458333333334
1997-10-21,5285,0.0,0.0,3.160759777,1.431307693,6.9,4823.587125,108.70833333333333,4.794833333333334
1997-10-22,5286,0.0,0.0,2.808578212,0.468124485,,5061.35547,48.333333333333336,2.8022916666666666
1997-10-23,5287,0.0,0.0,2.510949721,0.700392475,,5287.990482,60.166666666666664,3.4784583333333337
1997-10-24,5288,0.0,0.0,2.275717877,1.181250944,,5494.548464,97.875,2.637166666666667
1997-10-25,5289,0.25,3.448757878,2.1015,1.435726048,,5663.818649,100.25,3.7137499999999997
1997-10-26,5290,0.0,0.0,1.954307263,0.359334411,,5821.158751,36.916666666666664,3.0407499999999996
1997-10-27,5291,0.0,0.0,1.835547486,0.302254875,,5957.403725,32.0,4.4910000000000005
1997-10-28,5292,0.0,0.0,1.698837989,0.878549581,6.7,6126.073154,101.875,1.1755
1997-10-29,5293,0.0,0.0,1.615701117,1.217222547,,6242.961514,91.625,3.1824999999999997
1997-10-30,5294,0.25,5.288745463,1.551695531,0.532510848,,6333.670881,24.833333333333332,6.263166666666667
1997-10-31,5295,0.25,1.150395142,1.484346369,1.462899412,,6434.052024,76.29166666666667,7.391791666666666
1997-11-01,5296,0.5,5.147637138,1.421597765,0.460295873,,6534.623988,31.166666666666668,7.711041666666667
1997-11-02,5297,1.0,14.28334516,1.399399441,0.309906861,,6572.682622,19.708333333333332,9.173333333333334
1997-11-03,5298,0.25,3.48873686,1.361011173,0.744626966,,6632.86934,45.5,5.873
1997-11-04,5299,1.25,2.135320968,1.303868715,0.175376313,6.7,6738.110521,7.625,4.591375
1997-11-05,5300,3.5,3.287671233,1.349120112,0.199728804,,6658.448969,10.833333333333334,7.929916666666667
1997-11-06,5301,0.0,0.0,1.260955307,0.434442772,,6809.795349,33.541666666666664,7.52525
1997-11-07,5302,9.75,3.287671233,1.256455307,0.199803394,,6877.587395,21.583333333333332,4.898583333333334
1997-11-08,5303,17.5,3.287671233,3.304055866,0.466138001,,4754.100021,33.541666666666664,4.663250000000001
1997-11-09,5304,11.25,3.287671233,3.387368715,0.355635179,,4712.621732,28.208333333333332,4.371083333333334
1997-11-10,5305,14.5,3.287671233,7.01472067,0.229256048,,3347.71487,19.0,4.967958333333333
1997-11-11,5306,1.25,3.287671233,5.107122905,0.266558433,6.3,3884.713492,32.541666666666664,5.460208333333333
1997-11-12,5307,0.0,0.0,3.64346648,0.672209418,,4540.016073,49.791666666666664,5.140541666666667
1997-11-13,5308,4.5,1.095890411,3.344581006,0.365255461,,4721.468677,41.0,3.232583333333333
1997-11-14,5309,11.0,1.095890411,4.048315642,0.204407039,,4352.873844,9.041666666666666,7.431416666666666
1997-11-15,5310,3.25,1.095890411,4.154354749,0.397478224,,4297.484525,18.875,10.92875
1997-11-16,5311,10.75,1.095890411,5.595410615,0.314335623,,3727.216339,5.958333333333333,10.989166666666668
1997-11-17,5312,4.75,1.095890411,4.860150838,0.544459229,,4011.158604,10.125,10.375
1997-11-18,5313,15.25,1.095890411,8.874980447,0.28497266,6.0,3003.068348,9.541666666666666,9.622916666666667
1997-11-19,5314,4.25,3.424657534,6.855435754,0.41192477,,3412.856305,23.25,7.521375
1997-11-20,5315,16.25,3.424657534,8.065407821,0.30046726,,3088.403231,24.291666666666668,6.169625
1997-11-21,5316,2.5,3.424657534,7.131041899,0.176094026,,3327.062092,23.625,3.0396666666666667
1997-11-22,5317,0.0,0.0,5.434189944,0.297954691,,3810.464348,32.75,2.8253749999999997
1997-11-23,5318,6.75,3.424657534,4.708206704,0.16947568,,4095.50172,10.541666666666666,3.4605416666666664
1997-11-24,5319,10.75,3.424657534,7.406949721,0.097573727,,3284.09514,2.9166666666666665,5.775208333333333
1997-11-25,5320,2.0,3.424657534,5.518784916,0.049050242,6.7,3787.837449,3.5416666666666665,3.3425833333333332
1997-11-26,5321,0.25,1.095890411,4.721656425,0.101709851,,4066.755229,6.208333333333333,6.108750000000001
1997-11-27,5322,0.0,0.0,4.06877933,0.151017141,,4340.947676,16.041666666666668,5.750708333333333
1997-11-28,5323,60.75,1.095890411,22.70189665,0.131689399,,1487.135532,3.875,6.65425
1997-11-29,5324,37.5,1.095890411,40.29568994,0.14431376,,884.3553755,5.125,5.812708333333333
1997-11-30,5325,2.25,1.095890411,13.63107821,0.13898152,,2262.544796,27.625,3.4437916666666664
1997-12-01,5326,0.25,1.095890411,7.70100838,0.037139768,,3201.974644,14.291666666666666,1.5670416666666667
1997-12-02,5327,0.5,1.095890411,5.567153631,0.0,6.7,3763.415994,32.041666666666664,-1.6409583333333335
1997-12-03,5328,0.5,10.4109589,4.438131285,0.259067472,,4175.821311,69.66666666666667,-0.679625
1997-12-04,5329,0.75,10.4109589,3.715240223,0.183256194,,4510.018959,44.416666666666664,-0.5109583333333333
1997-12-05,5330,0.5,10.4109589,3.29251676,0.467723018,,4749.402902,20.625,2.3642083333333335
1997-12-06,5331,1.0,10.4109589,3.010826816,0.441824121,,4920.404097,10.625,6.0369166666666665
1997-12-07,5332,7.0,10.4109589,2.920726257,0.355420366,,4992.186502,1.875,7.129708333333333
1997-12-08,5333,17.0,10.4109589,5.681689944,0.455388094,,3717.243164,9.75,6.578833333333333
1997-12-09,5334,24.75,10.4109589,7.357575419,0.302156504,6.5,3332.98223,7.041666666666667,7.1355
1997-12-10,5335,45.0,6.02739726,37.50850559,0.252128152,5.4,844.6781762,8.916666666666666,8.265083333333333
1997-12-11,5336,18.5,6.02739726,16.29905028,0.239082303,,2090.249158,7.916666666666667,6.036958333333334
1997-12-12,5337,1.0,6.02739726,10.06290503,0.160290754,,2756.846878,31.541666666666668,2.781333333333333
1997-12-13,5338,0.0,0.0,6.691575419,0.17299935,,3441.296628,20.375,4.707583333333333
1997-12-14,5339,0.0,0.0,5.094150838,0.472777357,,3923.679222,39.0,4.484708333333333
1997-12-15,5340,0.25,6.02739726,4.133740223,0.205208521,,4307.318117,19.291666666666668,0.7076250000000001
1997-12-16,5341,0.0,0.0,3.519653631,0.341696922,6.7,4614.182397,16.958333333333332,-1.2945416666666667
1997-12-17,5342,0.0,0.0,3.081896648,0.078174789,,4876.172549,3.0416666666666665,-2.8905
1997-12-18,5343,10.75,3.835616438,4.067748603,0.142894571,,4340.956901,6.333333333333333,3.8812916666666664
1997-12-19,5344,0.0,0.0,3.218455307,0.185193456,,4783.928517,29.458333333333332,5.1593333333333335
1997-12-20,5345,0.0,0.0,2.813053073,0.33673037,,5057.664854,34.666666666666664,5.410666666666667
1997-12-21,5346,0.25,3.835616438,2.572240223,0.484639381,,5242.64489,40.083333333333336,3.6147500000000004
1997-12-22,5347,10.0,3.835616438,3.07503352,0.08254968,,4877.913493,2.0416666666666665,3.5585416666666667
1997-12-23,5348,33.0,3.835616438,13.0667933,0.192553085,6.7,1916.919298,4.708333333333333,7.464916666666667
1997-12-24,5349,9.0,33.69863014,11.97894972,0.444434442,,2487.496039,3.7916666666666665,7.1213750000000005
1997-12-25,5350,6.5,33.69863014,8.302550279,0.615531782,,3095.311417,9.666666666666666,5.71575
1997-12-26,5351,5.75,33.69863014,6.421550279,0.398419585,,3524.036672,18.0,4.137458333333333
1997-12-27,5352,11.0,33.69863014,6.823131285,0.174570888,,3430.884532,10.666666666666666,2.9631666666666665
1997-12-28,5353,7.5,33.69863014,6.819184358,0.146845459,,3428.930402,8.958333333333334,3.8664166666666664
1997-12-29,5354,4.0,33.69863014,5.716759777,0.019219197,,3736.236044,4.5,4.028041666666667
1997-12-30,5355,14.5,33.69863014,6.141192737,0.272037263,,3653.746675,10.708333333333334,6.357916666666667
1997-12-31,5356,14.0,33.69863014,15.18347765,0.342036452,,2150.681461,35.541666666666664,2.088458333333333
1998-01-01,5357,14.0,33.69863014,10.6017486,0.331959746,,2703.355,6.541666666666667,3.2882916666666664
1998-01-02,5358,13.0,33.69863014,11.85956145,0.287049749,,2537.776036,11.875,3.8172916666666663
1998-01-03,5359,37.25,33.69863014,33.14903631,0.720119763,,1021.679113,11.458333333333334,3.826375
1998-01-04,5360,36.5,33.69863014,24.91315642,0.335246992,,1443.856496,4.625,2.072
1998-01-05,5361,4.75,33.69863014,15.47296089,0.0,,2096.989433,2.5,0.7401666666666666
1998-01-06,5362,25.0,33.69863014,15.16862011,0.156371567,12.6,2164.084016,3.9166666666666665,2.838875
1998-01-07,5363,15.25,7.123287671,16.03747207,0.21732981,,2101.851818,11.541666666666666,1.7824583333333335
1998-01-08,5364,32.25,7.123287671,30.54547207,0.319563638,,1178.990493,1.9583333333333333,6.337125
1998-01-09,5365,2.5,7.123287671,14.37694693,0.397676925,,2199.433933,8.166666666666666,8.441666666666666
1998-01-10,5366,0.0,0.0,8.253125698,0.9062137,,3089.48614,31.375,9.503333333333334
1998-01-11,5367,2.5,7.123287671,6.022206704,0.435543116,,3631.210583,20.0,7.582249999999999
1998-01-12,5368,22.0,7.123287671,9.672134078,0.230873933,,2678.555268,6.958333333333333,7.015250000000001
1998-01-13,5369,19.25,7.123287671,12.78005028,0.064013108,10.4,2432.329869,3.0,6.4095
1998-01-14,5370,15.5,6.712328767,14.81867598,0.256675188,,2195.056053,12.666666666666666,2.414875
1998-01-15,5371,21.25,6.712328767,13.30340782,0.408152809,,2398.158853,20.708333333333332,4.340291666666666
1998-01-16,5372,8.5,6.712328767,13.89627654,0.221249818,,2264.740844,19.166666666666668,3.211
1998-01-17,5373,7.75,6.712328767,9.25722905,0.295431728,,2922.954714,14.208333333333334,4.0785
1998-01-18,5374,61.75,6.712328767,34.60733799,0.231732542,,994.2934174,8.625,3.6837916666666666
1998-01-19,5375,1.0,6.712328767,15.97867039,0.218270626,,1997.481797,35.833333333333336,0.02950000000000001
1998-01-20,5376,0.0,0.0,8.213782123,0.298106517,10.0,3097.739568,51.25,-1.3215416666666666
1998-01-21,5377,2.25,7.123287671,6.207988827,0.215133558,,3582.243324,13.666666666666666,2.2132916666666667
1998-01-22,5378,1.0,7.123287671,5.140332402,0.18080545,,3912.613044,12.666666666666666,4.976708333333334
1998-01-23,5379,0.0,0.0,4.224946927,0.180095037,,4265.652367,26.041666666666668,-1.7769583333333332
1998-01-24,5380,0.25,7.123287671,3.622826816,0.477156755,,4560.878462,49.833333333333336,-0.680125
1998-01-25,5381,0.0,0.0,3.171418994,0.390242692,,4818.845672,40.916666666666664,-1.1275416666666667
1998-01-26,5382,0.0,0.0,2.812600559,0.289788311,,5057.189264,34.083333333333336,-1.7863333333333333
1998-01-27,5383,0.0,0.0,2.541318436,0.123175398,8.7,5265.400516,27.541666666666668,-1.8360416666666666
1998-01-28,5384,0.0,0.0,2.300203911,0.170723032,,5472.676199,35.583333333333336,-2.524375
1998-01-29,5385,0.0,0.0,2.114924581,0.076057755,,5648.409483,11.083333333333334,-0.6433333333333333
1998-01-30,5386,0.25,1.219609744,1.937287709,0.155372114,,5838.036652,20.5,0.5033333333333333
1998-01-31,5387,0.25,10.92331395,1.784614525,0.090948372,,6016.785093,12.166666666666666,0.264625
1998-02-01,5388,0.0,0.0,1.643078212,0.636108285,,6201.476647,65.70833333333333,-0.19429166666666667
1998-02-02,5389,0.5,10.62884262,1.546541899,0.736761113,,6339.102109,77.25,0.8939583333333333
1998-02-03,5390,0.25,11.17467491,1.438969274,0.880911568,8.1,6503.168465,80.66666666666667,1.0700833333333333
1998-02-04,5391,2.5,4.520547945,1.433639665,0.520290997,,6515.372253,40.5,3.405291666666667
1998-02-05,5392,1.0,4.520547945,1.339290503,0.373877779,,6671.927697,24.25,4.098958333333333
1998-02-06,5393,24.25,4.520547945,2.655125698,0.512213347,,4965.572441,28.541666666666668,3.684208333333333
1998-02-07,5394,7.5,4.520547945,4.753382682,0.373908254,,3838.903376,36.75,1.6371250000000002
1998-02-08,5395,0.0,0.0,2.715863128,0.578242483,,5111.799883,37.25,4.622166666666667
1998-02-09,5396,4.25,4.520547945,2.360162011,0.436960626,,5421.751332,23.333333333333332,6.276791666666667
1998-02-10,5397,17.5,4.520547945,4.558374302,0.300876559,8.8,4043.453044,20.375,6.494416666666666
1998-02-11,5398,0.25,1.917808219,4.578460894,0.31233445,,4076.151135,7.625,7.530708333333333
1998-02-12,5399,0.0,0.0,3.487072626,0.446337117,,4631.767812,24.708333333333332,9.02125
1998-02-13,5400,0.0,0.0,3.039837989,0.910905134,,4900.826897,57.458333333333336,9.8825
1998-02-14,5401,0.0,0.0,2.659550279,1.900365899,,5168.963373,74.75,10.415416666666667
1998-02-15,5402,1.25,1.917808219,2.394150838,1.829828646,,5390.096452,69.58333333333333,10.286541666666666
1998-02-16,5403,1.75,1.917808219,2.238134078,0.312625716,,5529.639218,15.25,5.281791666666667
1998-02-17,5404,0.0,0.0,2.047374302,1.498214686,9.7,5718.61297,101.25,5.786375
1998-02-18,5405,0.0,0.0,1.877128492,1.064943618,,5906.698709,82.5,5.542833333333333
1998-02-19,5406,0.75,5.753424658,1.766513966,0.504396085,,6042.103722,31.208333333333332,6.3995
1998-02-20,5407,1.0,5.753424658,1.664949721,0.956212165,,6174.111415,40.458333333333336,8.352416666666667
1998-02-21,5408,11.0,5.753424658,2.098634078,0.691860063,,5669.706885,51.833333333333336,3.9102916666666663
1998-02-22,5409,7.25,5.753424658,2.358804469,0.959265721,,5425.795085,90.04166666666667,2.4890000000000003
1998-02-23,5410,3.0,5.753424658,2.197256983,0.304274014,,5570.342425,16.541666666666668,5.6321666666666665
1998-02-24,5411,0.0,0.0,1.957877095,0.77521026,8.3,5813.388733,66.54166666666667,5.141125
1998-02-25,5412,0.0,0.0,1.81877933,1.241823077,,5977.354909,75.66666666666667,4.4738750000000005
1998-02-26,5413,8.0,3.01369863,2.004662011,0.402064278,,5773.818907,22.333333333333332,4.908666666666667
1998-02-27,5414,11.75,3.01369863,2.484100559,0.692047565,,5313.06064,30.416666666666668,3.5101666666666667
1998-02-28,5415,7.25,3.01369863,2.982670391,0.520447853,,4908.11827,80.08333333333333,-0.166625
1998-03-01,5416,16.0,3.01369863,4.560586592,0.566610206,,4089.464201,63.708333333333336,2.056125
1998-03-02,5417,28.5,3.01369863,15.01242737,0.502805167,,2015.025987,30.416666666666668,4.522875
1998-03-03,5418,113.25,3.01369863,76.54052514,0.486815013,6.3,174.435251,26.875,8.520000000000001
1998-03-04,5419,13.5,2.328767123,34.63918994,0.977049661,,747.9060393,79.16666666666667,2.5741666666666667
1998-03-05,5420,17.0,2.328767123,12.31760615,0.787572977,,2478.735986,57.166666666666664,2.210625
1998-03-06,5421,103.25,2.328767123,101.0016453,0.41930649,,-94.53616632,16.958333333333332,7.393958333333334
1998-03-07,5422,14.75,2.328767123,29.35840223,0.910085722,,1094.136798,59.458333333333336,5.745
1998-03-08,5423,2.75,2.328767123,13.46100838,0.904925409,,2288.456997,74.25,3.1026249999999997
1998-03-09,5424,2.0,2.328767123,7.789701117,1.091695996,,3184.5073,94.25,1.388
1998-03-10,5425,15.25,2.328767123,7.084709497,0.479738751,7.9,3390.652978,22.0,4.1125
1998-03-11,5426,4.75,12.73972603,7.924399441,1.617749055,,3134.423404,114.45833333333333,2.6468333333333334
1998-03-12,5427,4.75,12.73972603,5.669497207,0.646388115,,3741.529673,63.208333333333336,2.7867916666666663
1998-03-13,5428,0.5,12.73972603,4.711751397,0.895548551,,4066.171603,67.29166666666667,4.9325
1998-03-14,5429,0.0,0.0,3.897377095,1.655389376,,4417.420801,116.16666666666667,5.150416666666667
1998-03-15,5430,0.0,0.0,3.352223464,0.746544606,,4709.696337,86.45833333333333,4.560333333333333
1998-03-16,5431,0.0,0.0,2.943502793,0.848680738,,4966.092352,64.375,4.731791666666667
1998-03-17,5432,0.0,0.0,2.629608939,0.609707532,7.8,5193.855192,41.625,5.678958333333333
1998-03-18,5433,0.0,0.0,2.341986034,1.36945759,,5431.487745,114.95833333333333,5.309083333333334
1998-03-19,5434,0.25,14.59881107,2.12772067,2.270711905,,5635.369901,153.45833333333334,4.304083333333334
1998-03-20,5435,0.0,0.0,1.948952514,0.644186834,,5825.730141,50.25,4.5027083333333335
1998-03-21,5436,0.0,0.0,1.77903352,0.885485479,,6022.855893,67.16666666666667,5.144166666666666
1998-03-22,5437,0.0,0.0,1.64101676,1.327000294,,6203.717064,112.58333333333333,3.2890416666666664
1998-03-23,5438,0.0,0.0,1.53897486,0.672474938,,6350.101531,49.625,3.6151250000000004
1998-03-24,5439,18.0,10.12492366,1.761636872,0.565196438,7.3,6127.863144,47.708333333333336,4.0732083333333335
1998-03-25,5440,30.25,0.273972603,6.903201117,0.528255134,,3468.177572,41.833333333333336,6.577166666666667
1998-03-26,5441,36.75,0.273972603,26.82615922,0.423907291,,1306.589223,33.416666666666664,7.604875
1998-03-27,5442,1.5,0.273972603,8.828798883,1.204359523,,2942.923769,98.125,7.641916666666667
1998-03-28,5443,0.25,0.273972603,5.262134078,2.07029963,,3849.220226,134.83333333333334,8.963625
1998-03-29,5444,2.5,0.273972603,4.044444134,0.419231757,,4347.641057,24.25,8.849124999999999
1998-03-30,5445,0.5,0.273972603,3.327486034,1.119064982,,4717.877508,75.83333333333333,7.4775
1998-03-31,5446,0.0,0.0,2.808,3.326821672,7.5,5057.188133,196.16666666666666,8.61275
1998-04-01,5447,5.25,2.465753425,2.531438547,0.282987171,,5284.116683,18.291666666666668,6.261125
1998-04-02,5448,12.5,2.465753425,2.952050279,1.902489577,,5071.620301,127.625,6.2902916666666675
1998-04-03,5449,7.75,2.465753425,4.248678771,1.080780275,,4184.752658,77.16666666666667,4.657333333333333
1998-04-04,5450,29.25,2.465753425,12.30134078,0.565891419,,2460.326836,43.625,5.355291666666666
1998-04-05,5451,15.5,2.465753425,18.04014804,0.829195908,,1908.991839,69.04166666666667,4.768791666666666
1998-04-06,5452,0.5,2.465753425,8.763460894,1.398618142,,2970.40253,113.29166666666667,4.866333333333333
1998-04-07,5453,2.25,2.465753425,5.633773743,1.72898582,7.4,3734.735913,124.875,4.373541666666667
1998-04-08,5454,15.75,2.191780822,6.588603352,0.4848142,,3484.841216,46.75,2.7414583333333336
1998-04-09,5455,3.5,2.191780822,5.996564246,0.254502728,,3637.605923,19.541666666666668,1.539625
1998-04-10,5456,1.25,2.191780822,4.72877095,0.752174325,,4062.102357,77.0,-0.24387499999999998
1998-04-11,5457,8.25,2.191780822,4.33048324,0.830517087,,4231.696828,139.20833333333334,-0.4116666666666667
1998-04-12,5458,1.75,2.191780822,3.801368715,1.653000431,,4467.083999,191.08333333333334,-0.719375
1998-04-13,5459,2.0,2.191780822,3.392421788,2.002445002,,4692.995604,211.16666666666666,-0.29058333333333336
1998-04-14,5460,9.75,2.191780822,3.533405028,1.085275,7.2,4621.109874,150.625,-0.4837916666666667
1998-04-15,5461,9.0,2.191780822,3.735955307,1.607275053,,4508.549738,209.16666666666666,0.09250000000000001
1998-04-16,5462,6.75,2.191780822,3.876184358,1.128737525,,4440.211094,137.79166666666666,1.524
1998-04-17,5463,0.0,0.0,3.513092179,2.797904746,,4617.87038,220.0,2.351125
1998-04-18,5464,0.25,2.191780822,3.089941341,2.800456103,,4870.021705,211.66666666666666,3.8056249999999996
1998-04-19,5465,11.0,2.191780822,3.485337989,0.359693317,,4646.02312,27.791666666666668,3.5559583333333333
1998-04-20,5466,7.75,2.191780822,4.597114525,1.50058499,,4113.996313,131.95833333333334,4.946083333333333
1998-04-21,5467,9.0,2.191780822,4.145203911,0.479023646,7.1,4341.550946,32.291666666666664,5.619791666666667
1998-04-22,5468,4.5,2.876712329,4.61775419,0.745741347,,4101.894423,42.958333333333336,7.941958333333333
1998-04-23,5469,3.25,2.876712329,4.299636872,0.690077994,,4243.649348,46.25,6.434875000000001
1998-04-24,5470,5.0,2.876712329,4.417717877,2.395095872,,4194.382651,169.04166666666666,7.290958333333333
1998-04-25,5471,10.5,2.876712329,4.273918994,2.209974129,,4267.117677,161.83333333333334,6.576333333333333
1998-04-26,5472,23.75,2.876712329,12.6603352,1.574388885,,2424.366826,123.04166666666667,4.823041666666667
1998-04-27,5473,0.25,2.876712329,7.272879888,3.293416312,,3287.387749,224.95833333333334,5.94275
1998-04-28,5474,1.75,2.876712329,5.219120112,2.091146185,7.3,3878.346792,158.70833333333334,5.457666666666667
1998-04-29,5475,3.5,5.342465753,4.214815642,2.51845697,,4275.322972,163.29166666666666,7.1025
1998-04-30,5476,0.0,0.0,3.585620112,1.988226955,,4573.206209,131.16666666666666,6.6184166666666675
1998-05-01,5477,0.0,0.0,3.057812849,4.830408194,,4887.618891,298.2916666666667,7.014958333333333
1998-05-02,5478,0.0,0.0,2.661812849,4.426229081,,5167.059975,262.2916666666667,8.803416666666667
1998-05-03,5479,0.0,0.0,2.360865922,4.768320052,,5414.1732,290.2916666666667,7.435708333333333
1998-05-04,5480,0.5,5.342465753,2.19222905,1.698057817,,5576.644326,107.41666666666667,6.516958333333334
1998-05-05,5481,37.5,5.342465753,6.689287709,0.493175151,6.9,3096.651851,27.541666666666668,6.098291666666667
1998-05-06,5482,8.25,4.109589041,7.414743017,1.913528677,,3202.894016,129.125,7.768375
1998-05-07,5483,2.0,4.109589041,4.895019553,1.558526233,,3989.880751,93.375,8.3275
1998-05-08,5484,0.75,4.109589041,3.835709497,3.860505878,,4447.468925,211.66666666666666,10.664583333333333
1998-05-09,5485,0.0,0.0,3.298575419,3.334823897,,4740.326838,228.16666666666666,9.787958333333334
1998-05-10,5486,9.75,4.109589041,3.365547486,1.25389663,,4705.134514,88.625,6.169208333333334
1998-05-11,5487,1.75,4.109589041,3.182379888,0.453079772,,4812.693065,38.916666666666664,6.7575
1998-05-12,5488,0.25,4.109589041,2.868837989,2.848668247,7.2,5018.694058,204.95833333333334,9.352208333333333
1998-05-13,5489,0.0,0.0,2.567790503,3.536943989,,5242.497201,221.79166666666666,13.294166666666667
1998-05-14,5490,2.0,4.958866637,2.385678771,3.173287088,,5397.10692,154.29166666666666,15.369166666666667
1998-05-15,5491,0.0,0.0,2.16751676,4.860472871,,5595.877741,242.375,15.099583333333333
1998-05-16,5492,0.0,0.0,1.942290503,5.595697188,,5829.559479,286.875,14.1075
1998-05-17,5493,0.0,0.0,1.777550279,5.498153606,,6026.003861,313.7916666666667,12.055875
1998-05-18,5494,0.0,0.0,1.641695531,6.171330716,,6201.768345,320.5416666666667,13.31725
1998-05-19,5495,0.0,0.0,1.520874302,5.152508531,6.8,6374.658969,248.83333333333334,14.7275
1998-05-20,5496,0.0,0.0,1.416921788,5.889400578,,6538.500316,282.25,14.472083333333332
1998-05-21,5497,0.0,0.0,1.342784916,4.748765765,,6663.255772,279.625,10.616125
1998-05-22,5498,0.0,0.0,1.260905028,3.47011552,,6810.26688,214.125,9.731125
1998-05-23,5499,0.0,0.0,1.211581006,1.963947684,,6910.379777,116.125,8.426333333333334
1998-05-24,5500,0.0,0.0,1.173569832,2.534897304,,6983.208635,180.375,8.795833333333333
1998-05-25,5501,0.0,0.0,1.124597765,2.394376375,,7086.722739,135.54166666666666,8.912625
1998-05-26,5502,5.5,1.232876712,1.116301676,1.651386083,,7107.428187,116.79166666666667,6.354500000000001
1998-05-27,5503,5.0,1.232876712,1.115421788,2.08118884,,7116.209802,165.20833333333334,4.831458333333333
1998-05-28,5504,0.25,1.232876712,1.070120112,3.65847803,,7195.260181,233.29166666666666,7.348333333333333
1998-05-29,5505,0.75,1.232876712,0.989396648,3.271081993,,7394.510873,205.75,8.920666666666667
1998-05-30,5506,0.0,0.0,0.914581006,5.586221716,,7596.514246,319.5,10.85
1998-05-31,5507,1.75,1.232876712,0.905756983,2.554913582,,7621.76681,152.16666666666666,9.524125
1998-06-01,5508,3.5,1.232876712,0.886726257,3.057496116,,7678.908791,190.66666666666666,9.896083333333333
1998-06-02,5509,39.25,1.232876712,5.205418994,0.412318751,5.8,3550.256928,29.75,8.240833333333333
1998-06-03,5510,3.5,0.821917808,1.942265363,1.617378384,,5790.141405,114.58333333333333,7.081708333333332
1998-06-04,5511,0.0,0.0,1.517958101,4.235954574,,6364.828312,260.3333333333333,8.904375
1998-06-05,5512,3.75,0.821917808,1.366164804,1.877189108,,6633.886644,87.95833333333333,9.48875
1998-06-06,5513,6.75,0.821917808,1.471022346,1.219924085,,6466.585737,73.66666666666667,10.367916666666666
1998-06-07,5514,7.0,0.821917808,1.869209497,1.954448363,,5921.430752,128.20833333333334,9.269166666666667
1998-06-08,5515,34.75,0.821917808,11.25226257,0.823475999,,1976.233329,59.541666666666664,9.886666666666667
1998-06-09,5516,8.5,0.821917808,7.492575419,1.871671191,5.4,3222.744303,126.5,10.451666666666666
1998-06-10,5517,18.5,2.602739726,8.987731844,2.792520297,,2930.305789,190.54166666666666,8.316458333333333
1998-06-11,5518,8.5,2.602739726,8.397829609,3.576517478,,3063.747136,251.625,6.300291666666666
1998-06-12,5519,1.0,2.602739726,5.151243017,4.150475561,,3890.41243,311.0833333333333,7.058666666666666
1998-06-13,5520,20.25,2.602739726,7.766120112,1.042230973,,3187.728389,58.083333333333336,8.097291666666667
1998-06-14,5521,1.75,2.602739726,6.243385475,2.269188369,,3553.578421,143.20833333333334,8.898333333333333
1998-06-15,5522,0.0,0.0,4.616522346,2.472081636,,4099.064153,150.0,7.9266250000000005
1998-06-16,5523,0.25,2.602739726,3.687435754,4.496684793,6.4,4517.695454,295.1666666666667,9.066166666666666
1998-06-17,5524,24.0,0.684931507,5.081681564,1.629926835,,3978.46099,106.95833333333333,8.838041666666667
1998-06-18,5525,43.75,0.684931507,25.95695531,1.662763395,,1412.779035,100.58333333333333,12.037916666666668
1998-06-19,5526,0.0,0.0,12.10158101,6.219941998,,2426.758588,303.5833333333333,15.705833333333333
1998-06-20,5527,3.0,0.684931507,6.763122905,1.274715588,,3418.565954,73.58333333333333,16.409583333333334
1998-06-21,5528,2.25,0.684931507,4.84127095,2.984166958,,4010.04013,180.20833333333334,11.479583333333332
1998-06-22,5529,8.75,0.684931507,4.122351955,2.420798961,,4322.142586,152.83333333333334,10.075833333333334
1998-06-23,5530,22.25,0.684931507,9.50553352,2.338317017,5.0,2876.589944,144.54166666666666,12.469583333333333
1998-06-24,5531,10.75,1.506849315,8.589041899,2.219526083,,3042.282715,151.83333333333334,11.467916666666667
1998-06-25,5532,29.0,1.506849315,12.10002235,2.226738868,,2439.334986,149.25,9.34875
1998-06-26,5533,25.75,1.506849315,19.18965922,1.461018244,,1853.951174,97.625,9.124583333333334
1998-06-27,5534,8.25,1.506849315,15.89945531,2.150673883,,2089.336738,144.58333333333334,9.237916666666667
1998-06-28,5535,3.25,1.506849315,8.606136872,3.80032888,,3016.406376,232.66666666666666,10.310833333333333
1998-06-29,5536,1.0,1.506849315,6.112835196,2.233623778,,3605.151936,160.5,9.92125
1998-06-30,5537,2.25,1.506849315,4.868346369,2.115229126,6.1,4003.529769,137.5,9.820416666666667
1998-07-01,5538,0.0,0.0,3.932195531,3.918679706,,4398.644338,213.125,11.407499999999999
1998-07-02,5539,0.0,0.0,3.358684358,2.160988287,,4705.285103,132.95833333333334,9.79125
1998-07-03,5540,0.0,0.0,2.888547486,4.826532807,,4999.965961,321.0,10.64
1998-07-04,5541,0.25,4.644918879,2.566583799,1.593349556,,5243.82601,119.45833333333333,10.253333333333334
1998-07-05,5542,2.75,1.844401392,2.320994413,2.335420799,,5454.867079,119.16666666666667,11.5525
1998-07-06,5543,0.5,1.815992234,2.134307263,1.865830318,,5626.13558,119.125,11.930416666666666
1998-07-07,5544,0.0,0.0,1.858801676,4.097480685,6.3,5922.428723,246.83333333333334,10.06975
1998-07-08,5545,6.25,2.191780822,1.73549162,1.711940529,,6092.304063,129.16666666666666,9.962083333333334
1998-07-09,5546,15.0,2.191780822,3.480837989,2.002223187,,4574.951033,101.70833333333333,11.206666666666665
1998-07-10,5547,4.25,2.191780822,2.234187151,3.160934523,,5534.955196,186.70833333333334,11.664583333333333
1998-07-11,5548,21.5,2.191780822,4.182913408,1.367528895,,4132.694477,82.29166666666667,10.720416666666667
1998-07-12,5549,27.25,2.191780822,15.39688827,1.482239476,,2115.336798,96.45833333333333,11.587916666666667
1998-07-13,5550,8.75,2.191780822,7.524276536,1.661851837,,3242.725951,112.20833333333333,8.450416666666667
1998-07-14,5551,7.0,2.191780822,6.127918994,1.109219629,,3612.510218,77.33333333333333,9.272499999999999
1998-07-15,5552,1.5,2.191780822,5.142544693,3.204764445,,3899.605196,212.66666666666666,10.255416666666667
1998-07-16,5553,0.0,0.0,4.086175978,4.226718771,,4325.936317,245.08333333333334,11.149958333333332
1998-07-17,5554,6.25,2.191780822,3.581648045,2.84162485,,4584.926176,186.875,10.28
1998-07-18,5555,0.25,2.191780822,3.074153631,2.7142627,,4874.730216,166.04166666666666,9.897499999999999
1998-07-19,5556,2.75,2.191780822,2.775695531,1.907284846,,5085.865898,118.58333333333333,12.011666666666665
1998-07-20,5557,17.75,2.191780822,3.937675978,1.485785351,,4413.099502,77.75,13.730833333333335
1998-07-21,5558,27.0,2.191780822,7.89599162,1.726959043,5.9,2992.769208,114.875,10.419166666666667
1998-07-22,5559,5.25,3.561643836,9.916843575,1.711718632,,2684.110969,98.08333333333333,11.255416666666667
1998-07-23,5560,7.5,3.561643836,8.245634078,1.67430395,,3110.379909,100.54166666666667,10.719583333333333
1998-07-24,5561,0.25,3.561643836,5.570924581,3.293409491,,3756.923669,223.25,10.137500000000001
1998-07-25,5562,0.0,0.0,4.356879888,3.168415006,,4209.227601,190.625,10.774000000000001
1998-07-26,5563,4.5,3.561643836,3.821505587,1.212301568,,4463.562585,89.91666666666667,10.015833333333333
1998-07-27,5564,0.5,3.561643836,3.320497207,2.777206867,,4724.192036,176.75,11.819166666666668
1998-07-28,5565,8.75,3.561643836,3.545949721,2.083127479,5.9,4608.176657,119.83333333333333,12.044166666666667
1998-07-29,5566,17.5,1.506849315,6.006796089,1.78553996,,3614.011936,90.91666666666667,10.856250000000001
1998-07-30,5567,36.0,1.506849315,20.43047765,1.01869634,,1755.526477,57.166666666666664,10.227916666666667
1998-07-31,5568,5.5,1.506849315,11.45921229,1.001190801,,2562.00322,64.125,9.5425
1998-08-01,5569,3.5,1.506849315,8.062365922,2.265062966,,3136.936474,122.16666666666667,10.641666666666667
1998-08-02,5570,0.25,1.506849315,5.89801676,3.494409734,,3661.67234,194.54166666666666,11.95875
1998-08-03,5571,39.0,1.506849315,17.10879888,0.548497484,,1868.202072,37.666666666666664,11.659166666666666
1998-08-04,5572,0.0,0.0,10.49804749,2.207478879,5.3,2668.476218,125.5,10.826666666666666
1998-08-05,5573,0.25,2.270282338,6.480150838,4.335466625,,3492.793119,289.3333333333333,11.278333333333334
1998-08-06,5574,0.0,0.0,4.998670391,2.310840672,,3958.928927,146.41666666666666,10.971666666666666
1998-08-07,5575,0.0,0.0,4.130120112,2.885165168,,4309.359054,169.75,12.834166666666667
1998-08-08,5576,0.0,0.0,3.491547486,5.805357126,,4629.034226,288.4583333333333,15.417499999999999
1998-08-09,5577,0.25,1.577896981,3.015603352,4.779059371,,4915.440205,235.83333333333334,16.854166666666668
1998-08-10,5578,0.0,0.0,2.698240223,2.192262293,,5141.76918,119.79166666666667,15.602916666666667
1998-08-11,5579,0.0,0.0,2.384371508,5.076185091,6.3,5393.403645,267.2083333333333,14.94625
1998-08-12,5580,6.0,1.780821918,2.329416201,1.222742337,,5449.601532,79.625,10.630833333333333
1998-08-13,5581,1.75,1.780821918,2.130159218,1.40681476,,5636.634848,87.33333333333333,10.678333333333333
1998-08-14,5582,30.0,1.780821918,5.150765363,0.834242802,,3666.639903,55.291666666666664,13.480416666666668
1998-08-15,5583,0.0,0.0,4.357458101,4.011792479,,4079.215071,242.83333333333334,10.830416666666666
1998-08-16,5584,0.0,0.0,2.933849162,2.302707843,,4965.225451,139.70833333333334,11.36
1998-08-17,5585,9.75,1.780821918,3.250432961,2.418509415,,4769.281778,156.625,12.39625
1998-08-18,5586,0.25,1.780821918,2.653642458,3.942311521,5.9,5169.991172,224.16666666666666,10.70275
1998-08-19,5587,0.5,1.643835616,2.375748603,3.639216958,,5406.241925,183.375,11.809166666666668
1998-08-20,5588,33.25,1.643835616,4.404670391,1.656383157,,4234.44907,100.375,11.115
1998-08-21,5589,10.5,1.643835616,12.81642737,2.399341625,,2224.219191,129.0,11.21875
1998-08-22,5590,0.5,1.643835616,5.128969274,2.132806558,,3894.928062,132.95833333333334,9.522083333333333
1998-08-23,5591,56.5,1.643835616,28.33655028,0.700541815,,1020.920515,41.291666666666664,11.86
1998-08-24,5592,0.75,1.643835616,11.71267039,3.483539755,,2468.859346,197.33333333333334,10.002708333333333
1998-08-25,5593,12.0,1.643835616,7.053586592,1.401259051,5.9,3389.11753,93.75,11.286666666666667
1998-08-26,5594,3.5,1.232876712,7.649120112,1.601718507,,3202.177858,106.5,10.587958333333333
1998-08-27,5595,0.0,0.0,5.095583799,3.628122204,,3918.914214,225.58333333333334,9.327416666666666
1998-08-28,5596,0.0,0.0,4.110812849,1.977893249,,4317.881586,118.58333333333333,9.96925
1998-08-29,5597,0.0,0.0,3.461455307,3.443716939,,4645.315579,183.58333333333334,11.373333333333333
1998-08-30,5598,0.0,0.0,2.979276536,3.531728896,,4939.507342,190.91666666666666,12.558166666666667
1998-08-31,5599,3.25,1.232876712,2.707391061,0.976612641,,5140.422515,54.458333333333336,11.72125
1998-09-01,5600,2.25,1.232876712,2.539181564,2.021289906,6.1,5262.872587,110.25,13.058750000000002
1998-09-02,5601,0.0,0.0,2.190846369,2.712301441,,5571.3518,151.20833333333334,12.795
1998-09-03,5602,0.0,0.0,1.967555866,3.865852546,,5801.851752,223.45833333333334,11.398333333333333
1998-09-04,5603,14.5,1.506849315,2.491541899,0.744986872,,5239.494739,43.208333333333336,9.979041666666665
1998-09-05,5604,0.25,1.506849315,2.330773743,2.783253837,,5399.587838,156.29166666666666,12.7025
1998-09-06,5605,2.5,1.506849315,1.950108939,0.964364954,,5827.444721,50.375,12.051250000000001
1998-09-07,5606,13.5,1.506849315,2.507631285,1.007075185,,5274.545239,49.208333333333336,12.50625
1998-09-08,5607,13.5,1.506849315,5.327069832,1.804194886,5.1,3800.017044,103.25,12.2675
1998-09-09,5608,30.5,4.109589041,16.75669274,1.164554148,,1897.491453,66.29166666666667,11.902916666666668
1998-09-10,5609,61.0,4.109589041,33.08269274,1.190660028,,964.5584579,77.79166666666667,9.615833333333333
1998-09-11,5610,11.75,4.109589041,24.95413408,1.137375256,,1329.922139,88.75,7.148416666666667
1998-09-12,5611,53.0,4.109589041,29.49053631,1.833045283,,1205.391423,135.95833333333334,5.916166666666666
1998-09-13,5612,2.75,4.109589041,19.20232961,2.775852733,,1681.677297,184.95833333333334,7.003666666666667
1998-09-14,5613,3.5,4.109589041,8.818265363,1.358314196,,2976.253726,98.04166666666667,7.72475
1998-09-15,5614,12.0,4.109589041,7.410519553,0.751049761,5.6,3296.863732,43.5,9.1485
1998-09-16,5615,0.0,0.0,5.917022346,2.079272881,,3649.513755,128.08333333333334,7.831541666666666
1998-09-17,5616,1.0,1.780821918,4.588717877,2.55120949,,4114.610921,140.45833333333334,9.725208333333333
1998-09-18,5617,11.0,1.780821918,4.724446927,0.745992566,,4072.537755,53.416666666666664,12.692916666666667
1998-09-19,5618,2.25,1.780821918,4.157346369,1.131915809,,4299.850086,73.95833333333333,13.4375
1998-09-20,5619,0.25,1.780821918,3.511960894,3.590995045,,4618.529482,180.41666666666666,14.564583333333333
1998-09-21,5620,0.0,0.0,3.129561453,1.298162471,,4846.564025,93.25,10.971666666666666
1998-09-22,5621,0.0,0.0,2.824013966,1.458862475,5.9,5049.993089,83.25,9.877916666666666
1998-09-23,5622,0.0,0.0,2.505318436,1.860714079,,5292.463212,112.45833333333333,10.935
1998-09-24,5623,0.0,0.0,2.301837989,0.27523014,,5472.065962,18.208333333333332,10.141666666666667
1998-09-25,5624,0.5,0.95890411,2.13677095,0.4198969,,5629.352604,25.083333333333332,10.728333333333333
1998-09-26,5625,17.75,0.95890411,3.587706704,0.245327882,,4349.583712,16.333333333333332,11.299166666666666
1998-09-27,5626,0.5,0.95890411,3.603368715,0.506402868,,4474.42145,30.875,11.307916666666666
1998-09-28,5627,0.0,0.0,2.644667598,0.911474517,,5176.148188,65.83333333333333,10.413333333333332
1998-09-29,5628,8.25,0.95890411,2.347215084,1.67148501,6.0,5444.436991,97.58333333333333,9.1035
1998-09-30,5629,13.25,1.232876712,5.617181564,0.62791717,,3755.992876,37.166666666666664,10.12125
1998-10-01,5630,2.0,1.232876712,3.759134078,0.575529627,,4482.262416,33.75,9.78875
1998-10-02,5631,0.5,1.232876712,3.263178771,0.279086351,,4764.241556,23.5,7.297125
1998-10-03,5632,0.0,0.0,2.933044693,1.424504449,,4975.320536,112.54166666666667,5.271416666666666
1998-10-04,5633,0.5,1.232876712,2.670310056,0.746794237,,5164.571332,47.416666666666664,5.4639999999999995
1998-10-05,5634,0.75,1.232876712,2.424293296,0.634721171,,5363.281448,42.333333333333336,5.741416666666667
1998-10-06,5635,0.75,1.232876712,2.263148045,0.21334588,6.1,5507.430229,17.666666666666668,6.219374999999999
1998-10-07,5636,0.0,0.0,2.072111732,1.573563785,,5691.414734,108.75,6.2050833333333335
1998-10-08,5637,0.0,0.0,1.892111732,2.126228668,,5889.591508,143.58333333333334,5.756958333333333
1998-10-09,5638,16.25,2.876712329,3.069125698,0.650773419,,4710.361711,52.625,8.2845
1998-10-10,5639,7.5,2.876712329,2.678304469,0.855225782,,5143.835306,45.0,7.457
1998-10-11,5640,13.25,2.876712329,5.641893855,1.865904176,,3681.06146,102.04166666666667,8.454333333333333
1998-10-12,5641,0.0,0.0,3.435812849,1.406758988,,4645.283376,86.16666666666667,6.605875
1998-10-13,5642,21.0,2.876712329,5.405731844,0.246866099,5.7,3821.441129,15.25,11.059166666666668
1998-10-14,5643,27.5,3.287671233,24.04060894,1.200587775,,1348.391719,78.16666666666667,9.261291666666667
1998-10-15,5644,0.25,3.287671233,7.559472067,0.730424678,,3213.703508,51.25,6.6345
1998-10-16,5645,63.0,3.287671233,33.08221508,0.253869393,,797.0744528,12.541666666666666,9.444083333333333
1998-10-17,5646,8.75,3.287671233,19.30047486,0.256529815,,1724.98737,25.625,4.522958333333333
1998-10-18,5647,3.5,3.287671233,8.883301676,1.251754413,,2963.795778,98.875,3.700791666666667
1998-10-19,5648,7.5,3.287671233,6.585259777,0.694537513,,3480.955923,60.75,4.660791666666666
1998-10-20,5649,11.75,3.287671233,5.809600559,0.318825512,5.7,3755.337943,19.375,6.797958333333334
1998-10-21,5650,12.25,20.95890411,12.82318994,0.585250381,,2358.689926,24.625,10.927083333333334
1998-10-22,5651,67.0,20.95890411,33.46639944,0.845753286,,915.5324527,43.25,11.893333333333333
1998-10-23,5652,38.0,20.95890411,45.53253352,0.334668082,,610.0841615,29.208333333333332,7.857833333333333
1998-10-24,5653,55.25,20.95890411,40.88001117,0.349054228,,814.5706342,7.458333333333333,7.186208333333333
1998-10-25,5654,20.5,20.95890411,25.16249162,0.724048422,,1413.190786,55.583333333333336,4.600083333333333
1998-10-26,5655,21.25,20.95890411,14.25969553,0.632330598,,2323.118574,45.625,5.038375
1998-10-27,5656,75.75,20.95890411,55.63558659,0.263283329,17.1,444.1456135,5.333333333333333,10.02625
1998-10-28,5657,7.75,8.219178082,24.69024302,1.048097121,,1327.657844,38.5,6.165333333333333
1998-10-29,5658,13.0,8.219178082,11.50280447,0.70325886,,2593.221299,35.083333333333336,4.399541666666667
1998-10-30,5659,8.5,8.219178082,10.90168994,0.852693444,,2658.3757,60.708333333333336,4.50925
1998-10-31,5660,20.0,8.219178082,11.62747207,0.067173104,,2581.765747,9.875,4.97
1998-11-01,5661,6.75,8.219178082,9.477879888,0.529025434,,2873.925343,56.625,3.034875
1998-11-02,5662,17.5,8.219178082,12.15605866,0.153020399,,2507.181515,13.25,3.9636666666666667
1998-11-03,5663,2.23117404,8.219178082,9.359346369,0.128991083,9.2,2880.375045,18.208333333333332,2.9562916666666665
1998-11-04,5664,7.805024305,10.68493151,7.094840782,0.379027554,,3360.482491,63.958333333333336,0.26733333333333337
1998-11-05,5665,10.33456053,10.68493151,8.583259777,0.477747155,,3058.961763,21.5,4.55975
1998-11-06,5666,4.480623915,10.68493151,7.2495,0.543485575,,3322.069879,48.083333333333336,5.495291666666667
1998-11-07,5667,0.60585984,10.68493151,5.760075419,0.613357965,,3710.688492,28.875,6.149333333333334
1998-11-08,5668,22.90194107,10.68493151,7.576039106,0.566922239,,3378.276826,39.875,8.753791666666666
1998-11-09,5669,10.30930016,10.68493151,12.95406704,0.48932282,,2286.770691,27.666666666666668,8.016708333333334
1998-11-10,5670,0.51757137,10.68493151,8.026969274,0.338814965,8.7,3103.554151,30.291666666666668,3.974458333333333
1998-11-11,5671,3.193716705,18.08219178,5.977634078,0.535388385,,3653.136162,46.583333333333336,3.841958333333333
1998-11-12,5672,36.89135204,18.08219178,16.17450838,0.238152941,,1994.945887,3.9583333333333335,4.522708333333333
1998-11-13,5673,11.34135049,18.08219178,11.16377095,0.258391532,,2605.446066,30.208333333333332,2.6227916666666666
1998-11-14,5674,8.919794115,18.08219178,10.60727933,0.281072539,,2689.919661,26.291666666666668,2.520166666666667
1998-11-15,5675,0.0,0.0,7.145698324,0.278174113,,3336.74755,50.583333333333336,1.5775833333333333
1998-11-16,5676,0.34005294,18.08219178,5.613712291,0.400169399,,3754.229534,72.04166666666667,-0.47812499999999997
1998-11-17,5677,0.08004278,18.08219178,4.603148045,0.150086434,8.6,4110.791383,29.0,-0.3909583333333333
1998-11-18,5678,0.0,0.0,3.87148324,0.058756454,,4432.266682,19.291666666666668,2.2192916666666664
1998-11-19,5679,0.32865642,1.780821918,3.351946927,0.113795734,,4710.01537,16.541666666666668,1.2617916666666666
1998-11-20,5680,0.25465802,1.780821918,2.932994413,0.518710087,,4972.496273,30.041666666666668,2.6341666666666668
1998-11-21,5681,0.8173984,1.780821918,2.610100559,0.318760856,,5208.253317,4.541666666666667,4.257125
1998-11-22,5682,7.18422378,1.780821918,2.502527933,0.421232162,,5307.673677,9.666666666666666,2.268875
1998-11-23,5683,0.4086992,1.780821918,2.357094972,0.28968768,,5408.551484,37.25,2.6439583333333334
1998-11-24,5684,14.0063414,1.780821918,4.267458101,0.44197969,9.3,4198.014331,46.75,4.203916666666667
1998-11-25,5685,5.93109022,5.068493151,3.107589385,0.230995145,,4864.018048,20.208333333333332,4.096208333333333
1998-11-26,5686,7.484190845,5.068493151,3.366930168,0.24912769,,4713.08127,4.25,5.6434999999999995
1998-11-27,5687,9.13689011,5.068493151,3.742868715,0.225785798,,4525.048422,11.416666666666666,7.657666666666667
1998-11-28,5688,16.46521988,5.068493151,9.269497207,0.187174714,,2830.034821,20.125,5.036708333333333
1998-11-29,5689,1.365876745,5.068493151,5.544930168,0.243184692,,3761.646255,43.375,2.4486250000000003
1998-11-30,5690,1.365876745,5.068493151,4.34853352,0.130663323,,4215.100785,13.125,3.0695
1998-12-01,5691,0.0,0.0,3.672150838,0.241216467,8.5,4533.674719,35.208333333333336,0.7380833333333333
1998-12-02,5692,0.0,0.0,3.235449721,0.061161323,,4779.875098,17.458333333333332,-0.46295833333333336
1998-12-03,5693,1.234915315,1.506849315,2.905114525,0.134887156,,4995.323871,15.041666666666666,0.916125
1998-12-04,5694,0.0,0.0,2.590768156,0.10300994,,5222.126606,64.58333333333333,-0.7956666666666666
1998-12-05,5695,3.991568455,1.506849315,2.433519553,0.0,,5356.726309,12.75,-1.3462083333333332
1998-12-06,5696,0.86693069,1.506849315,2.182600559,0.120977333,,5583.272678,26.375,-0.8845833333333334
1998-12-07,5697,0.629907485,1.506849315,2.076335196,0.206303651,,5695.118629,15.25,4.125291666666667
1998-12-08,5698,27.86628022,1.506849315,9.730659218,0.147606404,8.4,2698.418815,8.333333333333334,6.477125
1998-12-09,5699,0.36798463,2.739726027,4.761553073,0.11116912,,4019.045042,11.166666666666666,5.3155
1998-12-10,5700,7.61515228,2.739726027,4.596913408,0.246211356,,4113.24112,7.708333333333333,6.8832916666666675
1998-12-11,5701,8.35112154,2.739726027,4.066114525,0.192167256,,4367.438348,13.416666666666666,5.950083333333333
1998-12-12,5702,14.10145101,2.739726027,7.930206704,0.373937557,,3190.032986,17.708333333333332,7.114083333333333
1998-12-13,5703,6.567460855,2.739726027,7.127924581,0.388594484,,3344.80115,16.958333333333332,6.157125
1998-12-14,5704,24.97866565,2.739726027,14.38164804,0.187202432,,2106.97126,2.9583333333333335,9.329583333333334
1998-12-15,5705,15.25520422,2.739726027,18.19096089,0.104914029,8.8,1858.552027,7.666666666666667,5.915416666666666
1998-12-16,5706,0.25,6.575342466,9.506539106,0.398875864,,2842.232125,30.083333333333332,5.529625
1998-12-17,5707,8.25,6.575342466,6.671865922,0.335223953,,3468.50068,5.083333333333333,6.4394583333333335
1998-12-18,5708,15.0,6.575342466,8.174136872,0.023803007,,3115.513054,8.166666666666666,3.7870000000000004
1998-12-19,5709,13.0,6.575342466,9.766910615,0.027806942,,2836.838341,9.416666666666666,1.4161666666666666
1998-12-20,5710,0.25,6.575342466,6.835600559,0.418133037,,3402.099467,69.0,-2.3147083333333334
1998-12-21,5711,7.75,6.575342466,5.781921788,0.176900366,,3719.349135,21.791666666666668,-0.391125
1998-12-22,5712,7.0,6.575342466,5.765756983,0.290918026,8.2,3724.719964,22.958333333333332,3.3221666666666665
1998-12-23,5713,10.25,9.726027397,8.402405028,0.0,,3064.667526,15.333333333333334,1.858125
1998-12-24,5714,36.75,9.726027397,16.15298883,0.082833587,,1902.319608,6.375,3.610333333333333
1998-12-25,5715,27.25,9.726027397,26.06860056,0.243214291,,1428.439862,5.666666666666667,5.424666666666667
1998-12-26,5716,11.25,9.726027397,14.96790503,0.581795245,,2185.696079,2.25,3.6336666666666666
1998-12-27,5717,5.5,9.726027397,9.606041899,0.182195491,,2856.969162,5.583333333333333,2.3110416666666667
1998-12-28,5718,3.5,9.726027397,7.631648045,0.008837984,,3231.028687,11.375,0.38795833333333335
1998-12-29,5719,6.75,9.726027397,6.485882682,0.240735075,,3519.980715,4.166666666666667,2.471041666666667
1998-12-30,5720,2.25,9.726027397,5.820486034,0.223771186,,3693.308384,17.375,4.574333333333334
1998-12-31,5721,1.5,9.726027397,4.765826816,0.547916756,,4049.274658,40.833333333333336,3.7948749999999998
1999-01-01,5722,16.0,9.726027397,4.783600559,0.20682116,,4098.78903,9.916666666666666,3.5711666666666666
1999-01-02,5723,16.25,9.726027397,9.550206704,0.322130345,,2898.971799,15.458333333333334,2.061625
1999-01-03,5724,30.5,9.726027397,14.70072067,0.223089627,,2278.638166,17.416666666666668,2.2720833333333332
1999-01-04,5725,3.5,9.726027397,15.70105307,0.346609729,,1979.247894,13.5,5.4892916666666665
1999-01-05,5726,11.0,9.726027397,12.59177933,0.132769932,10.2,2450.864047,2.4583333333333335,8.2475
1999-01-06,5727,22.25,4.931506849,15.62055587,0.103401419,,2091.478459,6.208333333333333,4.392333333333333
1999-01-07,5728,15.75,4.931506849,15.70449721,0.119891211,,2090.23457,5.583333333333333,2.932375
1999-01-08,5729,2.5,4.931506849,10.52725978,0.0,,2700.584122,1.3333333333333333,0.441125
1999-01-09,5730,0.75,4.931506849,7.295379888,0.263614201,,3298.732993,4.708333333333333,-1.6710833333333335
1999-01-10,5731,0.0,0.0,5.560265363,0.0,,3768.730179,3.125,-2.948375
1999-01-11,5732,0.5,4.931506849,4.501231844,0.390454942,,4151.428175,11.083333333333334,-2.8377499999999998
1999-01-12,5733,16.75,4.931506849,8.043385475,0.143854737,8.4,3092.86098,13.583333333333334,0.449375
1999-01-13,5734,28.5,5.753424658,14.99332123,0.245555167,,2088.890548,9.583333333333334,2.330458333333333
1999-01-14,5735,8.0,5.753424658,11.91514525,0.399951863,,2523.95141,12.208333333333334,2.4942083333333334
1999-01-15,5736,70.25,5.753424658,47.32325698,0.253259058,,507.3211567,2.625,5.76725
1999-01-16,5737,5.5,5.753424658,24.12517877,0.19609812,,1351.411996,20.0,-0.08800000000000001
1999-01-17,5738,9.75,5.753424658,10.66437151,0.048163479,,2705.843101,31.333333333333332,0.40329166666666666
1999-01-18,5739,24.5,5.753424658,14.90575978,0.206869634,,2154.331114,7.166666666666667,3.1611666666666665
1999-01-19,5740,20.75,5.753424658,19.04706704,0.203986484,8.0,1844.883873,7.625,6.941166666666667
1999-01-20,5741,7.5,3.835616438,13.15991061,0.085994742,,2367.58976,15.708333333333334,4.768208333333333
1999-01-21,5742,0.5,3.835616438,8.477346369,0.087760024,,3047.232929,46.291666666666664,1.3371250000000001
1999-01-22,5743,0.0,0.0,6.182547486,0.462652516,,3583.334375,51.75,-0.24333333333333332
1999-01-23,5744,7.5,3.835616438,5.574645251,0.066737212,,3777.078631,4.125,3.121541666666667
1999-01-24,5745,14.75,3.835616438,5.140055866,0.269382366,,3984.20709,19.166666666666668,4.586749999999999
1999-01-25,5746,32.25,3.835616438,26.26207542,0.294035682,,1353.155061,14.583333333333334,3.911208333333333
1999-01-26,5747,23.0,3.835616438,17.66916201,0.158948844,8.1,1908.38157,11.208333333333334,1.3112916666666667
1999-01-27,5748,34.25,4.657534247,16.32735754,0.286572924,,2140.357453,28.875,2.696875
1999-01-28,5749,43.0,4.657534247,47.80955866,0.492018926,,566.6608776,37.833333333333336,4.554333333333333
1999-01-29,5750,0.5,4.657534247,10.77561453,0.202195015,,2645.013899,19.875,4.488291666666666
1999-01-30,5751,0.0,0.0,6.953832402,0.335456972,,3377.830161,25.458333333333332,5.8562916666666665
1999-01-31,5752,0.0,0.0,5.299391061,0.216765725,,3853.270912,18.375,4.784916666666667
1999-02-01,5753,0.25,4.657534247,4.317662011,0.082821812,,4227.777498,20.708333333333332,2.9397083333333334
1999-02-02,5754,0.25,4.657534247,3.661441341,0.410777925,7.8,4538.992424,43.041666666666664,3.3388333333333335
1999-02-03,5755,1.75,13.28767123,3.219486034,0.392064212,,4792.574002,33.916666666666664,5.607208333333333
1999-02-04,5756,2.75,13.28767123,3.007684358,0.340934019,,4923.267508,16.125,5.178166666666667
1999-02-05,5757,12.75,13.28767123,3.154122905,0.463261176,,4853.381127,25.083333333333332,2.817375
1999-02-06,5758,23.5,13.28767123,7.070832402,0.256603295,,3151.668801,16.708333333333332,2.312375
1999-02-07,5759,1.0,13.28767123,5.351153631,0.422401685,,3782.98787,68.33333333333333,-1.5216666666666667
1999-02-08,5760,1.75,13.28767123,3.97573743,0.0,,4379.383956,22.083333333333332,-1.871875
1999-02-09,5761,1.5,13.28767123,3.366075419,0.0,8.0,4702.102813,29.958333333333332,-4.59175
1999-02-10,5762,1.5,2.602739726,2.991946927,0.066387661,,4935.363143,57.208333333333336,-2.921708333333333
1999-02-11,5763,0.0,0.0,2.73901676,0.156829523,,5114.420745,66.625,-0.39316666666666666
1999-02-12,5764,4.75,2.602739726,2.692558659,0.350079522,,5173.996504,45.333333333333336,1.4808333333333332
1999-02-13,5765,0.5,2.602739726,3.251765363,0.153541857,,4767.616569,11.791666666666666,2.499
1999-02-14,5766,6.0,2.602739726,3.251790503,0.421717997,,4778.686902,34.416666666666664,3.547083333333333
1999-02-15,5767,0.75,2.602739726,3.024050279,0.316655054,,4903.632051,33.75,2.558875
1999-02-16,5768,2.25,2.602739726,2.737030726,1.176289209,7.6,5112.547215,88.33333333333333,2.260708333333333
1999-02-17,5769,16.25,4.109589041,3.76496648,0.505579544,,4433.066068,34.958333333333336,2.9323333333333337
1999-02-18,5770,24.5,4.109589041,8.284449721,0.250820759,,2931.288463,15.958333333333334,5.171958333333333
1999-02-19,5771,37.0,4.109589041,38.13800279,0.267190219,,843.2329851,20.916666666666668,5.2832083333333335
1999-02-20,5772,0.0,0.0,9.342226257,0.603527739,,2857.613466,49.5,2.0002916666666666
1999-02-21,5773,25.0,4.109589041,13.66318156,0.435667546,,2311.292425,17.75,2.4638750000000003
1999-02-22,5774,7.5,4.109589041,8.025636872,0.614460905,,3137.6761,52.208333333333336,0.07408333333333333
1999-02-23,5775,10.5,4.109589041,6.047421788,0.356176698,8.0,3655.16562,57.291666666666664,0.055333333333333345
1999-02-24,5776,5.25,1.917808219,9.645108939,0.182911317,,2840.363312,20.375,0.4147083333333333
1999-02-25,5777,10.0,1.917808219,6.684837989,0.569349104,,3494.177205,52.75,4.101166666666667
1999-02-26,5778,11.0,1.917808219,10.49847486,0.362698079,,2727.214218,27.875,4.582458333333333
1999-02-27,5779,3.75,1.917808219,7.093709497,0.760312235,,3347.390547,65.83333333333333,1.9124583333333334
1999-02-28,5780,40.0,1.917808219,19.11753352,0.429431094,,1546.76331,24.5,4.539375
1999-03-01,5781,58.0,1.917808219,57.36730726,0.267730812,,316.1688727,18.458333333333332,7.398333333333333
1999-03-02,5782,74.25,1.917808219,81.00382123,0.328876876,4.1,84.70054806,13.75,6.535583333333334
1999-03-03,5783,16.0,9.726027397,21.68778771,0.53357752,,1646.149032,40.125,2.6995833333333334
1999-03-04,5784,4.0,9.726027397,11.46665363,0.65251633,,2556.438606,66.20833333333333,0.07741666666666668
1999-03-05,5785,1.5,9.726027397,7.384072626,0.671022617,,3277.150532,96.0,-0.9726666666666667
1999-03-06,5786,4.5,9.726027397,5.649511173,0.459061493,,3743.410285,99.45833333333333,-0.8679166666666668
1999-03-07,5787,3.25,9.726027397,4.811606145,0.633800386,,4035.774784,70.70833333333333,-0.09845833333333333
1999-03-08,5788,2.5,9.726027397,4.20146648,0.120793828,,4282.589549,14.541666666666666,-0.24733333333333332
1999-03-09,5789,0.5,9.726027397,3.599698324,0.484969996,7.4,4570.243366,47.75,-0.10362500000000001
1999-03-10,5790,0.0,0.0,3.160081006,0.546276913,,4826.324816,65.5,-0.2509166666666667
1999-03-11,5791,0.5,12.77425942,2.843094972,0.20639227,,5039.995965,21.958333333333332,0.05987499999999999
1999-03-12,5792,0.25,22.00326792,2.592251397,0.924453106,,5221.925588,81.08333333333333,4.624583333333333
1999-03-13,5793,0.25,1.563312462,2.324287709,1.732496239,,5449.658258,131.95833333333334,3.999791666666667
1999-03-14,5794,0.0,0.0,2.141572626,1.014589113,,5622.453346,72.95833333333333,4.4500416666666665
1999-03-15,5795,0.0,0.0,1.953703911,1.752873367,,5818.398358,109.41666666666667,4.845875
1999-03-16,5796,0.25,1.53712916,1.822097765,2.162117164,7.0,5972.188112,131.83333333333334,7.079125
1999-03-17,5797,0.0,0.0,1.657231844,3.192974031,,6180.752556,169.66666666666666,10.570208333333333
1999-03-18,5798,0.75,8.493150685,1.587972067,1.675822226,,6282.156216,123.54166666666667,4.463416666666666
1999-03-19,5799,0.0,0.0,1.497972067,1.388647083,,6410.672834,121.04166666666667,3.1395416666666667
1999-03-20,5800,3.0,8.493150685,1.414231844,1.227231189,,6555.016999,84.08333333333333,3.125375
1999-03-21,5801,27.5,8.493150685,4.690282123,0.425588592,,3996.874896,27.958333333333332,3.5652500000000003
1999-03-22,5802,8.75,8.493150685,2.97299162,1.304902548,,4957.255528,102.375,3.3694583333333337
1999-03-23,5803,0.0,0.0,3.095446927,0.934465082,7.5,4813.86723,60.708333333333336,4.881
1999-03-24,5804,1.0,2.465753425,2.418284916,0.451530744,,5362.959496,35.083333333333336,4.611791666666667
1999-03-25,5805,9.0,2.465753425,2.736276536,0.390966439,,5130.553635,30.208333333333332,3.0224166666666665
1999-03-26,5806,15.5,2.465753425,3.905120112,1.059113864,,4412.905234,98.83333333333333,1.5625833333333332
1999-03-27,5807,1.0,2.465753425,4.961312849,1.837503442,,3891.750274,137.41666666666666,3.5897916666666667
1999-03-28,5808,0.25,2.465753425,3.262122905,1.91486385,,4754.95996,131.58333333333334,4.798291666666667
1999-03-29,5809,19.5,2.465753425,8.964276536,1.19238063,,2736.200036,80.91666666666667,6.601
1999-03-30,5810,0.75,2.465753425,4.77525419,2.186247296,7.0,4017.090249,139.20833333333334,6.6020416666666675
1999-03-31,5811,0.25,4.657534247,3.675921788,1.534207049,,4524.850811,85.54166666666667,8.324833333333332
1999-04-01,5812,0.0,0.0,3.077371508,2.797006528,,4873.088338,154.58333333333334,9.911541666666666
1999-04-02,5813,4.0,4.657534247,2.801287709,0.936341511,,5069.009136,66.25,6.292583333333333
1999-04-03,5814,0.5,4.657534247,2.486312849,0.924701252,,5308.590131,57.25,5.973875
1999-04-04,5815,8.0,4.657534247,2.595418994,1.150511593,,5234.191335,72.45833333333333,8.90875
1999-04-05,5816,4.5,4.657534247,2.627321229,0.77678642,,5192.969566,46.541666666666664,8.210416666666667
1999-04-06,5817,15.0,4.657534247,4.64699162,0.913891352,,4085.542391,56.791666666666664,6.405
1999-04-07,5818,6.0,4.657534247,4.801550279,0.869890187,,4013.145983,74.04166666666667,4.442291666666667
1999-04-08,5819,0.0,0.0,3.699502793,2.441511754,,4513.675088,154.45833333333334,7.785791666666667
1999-04-09,5820,0.0,0.0,3.175868715,2.278999025,,4814.910532,162.04166666666666,8.121125000000001
1999-04-10,5821,5.75,4.657534247,3.081594972,1.444694831,,4878.171348,106.20833333333333,5.156541666666667
1999-04-11,5822,29.5,4.657534247,8.32572905,1.967990896,,2353.196462,151.5,4.594041666666667
1999-04-12,5823,41.0,4.657534247,23.57331285,0.731028346,,1567.628426,52.333333333333336,3.516
1999-04-13,5824,3.25,4.657534247,11.91315922,1.12139027,7.1,2444.321317,106.08333333333333,0.29083333333333333
1999-04-14,5825,1.5,6.849315068,6.551597765,2.449792202,,3469.325874,208.75,-0.7034166666666666
1999-04-15,5826,9.0,6.849315068,5.596013966,1.070864101,,3769.359686,123.54166666666667,-0.6171666666666666
1999-04-16,5827,2.75,6.849315068,4.633567039,2.278583775,,4099.21151,165.79166666666666,1.0689583333333332
1999-04-17,5828,6.25,6.849315068,4.598798883,1.117814892,,4123.362816,96.5,1.0697916666666667
1999-04-18,5829,5.25,6.849315068,4.464201117,1.660728222,,4175.123308,157.45833333333334,1.052375
1999-04-19,5830,1.5,6.849315068,3.772935754,2.728925437,,4481.713893,184.0,2.3201666666666667
1999-04-20,5831,25.0,6.849315068,8.795513966,0.331345692,,2755.947961,19.083333333333332,4.725416666666667
1999-04-21,5832,20.75,6.164383562,14.24056425,0.766313922,,2277.245461,43.708333333333336,5.7370833333333335
1999-04-22,5833,2.5,6.164383562,10.07630447,2.045679055,,2714.881162,124.70833333333333,5.384583333333333
1999-04-23,5834,0.5,6.164383562,6.18227095,1.923179658,,3572.936576,132.29166666666666,5.210791666666666
1999-04-24,5835,2.0,6.164383562,4.711097765,2.489739899,,4064.032974,160.54166666666666,6.346208333333333
1999-04-25,5836,4.75,6.164383562,4.01777095,0.684156205,,4371.939423,39.5,5.344541666666667
1999-04-26,5837,12.75,6.164383562,5.717715084,0.392871141,,3645.071441,22.333333333333332,6.537916666666667
1999-04-27,5838,0.0,0.0,4.581955307,2.459017786,6.7,4095.060813,140.16666666666666,8.536125
1999-04-28,5839,0.0,0.0,3.666444134,4.758323516,,4534.635001,271.0833333333333,9.977500000000001
1999-04-29,5840,0.0,0.0,3.24150838,3.654208657,,4777.456107,263.9583333333333,8.331166666666666
1999-04-30,5841,0.0,0.0,2.893223464,3.411312455,,5000.905925,233.08333333333334,10.808666666666667
1999-05-01,5842,0.25,1.616572425,2.605801676,2.14528931,,5213.114248,140.79166666666666,9.533333333333333
1999-05-02,5843,0.0,0.0,2.37152514,1.097707459,,5408.009779,88.66666666666667,9.095833333333333
1999-05-03,5844,0.0,0.0,2.147606145,3.191542784,,5614.677379,201.45833333333334,12.575416666666667
1999-05-04,5845,0.0,0.0,1.925044693,3.17937628,6.7,5848.359234,220.0,9.636666666666667
1999-05-05,5846,0.0,0.0,1.773251397,2.783315843,,6034.042009,155.375,8.237791666666666
1999-05-06,5847,3.86621724,3.287671233,1.726139665,0.773630283,,6093.479136,52.25,8.142750000000001
1999-05-07,5848,10.75932926,3.287671233,2.104642458,0.845614852,,5657.399945,51.958333333333336,7.438791666666667
1999-05-08,5849,24.03758729,3.287671233,5.710726257,1.328360594,,3197.021978,77.29166666666667,8.206125
1999-05-09,5850,3.38474011,3.287671233,5.021773743,2.095795217,,3828.121071,98.75,9.854166666666666
1999-05-10,5851,5.49722311,3.287671233,3.379047486,2.373048231,,4692.633801,139.0,8.627916666666666
1999-05-11,5852,8.25872113,3.287671233,3.067039106,1.814712816,6.8,4909.730936,105.79166666666667,7.98875
1999-05-12,5853,2.990570585,4.657534247,3.682256983,2.184434099,,4524.878929,132.375,7.696916666666667
1999-05-13,5854,17.59920441,4.657534247,5.296952514,1.360279911,,3794.556797,81.33333333333333,7.287458333333333
1999-05-14,5855,2.058025675,4.657534247,7.199120112,2.243408271,,3233.189022,130.0,8.050041666666667
1999-05-15,5856,0.0,0.0,4.344460894,3.135160806,,4204.635028,168.41666666666666,9.079333333333333
1999-05-16,5857,0.49600682,4.657534247,3.541198324,1.650884415,,4602.558367,102.58333333333333,8.650166666666667
1999-05-17,5858,0.0,0.0,3.016583799,2.868763539,,4912.548337,183.33333333333334,4.963291666666667
1999-05-18,5859,0.25465802,4.657534247,2.663798883,1.169087656,7.0,5168.086956,57.416666666666664,6.886833333333333
1999-05-19,5860,0.82466324,3.20823167,2.418561453,2.866903827,,5365.931392,162.625,9.314791666666666
1999-05-20,5861,0.0,0.0,2.146022346,5.227446442,,5616.290517,301.7083333333333,11.003333333333332
1999-05-21,5862,2.15137767,3.342186947,2.026558659,1.05178009,,5741.252286,67.375,7.847625
1999-05-22,5863,0.0,0.0,1.807089385,2.306456376,,5989.088608,147.375,6.677416666666667
1999-05-23,5864,0.82466324,2.603492893,1.709170391,0.651691878,,6116.197172,46.375,8.553749999999999
1999-05-24,5865,7.90100535,6.054383822,1.917879888,1.104488103,,5853.886336,77.45833333333333,7.901666666666667
1999-05-25,5866,0.0,0.0,1.585659218,4.240643738,6.9,6270.724276,279.875,6.878458333333334
1999-05-26,5867,1.648106015,2.664304429,1.489223464,1.507848353,,6428.037204,96.33333333333333,9.157375
1999-05-27,5868,4.54410414,1.351112663,1.403296089,4.664540874,,6578.910294,219.5,12.990833333333333
1999-05-28,5869,4.0347881,3.611905526,1.528592179,0.673232566,,6360.32381,36.875,10.585416666666667
1999-05-29,5870,3.318006545,9.077921167,1.41596648,2.653270028,,6540.97057,138.33333333333334,10.468333333333334
1999-05-30,5871,0.32865642,7.212412944,1.32375419,0.581966383,,6695.15718,35.375,6.308833333333333
1999-05-31,5872,0.73735562,2.234957315,1.242125698,1.415124071,,6848.187869,74.04166666666667,8.337291666666667
1999-06-01,5873,0.5760496,4.074459492,1.19403352,3.505569082,6.9,6942.291528,179.54166666666666,12.222499999999998
1999-06-02,5874,28.65910579,1.917808219,3.369268156,0.88865607,,4728.817769,40.125,9.97375
1999-06-03,5875,8.911152115,1.917808219,4.758511173,1.190423575,,3933.808642,73.75,8.871083333333333
1999-06-04,5876,9.70193208,1.917808219,4.701041899,2.789696282,,4076.435184,191.45833333333334,7.039166666666667
1999-06-05,5877,0.4086992,1.917808219,3.542405028,2.654727838,,4573.701225,173.95833333333334,6.290208333333333
1999-06-06,5878,0.08730762,1.917808219,2.686449721,3.189788289,,5141.513626,215.33333333333334,7.373666666666666
1999-06-07,5879,4.791497315,1.917808219,2.490636872,2.919975129,,5302.892972,181.95833333333334,6.524
1999-06-08,5880,0.0,0.0,2.133502793,4.601592159,6.7,5627.461556,306.2083333333333,6.812208333333333
1999-06-09,5881,0.0,0.0,1.937061453,4.167703882,,5838.235868,259.4166666666667,7.352458333333334
1999-06-10,5882,0.0,0.0,1.810558659,1.994107472,,5987.278487,126.20833333333333,7.982500000000001
1999-06-11,5883,0.0,0.0,1.688430168,2.282599573,,6141.488692,146.08333333333334,7.420708333333334
1999-06-12,5884,1.97676243,3.134002125,1.62751676,1.629762274,,6226.654255,108.83333333333333,7.826791666666666
1999-06-13,5885,0.32865642,0.97181177,1.531106145,3.58064165,,6361.3876,229.5,9.300625
1999-06-14,5886,0.0,0.0,1.445128492,3.116613362,,6493.677665,172.20833333333334,11.170833333333334
1999-06-15,5887,0.5760496,1.763694867,1.36877933,3.87652012,6.9,6619.933564,211.04166666666666,12.409166666666666
1999-06-16,5888,0.0,0.0,1.262765363,5.92426258,,6804.011141,319.2916666666667,12.404583333333333
1999-06-17,5889,1.40071283,2.054794521,1.198407821,3.570813472,,6930.434991,224.45833333333334,9.81775
1999-06-18,5890,0.0,0.0,1.111374302,6.236403478,,7117.481924,338.125,11.448
1999-06-19,5891,20.90988819,2.054794521,1.280941341,1.743521861,,6929.882937,98.29166666666667,11.594999999999999
1999-06-20,5892,9.58421509,2.054794521,3.496675978,3.302966268,,4330.599457,217.875,8.546708333333333
1999-06-21,5893,2.552812035,2.054794521,1.502446927,2.923125685,,6392.151558,198.25,6.988208333333333
1999-06-22,5894,1.640841175,2.054794521,1.324734637,2.782028315,7.0,6696.077287,164.20833333333334,8.316666666666666
1999-06-23,5895,2.72016243,3.287671233,1.304622905,2.140719781,,6732.439766,122.625,10.879166666666668
1999-06-24,5896,0.0,0.0,1.220329609,3.259118888,,6890.265494,155.375,13.345
1999-06-25,5897,0.0,0.0,1.146594972,4.60498109,,7035.959833,235.58333333333334,14.1775
1999-06-26,5898,5.95086135,3.287671233,1.127614525,4.379010042,,7090.769037,219.20833333333334,13.408333333333333
1999-06-27,5899,13.3448041,3.287671233,1.339868715,2.38558457,,6710.780032,158.20833333333334,9.169583333333334
1999-06-28,5900,4.872760555,3.287671233,1.861944134,3.222576202,,5877.498905,215.54166666666666,8.173083333333333
1999-06-29,5901,0.0,0.0,1.282977654,4.670137154,6.9,6756.126428,252.20833333333334,9.996166666666667
1999-06-30,5902,2.480034085,3.424657534,1.171030726,3.152515023,,6993.196661,143.33333333333334,9.522083333333333
1999-07-01,5903,21.16814966,3.424657534,2.868310056,1.946568005,,4967.487294,136.41666666666666,12.143749999999999
1999-07-02,5904,0.90470602,3.424657534,2.073871508,4.684281958,,5641.897751,207.95833333333334,15.42375
1999-07-03,5905,2.73347164,3.424657534,1.68601676,2.522426783,,6140.752463,147.08333333333334,12.702916666666667
1999-07-04,5906,2.574606545,3.424657534,1.536863128,3.538461304,,6352.194627,179.95833333333334,12.747916666666667
1999-07-05,5907,0.32865642,3.424657534,1.427128492,5.245298075,,6519.088641,263.875,14.13875
1999-07-06,5908,0.0,0.0,1.32297486,5.477020053,6.5,6699.012758,297.6666666666667,13.56
1999-07-07,5909,0.0,0.0,1.271740223,3.616411997,,6791.850371,176.45833333333334,13.499166666666667
1999-07-08,5910,0.0,0.0,1.220857542,6.375442885,,6890.354656,252.5,17.911666666666665
1999-07-09,5911,0.0,0.0,1.1835,5.616064616,,6965.626457,237.41666666666666,18.098333333333333
1999-07-10,5912,0.0,0.0,1.150240223,4.869748212,,7029.752,211.0,17.0125
1999-07-11,5913,0.0,0.0,1.084902235,7.056571031,,7173.008543,319.5,16.455000000000002
1999-07-12,5914,0.0,0.0,1.034597765,6.574943264,,7289.142532,319.7083333333333,15.637500000000001
1999-07-13,5915,2.384047925,0.710468568,1.044804469,1.4994849,6.6,7272.137203,85.04166666666667,12.212083333333332
1999-07-14,5916,2.402996785,3.287671233,1.032335196,2.615237002,,7294.565088,143.375,9.734583333333333
1999-07-15,5917,0.0,0.0,0.976198324,1.829718878,,7433.051578,102.16666666666667,9.975416666666666
1999-07-16,5918,0.803529515,3.287671233,0.956865922,2.152686668,,7485.211663,136.20833333333334,11.700833333333334
1999-07-17,5919,0.0,0.0,0.92099162,2.406171392,,7579.720023,129.75,11.924166666666666
1999-07-18,5920,0.437108085,3.287671233,0.896053073,3.582090489,,7648.306536,178.70833333333334,13.6925
1999-07-19,5921,17.16812017,3.287671233,1.203159218,1.66985465,,6934.84332,77.58333333333333,13.054583333333333
1999-07-20,5922,8.28208669,3.287671233,1.746150838,1.636011537,7.6,5972.07434,90.58333333333333,11.825833333333334
1999-07-21,5923,3.88508061,4.763840066,1.132818436,2.211976278,,7069.015358,115.29166666666667,9.399166666666668
1999-07-22,5924,3.88169734,3.128012049,1.201575419,4.167396418,,6913.059065,260.4166666666667,9.62625
1999-07-23,5925,0.308992315,1.869240078,1.009860335,5.532802906,,7344.927793,287.875,12.487208333333333
1999-07-24,5926,0.0,0.0,0.931600559,6.200008482,,7543.067198,311.5833333333333,15.99375
1999-07-25,5927,0.0,0.0,0.900377095,1.448352243,,7639.938546,77.70833333333333,11.571666666666667
1999-07-26,5928,0.0,0.0,0.841650838,6.087145796,,7801.425404,307.9166666666667,12.018749999999999
1999-07-27,5929,0.0,0.0,0.800446927,5.318252672,6.9,7934.703185,284.8333333333333,11.21775
1999-07-28,5930,0.0,0.0,0.78003352,5.069137196,,8005.649542,263.375,12.072083333333333
1999-07-29,5931,0.0,0.0,0.755572626,5.769353056,,8087.555621,282.6666666666667,14.29875
1999-07-30,5932,0.0,0.0,0.73272067,5.908891906,,8167.508569,260.0,17.56833333333333
1999-07-31,5933,0.0,0.0,0.714594972,6.265096702,,8234.104212,269.1666666666667,17.8725
1999-08-01,5934,0.0,0.0,0.706399441,5.151869855,,8267.814603,225.625,17.539166666666667
1999-08-02,5935,0.48908857,1.698927012,0.699611732,3.673759827,,8297.658341,158.29166666666666,17.111666666666668
1999-08-03,5936,25.25046132,1.187527874,1.437787709,2.039511778,7.3,6375.081756,104.125,13.859583333333333
1999-08-04,5937,5.588751535,1.369863014,0.909703911,2.347494259,,7587.983891,107.95833333333333,14.736666666666666
1999-08-05,5938,12.48858463,1.369863014,1.92972067,3.93565646,,5650.014707,192.83333333333334,14.61625
1999-08-06,5939,18.87976495,1.369863014,1.154061453,2.536025331,,7260.468397,113.83333333333333,14.349583333333333
1999-08-07,5940,10.48888402,1.369863014,5.507472067,1.912748148,,3536.501021,80.66666666666667,13.867916666666666
1999-08-08,5941,8.86856746,1.369863014,2.096748603,0.434062605,,5675.814528,17.916666666666668,11.729166666666666
1999-08-09,5942,2.693820535,1.369863014,2.623173184,0.927175129,,5194.106798,41.125,10.526666666666666
1999-08-10,5943,0.44255671,1.369863014,1.924240223,2.511596842,6.8,5834.811961,136.29166666666666,10.042916666666667
1999-08-11,5944,0.0,0.0,1.652103352,0.94476205,,6186.330889,59.916666666666664,10.236666666666666
1999-08-12,5945,0.3690244,1.780821918,1.467653631,4.250983694,,6451.780991,210.54166666666666,12.592083333333333
1999-08-13,5946,19.81701438,1.780821918,2.469796089,1.208155357,,5041.169124,57.75,12.4275
1999-08-14,5947,4.6904328,1.780821918,3.746312849,2.001498152,,4408.140326,118.08333333333333,10.6325
1999-08-15,5948,1.413679695,1.780821918,2.292435754,3.251185836,,5459.888573,178.16666666666666,10.215416666666668
1999-08-16,5949,1.728068415,1.780821918,1.942064246,2.564827219,,5822.074093,167.20833333333334,9.542333333333334
1999-08-17,5950,23.56337686,1.780821918,6.146371508,0.931457587,6.6,3145.638647,52.125,9.67625
1999-08-18,5951,10.83372808,1.791028678,6.243913408,2.428181096,,3559.788733,139.29166666666666,10.104583333333332
1999-08-19,5952,0.377076,1.761092741,4.431192737,3.862099954,,4147.642103,225.125,10.195208333333333
1999-08-20,5953,0.0,0.0,3.207067039,3.340442937,,4784.3171,190.70833333333334,10.137500000000001
1999-08-21,5954,0.0,0.0,2.650324022,3.636072417,,5171.528666,207.875,9.369875
1999-08-22,5955,1.005177595,2.143745077,2.295854749,2.655441699,,5473.912423,143.875,9.530791666666667
1999-08-23,5956,1.250754565,4.145043108,2.11200838,1.823781417,,5649.469024,89.79166666666667,10.973333333333334
1999-08-24,5957,7.090826605,5.793805338,2.022863128,0.524195667,6.7,5766.106218,20.458333333333332,10.46375
1999-08-25,5958,12.45477272,7.816657292,3.878019553,0.958751194,,4347.856614,46.958333333333336,13.205833333333333
1999-08-26,5959,4.536019115,1.172372474,2.645446927,1.325373665,,5175.02915,66.16666666666667,12.175416666666665
1999-08-27,5960,0.0,0.0,2.243689944,2.721428237,,5517.226695,144.375,12.203333333333333
1999-08-28,5961,0.308992315,2.748728285,2.004837989,1.938885016,,5762.831033,113.625,12.774166666666666
1999-08-29,5962,0.19359648,1.288254874,1.851662011,1.166870213,,5937.701444,91.91666666666667,12.272083333333333
1999-08-30,5963,0.308992315,1.129607444,1.722946927,2.339740789,,6096.069356,173.375,10.590833333333334
1999-08-31,5964,0.0,0.0,1.627743017,2.500279376,6.8,6223.826646,162.875,11.934583333333334
1999-09-01,5965,0.0,0.0,1.525801676,2.808421842,,6368.344789,176.45833333333334,13.996666666666668
1999-09-02,5966,0.3690244,3.272991647,1.449854749,3.03091904,,6487.380511,158.83333333333334,15.344583333333333
1999-09-03,5967,0.0,0.0,1.367421788,4.027708095,,6620.041305,181.75,16.010416666666668
1999-09-04,5968,0.0,0.0,1.272343575,4.59365492,,6787.689759,208.54166666666666,16.15458333333333
1999-09-05,5969,0.0,0.0,1.196874302,4.285217054,,6937.342038,196.45833333333334,16.804583333333333
1999-09-06,5970,0.3690244,3.828876804,1.154941341,3.706792304,,7022.000498,178.79166666666666,15.662916666666668
1999-09-07,5971,11.32053414,3.728707603,1.57198324,2.852348054,7.4,6239.006858,165.66666666666666,12.286666666666667
1999-09-08,5972,11.04836432,2.624314464,1.457321229,1.099294957,,6452.515168,44.708333333333336,11.563749999999999
1999-09-09,5973,0.0,0.0,1.402114525,3.868570488,,6482.590961,218.70833333333334,9.809041666666667
1999-09-10,5974,0.0,0.0,1.141944134,4.258750141,,7045.38771,211.70833333333334,12.521374999999999
1999-09-11,5975,3.400122775,1.846927423,1.111977654,1.516532975,,7117.97472,72.5,14.114583333333334
1999-09-12,5976,1.57324711,1.218375096,1.062804469,3.11508166,,7220.291016,157.95833333333334,9.266083333333333
1999-09-13,5977,0.811581115,3.472261037,1.003851955,2.333990584,,7359.492463,146.0,8.9125
1999-09-14,5978,0.0,0.0,0.941379888,3.582028367,7.0,7523.394184,190.41666666666666,9.209083333333334
1999-09-15,5979,1.63327919,1.369863014,0.906335196,3.548727673,,7624.581824,183.75,10.0075
1999-09-16,5980,6.62275227,1.369863014,1.019363128,2.267724156,,7325.952418,128.08333333333334,10.1725
1999-09-17,5981,7.47964179,1.369863014,0.984167598,1.753857346,,7418.188578,105.125,9.38125
1999-09-18,5982,17.25220989,1.369863014,2.248918994,0.67541675,,5118.265272,27.708333333333332,10.491666666666667
1999-09-19,5983,25.84741962,1.369863014,11.32328212,1.020399218,,2528.167661,53.0,10.745833333333332
1999-09-20,5984,15.93523926,1.369863014,8.002206704,0.740286319,,3144.526584,43.833333333333336,10.956249999999999
1999-09-21,5985,0.0,0.0,4.870382682,2.166676552,6.5,3976.371998,100.25,11.084166666666667
1999-09-22,5986,1.125241765,1.506849315,3.533706704,0.51304838,,4599.20805,30.125,10.684583333333334
1999-09-23,5987,18.67092332,1.506849315,4.980620112,1.238032171,,3998.999534,60.083333333333336,11.245
1999-09-24,5988,15.67095613,1.506849315,8.018597765,1.061469662,,3166.366771,53.708333333333336,10.922083333333333
1999-09-25,5989,6.54868235,1.506849315,6.484374302,1.512868519,,3478.505341,85.54166666666667,10.4675
1999-09-26,5990,47.95447298,1.506849315,16.69318994,1.245806191,,2234.422749,75.25,9.074166666666667
1999-09-27,5991,26.11165055,1.506849315,36.52179888,1.069928513,,779.3454952,65.16666666666667,9.530833333333334
1999-09-28,5992,3.94250973,1.506849315,11.54717598,1.194960321,6.5,2536.932627,67.33333333333333,10.053749999999999
1999-09-29,5993,12.06481186,8.904109589,8.91522905,1.210845657,,3014.598247,68.25,10.595416666666667
1999-09-30,5994,13.06870438,8.904109589,10.16215642,0.667496986,,2801.997718,35.916666666666664,8.867916666666666
1999-10-01,5995,51.36388308,8.904109589,28.65491899,0.723748833,,1089.512477,30.916666666666668,8.104083333333334
1999-10-02,5996,16.39598008,8.904109589,31.1622486,1.233674793,,993.5365039,77.875,5.887416666666667
1999-10-03,5997,17.01437619,8.904109589,11.77069274,0.73453046,,2548.308461,47.25,5.799625
1999-10-04,5998,2.663452375,8.904109589,8.203575419,1.640472176,6.9,3096.417996,123.29166666666667,4.692958333333333
1999-10-05,5999,0.065480715,2.602739726,5.834287709,1.163905451,,3679.661412,77.70833333333333,4.285125
1999-10-06,6000,0.0,0.0,4.485645251,2.393799696,,4153.354995,139.54166666666666,6.727250000000001
1999-10-07,6001,40.64484871,2.602739726,6.545865922,1.085070726,,3806.044266,59.916666666666664,9.127916666666666
1999-10-08,6002,38.93699482,2.602739726,29.5471257,0.524069923,,1231.629295,29.75,10.540833333333333
1999-10-09,6003,3.44665463,2.602739726,13.1516648,0.912826698,,2331.225022,60.5,11.166666666666666
1999-10-10,6004,14.92437035,2.602739726,9.982156425,0.606714527,,2808.638517,46.458333333333336,10.770833333333334
1999-10-11,6005,0.0,0.0,8.040142458,1.335993666,6.8,3118.150597,102.33333333333333,5.514583333333333
1999-10-12,6006,0.0,0.0,5.724955307,1.448168678,,3716.309799,89.75,6.386375
1999-10-13,6007,0.0,0.0,4.546282123,2.152532296,,4129.796861,128.45833333333334,6.929916666666667
1999-10-14,6008,0.060032085,5.834423947,3.771377095,0.865745007,,4480.473709,54.625,7.3209583333333335
1999-10-15,6009,0.0,0.0,3.161061453,1.056721968,,4819.966037,54.333333333333336,8.2755
1999-10-16,6010,0.0,0.0,2.721343575,0.687636946,,5121.992278,41.708333333333336,7.477833333333333
1999-10-17,6011,0.0,0.0,2.383768156,0.9680165,,5394.226094,54.833333333333336,6.531666666666666
1999-10-18,6012,0.308992315,3.181934959,2.116558659,1.541427264,6.9,5644.473677,109.79166666666667,4.29025
1999-10-19,6013,0.0,0.0,1.897642458,1.383047702,,5881.234206,93.375,3.6169999999999995
1999-10-20,6014,0.0,0.0,1.757840782,0.412683357,,6052.661437,14.791666666666666,2.8387083333333334
1999-10-21,6015,5.03600493,2.602739726,1.717818436,0.157818358,,6113.898495,6.333333333333333,4.7437499999999995
1999-10-22,6016,3.981692515,2.602739726,1.867575419,0.559426204,,5914.825653,29.333333333333332,8.16125
1999-10-23,6017,17.61006152,2.602739726,3.04798324,0.478121348,,4762.69439,22.791666666666668,8.314166666666667
1999-10-24,6018,40.66216323,2.602739726,10.20698045,0.283957529,,2803.160007,13.708333333333334,7.136
1999-10-25,6019,10.97397045,2.602739726,18.92659777,0.633342677,6.4,1634.723859,36.5,8.024583333333334
1999-10-26,6020,0.265393485,12.19178082,6.874114525,0.564498769,,3377.613332,34.0,7.86975
1999-10-27,6021,1.496182165,12.19178082,4.727564246,1.024819939,,4050.592645,60.916666666666664,7.790791666666666
1999-10-28,6022,7.981350645,12.19178082,4.624944134,0.800968924,,4105.537183,54.958333333333336,6.918541666666666
1999-10-29,6023,0.859443385,12.19178082,3.614002793,0.466610752,,4564.127186,16.5,8.031791666666667
1999-10-30,6024,19.05754682,12.19178082,5.30776257,0.426179098,,3801.266615,12.375,9.034291666666666
1999-10-31,6025,2.949675455,12.19178082,7.258223464,1.469361722,,3280.128374,64.20833333333333,7.579249999999999
1999-11-01,6026,12.97316881,12.19178082,7.090868715,0.304814504,7.1,3339.999402,12.625,7.484291666666667
1999-11-02,6027,14.51267865,7.123287671,7.067740223,0.806255942,,3383.022428,48.125,5.348125
1999-11-03,6028,4.927014445,7.123287671,8.525086592,0.558662261,,3032.49132,33.625,8.090541666666667
1999-11-04,6029,1.607534475,7.123287671,5.658083799,0.435498329,,3738.663933,14.875,7.21625
1999-11-05,6030,38.04216792,7.123287671,22.86937709,0.478432639,,1455.721271,14.416666666666666,6.23675
1999-11-06,6031,9.112879065,7.123287671,12.77482123,0.426135824,,2376.913662,30.416666666666668,3.3844583333333333
1999-11-07,6032,6.13915895,7.123287671,7.793798883,0.368362278,,3192.358821,20.75,6.2982499999999995
1999-11-08,6033,1.04769144,7.123287671,5.820863128,0.910911146,7.1,3685.541787,52.541666666666664,7.701458333333334
1999-11-09,6034,0.76519452,16.46992466,4.631932961,0.987151577,,4096.410137,67.04166666666667,5.7355833333333335
1999-11-10,6035,0.0,0.0,3.860572626,1.010593268,,4437.314648,65.91666666666667,4.649166666666667
1999-11-11,6036,0.0,0.0,3.297142458,0.290857857,,4741.717646,14.083333333333334,4.355541666666666
1999-11-12,6037,2.86583846,31.53491295,2.982569832,0.108373971,,4941.68556,7.833333333333333,4.838541666666667
1999-11-13,6038,0.41596404,4.339801847,2.61824581,0.180601983,,5201.898673,8.75,4.66125
1999-11-14,6039,0.32865642,4.721352271,2.331980447,0.267721153,,5442.353614,21.083333333333332,4.923708333333333
1999-11-15,6040,4.326273,4.640545385,2.193963687,0.248493237,,5579.545454,26.375,4.5216666666666665
1999-11-16,6041,13.3403912,4.835175114,2.352544693,0.50002603,6.9,5465.343765,43.125,1.9514583333333333
1999-11-17,6042,5.21799339,10.2739726,2.962131285,0.477519393,,4914.853512,37.041666666666664,1.24575
1999-11-18,6043,1.254833365,10.2739726,2.5155,0.290887153,,5282.161369,54.916666666666664,0.6704166666666667
1999-11-19,6044,0.0,0.0,2.146097765,0.259408616,,5617.226272,44.375,0.7692916666666667
1999-11-20,6045,0.0,0.0,1.960692737,0.337995733,,5813.344753,54.625,0.2577083333333333
1999-11-21,6046,0.506742285,10.2739726,1.839293296,0.726635101,,5953.136199,55.833333333333336,0.43112500000000004
1999-11-22,6047,2.264847315,10.2739726,1.800804469,0.367509199,,6002.701335,25.333333333333332,4.122125
1999-11-23,6048,6.611694365,10.2739726,1.812695531,0.305817022,7.5,5997.608326,12.416666666666666,6.929416666666666
1999-11-24,6049,58.16966039,4.246575342,20.38173184,0.263615558,,1193.743266,6.75,7.714041666666667
1999-11-25,6050,5.92339559,4.246575342,14.52273184,0.428667836,,2047.345535,24.583333333333332,7.077416666666667
1999-11-26,6051,16.14554886,4.246575342,12.54517039,0.341122712,,2337.483254,5.375,5.877041666666667
1999-11-27,6052,2.62448967,4.246575342,8.311449721,0.438876481,,3062.905127,20.458333333333332,4.567375
1999-11-28,6053,13.01778755,4.246575342,7.390357542,0.449687678,,3295.658608,3.625,7.174041666666667
1999-11-29,6054,0.0,0.0,6.416321229,0.185496744,,3494.769522,34.458333333333336,2.5204999999999997
1999-11-30,6055,7.366726695,4.246575342,5.445427374,0.201324113,7.2,3820.523407,5.25,6.38975
1999-12-01,6056,2.744074285,7.808219178,4.650611732,0.658807021,,4090.373,34.708333333333336,4.951833333333333
1999-12-02,6057,4.350317675,7.808219178,4.187187151,0.514630697,,4291.33947,19.708333333333332,3.5985416666666663
1999-12-03,6058,25.91882231,7.808219178,15.52967598,0.606311379,,1924.831583,16.791666666666668,3.2825
1999-12-04,6059,1.963706205,7.808219178,7.030885475,0.361831191,,3349.276829,12.5,0.3958333333333333
1999-12-05,6060,25.04291427,7.808219178,7.071888268,0.21004344,,3423.624622,22.208333333333332,2.144083333333333
1999-12-06,6061,48.77596456,7.808219178,33.3137514,0.215666593,,1092.603526,8.416666666666666,6.924375
1999-12-07,6062,5.7323157,7.808219178,15.80063128,0.412278093,8.1,1984.475348,11.583333333333334,3.7135833333333337
1999-12-08,6063,23.45724495,9.315068493,18.58517598,0.417372827,,1753.723709,5.791666666666667,3.8430416666666667
1999-12-09,6064,19.12968087,9.315068493,14.66534916,0.481826518,,2198.54774,6.458333333333333,2.945375
1999-12-10,6065,27.93150635,9.315068493,14.61874022,0.272539627,,2340.514455,17.791666666666668,2.3884166666666666
1999-12-11,6066,54.67570456,9.315068493,51.69750838,0.294009913,,560.7073906,4.958333333333333,5.963416666666667
1999-12-12,6067,26.7121709,9.315068493,22.4011257,0.256608577,,1624.0235,4.041666666666667,2.0241666666666664
1999-12-13,6068,5.617492785,9.315068493,13.21976816,0.0,,2359.335071,9.416666666666666,0.119625
1999-12-14,6069,1.489240915,9.315068493,8.591405028,0.0,8.1,3023.589368,19.833333333333332,-1.5361666666666667
1999-12-15,6070,0.24616955,8.219178082,6.099888268,0.0,,3608.779545,17.833333333333332,-1.3828333333333334
1999-12-16,6071,29.18961735,8.219178082,8.245156425,0.354809515,,3170.479782,19.083333333333332,1.6428333333333331
1999-12-17,6072,58.95038082,8.219178082,54.86930447,0.058266868,,422.7991402,7.541666666666667,3.7433333333333336
1999-12-18,6073,0.0,0.0,10.78717877,0.106322709,,2635.112069,12.291666666666666,-1.2840416666666667
1999-12-19,6074,0.33236682,8.219178082,6.624703911,0.0,,3456.149941,16.666666666666668,-4.060875
1999-12-20,6075,0.0,0.0,5.033337989,0.0,7.1,3952.386508,15.5,-3.9777916666666666
1999-12-21,6076,14.12501052,5.890410959,5.81103352,0.234621364,,3734.104892,12.583333333333334,2.506625
1999-12-22,6077,10.02271011,5.890410959,9.047036313,0.249698518,,2948.59825,3.5416666666666665,4.971791666666667
1999-12-23,6078,12.11196848,5.890410959,7.881787709,0.453378221,,3198.577181,14.708333333333334,3.6637916666666666
1999-12-24,6079,19.74620502,5.890410959,12.55070112,0.371400334,,2429.175082,4.875,5.475750000000001
1999-12-25,6080,9.84213789,5.890410959,14.73146648,0.493265507,,2166.084142,16.875,0.744875
1999-12-26,6081,13.74622843,5.890410959,9.782849162,0.329701207,,2848.812967,6.833333333333333,1.1538333333333333
1999-12-27,6082,2.86458012,5.890410959,8.356927374,0.009214011,,3083.294383,16.625,0.7464583333333333
1999-12-28,6083,2.895313095,5.890410959,6.517835196,0.112737697,,3497.446973,35.291666666666664,-0.324375
1999-12-29,6084,8.71862435,5.890410959,6.338136872,0.080740813,,3560.027161,25.666666666666668,0.84125
1999-12-30,6085,62.48634727,5.890410959,41.21783799,0.165951206,,610.0505291,7.125,3.432166666666667
1999-12-31,6086,12.81987625,5.890410959,13.27929888,0.277198867,,2339.196165,20.458333333333332,5.009708333333333
2000-01-01,6087,0.0,0.0,9.699787709,0.348806237,,2799.048546,39.916666666666664,3.8924583333333334
2000-01-02,6088,3.698998125,5.890410959,6.725740223,0.275703695,,3445.353161,11.041666666666666,4.933583333333334
2000-01-03,6089,15.72393407,5.890410959,8.807480447,0.209655006,,2990.678289,16.291666666666668,3.691333333333333
2000-01-04,6090,6.8191944,5.890410959,7.529907821,0.108175081,,3261.87003,7.791666666666667,1.5890833333333332
2000-01-05,6091,7.002673925,5.890410959,6.527790503,0.460417781,7.2,3509.205116,9.458333333333334,4.726458333333333
2000-01-06,6092,6.530808695,5.890410959,6.765511173,0.252603877,,3440.076177,13.333333333333334,3.6190833333333337
2000-01-07,6093,13.29888067,5.890410959,7.177851955,0.315246775,,3334.740385,6.166666666666667,4.803166666666667
2000-01-08,6094,2.463028865,5.890410959,7.665636872,0.230782473,,3177.637715,19.541666666666668,1.6195416666666667
2000-01-09,6095,0.0,0.0,5.635282123,0.297508149,,3746.923402,39.666666666666664,0.62275
2000-01-10,6096,22.43186124,5.890410959,6.733382682,0.259770144,,3501.770167,18.333333333333332,2.935416666666667
2000-01-11,6097,28.86023673,5.890410959,22.53491899,0.133362304,7.2,1620.228648,4.125,5.433791666666667
2000-01-12,6098,46.31213263,1.780821918,43.2045,0.178880883,,782.7445361,5.458333333333333,3.6335833333333336
2000-01-13,6099,0.799365965,1.780821918,14.63352235,0.21662188,,2112.684135,51.541666666666664,-0.34995833333333337
2000-01-14,6100,2.803767735,1.780821918,7.864667598,0.030986976,,3170.255544,18.583333333333332,-0.45258333333333334
2000-01-15,6101,0.068083685,1.780821918,5.790670391,0.010261565,,3697.385755,11.666666666666666,-0.71175
2000-01-16,6102,0.0,0.0,4.732994413,0.298413338,,4061.843547,42.083333333333336,0.29283333333333333
2000-01-17,6103,0.060032085,1.780821918,3.946424581,0.428213633,,4394.641597,55.958333333333336,3.2667916666666668
2000-01-18,6104,0.1335644,1.780821918,3.440589385,0.673529677,7.1,4661.236713,52.416666666666664,5.219416666666667
2000-01-19,6105,0.0,0.0,3.049089385,0.265872177,,4895.204692,24.541666666666668,1.89875
2000-01-20,6106,0.3690244,13.00906414,2.715209497,0.13247659,,5129.239161,16.916666666666668,0.726375
2000-01-21,6107,1.0051776,8.942475899,2.449558659,0.182651991,,5342.072896,14.125,1.016875
2000-01-22,6108,5.839534445,9.750951223,2.455994413,0.291798263,,5340.119514,30.583333333333332,1.3529583333333335
2000-01-23,6109,0.0,0.0,2.194918994,0.224070863,,5569.264808,44.75,-0.27499999999999997
2000-01-24,6110,0.068083685,14.88640478,2.009513966,0.068973365,,5759.456678,12.166666666666666,-0.23766666666666666
2000-01-25,6111,0.3690244,12.12940863,1.858374302,0.158456054,7.1,5929.509378,35.333333333333336,-0.2625416666666667
2000-01-26,6112,0.0,0.0,1.725938547,0.134263209,,6092.941336,20.041666666666668,-0.414375
2000-01-27,6113,1.38225359,2.739726027,1.632142458,0.460368317,,6220.668678,48.0,-0.05916666666666667
2000-01-28,6114,64.75439128,2.739726027,15.7619162,0.179828158,,1442.608902,7.791666666666667,3.329541666666666
2000-01-29,6115,56.57102469,2.739726027,33.51939385,0.116637334,,1044.013782,5.25,6.120708333333333
2000-01-30,6116,58.47281103,2.739726027,52.01997486,0.208904526,,497.4941605,15.833333333333334,6.383333333333333
2000-01-31,6117,6.60608808,2.739726027,11.92200838,0.193672456,,2492.115001,8.25,6.096291666666667
2000-02-01,6118,24.64971609,2.739726027,12.80805587,0.169373799,6.6,2382.203088,8.333333333333334,5.495208333333333
2000-02-02,6119,0.0,0.0,9.756905028,0.248210806,,2793.170111,17.833333333333332,2.497916666666667
2000-02-03,6120,17.12084771,3.97260274,7.332837989,0.290647545,,3340.814232,20.875,3.8166666666666664
2000-02-04,6121,18.18871572,3.97260274,13.91827374,0.164288356,,2300.733051,15.375,6.226166666666667
2000-02-05,6122,2.82604364,3.97260274,8.190553073,0.239946408,,3103.810854,16.375,5.062125
2000-02-06,6123,5.56130904,3.97260274,6.729134078,0.315933222,,3448.058191,12.375,5.679291666666667
2000-02-07,6124,11.54828786,3.97260274,8.96249162,0.487838113,,2931.594411,24.125,3.848708333333333
2000-02-08,6125,23.49876675,3.97260274,14.47006425,0.762580076,6.7,2119.437014,43.666666666666664,3.2563750000000002
2000-02-09,6126,1.794882355,6.849315068,7.603064246,0.745605949,,3219.831053,37.75,3.3252916666666668
2000-02-10,6127,24.98010732,6.849315068,12.93184358,0.60585457,,2329.661681,66.625,1.9328333333333332
2000-02-11,6128,3.221757215,6.849315068,7.767477654,0.515524265,,3201.046584,29.375,3.153833333333333
2000-02-12,6129,25.2569424,6.849315068,15.28179888,0.744800143,,2066.981668,45.875,1.9494999999999998
2000-02-13,6130,0.0,0.0,7.71450838,0.616609333,,3195.368847,73.08333333333333,0.9678333333333334
2000-02-14,6131,25.21694048,6.849315068,9.470614525,0.2427817,,2865.459543,19.666666666666668,3.294791666666667
2000-02-15,6132,14.19576707,6.849315068,9.016265363,0.479446701,7.1,2955.659843,33.791666666666664,1.3122916666666666
2000-02-16,6133,1.738558055,7.260273973,7.334094972,0.402362789,,3280.37529,19.125,-0.3382083333333334
2000-02-17,6134,24.14734183,7.260273973,9.26773743,0.483619862,,2787.75416,50.208333333333336,1.7349166666666667
2000-02-18,6135,16.86716006,7.260273973,12.14009497,0.318499131,,2471.369425,16.375,3.1479166666666667
2000-02-19,6136,3.232746455,7.260273973,9.628944134,1.022924533,,2828.007177,98.95833333333333,1.609708333333333
2000-02-20,6137,5.3767438,7.260273973,6.617463687,1.110878952,,3478.773757,100.54166666666667,0.9293333333333332
2000-02-21,6138,6.40814156,7.260273973,7.293594972,0.740453214,,3292.701026,75.5,1.0845416666666667
2000-02-22,6139,2.052218715,7.260273973,5.231740223,0.827943026,7.2,3883.337329,70.79166666666667,1.1107500000000001
2000-02-23,6140,20.05309915,1.506849315,5.869835196,0.376309862,,3721.091046,33.833333333333336,5.953625
2000-02-24,6141,5.697840695,1.506849315,6.920044693,0.48133589,,3334.208288,44.958333333333336,1.8125833333333334
2000-02-25,6142,3.33005148,1.506849315,5.646695531,0.646877181,,3738.208113,74.04166666666667,1.29275
2000-02-26,6143,6.359084495,1.506849315,4.967748603,0.97783854,,3991.474909,67.79166666666667,3.4745000000000004
2000-02-27,6144,55.1109003,1.506849315,31.3333743,0.208925836,,859.7850341,9.166666666666666,4.664375
2000-02-28,6145,18.52699926,1.506849315,16.49292737,0.511633114,,2011.378002,65.08333333333333,0.9659166666666666
2000-02-29,6146,28.52435667,1.506849315,27.24664525,0.506614555,5.4,1331.226625,38.0,2.284875
2000-03-01,6147,2.895468615,2.876712329,10.88311173,0.925457762,,2634.968375,88.29166666666667,1.00425
2000-03-02,6148,51.7781915,2.876712329,25.40710056,0.225002031,,1349.132474,17.625,4.151916666666667
2000-03-03,6149,25.16940292,2.876712329,34.98543855,0.73554342,,816.430082,66.375,1.680125
2000-03-04,6150,0.065480715,2.876712329,8.952511173,0.952749616,,2948.817027,118.70833333333333,-0.20675
2000-03-05,6151,1.193325445,2.876712329,6.215832402,0.821150592,,3572.611053,65.41666666666667,1.7994166666666667
2000-03-06,6152,9.729283395,2.876712329,5.469209497,0.411398774,,3816.770805,33.375,6.002833333333334
2000-03-07,6153,41.41712834,2.876712329,21.53063966,0.211879121,5.3,1453.46166,15.333333333333334,6.787458333333333
2000-03-08,6154,14.70482921,3.150684932,17.74028212,0.180609154,,1928.678841,14.833333333333334,7.670333333333333
2000-03-09,6155,9.014391945,3.150684932,9.719346369,1.065369462,,2840.410029,82.08333333333333,7.257916666666667
2000-03-10,6156,3.025649745,3.150684932,7.678608939,0.885196338,,3211.546366,82.45833333333333,5.424333333333333
2000-03-11,6157,0.065480715,3.150684932,5.862393855,1.19196293,,3674.57785,128.375,4.3694999999999995
2000-03-12,6158,0.060032085,3.150684932,4.773067039,1.571290404,,4044.46713,136.83333333333334,4.510458333333333
2000-03-13,6159,1.94227151,3.150684932,4.01699162,1.255756078,,4363.668633,92.54166666666667,7.05725
2000-03-14,6160,5.77198836,3.150684932,3.797622905,0.851880117,6.5,4473.876154,73.29166666666667,3.5994166666666665
2000-03-15,6161,0.0,0.0,3.229340782,1.374838888,,4781.692955,140.5,2.7865
2000-03-16,6162,0.0,0.0,2.854784916,0.693058463,,5027.375972,44.291666666666664,4.120958333333333
2000-03-17,6163,0.0,0.0,2.553310056,0.783929628,,5254.258902,52.5,4.373833333333334
2000-03-18,6164,0.0,0.0,2.320617318,1.248038934,,5453.632873,89.41666666666667,4.687125
2000-03-19,6165,0.060032085,7.489099663,2.122315642,2.644292612,,5641.11944,180.875,4.993625
2000-03-20,6166,0.0,0.0,1.936734637,1.108925575,,5838.301593,74.54166666666667,5.309333333333333
2000-03-21,6167,0.0,0.0,1.804675978,0.98375217,6.6,5994.122954,77.70833333333333,4.854333333333334
2000-03-22,6168,0.0,0.0,1.679480447,2.308353261,,6153.108153,161.08333333333334,5.255416666666666
2000-03-23,6169,11.12994824,3.698630137,1.959712291,0.339633397,,5811.484764,24.625,4.069833333333333
2000-03-24,6170,4.290442145,3.698630137,1.808648045,1.409647114,,5985.10646,116.5,3.5705416666666667
2000-03-25,6171,2.73251795,3.698630137,1.667891061,1.622678401,,6166.659514,142.91666666666666,2.136791666666667
2000-03-26,6172,15.21718173,3.698630137,2.729312849,0.902210142,,5031.407306,81.95833333333333,1.826875
2000-03-27,6173,0.96355677,3.698630137,2.067310056,1.273066384,,5670.817662,102.58333333333333,1.4102083333333333
2000-03-28,6174,0.434505115,3.698630137,1.770787709,0.539359792,,6033.44516,55.416666666666664,-0.13258333333333336
2000-03-29,6175,0.377076,3.698630137,1.661555866,0.59688618,6.5,6180.019088,48.5,0.22345833333333331
2000-03-30,6176,0.0,0.0,1.583069832,2.097429032,,6285.882767,174.54166666666666,1.4047916666666669
2000-03-31,6177,0.0,0.0,1.504407821,1.653262043,,6403.9989,151.79166666666666,1.60475
2000-04-01,6178,2.24581519,9.413532563,1.492944134,0.526525272,,6424.787072,39.208333333333336,2.8715833333333336
2000-04-02,6179,19.76936237,2.071780184,2.81772905,0.904111322,,5003.726886,58.041666666666664,3.636791666666667
2000-04-03,6180,6.245763435,2.586933468,3.743597765,0.152994498,,4428.236765,31.958333333333332,-0.99275
2000-04-04,6181,4.92465267,6.284876863,2.518843575,0.920456393,,5281.305897,143.16666666666666,-1.3442083333333334
2000-04-05,6182,0.3690244,5.624633585,2.384195531,1.886312711,,5400.418446,171.16666666666666,0.9596666666666667
2000-04-06,6183,0.0,0.0,2.201203911,2.949776172,,5564.015421,242.83333333333334,2.6969166666666666
2000-04-07,6184,0.0,0.0,2.032843575,3.031087447,,5735.036906,227.33333333333334,4.249708333333333
2000-04-08,6185,0.0,0.0,1.913832402,3.179101749,,5867.200526,204.54166666666666,5.257708333333333
2000-04-09,6186,0.633550225,1.640385015,1.812117318,0.802429066,,5986.131197,74.70833333333333,3.1203749999999997
2000-04-10,6187,0.0,0.0,1.701276536,3.238487684,,6124.010846,232.33333333333334,3.4215
2000-04-11,6188,20.04308876,2.364790011,3.533731844,0.258553068,6.2,4581.071054,51.916666666666664,0.33049999999999996
2000-04-12,6189,17.7521863,1.095890411,3.642058659,0.346503156,,4537.726174,59.416666666666664,0.6409166666666667
2000-04-13,6190,2.614839595,1.095890411,4.259212291,0.871452248,,4241.383517,101.08333333333333,1.0087083333333333
2000-04-14,6191,0.0,0.0,3.440664804,1.17483921,,4648.132536,92.5,1.38975
2000-04-15,6192,0.0,0.0,2.904636872,1.510600937,,4987.515851,128.0,0.7828750000000001
2000-04-16,6193,4.40790333,1.095890411,2.545089385,1.730187687,,5270.007914,120.875,2.720125
2000-04-17,6194,24.09413063,1.095890411,5.770608939,0.069313363,,3588.313036,36.541666666666664,0.5300416666666666
2000-04-18,6195,6.445579435,1.095890411,8.231932961,1.605950973,5.2,3113.781963,112.08333333333333,3.7098333333333335
2000-04-19,6196,3.141045585,3.01369863,5.119164804,2.47107811,,3903.34293,157.66666666666666,5.543708333333334
2000-04-20,6197,6.465570675,3.01369863,4.379027933,1.808227608,,4204.60744,106.29166666666667,6.754708333333333
2000-04-21,6198,10.68532615,3.01369863,4.2705,1.698141376,,4271.832315,111.83333333333333,5.711666666666667
2000-04-22,6199,3.95547235,3.01369863,4.932351955,1.814733337,,3987.235099,119.75,6.0655
2000-04-23,6200,3.780824725,3.01369863,3.963192737,1.517952147,,4395.409241,109.75,5.79925
2000-04-24,6201,16.72208304,3.01369863,5.435622905,2.227498865,,3846.197032,141.91666666666666,5.761958333333333
2000-04-25,6202,15.089924,3.01369863,10.17525419,1.469458839,4.7,2746.71816,89.54166666666667,6.916833333333333
2000-04-26,6203,7.749017015,0.684931507,7.613421788,1.419923182,,3246.53069,92.125,6.0648333333333335
2000-04-27,6204,0.193596485,0.684931507,6.066980447,1.818150429,,3602.744632,126.125,6.172916666666667
2000-04-28,6205,11.69801774,0.684931507,4.878226257,1.984617493,,4039.066133,118.125,6.936625
2000-04-29,6206,6.156578365,0.684931507,7.247790503,2.10177808,,3302.932289,157.25,7.3927499999999995
2000-04-30,6207,0.068083685,0.684931507,4.719494413,4.576521731,,4058.101681,278.125,9.320166666666667
2000-05-01,6208,0.0,0.0,3.894662011,4.414460769,,4420.867683,272.25,9.633625
2000-05-02,6209,0.0,0.0,3.333293296,3.911865283,6.4,4718.866034,219.625,10.942583333333333
2000-05-03,6210,0.0,0.0,2.917558659,1.809571012,,4983.219819,118.45833333333333,5.652666666666666
2000-05-04,6211,0.0,0.0,2.585463687,1.318944222,,5227.366887,89.08333333333333,4.8857083333333335
2000-05-05,6212,0.0,0.0,2.334846369,1.36716326,,5442.355191,93.08333333333333,5.085916666666667
2000-05-06,6213,0.0,0.0,2.126589385,3.940507505,,5635.419936,226.41666666666666,10.400708333333334
2000-05-07,6214,0.0,0.0,1.916195531,4.275887178,,5859.310569,239.33333333333334,12.852083333333333
2000-05-08,6215,0.0,0.0,1.756458101,4.732407096,,6053.54402,269.1666666666667,12.39875
2000-05-09,6216,0.060032085,1.40731606,1.654365922,2.924580377,6.5,6185.837996,157.54166666666666,13.448749999999999
2000-05-10,6217,0.0,0.0,1.543977654,2.502391788,,6341.591137,117.79166666666667,11.605416666666668
2000-05-11,6218,0.0,0.0,1.42949162,1.683685121,,6516.820915,101.79166666666667,7.91225
2000-05-12,6219,0.0,0.0,1.361513966,1.869053735,,6634.994526,102.91666666666667,8.36375
2000-05-13,6220,0.0,0.0,1.300801676,2.111335355,,6736.720985,112.25,12.530833333333334
2000-05-14,6221,0.0,0.0,1.203234637,5.45668879,,6922.064158,252.25,15.453333333333333
2000-05-15,6222,0.0,0.0,1.140837989,4.139282987,,7050.34159,240.0,12.772083333333335
2000-05-16,6223,10.87062835,12.49520257,1.178874302,1.296668773,6.4,6995.19299,68.29166666666667,7.811833333333333
2000-05-17,6224,24.46516603,3.698630137,2.430854749,1.054189421,,5340.703227,72.0,5.325583333333333
2000-05-18,6225,17.00308473,3.698630137,5.175653631,1.116979589,,3807.234397,63.083333333333336,5.444916666666667
2000-05-19,6226,8.70956319,3.698630137,3.863740223,1.679973791,,4431.157984,134.0,5.0921666666666665
2000-05-20,6227,10.21982892,3.698630137,3.256441341,1.39569296,,4788.18366,86.04166666666667,6.685875
2000-05-21,6228,3.99915855,3.698630137,4.599553073,1.355139207,,4101.301259,109.95833333333333,5.97025
2000-05-22,6229,0.5025888,3.698630137,3.189117318,4.217131194,,4794.986172,297.5833333333333,7.637333333333333
2000-05-23,6230,35.36007188,3.698630137,11.9222095,0.907614714,5.0,2311.334996,65.41666666666667,7.501124999999999
2000-05-24,6231,0.308992315,2.465753425,6.594611732,2.605809543,,3429.873231,185.16666666666666,6.2043333333333335
2000-05-25,6232,10.03438766,2.465753425,5.450530726,2.789859806,,3809.131039,213.75,5.931
2000-05-26,6233,25.83364389,2.465753425,8.001351955,1.287144315,,3183.300688,93.66666666666667,5.061375
2000-05-27,6234,3.096579095,2.465753425,8.543790503,2.474600833,,2968.428033,205.66666666666666,5.075208333333333
2000-05-28,6235,2.787362845,2.465753425,5.620223464,2.475155987,,3747.543614,182.20833333333334,4.9437500000000005
2000-05-29,6236,2.296510605,2.465753425,4.192567039,3.023052732,,4273.555566,308.5416666666667,6.686041666666667
2000-05-30,6237,0.308992315,2.465753425,3.404589385,4.114148642,6.2,4673.18357,285.7083333333333,7.550125
2000-05-31,6238,17.40556778,0.410958904,3.147963687,3.746668077,,4910.313684,202.25,8.557458333333333
2000-06-01,6239,22.06321164,0.410958904,8.048891061,0.838015642,,3154.562563,56.5,10.112916666666667
2000-06-02,6240,35.25377003,0.410958904,17.18846648,1.19383206,,1953.506159,77.625,10.507916666666667
2000-06-03,6241,12.69307839,0.410958904,13.20144134,1.202839005,,2373.759535,66.41666666666667,10.448333333333332
2000-06-04,6242,0.437108085,0.410958904,8.868896648,1.968971236,,2958.868203,136.91666666666666,8.383958333333334
2000-06-05,6243,0.0,0.0,5.840874302,4.46165923,,3675.021459,248.20833333333334,8.689541666666667
2000-06-06,6244,4.746039235,0.410958904,4.63577933,2.316139793,5.8,4093.735947,159.5,8.211708333333332
2000-06-07,6245,0.068083685,3.424657534,3.661793296,4.312796583,,4534.236142,252.20833333333334,9.181791666666667
2000-06-08,6246,0.0,0.0,3.08252514,4.244330423,,4870.155848,231.375,9.988583333333333
2000-06-09,6247,11.17986337,3.424657534,3.36147486,0.958451068,,4710.495257,64.375,7.3918333333333335
2000-06-10,6248,1.037759595,3.424657534,2.704248603,4.343491706,,5130.563575,266.4166666666667,8.618875000000001
2000-06-11,6249,4.73221856,3.424657534,2.390932961,3.275041913,,5393.071588,223.25,8.676708333333332
2000-06-12,6250,3.76890449,3.424657534,2.32725419,1.455411352,,5450.613525,121.625,11.206249999999999
2000-06-13,6251,11.28151627,3.424657534,3.22124581,4.246115012,5.5,4755.968199,274.5833333333333,10.549583333333333
2000-06-14,6252,60.13798829,0.547945205,22.75989385,0.805475723,,1284.044107,55.083333333333336,10.286666666666667
2000-06-15,6253,0.065480715,0.547945205,9.106567039,3.650451466,,2886.946638,215.91666666666666,11.739583333333334
2000-06-16,6254,0.0,0.0,5.365659218,6.333379275,,3812.85134,322.1666666666667,15.025416666666667
2000-06-17,6255,0.0,0.0,3.907332402,6.718122803,,4404.526116,314.0,17.62375
2000-06-18,6256,0.0,0.0,3.129812849,8.652971348,,4834.149264,344.8333333333333,20.300416666666667
2000-06-19,6257,0.0,0.0,2.662667598,5.699446613,,5164.249686,322.9583333333333,15.992916666666666
2000-06-20,6258,0.99972897,0.547945205,2.425877095,1.994454628,5.9,5360.935083,103.20833333333333,12.367916666666666
2000-06-21,6259,16.16491077,3.150684932,2.60700838,1.668481215,,5227.110084,97.625,9.8075
2000-06-22,6260,28.52212636,3.150684932,7.885156425,1.098434372,,3075.453219,79.125,9.345
2000-06-23,6261,1.876790795,3.150684932,4.60576257,2.141480775,,4079.26843,139.79166666666666,8.261083333333334
2000-06-24,6262,4.16999127,3.150684932,3.813284916,2.462795846,,4462.334943,146.95833333333334,7.016416666666667
2000-06-25,6263,0.0,0.0,3.081117318,3.323552433,,4868.952477,232.25,8.324333333333334
2000-06-26,6264,0.068083685,3.150684932,2.64826257,3.917003034,,5177.495485,223.41666666666666,10.417958333333333
2000-06-27,6265,0.0,0.0,2.362248603,3.969386004,5.9,5415.237464,186.20833333333334,12.6845
2000-06-28,6266,0.308992315,0.684931507,2.165178771,2.428223633,,5599.651071,123.16666666666667,13.672083333333333
2000-06-29,6267,7.04276214,0.684931507,2.028620112,2.966377863,,5740.407674,124.75,14.215000000000002
2000-06-30,6268,1.561377615,0.684931507,1.906114525,2.949136548,,5875.787254,106.0,12.576666666666666
2000-07-01,6269,4.02071038,0.684931507,1.876374302,2.760936837,,5907.347092,142.66666666666666,12.617916666666666
2000-07-02,6270,17.26756834,0.684931507,2.858329609,2.849595812,,4811.083534,134.33333333333334,12.178333333333333
2000-07-03,6271,7.416164825,0.684931507,2.269081006,3.991518057,,5506.212383,196.79166666666666,12.42125
2000-07-04,6272,0.714839235,0.684931507,2.192128492,1.55897294,,5548.500781,88.08333333333333,11.810833333333333
2000-07-05,6273,8.689407015,0.684931507,2.884927374,1.406439133,5.7,4936.88246,71.75,11.745
2000-07-06,6274,0.0,0.0,2.283636872,3.55214422,,5468.45998,178.33333333333334,12.877083333333333
2000-07-07,6275,0.308992315,1.780821918,1.992846369,3.822877874,,5776.275295,211.75,10.47125
2000-07-08,6276,35.47392997,1.780821918,3.30672067,1.583096893,,4798.014301,97.95833333333333,9.4525
2000-07-09,6277,29.02418967,1.780821918,14.87086592,1.30053458,,2194.379953,78.20833333333333,9.972916666666666
2000-07-10,6278,15.70939145,1.780821918,11.97148324,0.924721824,,2530.208976,49.25,8.207666666666666
2000-07-11,6279,2.24165164,1.780821918,7.277153631,3.675853217,5.4,3287.515509,253.08333333333334,8.012708333333334
2000-07-12,6280,1.328169235,4.341389655,5.001863128,2.146447542,,3947.906367,122.54166666666667,10.074583333333333
2000-07-13,6281,5.94138511,2.761355889,4.531902235,1.418467121,,4144.856448,84.66666666666667,10.155833333333334
2000-07-14,6282,0.180096255,3.003635914,3.575689944,1.356102338,,4578.637737,77.16666666666667,8.749166666666666
2000-07-15,6283,0.12006417,1.212663637,2.988226257,3.555021193,,4931.674657,206.45833333333334,9.5675
2000-07-16,6284,0.060032085,6.386723593,2.583301676,5.15953744,,5227.199989,315.3333333333333,11.181125
2000-07-17,6285,0.12006417,2.485060282,2.294497207,5.545404972,,5474.560929,270.8333333333333,11.784958333333334
2000-07-18,6286,0.060032085,3.170041989,2.073041899,6.366696514,6.1,5690.896058,327.5416666666667,12.8775
2000-07-19,6287,0.0,0.0,1.926527933,6.005263278,,5850.908356,307.5,13.645833333333334
2000-07-20,6288,0.0,0.0,1.817044693,3.810249164,,5978.709236,199.79166666666666,13.330416666666666
2000-07-21,6289,0.0,0.0,1.670907821,6.13326238,,6161.642186,275.0416666666667,14.894166666666665
2000-07-22,6290,0.0,0.0,1.55777933,4.818531367,,6320.968915,267.0,12.79125
2000-07-23,6291,0.0,0.0,1.49103352,1.455515104,,6426.935999,75.95833333333333,9.38125
2000-07-24,6292,0.0,0.0,1.428687151,2.621594583,,6519.097645,151.91666666666666,10.369583333333333
2000-07-25,6293,0.0,0.0,1.336424581,2.706508607,6.0,6673.077823,152.04166666666666,11.520833333333334
2000-07-26,6294,0.499477445,2.054794521,1.269477654,2.780507823,,6799.456967,156.375,12.3225
2000-07-27,6295,12.0292221,2.054794521,1.359879888,3.316801057,,6622.321582,175.25,12.909999999999998
2000-07-28,6296,0.5025888,2.054794521,1.242175978,3.486470616,,6833.369639,197.04166666666666,12.947083333333333
2000-07-29,6297,0.0,0.0,1.135307263,3.876467675,,7061.527608,214.875,13.186250000000001
2000-07-30,6298,0.0,0.0,1.066022346,3.454630636,,7212.158085,191.79166666666666,13.592500000000001
2000-07-31,6299,12.25755028,2.054794521,1.165248603,3.242455277,,7015.763783,174.125,13.545833333333334
2000-08-01,6300,2.93188351,2.054794521,1.141290503,3.457137864,,7036.738971,182.125,12.315833333333332
2000-08-02,6301,18.13637081,2.054794521,1.768248603,1.90858075,6.3,5955.52115,96.04166666666667,11.6
2000-08-03,6302,14.0100878,1.369863014,3.076994413,1.713328828,,4789.323193,102.0,11.573749999999999
2000-08-04,6303,0.0,0.0,1.547371508,1.866027718,,6316.288739,115.79166666666667,10.58625
2000-08-05,6304,0.562620885,1.369863014,1.325664804,4.927743219,,6687.749195,269.4583333333333,13.420416666666666
2000-08-06,6305,1.494266165,1.369863014,1.27953352,2.141473376,,6781.479861,111.16666666666667,14.6225
2000-08-07,6306,4.19068966,1.369863014,1.304572626,1.599310604,,6736.268135,86.375,13.793750000000001
2000-08-08,6307,3.588270625,1.369863014,1.299796089,3.152444332,,6743.434159,174.0,13.960833333333333
2000-08-09,6308,18.95006952,1.369863014,2.00848324,1.419758119,6.4,5632.599345,79.875,13.178333333333333
2000-08-10,6309,2.74840399,0.410958904,2.42700838,2.397740198,,5305.884554,137.375,12.39625
2000-08-11,6310,0.0,0.0,1.653812849,4.164181709,,6172.705478,208.16666666666666,13.576666666666666
2000-08-12,6311,2.900136955,0.410958904,1.520094972,1.939104503,,6380.434179,98.125,13.099583333333333
2000-08-13,6312,23.4829031,0.410958904,4.441550279,0.826944698,,3609.663901,35.958333333333336,14.779166666666667
2000-08-14,6313,18.51894766,0.410958904,9.608756983,1.299933617,,2842.815767,77.04166666666667,13.894583333333335
2000-08-15,6314,6.29274572,0.410958904,5.728575419,1.904270806,5.0,3710.169584,114.0,11.527916666666668
2000-08-16,6315,17.65073713,3.01369863,8.240455307,2.07763442,,3006.188513,112.70833333333333,11.0625
2000-08-17,6316,3.578933965,3.01369863,6.836530726,2.515885967,,3386.84676,147.41666666666666,11.022083333333333
2000-08-18,6317,3.42221221,3.01369863,5.314148045,1.420310693,,3856.47563,87.41666666666667,10.170833333333333
2000-08-19,6318,0.068083685,3.01369863,4.172882682,3.991294482,,4274.081566,254.33333333333334,10.49375
2000-08-20,6319,0.3690244,3.01369863,3.305865922,3.668719841,,4731.437984,206.66666666666666,10.187625
2000-08-21,6320,0.761665995,3.01369863,2.820142458,2.291095578,,5049.168859,137.79166666666666,9.790833333333333
2000-08-22,6321,0.308992315,3.01369863,2.441086592,3.698156422,5.9,5342.724604,205.95833333333334,11.39875
2000-08-23,6322,0.0,0.0,2.175058659,3.74303527,,5588.558959,208.33333333333334,12.482916666666666
2000-08-24,6323,0.0,0.0,1.964564246,5.027165894,,5804.902965,246.29166666666666,14.586666666666666
2000-08-25,6324,2.56310179,0.74969754,1.816692737,3.37898964,,5983.352567,140.20833333333334,15.240833333333333
2000-08-26,6325,1.428005155,5.818678378,1.755351955,2.069851294,,6051.42314,116.70833333333333,13.401666666666666
2000-08-27,6326,4.675109895,1.442900136,1.644486034,3.065383837,,6209.937566,172.20833333333334,11.584166666666667
2000-08-28,6327,8.147447085,1.829263151,1.986435754,2.968039117,,5758.750817,183.41666666666666,10.898333333333333
2000-08-29,6328,0.308992315,2.36174189,1.548578212,3.414476769,6.0,6329.027964,183.41666666666666,11.082625
2000-08-30,6329,0.0,0.0,1.432860335,3.205145214,,6512.605307,172.33333333333334,11.9825
2000-08-31,6330,15.8237643,1.780821918,2.305055866,1.127284012,,5287.959475,63.75,11.22125
2000-09-01,6331,14.2988195,1.780821918,3.832039106,1.53826127,,4415.511218,98.70833333333333,10.47625
2000-09-02,6332,3.544341745,1.780821918,2.560952514,2.715430816,,5231.01622,150.04166666666666,11.6825
2000-09-03,6333,0.308992315,1.780821918,2.059969274,3.116536707,,5699.779545,155.125,10.010041666666666
2000-09-04,6334,0.0,0.0,1.876625698,3.416396917,,5908.447362,160.875,11.2085
2000-09-05,6335,10.05289608,1.780821918,2.182751397,1.657868717,5.7,5589.548687,75.83333333333333,11.935
2000-09-06,6336,14.3336811,2.328767123,3.817709497,2.41886951,,4330.838732,131.375,10.336666666666668
2000-09-07,6337,28.85412052,2.328767123,6.59775419,0.600451756,,3270.941545,33.125,12.22375
2000-09-08,6338,0.0,0.0,5.94676257,2.522083801,,3576.569879,122.75,11.195416666666667
2000-09-09,6339,0.3690244,2.328767123,3.890212291,1.640639643,,4413.399793,74.95833333333333,12.239166666666668
2000-09-10,6340,0.1335644,2.328767123,3.139391061,3.349662616,,4831.281555,136.66666666666666,15.84875
2000-09-11,6341,0.3690244,2.328767123,2.654019553,4.132411206,5.9,5169.957877,158.625,15.932916666666666
2000-09-12,6342,6.922990445,0.410958904,2.52827095,0.596021598,,5280.600316,30.791666666666668,11.751666666666667
2000-09-13,6343,5.11168037,0.410958904,2.232804469,1.85519367,,5541.721729,92.29166666666667,11.001249999999999
2000-09-14,6344,17.46125196,0.410958904,4.925061453,1.729815417,,3945.068223,84.79166666666667,11.543750000000001
2000-09-15,6345,4.780311,0.410958904,4.272310056,1.053465383,,4250.18997,58.625,9.53
2000-09-16,6346,2.816487675,0.410958904,3.271550279,1.624682485,,4755.832538,93.04166666666667,9.855833333333333
2000-09-17,6347,40.689147,0.410958904,9.398488827,0.966260466,,2622.205514,52.333333333333336,11.079166666666666
2000-09-18,6348,17.88999529,0.410958904,26.53202514,2.630124355,,1142.15958,167.45833333333334,8.373291666666667
2000-09-19,6349,9.228837715,0.410958904,7.699826816,1.661490427,5.4,3203.243428,101.875,7.302041666666667
2000-09-20,6350,4.03657089,0.95890411,7.73172905,1.050712745,,3190.144714,68.41666666666667,7.213375
2000-09-21,6351,1.617713595,0.95890411,5.160167598,0.577757761,,3900.808119,24.208333333333332,8.950333333333333
2000-09-22,6352,3.693549495,0.95890411,4.494946927,2.384886245,,4152.419542,116.25,11.240833333333333
2000-09-23,6353,0.068083685,0.95890411,3.591175978,2.445027308,,4572.396556,101.20833333333333,14.267083333333334
2000-09-24,6354,14.57952628,0.95890411,3.862231844,0.800990005,,4496.026842,42.416666666666664,11.175416666666665
2000-09-25,6355,37.14160362,0.95890411,14.44424581,2.049256681,,1840.585587,95.66666666666667,9.956666666666667
2000-09-26,6356,27.70829155,0.95890411,16.9983352,1.546459687,,1981.860825,71.70833333333333,11.368333333333332
2000-09-27,6357,28.29549826,0.95890411,25.09169832,0.43294828,4.5,1387.188547,18.291666666666668,9.633750000000001
2000-09-28,6358,6.22780262,10.68493151,15.25572905,1.81640806,,2112.067129,111.625,8.731250000000001
2000-09-29,6359,1.876790795,10.68493151,8.201086592,1.377414611,,3093.140856,73.41666666666667,9.63
2000-09-30,6360,1.53914027,10.68493151,5.705572626,1.272268967,,3716.789726,65.04166666666667,9.752916666666666
2000-10-01,6361,16.53505533,10.68493151,5.219673184,0.940358161,,3937.415655,57.958333333333336,8.380041666666667
2000-10-02,6362,37.42290022,10.68493151,22.94577654,0.87073692,,1482.47049,48.166666666666664,7.348916666666667
2000-10-03,6363,18.70452538,10.68493151,10.42162291,0.887626224,5.8,2783.683493,31.083333333333332,11.047916666666666
2000-10-04,6364,9.934097575,10.0,10.21919832,1.776567677,,2705.357264,111.04166666666667,8.060625
2000-10-05,6365,13.95113706,10.0,12.69344413,1.005786629,,2434.044961,85.79166666666667,5.802499999999999
2000-10-06,6366,0.811581115,10.0,7.778715084,1.484120203,,3189.384364,95.33333333333333,6.378041666666667
2000-10-07,6367,16.25590915,10.0,8.230851955,0.43275697,,3128.989429,22.125,9.512083333333333
2000-10-08,6368,9.53337885,10.0,7.756868715,0.975233106,,3214.245185,72.20833333333333,5.705541666666666
2000-10-09,6369,33.48562197,10.0,17.71282961,0.380634275,,1868.954928,18.083333333333332,5.519958333333334
2000-10-10,6370,44.15815771,10.0,32.09060615,0.79820196,7.6,1141.646799,54.291666666666664,3.823625
2000-10-11,6371,11.0951911,2.602739726,18.34695251,0.569775748,,1860.552442,51.208333333333336,4.1055
2000-10-12,6372,3.31907647,2.602739726,9.932354749,0.855571154,,2792.359443,58.125,6.4325833333333335
2000-10-13,6373,1.2486892,2.602739726,6.869363128,1.317885005,,3400.936241,82.04166666666667,6.995166666666667
2000-10-14,6374,15.49900864,2.602739726,6.740949721,0.483164679,,3463.701412,26.916666666666668,8.523625000000001
2000-10-15,6375,1.005177595,2.602739726,6.113312849,0.639297897,,3590.922432,39.416666666666664,8.693333333333333
2000-10-16,6376,7.63230328,2.602739726,5.115041899,0.580875303,,3929.933745,40.458333333333336,6.3215
2000-10-17,6377,7.620480385,2.602739726,4.644578212,0.963390156,5.9,4123.614373,54.291666666666664,6.458749999999999
2000-10-18,6378,2.9479867,8.356164384,6.004759777,0.918550381,,3619.862265,49.916666666666664,8.235625
2000-10-19,6379,6.939873945,8.356164384,5.574243017,0.678098032,,3785.201964,59.0,5.214666666666667
2000-10-20,6380,2.13586799,8.356164384,4.777315642,0.577740849,,4047.154998,35.25,6.3165000000000004
2000-10-21,6381,0.25362857,8.356164384,4.079162011,1.059868199,,4335.029526,73.08333333333333,5.062208333333333
2000-10-22,6382,1.746072055,8.356164384,3.56322067,1.258455089,,4595.254749,73.58333333333333,5.497916666666666
2000-10-23,6383,18.68083042,8.356164384,4.669391061,0.609055338,,4112.313585,26.125,7.899583333333333
2000-10-24,6384,12.13131556,8.356164384,5.886301676,0.557422266,6.2,3705.034104,27.791666666666668,7.109083333333333
2000-10-25,6385,15.44516053,10.95890411,10.70130168,1.006090786,,2687.282939,49.833333333333336,7.021166666666667
2000-10-26,6386,14.2102592,10.95890411,7.165106145,0.67190798,,3372.688735,37.458333333333336,6.018249999999999
2000-10-27,6387,48.91038691,10.95890411,35.95223464,0.587075777,,940.600703,34.166666666666664,8.793166666666666
2000-10-28,6388,25.13100043,10.95890411,17.92148883,0.400316449,,1934.408971,12.041666666666666,6.870458333333333
2000-10-29,6389,72.15694317,10.95890411,46.22767039,0.376084152,,659.6971145,15.208333333333334,4.144166666666667
2000-10-30,6390,82.84192945,10.95890411,73.86237151,0.303037237,,223.9568559,15.916666666666666,4.307416666666667
2000-10-31,6391,17.34114288,10.95890411,25.03603911,0.4544097,7.7,1368.094872,26.5,4.572583333333333
2000-11-01,6392,21.27371995,4.794520548,20.67041061,0.49402036,,1749.346598,34.625,3.4116666666666666
2000-11-02,6393,23.49033935,4.794520548,18.20048883,0.483128827,,1921.796688,35.0,2.7408333333333332
2000-11-03,6394,7.37405861,4.794520548,12.98662291,0.622300445,,2365.242378,51.541666666666664,3.298625
2000-11-04,6395,11.83992867,4.794520548,10.3892933,0.568897908,,2739.468987,46.791666666666664,3.796666666666667
2000-11-05,6396,33.71587604,4.794520548,16.16684078,0.105794759,,1948.395987,5.333333333333333,3.3154583333333334
2000-11-06,6397,17.48141544,4.794520548,31.49326257,0.156723502,,1036.715994,9.125,4.25575
2000-11-07,6398,2.88196839,4.794520548,9.697600559,0.22997853,,2823.298743,11.791666666666666,4.632625
2000-11-08,6399,15.3977378,4.794520548,7.492198324,0.389650339,6.6,3292.782649,23.208333333333332,3.5077916666666664
2000-11-09,6400,11.72181928,6.301369863,7.792843575,0.294867784,,3199.309998,17.5,3.2925416666666667
2000-11-10,6401,30.27219705,6.301369863,14.09173743,0.377843376,,2164.429426,31.833333333333332,3.952083333333333
2000-11-11,6402,24.817262,6.301369863,19.21970112,0.33756948,,1815.633775,18.25,4.798416666666666
2000-11-12,6403,15.58916235,6.301369863,22.08288268,0.621647962,,1584.607477,48.916666666666664,3.3234999999999997
2000-11-13,6404,6.332006285,6.301369863,10.72742179,0.359702214,,2674.147829,32.708333333333336,2.618375
2000-11-14,6405,5.54878846,6.301369863,7.920377095,0.177611165,,3176.173438,30.458333333333332,2.5011666666666668
2000-11-15,6406,17.06732532,6.301369863,7.438675978,0.291775602,6.4,3381.504692,23.25,3.0170833333333333
2000-11-16,6407,13.18246186,3.759178612,11.66953073,0.329550013,,2520.735519,27.375,2.389875
2000-11-17,6408,18.16828958,4.722837984,12.9136676,0.279936429,,2417.387766,17.541666666666668,2.1919999999999997
2000-11-18,6409,47.49629845,1.079743048,21.92296927,0.201486689,,1601.938403,11.958333333333334,6.060958333333333
2000-11-19,6410,33.14539516,4.251655648,36.78430726,0.325020972,,883.7140739,21.041666666666668,3.2505
2000-11-20,6411,16.35101268,2.297961145,19.18163966,0.011186165,,1835.551265,10.25,0.9024583333333333
2000-11-21,6412,33.08079806,3.473559758,17.86419553,0.156584236,,1970.840539,13.833333333333334,0.955625
2000-11-22,6413,20.46031618,0.605729934,28.87843575,0.185082126,,1143.991398,8.333333333333334,3.152416666666667
2000-11-23,6414,3.645457055,4.478113949,12.65206425,0.170386294,,2400.481989,13.958333333333334,3.2712916666666665
2000-11-24,6415,2.26476405,9.657540393,8.376662011,0.23205512,,3077.352757,17.375,3.6479583333333334
2000-11-25,6416,30.54282181,10.66275992,11.07326816,0.375856646,,2855.36955,13.166666666666666,4.515
2000-11-26,6417,26.57288176,5.16440803,27.60692179,0.417275232,,1124.751542,10.708333333333334,3.6214999999999997
2000-11-27,6418,23.7344857,3.84415969,13.90736313,0.183349725,,2339.769092,9.25,5.884166666666666
2000-11-28,6419,16.57931196,3.601185333,24.41038827,0.146069649,,1479.560284,2.9166666666666665,9.717916666666666
2000-11-29,6420,4.36421715,4.022402158,10.65439106,0.396651819,,2679.928362,11.083333333333334,7.027666666666666
2000-11-30,6421,5.83746908,6.849315068,7.38153352,0.240715116,,3294.487946,7.208333333333333,5.69125
2000-12-01,6422,13.71151352,6.849315068,9.918351955,0.287642866,,2818.296236,10.375,7.303166666666667
2000-12-02,6423,3.149097185,6.849315068,7.251913408,0.405273182,,3316.877755,15.541666666666666,5.212750000000001
2000-12-03,6424,2.274881015,6.849315068,5.942162011,0.29914437,,3660.284693,15.666666666666666,4.83575
2000-12-04,6425,20.42896782,6.849315068,10.15112011,0.284241175,,2758.385256,7.0,7.427
2000-12-05,6426,18.27509621,6.849315068,11.60499721,0.374847206,,2585.081586,7.291666666666667,7.949166666666667
2000-12-06,6427,10.60994563,6.849315068,10.82483799,0.368542497,7.0,2690.02845,16.875,5.574458333333333
2000-12-07,6428,26.95709579,5.068493151,17.85728212,0.119155662,,1754.272559,5.416666666666667,5.34525
2000-12-08,6429,32.93923427,5.068493151,34.05230447,0.252486355,,1023.813221,5.916666666666667,5.416250000000001
2000-12-09,6430,25.6681559,5.068493151,23.56476536,0.331099565,,1533.064624,11.291666666666666,4.890416666666667
2000-12-10,6431,35.6875605,5.068493151,25.17199441,0.319373347,,1533.668733,7.458333333333333,5.485333333333333
2000-12-11,6432,50.15536912,5.068493151,58.54510056,0.221779849,,363.1317045,6.333333333333333,8.808333333333334
2000-12-12,6433,26.41916733,5.068493151,24.51499441,0.2365877,6.5,1512.211295,3.2916666666666665,8.111708333333334
2000-12-13,6434,14.88270458,39.04109589,20.11127933,0.355471381,,1737.600122,6.416666666666667,3.8352916666666665
2000-12-14,6435,15.30397157,39.04109589,13.81688547,0.009809257,,2318.351855,16.041666666666668,1.6825833333333333
2000-12-15,6436,1.575850085,39.04109589,10.55692458,0.038571553,,2703.50157,37.208333333333336,-0.1602083333333333
2000-12-16,6437,4.58126589,39.04109589,7.990717877,0.053006588,,3166.402656,13.458333333333334,0.55875
2000-12-17,6438,0.49998583,39.04109589,6.525,0.120448401,,3493.170999,15.0,0.226375
2000-12-18,6439,0.0,0.0,5.237673184,0.164253437,7.4,3877.299137,10.958333333333334,1.5403333333333336
2000-12-19,6440,8.044023725,6.147247548,5.532410615,0.083514284,,3792.520414,1.125,4.468916666666667
2000-12-20,6441,0.0,0.0,4.643849162,0.207232351,,4089.397845,13.0,5.7335
2000-12-21,6442,0.0,0.0,3.999393855,0.11174455,,4376.860422,5.875,2.905708333333333
2000-12-22,6443,0.308992315,3.525352167,3.647589385,0.138340405,,4551.924148,8.875,2.143125
2000-12-23,6444,0.060032085,4.823535445,3.358282123,0.055624983,,4710.423141,3.9583333333333335,1.140875
2000-12-24,6445,3.738640775,4.003221574,3.315142458,0.053352096,,4745.156001,2.7083333333333335,0.026041666666666657
2000-12-25,6446,0.335212485,4.730597796,3.036620112,0.0,,4899.910916,5.0,-2.192416666666667
2000-12-26,6447,0.065480715,2.722005051,2.642379888,0.0,,5182.906536,4.916666666666667,-3.3783333333333334
2000-12-27,6448,0.068083685,6.923621062,2.382863128,0.0,,5404.713175,6.708333333333333,-3.6639166666666667
2000-12-28,6449,0.0,0.0,2.219354749,0.0,,5539.222657,27.291666666666668,-3.820625
2000-12-29,6450,0.0,0.0,1.985430168,0.0,,5784.8808,43.25,-4.195583333333333
2000-12-30,6451,0.0,0.0,1.837332402,0.0,,5954.615326,31.333333333333332,-3.0669583333333335
2000-12-31,6452,2.74978352,3.756616827,1.868631285,0.063781714,,5942.796468,5.291666666666667,-0.6844166666666666
2001-01-01,6453,15.08146477,3.651652279,5.267790503,0.328522974,,3859.445388,10.0,4.939666666666667
2001-01-02,6454,27.14760393,3.486114804,12.30327654,0.262316426,,2402.377938,13.666666666666666,3.515375
2001-01-03,6455,3.835165495,22.70814548,8.058217877,0.15117859,,3097.971465,9.125,2.464916666666667
2001-01-04,6456,5.20313856,11.27287622,6.45003352,0.028457998,7.8,3516.860304,11.0,3.0081666666666664
2001-01-05,6457,0.562620885,6.02739726,4.763840782,0.160387397,,4039.772903,21.291666666666668,0.7854166666666668
2001-01-06,6458,3.91360884,6.02739726,3.994089385,0.248176117,,4381.400394,16.416666666666668,2.27225
2001-01-07,6459,17.82606789,6.02739726,4.777743017,0.323269232,,4131.876436,16.708333333333332,1.3169583333333332
2001-01-08,6460,4.903515745,6.02739726,6.883969274,0.049784447,,3331.698753,20.0,1.0219166666666666
2001-01-09,6461,0.308992315,6.02739726,4.518980447,0.322650479,7.5,4141.856413,34.833333333333336,-0.657
2001-01-10,6462,0.0,0.0,3.840058659,0.092223466,,4449.266319,7.458333333333333,-1.3054166666666667
2001-01-11,6463,0.0,0.0,3.312905028,0.13530308,,4733.175045,32.5,-1.3
2001-01-12,6464,0.0,0.0,2.955846369,0.296616862,,4958.708187,19.166666666666668,-0.28775
2001-01-13,6465,0.060032085,7.358292108,2.638081006,0.138163835,,5186.524083,58.583333333333336,-0.8024999999999999
2001-01-14,6466,0.44255671,4.677715885,2.375798883,0.422150999,,5405.192834,73.375,-1.5252083333333333
2001-01-15,6467,0.0,0.0,2.178628492,0.142680012,,5585.433809,18.25,-2.9283333333333332
2001-01-16,6468,0.0,0.0,1.979145251,0.053210541,,5790.69752,6.333333333333333,-4.022208333333333
2001-01-17,6469,0.0,0.0,1.821318436,0.075465946,7.0,5973.658686,23.375,-3.616
2001-01-18,6470,0.060032085,4.657534247,1.684659218,0.047427713,,6146.747157,17.166666666666668,-2.422
2001-01-19,6471,0.0,0.0,1.591340782,0.10059953,,6272.326543,51.625,-2.1095416666666664
2001-01-20,6472,0.308992315,4.657534247,1.466396648,0.31444052,,6460.699004,57.541666666666664,-1.9537916666666666
2001-01-21,6473,3.20092215,4.657534247,1.473787709,0.157526972,,6453.602588,9.541666666666666,-1.0082083333333334
2001-01-22,6474,14.73821011,4.657534247,3.297569832,0.165987546,,4630.535859,6.208333333333333,2.4425833333333333
2001-01-23,6475,21.40816795,4.657534247,6.313801676,0.243979067,7.9,3460.87212,5.208333333333333,4.667541666666667
2001-01-24,6476,13.4430741,9.04109589,11.11763966,0.445268613,,2553.927764,30.166666666666668,2.151625
2001-01-25,6477,10.02633608,9.04109589,7.113444134,0.328875589,,3367.587912,25.291666666666668,0.9121666666666667
2001-01-26,6478,8.90085162,9.04109589,9.15976257,0.305739017,,2942.202079,30.333333333333332,0.6914166666666667
2001-01-27,6479,2.09408223,9.04109589,5.917927374,0.067688598,,3646.015448,26.583333333333332,0.27758333333333335
2001-01-28,6480,0.060032085,9.04109589,4.28322067,0.263128858,,4235.427005,51.291666666666664,-0.31333333333333335
2001-01-29,6481,1.30611831,9.04109589,3.521463687,0.725403229,,4612.278581,72.33333333333333,0.15516666666666667
2001-01-30,6482,12.52371446,9.04109589,4.938611732,0.303266135,7.4,4000.571394,19.166666666666668,2.894541666666667
2001-01-31,6483,0.8796648,5.479452055,4.159382682,0.359655772,,4285.407273,22.125,2.9984583333333332
2001-02-01,6484,12.8173255,5.479452055,4.026117318,0.116207916,,4413.382139,12.25,0.765
2001-02-02,6485,13.80535752,5.479452055,5.348212291,0.291404533,,3899.449029,17.916666666666668,3.220916666666666
2001-02-03,6486,13.73228504,5.479452055,13.55322067,0.27407758,,2214.242531,18.875,2.6787500000000004
2001-02-04,6487,35.31808566,5.479452055,20.39847486,0.278825248,,1747.877677,14.833333333333334,2.529625
2001-02-05,6488,11.34777729,5.479452055,13.78712011,0.253742232,,2296.644938,14.708333333333334,4.129625
2001-02-06,6489,7.06608927,5.479452055,8.998667598,0.623720013,,2959.913652,22.541666666666668,4.638875
2001-02-07,6490,2.8144223,5.479452055,7.260812849,0.623496738,7.5,3308.274836,34.625,4.363916666666666
2001-02-08,6491,0.060032085,1.232876712,5.527332402,0.378092424,,3767.710124,80.25,-1.57425
2001-02-09,6492,0.0,0.0,4.290787709,0.819539828,,4239.529633,87.41666666666667,-1.1465416666666666
2001-02-10,6493,18.58866969,1.232876712,5.214997207,0.214285385,,3913.276665,5.583333333333333,4.336791666666667
2001-02-11,6494,79.861692,1.232876712,61.39463128,0.318779341,,433.9392793,17.041666666666668,7.7562500000000005
2001-02-12,6495,28.78182833,1.232876712,35.93212291,0.39854636,,930.7847738,44.75,2.9609166666666664
2001-02-13,6496,0.3690244,1.232876712,10.00925698,1.026172238,,2757.345511,96.125,2.530416666666667
2001-02-14,6497,0.0,0.0,6.344622905,1.466227679,7.1,3530.674711,100.70833333333333,4.672
2001-02-15,6498,0.065480715,4.999137321,4.753332402,1.217052167,,4045.915079,92.08333333333333,3.2664166666666667
2001-02-16,6499,0.12811577,2.702065492,3.865248603,1.198261435,,4432.402615,106.04166666666667,1.7490416666666668
2001-02-17,6500,0.0,0.0,3.310944134,0.966513573,,4734.737943,109.91666666666667,0.7462916666666667
2001-02-18,6501,0.0,0.0,2.916175978,0.840445717,,4983.858759,96.91666666666667,0.9373333333333332
2001-02-19,6502,0.91855284,7.304502045,2.689391061,0.244873334,,5155.479139,26.125,1.520875
2001-02-20,6503,1.52022685,10.29248373,2.34109248,1.170214504,6.9,5443.618727,90.5,1.8320833333333333
2001-02-21,6504,3.27833188,1.8070641,1.62428352,0.635007449,,6234.464923,51.583333333333336,4.452458333333333
2001-02-22,6505,7.839012415,6.810956945,1.62428352,0.607388866,,6234.464923,52.375,3.9905416666666667
2001-02-23,6506,1.967176825,5.539895315,1.62428352,0.626310019,,6234.464923,82.16666666666667,-0.06816666666666665
2001-02-24,6507,1.49271154,5.456566,1.62428352,0.947116681,,6234.464923,139.75,-1.7619999999999998
2001-02-25,6508,3.01293839,5.089347903,1.62428352,0.292597685,,6234.464923,93.25,-2.1293333333333333
2001-02-26,6509,5.38784693,8.673236442,1.62428352,0.078371144,,6234.464923,36.625,-0.7127083333333334
2001-02-27,6510,1.076747505,3.842228048,1.62428352,0.101712553,,6234.464923,35.291666666666664,-2.1822916666666665
2001-02-28,6511,0.97773694,1.270137677,1.62428352,0.0,,6234.464923,28.833333333333332,-2.8376249999999996
2001-03-01,6512,0.65731284,4.431057996,1.62428352,0.496963796,,6234.464923,85.58333333333333,-3.8935
2001-03-02,6513,0.32865642,4.899755653,1.62428352,0.112709737,,6234.464923,54.083333333333336,-5.072791666666666
2001-03-03,6514,1.31462568,14.31614399,1.62428352,0.353974738,,6234.464923,86.95833333333333,-4.7824583333333335
2001-03-04,6515,4.272533455,1.403964982,1.62428352,0.6165032,,6234.464923,158.375,-3.41925
2001-03-05,6516,1.314625675,1.39245744,1.62428352,0.562447853,,6234.464923,142.0,-0.1266666666666667
2001-03-06,6517,5.66147273,30.48173386,1.62428352,1.014972057,,6234.464923,84.25,1.958125
2001-03-07,6518,12.64104177,2.38745393,1.62428352,1.115864262,,6234.464923,71.20833333333333,6.749
2001-03-08,6519,2.32463962,4.413046934,1.62428352,0.938692933,,6234.464923,49.583333333333336,5.580375
2001-03-09,6520,13.81203815,2.199681341,4.683217877,0.541420674,,4158.588392,36.791666666666664,5.539000000000001
2001-03-10,6521,18.85366944,4.490577815,10.81116201,0.322679507,,2618.928209,24.125,6.454125
2001-03-11,6522,6.19844189,1.927243566,6.664851955,0.485740288,,3448.072477,28.583333333333332,4.681291666666667
2001-03-12,6523,10.55382713,1.786947856,5.562553073,0.750556584,,3795.038884,79.08333333333333,0.9427499999999999
2001-03-13,6524,4.391800145,5.021848641,6.047094972,1.761945072,,3611.768613,136.375,2.0533333333333332
2001-03-14,6525,0.882267765,10.61382276,4.25702514,1.247948246,,4247.64877,100.16666666666667,2.3355416666666664
2001-03-15,6526,11.67233518,1.402700395,4.050879888,0.694672568,,4396.31465,66.625,0.5875416666666666
2001-03-16,6527,2.08104184,6.423454422,5.197927374,0.162496745,,3856.652242,9.958333333333334,1.1899583333333335
2001-03-17,6528,0.65480715,35.78172033,3.797949721,0.053944066,,4465.213308,32.666666666666664,-1.9412083333333332
2001-03-18,6529,3.23599246,6.342655773,3.321980447,0.042547105,,4729.072547,96.875,-2.332125
2001-03-19,6530,0.188147855,34.51961747,2.947148045,0.109474742,,4965.137093,133.45833333333334,-2.5766666666666667
2001-03-20,6531,1.770175775,4.361820275,2.663069832,0.268988016,,5170.914312,100.95833333333333,-1.7485416666666669
2001-03-21,6532,1.178652865,6.502410322,2.706913408,0.054890035,,5154.150694,27.583333333333332,-1.4865000000000002
2001-03-22,6533,15.51392318,3.234086329,11.65004749,0.521414185,,2428.122583,66.45833333333333,3.8304166666666664
2001-03-23,6534,27.6680938,3.814750563,14.18965642,1.095677998,,2280.932798,63.541666666666664,5.031
2001-03-24,6535,0.308992315,9.487543774,9.866136872,0.42331242,,2801.439859,26.291666666666668,3.2110416666666666
2001-03-25,6536,0.065480715,15.97921019,6.423863128,0.969671581,,3504.582543,60.333333333333336,1.13275
2001-03-26,6537,0.570672485,2.031616047,4.531902235,1.053087892,,4127.525934,77.375,0.11716666666666668
2001-03-27,6538,5.97570182,5.666876158,4.098921788,0.443034022,,4335.600704,30.916666666666668,1.5506666666666666
2001-03-28,6539,1.002574625,6.704380744,3.555854749,1.857406296,,4589.768563,112.0,3.2577916666666664
2001-03-29,6540,5.83540371,3.12175416,3.236103352,1.294968345,,4792.268029,99.875,2.3551249999999997
2001-03-30,6541,1.44228568,15.32778523,3.055148045,1.860103891,,4888.861257,119.66666666666667,3.310208333333333
2001-03-31,6542,18.6354187,0.76033383,5.907092179,0.74139918,,3538.752099,61.291666666666664,6.68425
2001-04-01,6543,0.37447303,4.360757707,4.233268156,2.344298314,,4240.503969,137.95833333333334,7.438958333333333
2001-04-02,6544,10.07332776,1.718909138,4.701821229,0.666848906,,4058.293838,40.916666666666664,6.68425
2001-04-03,6545,9.557403665,9.536221853,4.173812849,1.414923706,,4367.962281,108.70833333333333,3.024125
2001-04-04,6546,12.11934708,0.805349821,9.251396648,0.905830652,,2921.327529,88.75,2.716875
2001-04-05,6547,28.49518123,11.00192704,21.15485196,0.220113265,,1441.393108,17.208333333333332,5.5609166666666665
2001-04-06,6548,13.26921686,0.904772956,14.11712849,0.499937352,,2283.9542,36.833333333333336,6.925416666666667
2001-04-07,6549,3.30465753,0.474050263,11.1297067,0.706751863,,2595.670455,60.333333333333336,4.160416666666666
2001-04-08,6550,27.39742697,2.912732011,13.32507821,0.825236812,,2206.852259,77.04166666666667,4.392833333333333
2001-04-09,6551,5.223550655,1.022139593,10.33868715,1.045355917,,2692.79527,85.625,7.131083333333334
2001-04-10,6552,15.88413671,0.452372452,11.29826816,0.992044442,,2611.245875,90.5,5.825708333333334
2001-04-11,6553,0.16927274,2.260701081,6.927812849,1.918422113,,3382.140666,128.16666666666666,3.6652083333333336
2001-04-12,6554,0.52361802,2.111560922,5.168689944,1.487382653,,3896.378313,88.91666666666667,4.62325
2001-04-13,6555,0.69289076,14.38866755,4.21046648,0.758454622,,4273.485491,63.25,4.289666666666666
2001-04-14,6556,21.57442958,3.500779719,4.804617318,0.74626616,,4078.594061,62.458333333333336,6.9078333333333335
2001-04-15,6557,6.640914625,1.848611893,7.001773743,1.480018379,,3299.056972,112.16666666666667,5.433333333333334
2001-04-16,6558,0.17874919,3.267658356,4.335159218,2.754200974,,4213.746466,180.04166666666666,2.826041666666667
2001-04-17,6559,15.87466027,16.35752245,4.851301676,1.01895013,,3989.618903,91.95833333333333,2.610625
2001-04-18,6560,0.53309447,5.930744916,4.637136872,2.00649847,,4050.532651,172.20833333333334,1.4482916666666668
2001-04-19,6561,1.376305075,4.635125284,3.671924581,2.202494642,,4534.315274,177.66666666666666,1.7289583333333332
2001-04-20,6562,1.401581325,4.197939607,3.292089385,2.863386291,,4747.92371,221.04166666666666,1.7223750000000002
2001-04-21,6563,1.38895177,0.550988173,2.998307263,2.452068432,,4934.916108,157.33333333333334,2.8895
2001-04-22,6564,24.12747073,4.890216216,5.943142458,0.305704651,,3568.674703,34.791666666666664,2.7554583333333333
2001-04-23,6565,0.0,0.0,4.380108939,3.18519106,,4158.871994,244.25,4.728375000000001
2001-04-24,6566,13.09992697,2.636951818,6.237905028,0.501408155,,3461.865493,52.458333333333336,3.826083333333333
2001-04-25,6567,0.0,0.0,5.559234637,1.628016453,,3722.85459,121.66666666666667,6.376874999999999
2001-04-26,6568,0.526788265,11.88316173,4.080393855,3.025617151,,4329.932394,235.16666666666666,6.1662083333333335
2001-04-27,6569,14.46358535,2.12307717,4.442103352,1.767295157,,4187.378258,121.375,4.90175
2001-04-28,6570,10.68272635,4.663456784,6.524723464,1.879171895,,3477.522681,168.41666666666666,4.747958333333333
2001-04-29,6571,3.818799095,2.541434089,5.957773743,2.57612629,,3636.157787,199.33333333333334,2.6057916666666667
2001-04-30,6572,0.0,0.0,4.306801676,2.423991244,,4230.33918,163.54166666666666,2.7461249999999997
2001-05-01,6573,0.17559609,9.475217104,3.620086592,4.588515591,,4559.324305,286.25,7.821416666666667
2001-05-02,6574,0.0,0.0,3.224564246,3.038803248,,4789.45479,151.75,8.361458333333333
2001-05-03,6575,0.0,0.0,2.878994413,3.426731135,,5007.910786,231.625,7.585625
2001-05-04,6576,0.52361802,2.929341778,2.570103352,1.916088324,,5240.754454,133.16666666666666,3.220666666666667
2001-05-05,6577,0.0,0.0,2.295,3.483380014,,5475.398276,213.04166666666666,6.452916666666667
2001-05-06,6578,0.0,0.0,2.070603352,2.462095002,,5692.856815,178.54166666666666,4.1758750000000004
2001-05-07,6579,0.0,0.0,1.899829609,4.793134376,,5880.317217,311.9166666666667,6.132208333333334
2001-05-08,6580,0.0,0.0,1.768349162,4.013811375,,6039.024139,225.79166666666666,8.017666666666667
2001-05-09,6581,1.395257975,12.64209091,1.667564246,3.520048973,,6172.394669,218.33333333333334,6.462
2001-05-10,6582,8.566113975,0.745752396,1.766312849,2.318990844,,6060.590964,115.04166666666667,9.65575
2001-05-11,6583,0.0,0.0,1.636918994,2.794613692,,6188.098239,150.54166666666666,12.490416666666667
2001-05-12,6584,0.17559609,4.852319544,1.443494413,6.075585248,,6491.691696,290.625,14.625416666666666
2001-05-13,6585,5.743998435,4.927665241,1.41000838,3.72521028,,6556.762545,203.875,9.797333333333333
2001-05-14,6586,2.442494025,1.652158614,1.375240223,1.457374062,,6612.789475,81.20833333333333,7.832166666666667
2001-05-15,6587,0.0,0.0,1.334162011,1.430170074,,6672.908754,76.79166666666667,7.128041666666667
2001-05-16,6588,22.48085648,5.063239616,2.395759777,1.434324956,,5137.354551,96.70833333333333,6.730333333333333
2001-05-17,6589,20.53980594,5.4128096,4.841572626,0.751440229,,3955.654065,46.666666666666664,4.967583333333334
2001-05-18,6590,0.52361802,4.747872679,2.57397486,2.022297356,,5206.214297,129.375,6.1065000000000005
2001-05-19,6591,0.0,0.0,2.068818436,1.872696937,,5690.081841,118.875,6.961458333333333
2001-05-20,6592,0.0,0.0,1.887083799,2.517448344,,5896.695108,130.58333333333334,9.859916666666667
2001-05-21,6593,0.0,0.0,1.767997207,4.622496754,,6039.889721,235.75,11.228041666666668
2001-05-22,6594,0.0,0.0,1.62374581,5.984204759,5.8,6225.462358,324.3333333333333,11.676166666666667
2001-05-23,6595,0.0,0.0,1.516776536,6.60336416,,6381.671548,311.9583333333333,14.240416666666667
2001-05-24,6596,0.0,0.0,1.423131285,6.718076748,,6529.087578,327.2916666666667,14.38375
2001-05-25,6597,0.0,0.0,1.378030726,3.553793385,,6607.245543,197.79166666666666,12.105416666666668
2001-05-26,6598,2.263744825,0.821917808,1.373505587,1.721378422,,6614.99988,91.58333333333333,11.314166666666667
2001-05-27,6599,24.76033255,0.821917808,1.765583799,1.0893301,,6062.227905,66.95833333333333,11.509166666666667
2001-05-28,6600,6.631438185,0.821917808,2.183756983,1.924892006,,5575.428815,124.54166666666667,11.584166666666667
2001-05-29,6601,0.0,0.0,1.569142458,4.424871415,5.9,6287.536736,260.0833333333333,10.1525
2001-05-30,6602,1.567700955,1.098840179,1.414860335,2.653717469,,6545.997414,181.33333333333334,8.969583333333334
2001-05-31,6603,0.69289076,3.955011059,1.355505587,3.054634894,,6639.608211,185.16666666666666,8.018416666666667
2001-06-01,6604,5.725045535,1.837181725,1.365863128,1.278554234,,6633.696465,78.16666666666667,8.5575
2001-06-02,6605,9.061302645,3.527878752,1.656050279,2.65539632,,6185.333165,153.75,7.047
2001-06-03,6606,0.0,0.0,1.344594972,4.914543787,,6654.755216,296.4166666666667,6.762083333333333
2001-06-04,6607,0.0,0.0,1.266360335,3.64264418,,6803.784476,217.75,8.209583333333333
2001-06-05,6608,6.261293105,4.376767699,1.234910615,4.406318287,6.1,6883.726203,230.95833333333334,10.335375
2001-06-06,6609,12.94643689,3.835616438,1.614368715,1.398412521,,6227.798752,90.91666666666667,7.509291666666667
2001-06-07,6610,0.17559609,3.835616438,1.512527933,3.264049877,,6350.080463,234.33333333333334,5.699291666666666
2001-06-08,6611,4.903940935,3.835616438,1.311988827,4.35471776,,6716.975663,293.2083333333333,5.926458333333334
2001-06-09,6612,1.21335568,3.835616438,1.258189944,3.633132015,,6820.254404,239.08333333333334,7.255916666666667
2001-06-10,6613,0.0,0.0,1.185058659,5.740283844,,6957.404736,339.4166666666667,7.538458333333334
2001-06-11,6614,0.0,0.0,1.159290503,2.124947957,,7016.977639,123.33333333333333,7.314125
2001-06-12,6615,0.0,0.0,1.133648045,2.429925261,5.8,7067.941043,117.95833333333333,9.014958333333334
2001-06-13,6616,0.0,0.0,1.096868715,3.81293305,,7147.167863,187.625,10.371583333333334
2001-06-14,6617,6.634608425,1.506849315,1.144684358,2.755335395,,7056.426745,148.5,9.940041666666668
2001-06-15,6618,19.3643732,1.506849315,1.96423743,2.150468223,,5728.869299,119.33333333333333,10.26125
2001-06-16,6619,2.279544625,1.506849315,1.706882682,1.743205862,,6073.283327,95.45833333333333,9.779583333333333
2001-06-17,6620,0.0,0.0,1.378106145,1.769287489,,6593.485466,103.16666666666667,7.838166666666666
2001-06-18,6621,0.0,0.0,1.251377095,3.706988803,,6831.380741,192.70833333333334,9.11425
2001-06-19,6622,1.385781525,1.506849315,1.213139665,4.228512793,6.0,6903.431026,212.375,11.390833333333333
2001-06-20,6623,8.713280705,0.976850633,1.370891061,3.399566464,,6614.977029,199.45833333333334,10.584583333333333
2001-06-21,6624,0.0,0.0,1.190337989,6.09308369,,6943.056713,365.6666666666667,9.304541666666667
2001-06-22,6625,0.0,0.0,1.120072626,5.352271951,,7095.932304,276.7083333333333,10.456999999999999
2001-06-23,6626,0.0,0.0,1.075851955,4.563949652,,7193.468505,227.95833333333334,12.108333333333334
2001-06-24,6627,0.0,0.0,1.038343575,4.654516836,,7280.33511,220.83333333333334,12.903333333333334
2001-06-25,6628,0.0,0.0,0.995631285,5.928661039,,7384.271294,257.2083333333333,16.52208333333333
2001-06-26,6629,0.0,0.0,0.951687151,6.984998595,5.9,7495.634946,285.3333333333333,17.97458333333333
2001-06-27,6630,3.135384775,1.780821918,0.969184358,2.017932626,,7456.551816,113.79166666666667,12.224791666666667
2001-06-28,6631,11.99578082,1.780821918,1.146318436,2.685230782,,7039.36284,148.89583333333334,11.883125
2001-06-29,6632,6.61880863,1.780821918,1.146243017,1.971269554,,7043.613401,104.97916666666667,12.710625
2001-06-30,6633,1.740126805,1.780821918,1.076455307,2.414048137,,7181.638593,123.83333333333333,11.273958333333333
2001-07-01,6634,2.09131899,1.780821918,0.982231844,3.947455405,,7414.370778,229.83333333333334,13.5
2001-07-02,6635,0.0,0.0,0.90600838,6.624046455,,7615.826049,286.375,17.474375
2001-07-03,6636,10.47551353,1.780821918,0.876192737,4.807141713,6.0,7712.834934,202.27083333333334,16.761458333333334
2001-07-04,6637,40.68559672,0.95890411,7.18574581,2.596005867,,2726.269056,119.5625,16.092708333333334
2001-07-05,6638,0.0,0.0,2.427335196,4.777030239,,5301.999293,214.10416666666666,17.330416666666668
2001-07-06,6639,0.0,0.0,1.846081006,2.538580847,,5936.193451,109.89583333333333,16.205833333333334
2001-07-07,6640,0.17559609,0.95890411,1.644209497,3.627387202,,6197.739415,202.1875,14.455208333333333
2001-07-08,6641,0.16927274,0.95890411,1.538044693,1.508446009,,6349.32684,95.75,10.076458333333333
2001-07-09,6642,0.0,0.0,1.395100559,3.912267997,,6571.062941,206.41666666666666,11.5525
2001-07-10,6643,33.97832981,0.95890411,2.246656425,2.109007823,5.9,5729.01485,132.1875,10.086666666666666
2001-07-11,6644,13.87808864,10.1369863,12.01308939,1.619204947,,2462.44085,94.5,9.112083333333333
2001-07-12,6645,6.64410201,10.1369863,5.018631285,3.488035076,,4002.811906,208.4375,9.713125
2001-07-13,6646,25.84554294,10.1369863,10.83034358,4.028142344,,2629.630258,234.70833333333334,9.196666666666667
2001-07-14,6647,4.029165015,10.1369863,5.43449162,3.37524326,,3784.098997,199.66666666666666,8.148708333333333
2001-07-15,6648,0.16927274,10.1369863,3.791036313,4.161092244,,4455.701906,258.75,7.9186875
2001-07-16,6649,0.0,0.0,2.988150838,4.379970366,,4928.129341,242.60416666666666,9.606270833333333
2001-07-17,6650,50.96342527,10.1369863,6.41327933,1.358626584,6.3,3331.102055,75.54166666666667,9.205145833333333
2001-07-18,6651,13.64568527,0.684931507,13.75964246,0.626304207,,2135.239416,40.104166666666664,9.126875
2001-07-19,6652,0.0,0.0,5.982284916,2.925338878,,3612.009853,169.41666666666666,9.0615
2001-07-20,6653,16.0376268,0.684931507,5.24322905,2.93951139,,3906.562526,159.77083333333334,10.132125
2001-07-21,6654,9.24637518,0.684931507,7.195600559,1.248630223,,3316.169636,66.41666666666667,11.282708333333334
2001-07-22,6655,0.0,0.0,5.340594972,2.601564599,,3823.212346,143.29166666666666,11.485
2001-07-23,6656,0.17874919,0.684931507,4.063223464,2.628110263,,4336.504417,164.4375,11.176875
2001-07-24,6657,0.0,0.0,3.385835196,3.12585301,7.3,4688.625471,163.27083333333334,11.667291666666666
2001-07-25,6658,0.0,0.0,2.931863128,3.543907141,,4970.569058,175.41666666666666,13.942708333333334
2001-07-26,6659,0.0,0.0,2.51401676,5.536212338,,5279.433518,302.8541666666667,14.278541666666667
2001-07-27,6660,0.0,0.0,2.206357542,5.862406722,,5555.091938,272.6666666666667,16.868958333333335
2001-07-28,6661,0.0,0.0,1.972282123,5.786967591,,5796.218891,266.0833333333333,18.784375
2001-07-29,6662,0.0,0.0,1.801458101,5.380860179,,5996.739055,272.1666666666667,16.81833333333333
2001-07-30,6663,0.0,0.0,1.663164804,5.718864225,,6169.652234,291.3125,15.069583333333334
2001-07-31,6664,2.94200047,0.660639338,1.605946927,4.196816227,6.2,6254.02871,223.04166666666666,14.404583333333333
2001-08-01,6665,0.308992315,0.547945205,1.466773743,3.557743086,,6458.774015,187.91666666666666,14.861458333333333
2001-08-02,6666,11.17495233,0.547945205,1.725083799,0.568620648,,6075.934891,39.145833333333336,13.386666666666665
2001-08-03,6667,1.25880616,0.547945205,1.486734637,2.512634714,,6415.718121,166.47916666666666,11.940416666666666
2001-08-04,6668,2.533177915,0.547945205,1.339667598,2.521790795,,6667.2744,164.72916666666666,11.13875
2001-08-05,6669,0.193596485,0.547945205,1.229103352,4.266186494,,6868.991426,253.85416666666666,12.01375
2001-08-06,6670,23.73004066,0.547945205,2.57701676,0.84432536,6.2,5189.397244,46.0,12.577291666666667
2001-08-07,6671,32.77977018,8.630136986,7.826807263,1.259147866,,2911.047227,63.541666666666664,11.164791666666666
2001-08-08,6672,5.825680955,8.630136986,5.679377095,1.888242995,,3639.22653,121.85416666666667,10.202291666666666
2001-08-09,6673,1.691245905,8.630136986,3.521086592,2.155057494,,4598.788312,140.39583333333334,9.493541666666667
2001-08-10,6674,0.12811577,8.630136986,2.754125698,3.591550213,,5088.88499,219.60416666666666,10.361895833333334
2001-08-11,6675,68.58916127,8.630136986,12.94280447,1.00839939,,2209.05325,56.6875,13.323958333333332
2001-08-12,6676,37.29829983,8.630136986,32.04543017,1.312505992,,1103.688255,75.08333333333333,14.27375
2001-08-13,6677,5.799493605,8.630136986,11.66641341,1.218644916,,2529.789991,78.41666666666667,15.359166666666667
2001-08-14,6678,0.060032085,8.630136986,6.708393855,4.224416798,,3421.909172,216.70833333333334,15.780833333333334
2001-08-15,6679,11.98261258,8.630136986,5.500206704,2.838610814,5.9,3784.083941,134.20833333333334,15.675625000000002
2001-08-16,6680,8.30154033,1.095890411,5.333958101,2.704688456,,3849.465196,159.39583333333334,11.661666666666667
2001-08-17,6681,1.98880336,1.095890411,4.253656425,2.128621833,,4247.421991,125.0,12.124791666666667
2001-08-18,6682,13.89762153,1.095890411,3.963318436,0.713406892,,4439.573762,35.020833333333336,11.975
2001-08-19,6683,16.7948074,1.095890411,11.84731844,1.469032076,,2461.582757,76.95833333333333,13.117291666666667
2001-08-20,6684,0.939696885,1.095890411,6.645620112,2.895898572,,3436.039578,171.52083333333334,11.533125
2001-08-21,6685,4.311534125,1.095890411,4.761125698,2.247143449,6.0,4046.861216,120.6875,12.21875
2001-08-22,6686,0.060032085,7.861361082,3.819871508,3.502562937,,4445.691715,181.22916666666666,13.461666666666666
2001-08-23,6687,2.748403985,1.125626705,3.346541899,1.609731916,,4716.774292,80.33333333333333,14.996458333333335
2001-08-24,6688,5.50692494,0.376828645,3.053086592,1.064730455,,4900.144211,61.729166666666664,13.504375000000001
2001-08-25,6689,3.078167835,0.767084351,2.955846369,3.796072163,,4956.806711,197.0,15.135208333333333
2001-08-26,6690,0.0,0.0,2.462354749,2.893454635,,5325.122462,147.85416666666666,12.966166666666666
2001-08-27,6691,0.0,0.0,2.168773743,4.379092701,,5592.751843,251.22916666666666,11.038479166666667
2001-08-28,6692,0.0,0.0,1.970622905,4.734960792,6.0,5800.090534,245.5,12.403645833333334
2001-08-29,6693,0.0,0.0,1.839192737,4.083223605,,5953.115204,211.8125,13.630416666666667
2001-08-30,6694,6.069545825,1.506849315,1.838363128,1.409118172,,5960.284698,77.72916666666667,10.924791666666666
2001-08-31,6695,14.00191024,1.506849315,2.831958101,2.342594673,,4955.000998,136.85416666666666,10.186875
2001-09-01,6696,3.530303915,1.506849315,1.941988827,2.754118656,,5833.113111,158.0,11.574375000000002
2001-09-02,6697,15.34301497,1.506849315,3.087477654,1.291415143,,4850.383718,72.625,11.997708333333334
2001-09-03,6698,10.70139654,1.506849315,3.16272067,1.021094275,,4833.514379,52.645833333333336,10.169375
2001-09-04,6699,0.068083685,1.506849315,2.556879888,3.234494205,5.6,5237.273465,190.875,9.668145833333334
2001-09-05,6700,24.74696014,2.191780822,4.409019553,1.346681719,,3965.379655,73.04166666666667,12.181875
2001-09-06,6701,0.065480715,2.191780822,5.010988827,2.677866597,,3836.415768,163.875,10.139895833333332
2001-09-07,6702,18.6920153,2.191780822,3.937173184,1.363792726,,4555.735157,63.125,11.666458333333333
2001-09-08,6703,11.6075764,2.191780822,9.889189944,2.206919688,,2714.806264,126.89583333333333,9.488041666666666
2001-09-09,6704,0.0,0.0,4.758234637,2.566282659,,4032.620016,163.08333333333334,7.668083333333333
2001-09-10,6705,2.36121102,2.191780822,3.703198324,3.012092048,,4514.146301,179.9375,9.1338125
2001-09-11,6706,0.26168017,2.191780822,3.270519553,1.533101991,5.8,4755.307922,94.02083333333333,10.6875
2001-09-12,6707,35.133496,7.671232877,9.61049162,0.950456516,,2383.511991,48.770833333333336,10.449166666666667
2001-09-13,6708,19.56479087,7.671232877,11.17465642,0.981006795,,2609.362019,49.729166666666664,8.0638125
2001-09-14,6709,3.889991635,7.671232877,7.214706704,2.09470001,,3304.72326,126.08333333333333,8.803729166666667
2001-09-15,6710,10.89826972,7.671232877,5.593675978,1.778169738,,3787.270455,92.52083333333333,8.3399375
2001-09-16,6711,0.96046842,7.671232877,5.769854749,1.659851628,,3661.899146,118.35416666666667,7.7221875
2001-09-17,6712,0.811581115,7.671232877,4.173159218,2.79058226,,4288.152274,181.9375,7.427895833333333
2001-09-18,6713,0.0,0.0,3.558268156,1.211289407,5.9,4596.615938,57.208333333333336,8.987354166666666
2001-09-19,6714,0.5025888,1.643835616,3.168980447,1.653593202,,4820.385825,97.52083333333333,10.106458333333334
2001-09-20,6715,1.042242795,1.643835616,2.800005587,2.154529555,,5063.306734,110.79166666666667,9.683562499999999
2001-09-21,6716,0.0,0.0,2.474497207,1.711201714,,5319.6087,85.33333333333333,9.531083333333333
2001-09-22,6717,0.0,0.0,2.274611732,1.0404802,,5496.635543,58.1875,9.036041666666668
2001-09-23,6718,0.0,0.0,2.088377095,0.946240544,,5676.370989,46.270833333333336,7.642125
2001-09-24,6719,8.31738144,1.643835616,2.286150838,1.057598932,,5479.343889,58.375,8.208333333333334
2001-09-25,6720,3.171934075,1.643835616,2.042798883,0.793288025,6.2,5721.272733,47.229166666666664,8.0765
2001-09-26,6721,3.26655838,3.561643836,1.937614525,0.538308949,,5845.359937,24.791666666666668,8.6275
2001-09-27,6722,23.40982123,3.561643836,5.818047486,0.57087138,,3616.291683,23.770833333333332,12.221041666666666
2001-09-28,6723,0.0,0.0,4.27427095,3.010865249,,4177.74883,133.875,13.366458333333334
2001-09-29,6724,3.33257669,3.561643836,3.183963687,2.269971139,,4806.095822,103.6875,12.001249999999999
2001-09-30,6725,23.81683051,3.561643836,6.333586592,0.619115328,,3156.538614,17.708333333333332,11.679166666666667
2001-10-01,6726,2.79365077,3.561643836,7.068871508,1.635624281,,3220.655899,51.291666666666664,10.79875
2001-10-02,6727,5.042068925,3.561643836,4.719368715,1.630501093,5.8,4068.022507,87.60416666666667,10.041666666666666
2001-10-03,6728,23.66554799,5.890410959,7.483977654,1.163650729,,3316.940588,56.229166666666664,9.507291666666667
2001-10-04,6729,15.97747546,5.890410959,13.47644413,1.051008663,,2331.683091,54.75,9.878541666666667
2001-10-05,6730,24.35170346,5.890410959,16.71156704,1.650980392,,2029.327456,67.27083333333333,11.05375
2001-10-06,6731,10.73263831,5.890410959,12.62974022,1.465686734,,2402.243683,74.35416666666667,9.803749999999999
2001-10-07,6732,64.1162612,5.890410959,32.41890503,0.616368255,,1035.620455,25.125,8.113999999999999
2001-10-08,6733,16.81796687,5.890410959,30.67594693,0.940434087,,791.0530338,47.875,8.5825
2001-10-09,6734,13.93776894,5.890410959,16.65105587,0.683749411,6.0,1997.015027,33.083333333333336,8.639375
2001-10-10,6735,32.18545094,0.684931507,14.91971229,0.64986658,,2166.365004,38.208333333333336,10.9275
2001-10-11,6736,5.894655495,0.684931507,11.11253631,0.578495683,,2605.673141,33.791666666666664,11.512291666666668
2001-10-12,6737,0.0,0.0,7.388170391,2.500329963,,3270.735429,111.20833333333333,12.943541666666667
2001-10-13,6738,0.437108085,0.684931507,5.61672905,1.478643366,,3751.548815,63.1875,13.232291666666667
2001-10-14,6739,4.00721015,0.684931507,4.679170391,0.516219314,,4084.510405,23.354166666666668,12.968958333333333
2001-10-15,6740,6.803628805,0.684931507,4.503067039,0.782392806,,4156.490785,45.4375,9.647375
2001-10-16,6741,0.5025888,0.684931507,3.662497207,1.029303428,6.0,4537.919738,51.8125,9.366770833333334
2001-10-17,6742,7.00948539,1.232876712,3.230748603,1.2836084,,4799.095529,63.3125,10.867708333333333
2001-10-18,6743,6.437744985,1.232876712,5.13372067,1.350910781,,3861.802321,80.47916666666667,9.7875
2001-10-19,6744,8.27167481,1.232876712,4.074234637,0.133848587,,4343.455388,8.083333333333334,9.191666666666666
2001-10-20,6745,13.20607905,1.232876712,7.682958101,0.933607535,,3203.189405,72.02083333333333,8.27475
2001-10-21,6746,0.308992315,1.232876712,4.944343575,0.534196502,,3976.225992,48.854166666666664,6.889125
2001-10-22,6747,4.01810741,1.232876712,4.164385475,1.230502317,,4307.59772,64.39583333333333,8.310354166666666
2001-10-23,6748,7.254479815,1.232876712,4.392829609,0.675267097,6.0,4201.153303,29.666666666666668,9.3275
2001-10-24,6749,9.58377935,4.109589041,4.924910615,1.030667379,,4005.775522,53.375,9.0325
2001-10-25,6750,28.65362539,4.109589041,9.978511173,0.42013,,2599.174409,17.145833333333332,9.799791666666666
2001-10-26,6751,17.97544058,4.109589041,15.65215642,0.382368474,,2096.524107,18.041666666666668,7.847708333333333
2001-10-27,6752,10.84645415,4.109589041,12.60907542,0.707083171,,2442.685911,50.791666666666664,7.8765
2001-10-28,6753,0.570672485,4.109589041,7.446293296,1.493492029,,3252.215086,96.54166666666667,7.668708333333334
2001-10-29,6754,0.1255128,4.109589041,5.605340782,0.190969626,,3755.645948,23.375,8.756187500000001
2001-10-30,6755,14.17983054,4.109589041,5.049125698,0.603602351,6.0,3993.990586,27.770833333333332,9.990645833333334
2001-10-31,6756,6.130575355,5.538486371,6.637248603,0.809019807,,3429.182186,54.041666666666664,5.3512916666666674
2001-11-01,6757,0.0,0.0,4.637740223,0.652804811,,4096.307465,52.875,6.069791666666667
2001-11-02,6758,0.308992315,4.795093366,3.998564246,0.672971241,,4374.055103,40.0,7.421729166666666
2001-11-03,6759,4.302702235,7.982663392,3.575941341,0.410624706,,4591.504769,28.25,7.169416666666667
2001-11-04,6760,4.004607175,7.435917089,3.289851955,0.299414234,,4749.254572,26.625,5.2872916666666665
2001-11-05,6761,6.085649015,6.503768981,3.001600559,0.448861244,,4944.303592,38.0625,4.772208333333333
2001-11-06,6762,12.40283718,13.92931684,3.548564246,0.653936862,6.0,4621.996494,32.791666666666664,7.4329375
2001-11-07,6763,60.21535429,4.383561644,18.75504469,0.412659768,,1739.606139,14.916666666666666,7.0101458333333335
2001-11-08,6764,12.5000195,4.383561644,21.71109218,0.60040525,,1517.485769,44.833333333333336,0.28379166666666666
2001-11-09,6765,2.410268085,4.383561644,8.279522346,0.133903507,,3079.286434,73.97916666666667,-0.812875
2001-11-10,6766,0.82169808,4.383561644,6.156879888,0.365817234,,3588.919152,26.604166666666668,4.388145833333334
2001-11-11,6767,3.933677835,4.383561644,5.103251397,0.648293791,,3928.945119,38.666666666666664,7.617979166666667
2001-11-12,6768,21.06017717,4.383561644,8.32502514,0.374953714,,3039.869181,19.666666666666668,6.988083333333333
2001-11-13,6769,0.437108085,4.383561644,5.895100559,0.165768105,6.0,3655.874343,36.166666666666664,0.21014583333333337
2001-11-14,6770,0.69618528,2.475722325,4.739002793,0.603920725,,4058.535755,48.5,3.2057083333333334
2001-11-15,6771,0.0,0.0,4.038863128,0.936479132,,4355.422696,62.0625,4.5440625
2001-11-16,6772,0.0,0.0,3.545396648,0.226153559,,4602.743816,11.333333333333334,4.954125
2001-11-17,6773,0.0,0.0,3.146907821,0.208956265,,4834.473144,10.791666666666666,3.9428750000000004
2001-11-18,6774,0.0,0.0,2.805108939,0.0,,5063.357081,6.270833333333333,3.5099583333333335
2001-11-19,6775,0.437108085,9.588024708,2.509290503,0.197043619,,5290.279562,18.75,3.438083333333333
2001-11-20,6776,5.319314695,4.146499016,2.337335196,0.344994036,6.3,5452.447489,20.5625,5.863354166666667
2001-11-21,6777,12.61281236,2.602739726,2.905441341,0.173163449,,5016.885462,5.916666666666667,8.203958333333334
2001-11-22,6778,3.58075663,2.602739726,3.605304469,0.367818472,,4529.747416,33.479166666666664,4.3405625
2001-11-23,6779,0.756217365,2.602739726,2.561756983,0.220458276,,5244.41768,18.5,4.510604166666667
2001-11-24,6780,11.41454305,2.602739726,2.667418994,0.278766593,,5206.2959,14.666666666666666,8.228958333333333
2001-11-25,6781,45.68622238,2.602739726,20.58227095,0.029425238,,1501.576072,12.8125,5.439229166666667
2001-11-26,6782,2.391561925,2.602739726,7.416653631,0.127557545,6.2,3244.844346,29.395833333333332,1.9090625
2001-11-27,6783,15.6909802,2.191780822,8.835134078,0.293443087,,2966.127191,11.791666666666666,3.1703333333333332
2001-11-28,6784,18.93780942,2.191780822,7.514371508,0.433437108,,3313.286591,21.0,4.9766875
2001-11-29,6785,68.86166094,2.191780822,44.15487989,0.281305339,,730.4473745,11.3125,9.312708333333333
2001-11-30,6786,68.47431033,2.191780822,47.7344162,0.191484141,,722.993342,6.4375,10.5575
2001-12-01,6787,12.3978812,2.191780822,22.10286872,0.036297756,,1577.99879,14.916666666666666,3.9467708333333333
2001-12-02,6788,0.065480715,2.191780822,9.469986034,0.032442773,,2858.135704,30.333333333333332,0.9222083333333333
2001-12-03,6789,10.88775453,2.191780822,6.912578212,0.404470171,,3434.614836,20.541666666666668,3.4282083333333335
2001-12-04,6790,9.047456395,2.191780822,12.05411732,0.391403105,5.3,2416.718334,25.833333333333332,4.293875
2001-12-05,6791,20.54023292,28.76712329,14.18075698,0.117992707,,2243.169741,5.041666666666667,4.413791666666667
2001-12-06,6792,3.55531676,28.76712329,8.136100559,0.118872261,,3123.992502,9.583333333333334,2.627083333333333
2001-12-07,6793,1.1151248,28.76712329,6.502097765,0.089601216,,3495.632355,6.375,6.2303749999999996
2001-12-08,6794,0.0,0.0,5.121879888,0.231491741,,3915.12102,40.416666666666664,3.705166666666667
2001-12-09,6795,0.0,0.0,4.206544693,0.338394511,,4276.411425,42.375,0.028874999999999994
2001-12-10,6796,0.0,0.0,3.618603352,0.348787477,,4562.462879,42.791666666666664,-1.0835833333333333
2001-12-11,6797,0.0,0.0,3.175617318,0.394038839,,4815.767521,46.083333333333336,1.3294166666666667
2001-12-12,6798,0.0,0.0,2.830223464,0.369883097,,5046.753285,40.833333333333336,4.762291666666667
2001-12-13,6799,0.0,0.0,2.554365922,0.299587102,,5252.461727,5.75,2.0654583333333334
2001-12-14,6800,0.0,0.0,2.299751397,0.166343686,,5472.324599,40.958333333333336,-1.8969166666666668
2001-12-15,6801,0.1255128,28.76712329,2.123824022,0.110424589,,5643.194975,9.791666666666666,-2.033375
2001-12-16,6802,0.068083685,28.76712329,2.005265363,0.180695741,,5764.565283,11.583333333333334,-0.7951666666666667
2001-12-17,6803,0.0,0.0,1.845829609,0.230221178,,5943.619539,43.916666666666664,-0.21604166666666666
2001-12-18,6804,0.308992315,28.76712329,1.743511173,0.116706189,6.2,6070.626791,8.333333333333334,1.55375
2001-12-19,6805,3.590873595,9.452054795,1.65303352,0.179499326,,6195.937356,16.75,1.4747916666666667
2001-12-20,6806,1.43968271,9.452054795,1.560544693,0.284200855,,6312.321357,41.333333333333336,-1.5602083333333334
2001-12-21,6807,12.69222033,9.452054795,1.826472067,0.091760989,,5962.021443,5.625,2.1492916666666666
2001-12-22,6808,0.0,0.0,1.646849162,0.0,,6165.776298,41.541666666666664,-2.2810416666666664
2001-12-23,6809,10.45928059,9.452054795,1.504709497,0.056112822,,6450.657656,22.208333333333332,-1.1406666666666665
2001-12-24,6810,25.78456743,9.452054795,4.474835196,0.170345125,,4094.665293,4.25,4.0717083333333335
2001-12-25,6811,5.76960255,9.452054795,6.423108939,0.334359298,,3386.557418,37.5,0.3701666666666667
2001-12-26,6812,4.223730695,9.452054795,3.517843575,0.102558783,,4622.356608,21.041666666666668,-1.0518333333333334
2001-12-27,6813,27.24941849,9.452054795,11.85149162,0.199449139,,2476.638632,4.333333333333333,3.7001666666666666
2001-12-28,6814,7.966603355,9.452054795,8.492027933,0.386161296,,3038.035428,33.041666666666664,0.8906666666666667
2001-12-29,6815,0.065480715,9.452054795,5.287424581,0.133769515,,3845.33258,44.458333333333336,-1.5219583333333333
2001-12-30,6816,0.0,0.0,3.934181564,0.0,,4393.601479,23.541666666666668,-2.0441249999999997
2001-12-31,6817,0.24012834,9.452054795,3.176748603,0.0,,4809.705531,69.5,-3.4897500000000004
2002-01-01,6818,0.24817994,9.452054795,2.724310056,0.0,,5119.899077,46.979166666666664,-2.9983125000000004
2002-01-02,6819,0.065480715,9.452054795,2.415695531,0.0,,5369.351736,37.458333333333336,-3.4936249999999998
2002-01-03,6820,0.0,0.0,2.20650838,0.0,6.6,5559.131867,16.895833333333332,-3.049583333333333
2002-01-04,6821,0.3690244,8.082191781,2.053256983,0.03363996,,5716.021597,13.041666666666666,-2.3649375
2002-01-05,6822,25.34506411,8.082191781,6.466575419,0.003899119,,3311.252891,9.333333333333334,4.379145833333333
2002-01-06,6823,1.198774075,8.082191781,4.40172905,0.210387657,,4180.266381,21.145833333333332,4.861645833333333
2002-01-07,6824,0.308992315,8.082191781,3.514851955,0.096683346,,4611.541896,9.916666666666666,3.629520833333333
2002-01-08,6825,0.060032085,8.082191781,2.963614525,0.03026672,6.7,4949.181696,7.354166666666667,1.2348333333333332
2002-01-09,6826,0.65480714,3.835616438,2.598435754,0.057588846,,5218.185875,10.791666666666666,-1.2186041666666667
2002-01-10,6827,0.0,0.0,2.35646648,0.251923584,,5421.974793,28.854166666666668,-1.0390833333333334
2002-01-11,6828,0.437108085,3.835616438,2.192807263,0.377099843,,5575.81053,30.25,2.941333333333333
2002-01-12,6829,0.811581115,3.835616438,2.055243017,0.533063249,,5713.719792,40.875,4.3603125
2002-01-13,6830,4.253567405,3.835616438,2.044458101,0.237585578,,5727.857093,9.208333333333334,6.558458333333333
2002-01-14,6831,10.46242116,3.835616438,2.763276536,0.196053146,,5028.804421,6.875,5.8843958333333335
2002-01-15,6832,7.209605705,3.835616438,3.277106145,0.216734775,6.6,4742.622562,27.166666666666668,1.8781875000000001
2002-01-16,6833,10.92314644,4.657534247,3.108846369,0.242813403,,4894.201652,13.520833333333334,4.9913125
2002-01-17,6834,13.44500008,4.657534247,7.991723464,0.130495036,,3136.507688,14.041666666666666,4.0420625
2002-01-18,6835,8.437523365,4.657534247,5.655946927,0.30981762,,3756.756625,15.770833333333334,3.3521249999999996
2002-01-19,6836,1.450337275,4.657534247,5.688226257,0.45824109,,3714.130622,16.6875,3.6074375
2002-01-20,6837,51.22983902,4.657534247,26.71732961,0.18903234,,1096.829683,3.875,7.2832083333333335
2002-01-21,6838,17.86458096,4.657534247,16.46886872,0.217871614,,2060.991629,2.75,7.306354166666666
2002-01-22,6839,10.16432612,4.657534247,13.1882933,0.461200357,6.7,2324.009364,22.479166666666668,3.767541666666667
2002-01-23,6840,22.82082466,6.712328767,12.89923743,0.288531048,,2457.797162,7.625,6.283895833333333
2002-01-24,6841,8.28232938,6.712328767,13.44537151,0.10480205,,2290.244048,12.958333333333334,1.9738125
2002-01-25,6842,26.47428838,6.712328767,19.08995531,0.188063918,,1702.336885,4.229166666666667,4.030958333333333
2002-01-26,6843,23.24132475,6.712328767,28.68118994,0.448354379,,1246.679149,6.958333333333333,5.359395833333333
2002-01-27,6844,38.96318133,6.712328767,22.00052514,0.16976138,,1618.222285,8.0,6.668604166666667
2002-01-28,6845,3.193728595,6.712328767,15.96444134,0.765224906,,1878.587203,16.854166666666668,5.616125
2002-01-29,6846,0.5025888,6.712328767,7.592530726,0.366670225,6.7,3227.04864,15.354166666666666,6.234541666666666
2002-01-30,6847,47.80213594,4.246575342,25.62239665,0.340333796,,1367.15182,12.229166666666666,5.626895833333333
2002-01-31,6848,18.17143015,4.246575342,21.10809218,0.215764999,,1636.127079,6.895833333333333,4.146333333333334
2002-02-01,6849,39.87149705,4.246575342,30.40235196,0.263888123,,1213.010609,2.5208333333333335,6.8925625
2002-02-02,6850,19.27512007,4.246575342,23.0715,0.340902254,,1569.033905,7.708333333333333,6.66275
2002-02-03,6851,10.69858369,4.246575342,14.30909497,0.675313304,,2237.428943,33.354166666666664,3.9598750000000003
2002-02-04,6852,16.45326155,4.246575342,13.53564804,0.224480271,,2282.281832,4.166666666666667,4.692645833333334
2002-02-05,6853,20.01443455,4.246575342,14.84152793,0.494465917,6.1,2205.676493,19.958333333333332,3.7451666666666665
2002-02-06,6854,2.80889591,4.520547945,11.32242737,0.374388809,,2556.808708,23.5,1.7393333333333334
2002-02-07,6855,32.60986592,4.520547945,21.62823184,0.112394634,,1490.58242,10.166666666666666,4.5038124999999996
2002-02-08,6856,21.62336848,4.520547945,16.65832123,0.250764326,,2004.635797,9.625,7.293229166666666
2002-02-09,6857,5.47673897,4.520547945,11.42411732,0.724342947,,2541.000941,22.041666666666668,4.362145833333334
2002-02-10,6858,62.95980834,4.520547945,32.49600838,0.438927742,,873.2784876,20.104166666666668,5.1868541666666665
2002-02-11,6859,41.69025065,4.520547945,55.68491061,0.528522124,,315.17123,20.604166666666668,7.660958333333333
2002-02-12,6860,0.065480715,4.520547945,10.89510335,0.402243867,6.4,2618.70313,16.958333333333332,5.2195833333333335
2002-02-13,6861,2.886636725,11.91780822,6.993980447,0.402543297,,3368.432896,36.520833333333336,1.9387291666666666
2002-02-14,6862,0.3690244,11.91780822,5.19448324,0.711217606,,3885.157918,85.95833333333333,-0.5020416666666666
2002-02-15,6863,0.065480715,11.91780822,4.103044693,1.047217567,,4319.184386,78.77083333333333,2.4709583333333334
2002-02-16,6864,0.0,0.0,3.467111732,0.912149461,,4644.045331,73.39583333333333,2.2452916666666667
2002-02-17,6865,7.34160952,11.91780822,3.23622905,0.560903069,,4787.037319,39.520833333333336,2.6678125
2002-02-18,6866,11.90076657,11.91780822,3.061332402,0.654463043,,4929.501579,40.875,1.9405833333333333
2002-02-19,6867,85.35500815,11.91780822,45.52300559,0.28490326,6.9,159.2750757,14.979166666666666,4.739375
2002-02-20,6868,13.88946663,5.068493151,30.87495251,0.481321717,,781.9087736,23.791666666666668,2.6594166666666665
2002-02-21,6869,31.05576413,5.068493151,16.43653911,0.18486541,,1898.853505,29.0,1.807125
2002-02-22,6870,23.78141307,5.068493151,25.6457514,1.055445595,,1358.759013,70.14583333333333,3.577208333333333
2002-02-23,6871,5.20520393,5.068493151,9.121273743,0.501830097,,2916.554099,43.354166666666664,0.06162499999999999
2002-02-24,6872,76.14224221,5.068493151,38.286,0.236444625,,598.1991328,24.4375,2.637208333333333
2002-02-25,6873,86.29930701,5.068493151,72.55563687,0.172183082,,229.9067087,8.479166666666666,6.459666666666667
2002-02-26,6874,13.05620159,5.068493151,33.6707095,0.840688524,6.6,840.1794754,38.916666666666664,3.035604166666667
2002-02-27,6875,3.411184975,2.544011775,9.517173184,0.920388807,,2870.67519,62.541666666666664,0.34204166666666663
2002-02-28,6876,9.34374817,12.11397885,7.856547486,0.707055584,,3178.669402,98.625,0.5299791666666667
2002-03-01,6877,0.0,0.0,5.89799162,0.908809746,,3664.404503,105.91666666666667,-0.2518958333333334
2002-03-02,6878,0.437108085,4.133834023,4.784053073,0.49454204,,4046.333627,62.6875,0.19145833333333337
2002-03-03,6879,0.0,0.0,4.273189944,0.572041094,,4246.794083,46.166666666666664,2.814229166666667
2002-03-04,6880,0.434505115,4.008609929,3.588837989,0.46072704,,4577.642536,26.833333333333332,2.90075
2002-03-05,6881,1.374202,22.03393697,3.176648045,1.616930304,,4814.051515,116.9375,3.0530000000000004
2002-03-06,6882,24.01959874,4.095830533,7.422913408,0.203845263,6.8,3169.619209,12.291666666666666,5.631166666666666
2002-03-07,6883,0.1335644,34.52054795,4.764393855,1.841170771,,4023.419831,127.04166666666667,5.928520833333334
2002-03-08,6884,7.140741725,34.52054795,3.95323743,0.381768841,,4407.729943,23.25,5.287166666666667
2002-03-09,6885,10.00548677,34.52054795,5.118888268,0.172343682,,3914.453361,22.645833333333332,0.5496875
2002-03-10,6886,22.11323734,34.52054795,8.761927374,0.550185475,,2910.419866,23.270833333333332,2.9700624999999996
2002-03-11,6887,3.267095985,34.52054795,7.191955307,0.643474484,,3308.6275,58.125,2.8750208333333336
2002-03-12,6888,0.12811577,34.52054795,5.261405028,0.85050714,9.1,3862.048617,57.104166666666664,2.3079791666666667
2002-03-13,6889,0.0,0.0,4.137360335,1.335056452,,4303.023418,89.27083333333333,0.6869166666666667
2002-03-14,6890,0.199045115,2.191780822,3.456226257,1.365599939,,4651.112638,88.20833333333333,-0.5002083333333333
2002-03-15,6891,11.57043959,2.191780822,3.778164804,0.171692884,,4507.261779,11.0,1.8708958333333332
2002-03-16,6892,1.69124591,2.191780822,3.875430168,0.908991142,,4413.429984,61.520833333333336,5.659
2002-03-17,6893,2.14936822,2.191780822,3.131572626,0.735237165,,4846.079297,34.604166666666664,4.979541666666667
2002-03-18,6894,18.60722034,2.191780822,6.129628492,0.329158483,,3478.939669,19.666666666666668,3.185208333333333
2002-03-19,6895,6.166452635,2.191780822,5.268393855,1.123947402,9.5,3850.761221,85.875,5.360062500000001
2002-03-20,6896,12.36567481,3.436183047,5.801304469,0.826502461,,3699.802031,57.979166666666664,6.506041666666667
2002-03-21,6897,0.3690244,7.343227233,5.845977654,1.064697998,,3653.918218,86.54166666666667,6.361249999999999
2002-03-22,6898,0.6281016,1.638060867,4.562195531,0.769241476,,4127.676907,54.583333333333336,6.648812499999999
2002-03-23,6899,0.0,0.0,3.835206704,0.52410705,,4449.750987,32.25,6.003604166666666
2002-03-24,6900,0.0,0.0,3.303804469,2.136675835,,4737.441584,128.72916666666666,5.955604166666667
2002-03-25,6901,0.5025888,8.129222593,2.900488827,1.320067073,,4995.314409,84.0625,4.915333333333334
2002-03-26,6902,0.3690244,1.614422853,2.562234637,2.984008419,7.6,5244.548985,201.97916666666666,3.423166666666667
2002-03-27,6903,0.0,0.0,2.298645251,3.078432058,,5473.242155,197.0625,5.522166666666667
2002-03-28,6904,0.0,0.0,2.080960894,2.78915103,,5682.262067,203.75,4.234083333333333
2002-03-29,6905,0.0,0.0,1.895002793,3.140787329,,5884.536057,196.66666666666666,5.6054375
2002-03-30,6906,0.568069515,1.780821918,1.736069832,2.893593665,,6079.91997,155.35416666666666,7.057895833333333
2002-03-31,6907,19.90042097,1.780821918,2.192882682,0.95155807,,5618.445085,63.979166666666664,6.050562500000001
2002-04-01,6908,6.3819214,1.780821918,2.670108939,0.739388999,,5132.413205,60.208333333333336,4.6189583333333335
2002-04-02,6909,4.24836147,1.780821918,2.110625698,0.883821455,8.1,5644.848428,45.270833333333336,4.496041666666667
2002-04-03,6910,5.29615734,6.417417627,2.313402235,1.251868682,,5474.089683,81.39583333333333,6.138520833333334
2002-04-04,6911,0.0,0.0,2.086013966,3.248181881,,5663.56232,179.54166666666666,7.940270833333333
2002-04-05,6912,0.0,0.0,1.832681564,2.073999599,,5958.724977,131.83333333333334,5.3332500000000005
2002-04-06,6913,0.0,0.0,1.681994413,3.312156353,,6148.713857,219.54166666666666,3.498416666666667
2002-04-07,6914,0.0,0.0,1.604111732,3.135570165,,6258.533116,226.85416666666666,3.2955
2002-04-08,6915,0.060032085,5.508317825,1.539452514,3.443928579,,6351.222331,214.04166666666666,5.046645833333334
2002-04-09,6916,0.0,0.0,1.478187151,2.725474497,6.9,6444.166969,168.35416666666666,5.49425
2002-04-10,6917,0.0,0.0,1.41151676,2.601629684,,6549.145326,177.9375,3.06275
2002-04-11,6918,0.0,0.0,1.354776536,1.973906955,,6645.151614,152.29166666666666,2.3203125
2002-04-12,6919,0.0,0.0,1.296452514,1.562401428,,6747.84447,103.79166666666667,3.5446875
2002-04-13,6920,0.0,0.0,1.231139665,2.483088735,,6867.960004,180.5625,2.414875
2002-04-14,6921,3.8190623,10.09201078,1.230159218,0.74985314,,6876.449816,61.9375,2.6841666666666666
2002-04-15,6922,0.065480715,4.769021464,1.150365922,2.619551638,,7027.068824,181.4375,2.785625
2002-04-16,6923,0.068083685,8.967038018,1.087768156,3.033461705,6.5,7166.590032,193.27083333333334,4.937083333333334
2002-04-17,6924,11.74776793,4.246575342,1.084072626,1.607323888,,7224.236296,105.58333333333333,4.663916666666666
2002-04-18,6925,13.42935672,4.246575342,2.013360335,1.400464635,,5759.827883,104.0625,3.514958333333333
2002-04-19,6926,0.060032085,4.246575342,1.556522346,3.906559511,,6256.441884,232.58333333333334,6.285208333333333
2002-04-20,6927,5.075803095,4.246575342,1.414156425,1.649212249,,6547.992675,94.3125,6.797020833333334
2002-04-21,6928,2.269432385,4.246575342,1.256354749,4.301383072,,6811.712525,207.10416666666666,9.190624999999999
2002-04-22,6929,2.81648767,4.246575342,1.20225419,1.137979036,,6929.072481,80.45833333333333,7.900208333333333
2002-04-23,6930,0.3690244,4.246575342,1.143427374,1.461569183,6.8,7044.640832,116.35416666666667,8.041583333333334
2002-04-24,6931,1.371599025,6.712328767,1.066424581,4.525964685,,7215.614214,253.02083333333334,8.403875
2002-04-25,6932,0.20164808,6.712328767,1.030022346,3.312885343,,7297.918818,205.64583333333334,5.814354166666667
2002-04-26,6933,28.35233141,6.712328767,3.805944134,1.446127461,,4269.677148,100.625,4.532666666666667
2002-04-27,6934,31.54963161,6.712328767,8.203248603,1.338195868,,2372.464113,93.375,3.9703958333333333
2002-04-28,6935,23.70679613,6.712328767,15.24635196,1.332967449,,2112.505955,95.1875,3.6832083333333334
2002-04-29,6936,11.9899167,6.712328767,9.887832402,1.180835268,,2796.190949,71.875,3.4487916666666667
2002-04-30,6937,37.58308299,6.712328767,20.3249162,2.10835036,10.0,1686.204893,142.52083333333334,5.182333333333333
2002-05-01,6938,7.46836245,0.783939247,12.90197765,2.793682463,,2333.986264,194.52083333333334,4.467479166666666
2002-05-02,6939,0.5025888,5.428443308,6.56997486,3.527919834,,3460.795339,215.0625,5.423041666666666
2002-05-03,6940,0.882510455,9.416560129,4.510055866,3.148889919,,4133.498605,200.66666666666666,5.146041666666666
2002-05-04,6941,1.26140913,1.059040349,3.47626257,2.730066661,,4632.125076,157.83333333333334,5.864999999999999
2002-05-05,6942,0.065480715,0.8792874,2.829569832,3.92978544,,5036.847221,215.45833333333334,7.132874999999999
2002-05-06,6943,0.12811577,4.365321616,2.430427374,1.296491911,,5354.964467,58.645833333333336,6.0324375
2002-05-07,6944,0.193596485,5.423547855,2.206583799,0.5947803,7.3,5559.436823,34.270833333333336,6.135354166666667
2002-05-08,6945,0.308992315,2.813306699,2.008634078,2.004267771,,5758.4879,95.75,7.478979166666666
2002-05-09,6946,0.0,0.0,1.83222905,2.243185552,,5959.106309,118.33333333333333,7.671812500000001
2002-05-10,6947,0.0,0.0,1.684910615,4.393687214,,6144.395385,289.6041666666667,8.21975
2002-05-11,6948,0.0,0.0,1.550011173,4.384658103,,6330.009448,255.58333333333334,7.128125
2002-05-12,6949,1.047041115,6.069349901,1.446787709,3.59037155,,6494.414917,191.20833333333334,7.985354166666667
2002-05-13,6950,9.866231055,2.122950329,1.694639665,1.116304545,,6132.909626,53.958333333333336,7.856104166666667
2002-05-14,6951,4.37156621,2.993085868,1.776092179,3.22552772,7.2,6016.205854,197.45833333333334,7.3984375
2002-05-15,6952,10.88941228,1.506849315,2.225287709,2.193195741,,5506.315134,117.02083333333333,9.554375
2002-05-16,6953,0.308992315,1.506849315,1.650946927,5.046323075,,6172.28669,221.33333333333334,14.368958333333333
2002-05-17,6954,11.70614711,1.506849315,1.742606145,1.944622538,,6114.216457,94.0,13.303958333333334
2002-05-18,6955,14.25877866,1.506849315,4.192768156,1.616019245,,4275.689297,97.4375,8.581249999999999
2002-05-19,6956,2.313898875,1.506849315,2.638759777,1.794339231,,5168.303801,98.625,8.988625
2002-05-20,6957,1.816758715,1.506849315,2.282103352,1.792300473,,5484.904988,80.89583333333333,9.972791666666668
2002-05-21,6958,10.11441099,1.506849315,2.355636872,1.859762062,7.0,5477.454604,94.77083333333333,7.902541666666667
2002-05-22,6959,17.2858569,5.753424658,4.627382682,1.946636317,,4054.675425,107.52083333333333,8.20375
2002-05-23,6960,12.78486643,5.753424658,6.749824022,2.547933649,,3414.712432,165.72916666666666,7.920395833333333
2002-05-24,6961,7.13867636,5.753424658,5.73227095,2.337958139,,3724.960291,131.25,6.957083333333333
2002-05-25,6962,13.98907972,5.753424658,5.455709497,2.224388296,,3832.618467,143.0,6.1556041666666665
2002-05-26,6963,0.5025888,5.753424658,5.379486034,3.676358795,,3786.898479,246.27083333333334,5.964666666666667
2002-05-27,6964,0.060032085,5.753424658,3.827840782,4.540838644,,4444.778993,277.4791666666667,8.013916666666667
2002-05-28,6965,32.09453649,5.753424658,5.841653631,1.862926112,,3709.741982,106.83333333333333,6.8644791666666665
2002-05-29,6966,10.75630774,5.753424658,13.85198045,3.169019537,8.3,2156.862195,197.79166666666666,7.031145833333333
2002-05-30,6967,9.87902874,6.981419688,7.366776536,3.670465126,,3289.29052,226.66666666666666,7.881354166666667
2002-05-31,6968,0.0,0.0,4.989167598,5.215584206,,3949.307339,293.3958333333333,9.319625
2002-06-01,6969,0.0,0.0,3.829826816,6.983147205,,4445.499541,324.0625,13.7473125
2002-06-02,6970,0.0,0.0,3.240628492,3.514338397,,4774.312166,166.41666666666666,12.626875
2002-06-03,6971,9.81767877,4.366562527,3.251815642,2.415289383,,4767.596234,159.625,7.5616666666666665
2002-06-04,6972,0.0,0.0,2.644793296,2.592934989,,5176.206141,163.22916666666666,7.631770833333333
2002-06-05,6973,2.117699425,1.139751815,2.343846369,3.204290831,,5435.820043,162.125,8.785208333333333
2002-06-06,6974,9.416403025,11.71342566,2.599039106,1.404744649,7.0,5232.292289,63.895833333333336,11.808750000000002
2002-06-07,6975,4.13610621,7.260273973,2.780145251,0.63526678,,5084.051967,35.3125,9.642708333333333
2002-06-08,6976,3.122877015,7.260273973,2.415318436,1.75886647,,5374.387556,82.83333333333333,10.416875
2002-06-09,6977,23.65626565,7.260273973,4.642039106,2.380734568,,4165.089053,134.85416666666666,8.106354166666668
2002-06-10,6978,13.90910862,7.260273973,11.59154749,2.73305802,,2518.865774,165.47916666666666,7.681791666666666
2002-06-11,6979,3.685255215,7.260273973,6.239388268,2.985440644,7.5,3558.971986,177.22916666666666,7.613791666666667
2002-06-12,6980,1.70863418,4.931506849,4.44974581,2.888781197,,4161.358432,170.6875,7.732145833333333
2002-06-13,6981,3.763698545,4.931506849,3.571164804,3.579153236,,4587.390693,205.3125,9.426479166666667
2002-06-14,6982,13.76357175,4.931506849,4.29973743,1.033553453,,4220.536402,49.9375,11.802916666666667
2002-06-15,6983,5.87726724,4.931506849,4.771282123,1.8686513,,4040.87619,93.85416666666667,10.058958333333333
2002-06-16,6984,0.5025888,4.931506849,3.781055866,2.583871645,,4470.083278,136.20833333333334,12.681875
2002-06-17,6985,3.28314696,4.931506849,3.247215084,4.709016262,,4771.761681,217.125,12.464583333333332
2002-06-18,6986,0.429056485,4.931506849,2.886460894,3.65822432,7.0,5006.950592,207.52083333333334,10.115208333333333
2002-06-19,6987,0.308992315,2.368890595,2.608843575,4.510748773,,5212.046058,247.64583333333334,9.649625
2002-06-20,6988,0.0,0.0,2.385050279,4.490285916,,5396.820018,240.54166666666666,9.668854166666668
2002-06-21,6989,5.627769405,4.246432751,2.364209497,0.955807482,,5423.616387,55.166666666666664,9.658958333333333
2002-06-22,6990,2.052218715,5.289921285,2.251407821,2.745135626,,5514.102122,161.25,9.535208333333333
2002-06-23,6991,1.07326128,1.141935297,2.000715084,4.561283498,,5768.374484,270.2083333333333,9.390833333333333
2002-06-24,6992,0.0,0.0,1.864935754,3.658363742,,5923.317341,206.22916666666666,9.7875
2002-06-25,6993,0.937093915,5.018802463,1.769907821,4.371030191,6.7,6036.133663,235.95833333333334,9.577916666666667
2002-06-26,6994,4.77746534,2.739726027,1.695796089,3.960436058,,6138.587875,246.52083333333334,9.885
2002-06-27,6995,0.308992315,2.739726027,1.609240223,3.470276295,,6243.291515,197.35416666666666,8.240958333333333
2002-06-28,6996,0.0,0.0,1.479393855,4.213765359,,6438.720545,226.10416666666666,8.421999999999999
2002-06-29,6997,0.562620885,2.739726027,1.429994413,2.467475413,,6523.776692,148.95833333333334,8.799520833333334
2002-06-30,6998,25.94726926,2.739726027,2.00775419,1.807078656,,5823.332792,109.41666666666667,9.332708333333333
2002-07-01,6999,18.0048013,2.739726027,5.134977654,1.291447157,,3712.235467,76.0625,8.091458333333334
2002-07-02,7000,14.46070227,2.739726027,4.742396648,1.664376082,7.2,4051.256844,97.39583333333333,7.970208333333333
2002-07-03,7001,0.696185285,0.821917808,3.333544693,3.346337186,,4687.568952,194.52083333333334,9.019958333333333
2002-07-04,7002,13.13753553,0.821917808,2.810337989,3.112461874,,5132.545023,170.25,9.485208333333334
2002-07-05,7003,18.45805751,0.821917808,8.837296089,1.843051537,,2987.408049,91.125,10.550625
2002-07-06,7004,4.901660245,0.821917808,4.807910615,2.962556458,,4010.230406,145.39583333333334,10.525416666666667
2002-07-07,7005,7.418307945,0.821917808,3.869069832,3.945144831,,4435.8881,198.75,11.356666666666667
2002-07-08,7006,14.87370776,0.821917808,8.590550279,3.36848966,,2996.353673,187.0,10.374166666666666
2002-07-09,7007,2.578424705,0.821917808,4.782217877,2.669896552,7.1,4028.773392,144.22916666666666,9.111041666666667
2002-07-10,7008,3.74837564,2.739726027,3.800539106,3.28841462,,4466.61383,178.39583333333334,9.373541666666666
2002-07-11,7009,19.43252882,2.739726027,7.638184358,3.500441556,,3163.415002,188.5,9.632916666666667
2002-07-12,7010,0.81364648,2.739726027,4.526899441,4.574116458,,4124.306882,248.41666666666666,9.961875000000001
2002-07-13,7011,0.199045115,2.739726027,3.575413408,5.333173278,,4579.332067,267.7916666666667,11.965625000000001
2002-07-14,7012,0.0,0.0,3.010223464,6.526339629,,4917.79311,296.3541666666667,13.672291666666666
2002-07-15,7013,0.0,0.0,2.647709497,6.432366934,,5179.007342,275.1875,15.709166666666667
2002-07-16,7014,0.0,0.0,2.381907821,4.879049932,6.9,5396.858339,211.16666666666666,13.885833333333332
2002-07-17,7015,0.0,0.0,2.185114525,1.823771004,,5580.099839,108.10416666666667,9.7318125
2002-07-18,7016,0.0,0.0,2.005567039,3.777974538,,5764.519317,176.4375,12.4555625
2002-07-19,7017,0.0,0.0,1.879114525,3.826141402,,5905.472952,165.66666666666666,13.649375
2002-07-20,7018,5.372502485,2.054794521,1.837282123,2.062684616,,5958.775901,111.875,10.050416666666667
2002-07-21,7019,0.0,0.0,1.679606145,5.115250964,,6148.571954,262.7708333333333,10.930208333333333
2002-07-22,7020,0.3690244,2.054794521,1.586463687,1.754198773,,6284.08511,94.64583333333333,11.342291666666666
2002-07-23,7021,34.0365653,2.054794521,4.232513966,0.988870756,7.3,4173.322962,63.1875,12.049791666666666
2002-07-24,7022,0.068083685,2.336685186,2.452324022,1.909390695,,5285.732145,110.1875,9.350624999999999
2002-07-25,7023,0.1255128,7.257853342,1.958002793,2.610787556,,5809.480924,139.54166666666666,12.742083333333333
2002-07-26,7024,0.25362857,2.960022558,1.762893855,4.341873317,,6044.105847,228.77083333333334,14.466875
2002-07-27,7025,0.437108085,2.206278795,1.672240223,2.011161086,,6165.063881,99.25,12.660833333333334
2002-07-28,7026,0.877061825,0.89132081,1.563636872,4.952815635,,6311.051921,216.5625,15.058541666666665
2002-07-29,7027,0.0,0.0,1.477734637,4.005308833,,6445.008761,150.0625,17.176041666666666
2002-07-30,7028,3.06544791,2.32651379,1.458527933,1.536075023,6.6,6478.978174,83.41666666666667,13.414583333333333
2002-07-31,7029,0.61798463,4.636323289,1.416821229,2.215020715,,6539.802156,109.10416666666667,12.803333333333333
2002-08-01,7030,5.83202045,1.335904914,1.452620112,1.024356496,,6485.536453,53.541666666666664,12.442708333333334
2002-08-02,7031,0.811581115,2.582742366,1.340044693,2.67982995,,6659.694133,128.6875,12.708125
2002-08-03,7032,0.32455791,2.501959853,1.221310056,5.012403279,,6887.167471,223.22916666666666,14.491041666666668
2002-08-04,7033,0.49998583,7.706001903,1.146896648,2.629357852,,7038.260653,129.5625,13.654166666666667
2002-08-05,7034,0.570672485,2.00074987,1.096617318,4.730545112,,7143.655725,209.41666666666666,14.450833333333334
2002-08-06,7035,0.0,0.0,1.02072067,5.055338699,6.5,7318.726896,219.95833333333334,15.389166666666666
2002-08-07,7036,3.37237485,0.684931507,1.02527095,1.970653368,,7317.868877,97.47916666666667,14.144374999999998
2002-08-08,7037,10.32987975,0.684931507,1.10848324,1.586931978,,7154.190058,81.375,10.445833333333333
2002-08-09,7038,11.78826862,0.684931507,2.328662011,1.014343089,,5338.162135,44.8125,10.111458333333333
2002-08-10,7039,1.12057343,0.684931507,1.461645251,2.170817418,,6439.511515,108.375,10.789166666666667
2002-08-11,7040,10.12122246,0.684931507,1.324583799,1.601191157,,6720.597376,90.02083333333333,11.182291666666666
2002-08-12,7041,0.562620885,0.684931507,1.520949721,4.606129828,,6355.842335,241.79166666666666,11.924375
2002-08-13,7042,11.78125941,0.684931507,1.517631285,1.80122876,6.7,6418.703263,105.83333333333333,14.332291666666668
2002-08-14,7043,1.374202,0.410958904,1.821946927,2.018911613,,5952.162771,98.04166666666667,14.191458333333332
2002-08-15,7044,1.374201995,0.410958904,1.494628492,3.714615654,,6411.310832,199.375,11.760416666666666
2002-08-16,7045,0.0,0.0,1.366944134,4.370567187,,6622.141903,210.22916666666666,12.673041666666668
2002-08-17,7046,0.5025888,0.410958904,1.300148045,4.36668367,,6739.894388,185.35416666666666,15.367916666666666
2002-08-18,7047,24.25918947,0.410958904,4.703656425,1.725385096,,3918.658068,97.33333333333333,12.584583333333333
2002-08-19,7048,0.068083685,0.410958904,2.439125698,2.537945887,,5321.646171,119.72916666666667,11.891458333333333
2002-08-20,7049,3.09918206,0.410958904,2.070326816,2.147809044,6.5,5692.367982,113.83333333333333,11.639375000000001
2002-08-21,7050,0.308992315,4.660607316,1.82398324,3.966231794,,5968.219967,184.22916666666666,12.042083333333332
2002-08-22,7051,0.0,0.0,1.711634078,3.061218004,,6111.972608,148.5625,12.225208333333333
2002-08-23,7052,0.0,0.0,1.621256983,2.907786601,,6231.741084,140.22916666666666,12.73375
2002-08-24,7053,0.0,0.0,1.529547486,3.397587484,,6364.714239,187.875,12.370833333333332
2002-08-25,7054,0.308992315,6.165643304,1.472153631,2.383661232,,6453.964978,109.0625,11.854583333333332
2002-08-26,7055,0.0,0.0,1.401159218,3.619594731,,6563.689291,159.0625,12.688749999999999
2002-08-27,7056,0.0,0.0,1.292430168,5.31073529,6.6,6750.699307,233.97916666666666,13.208541666666667
2002-08-28,7057,0.560017915,5.841250519,1.248938547,2.368442575,,6838.95819,108.77083333333333,14.066041666666665
2002-08-29,7058,7.547631035,6.908390889,1.311662011,2.573123504,,6723.456048,150.60416666666666,14.542083333333332
2002-08-30,7059,18.67460149,13.55924424,1.935854749,0.751619423,,5761.42324,42.25,13.21625
2002-08-31,7060,0.068083685,1.10376117,1.632997207,3.078851094,,6158.930979,173.54166666666666,9.531583333333334
2002-09-01,7061,0.0,0.0,1.306206704,4.404138403,,6723.306692,210.89583333333334,10.048979166666667
2002-09-02,7062,0.0,0.0,1.209594972,4.42142491,,6908.664144,211.97916666666666,11.984166666666667
2002-09-03,7063,0.0,0.0,1.180156425,1.526597095,6.5,6972.036964,70.35416666666667,12.012083333333335
2002-09-04,7064,0.798080885,2.328767123,1.139203911,2.518713059,,7057.339164,113.79166666666667,13.236458333333333
2002-09-05,7065,13.70874561,2.328767123,1.378055866,1.50883184,,6592.082794,86.45833333333333,11.687291666666667
2002-09-06,7066,28.28926934,2.328767123,5.87403352,0.907335489,,3540.232405,52.0,10.341666666666667
2002-09-07,7067,15.74950392,2.328767123,4.554829609,1.897302659,,4186.755889,108.14583333333333,9.063125
2002-09-08,7068,2.86846816,2.328767123,5.536583799,2.821688906,,3630.769881,150.1875,9.359208333333333
2002-09-09,7069,26.93471146,2.328767123,6.309276536,0.526405562,,3427.796583,27.208333333333332,8.594
2002-09-10,7070,1.057912835,2.328767123,9.495050279,3.620427518,6.3,2695.149644,185.85416666666666,11.110624999999999
2002-09-11,7071,0.0,0.0,4.813969274,4.296131987,,4007.174205,203.4375,12.575833333333334
2002-09-12,7072,0.0,0.0,3.687536313,1.674561432,,4519.078732,77.14583333333333,13.436041666666666
2002-09-13,7073,0.0,0.0,3.011480447,3.527531507,,4913.0953,157.625,13.234375
2002-09-14,7074,0.0,0.0,2.55977095,3.031961406,,5245.505956,139.60416666666666,11.488124999999998
2002-09-15,7075,0.0,0.0,2.263248603,3.053978139,,5503.160276,146.41666666666666,10.02375
2002-09-16,7076,0.0,0.0,2.065374302,1.279591333,,5699.806496,64.14583333333333,10.01
2002-09-17,7077,0.0,0.0,1.896586592,1.457229967,6.5,5884.908003,73.33333333333333,9.593541666666667
2002-09-18,7078,0.0,0.0,1.773527933,1.677818334,,6032.068755,88.04166666666667,9.994583333333333
2002-09-19,7079,0.0,0.0,1.667488827,1.307345112,,6170.879465,57.729166666666664,9.319166666666666
2002-09-20,7080,0.0,0.0,1.588173184,1.397098865,,6279.566623,71.375,10.518125
2002-09-21,7081,0.0,0.0,1.50448324,2.352574344,,6400.507383,125.77083333333333,10.8831875
2002-09-22,7082,0.0,0.0,1.425569832,1.831345164,,6526.708677,98.35416666666667,9.155145833333334
2002-09-23,7083,0.0,0.0,1.355405028,2.337668706,,6643.034441,128.52083333333334,8.280645833333333
2002-09-24,7084,0.0,0.0,1.287150838,3.128763402,6.8,6762.810618,169.70833333333334,8.1215625
2002-09-25,7085,0.0,0.0,1.251930168,1.976232145,,6836.024793,114.97916666666667,8.587395833333334
2002-09-26,7086,2.00230359,2.140866336,1.245921788,1.397248148,,6843.467317,66.375,10.435
2002-09-27,7087,0.0,0.0,1.209620112,1.169812301,,6913.669557,57.354166666666664,10.65125
2002-09-28,7088,0.0,0.0,1.163715084,1.061931583,,7003.365626,57.4375,10.359375
2002-09-29,7089,0.0,0.0,1.103782123,2.902771876,,7131.03483,130.27083333333334,11.310833333333333
2002-09-30,7090,0.0,0.0,1.049656425,2.364762047,,7252.035749,116.58333333333333,12.167083333333332
2002-10-01,7091,0.377076,4.599678855,1.015215084,2.084448521,6.7,7338.127128,99.29166666666667,13.039166666666667
2002-10-02,7092,12.8441088,0.875937053,1.179578212,1.279796446,,6991.795514,66.4375,11.391041666666666
2002-10-03,7093,0.7461004,4.898656163,1.190413408,2.411559365,,6894.630249,141.83333333333334,10.225
2002-10-04,7094,0.308992315,7.337266184,1.028136872,2.472424344,,7300.491866,135.60416666666666,9.885208333333333
2002-10-05,7095,0.065480715,5.784251096,0.982131285,0.490697245,,7420.243455,29.1875,10.81875
2002-10-06,7096,0.3690244,1.618000901,0.938187151,2.304722241,,7530.547245,105.91666666666667,10.1075
2002-10-07,7097,0.0,0.0,0.898189944,0.610842703,,7641.77295,37.4375,9.308645833333333
2002-10-08,7098,0.0,0.0,0.863748603,1.244402909,6.7,7741.386213,61.6875,7.8998333333333335
2002-10-09,7099,0.0,0.0,0.836773743,1.59452214,,7824.174961,85.27083333333333,7.169458333333334
2002-10-10,7100,0.0,0.0,0.824379888,0.432328019,,7864.630934,19.833333333333332,7.092395833333334
2002-10-11,7101,13.67992247,0.95890411,0.948117318,0.290205355,,7574.947797,14.916666666666666,7.321124999999999
2002-10-12,7102,8.606644595,0.95890411,2.003932961,1.592897528,,5585.917985,108.39583333333333,7.300104166666666
2002-10-13,7103,30.98318915,0.95890411,2.525581006,0.074009606,,5129.776487,9.875,3.9140833333333336
2002-10-14,7104,9.318263365,0.95890411,5.517075419,0.961668285,,3641.091086,57.208333333333336,5.843229166666667
2002-10-15,7105,12.82586249,0.95890411,5.315379888,0.163456622,6.6,3826.349549,7.4375,5.081104166666667
2002-10-16,7106,0.0,0.0,3.664986034,0.496149539,,4488.169765,49.645833333333336,3.7504375
2002-10-17,7107,11.89818299,1.232876712,2.710960894,1.095047846,,5150.477352,83.58333333333333,3.4644166666666667
2002-10-18,7108,1.79826969,1.232876712,3.698597765,1.309170338,,4491.334611,105.16666666666667,2.4792083333333332
2002-10-19,7109,0.678016715,1.232876712,2.548684358,1.200478472,,5250.612016,108.25,2.7401666666666666
2002-10-20,7110,21.99982914,1.232876712,4.726081006,0.068013635,,4031.82322,5.229166666666667,1.8168125
2002-10-21,7111,6.79871778,1.232876712,8.570162011,0.715786526,,2976.141841,33.791666666666664,7.867249999999999
2002-10-22,7112,18.62650906,1.232876712,7.59677933,0.667610803,6.4,3269.987392,29.854166666666668,8.3025625
2002-10-23,7113,5.682197345,46.57534247,7.819265363,0.835661088,,3159.95853,56.416666666666664,3.2325
2002-10-24,7114,33.2339716,46.57534247,12.05808939,0.889123017,,2241.077945,64.75,4.671958333333333
2002-10-25,7115,34.87420892,46.57534247,35.45401676,0.601118918,,1033.926811,17.125,7.741229166666667
2002-10-26,7116,17.81273258,46.57534247,16.3936257,1.163854419,,2031.171053,60.0,6.268604166666667
2002-10-27,7117,21.449284,46.57534247,18.26459497,0.704945403,,1880.973863,24.375,5.9402083333333335
2002-10-28,7118,0.201648085,46.57534247,9.856005587,0.942531723,,2794.537424,60.791666666666664,5.595916666666667
2002-10-29,7119,19.82544805,46.57534247,9.287824022,0.095928249,14.6,2915.872397,5.770833333333333,6.394083333333334
2002-10-30,7120,9.78464714,5.753424658,10.71879888,0.164682175,,2688.618529,8.916666666666666,5.109895833333334
2002-10-31,7121,1.005177595,5.753424658,7.649572626,0.245213271,,3210.347092,13.354166666666666,7.157104166666667
2002-11-01,7122,16.4531838,5.753424658,10.25595251,0.131359556,,2697.51604,6.4375,9.426041666666666
2002-11-02,7123,26.65164226,5.753424658,18.00761732,0.143907688,,1790.203316,5.604166666666667,9.180833333333334
2002-11-03,7124,19.85140613,5.753424658,17.89499162,0.56611995,,1929.972364,30.125,6.9928333333333335
2002-11-04,7125,7.66831055,5.753424658,10.84610615,0.727662128,,2658.521128,41.625,7.266354166666666
2002-11-05,7126,11.77350272,5.753424658,9.188798883,0.363699212,13.4,2940.64623,17.041666666666668,10.567291666666668
2002-11-06,7127,31.28767595,3.561643836,22.10706704,0.412652986,,1594.3477,24.020833333333332,7.015916666666667
2002-11-07,7128,13.38779024,3.561643836,10.55941341,0.424633097,,2716.728959,29.875,3.61025
2002-11-08,7129,92.92143989,3.561643836,56.57895251,0.145215162,,347.9447644,7.916666666666667,8.081270833333333
2002-11-09,7130,9.786712505,3.561643836,18.10367598,0.5989522,,1776.424493,36.666666666666664,6.383666666666667
2002-11-10,7131,21.56921205,3.561643836,18.98431844,0.571762568,,1830.680749,33.729166666666664,8.249083333333333
2002-11-11,7132,7.712359435,3.561643836,10.56361173,0.509674653,,2705.994888,32.541666666666664,5.813187500000001
2002-11-12,7133,8.38084172,3.561643836,8.662122905,0.361447161,10.0,3038.771945,27.875,5.4513125
2002-11-13,7134,11.86752508,1.917808219,7.20522905,0.369723005,,3356.112114,30.333333333333332,5.2859791666666665
2002-11-14,7135,25.58700031,1.917808219,24.5357095,0.121996632,,1434.269399,14.958333333333334,5.528041666666667
2002-11-15,7136,0.068083685,1.917808219,9.777946927,0.346462549,,2802.263589,30.854166666666668,4.9114375
2002-11-16,7137,0.308992315,1.917808219,6.376751397,0.357187689,,3524.442448,31.541666666666668,4.0785
2002-11-17,7138,0.0,0.0,4.862790503,0.379875402,,4005.313265,42.583333333333336,3.123958333333333
2002-11-18,7139,0.0,0.0,3.90227933,0.685687316,,4414.184309,49.791666666666664,3.49
2002-11-19,7140,1.62783056,1.917808219,3.322206704,0.204838935,8.8,4728.071221,8.291666666666666,3.6642916666666667
2002-11-20,7141,3.081013495,4.794520548,3.037198324,0.18891838,,4906.126752,16.083333333333332,4.058583333333334
2002-11-21,7142,5.727521875,4.794520548,3.077673184,0.108936039,,4891.504764,7.875,5.158666666666666
2002-11-22,7143,8.67212531,4.794520548,3.492050279,0.106936569,,4650.431646,11.875,4.493791666666667
2002-11-23,7144,3.39260878,4.794520548,3.565131285,0.295843217,,4595.428967,30.208333333333332,4.512375
2002-11-24,7145,0.1255128,4.794520548,2.997829609,0.237499399,,4927.21468,25.416666666666668,4.802625
2002-11-25,7146,0.377076,4.794520548,2.694192737,0.278501189,,5147.505863,19.708333333333332,5.0535000000000005
2002-11-26,7147,5.201315885,4.794520548,2.604243017,0.365008986,8.7,5227.097359,17.5,6.475791666666667
2002-11-27,7148,11.58914575,26.30136986,4.494921788,0.106165598,,4128.672565,2.9583333333333335,6.966916666666666
2002-11-28,7149,7.2198876,26.30136986,4.428829609,0.314934949,,4190.069497,23.625,6.061166666666666
2002-11-29,7150,2.245815195,26.30136986,3.971664804,0.174973515,,4386.284851,18.375,5.580416666666667
2002-11-30,7151,14.84592702,26.30136986,6.082567039,0.0,,3522.842746,7.5,5.84375
2002-12-01,7152,41.36388217,26.30136986,18.21094693,0.586232907,,1737.755446,24.083333333333332,5.6734583333333335
2002-12-02,7153,53.01516031,26.30136986,38.68343296,0.43783685,,942.9058265,11.833333333333334,4.340625
2002-12-03,7154,8.958280715,26.30136986,17.88096369,0.249666137,14.0,1851.436592,17.416666666666668,4.967041666666667
2002-12-04,7155,20.05264658,8.356164384,13.01246648,0.203649061,,2403.978905,17.458333333333332,3.971833333333333
2002-12-05,7156,0.308992315,8.356164384,9.334885475,0.173172307,,2881.336582,45.041666666666664,2.66975
2002-12-06,7157,0.5025888,8.356164384,6.392011173,0.122273165,,3524.816354,5.583333333333333,2.7269583333333336
2002-12-07,7158,1.326889855,8.356164384,5.064460894,0.091410241,,3935.56568,3.7916666666666665,1.218125
2002-12-08,7159,0.308992315,8.356164384,4.102340782,0.104265137,,4320.384052,4.0,-0.40170833333333333
2002-12-09,7160,0.0,0.0,3.453159218,0.299411173,,4649.827388,30.625,-1.6163333333333334
2002-12-10,7161,0.0,0.0,2.9835,0.064407961,9.3,4938.487669,9.5,-2.386875
2002-12-11,7162,0.0,0.0,2.641148045,0.078997362,,5184.583948,5.25,-2.7735416666666666
2002-12-12,7163,0.0,0.0,2.383617318,0.097519534,,5398.066395,2.7916666666666665,-1.9677083333333334
2002-12-13,7164,1.07065831,1.751951584,2.232502793,0.163170798,,5539.354379,8.333333333333334,-0.1565416666666667
2002-12-14,7165,1.50776639,4.510274689,2.226217877,0.101599356,,5549.294751,3.7916666666666665,1.7834583333333331
2002-12-15,7166,11.3650878,5.585769563,2.870421788,0.10300828,,5040.309813,3.4583333333333335,1.0100833333333334
2002-12-16,7167,0.87706183,1.762536501,2.63096648,0.09255864,,5168.694214,6.958333333333333,0.7604166666666666
2002-12-17,7168,0.0,0.0,2.216086592,0.160887287,9.4,5547.403532,9.791666666666666,-0.01320833333333333
2002-12-18,7169,0.0,0.0,1.990684358,0.260321355,,5778.745977,52.5,-1.2989166666666667
2002-12-19,7170,0.0,0.0,1.850857542,0.145136642,,5939.102029,32.125,-0.981875
2002-12-20,7171,2.905585585,1.506849315,1.806460894,0.242046404,,5998.222561,13.75,3.1942083333333335
2002-12-21,7172,27.59308406,1.506849315,4.762055866,0.160876922,,3720.818699,6.708333333333333,4.9788749999999995
2002-12-22,7173,10.51126108,1.506849315,10.51207542,0.255883784,,2599.399553,12.833333333333334,6.746958333333333
2002-12-23,7174,9.41355737,1.506849315,6.948477654,0.222026693,,3407.243905,6.375,7.9891250000000005
2002-12-24,7175,12.21992807,1.506849315,9.237695531,0.298811355,,2927.176903,6.291666666666667,7.829583333333333
2002-12-25,7176,3.285264545,1.506849315,6.968740223,0.211651246,,3371.529845,10.333333333333334,6.419875
2002-12-26,7177,19.12467219,1.506849315,8.761625698,0.244886942,,3047.980829,12.541666666666666,6.354583333333333
2002-12-27,7178,32.24892465,1.506849315,23.4732067,0.24276453,,1564.351677,8.5,5.90775
2002-12-28,7179,1.56313014,1.506849315,11.0325419,0.24774819,,2586.001708,8.041666666666666,4.49175
2002-12-29,7180,78.90117676,1.506849315,47.78756145,0.188268869,,533.6821713,5.291666666666667,7.24125
2002-12-30,7181,7.64617619,1.506849315,17.1750419,0.118292118,,1916.943268,5.041666666666667,5.055499999999999
2002-12-31,7182,3.00203256,1.506849315,9.128111732,0.109005337,,2929.324219,3.75,0.9515833333333333
2003-01-01,7183,22.43491676,1.506849315,13.29639385,0.244248035,,2383.5358,9.125,6.619875
2003-01-02,7184,19.45728172,1.506849315,14.57426816,0.275342727,,2213.112132,12.208333333333334,4.6044583333333335
2003-01-03,7185,1.078709915,1.506849315,10.71907542,0.013106048,,2647.802625,9.041666666666666,-0.5926666666666667
2003-01-04,7186,0.926976945,1.506849315,6.683304469,0.106673313,,3441.421376,31.5,-2.3400833333333333
2003-01-05,7187,0.25362857,1.506849315,4.92450838,0.575243617,,3979.530355,65.625,-2.240875
2003-01-06,7188,0.0,0.0,3.85426257,0.02185898,,4434.971926,10.125,-2.9332083333333334
2003-01-07,7189,0.0,0.0,3.213452514,0.02336322,8.2,4791.923197,11.958333333333334,-4.879125
2003-01-08,7190,0.0,0.0,2.900765363,0.02647676,,4997.570304,10.583333333333334,-3.85875
2003-01-09,7191,0.5025888,9.863013699,2.487217877,0.222574843,,5303.568061,36.791666666666664,-0.6669166666666667
2003-01-10,7192,0.12006417,9.863013699,2.247310056,0.148608428,,5519.9008,58.458333333333336,-0.060416666666666674
2003-01-11,7193,0.308992315,9.863013699,2.047122905,0.162228433,,5718.781321,48.25,-0.8207083333333333
2003-01-12,7194,18.92216606,9.863013699,2.287106145,0.341818927,,5555.377132,19.583333333333332,1.7920416666666668
2003-01-13,7195,4.57866292,9.863013699,4.648424581,0.254397454,,4049.321449,8.083333333333334,5.866833333333333
2003-01-14,7196,9.93984113,9.863013699,5.007544693,0.589510265,8.5,3966.238345,19.166666666666668,5.343083333333333
2003-01-15,7197,15.95067275,6.164383562,9.06747486,0.545899983,,2866.262014,19.416666666666668,4.478541666666667
2003-01-16,7198,0.060032085,6.164383562,5.150337989,0.696951161,,3890.75001,24.583333333333332,4.651833333333333
2003-01-17,7199,14.36124469,6.164383562,6.201150838,0.50570972,,3555.886778,15.291666666666666,4.418333333333334
2003-01-18,7200,11.70928768,6.164383562,5.945002793,0.38318981,,3680.74932,19.625,3.958
2003-01-19,7201,8.753171625,6.164383562,8.921488827,0.441819028,,2951.115327,25.541666666666668,4.241333333333333
2003-01-20,7202,18.79734639,6.164383562,13.81952514,0.403571737,,2296.90009,14.333333333333334,4.746333333333333
2003-01-21,7203,10.34648774,6.164383562,10.26002514,0.322064143,8.3,2755.339895,18.708333333333332,3.385875
2003-01-22,7204,16.18519694,5.753424658,9.321712291,0.306481508,,2919.588707,11.25,2.82325
2003-01-23,7205,0.0,0.0,7.384600559,0.604286904,,3262.514678,60.0,2.1389166666666664
2003-01-24,7206,7.514191775,5.753424658,5.883511173,0.595906272,,3678.64148,32.208333333333336,5.806875000000001
2003-01-25,7207,19.56438325,5.753424658,10.94525698,0.594439838,,2605.063575,35.833333333333336,5.249416666666667
2003-01-26,7208,10.69594791,5.753424658,8.093639665,0.443716242,,3148.23245,28.333333333333332,8.019875
2003-01-27,7209,20.2184101,5.753424658,9.493818436,0.405992481,,2788.144721,20.333333333333332,6.31175
2003-01-28,7210,14.97386786,5.753424658,10.00201676,0.570176643,8.1,2800.225501,8.458333333333334,1.9543333333333333
2003-01-29,7211,3.37390262,22.46575342,8.65274581,0.902584974,,2991.781175,50.625,0.9947916666666666
2003-01-30,7212,1.924485025,22.46575342,6.105921788,0.199083715,,3602.271018,45.875,-2.05525
2003-01-31,7213,5.663446225,22.46575342,4.717608939,0.142934976,,4083.082333,46.625,-2.286958333333333
2003-02-01,7214,14.94667694,22.46575342,9.265148045,0.541616871,,2929.127699,29.125,2.3907916666666664
2003-02-02,7215,10.3339072,22.46575342,7.780726257,0.458618529,,3222.725346,12.916666666666666,1.6895
2003-02-03,7216,1.342455455,22.46575342,6.76123743,0.426822904,,3417.122703,29.208333333333332,-0.14616666666666667
2003-02-04,7217,2.223405305,22.46575342,5.056013966,0.287055163,9.2,3936.141929,71.25,-0.6066666666666667
2003-02-05,7218,1.91701596,3.287671233,4.068854749,0.0,,4335.253555,66.04166666666667,-1.38325
2003-02-06,7219,14.01905582,3.287671233,6.116882682,0.46045495,,3581.074863,34.916666666666664,2.793041666666667
2003-02-07,7220,10.27918434,3.287671233,11.65595531,0.46324839,,2539.73244,21.166666666666668,5.679166666666667
2003-02-08,7221,14.32334697,3.287671233,8.023122905,0.592832813,,3173.896775,29.375,5.52925
2003-02-09,7222,4.148826145,3.287671233,9.086807263,0.479929557,,2911.261839,39.041666666666664,2.27975
2003-02-10,7223,16.43836566,3.287671233,7.664178771,0.646816868,,3261.632376,37.791666666666664,2.0424166666666665
2003-02-11,7224,0.193596485,3.287671233,8.357832402,1.061244052,8.8,3013.991137,83.875,4.174458333333333
2003-02-12,7225,0.3690244,0.623617863,5.630203911,1.317760345,,3745.72305,89.20833333333333,1.901
2003-02-13,7226,0.877061825,20.02154834,4.519332402,0.156043162,,4139.568036,12.25,-1.129125
2003-02-14,7227,0.0,0.0,3.653547486,0.558646166,,4539.935972,94.75,-3.2587499999999996
2003-02-15,7228,0.0,0.0,3.112717877,1.19920715,,4853.854953,122.41666666666667,-1.7712916666666667
2003-02-16,7229,0.0,0.0,2.742335196,0.611064745,,5107.222043,64.33333333333333,-2.5263750000000003
2003-02-17,7230,0.0,0.0,2.426379888,0.455677335,,5358.847692,74.04166666666667,-4.599916666666666
2003-02-18,7231,0.0,0.0,2.202234637,0.510793455,8.2,5563.202226,102.625,-3.284041666666667
2003-02-19,7232,0.0,0.0,1.995435754,0.5020881,,5773.767185,90.16666666666667,-2.9062083333333333
2003-02-20,7233,0.068083685,3.526679849,1.840173184,0.222700285,,5951.547183,15.208333333333334,-1.250125
2003-02-21,7234,0.434505115,2.937805645,1.744642458,0.781816007,,6069.330659,50.083333333333336,2.8937916666666665
2003-02-22,7235,0.0,0.0,1.636315642,1.129099449,,6212.009223,86.29166666666667,1.814375
2003-02-23,7236,1.44228568,3.944391297,1.592497207,0.74135938,,6275.889196,43.0,5.0691250000000005
2003-02-24,7237,0.0,0.0,1.460865922,0.296503751,,6467.459059,16.791666666666668,3.9865
2003-02-25,7238,0.0,0.0,1.365687151,0.84091095,8.0,6622.661365,57.0,3.630333333333333
2003-02-26,7239,0.0,0.0,1.266561453,1.230770882,,6799.580155,71.75,5.094833333333333
2003-02-27,7240,1.68319431,1.369863014,1.223396648,0.390316427,,6887.958903,22.041666666666668,4.987583333333333
2003-02-28,7241,21.66383635,1.369863014,3.113145251,0.248405817,,4363.984838,9.75,4.981
2003-03-01,7242,13.61229864,1.369863014,4.046907821,0.642877639,,4284.726803,31.458333333333332,4.276458333333333
2003-03-02,7243,0.3690244,1.369863014,3.853131285,1.326005687,,4329.200543,93.54166666666667,3.5205416666666665
2003-03-03,7244,6.47544495,1.369863014,2.628050279,0.670035931,,5207.249677,40.041666666666664,3.3638333333333335
2003-03-04,7245,16.81890269,1.369863014,6.606301676,0.507156479,7.8,3435.638338,19.333333333333332,7.581916666666667
2003-03-05,7246,4.3951834,7.123287671,5.485223464,0.650905855,,3784.958275,38.875,3.6952916666666664
2003-03-06,7247,0.0,0.0,3.914622905,1.242075132,,4398.917798,85.0,3.857083333333333
2003-03-07,7248,13.47683379,7.123287671,4.936173184,0.742463237,,3942.543093,34.25,3.202375
2003-03-08,7249,53.940895,7.123287671,36.37123743,0.488778577,,739.5084711,11.583333333333334,4.986666666666667
2003-03-09,7250,4.754090835,7.123287671,10.7772486,0.65128841,,2619.828279,16.708333333333332,5.890708333333333
2003-03-10,7251,7.18875641,7.123287671,6.994634078,0.781333944,,3374.40472,25.333333333333332,6.382708333333333
2003-03-11,7252,10.21241855,7.123287671,7.704678771,0.746309959,8.4,3222.879903,37.875,5.422041666666666
2003-03-12,7253,1.879393755,9.040418442,5.709796089,1.458267216,,3718.316174,90.375,2.2475416666666668
2003-03-13,7254,0.0,0.0,4.391044693,1.285365276,,4191.700902,88.66666666666667,0.5142916666666667
2003-03-14,7255,0.060032085,2.981082151,3.552209497,2.387816453,,4591.81649,170.83333333333334,2.2885
2003-03-15,7256,0.0,0.0,3.014572626,1.701012293,,4917.721047,157.875,1.941375
2003-03-16,7257,0.0,0.0,2.618145251,2.302461337,,5199.498612,180.29166666666666,3.2071666666666663
2003-03-17,7258,0.0,0.0,2.315715084,2.957071727,,5457.061829,176.45833333333334,8.011166666666666
2003-03-18,7259,0.0,0.0,2.109343575,2.125833688,8.0,5653.648372,171.75,2.8480833333333333
2003-03-19,7260,0.37447303,5.122514934,1.907798883,3.036484382,,5870.04926,181.125,6.032291666666667
2003-03-20,7261,0.0,0.0,1.764879888,1.598581574,,6042.832046,134.20833333333334,4.5424375
2003-03-21,7262,0.0,0.0,1.64247486,1.709646802,,6203.697249,118.8125,4.467791666666667
2003-03-22,7263,0.0,0.0,1.52253352,2.510645143,,6370.737693,198.35416666666666,4.541875
2003-03-23,7264,0.0,0.0,1.407444134,2.990649141,,6553.976066,190.45833333333334,7.499854166666666
2003-03-24,7265,0.700853615,12.84990779,1.364304469,1.174727523,,6629.219184,91.02083333333333,6.3165000000000004
2003-03-25,7266,0.0,0.0,1.265430168,2.914137819,7.9,6801.895903,184.0,7.225958333333334
2003-03-26,7267,0.0,0.0,1.185486034,2.727139395,,6956.111582,179.54166666666666,8.292250000000001
2003-03-27,7268,0.0,0.0,1.11298324,2.59584169,,7110.185475,184.27083333333334,7.515520833333333
2003-03-28,7269,0.0,0.0,1.061195531,1.876042826,,7228.844623,127.39583333333333,7.2249375
2003-03-29,7270,0.0,0.0,1.010740223,2.015131501,,7343.820792,120.5625,8.150583333333334
2003-03-30,7271,2.162946205,6.976358821,0.955835196,3.294429457,,7485.295104,219.125,5.479666666666667
2003-03-31,7272,0.0,0.0,0.916139665,2.953972558,,7591.526667,203.3125,5.869062500000001
2003-04-01,7273,33.72505523,2.130764388,3.498611732,0.819193332,8.6,4340.936315,38.75,3.9665208333333335
2003-04-02,7274,1.21335568,4.607837212,1.756835196,2.694662377,,5979.23343,191.0625,3.7499583333333333
2003-04-03,7275,0.16927274,1.136426925,1.336751397,2.890894338,,6666.634821,182.625,5.889187499999999
2003-04-04,7276,0.0,0.0,1.216206704,4.0801074,,6896.245553,227.64583333333334,8.866083333333334
2003-04-05,7277,0.0,0.0,1.160170391,3.333663987,,7011.126794,184.29166666666666,7.913208333333333
2003-04-06,7278,0.0,0.0,1.121480447,2.210102306,,7094.251308,134.5625,6.0846875
2003-04-07,7279,0.0,0.0,1.064388268,2.98864417,,7218.57493,204.5,2.9561458333333337
2003-04-08,7280,0.0,0.0,1.014108939,3.168210409,7.8,7337.895951,245.41666666666666,1.7686458333333333
2003-04-09,7281,0.0,0.0,0.972351955,2.81426014,,7443.711635,234.6875,1.2091666666666667
2003-04-10,7282,0.0,0.0,0.942108939,2.132757333,,7523.977275,180.02083333333334,0.6189583333333333
2003-04-11,7283,0.0,0.0,0.915083799,1.797735296,,7595.399803,123.375,2.9575625
2003-04-12,7284,0.0,0.0,0.876921788,2.786715437,,7701.882219,178.9375,5.031479166666666
2003-04-13,7285,0.16927274,1.099220863,0.842907821,2.625280755,,7806.541624,122.64583333333333,6.784083333333334
2003-04-14,7286,0.0,0.0,0.818421788,2.574669856,,7877.019551,110.29166666666667,10.318833333333332
2003-04-15,7287,0.0,0.0,0.773044693,4.485588609,7.4,8027.335043,212.14583333333334,13.498125
2003-04-16,7288,0.0,0.0,0.739357542,5.694192292,,8142.164825,255.45833333333334,15.329583333333334
2003-04-17,7289,0.0,0.0,0.711326816,5.061563199,,8247.867167,253.625,13.337083333333332
2003-04-18,7290,0.0,0.0,0.694458101,4.711202315,,8309.51053,253.0625,10.265458333333333
2003-04-19,7291,0.0,0.0,0.674346369,1.60581309,,8389.852993,96.08333333333333,3.2941041666666666
2003-04-20,7292,0.0,0.0,0.675427374,1.561752444,,8388.25953,74.625,4.470395833333334
2003-04-21,7293,7.34012875,5.557682962,0.761027933,1.198511366,,8074.792195,75.5,4.579979166666667
2003-04-22,7294,0.0,0.0,0.711301676,1.662757367,7.6,8239.97947,118.54166666666667,5.7025625
2003-04-23,7295,0.0,0.0,0.67052514,4.543590671,,8401.718226,249.0625,8.554875000000001
2003-04-24,7296,2.09447209,2.876712329,0.662178771,0.738867273,,8445.862899,46.895833333333336,5.691958333333333
2003-04-25,7297,5.05743102,2.876712329,0.733877095,0.692172372,,8172.609804,32.8125,7.097166666666666
2003-04-26,7298,6.829157415,2.876712329,0.786444134,1.508300684,,7987.338571,85.875,6.4645624999999995
2003-04-27,7299,14.84953023,2.876712329,1.324784916,2.494673747,,6674.522742,164.75,7.261500000000001
2003-04-28,7300,7.926945945,2.876712329,2.911650838,1.637271833,,4819.255883,98.64583333333333,7.451645833333333
2003-04-29,7301,12.89410318,2.876712329,3.618,2.530741872,8.1,4441.648082,145.04166666666666,7.189
2003-04-30,7302,20.67395097,2.191780822,8.748351955,1.792377397,,2747.87356,107.70833333333333,5.794208333333334
2003-05-01,7303,6.177308425,2.191780822,6.345905028,2.486271259,,3484.790532,170.95833333333334,6.382666666666666
2003-05-02,7304,24.67324617,2.191780822,10.85912849,0.930918635,,2650.276172,46.604166666666664,5.880458333333333
2003-05-03,7305,7.25933143,2.191780822,8.154276536,1.497873357,,3128.294088,90.08333333333333,6.243604166666667
2003-05-04,7306,2.81263909,2.191780822,6.896715084,3.393633991,,3360.41934,160.125,9.101270833333333
2003-05-05,7307,2.08499564,2.191780822,4.736212291,3.30602718,,4041.783311,237.14583333333334,5.675520833333334
2003-05-06,7308,0.523618025,2.191780822,3.478298883,3.839131118,8.0,4626.088969,250.77083333333334,5.888437499999999
2003-05-07,7309,5.93222408,6.849315068,2.966128492,2.290972239,,4961.432038,132.89583333333334,8.060895833333333
2003-05-08,7310,0.0,0.0,2.650449721,3.394635233,,5157.496086,215.95833333333334,6.527666666666666
2003-05-09,7311,0.52677112,6.849315068,2.252061453,3.197462082,,5517.20467,194.625,6.455229166666666
2003-05-10,7312,1.57085407,6.849315068,2.055544693,2.380419314,,5706.532478,157.125,5.591479166666667
2003-05-11,7313,20.72167395,6.849315068,2.442896648,1.963624796,,5365.725808,131.14583333333334,5.79775
2003-05-12,7314,4.54644255,6.849315068,3.062337989,3.440107533,,4853.619226,253.85416666666666,5.003875
2003-05-13,7315,1.56770096,6.849315068,2.383441341,2.365731904,7.7,5408.003919,160.6875,4.671375
2003-05-14,7316,0.17874919,5.068493151,2.294346369,3.770907315,,5469.562327,269.2708333333333,5.08225
2003-05-15,7317,7.48097213,5.068493151,2.085259777,4.265316625,,5707.278002,261.4583333333333,6.284729166666668
2003-05-16,7318,20.21073691,5.068493151,8.903086592,0.792510359,,2917.683522,36.979166666666664,6.8466249999999995
2003-05-17,7319,20.74381422,5.068493151,11.75746927,1.006801915,,2553.43679,51.895833333333336,7.9775
2003-05-18,7320,24.8330596,5.068493151,14.11868715,1.784489023,,2249.740702,107.4375,7.5718125
2003-05-19,7321,25.16526459,5.068493151,14.7119581,1.815409512,,2199.905669,114.89583333333333,6.123333333333334
2003-05-20,7322,34.75333838,5.068493151,33.06620112,0.936965114,7.8,1150.325202,52.25,6.1531875000000005
2003-05-21,7323,37.49016586,2.465753425,24.20135196,1.489150712,,1428.02486,89.83333333333333,8.416520833333333
2003-05-22,7324,36.46189986,2.465753425,31.69473184,0.937035999,,1165.552461,60.104166666666664,9.544791666666667
2003-05-23,7325,4.367693355,2.465753425,12.27760894,3.219108953,,2425.19156,217.39583333333334,7.757458333333333
2003-05-24,7326,13.25338277,2.465753425,10.60579609,1.989329244,,2733.649815,120.10416666666667,7.3429166666666665
2003-05-25,7327,2.985064945,2.465753425,9.646918994,2.608701211,,2842.649627,176.0,7.439395833333333
2003-05-26,7328,1.21650879,2.465753425,6.498125698,3.744248773,,3497.39335,220.95833333333334,8.6531875
2003-05-27,7329,3.285704625,2.465753425,5.080374302,2.444827179,,3925.265792,158.6875,10.119583333333333
2003-05-28,7330,0.0,0.0,3.975963687,3.118238653,7.4,4376.087378,156.29166666666666,12.276874999999999
2003-05-29,7331,0.0,0.0,3.254932961,5.502591201,,4761.734577,256.9166666666667,15.394583333333335
2003-05-30,7332,0.0,0.0,2.760360335,5.640573524,,5091.036051,268.4375,17.173333333333332
2003-05-31,7333,0.0,0.0,2.434952514,5.765630007,,5351.420047,303.6875,14.977083333333333
2003-06-01,7334,0.0,0.0,2.190997207,6.414417071,,5572.487542,297.2708333333333,13.437291666666667
2003-06-02,7335,2.088148745,2.447167999,2.047801676,3.543592505,,5718.101753,184.125,10.86125
2003-06-03,7336,0.0,0.0,1.897717877,1.817849894,7.1,5884.794802,87.375,10.2975
2003-06-04,7337,10.6321567,1.232876712,2.073318436,1.722600277,,5699.127643,88.625,9.275208333333333
2003-06-05,7338,0.696043865,1.232876712,1.862120112,3.766983397,,5907.597984,176.41666666666666,10.595416666666667
2003-06-06,7339,9.224252045,1.232876712,2.513689944,2.575588382,,5270.912347,122.70833333333333,11.27625
2003-06-07,7340,2.78736285,1.232876712,1.843592179,5.819808688,,5936.587817,298.7083333333333,11.950833333333334
2003-06-08,7341,8.700634025,1.232876712,2.45853352,3.05819584,,5338.111262,180.45833333333334,9.405833333333334
2003-06-09,7342,2.273221275,1.232876712,1.89897486,4.128029523,,5875.848592,198.91666666666666,10.595833333333333
2003-06-10,7343,2.42984734,1.232876712,1.841832402,3.143171288,7.1,5954.252188,155.5,11.565
2003-06-11,7344,3.65423029,4.024970404,1.730363128,2.403105363,,6087.58121,128.41666666666666,9.907916666666667
2003-06-12,7345,3.682659645,4.569164281,1.684156425,4.896913472,,6144.948452,286.1666666666667,10.953958333333333
2003-06-13,7346,0.0,0.0,1.538874302,4.799418242,,6350.150258,270.3333333333333,12.739166666666668
2003-06-14,7347,0.5220329,0.872358303,1.493094972,4.944410055,,6422.278776,232.04166666666666,14.308958333333335
2003-06-15,7348,0.0,0.0,1.411642458,6.356853118,,6546.826802,341.5416666666667,14.021666666666667
2003-06-16,7349,0.5220329,3.090206203,1.34552514,6.466977867,,6663.260623,298.125,16.109375
2003-06-17,7350,0.0,0.0,1.32822905,3.62288572,7.1,6688.277759,223.33333333333334,12.240416666666667
2003-06-18,7351,9.11425373,4.224599649,1.472455307,0.97272832,,6458.269566,56.708333333333336,11.375
2003-06-19,7352,3.64001562,3.425435859,1.507022346,1.297137579,,6400.559799,96.0,11.414166666666667
2003-06-20,7353,0.0,0.0,1.315005587,3.361680653,,6707.656571,212.5,8.579166666666667
2003-06-21,7354,0.253909115,3.073877189,1.230083799,4.870924079,,6870.764762,240.08333333333334,13.340000000000002
2003-06-22,7355,2.0881316,3.366498652,1.192248603,3.6851745,,6948.582104,183.08333333333334,14.346666666666666
2003-06-23,7356,0.5220329,4.011581356,1.155318436,3.43107594,,7018.925436,238.75,10.844791666666666
2003-06-24,7357,0.0,0.0,1.088949721,5.549708667,7.0,7163.384618,287.9166666666667,13.557895833333333
2003-06-25,7358,0.08004278,1.369863014,1.045206704,5.890414039,,7264.083838,202.5625,15.136666666666668
2003-06-26,7359,1.896396065,1.369863014,1.040078212,2.401237722,,7281.864317,102.77083333333333,13.324583333333335
2003-06-27,7360,10.21669159,1.369863014,1.248083799,1.890011222,,6830.006529,95.0,11.434791666666667
2003-06-28,7361,0.08004278,1.369863014,1.041234637,4.68800798,,7262.412363,210.625,11.657916666666667
2003-06-29,7362,2.3265662,1.369863014,0.958097765,6.390941161,,7480.874935,272.3333333333333,13.834791666666668
2003-06-30,7363,19.30899659,1.369863014,2.241050279,3.578186197,,5438.363879,160.95833333333334,11.793125000000002
2003-07-01,7364,2.655222615,1.369863014,1.256078212,2.872238935,7.0,6798.541626,120.66666666666667,11.417291666666666
2003-07-02,7365,0.08004278,2.655495149,1.08296648,4.339238132,,7165.72116,210.58333333333334,12.065624999999999
2003-07-03,7366,0.0,0.0,1.002192737,2.181947449,,7370.224006,128.79166666666666,10.177708333333333
2003-07-04,7367,0.0,0.0,0.979793296,1.483599182,,7424.295587,71.41666666666667,10.25
2003-07-05,7368,0.32865642,1.178977107,0.937558659,2.368200083,,7533.731911,112.0,10.45125
2003-07-06,7369,0.0,0.0,0.900050279,3.503758725,,7637.217585,170.29166666666666,11.364166666666668
2003-07-07,7370,0.908176645,1.56845561,0.888435754,2.989236179,,7674.325316,143.54166666666666,12.607708333333333
2003-07-08,7371,1.56773965,6.037755297,0.90746648,1.443643764,6.9,7621.681267,76.70833333333333,13.671666666666667
2003-07-09,7372,0.08004278,1.487635336,0.864879888,4.56845281,,7731.995148,197.41666666666666,15.535416666666668
2003-07-10,7373,2.49738722,1.604062192,0.841826816,1.270141923,,7811.24426,67.375,14.099166666666667
2003-07-11,7374,0.0,0.0,0.785463687,4.155781224,,7978.574042,219.5,11.284583333333332
2003-07-12,7375,0.0,0.0,0.733575419,7.021550211,,8163.823008,319.6666666666667,14.225416666666666
2003-07-13,7376,0.0,0.0,0.695715084,8.08453658,,8301.669193,322.625,18.3725
2003-07-14,7377,0.0,0.0,0.667986034,7.683513025,6.9,8412.744583,305.0833333333333,19.424166666666668
2003-07-15,7378,0.0,0.0,0.65174581,6.681144204,,8480.576594,260.2291666666667,19.839166666666667
2003-07-16,7379,0.0,0.0,0.636184358,4.51149214,,8547.614652,182.375,18.78875
2003-07-17,7380,12.03979536,1.780821918,0.75901676,1.054897816,,8063.37474,58.979166666666664,12.856666666666667
2003-07-18,7381,0.08004278,1.780821918,0.687972067,6.236100627,,8317.452477,305.3541666666667,14.218541666666667
2003-07-19,7382,3.16768569,1.780821918,0.649156425,4.47112071,,8494.187732,180.875,14.539791666666666
2003-07-20,7383,6.867055215,1.780821918,0.676960894,2.210697107,,8432.122254,96.625,12.279791666666666
2003-07-21,7384,15.83365506,1.780821918,1.188854749,2.207037009,,6843.517715,115.125,12.324375000000002
2003-07-22,7385,1.0919833,1.780821918,0.814575419,2.49175385,7.4,7860.880834,125.20833333333333,12.143749999999999
2003-07-23,7386,9.410028655,0.95890411,0.819,1.311116219,,7891.246823,59.020833333333336,12.253958333333335
2003-07-24,7387,24.26063186,0.95890411,1.38147486,3.41861609,,6889.109041,179.16666666666666,11.990208333333333
2003-07-25,7388,41.8416059,0.95890411,19.19996648,2.236530284,,1621.676365,106.04166666666667,12.246458333333335
2003-07-26,7389,2.315830735,0.95890411,4.841497207,1.873319981,,3964.318271,99.9375,11.449375000000002
2003-07-27,7390,1.236833065,0.95890411,3.07123743,4.116266981,,4853.592656,207.45833333333334,11.270625
2003-07-28,7391,15.23108098,0.95890411,3.216444134,2.073588894,,4780.922839,96.33333333333333,12.321875
2003-07-29,7392,27.11663173,0.95890411,7.851544693,1.227747556,6.4,3134.966044,57.833333333333336,12.910208333333332
2003-07-30,7393,0.499477445,0.95890411,8.940544693,3.295256927,,2888.597662,181.95833333333334,12.506041666666667
2003-07-31,7394,7.93346145,0.95890411,5.113307263,1.461772496,,3916.380755,72.16666666666667,11.792291666666666
2003-08-01,7395,2.1687308,0.95890411,4.529689944,3.884762184,,4123.684998,183.3125,12.521875
2003-08-02,7396,0.0,0.0,3.299379888,4.824938743,,4729.358552,250.58333333333334,11.212291666666667
2003-08-03,7397,0.0,0.0,2.701231844,6.580590591,,5131.747182,314.2708333333333,14.178333333333333
2003-08-04,7398,0.0,0.0,2.323382682,5.52650663,,5445.131554,236.83333333333334,18.582083333333333
2003-08-05,7399,0.0,0.0,2.071810056,3.023477519,6.9,5690.060997,128.60416666666666,20.283125000000002
2003-08-06,7400,0.0,0.0,1.875972067,2.275305993,,5908.809509,138.29166666666666,16.059791666666666
2003-08-07,7401,0.32865642,5.736605637,1.71148324,6.641865395,,6106.58634,280.1041666666667,19.016875000000002
2003-08-08,7402,0.08004278,2.437065325,1.57351676,5.881410666,,6296.154333,224.5,19.618750000000002
2003-08-09,7403,0.0,0.0,1.442840782,7.316826564,,6494.146304,263.375,22.58875
2003-08-10,7404,0.85185496,3.272750419,1.395276536,3.65898824,,6578.433463,155.75,18.73270833333333
2003-08-11,7405,0.0,0.0,1.310681564,2.703871146,,6719.581325,105.35416666666667,16.647291666666668
2003-08-12,7406,0.0,0.0,1.224527933,5.217886904,7.2,6877.181296,221.9375,16.089791666666667
2003-08-13,7407,0.0,0.0,1.14526257,3.968150568,,7040.963573,205.125,13.053333333333333
2003-08-14,7408,0.0,0.0,1.073564246,5.295822472,,7195.980873,244.27083333333334,12.1625
2003-08-15,7409,0.0,0.0,1.01926257,4.72445734,,7326.240527,225.70833333333334,13.074166666666665
2003-08-16,7410,0.0,0.0,0.980648045,3.883729173,,7421.037902,181.45833333333334,13.996249999999998
2003-08-17,7411,0.0,0.0,0.938639665,3.076364871,,7531.088526,140.35416666666666,14.059583333333334
2003-08-18,7412,0.739605785,3.09637307,0.921670391,3.081180478,,7579.146563,171.33333333333334,12.719166666666666
2003-08-19,7413,0.0,0.0,0.881698324,2.857085422,6.9,7687.979371,140.16666666666666,11.570208333333333
2003-08-20,7414,0.0,0.0,0.84753352,3.683869974,,7788.675998,176.75,12.04875
2003-08-21,7415,4.823953415,2.465753425,0.847860335,1.858484269,,7798.739908,89.16666666666667,13.54
2003-08-22,7416,34.33685284,2.465753425,2.35272067,1.333295936,,5406.408727,68.66666666666667,15.087291666666667
2003-08-23,7417,0.499477445,2.465753425,1.616857542,3.669636782,,6112.66759,158.97916666666666,16.664375
2003-08-24,7418,0.0,0.0,1.101519553,2.50410902,,7118.785726,98.85416666666667,16.159791666666667
2003-08-25,7419,0.0,0.0,0.971044693,2.763225229,,7440.314943,136.33333333333334,12.249166666666667
2003-08-26,7420,0.0,0.0,0.914882682,2.548278089,7.0,7598.220281,116.52083333333333,12.241666666666667
2003-08-27,7421,0.0,0.0,0.906636872,2.047413331,,7613.198138,99.25,12.502291666666666
2003-08-28,7422,29.76072467,2.247130034,2.35950838,0.422561,,5066.769871,23.25,9.840833333333334
2003-08-29,7423,0.4086992,1.662673581,3.206614525,2.998704073,,4454.522321,165.52083333333334,9.117875
2003-08-30,7424,0.579520225,2.641262293,1.555642458,2.698460182,,6300.753894,147.72916666666666,8.315520833333332
2003-08-31,7425,0.0,0.0,1.309097765,2.308223609,,6718.597603,135.8125,8.303812500000001
2003-09-01,7426,0.0,0.0,1.209494413,2.645728638,,6908.470641,133.02083333333334,10.097708333333333
2003-09-02,7427,0.0,0.0,1.141215084,2.592872783,7.2,7050.639206,136.41666666666666,11.264791666666667
2003-09-03,7428,0.0,0.0,1.09422905,2.137884708,,7151.865477,104.875,12.83
2003-09-04,7429,0.0,0.0,1.032511173,4.295718881,,7291.913972,205.16666666666666,13.709166666666667
2003-09-05,7430,0.0,0.0,0.987662011,3.173431255,,7403.962285,157.0,12.313333333333333
2003-09-06,7431,8.054195925,2.328767123,1.224653631,1.876005372,,6869.502588,98.625,10.27875
2003-09-07,7432,2.40660898,2.328767123,1.064463687,2.264700761,,7216.972899,114.95833333333333,10.273958333333333
2003-09-08,7433,10.55833364,2.328767123,1.307488827,0.877452141,,6741.560334,57.145833333333336,9.838958333333332
2003-09-09,7434,13.50337694,2.328767123,1.317594972,1.477701283,6.9,6755.403016,91.25,9.025541666666667
2003-09-10,7435,38.04972335,1.917808219,8.567321229,0.852384632,,3033.72479,32.75,11.827708333333334
2003-09-11,7436,6.80264242,1.917808219,5.468857542,1.533509497,,3771.071007,90.14583333333333,12.648958333333333
2003-09-12,7437,0.32865642,1.917808219,3.605103352,3.397315024,,4542.157532,168.91666666666666,10.499958333333334
2003-09-13,7438,0.0,0.0,2.693815642,4.990204873,,5130.9972,210.875,14.265
2003-09-14,7439,0.0,0.0,2.245902235,4.793616402,,5513.590401,212.29166666666666,15.829375
2003-09-15,7440,0.0,0.0,1.944477654,5.082165396,,5822.822732,197.02083333333334,16.057083333333335
2003-09-16,7441,0.0,0.0,1.735391061,5.065889375,7.1,6077.398636,197.39583333333334,16.032291666666666
2003-09-17,7442,0.0,0.0,1.594131285,4.698710025,,6267.585914,199.77083333333334,15.731250000000001
2003-09-18,7443,0.0,0.0,1.523463687,0.915139481,,6376.027163,35.375,12.882916666666667
2003-09-19,7444,6.54104315,3.30784316,1.507273743,0.883138477,,6407.159352,42.1875,12.989375
2003-09-20,7445,0.99895489,3.323717678,1.444927374,0.648232318,,6488.645554,34.833333333333336,11.123125
2003-09-21,7446,0.0,0.0,1.332527933,1.911698626,,6679.542862,96.79166666666667,12.928541666666668
2003-09-22,7447,7.308355,0.510795799,1.320310056,1.835023802,,6715.118439,101.625,10.070583333333333
2003-09-23,7448,3.33850672,7.255573027,1.314678771,2.300062504,7.0,6705.01887,154.47916666666666,5.337270833333334
2003-09-24,7449,0.32865642,4.302472329,1.17452514,1.964980598,,6978.334027,96.0625,8.201354166666667
2003-09-25,7450,0.0,0.0,1.098452514,1.997936236,,7143.395526,124.33333333333333,8.579104166666665
2003-09-26,7451,3.723484815,2.531141856,1.112958101,0.961977845,,7114.346175,65.89583333333333,8.773916666666667
2003-09-27,7452,0.0,0.0,1.036256983,1.701200676,,7283.588902,108.70833333333333,7.017229166666667
2003-09-28,7453,0.0,0.0,0.980497207,1.896008151,,7420.467039,122.39583333333333,7.0073125
2003-09-29,7454,4.644647085,6.273768136,0.983011173,1.090636433,,7425.727206,60.395833333333336,8.845270833333332
2003-09-30,7455,0.08004278,8.35072979,0.97275419,0.999417739,6.9,7437.692864,54.5,9.359583333333333
2003-10-01,7456,0.0,0.0,0.915159218,1.524143894,,7594.062575,92.54166666666667,9.0143125
2003-10-02,7457,0.0,0.0,0.893891061,0.825776231,,7658.132378,39.4375,7.940854166666667
2003-10-03,7458,0.4086992,15.34246575,0.866539106,1.440148367,,7730.977942,74.58333333333333,8.791854166666667
2003-10-04,7459,8.33328115,15.34246575,0.868047486,1.519443658,,7736.073775,92.35416666666667,5.43475
2003-10-05,7460,25.96209161,15.34246575,1.740041899,1.590252789,,5935.134484,106.0625,4.5745625
2003-10-06,7461,11.07928201,15.34246575,2.550293296,1.646520591,,4782.56074,71.60416666666667,7.295520833333334
2003-10-07,7462,13.88610488,15.34246575,4.030240223,2.013494707,9.2,4253.376517,106.125,6.869354166666667
2003-10-08,7463,21.32008889,5.342465753,5.293407821,0.370268909,,3763.681185,12.541666666666666,10.862708333333332
2003-10-09,7464,6.74407057,5.342465753,3.587731844,1.011865912,,4565.011198,71.27083333333333,10.372291666666667
2003-10-10,7465,19.93615588,5.342465753,8.202670391,1.155655421,,3077.383408,92.6875,8.57475
2003-10-11,7466,0.0,0.0,4.661622905,1.601674483,,4065.443355,87.25,10.06
2003-10-12,7467,0.908176645,5.342465753,3.454340782,1.163286021,,4638.678423,87.5,7.824625
2003-10-13,7468,8.82202313,5.342465753,3.511810056,0.143889158,,4631.578214,13.166666666666666,7.458000000000001
2003-10-14,7469,0.0,0.0,2.922108939,0.908052636,6.0,4968.746308,59.916666666666664,7.028020833333333
2003-10-15,7470,0.08004278,10.2013615,2.442846369,0.665771676,,5343.085325,60.9375,5.263895833333334
2003-10-16,7471,0.0,0.0,2.186446927,1.627325452,,5576.43258,116.20833333333333,6.028
2003-10-17,7472,0.0,0.0,1.989276536,1.153012532,,5780.263461,77.6875,4.837958333333334
2003-10-18,7473,0.0,0.0,1.828081006,1.55142023,,5965.236293,105.85416666666667,5.410770833333333
2003-10-19,7474,0.0,0.0,1.698536313,0.868959555,,6128.194346,57.645833333333336,3.9585624999999998
2003-10-20,7475,0.4086992,3.016438382,1.589807263,1.100645802,,6274.619382,97.27083333333333,2.142583333333333
2003-10-21,7476,4.48906186,2.347224701,1.539226257,0.582309805,7.4,6355.592282,62.270833333333336,0.894625
2003-10-22,7477,2.41734444,2.054885782,1.481631285,0.257357969,,6439.234345,16.979166666666668,1.1532916666666668
2003-10-23,7478,0.0,0.0,1.401159218,1.144542719,,6560.727689,105.33333333333333,2.2483541666666667
2003-10-24,7479,1.48769687,1.019357204,1.322547486,0.456569393,,6700.395045,76.4375,2.2990416666666667
2003-10-25,7480,8.66418774,3.204882092,1.395653631,0.334418799,,6592.571313,44.5,3.2445416666666667
2003-10-26,7481,0.32865642,2.033840349,1.405784916,1.06577179,,6532.838086,102.54166666666667,2.4047916666666667
2003-10-27,7482,0.08004278,17.32126274,1.255148045,0.780997835,,6823.154075,66.58333333333333,3.0807083333333334
2003-10-28,7483,20.58908955,5.463573234,1.590058659,0.273219189,7.4,6582.410999,32.333333333333336,5.109666666666667
2003-10-29,7484,27.52095174,4.520547945,7.863611732,0.341844198,,3160.616915,31.125,4.000208333333333
2003-10-30,7485,26.34481954,4.520547945,11.46001676,0.201333526,,2292.994733,25.4375,2.325270833333333
2003-10-31,7486,6.912641445,4.520547945,14.06931285,0.065800498,,2126.507259,12.5,3.606375
2003-11-01,7487,14.14095366,4.520547945,7.066332402,0.446929748,,3399.98275,43.875,3.5826041666666666
2003-11-02,7488,14.52593175,4.520547945,14.62557821,0.562042709,,2160.884026,43.229166666666664,6.726145833333334
2003-11-03,7489,9.43374975,4.520547945,9.024611732,0.769521112,,2955.561794,58.208333333333336,6.109125
2003-11-04,7490,0.32865642,4.520547945,5.973410615,0.829330524,7.7,3642.390554,48.416666666666664,8.486833333333333
2003-11-05,7491,0.170821025,10.11240384,4.558751397,0.940232251,,4117.187472,53.020833333333336,9.0888125
2003-11-06,7492,0.4086992,1.534358048,3.579058659,0.437492814,,4575.498596,24.4375,10.250625
2003-11-07,7493,0.0,0.0,2.953784916,0.660975768,,4954.452723,65.25,6.574187500000001
2003-11-08,7494,0.0,0.0,2.564874302,0.227204427,,5242.5766,6.75,2.8019583333333333
2003-11-09,7495,0.499477445,2.034644222,2.295527933,0.332273155,,5476.805475,11.104166666666666,4.405083333333333
2003-11-10,7496,0.499477445,2.995938116,2.07827095,0.888349218,,5684.900798,58.875,7.0088125
2003-11-11,7497,3.076907445,4.531959729,1.922958101,0.168338148,7.5,5862.234082,13.0,6.287020833333333
2003-11-12,7498,11.6953878,9.452054795,2.168346369,0.665914078,,5662.759117,49.625,6.909104166666666
2003-11-13,7499,8.59263025,9.452054795,4.29222067,0.192398437,,4169.962129,14.1875,6.620166666666667
2003-11-14,7500,35.41494096,9.452054795,18.15206983,0.186636627,,1665.443198,4.708333333333333,6.100124999999999
2003-11-15,7501,4.383047825,9.452054795,9.328801676,0.333671026,,2841.520472,36.020833333333336,4.407895833333334
2003-11-16,7502,1.07899767,9.452054795,5.86498324,0.268779043,,3665.412269,42.5625,3.6813333333333333
2003-11-17,7503,42.29877802,9.452054795,12.77502235,0.214132055,,2232.506338,22.8125,8.466458333333334
2003-11-18,7504,11.04707563,9.452054795,12.33749162,0.029217543,9.2,2442.310785,12.375,9.164166666666667
2003-11-19,7505,18.79010107,3.150684932,12.11186313,0.117972341,,2517.057326,17.083333333333332,9.065
2003-11-20,7506,4.642396925,3.150684932,9.219092179,0.019013467,,2904.71436,12.666666666666666,6.159479166666666
2003-11-21,7507,0.08004278,3.150684932,6.447067039,0.135244028,,3509.920608,33.354166666666664,3.0206250000000003
2003-11-22,7508,0.0,0.0,5.064712291,0.009401808,,3931.015195,21.208333333333332,1.6607083333333332
2003-11-23,7509,0.090778245,3.150684932,3.958416201,0.0,,4384.446414,45.145833333333336,1.3139166666666666
2003-11-24,7510,0.828133865,3.150684932,3.29402514,0.233195204,,4743.825792,36.479166666666664,2.3816875
2003-11-25,7511,21.52086614,3.150684932,4.537835196,0.260845331,8.0,4199.313899,18.333333333333332,5.575166666666667
2003-11-26,7512,14.38293796,2.876712329,10.52590223,0.0,,2715.906244,17.458333333333332,2.1104583333333333
2003-11-27,7513,4.166640575,2.876712329,6.326145251,0.00614295,,3544.778691,37.9375,1.9358541666666669
2003-11-28,7514,1.1004686,2.876712329,5.099153631,0.084225646,,3921.900851,8.729166666666666,4.1663958333333335
2003-11-29,7515,10.66833265,2.876712329,5.090656425,0.061997736,,3958.315092,8.104166666666666,6.046333333333333
2003-11-30,7516,14.4825957,2.876712329,7.726801676,0.090836323,,3221.512519,14.229166666666666,2.7425416666666664
2003-12-01,7517,13.47965585,2.876712329,7.488150838,0.060980501,,3279.809962,4.083333333333333,2.9880625
2003-12-02,7518,1.5091678,2.876712329,7.37248324,0.091432898,8.0,3279.256252,9.895833333333334,4.313541666666667
2003-12-03,7519,1.82708875,3.37982261,5.670628492,0.089160695,,3736.457663,4.3125,4.640083333333333
2003-12-04,7520,0.08004278,5.144834148,4.545930168,0.182359222,,4130.879248,7.979166666666667,3.2704375
2003-12-05,7521,0.0,0.0,3.76496648,0.35815097,,4483.947518,39.166666666666664,4.8398125
2003-12-06,7522,1.58921058,3.949621773,3.299606145,0.27596019,,4741.160077,10.645833333333334,3.0997291666666666
2003-12-07,7523,0.32865642,12.41702652,2.818256983,0.0,,5049.519768,51.395833333333336,-1.14875
2003-12-08,7524,0.0,0.0,2.474673184,0.0,,5319.301512,17.5,-3.5201875
2003-12-09,7525,0.4086992,1.740065492,2.297488827,0.0,7.9,5475.864406,13.166666666666666,2.5433125000000003
2003-12-10,7526,0.0,0.0,2.10753352,0.0,,5658.077835,17.041666666666668,4.857187499999999
2003-12-11,7527,18.7641298,2.328767123,4.83375419,0.126607649,,3939.410464,28.729166666666668,4.8334166666666665
2003-12-12,7528,61.91172421,2.328767123,15.42413966,0.045853061,,1983.404167,9.520833333333334,6.5966458333333335
2003-12-13,7529,63.7104704,2.328767123,55.64896089,0.110199864,,421.9272585,7.833333333333333,7.357833333333333
2003-12-14,7530,2.1687308,2.328767123,11.6337067,0.29165661,,2492.421998,13.541666666666666,2.8765625
2003-12-15,7531,0.419434665,2.328767123,6.664122905,0.017729812,,3450.201119,33.833333333333336,1.2797708333333333
2003-12-16,7532,0.0,0.0,5.113935754,0.0,7.9,3913.748185,8.9375,2.1954583333333333
2003-12-17,7533,0.4086992,5.342465753,4.022497207,0.281937505,,4354.747516,44.0625,3.7315416666666668
2003-12-18,7534,0.0,0.0,3.356120112,0.333104505,,4706.171907,44.8125,3.4532708333333333
2003-12-19,7535,1.249818695,5.342465753,2.959064246,0.09572497,,4956.015815,13.6875,4.4671875000000005
2003-12-20,7536,33.18775947,5.342465753,10.55184637,0.131818333,,2541.384152,4.520833333333333,2.4431041666666666
2003-12-21,7537,13.29359903,5.342465753,10.28996648,0.223029603,,2736.863999,28.5625,0.11470833333333334
2003-12-22,7538,4.406890075,5.342465753,6.392388268,0.0,,3536.463271,21.395833333333332,-1.3956458333333333
2003-12-23,7539,23.09310611,5.342465753,13.50879888,0.007760519,7.6,2358.474878,6.583333333333333,5.349854166666667
2003-12-24,7540,4.564604315,5.068493151,7.86750838,0.038184814,,3165.923214,15.416666666666666,5.292416666666667
2003-12-25,7541,6.5472783,5.068493151,6.543276536,0.014276659,,3500.17497,6.833333333333333,6.0755625
2003-12-26,7542,27.69311339,5.068493151,14.32118715,0.03468425,,2104.269906,2.6666666666666665,4.195979166666667
2003-12-27,7543,3.668624915,5.068493151,13.65068715,0.0,,2300.265493,10.645833333333334,0.09745833333333333
2003-12-28,7544,0.795533275,5.068493151,7.745002793,0.029461953,,3187.068892,22.604166666666668,-0.349875
2003-12-29,7545,0.635447715,5.068493151,5.669472067,0.021798109,,3729.865827,19.854166666666668,-1.4208749999999999
2003-12-30,7546,0.330906585,5.068493151,4.395796089,0.085637517,8.1,4188.809236,24.4375,-2.1519791666666666
2003-12-31,7547,3.35295412,7.123287671,3.871810056,0.131090645,,4477.480449,20.25,-1.2462291666666667
2004-01-01,7548,44.32944026,7.123287671,15.71508101,0.023188202,,2096.041476,7.916666666666667,2.542291666666667
2004-01-02,7549,0.32865642,7.123287671,8.876664804,0.0,,2922.441688,26.0625,-0.19429166666666664
2004-01-03,7550,4.35668237,7.123287671,6.327402235,0.1475816,,3557.564265,23.083333333333332,1.5344791666666666
2004-01-04,7551,1.249818695,7.123287671,5.27027933,0.152296134,,3864.733177,27.395833333333332,3.172791666666667
2004-01-05,7552,30.78829519,7.123287671,7.299854749,0.0,,3470.365905,10.458333333333334,6.642354166666666
2004-01-06,7553,17.45798944,7.123287671,19.74695531,0.149930523,7.1,1687.970142,37.5625,4.6340208333333335
2004-01-07,7554,8.534452605,10.68493151,8.455575419,0.189829248,,3075.197992,15.083333333333334,6.0410208333333335
2004-01-08,7555,22.36159143,10.68493151,15.49086034,0.01947373,,2068.757893,9.770833333333334,4.965354166666667
2004-01-09,7556,8.726744555,10.68493151,9.517575419,0.0,,2873.675839,7.145833333333333,2.692770833333334
2004-01-10,7557,15.60492943,10.68493151,8.040067039,0.0,,3204.635859,13.854166666666666,6.619958333333333
2004-01-11,7558,16.5731397,10.68493151,16.60990223,0.215456789,,1968.678766,14.729166666666666,3.7765
2004-01-12,7559,9.249943095,10.68493151,7.976011173,0.113528632,,3168.016023,20.3125,2.888520833333333
2004-01-13,7560,3.41629933,10.68493151,7.041041899,0.247090362,8.1,3355.302735,10.729166666666666,2.5243541666666665
2004-01-14,7561,1.89560768,14.24657534,5.96999162,0.0,,3674.622824,3.1458333333333335,-0.06304166666666668
2004-01-15,7562,33.12772584,14.24657534,18.31095251,0.0,,1694.879771,9.0625,2.427375
2004-01-16,7563,35.78930474,14.24657534,27.18575698,0.033134952,,1323.516486,10.791666666666666,1.10975
2004-01-17,7564,3.405563865,14.24657534,10.58088268,0.058772469,,2675.827243,50.541666666666664,0.14335416666666667
2004-01-18,7565,2.31358057,14.24657534,6.930905028,0.1953447,,3392.203335,38.083333333333336,0.7391875
2004-01-19,7566,22.15722339,14.24657534,7.633734637,0.0,,3253.358464,10.604166666666666,4.772520833333333
2004-01-20,7567,16.22605089,14.24657534,10.81772346,0.0,9.1,2687.711831,9.333333333333334,5.001875
2004-01-21,7568,0.0,0.0,7.290125698,0.176555295,,3299.919049,11.125,3.3099166666666666
2004-01-22,7569,10.00253451,2.739726027,6.731824022,0.106244669,,3456.633947,12.1875,5.202645833333333
2004-01-23,7570,7.996139435,2.739726027,5.974365922,0.026941124,,3663.331441,10.791666666666666,5.432229166666667
2004-01-24,7571,0.419434665,2.739726027,5.401608939,0.058453379,,3816.614794,15.708333333333334,2.24925
2004-01-25,7572,0.0,0.0,4.414298883,0.16135729,,4186.986122,41.4375,0.44612499999999994
2004-01-26,7573,0.0,0.0,3.748273743,0.083687563,,4494.910331,12.666666666666666,-1.3089375
2004-01-27,7574,0.0,0.0,3.289047486,0.334268519,8.0,4749.101769,40.791666666666664,-1.510375
2004-01-28,7575,2.678549515,5.068493151,2.967963687,0.0,,4949.317576,21.229166666666668,-2.544958333333333
2004-01-29,7576,1.43098099,5.068493151,2.601125698,0.0,,5214.59311,55.020833333333336,-2.5474791666666667
2004-01-30,7577,8.42682491,5.068493151,5.923030726,0.0,,3421.877179,8.0625,2.810395833333333
2004-01-31,7578,76.85009784,5.068493151,52.97017877,0.0,,479.1864049,5.645833333333333,6.326833333333333
2004-02-01,7579,1.589210575,5.068493151,11.74844413,0.129099472,,2454.75256,9.229166666666666,5.671208333333333
2004-02-02,7580,45.91920306,5.068493151,18.36140782,0.0,,1949.956868,10.208333333333334,7.9180625000000004
2004-02-03,7581,69.84020071,5.068493151,65.29434637,0.0,7.1,379.9759947,3.8541666666666665,9.40875
2004-02-04,7582,70.14909028,5.205479452,60.36101397,0.0,,403.9633928,3.7083333333333335,8.83625
2004-02-05,7583,3.429284955,5.205479452,16.80634358,0.301356263,,1908.945353,28.8125,7.535895833333334
2004-02-06,7584,13.67818294,5.205479452,10.25321229,0.273158346,,2773.805444,26.375,3.4922291666666667
2004-02-07,7585,4.767631735,5.205479452,8.81997486,0.451964832,,2983.901666,31.020833333333332,1.8645833333333333
2004-02-08,7586,1.405403925,5.205479452,6.540108939,0.639321949,,3484.437083,75.64583333333333,-0.03308333333333332
2004-02-09,7587,0.499477445,5.205479452,5.151594972,0.292640786,,3907.045233,30.708333333333332,-0.7906666666666666
2004-02-10,7588,1.987174315,5.205479452,4.381717877,0.017277088,8.1,4203.820162,13.8125,3.6466250000000002
2004-02-11,7589,0.0,0.0,3.774167598,0.783457303,,4481.814786,62.25,5.269145833333334
2004-02-12,7590,1.997909775,6.126803327,3.341765363,0.180318121,,4720.159988,15.041666666666666,5.292520833333334
2004-02-13,7591,1.15904045,1.372951045,3.033125698,0.241640699,,4906.31622,28.083333333333332,4.644541666666666
2004-02-14,7592,0.32865642,2.085546596,2.694645251,0.890993513,,5144.210099,82.08333333333333,2.7859374999999997
2004-02-15,7593,0.0,0.0,2.422156425,0.652855762,,5363.744391,52.791666666666664,2.6110625
2004-02-16,7594,2.59041563,12.66965667,2.246656425,0.600502045,,5525.20502,61.166666666666664,2.8417708333333334
2004-02-17,7595,1.57847511,10.25601627,2.133050279,0.119597418,7.8,5629.834878,26.229166666666668,2.2758125000000002
2004-02-18,7596,0.0,0.0,1.920469274,1.177931974,,5855.73993,104.20833333333333,0.7878958333333332
2004-02-19,7597,0.0,0.0,1.762290503,0.980682493,,6044.974914,88.75,0.5229166666666666
2004-02-20,7598,0.0,0.0,1.628547486,1.087604526,,6221.908602,109.33333333333333,-1.397125
2004-02-21,7599,0.0,0.0,1.522835196,0.756344837,,6373.503443,85.625,-1.3590416666666665
2004-02-22,7600,0.0,0.0,1.421899441,0.686103248,,6529.684783,99.77083333333333,-1.3491458333333333
2004-02-23,7601,0.0,0.0,1.351659218,0.554571304,,6651.245455,94.14583333333333,-1.9909999999999999
2004-02-24,7602,5.91593672,3.236029373,1.38602514,0.162829171,7.1,6598.654907,23.729166666666668,0.92225
2004-02-25,7603,2.633751685,5.233730905,1.292480447,0.606644539,,6748.190204,116.77083333333333,-2.9980625
2004-02-26,7604,0.170821025,9.991067525,1.224452514,0.0,,6880.060299,14.166666666666666,-4.489145833333334
2004-02-27,7605,0.0,0.0,1.168089385,0.0,,6998.041036,84.83333333333333,-3.313166666666667
2004-02-28,7606,1.040556135,2.963797073,1.123114525,0.258870611,,7087.914616,158.85416666666666,-3.1653333333333333
2004-02-29,7607,1.72968118,3.539650114,1.073614525,0.122723504,,7199.965246,134.5625,-2.1008333333333336
2004-03-01,7608,1.96980952,8.646290947,1.039022346,0.642236278,,7277.547696,166.35416666666666,-2.2783333333333333
2004-03-02,7609,5.27109415,3.500885697,1.010388268,0.379749432,7.1,7348.954759,123.125,-0.9202708333333334
2004-03-03,7610,11.55041689,1.455194421,1.145689944,0.28501924,,7072.968137,25.5,2.3525416666666668
2004-03-04,7611,0.828133865,3.190063342,1.617988827,0.94626004,,6239.590327,75.97916666666667,3.9564375
2004-03-05,7612,2.743750695,19.70214977,1.533871508,1.216385315,,6361.602534,81.20833333333333,2.8614374999999996
2004-03-06,7613,0.672548635,14.19248821,1.448371508,1.199780027,,6459.682177,107.45833333333333,1.9329583333333333
2004-03-07,7614,0.98596926,4.636025364,1.238932961,1.804081402,,6846.517222,143.41666666666666,1.7414166666666666
2004-03-08,7615,0.0,0.0,1.140209497,1.15010582,,7051.180444,102.85416666666667,0.5344375
2004-03-09,7616,0.0,0.0,1.07773743,0.933403473,7.6,7190.194301,94.8125,-0.47672916666666665
2004-03-10,7617,0.0,0.0,1.057726257,0.541329856,,7238.545313,75.29166666666667,-1.8724583333333333
2004-03-11,7618,0.0,0.0,1.031731844,0.03205678,,7300.433036,23.25,-2.324333333333333
2004-03-12,7619,8.63821647,2.465753425,1.065871508,0.271759701,,7223.235111,67.0625,-1.20025
2004-03-13,7620,10.81768274,2.465753425,1.856136872,1.040042896,,5973.180402,86.35416666666667,2.489875
2004-03-14,7621,11.98295833,2.465753425,5.212960894,0.385303977,,3700.059432,30.583333333333332,5.399416666666667
2004-03-15,7622,24.49586567,2.465753425,6.290874302,0.123021234,,3415.609935,30.083333333333332,6.9119166666666665
2004-03-16,7623,6.151564725,2.465753425,7.063340782,0.827624395,7.6,3290.330369,54.166666666666664,7.942645833333334
2004-03-17,7624,0.0,0.0,4.794561453,1.202734398,,4011.222007,97.6875,5.651104166666666
2004-03-18,7625,9.384057395,8.219178082,5.045329609,0.602427821,,3914.646795,50.75,3.8094583333333336
2004-03-19,7626,36.62990889,8.219178082,21.4231676,1.031265532,,1455.572664,98.75,4.29625
2004-03-20,7627,17.79698712,8.219178082,14.54037989,0.601400302,,2227.821236,52.229166666666664,5.9805625000000004
2004-03-21,7628,12.27317321,8.219178082,8.729648045,0.48110378,,3026.617791,43.020833333333336,2.823395833333333
2004-03-22,7629,5.820263955,8.219178082,7.185896648,1.008208625,,3315.483534,89.41666666666667,1.6200625000000002
2004-03-23,7630,6.653292335,8.219178082,6.829944134,1.654601003,7.8,3426.91186,139.08333333333334,1.2683125
2004-03-24,7631,0.32865642,10.55687046,5.031905028,1.527066836,,3942.047815,121.52083333333333,0.9360833333333333
2004-03-25,7632,2.74825103,5.749423955,4.145053073,1.094322464,,4304.206109,83.25,1.8796875
2004-03-26,7633,0.08004278,34.326938,3.449891061,1.31448534,,4650.588022,97.875,1.9768541666666666
2004-03-27,7634,1.236833065,7.78442723,2.987698324,0.507004518,,4935.162103,38.916666666666664,3.4939583333333335
2004-03-28,7635,0.0,0.0,2.585765363,0.962785505,,5224.621034,84.66666666666667,3.7786666666666666
2004-03-29,7636,0.0,0.0,2.267723464,3.04967447,,5499.010323,172.29166666666666,5.7906458333333335
2004-03-30,7637,0.0,0.0,2.033522346,3.317055012,7.3,5730.882704,208.85416666666666,5.844708333333333
2004-03-31,7638,2.83902927,6.438356164,1.886053073,2.768319401,,5900.417672,144.0,5.9067083333333334
2004-04-01,7639,4.65763272,6.438356164,1.849148045,0.920526468,,5952.995555,35.333333333333336,6.683062499999999
2004-04-02,7640,0.08004278,6.438356164,1.736094972,2.313698926,,6062.302731,134.77083333333334,5.828520833333333
2004-04-03,7641,41.38282019,6.438356164,8.99846648,0.729252609,,2338.789325,28.729166666666668,4.811583333333333
2004-04-04,7642,2.903836255,6.438356164,7.932519553,1.503895125,,2988.056304,93.97916666666667,3.5535833333333335
2004-04-05,7643,5.49200172,6.438356164,4.857435754,1.170772271,,4010.255793,63.020833333333336,2.924291666666667
2004-04-06,7644,13.15324959,6.438356164,5.474715084,1.034567832,8.0,3800.412031,94.77083333333333,1.6039375
2004-04-07,7645,1.667003195,7.373000463,4.404620112,2.195030891,,4181.274379,158.27083333333334,2.6157083333333335
2004-04-08,7646,2.15574517,1.287198318,3.693494413,0.953325734,,4524.334718,87.97916666666667,1.9575416666666667
2004-04-09,7647,0.0,0.0,3.150980447,2.434590897,,4828.519153,181.54166666666666,3.565375
2004-04-10,7648,0.828133865,1.961805136,2.796159218,0.844478303,,5068.986179,53.125,5.3099791666666665
2004-04-11,7649,0.0,0.0,2.479751397,1.679232542,,5313.565643,125.29166666666667,6.1820625
2004-04-12,7650,0.32865642,2.477497751,2.277301676,2.098270201,,5493.971945,144.14583333333334,5.674812500000001
2004-04-13,7651,0.0,0.0,2.081136872,2.602034121,7.2,5684.570197,160.125,5.9057916666666666
2004-04-14,7652,0.0,0.0,1.94477933,1.426290452,,5830.731085,110.1875,5.520333333333333
2004-04-15,7653,8.99284416,2.328767123,1.997849162,0.734517251,,5779.830332,55.0625,4.376375
2004-04-16,7654,7.49216166,2.328767123,2.302391061,0.651145273,,5490.092501,36.854166666666664,3.2535208333333334
2004-04-17,7655,9.407778485,2.328767123,2.230416201,2.523086321,,5559.221438,175.02083333333334,4.0754375000000005
2004-04-18,7656,8.143239365,2.328767123,4.7115,2.303922217,,3976.838433,164.4375,3.151145833333333
2004-04-19,7657,0.08004278,2.328767123,2.530583799,3.453367422,,5257.942926,237.83333333333334,3.780208333333333
2004-04-20,7658,3.087642915,2.328767123,2.282932961,1.171726975,7.4,5495.116629,76.41666666666667,4.8094166666666665
2004-04-21,7659,5.585030125,3.211407841,2.272273743,1.486398887,,5504.783293,99.79166666666667,6.588583333333333
2004-04-22,7660,4.493046835,2.318606292,2.426329609,3.873575603,,5361.373145,267.5625,6.336854166666666
2004-04-23,7661,0.0,0.0,2.121108939,2.804194288,,5644.645058,165.04166666666666,8.406979166666666
2004-04-24,7662,0.0,0.0,1.965594972,5.05984256,,5806.531692,254.97916666666666,11.445166666666665
2004-04-25,7663,0.0,0.0,1.833561453,5.638964672,,5959.603243,280.5833333333333,12.015458333333333
2004-04-26,7664,0.0,0.0,1.752863128,2.559560515,,6059.870201,133.5,9.777520833333334
2004-04-27,7665,0.0,0.0,1.671812849,3.037224606,7.0,6165.953629,190.29166666666666,7.034041666666667
2004-04-28,7666,0.0,0.0,1.615826816,0.462062845,,6242.97112,28.583333333333332,5.762895833333334
2004-04-29,7667,0.499477445,3.287671233,1.534173184,2.069095588,,6357.008534,140.27083333333334,4.173791666666667
2004-04-30,7668,0.67029847,3.287671233,1.471248603,1.005980183,,6455.537428,64.54166666666667,5.824437499999999
2004-05-01,7669,0.0,0.0,1.414231844,3.658174932,,6545.04961,201.5,9.199604166666667
2004-05-02,7670,1.56548948,3.287671233,1.352061453,3.1161025,,6650.814312,209.64583333333334,8.581312500000001
2004-05-03,7671,4.903996195,3.287671233,1.332829609,3.412615608,,6685.423222,242.75,5.600854166666667
2004-05-04,7672,43.18883219,3.287671233,8.458642458,1.467370529,6.8,2892.285418,130.8125,3.8246875
2004-05-05,7673,22.43883181,4.383561644,10.2438352,0.855834866,,2771.019563,70.3125,3.6660833333333334
2004-05-06,7674,10.37014781,4.383561644,9.905681564,1.858331002,,2800.043041,151.22916666666666,4.468145833333334
2004-05-07,7675,3.26801682,4.383561644,5.513153631,3.421849722,,3762.184704,248.27083333333334,6.109395833333333
2004-05-08,7676,0.4086992,4.383561644,4.051784916,0.467673879,,4340.635032,49.916666666666664,5.3620833333333335
2004-05-09,7677,1.83782422,4.383561644,3.367835196,1.242780536,,4697.24849,86.41666666666667,7.803666666666667
2004-05-10,7678,0.0,0.0,2.826578212,4.485055737,,5043.00077,240.6875,10.5943125
2004-05-11,7679,6.12571462,4.383561644,2.523796089,3.923370949,7.1,5280.75271,198.02083333333334,11.588333333333333
2004-05-12,7680,0.87332589,4.066835353,2.32727933,2.597018972,,5447.85741,143.66666666666666,9.418395833333333
2004-05-13,7681,0.4086992,2.991011027,2.13149162,1.903254204,,5631.391524,123.29166666666667,7.71875
2004-05-14,7682,0.0,0.0,1.937413408,3.504052901,,5837.782225,183.29166666666666,9.75325
2004-05-15,7683,0.0,0.0,1.786675978,4.685040712,,6014.829498,215.02083333333334,11.366708333333333
2004-05-16,7684,0.0,0.0,1.651776536,6.743104569,,6189.018914,325.3541666666667,13.770416666666668
2004-05-17,7685,0.0,0.0,1.541941341,5.647175488,,6344.196965,321.9583333333333,11.7225625
2004-05-18,7686,0.0,0.0,1.450055866,5.471441564,7.4,6487.669037,333.3125,10.676250000000001
2004-05-19,7687,0.0,0.0,1.378432961,5.874539775,,6602.041845,338.1458333333333,11.180625
2004-05-20,7688,0.0,0.0,1.315106145,4.370079073,,6712.979102,254.72916666666666,9.347770833333334
2004-05-21,7689,0.0,0.0,1.25175419,3.6759923,,6830.462983,223.10416666666666,6.230833333333333
2004-05-22,7690,0.0,0.0,1.212385475,2.705987038,,6906.001775,168.89583333333334,7.190666666666666
2004-05-23,7691,0.0,0.0,1.150743017,4.950771595,,7029.677451,280.0208333333333,8.8044375
2004-05-24,7692,0.0,0.0,1.099282123,6.215974686,,7143.115433,316.0416666666667,9.759979166666666
2004-05-25,7693,0.0,0.0,1.07253352,3.718237442,6.8,7202.524132,199.9375,9.560625
2004-05-26,7694,0.0,0.0,1.039072626,4.891397598,,7279.725881,244.125,9.4340625
2004-05-27,7695,0.0,0.0,1.015265363,2.978046607,,7338.406555,157.25,10.152291666666667
2004-05-28,7696,5.598015755,1.095890411,1.054986034,1.089944575,,7247.066607,57.729166666666664,8.892958333333334
2004-05-29,7697,4.91698182,1.095890411,1.066650838,2.960792941,,7214.946092,186.20833333333334,9.908687500000001
2004-05-30,7698,3.49859227,1.095890411,1.025120112,3.531187792,,7310.059033,223.39583333333334,9.218458333333333
2004-05-31,7699,16.10665703,1.095890411,1.046689944,3.117109329,,7375.315818,172.9375,9.272958333333333
2004-06-01,7700,6.08675774,1.095890411,1.906013966,2.00085952,7.4,5722.077231,123.85416666666667,9.869583333333333
2004-06-02,7701,0.419434665,1.095890411,1.072960894,5.180923026,,7180.557284,301.9583333333333,9.670875
2004-06-03,7702,13.32632077,1.095890411,1.113586592,2.779568674,,7119.058673,159.625,11.314583333333333
2004-06-04,7703,2.46518083,1.095890411,1.17749162,1.354820353,,6947.031247,84.0625,12.044375
2004-06-05,7704,0.0,0.0,1.017527933,3.617391432,,7317.00998,193.25,12.978541666666667
2004-06-06,7705,0.0,0.0,0.918326816,4.366452248,,7581.524426,225.54166666666666,14.547291666666666
2004-06-07,7706,0.499477445,1.095890411,0.858092179,7.006167345,,7752.858954,325.5208333333333,16.687291666666667
2004-06-08,7707,0.98596926,1.095890411,0.795544693,4.065926839,6.6,7950.270724,235.29166666666666,14.004375000000001
2004-06-09,7708,3.894305835,4.794520548,0.771561453,3.539564168,,8041.31154,192.66666666666666,12.730625000000002
2004-06-10,7709,9.012064925,4.794520548,0.909125698,1.927836168,,7626.475166,121.10416666666667,11.673541666666667
2004-06-11,7710,3.72348481,4.794520548,0.905053073,2.623341823,,7623.12664,172.85416666666666,9.532291666666667
2004-06-12,7711,0.090778245,4.794520548,0.873276536,2.656269244,,7689.288812,169.14583333333334,10.006041666666667
2004-06-13,7712,0.32865642,4.794520548,0.764849162,6.487416164,,8047.981905,337.9375,13.054166666666667
2004-06-14,7713,0.0,0.0,0.711804469,7.05598916,,8238.407,346.3333333333333,15.152291666666665
2004-06-15,7714,0.0,0.0,0.692824022,1.505550037,6.9,8320.879659,105.125,12.186041666666666
2004-06-16,7715,0.0,0.0,0.653958101,7.177302514,,8460.789602,356.4583333333333,14.535208333333332
2004-06-17,7716,1.747045975,7.888453156,0.650488827,1.029849895,,8493.880495,75.89583333333333,9.545833333333333
2004-06-18,7717,7.260912815,3.086293647,0.699988827,2.940311089,,8294.848868,212.04166666666666,7.806979166666667
2004-06-19,7718,2.986129195,0.455752436,0.680656425,3.900482249,,8353.572605,273.0208333333333,6.727437500000001
2004-06-20,7719,2.08868802,18.74841282,0.663511173,2.96306391,,8429.67024,197.39583333333334,6.9606666666666674
2004-06-21,7720,2.51885815,1.194026312,0.63527933,5.3823158,,8545.120056,332.6041666666667,8.5495625
2004-06-22,7721,21.98813718,3.247358144,1.042089385,3.720813267,6.9,7469.07399,208.77083333333334,10.057729166666666
2004-06-23,7722,49.92666761,3.424657534,12.99620112,0.671323454,,2089.988883,55.395833333333336,9.239375
2004-06-24,7723,5.443771145,3.424657534,5.847812849,1.405851499,,3565.497653,87.22916666666667,7.550291666666666
2004-06-25,7724,0.170821025,3.424657534,3.201913408,6.135972869,,4757.079997,353.75,9.929562500000001
2004-06-26,7725,9.55712858,3.424657534,3.233187151,0.56199938,,4775.673985,36.125,10.347333333333333
2004-06-27,7726,0.77737701,3.424657534,2.53500838,3.662737497,,5247.793244,229.20833333333334,10.752291666666666
2004-06-28,7727,7.696508725,3.424657534,2.157913408,3.411988343,,5631.057463,200.08333333333334,10.3475
2004-06-29,7728,2.568100285,3.424657534,2.279815642,1.328529499,6.5,5468.191908,90.5625,10.968333333333334
2004-06-30,7729,11.96109163,6.02739726,3.089061453,2.156679234,,4824.442459,137.95833333333334,10.133958333333334
2004-07-01,7730,1.8243389,6.02739726,2.325946927,3.564594555,,5431.08488,228.66666666666666,9.534374999999999
2004-07-02,7731,15.12951275,6.02739726,2.935206704,1.608746481,,4975.095643,121.66666666666667,8.928541666666666
2004-07-03,7732,8.672606325,6.02739726,3.186452514,1.327148816,,4846.050687,97.41666666666667,8.966666666666667
2004-07-04,7733,1.584210565,6.02739726,3.963796089,5.05512253,,4338.563455,311.8333333333333,10.152291666666667
2004-07-05,7734,0.0,0.0,2.660756983,5.842893481,,5158.603724,341.9791666666667,9.928479166666667
2004-07-06,7735,3.52082152,6.02739726,2.344349162,4.298248184,6.7,5435.646425,222.85416666666666,11.859145833333335
2004-07-07,7736,0.0,0.0,2.142879888,4.513701407,,5613.41517,226.4375,11.15875
2004-07-08,7737,12.704853,1.369863014,2.502377095,0.604154158,,5307.189074,37.666666666666664,6.803645833333333
2004-07-09,7738,0.0,0.0,2.163896648,3.928375002,,5580.527877,242.3125,8.978979166666667
2004-07-10,7739,6.11229816,1.369863014,1.912223464,3.187912115,,5883.213611,196.89583333333334,9.352500000000001
2004-07-11,7740,2.424659755,1.369863014,1.995611732,1.655283596,,5763.145649,106.22916666666667,9.371458333333333
2004-07-12,7741,0.9760976,1.369863014,1.742631285,2.933341432,,6067.556347,191.625,9.866291666666667
2004-07-13,7742,0.0,0.0,1.562178771,4.740229138,7.1,6311.434142,267.4583333333333,11.054270833333334
2004-07-14,7743,17.41852408,0.273972603,2.375346369,1.146461577,,5376.428862,83.29166666666667,12.557083333333333
2004-07-15,7744,31.94771598,0.273972603,8.007209497,0.961588689,,2847.038758,72.3125,13.092916666666667
2004-07-16,7745,6.69703475,0.273972603,6.743916201,2.64507289,,3409.176628,146.10416666666666,11.735833333333334
2004-07-17,7746,15.36964108,0.273972603,9.788782123,2.530562538,,2802.52609,165.625,11.310833333333333
2004-07-18,7747,0.0,0.0,5.798488827,4.627201176,,3667.810549,273.0208333333333,10.903541666666667
2004-07-19,7748,1.952195195,0.273972603,4.195357542,2.623716488,6.6,4275.983144,155.60416666666666,11.119791666666666
2004-07-20,7749,5.61645724,0.340511105,3.437296089,3.728941034,,4661.205334,190.625,13.075000000000001
2004-07-21,7750,1.704274735,11.96547061,3.057812849,2.168406379,,4881.686147,138.3125,12.259791666666667
2004-07-22,7751,1.336290105,4.351719973,2.599567039,1.073086826,,5216.388692,79.10416666666667,11.601875
2004-07-23,7752,0.36798463,1.17612063,2.251885475,5.265780362,,5510.55625,314.9166666666667,11.977916666666667
2004-07-24,7753,0.0,0.0,2.03475419,2.858202623,,5732.383783,186.4375,10.563541666666667
2004-07-25,7754,19.98662436,3.571895822,2.542198324,1.016039824,,5283.385193,73.20833333333333,10.245625
2004-07-26,7755,8.28903745,3.297493629,3.733365922,1.542457076,,4477.749334,95.25,11.64625
2004-07-27,7756,0.12006417,2.207273004,2.63624581,1.858920471,6.3,5182.231184,105.77083333333333,13.428541666666668
2004-07-28,7757,2.200115655,9.704845073,2.382058659,2.859045217,,5399.955835,140.52083333333334,14.771666666666667
2004-07-29,7758,5.12061632,1.531017184,2.196175978,3.29163039,,5577.90959,154.1875,14.646875
2004-07-30,7759,0.4880488,0.979034222,2.043603352,5.374356674,,5710.134647,317.5416666666667,12.773333333333333
2004-07-31,7760,0.0,0.0,1.859731844,5.015765414,,5929.132709,232.625,13.577083333333334
2004-08-01,7761,0.0,0.0,1.742455307,5.14484038,,6069.448797,234.91666666666666,16.202708333333334
2004-08-02,7762,1.22401806,0.776980627,1.674452514,2.601520171,,6163.446119,134.41666666666666,16.27625
2004-08-03,7763,0.9760976,3.180084838,1.629678771,1.321960916,6.0,6225.102395,62.541666666666664,14.903333333333334
2004-08-04,7764,0.0,0.0,1.539251397,1.861725616,,6349.07155,94.70833333333333,14.674791666666666
2004-08-05,7765,0.0,0.0,1.434670391,4.502266302,,6508.452454,200.4375,16.056875
2004-08-06,7766,0.4880488,2.421288253,1.358472067,2.728237276,,6637.013794,145.875,14.221874999999999
2004-08-07,7767,0.0,0.0,1.262840782,5.932124526,,6806.267829,254.0625,16.339583333333334
2004-08-08,7768,0.0,0.0,1.212410615,1.906411144,,6907.61923,92.35416666666667,16.51
2004-08-09,7769,9.377407095,0.422302107,1.351608939,3.643525544,,6643.832261,174.72916666666666,15.104791666666666
2004-08-10,7770,0.0,0.0,1.151673184,3.871394648,6.9,7024.148895,188.89583333333334,15.010416666666666
2004-08-11,7771,4.392439185,1.232876712,1.075977654,4.260909105,,7199.967692,209.6875,14.649791666666667
2004-08-12,7772,20.23454483,1.232876712,2.832863128,2.710590244,,4769.653333,145.83333333333334,13.340000000000002
2004-08-13,7773,0.36798463,1.232876712,1.386402235,2.663702377,,6575.116442,135.41666666666666,13.681458333333333
2004-08-14,7774,0.36798463,1.232876712,1.221837989,4.047631778,,6881.249821,201.77083333333334,15.015625
2004-08-15,7775,7.6887166,1.232876712,1.209067039,3.76383995,,6964.157862,186.91666666666666,14.750833333333333
2004-08-16,7776,10.11337635,1.232876712,1.447893855,3.246889752,,6514.369618,180.47916666666666,13.545208333333333
2004-08-17,7777,14.14562303,1.232876712,3.17400838,3.048460323,6.1,4697.708586,146.41666666666666,13.375
2004-08-18,7778,13.66536636,1.506849315,3.877114525,1.732401699,,4339.562859,93.125,12.891458333333333
2004-08-19,7779,0.85603343,1.506849315,3.555703911,2.50941187,,4518.709334,151.85416666666666,12.411666666666667
2004-08-20,7780,25.16178553,1.506849315,8.407181564,0.748975072,,3006.675787,60.854166666666664,10.214062499999999
2004-08-21,7781,0.12006417,1.506849315,4.860402235,3.6651067,,3973.202934,235.83333333333334,8.928583333333334
2004-08-22,7782,1.832131025,1.506849315,3.489938547,2.520503433,,4622.472733,133.29166666666666,10.719729166666667
2004-08-23,7783,36.72372402,1.506849315,12.87990503,1.250614828,,2296.794347,66.95833333333333,11.802291666666667
2004-08-24,7784,15.84210564,1.506849315,11.30631285,0.448067508,6.3,2611.784121,46.8125,11.245
2004-08-25,7785,12.57699671,2.739726027,8.846924581,0.897866928,,2996.455961,69.79166666666667,11.234791666666666
2004-08-26,7786,20.61032158,2.739726027,6.858955307,1.592075809,,3504.28338,96.60416666666667,11.118125
2004-08-27,7787,19.14617518,2.739726027,21.6930419,2.535444024,,1542.223621,149.60416666666666,11.965416666666668
2004-08-28,7788,0.0,0.0,7.68524581,1.861853291,,3192.955386,117.5625,9.929791666666667
2004-08-29,7789,13.30517384,2.739726027,6.314706704,1.151783407,,3563.530335,78.79166666666667,10.020833333333334
2004-08-30,7790,1.71206686,2.739726027,5.20574581,1.702153157,,3877.436756,120.5625,9.640416666666667
2004-08-31,7791,0.0,0.0,4.030240223,4.112071181,6.7,4350.956562,232.0625,9.1113125
2004-09-01,7792,0.0,0.0,3.323840782,2.994230434,,4720.7037,161.125,10.898666666666665
2004-09-02,7793,0.36798463,11.33970928,2.835905028,3.335297486,,5037.773762,173.35416666666666,12.674166666666666
2004-09-03,7794,0.60811297,4.154918612,2.481209497,3.501890833,,5310.546505,188.77083333333334,13.125208333333333
2004-09-04,7795,0.72817714,3.896637397,2.304628492,1.115243282,,5470.240475,74.64583333333333,14.154791666666666
2004-09-05,7796,0.36798463,2.175407819,2.071081006,4.546356599,,5690.84023,191.5625,15.902708333333335
2004-09-06,7797,0.0,0.0,1.889094972,4.047371857,,5892.277107,182.29166666666666,15.262916666666667
2004-09-07,7798,0.0,0.0,1.734888268,3.791184791,6.9,6078.42893,191.29166666666666,12.005833333333333
2004-09-08,7799,0.0,0.0,1.600868715,4.016241542,,6258.425447,209.70833333333334,11.824583333333335
2004-09-09,7800,0.0,0.0,1.512477654,2.838964991,,6390.687963,144.33333333333334,13.306041666666665
2004-09-10,7801,15.75613549,6.164383562,1.99500838,0.297875985,,5769.724115,29.208333333333332,13.073125
2004-09-11,7802,33.80252462,6.164383562,7.339977654,1.301149385,,2488.053036,81.20833333333333,10.454375
2004-09-12,7803,48.29759062,6.164383562,14.88258101,0.739430282,,2217.442076,56.520833333333336,9.654791666666666
2004-09-13,7804,20.56299714,6.164383562,31.61456145,1.544257066,,803.5879138,108.875,8.553395833333333
2004-09-14,7805,29.68332626,6.164383562,20.59660056,0.920764049,8.2,1660.217831,67.79166666666667,8.216708333333333
2004-09-15,7806,3.22175721,5.068493151,9.549201117,2.020718651,,2843.254449,140.29166666666666,7.6326875
2004-09-16,7807,25.61184309,5.068493151,7.664656425,0.701604268,,3425.856082,53.854166666666664,9.879645833333333
2004-09-17,7808,15.09696668,5.068493151,22.86163408,1.924776472,,1419.77954,116.1875,10.98625
2004-09-18,7809,18.91971503,5.068493151,13.8735,1.282339936,,2265.259929,89.3125,9.781666666666666
2004-09-19,7810,8.830508435,5.068493151,7.887946927,1.398226136,,3162.176316,95.91666666666667,8.710833333333333
2004-09-20,7811,35.89756895,5.068493151,22.4833324,1.480978074,,1540.238961,104.52083333333333,9.291666666666666
2004-09-21,7812,0.0,0.0,8.241410615,1.341222399,7.7,3073.577021,76.125,8.024312499999999
2004-09-22,7813,67.92297021,3.287671233,27.26343855,0.349626377,,1258.101391,44.4375,11.232916666666666
2004-09-23,7814,30.86024685,3.287671233,35.73349441,1.415017971,,925.827431,112.6875,10.206979166666667
2004-09-24,7815,0.0,0.0,9.888687151,2.13435866,,2782.821314,155.25,6.564
2004-09-25,7816,2.48665176,3.287671233,6.443019553,0.103182378,,3508.657879,22.770833333333332,9.913124999999999
2004-09-26,7817,3.72573499,3.287671233,4.981902235,1.07180889,,3965.246296,107.47916666666667,11.109166666666667
2004-09-27,7818,6.020094795,3.287671233,4.614963687,1.3126065,,4114.863308,106.83333333333333,11.693958333333333
2004-09-28,7819,27.31831853,3.287671233,8.338776536,0.420792901,6.8,2916.493269,44.041666666666664,10.440833333333334
2004-09-29,7820,3.872440725,4.383561644,7.668226257,0.514136645,,3183.786406,32.145833333333336,10.492083333333333
2004-09-30,7821,17.30678338,4.383561644,9.185882682,0.686285966,,2944.042541,54.6875,9.999166666666666
2004-10-01,7822,12.15602951,4.383561644,7.446846369,0.50514453,,3293.447933,42.8125,8.511458333333334
2004-10-02,7823,12.50840703,4.383561644,9.839312849,0.659904624,,2823.653196,59.895833333333336,7.541270833333333
2004-10-03,7824,65.57003858,4.383561644,31.85180447,0.134826206,,828.5773854,24.895833333333332,9.583875
2004-10-04,7825,22.22337099,4.383561644,37.50589106,1.855490609,,745.5106713,131.77083333333334,7.974895833333334
2004-10-05,7826,18.1626233,4.383561644,13.71403911,1.04724018,7.0,2271.631089,82.45833333333333,7.6539166666666665
2004-10-06,7827,12.57096385,9.452054795,12.83646369,0.679881954,,2423.957803,57.833333333333336,6.273604166666666
2004-10-07,7828,5.31719572,9.452054795,9.35250838,0.958002793,,2897.227487,86.375,6.114916666666667
2004-10-08,7829,0.170821025,9.452054795,6.648108939,1.161514404,,3457.042757,77.75,5.734666666666667
2004-10-09,7830,0.0,0.0,5.215223464,1.09854822,,3880.886752,67.625,5.2141875
2004-10-10,7831,0.0,0.0,4.137335196,0.866568487,,4302.43073,55.770833333333336,5.6528125
2004-10-11,7832,0.0,0.0,3.402502793,0.877412678,,4677.410773,55.333333333333336,5.296854166666667
2004-10-12,7833,0.99895489,9.452054795,2.979603352,0.248001876,6.5,4942.876025,21.583333333333332,5.540979166666666
2004-10-13,7834,3.156950225,2.054794521,2.726446927,0.925559166,,5120.659528,66.10416666666667,6.137687499999999
2004-10-14,7835,11.55728852,2.054794521,2.564522346,0.956950651,,5269.826238,73.375,4.9890625
2004-10-15,7836,14.89406042,2.054794521,4.422921788,0.574211958,,4185.18855,54.75,4.914229166666667
2004-10-16,7837,10.14963444,2.054794521,4.753709497,0.274997102,,4047.408821,35.833333333333336,5.116104166666667
2004-10-17,7838,2.826043645,2.054794521,3.773539106,1.072903319,,4477.537254,93.125,5.8488541666666665
2004-10-18,7839,2.23578795,2.054794521,3.297318436,1.205973273,,4743.797085,96.29166666666667,5.1028125
2004-10-19,7840,9.41227881,2.054794521,3.256743017,0.808801728,6.4,4800.594282,54.333333333333336,5.6554166666666665
2004-10-20,7841,19.3306644,6.301369863,6.539505587,0.199618077,,3566.542373,16.541666666666668,6.0432500000000005
2004-10-21,7842,18.70741393,6.301369863,11.51811453,0.319713401,,2591.66708,23.395833333333332,5.345270833333333
2004-10-22,7843,48.33429733,6.301369863,33.96343575,0.0,,948.7253009,6.395833333333333,9.179270833333334
2004-10-23,7844,21.02588902,6.301369863,21.02015363,0.120070256,,1692.868969,17.770833333333332,9.826041666666667
2004-10-24,7845,33.90364415,6.301369863,19.74690503,0.455074265,,1913.330593,32.770833333333336,8.494833333333334
2004-10-25,7846,36.41228218,6.301369863,38.89639106,0.225158287,,835.3312501,24.458333333333332,6.112791666666666
2004-10-26,7847,0.090778245,6.301369863,10.79527374,0.576417281,7.1,2639.789396,52.9375,5.2408125
2004-10-27,7848,6.0737721,5.479452055,6.891988827,0.018228155,,3403.824112,8.041666666666666,5.613062500000001
2004-10-28,7849,5.915936715,5.479452055,6.042067039,0.83603001,,3621.485448,55.145833333333336,7.598875
2004-10-29,7850,6.594720485,5.479452055,5.819053073,0.067053845,,3712.582547,9.9375,7.760375
2004-10-30,7851,0.499477445,5.479452055,5.116675978,0.221299924,,3913.123107,13.916666666666666,7.928
2004-10-31,7852,0.0,0.0,4.251997207,0.71734846,,4258.936065,48.1875,7.498354166666666
2004-11-01,7853,0.0,0.0,3.733114525,0.290004747,,4504.119399,28.416666666666668,5.202583333333333
2004-11-02,7854,0.419434665,5.479452055,3.334173184,0.0,7.1,4723.715612,7.6875,5.62
2004-11-03,7855,12.57810853,1.680283036,3.148969274,0.194984694,,4865.099154,22.083333333333332,7.248479166666667
2004-11-04,7856,5.24563824,19.66506986,5.585178771,0.493338709,,3711.123998,45.270833333333336,5.715354166666667
2004-11-05,7857,0.32865642,4.309640438,3.459921788,0.285130257,,4645.211332,29.5625,5.649604166666666
2004-11-06,7858,4.88252527,2.872892811,3.245002793,0.023470303,,4782.545386,14.4375,7.705895833333333
2004-11-07,7859,0.8173984,2.573488799,2.984756983,0.248404392,,4940.226242,31.416666666666668,6.946458333333333
2004-11-08,7860,0.99895489,2.392893534,2.770365922,0.216909167,,5090.729198,30.6875,6.584666666666667
2004-11-09,7861,7.985403965,0.609683388,2.639388268,0.168294712,6.5,5202.374258,22.6875,4.848541666666667
2004-11-10,7862,5.06408176,8.493150685,3.080011173,0.371947572,,4881.002602,43.645833333333336,3.59
2004-11-11,7863,0.73735562,8.493150685,2.574980447,0.145183236,,5238.602219,31.8125,5.771375
2004-11-12,7864,6.958227655,8.493150685,2.796234637,0.0,,5074.98624,26.125,5.637479166666666
2004-11-13,7865,0.170821025,8.493150685,2.478670391,0.42177698,,5312.061617,56.875,1.0912916666666665
2004-11-14,7866,0.32865642,8.493150685,2.316871508,0.451374118,,5461.041765,50.729166666666664,2.6744791666666665
2004-11-15,7867,7.786361515,8.493150685,2.34527933,0.159544284,,5448.919291,21.666666666666668,5.2432083333333335
2004-11-16,7868,20.12884204,8.493150685,4.304564246,0.0,7.2,4099.197092,15.0,7.364708333333334
2004-11-17,7869,52.92049373,3.561643836,24.83336313,0.0,,1439.527701,3.9583333333333335,7.513166666666667
2004-11-18,7870,38.23487061,3.561643836,29.72056425,0.0,,1132.085307,10.208333333333334,3.2496666666666667
2004-11-19,7871,2.00015994,3.561643836,12.86773743,0.054388403,,2326.534084,55.6875,-1.3454166666666667
2004-11-20,7872,4.23117454,3.561643836,7.462282123,0.0,,3270.173143,4.791666666666667,-0.6123541666666666
2004-11-21,7873,28.52918032,3.561643836,12.07151397,0.01973589,,2547.657823,12.208333333333334,5.355520833333333
2004-11-22,7874,0.0,0.0,11.34661173,0.119931266,,2475.162949,16.416666666666668,7.5318958333333335
2004-11-23,7875,0.499477445,3.561643836,6.633553073,0.244982116,6.6,3456.760279,21.416666666666668,6.608458333333334
2004-11-24,7876,2.90833659,2.465753425,5.102849162,0.219959505,,3921.216706,24.625,6.809270833333334
2004-11-25,7877,3.563399265,2.465753425,4.226681564,0.082569436,,4270.806038,13.125,6.290875
2004-11-26,7878,8.32029551,2.465753425,5.121477654,0.206768256,,3921.613496,29.4375,5.718166666666666
2004-11-27,7879,11.96598772,2.465753425,4.527804469,0.0,,4184.51701,14.5,4.6102083333333335
2004-11-28,7880,1.24756853,2.465753425,5.137089385,0.353574716,,3875.498703,48.9375,1.9271874999999998
2004-11-29,7881,0.0,0.0,3.900645251,0.351937972,,4418.528387,48.125,0.7779166666666666
2004-11-30,7882,0.0,0.0,3.473396648,0.087610579,6.9,4644.46067,14.0625,2.7347916666666667
2004-12-01,7883,0.0,0.0,3.113723464,0.043184931,,4854.957916,24.104166666666668,1.9471041666666666
2004-12-02,7884,0.0,0.0,2.784393855,0.334110285,,5079.092632,47.708333333333336,1.7873333333333334
2004-12-03,7885,2.40660898,7.671398415,2.583276536,0.0,,5235.885025,10.5625,4.029520833333334
2004-12-04,7886,2.644487155,2.421529014,2.416223464,0.087451611,,5372.175867,14.5,5.792104166666667
2004-12-05,7887,6.1300938,8.460843637,2.420044693,0.022165477,,5379.463234,13.166666666666666,6.530354166666666
2004-12-06,7888,9.48383629,5.413793448,2.396513966,0.137982412,,5416.328851,16.041666666666668,5.531124999999999
2004-12-07,7889,1.907131535,14.15463722,2.848600559,0.160647777,6.3,5010.582474,14.104166666666666,5.738166666666667
2004-12-08,7890,0.0,0.0,2.318430168,0.105867558,,5454.164171,25.4375,4.656729166666667
2004-12-09,7891,0.08004278,5.156743877,2.130486034,0.208462936,,5634.825364,19.895833333333332,0.6795416666666667
2004-12-10,7892,0.419434665,39.66365192,2.005843575,0.177164837,,5767.111768,24.333333333333332,3.9639166666666665
2004-12-11,7893,1.15904045,7.884991482,1.913832402,0.046580895,,5867.388302,8.5,5.7294583333333335
2004-12-12,7894,0.090778245,18.11485663,1.810081006,0.0,,5989.970706,6.770833333333333,1.7456666666666667
2004-12-13,7895,0.4086992,2.238651684,1.719226257,0.086928223,,6102.300012,12.75,1.3999583333333334
2004-12-14,7896,1.73631051,15.94643207,1.668418994,0.0,6.8,6172.87965,7.75,5.5510625000000005
2004-12-15,7897,5.481266255,9.589041096,1.775513966,0.052238018,,6035.161637,9.0,6.386
2004-12-16,7898,17.41465338,9.589041096,3.323589385,0.141751121,,4664.877827,12.208333333333334,4.611395833333334
2004-12-17,7899,37.16250228,9.589041096,16.03498324,0.126881165,,1997.648601,12.729166666666666,1.8161874999999998
2004-12-18,7900,10.14513411,9.589041096,10.13895251,0.15145869,,2794.861656,14.583333333333334,1.8254166666666667
2004-12-19,7901,0.72622596,9.589041096,6.936561453,0.140661325,,3356.887059,30.833333333333332,-1.9273541666666667
2004-12-20,7902,15.07099542,9.589041096,5.785893855,0.019500744,,3750.620765,14.125,0.12308333333333332
2004-12-21,7903,4.495296995,9.589041096,6.369863128,0.370522993,7.1,3501.078871,46.270833333333336,1.65975
2004-12-22,7904,89.61927886,5.616438356,51.10831006,0.0,,578.620349,10.604166666666666,6.6209375
2004-12-23,7905,9.968077945,5.616438356,15.8232067,0.182339318,,2042.522818,15.708333333333334,6.050041666666666
2004-12-24,7906,17.40352372,5.616438356,12.32972346,0.082538293,,2470.93486,9.604166666666666,2.5228541666666664
2004-12-25,7907,0.272334735,5.616438356,8.65500838,0.0,,3006.505431,20.229166666666668,-1.3138750000000001
2004-12-26,7908,0.250863805,5.616438356,6.169349162,0.0,,3587.8556,41.0,-0.8871041666666666
2004-12-27,7909,47.81599331,5.616438356,17.84089106,0.0,,1460.79863,17.895833333333332,1.6928124999999998
2004-12-28,7910,6.071521945,5.616438356,16.96520112,0.215672755,,1659.688339,14.645833333333334,0.8805833333333334
2004-12-29,7911,5.22416731,5.616438356,8.678539106,0.078075368,,3015.241109,22.020833333333332,4.833875
2004-12-30,7912,11.98745865,5.616438356,6.570402235,0.042425684,,3514.073554,23.333333333333332,7.049458333333334
2004-12-31,7913,19.68806481,5.616438356,15.90124022,0.167370483,,2035.214896,20.791666666666668,5.1864375
2005-01-01,7914,15.0,5.616438356,11.1131648,0.626995711,,2601.778661,4.770833333333333,4.182895833333333
2005-01-02,7915,0.0,0.0,7.94400838,0.957752213,,3143.96469,19.104166666666668,1.4062916666666665
2005-01-03,7916,4.75,5.616438356,6.013106145,0.774122793,,3638.800181,16.395833333333332,4.4569374999999996
2005-01-04,7917,13.0,5.616438356,7.466354749,0.752668926,7.6,3236.440712,22.583333333333332,3.6234791666666664
2005-01-05,7918,12.75,7.534246575,7.811472067,0.457889669,,3163.254092,8.145833333333334,3.283729166666667
2005-01-06,7919,3.25,7.534246575,6.612134078,0.4483659,,3463.115014,10.520833333333334,4.967041666666667
2005-01-07,7920,105.25,7.534246575,60.33104749,0.512225959,,249.7951756,5.604166666666667,7.384041666666666
2005-01-08,7921,8.0,7.534246575,23.1345,1.137428332,,1403.383535,20.708333333333332,2.5705208333333336
2005-01-09,7922,22.25,7.534246575,10.6652514,0.564858226,,2872.695703,8.041666666666666,5.803916666666667
2005-01-10,7923,9.25,7.534246575,20.11507542,0.75304733,,1574.479388,15.375,5.995
2005-01-11,7924,11.0,7.534246575,9.052918994,0.951410639,7.3,2967.720347,6.875,4.760916666666667
2005-01-12,7925,1.0,19.31506849,7.381608939,1.094126509,,3277.601882,18.166666666666668,1.8512083333333333
2005-01-13,7926,0.0,0.0,5.58301676,0.420082039,,3763.77158,29.75,1.8748958333333334
2005-01-14,7927,0.5,19.31506849,4.586530726,0.396368731,,4116.324187,17.895833333333332,2.4446875
2005-01-15,7928,1.25,19.31506849,3.88347486,0.406775191,,4427.405512,4.708333333333333,6.762270833333333
2005-01-16,7929,7.25,19.31506849,3.666167598,0.545579719,,4546.977681,10.0625,4.9437291666666665
2005-01-17,7930,30.25,19.31506849,10.61263408,0.688447131,,2688.552817,18.645833333333332,3.6231875000000002
2005-01-18,7931,7.25,19.31506849,8.002332402,0.739368175,8.5,3142.618118,10.729166666666666,0.14758333333333332
2005-01-19,7932,18.75,6.164383562,11.22201955,0.67065047,,2537.597567,18.958333333333332,4.461458333333334
2005-01-20,7933,66.5,6.164383562,44.06452793,0.540336476,,651.1221224,6.833333333333333,6.256708333333333
2005-01-21,7934,2.0,6.164383562,16.92618436,0.571714044,,1872.025439,25.875,1.212625
2005-01-22,7935,2.25,6.164383562,9.072452514,0.171781412,,2951.353211,9.958333333333334,-0.660375
2005-01-23,7936,2.5,6.164383562,7.046597765,0.610520716,,3367.567031,41.625,-1.3217916666666667
2005-01-24,7937,1.75,6.164383562,5.927807263,0.584166484,,3665.835809,38.75,-1.1906666666666668
2005-01-25,7938,1.75,6.164383562,5.283427374,0.370547242,8.2,3873.80494,14.916666666666666,0.14008333333333334
2005-01-26,7939,1.75,10.07847376,4.993365922,0.450510949,,3973.646088,32.666666666666664,0.8081666666666667
2005-01-27,7940,0.25,4.839007334,4.534969274,0.498877288,,4144.045043,12.583333333333334,1.9594583333333333
2005-01-28,7941,0.0,0.0,4.072977654,0.964976689,,4342.615287,30.333333333333332,2.019041666666667
2005-01-29,7942,0.0,0.0,3.696284916,0.676776031,,4527.042596,40.166666666666664,2.2575833333333333
2005-01-30,7943,0.0,0.0,3.442575419,0.436831446,,4664.647877,35.833333333333336,2.7857083333333335
2005-01-31,7944,0.0,0.0,3.218932961,0.635875116,,4795.455143,27.208333333333332,4.53925
2005-02-01,7945,0.25,5.212857489,3.012837989,0.582628004,7.1,4924.212259,37.416666666666664,4.559041666666666
2005-02-02,7946,0.5,2.302186589,2.806290503,0.727915755,,5067.394579,41.166666666666664,2.702583333333333
2005-02-03,7947,0.75,10.21635182,2.640796089,0.83268031,,5189.350156,38.0,4.4205
2005-02-04,7948,1.25,3.225252167,2.497776536,0.769302432,,5304.211559,29.208333333333332,3.249041666666667
2005-02-05,7949,5.5,6.558124985,2.682628492,0.670448866,,5156.384434,49.333333333333336,1.4142083333333335
2005-02-06,7950,0.25,14.30500668,2.350156425,0.413463747,,5429.382797,28.291666666666668,0.5159583333333333
2005-02-07,7951,0.0,0.0,2.204849162,0.562080141,,5563.895579,38.166666666666664,1.6539166666666667
2005-02-08,7952,5.0,2.010005079,2.12927933,0.760783583,6.7,5663.536204,34.541666666666664,3.597583333333333
2005-02-09,7953,25.25,3.287671233,3.580617318,0.6215372,,4886.757934,11.041666666666666,4.581583333333334
2005-02-10,7954,43.25,3.287671233,28.21967598,0.521735785,,1300.499359,23.916666666666668,4.616499999999999
2005-02-11,7955,49.75,3.287671233,25.1056257,0.5509147,,1482.065429,32.291666666666664,5.305583333333334
2005-02-12,7956,45.25,3.287671233,52.6681257,0.837222956,,402.0360253,15.083333333333334,4.473333333333334
2005-02-13,7957,9.0,3.287671233,9.706072626,0.95487138,,2779.686545,42.0,0.5557500000000001
2005-02-14,7958,1.0,3.287671233,4.982379888,1.052972043,,3947.565197,75.5,0.45225000000000004
2005-02-15,7959,0.0,0.0,4.369223464,0.964183432,7.4,4222.24161,100.83333333333333,-0.2353333333333333
2005-02-16,7960,0.0,0.0,4.045600559,1.569559828,,4347.962479,100.33333333333333,0.43650000000000005
2005-02-17,7961,0.75,4.349738479,3.499089385,0.940056891,,4624.694377,62.291666666666664,2.7675416666666663
2005-02-18,7962,5.75,2.63975594,3.291636872,0.798082793,,4753.948417,38.333333333333336,2.1632916666666664
2005-02-19,7963,0.25,29.33022897,2.884675978,1.338749372,,5001.773065,89.58333333333333,-0.20237499999999997
2005-02-20,7964,1.0,6.114242121,2.535988827,0.849426216,,5268.73492,118.91666666666667,-2.4257500000000003
2005-02-21,7965,0.0,0.0,2.337360335,0.609185441,,5440.501091,74.70833333333333,-2.0248333333333335
2005-02-22,7966,1.25,7.098065718,2.165354749,0.428890812,6.9,5600.624254,49.375,-2.3967916666666667
2005-02-23,7967,0.75,4.246575342,2.012932961,0.407691678,,5755.945373,54.041666666666664,-3.44125
2005-02-24,7968,0.5,4.246575342,1.898145251,0.304583679,,5885.70035,26.833333333333332,-2.27375
2005-02-25,7969,1.75,4.246575342,1.786399441,0.469103648,,6017.876536,71.58333333333333,-2.001708333333333
2005-02-26,7970,0.5,4.246575342,1.738005587,0.539894127,,6081.342228,58.333333333333336,-0.7331666666666666
2005-02-27,7971,0.0,0.0,1.61773743,0.450857061,,6232.210504,74.20833333333333,-2.559458333333333
2005-02-28,7972,0.5,4.246575342,1.514011173,0.342804077,,6395.876017,45.916666666666664,-1.6231666666666669
2005-03-01,7973,10.75,4.246575342,2.758776536,1.171944061,9.2,5075.94898,128.20833333333334,-0.35591666666666666
2005-03-02,7974,1.25,1.070308238,1.884041899,0.469372819,,5869.77235,76.33333333333333,-2.239916666666667
2005-03-03,7975,0.0,0.0,1.601044693,0.616889611,,6258.70838,106.875,-2.4564583333333334
2005-03-04,7976,3.75,2.365443266,2.648388268,1.34398693,,5147.108401,106.91666666666667,0.8468749999999999
2005-03-05,7977,0.0,0.0,2.074399441,0.840439127,,5669.93821,73.66666666666667,-0.2993333333333333
2005-03-06,7978,2.0,6.774958784,1.782804469,1.350576003,,6018.662696,168.375,-2.6327083333333334
2005-03-07,7979,1.75,4.695065615,1.728854749,0.845273096,,6095.975343,72.83333333333333,0.6485416666666667
2005-03-08,7980,0.0,0.0,1.964212291,0.9957301,7.2,5818.007218,68.75,1.6297083333333333
2005-03-09,7981,0.25,4.587944156,1.947972067,1.102933483,,5825.61143,70.125,1.5566666666666666
2005-03-10,7982,0.0,0.0,2.054941341,1.345222782,,5718.303351,83.375,2.2782916666666666
2005-03-11,7983,2.75,7.620031273,2.252815642,0.816979172,,5523.201977,23.416666666666668,1.99875
2005-03-12,7984,0.25,26.19084349,1.980276536,1.592086745,,5783.921555,111.70833333333333,0.09029166666666666
2005-03-13,7985,0.0,0.0,1.792206704,0.566378567,,6008.629461,49.5,-0.93675
2005-03-14,7986,13.75,13.28637361,2.724134078,1.14974175,,5027.25616,67.25,1.9545000000000001
2005-03-15,7987,6.0,4.021278195,4.231256983,0.527085623,7.7,4210.71552,15.75,6.329916666666667
2005-03-16,7988,23.5,3.835616438,10.5988324,0.61250336,,2540.236387,17.541666666666668,8.03625
2005-03-17,7989,4.25,3.835616438,8.541276536,0.544277438,,3024.881478,17.333333333333332,7.5916250000000005
2005-03-18,7990,0.5,3.835616438,5.488064246,1.78970229,,3778.845337,129.79166666666666,7.973708333333334
2005-03-19,7991,0.0,0.0,4.068175978,4.070891787,,4329.985957,193.20833333333334,11.42375
2005-03-20,7992,0.0,0.0,3.356849162,2.466535629,,4703.982572,123.33333333333333,8.581
2005-03-21,7993,5.0,3.835616438,2.970301676,0.754888616,,4959.217971,25.041666666666668,8.129583333333334
2005-03-22,7994,3.0,3.835616438,3.015603352,1.108044568,7.2,4914.29608,57.375,8.103125
2005-03-23,7995,3.5,9.023482212,2.663371508,2.0838125,,5171.356103,92.41666666666667,8.321
2005-03-24,7996,2.0,9.195575601,2.432840782,1.944956641,,5355.112678,100.25,7.706458333333334
2005-03-25,7997,0.5,0.458385664,2.247787709,2.174060205,,5520.323531,111.66666666666667,8.051625
2005-03-26,7998,0.0,0.0,2.04903352,2.576365017,,5716.660983,154.79166666666666,6.966166666666666
2005-03-27,7999,0.5,12.85759148,1.932863128,0.615709521,,5846.64934,41.291666666666664,4.334583333333334
2005-03-28,8000,0.5,5.319581345,1.832480447,0.994598771,,5962.477536,62.5,5.573333333333333
2005-03-29,8001,3.0,5.079071193,1.751932961,0.779496939,6.9,6066.411567,46.541666666666664,4.700291666666667
2005-03-30,8002,26.0,0.821917808,5.961444134,0.448691652,,3425.284507,22.75,4.023499999999999
2005-03-31,8003,0.5,0.821917808,4.622103352,0.537835428,,4029.401716,37.0,4.914874999999999
2005-04-01,8004,0.0,0.0,3.257522346,2.879944623,,4759.615177,153.79166666666666,7.616125
2005-04-02,8005,0.0,0.0,2.775217877,4.31041253,,5081.37407,223.5,8.66325
2005-04-03,8006,3.0,0.821917808,2.516379888,1.07654604,,5291.052919,51.75,7.535166666666666
2005-04-04,8007,0.25,0.821917808,2.354907821,1.823362807,,5420.274759,114.125,3.815541666666667
2005-04-05,8008,2.25,0.821917808,2.166511173,1.729152984,7.1,5604.595247,88.70833333333333,4.220541666666667
2005-04-06,8009,26.75,6.849315068,7.872234637,1.914588904,,2971.998398,120.95833333333333,4.196958333333334
2005-04-07,8010,12.25,6.849315068,7.735726257,1.548226526,,3219.886286,85.33333333333333,1.9658333333333333
2005-04-08,8011,1.0,6.849315068,4.953142458,1.752646953,,3955.014522,178.75,-0.503875
2005-04-09,8012,5.25,6.849315068,3.965455307,1.522654772,,4396.378065,104.5,1.6035000000000001
2005-04-10,8013,1.75,6.849315068,3.697039106,2.072282904,,4518.974045,124.91666666666667,5.640458333333334
2005-04-11,8014,0.0,0.0,3.111938547,2.78480287,,4852.852277,168.29166666666666,6.588166666666666
2005-04-12,8015,10.0,6.849315068,3.721776536,3.077457827,6.9,4504.658364,212.0,5.9900416666666665
2005-04-13,8016,5.5,1.095890411,3.123955307,2.246968893,,4854.982731,146.45833333333334,3.9591250000000002
2005-04-14,8017,2.25,1.095890411,3.151106145,2.330662477,,4834.277923,156.625,2.4430833333333335
2005-04-15,8018,11.5,1.095890411,3.185396648,0.715803093,,4883.92045,47.5,1.4861250000000001
2005-04-16,8019,2.5,1.095890411,4.631354749,1.994609668,,4040.30956,162.91666666666666,0.8851249999999999
2005-04-17,8020,15.25,1.095890411,5.02202514,0.753110431,,4019.27471,52.291666666666664,2.7111666666666667
2005-04-18,8021,23.0,1.095890411,17.64897486,2.002578414,,1905.030386,146.5,3.813333333333333
2005-04-19,8022,6.5,1.095890411,7.587854749,1.874546805,6.8,3227.08499,105.04166666666667,3.43875
2005-04-20,8023,0.75,0.821917808,5.469712291,0.618959856,,3783.023021,42.333333333333336,2.80775
2005-04-21,8024,0.5,0.821917808,4.315248603,1.71716247,,4228.240708,110.75,4.7625416666666665
2005-04-22,8025,3.25,0.821917808,3.709156425,3.150412498,,4521.180189,181.125,5.581375
2005-04-23,8026,3.25,0.821917808,3.476589385,1.31240506,,4642.943845,76.25,5.3669166666666674
2005-04-24,8027,0.25,0.821917808,3.058994413,4.185754977,,4884.96982,255.41666666666666,6.664833333333333
2005-04-25,8028,1.75,0.821917808,2.735874302,2.252151979,,5116.82683,138.875,6.588666666666668
2005-04-26,8029,5.25,0.821917808,2.6955,1.834691395,6.8,5154.393599,101.20833333333333,6.4190000000000005
2005-04-27,8030,3.75,2.191780822,2.469217877,2.973683481,,5325.13174,201.79166666666666,6.241625
2005-04-28,8031,1.5,2.191780822,2.461198324,1.690757289,,5331.589704,85.70833333333333,7.355208333333334
2005-04-29,8032,1.5,2.191780822,2.181846369,3.888861573,,5583.840286,210.625,8.76975
2005-04-30,8033,17.75,2.191780822,4.959603352,3.221552313,,3906.800287,175.58333333333334,11.528333333333334
2005-05-01,8034,3.5,2.191780822,3.309888268,3.464761547,,4725.382733,188.375,11.394583333333335
2005-05-02,8035,10.25,2.191780822,3.41477095,2.296917303,,4689.796852,109.0,9.719166666666666
2005-05-03,8036,2.25,2.191780822,3.367106145,2.974101931,6.4,4696.172332,148.75,8.708875
2005-05-04,8037,0.25,4.657534247,2.822103352,3.525367171,,5049.642437,201.33333333333334,6.650916666666666
2005-05-05,8038,5.75,4.657534247,2.73901676,2.473965939,,5124.356769,142.20833333333334,6.693583333333333
2005-05-06,8039,8.25,4.657534247,2.780824022,3.927377714,,5096.42974,241.20833333333334,6.764458333333334
2005-05-07,8040,4.0,4.657534247,3.446949721,2.629019312,,4638.539685,179.25,5.08775
2005-05-08,8041,1.25,4.657534247,2.649821229,2.885794535,,5176.50321,189.625,3.9030833333333335
2005-05-09,8042,1.25,4.657534247,2.442343575,2.760044657,,5350.45822,196.79166666666666,3.3350000000000004
2005-05-10,8043,0.5,4.657534247,2.284441341,3.924053868,6.6,5488.697073,227.16666666666666,4.801208333333333
2005-05-11,8044,0.0,0.0,2.137072626,5.335215991,,5629.99383,309.8333333333333,5.867541666666667
2005-05-12,8045,0.0,0.0,2.004410615,5.232072365,,5763.955252,317.0,6.105083333333333
2005-05-13,8046,0.0,0.0,1.877455307,4.274865595,,5907.542411,245.75,5.309833333333334
2005-05-14,8047,0.0,0.0,1.749670391,4.809912167,,6062.391479,288.5416666666667,6.116833333333333
2005-05-15,8048,0.0,0.0,1.653712291,6.296011941,,6189.577807,331.7916666666667,8.092041666666667
2005-05-16,8049,4.25,3.123000645,1.65672905,3.315672272,,6191.302782,168.375,6.7106666666666674
2005-05-17,8050,0.0,0.0,1.574522346,3.109146344,6.7,6293.447027,214.0,3.8571666666666666
2005-05-18,8051,2.75,4.794520548,1.473083799,3.267574866,,6451.978574,184.79166666666666,5.527916666666666
2005-05-19,8052,7.75,4.794520548,1.471374302,2.462375379,,6466.608294,129.04166666666666,9.451500000000001
2005-05-20,8053,2.25,4.794520548,1.524846369,2.279340781,,6363.66938,146.625,8.039458333333334
2005-05-21,8054,5.25,4.794520548,1.432558659,2.333720727,,6523.025409,146.66666666666666,6.218624999999999
2005-05-22,8055,12.75,4.794520548,1.726215084,2.700484319,,6116.008727,194.04166666666666,5.967958333333333
2005-05-23,8056,6.25,4.794520548,1.853698324,3.078776852,,5883.814997,245.95833333333334,5.832333333333334
2005-05-24,8057,17.75,4.794520548,4.194502793,1.304600246,6.1,4220.868552,97.66666666666667,7.83775
2005-05-25,8058,2.25,1.761600314,3.122899441,3.90166026,,4818.929511,214.25,11.119583333333333
2005-05-26,8059,3.5,2.038231967,2.316268156,3.789601626,,5449.98915,224.25,10.68
2005-05-27,8060,0.0,0.0,1.973413408,5.247227851,,5793.820302,217.375,14.008333333333333
2005-05-28,8061,1.25,6.980930181,1.841505587,1.958121696,,5950.470617,113.04166666666667,8.857791666666666
2005-05-29,8062,0.0,0.0,1.673497207,5.72313309,,6159.011846,352.0416666666667,8.200999999999999
2005-05-30,8063,0.0,0.0,1.571581006,5.068445521,,6303.283466,306.125,8.360833333333334
2005-05-31,8064,0.0,0.0,1.500435754,5.137688021,6.4,6410.242168,294.75,9.846833333333334
2005-06-01,8065,21.75,1.780821918,2.087723464,0.80418223,,5678.875075,60.166666666666664,10.48
2005-06-02,8066,7.75,1.780821918,3.534963687,1.545075057,,4578.538295,105.04166666666667,10.134583333333333
2005-06-03,8067,14.25,1.780821918,2.899206704,2.612738098,,5047.202944,171.875,9.445416666666667
2005-06-04,8068,5.25,1.780821918,3.665312849,1.382968935,,4523.64072,88.58333333333333,8.592916666666666
2005-06-05,8069,4.5,1.780821918,3.007055866,2.211123305,,4921.775473,130.75,9.91
2005-06-06,8070,0.5,1.780821918,3.014346369,2.607899018,,4914.916674,162.625,9.433291666666667
2005-06-07,8071,0.0,0.0,2.421150838,6.453013545,6.3,5357.985539,353.5,10.154874999999999
2005-06-08,8072,0.0,0.0,2.169326816,6.212412716,,5594.451802,315.125,12.050833333333335
2005-06-09,8073,0.0,0.0,2.012329609,3.640159108,,5758.207316,167.54166666666666,12.39
2005-06-10,8074,0.0,0.0,1.889120112,5.259721809,,5893.474442,281.8333333333333,12.159999999999998
2005-06-11,8075,0.0,0.0,1.75502514,5.345233311,,6053.076041,317.6666666666667,10.682083333333333
2005-06-12,8076,0.0,0.0,1.656125698,2.030686163,,6185.994623,121.75,6.635833333333333
2005-06-13,8077,0.0,0.0,1.562907821,2.890452486,,6316.708367,178.66666666666666,7.0335833333333335
2005-06-14,8078,0.0,0.0,1.466371508,4.045779185,6.7,6459.496589,285.1666666666667,9.227916666666667
2005-06-15,8079,13.25,1.232876712,1.727472067,1.867569327,,6100.663694,102.66666666666667,10.377083333333333
2005-06-16,8080,22.25,1.232876712,3.781407821,0.592725628,,4312.986766,40.458333333333336,12.41625
2005-06-17,8081,5.0,1.232876712,3.483251397,2.134239315,,4628.448738,123.75,14.42125
2005-06-18,8082,0.25,1.232876712,2.419139665,5.776635081,,5342.853724,259.2083333333333,17.66125
2005-06-19,8083,0.0,0.0,1.998201117,6.015930982,,5766.672908,261.3333333333333,17.233333333333334
2005-06-20,8084,0.0,0.0,1.811790503,5.601094043,,5981.761733,312.9583333333333,12.748333333333333
2005-06-21,8085,3.5,1.232876712,1.761787709,3.755202352,6.4,6049.24877,242.58333333333334,11.937916666666666
2005-06-22,8086,0.0,0.0,1.607756983,6.344334952,,6247.679421,343.5416666666667,14.632083333333334
2005-06-23,8087,0.0,0.0,1.490078212,7.464605059,,6422.788266,380.8333333333333,15.5575
2005-06-24,8088,9.75,0.52810069,1.695343575,1.248897155,,6138.615711,69.58333333333333,12.99125
2005-06-25,8089,0.25,2.472491627,1.530477654,1.16825303,,6358.561055,62.541666666666664,12.04875
2005-06-26,8090,0.25,1.458636127,1.377930168,6.125311924,,6596.691782,327.3333333333333,12.737499999999999
2005-06-27,8091,0.0,0.0,1.266913408,7.471417357,,6798.587719,372.2916666666667,14.455416666666666
2005-06-28,8092,13.0,0.364867114,1.420064246,5.368958972,6.7,6544.408903,253.25,14.299583333333333
2005-06-29,8093,15.0,1.917808219,2.850938547,1.245094897,,4778.749259,72.33333333333333,12.174999999999999
2005-06-30,8094,3.5,1.917808219,2.032164804,2.259075828,,5663.819956,137.375,11.502916666666666
2005-07-01,8095,11.0,1.917808219,2.037268156,2.07741809,,5761.249104,122.29166666666667,12.130833333333333
2005-07-02,8096,2.25,1.917808219,2.429145251,1.512820475,,5320.095743,92.625,12.439583333333333
2005-07-03,8097,2.0,1.917808219,1.90573743,3.978418913,,5867.848795,240.5,10.322916666666666
2005-07-04,8098,4.5,1.917808219,1.885801676,2.796640394,,5902.681524,191.83333333333334,8.833333333333334
2005-07-05,8099,20.75,1.917808219,4.757128492,1.283632035,6.1,3742.126565,78.08333333333333,10.564166666666667
2005-07-06,8100,1.5,1.506849315,4.307882682,2.173589373,,4189.567041,132.91666666666666,9.439583333333333
2005-07-07,8101,0.25,1.506849315,2.817955307,4.997109319,,5034.465616,283.2083333333333,10.977375
2005-07-08,8102,0.0,0.0,2.334796089,5.394132745,,5434.877325,289.0,13.636249999999999
2005-07-09,8103,0.0,0.0,2.073268156,6.532124902,,5688.758885,284.375,16.434166666666666
2005-07-10,8104,0.0,0.0,1.892589385,7.44842771,,5887.757747,310.4583333333333,18.90875
2005-07-11,8105,0.0,0.0,1.75276257,7.008751878,,6055.975011,285.5,20.285416666666666
2005-07-12,8106,0.0,0.0,1.648960894,4.789221286,6.4,6195.613075,229.83333333333334,19.916666666666668
2005-07-13,8107,0.0,0.0,1.542997207,6.705150784,,6341.457201,272.875,18.464166666666667
2005-07-14,8108,0.25,2.641743708,1.43846648,7.297712629,,6504.417534,307.25,17.705416666666668
2005-07-15,8109,0.5,4.997920092,1.390701117,3.958662606,,6582.198763,241.25,12.329166666666666
2005-07-16,8110,0.0,0.0,1.307589385,5.47983009,,6727.178343,309.125,12.3925
2005-07-17,8111,0.0,0.0,1.251175978,5.520206334,,6830.492095,242.625,15.299166666666666
2005-07-18,8112,4.25,4.002197181,1.259874302,2.58843889,,6818.289716,165.58333333333334,11.773333333333333
2005-07-19,8113,0.0,0.0,1.184203911,2.478831585,6.5,6961.769638,119.54166666666667,10.770833333333334
2005-07-20,8114,0.0,0.0,1.112631285,4.314556227,,7108.910395,224.70833333333334,11.4775
2005-07-21,8115,0.0,0.0,1.053452514,5.625164718,,7242.85317,358.9583333333333,12.49125
2005-07-22,8116,0.0,0.0,1.030726257,1.664031081,,7303.379152,92.125,10.748750000000001
2005-07-23,8117,0.0,0.0,1.006139665,3.475900151,,7356.889951,182.95833333333334,13.194166666666666
2005-07-24,8118,33.75,0.95890411,3.208977654,0.355047829,,4401.447747,20.625,11.483333333333334
2005-07-25,8119,0.25,0.95890411,1.691019553,1.560971244,,6067.34585,95.16666666666667,9.5175
2005-07-26,8120,0.25,0.95890411,1.272410615,2.929257041,7.1,6777.565103,150.70833333333334,11.701666666666666
2005-07-27,8121,4.0,0.821917808,1.169824022,3.02293272,,7000.518923,157.58333333333334,10.776666666666666
2005-07-28,8122,26.25,0.821917808,3.63077095,0.493677246,,4252.913376,28.791666666666668,11.685833333333333
2005-07-29,8123,0.25,0.821917808,3.596731844,1.213750588,,4328.914831,87.25,11.747916666666667
2005-07-30,8124,6.0,0.821917808,2.171086592,1.940773212,,5607.145949,97.79166666666667,11.95125
2005-07-31,8125,3.5,0.821917808,2.223226257,0.977401293,,5524.829195,59.541666666666664,11.159999999999998
2005-08-01,8126,0.5,0.821917808,1.902921788,2.264166218,,5872.071042,125.29166666666667,12.025
2005-08-02,8127,11.25,0.821917808,1.930248603,4.756831662,6.8,5930.123961,247.95833333333334,12.8375
2005-08-03,8128,0.0,0.0,2.376075419,2.621388227,,5294.291284,147.66666666666666,11.3975
2005-08-04,8129,18.25,0.821917808,2.12103352,2.384920343,,5748.050089,128.66666666666666,10.988333333333332
2005-08-05,8130,7.5,0.821917808,6.437036313,3.49758114,,3405.540174,210.08333333333334,11.885833333333332
2005-08-06,8131,0.25,0.821917808,3.057662011,2.708401104,,4871.064793,173.875,9.979166666666666
2005-08-07,8132,0.0,0.0,2.439301676,5.644701612,,5341.01688,302.125,11.0075
2005-08-08,8133,0.0,0.0,2.133276536,6.345062686,,5626.622936,319.8333333333333,12.614583333333334
2005-08-09,8134,0.0,0.0,1.935703911,5.999993365,6.4,5839.215423,284.0416666666667,14.735416666666666
2005-08-10,8135,0.0,0.0,1.80527933,4.043163648,,5991.70942,207.04166666666666,14.208333333333334
2005-08-11,8136,0.0,0.0,1.673069832,4.093113799,,6160.372629,211.875,13.732083333333334
2005-08-12,8137,0.0,0.0,1.555340782,3.127716643,,6324.617443,205.91666666666666,11.135416666666666
2005-08-13,8138,19.25,1.780821918,2.421175978,1.089878274,,5281.715899,56.166666666666664,11.801250000000001
2005-08-14,8139,1.0,1.780821918,1.767167598,2.891454486,,6019.514422,161.04166666666666,11.567083333333334
2005-08-15,8140,0.25,1.780821918,1.536410615,3.804294999,,6350.682759,205.91666666666666,12.011249999999999
2005-08-16,8141,0.0,0.0,1.414030726,4.406824138,6.9,6541.485429,205.25,14.948749999999999
2005-08-17,8142,0.0,0.0,1.311938547,5.646351325,,6716.041069,255.45833333333334,16.339166666666667
2005-08-18,8143,0.0,0.0,1.252206704,3.446725534,,6830.371756,164.125,14.123750000000001
2005-08-19,8144,0.25,2.159444934,1.201399441,2.740364268,,6927.574937,150.79166666666666,10.867916666666666
2005-08-20,8145,0.0,0.0,1.128821229,4.545092533,,7072.588197,251.70833333333334,11.851666666666667
2005-08-21,8146,3.75,0.891514407,1.083393855,4.549309056,,7183.850666,237.83333333333334,13.194166666666668
2005-08-22,8147,8.75,1.705295653,1.352715084,2.69590006,,6638.068168,164.125,12.07125
2005-08-23,8148,0.0,0.0,1.103882682,2.73203024,7.0,7127.36493,146.54166666666666,11.376249999999999
2005-08-24,8149,26.0,4.109589041,3.277835196,2.664891332,,4373.563363,148.54166666666666,11.303333333333333
2005-08-25,8150,5.0,4.109589041,1.700572626,2.277093307,,6106.504119,141.70833333333334,8.732083333333334
2005-08-26,8151,1.5,4.109589041,1.514136872,2.184939347,,6381.950175,120.29166666666667,9.500416666666666
2005-08-27,8152,0.75,4.109589041,1.381977654,3.341744047,,6593.615181,179.45833333333334,11.795833333333334
2005-08-28,8153,1.25,4.109589041,1.297282123,1.828660375,,6746.73286,95.16666666666667,12.633333333333333
2005-08-29,8154,9.0,4.109589041,1.450332402,2.539465047,,6493.413249,130.625,13.90125
2005-08-30,8155,0.25,4.109589041,1.381324022,3.167338852,7.0,6590.282464,168.5,15.602083333333333
2005-08-31,8156,1.75,1.447158967,1.289187151,1.484153254,,6764.53933,78.16666666666667,15.373333333333333
2005-09-01,8157,1.75,3.733752881,1.263594972,2.466449405,,6806.817832,142.5,11.604999999999999
2005-09-02,8158,0.0,0.0,1.159114525,4.346793661,,7009.061187,230.70833333333334,12.187916666666666
2005-09-03,8159,0.0,0.0,1.113058659,2.418093156,,7113.746943,141.75,13.26375
2005-09-04,8160,2.5,1.212533262,1.106472067,2.253467083,,7131.813766,115.08333333333333,15.704583333333334
2005-09-05,8161,0.0,0.0,1.066927374,4.032963843,,7208.363736,191.45833333333334,15.1025
2005-09-06,8162,0.0,0.0,0.999578212,3.809939282,6.4,7373.379962,178.95833333333334,14.551250000000001
2005-09-07,8163,1.75,1.237011548,0.977832402,1.827778379,,7434.740504,94.375,12.992916666666666
2005-09-08,8164,20.5,5.834693015,1.533067039,1.119430525,,6383.87271,64.83333333333333,13.900416666666667
2005-09-09,8165,2.25,1.763196141,1.798969274,1.29142447,,5927.665632,68.83333333333333,13.837083333333332
2005-09-10,8166,2.5,2.629105326,1.413452514,0.350514422,,6546.598143,18.791666666666668,13.518333333333333
2005-09-11,8167,0.25,1.263990462,1.317997207,2.775040326,,6697.467193,149.95833333333334,12.266666666666666
2005-09-12,8168,0.0,0.0,1.182217877,4.046164498,,6962.096544,198.91666666666666,14.35375
2005-09-13,8169,2.0,3.217473812,1.141391061,2.001527539,6.4,7054.330563,97.625,12.807916666666666
2005-09-14,8170,15.75,0.684931507,2.755910615,2.461559198,,4968.439536,175.58333333333334,12.650833333333333
2005-09-15,8171,23.25,0.684931507,5.899424581,1.313441409,,3505.897886,70.04166666666667,12.351999999999999
2005-09-16,8172,0.25,0.684931507,4.230125698,2.735102864,,4189.08938,199.125,6.0142500000000005
2005-09-17,8173,0.25,0.684931507,2.738815642,2.27577962,,5095.471214,129.70833333333334,7.1782916666666665
2005-09-18,8174,0.25,0.684931507,2.317701117,1.535435263,,5453.985989,97.08333333333333,9.73875
2005-09-19,8175,2.75,0.684931507,2.094611732,2.078712393,,5672.546991,104.91666666666667,10.407916666666667
2005-09-20,8176,5.5,0.684931507,2.103536313,2.656141304,6.3,5660.257818,156.5,11.840000000000002
2005-09-21,8177,2.5,5.068493151,1.882332402,1.804064736,,5903.611895,95.54166666666667,11.400416666666667
2005-09-22,8178,0.5,5.068493151,1.758821229,2.721898201,,6047.432993,146.0,12.2025
2005-09-23,8179,8.5,5.068493151,1.974569832,1.186012146,,5802.52999,81.75,9.722083333333334
2005-09-24,8180,1.0,5.068493151,1.712312849,1.785340164,,6106.732181,115.33333333333333,7.1044583333333335
2005-09-25,8181,5.5,5.068493151,1.845377095,1.391647694,,5954.343372,79.625,10.21125
2005-09-26,8182,20.5,5.068493151,4.225851955,1.220505964,,3654.345758,62.166666666666664,10.78875
2005-09-27,8183,6.25,5.068493151,4.560913408,2.206740452,5.8,4001.474559,117.79166666666667,9.407708333333334
2005-09-28,8184,39.5,3.835616438,15.10428771,0.731739717,,1590.163708,42.25,7.644041666666666
2005-09-29,8185,13.25,3.835616438,8.798103352,1.72452547,,2927.613631,100.75,7.78625
2005-09-30,8186,39.25,3.835616438,23.12597765,0.650058048,,1415.130689,29.0,12.544583333333334
2005-10-01,8187,19.0,3.835616438,17.91615922,1.085687655,,1919.26111,54.875,7.039375
2005-10-02,8188,0.25,3.835616438,9.853391061,1.719416697,,2782.972414,101.83333333333333,7.592041666666667
2005-10-03,8189,0.0,0.0,6.052022346,0.56004716,,3605.575637,31.875,8.015416666666667
2005-10-04,8190,0.0,0.0,4.425863128,0.924313184,6.8,4173.856419,55.0,7.6754999999999995
2005-10-05,8191,0.25,1.780821918,3.587706704,2.486840433,,4575.463258,133.29166666666666,8.341916666666666
2005-10-06,8192,0.25,1.780821918,3.096854749,0.398375696,,4864.286656,26.5,9.454583333333334
2005-10-07,8193,0.5,1.780821918,2.696681564,0.712609679,,5139.711837,32.666666666666664,10.700416666666667
2005-10-08,8194,13.5,1.780821918,3.32472067,0.729756027,,4728.322289,40.708333333333336,8.849208333333333
2005-10-09,8195,0.25,1.780821918,2.944935754,1.360364672,,4941.740661,80.875,7.42925
2005-10-10,8196,0.5,1.780821918,2.404986034,2.061463613,,5375.982599,71.70833333333333,12.384583333333333
2005-10-11,8197,20.25,1.780821918,4.862689944,0.377465055,6.6,3752.351,9.541666666666666,13.75625
2005-10-12,8198,13.0,0.273972603,10.08369553,0.755476589,,2747.31236,44.5,9.872291666666667
2005-10-13,8199,0.0,0.0,5.230382682,1.484101176,,3857.120544,110.125,6.6215
2005-10-14,8200,0.0,0.0,3.951527933,0.392384964,,4391.384722,24.416666666666668,7.5406249999999995
2005-10-15,8201,0.0,0.0,3.383346369,0.820494504,,4690.604429,54.625,11.047083333333333
2005-10-16,8202,0.75,0.273972603,2.942371508,0.926044741,,4966.529354,57.291666666666664,9.628333333333332
2005-10-17,8203,2.25,0.273972603,2.717924581,1.070411768,,5127.411355,49.958333333333336,10.622916666666667
2005-10-18,8204,11.25,0.273972603,2.624832402,0.219182639,6.9,5271.738167,10.25,7.489541666666667
2005-10-19,8205,14.5,1.643835616,7.389100559,0.386303865,,3223.079103,24.875,7.440041666666667
2005-10-20,8206,14.25,1.643835616,7.642307263,0.950917198,,3255.783319,57.166666666666664,7.400791666666667
2005-10-21,8207,27.25,1.643835616,17.19369553,0.458681877,,1859.935003,21.083333333333332,8.210833333333333
2005-10-22,8208,2.75,1.643835616,9.525796089,0.588830868,,2830.102365,38.833333333333336,7.6306666666666665
2005-10-23,8209,19.5,1.643835616,6.745424581,0.729248966,,3538.315148,48.833333333333336,8.152083333333334
2005-10-24,8210,49.0,1.643835616,36.72857263,0.549536053,,1030.373561,21.708333333333332,12.034583333333332
2005-10-25,8211,10.25,1.643835616,21.31597207,0.907745301,5.4,1600.899118,27.791666666666668,9.064166666666667
2005-10-26,8212,10.5,8.082191781,11.92942458,0.376079427,,2526.982035,19.041666666666668,11.5475
2005-10-27,8213,0.0,0.0,7.82851676,1.325133897,,3165.355247,58.458333333333336,12.562916666666666
2005-10-28,8214,4.0,8.082191781,5.897312849,0.702419926,,3672.312494,21.5,10.608333333333333
2005-10-29,8215,6.0,8.082191781,5.047114525,0.611836405,,3955.459034,17.958333333333332,11.157083333333333
2005-10-30,8216,10.75,8.082191781,6.130960894,1.139673919,,3601.422887,41.416666666666664,11.156666666666666
2005-10-31,8217,8.25,8.082191781,5.142192737,0.855901834,,3936.865181,52.041666666666664,8.371041666666667
2005-11-01,8218,8.25,8.082191781,6.104061453,1.185857303,6.9,3607.131498,67.875,6.362666666666667
2005-11-02,8219,19.75,3.698630137,9.898743017,0.776209484,,2856.129809,29.708333333333332,11.193333333333333
2005-11-03,8220,47.0,3.698630137,27.83835754,0.555533877,,1341.684981,14.0,9.4535
2005-11-04,8221,24.75,3.698630137,27.68206425,0.581403248,,1329.100749,27.25,4.688541666666667
2005-11-05,8222,22.0,3.698630137,16.91502235,0.288817291,,2035.622856,12.583333333333334,7.737833333333334
2005-11-06,8223,29.5,3.698630137,34.3003324,0.538698729,,1023.765766,36.083333333333336,8.11175
2005-11-07,8224,34.5,3.698630137,17.41970112,1.10533835,,2121.871233,60.125,6.640916666666667
2005-11-08,8225,44.25,3.698630137,45.53467039,0.269751888,5.6,675.3689137,7.708333333333333,6.596958333333333
2005-11-09,8226,5.0,5.342465753,14.39891899,0.859872395,,2196.859069,65.29166666666667,4.53225
2005-11-10,8227,61.0,5.342465753,34.72589665,0.401175033,,1093.849994,16.5,10.1725
2005-11-11,8228,30.5,5.342465753,32.48014525,0.458368254,,1143.044688,8.583333333333334,7.325833333333333
2005-11-12,8229,8.0,5.342465753,17.7975,0.57975196,,1914.419989,49.333333333333336,4.082958333333333
2005-11-13,8230,1.0,5.342465753,9.535776536,0.589709052,,2854.017872,65.875,2.8360833333333333
2005-11-14,8231,1.0,5.342465753,6.593932961,0.619751125,,3468.956361,58.958333333333336,4.246625
2005-11-15,8232,4.0,5.342465753,5.598804469,0.828159313,6.6,3762.010679,49.75,6.250958333333333
2005-11-16,8233,1.75,4.39419289,4.452662011,0.30725893,,4169.516887,46.375,1.3226250000000002
2005-11-17,8234,0.0,0.0,3.755840782,0.574846507,,4491.140637,65.0,0.5881666666666666
2005-11-18,8235,0.0,0.0,3.291058659,0.487743788,,4747.229007,67.41666666666667,-0.6773333333333333
2005-11-19,8236,0.5,13.7218601,2.928544693,0.646245197,,4976.524011,70.08333333333333,0.4056666666666667
2005-11-20,8237,0.25,1.410123144,2.619930168,0.492147283,,5201.940077,59.666666666666664,2.0247916666666668
2005-11-21,8238,0.0,0.0,2.385653631,0.399490222,,5397.197682,41.583333333333336,2.58075
2005-11-22,8239,0.25,2.071939959,2.18772905,0.643062276,6.8,5577.077269,62.541666666666664,4.160458333333334
2005-11-23,8240,0.25,5.068660419,2.011927374,0.992325529,,5758.00423,63.208333333333336,3.4560416666666662
2005-11-24,8241,7.5,3.154158851,2.204597765,0.32411017,,5570.500481,14.0,2.4848333333333334
2005-11-25,8242,2.75,2.059335466,1.93346648,0.165035276,,5836.754621,58.208333333333336,-1.70225
2005-11-26,8243,1.5,3.775871216,1.896310056,0.213474269,,5894.16956,26.541666666666668,0.8159166666666667
2005-11-27,8244,0.5,1.804276356,1.812067039,0.188610691,,5981.928666,33.625,0.5112916666666666
2005-11-28,8245,0.25,5.873146847,1.657156425,0.155160044,,6179.833637,45.083333333333336,-0.9902500000000001
2005-11-29,8246,0.0,0.0,1.523664804,0.212012179,7.1,6373.288855,38.291666666666664,-0.3794166666666667
2005-11-30,8247,6.75,7.912297945,1.722594972,0.276942619,,6109.964949,16.25,3.7993333333333332
2005-12-01,8248,11.0,2.988048003,2.627120112,0.186808313,,5176.821118,7.375,4.799458333333333
2005-12-02,8249,17.0,2.65003019,6.180486034,0.161115578,,3622.705315,9.583333333333334,3.406166666666667
2005-12-03,8250,21.25,7.852389951,12.1692067,0.267146917,,2493.318067,6.958333333333333,3.579708333333333
2005-12-04,8251,16.0,8.258613622,10.34167877,0.32240044,,2775.178301,16.458333333333332,3.6703333333333332
2005-12-05,8252,15.0,4.677329164,10.81624022,0.207219775,6.2,2698.395234,7.791666666666667,2.875916666666667
2005-12-06,8253,3.25,5.479452055,10.49440223,0.030531212,,2705.355025,22.583333333333332,1.7044166666666667
2005-12-07,8254,18.25,5.479452055,7.560226257,0.177513057,,3362.364399,16.875,1.8111666666666668
2005-12-08,8255,7.25,5.479452055,16.13923743,0.262526434,,1964.413132,22.625,2.5265
2005-12-09,8256,0.75,5.479452055,7.430756983,0.355275864,,3262.219343,18.375,4.12925
2005-12-10,8257,0.25,5.479452055,5.514460894,0.334462897,,3783.718502,15.875,5.930208333333333
2005-12-11,8258,0.25,5.479452055,4.536955307,0.544791574,,4138.607145,46.041666666666664,4.72825
2005-12-12,8259,0.5,5.479452055,3.947053073,0.124303272,6.7,4399.072535,33.833333333333336,2.2656666666666667
2005-12-13,8260,0.0,0.0,3.494639665,0.224082854,,4632.452438,41.666666666666664,0.9071250000000001
2005-12-14,8261,0.25,5.205479452,2.816094972,0.299032537,,5027.379074,19.833333333333332,4.3849583333333335
2005-12-15,8262,0.25,5.205479452,2.36403352,0.59839862,,5415.991436,34.5,5.643791666666666
2005-12-16,8263,13.75,5.205479452,3.699226257,0.639679076,,4479.139486,36.333333333333336,4.343375
2005-12-17,8264,0.25,5.205479452,2.56198324,0.136551752,,5237.749544,42.666666666666664,-0.8225000000000001
2005-12-18,8265,21.0,5.205479452,4.866812849,0.246222002,,3647.354097,15.791666666666666,2.0160416666666667
2005-12-19,8266,0.0,0.0,4.939064246,0.423022352,,3837.513009,31.541666666666668,3.1335416666666664
2005-12-20,8267,3.0,5.205479452,3.463793296,0.26669046,6.4,4649.539835,12.791666666666666,4.500958333333333
2005-12-21,8268,33.25,5.205479452,10.18669274,0.45326946,,2444.960939,9.916666666666666,6.180541666666667
2005-12-22,8269,1.75,5.205479452,11.09571788,0.630366694,,2419.118342,15.333333333333334,5.230708333333333
2005-12-23,8270,0.25,5.205479452,5.396153631,0.45633433,,3804.604584,16.583333333333332,5.90675
2005-12-24,8271,4.5,5.205479452,4.446653631,0.141024371,,4175.218143,24.25,4.790291666666667
2005-12-25,8272,0.25,5.205479452,3.674036313,0.152492466,,4532.877045,19.75,0.29504166666666665
2005-12-26,8273,0.0,0.0,3.22798324,0.228026788,,4783.946376,20.208333333333332,-0.11141666666666666
2005-12-27,8274,0.0,0.0,2.850284916,0.0,,5030.05769,23.375,-2.4482500000000003
2005-12-28,8275,0.0,0.0,2.525329609,0.044885009,,5276.473458,36.416666666666664,-4.093541666666667
2005-12-29,8276,0.0,0.0,2.321421788,0.084097429,,5456.231444,18.666666666666668,-3.8818333333333332
2005-12-30,8277,40.0,5.205479452,12.63434078,0.267861986,,2158.34633,5.958333333333333,3.781541666666667
2005-12-31,8278,29.25,5.205479452,16.23875698,0.432388575,,2051.025975,12.166666666666666,3.1340833333333333
2006-01-01,8279,15.0,5.205479452,18.549,0.185444951,,1835.996756,9.416666666666666,3.4917083333333334
2006-01-02,8280,0.75,5.205479452,8.808460894,0.266159159,,2965.343143,21.625,3.603666666666667
2006-01-03,8281,8.5,5.205479452,6.799022346,0.225727091,6.4,3432.663635,16.875,5.775333333333333
2006-01-04,8282,0.0,0.0,5.173868715,0.144519341,,3893.967216,13.541666666666666,1.3484999999999998
2006-01-05,8283,0.0,0.0,4.224117318,0.045704696,,4268.683056,6.166666666666667,-1.927875
2006-01-06,8284,0.0,0.0,3.634667598,0.034467555,,4555.186168,5.833333333333333,-2.0974166666666667
2006-01-07,8285,0.75,0.547945205,3.238743017,0.132740298,,4778.042639,17.833333333333332,-1.5709166666666665
2006-01-08,8286,0.0,0.0,2.878944134,0.052851268,,5011.633228,7.333333333333333,-1.9853750000000001
2006-01-09,8287,1.75,0.547945205,2.643863128,0.162444704,,5189.573986,11.166666666666666,0.2157083333333333
2006-01-10,8288,49.75,0.547945205,20.16877374,0.206144698,5.7,1588.30136,3.5,5.7573333333333325
2006-01-11,8289,14.0,2.602739726,21.08913687,0.325463957,,1573.065304,33.833333333333336,3.717625
2006-01-12,8290,0.25,2.602739726,7.458209497,0.508438765,,3235.099861,17.875,3.6747916666666662
2006-01-13,8291,4.25,2.602739726,4.944946927,0.392673194,,3979.399886,3.7916666666666665,5.370333333333334
2006-01-14,8292,6.25,2.602739726,5.808469274,0.197459815,,3686.842011,31.083333333333332,2.5303333333333335
2006-01-15,8293,2.75,2.602739726,4.237365922,0.217006239,,4267.8229,9.916666666666666,2.635083333333333
2006-01-16,8294,14.25,2.602739726,5.579044693,0.340817306,,3770.800867,21.666666666666668,3.78375
2006-01-17,8295,11.5,2.602739726,6.913206704,0.343702415,5.9,3407.883148,14.291666666666666,4.1505833333333335
2006-01-18,8296,7.25,2.328767123,10.39464804,0.373729494,,2748.092312,25.791666666666668,7.126124999999999
2006-01-19,8297,7.0,2.328767123,8.300011173,0.4312836,,3106.09689,20.166666666666668,6.6390416666666665
2006-01-20,8298,17.75,2.328767123,14.14075978,0.565700334,,2207.229449,19.75,3.387166666666667
2006-01-21,8299,0.0,0.0,7.539662011,0.449757684,,3236.581817,55.541666666666664,3.204791666666667
2006-01-22,8300,0.0,0.0,5.566977654,0.43676656,,3768.26164,52.875,2.0192083333333333
2006-01-23,8301,0.25,2.328767123,4.707879888,0.161326758,,4074.180032,15.375,-1.4282083333333333
2006-01-24,8302,0.0,0.0,4.144550279,0.489029602,6.5,4309.071139,66.54166666666667,-1.8476666666666668
2006-01-25,8303,0.25,4.928578203,3.704304469,0.373766465,,4520.517963,23.0,-0.2692083333333333
2006-01-26,8304,0.0,0.0,3.313106145,0.193567223,,4734.711213,30.208333333333332,-1.0774583333333332
2006-01-27,8305,0.25,9.757121608,3.000368715,0.458308979,,4932.908139,23.375,-0.3060833333333333
2006-01-28,8306,0.25,6.587576905,2.779365922,0.357819373,,5083.261028,58.583333333333336,-1.2349583333333334
2006-01-29,8307,0.25,11.4416204,2.552681564,0.463420229,,5258.267022,56.0,-2.5178333333333334
2006-01-30,8308,0.0,0.0,2.379418994,0.305004723,,5404.143516,21.875,-2.0810416666666667
2006-01-31,8309,0.0,0.0,2.238988827,0.386647408,6.3,5531.17173,50.0,-3.126875
2006-02-01,8310,0.0,0.0,2.108463687,0.329312503,,5659.289161,46.75,-2.9086666666666665
2006-02-02,8311,0.5,6.767371912,2.015597765,0.317834811,,5756.187102,26.875,-1.1375416666666667
2006-02-03,8312,0.0,0.0,1.916145251,0.151424109,,5865.326395,13.916666666666666,-1.7420416666666665
2006-02-04,8313,0.25,4.861718153,1.859505587,0.20985607,,5933.50721,15.375,0.6605833333333334
2006-02-05,8314,0.0,0.0,1.796430168,0.383381563,,6005.806769,24.958333333333332,1.8393750000000002
2006-02-06,8315,0.0,0.0,1.727346369,0.578266102,,6094.101794,24.583333333333332,2.459208333333333
2006-02-07,8316,21.0,37.14956075,2.91376257,0.484817044,6.8,4723.480411,18.5,4.065916666666667
2006-02-08,8317,2.25,3.835616438,3.121391061,0.503015822,,4656.30334,38.875,1.7177916666666666
2006-02-09,8318,0.0,0.0,2.138631285,0.595391012,,5616.399178,92.41666666666667,-1.1021666666666665
2006-02-10,8319,0.0,0.0,1.912575419,0.674858143,,5867.687461,94.08333333333333,-1.8637916666666667
2006-02-11,8320,6.0,3.835616438,1.865413408,0.538921441,,5935.261359,41.416666666666664,0.9029166666666667
2006-02-12,8321,38.5,3.835616438,14.46139106,0.316484452,,2143.862829,20.083333333333332,5.730291666666667
2006-02-13,8322,0.0,0.0,6.91272905,0.332523987,,3337.590873,21.125,5.248291666666667
2006-02-14,8323,27.0,3.835616438,7.172597765,0.658042245,6.1,3528.706782,40.875,4.028625
2006-02-15,8324,11.5,4.520547945,21.20299441,0.606792092,,1471.853086,25.333333333333332,4.284
2006-02-16,8325,15.75,4.520547945,9.040575419,0.487071347,,2970.323019,30.75,1.9733333333333334
2006-02-17,8326,5.25,4.520547945,11.22543855,0.894623189,,2568.228736,73.08333333333333,2.229791666666667
2006-02-18,8327,0.0,0.0,6.272069832,0.970395663,,3544.115885,98.75,1.39125
2006-02-19,8328,0.5,4.520547945,4.79624581,0.127916666,,4035.314995,9.041666666666666,-0.007583333333333335
2006-02-20,8329,0.0,0.0,4.015935754,1.134988141,,4363.425007,78.125,0.5861666666666666
2006-02-21,8330,1.5,4.520547945,3.511307263,0.514300327,6.7,4622.607835,47.625,-0.5317916666666667
2006-02-22,8331,1.25,1.213946427,3.118826816,0.161992451,,4851.544952,19.041666666666668,-1.5143333333333333
2006-02-23,8332,3.0,3.835368968,2.881231844,0.193967136,,5018.057904,36.958333333333336,-1.4591666666666667
2006-02-24,8333,0.75,4.332661334,2.739268156,0.056224056,,5110.112523,14.166666666666666,-2.374625
2006-02-25,8334,1.5,15.97991971,2.510798883,0.653159793,,5294.716979,58.916666666666664,-0.801
2006-02-26,8335,0.5,15.49176167,2.377458101,0.350837854,,5406.312618,45.083333333333336,-0.5772083333333333
2006-02-27,8336,2.5,6.018675929,2.318782123,0.59983911,,5481.220976,77.91666666666667,-0.21775
2006-02-28,8337,1.0,2.353310026,2.421075419,0.508997104,6.2,5349.12665,123.625,-2.2997916666666667
2006-03-01,8338,4.0,4.794520548,2.181243017,0.167827832,,5586.16905,107.95833333333333,-3.8383333333333334
2006-03-02,8339,3.25,4.794520548,2.053634078,0.322455536,,5714.72535,131.5,-3.438791666666667
2006-03-03,8340,0.25,4.794520548,1.940505587,0.720034088,,5839.476259,159.0,-4.510541666666667
2006-03-04,8341,0.75,4.794520548,1.874438547,0.495314008,,5914.556188,171.79166666666666,-3.4186666666666667
2006-03-05,8342,1.0,4.794520548,1.878837989,0.586856949,,5912.56912,114.04166666666667,-0.40287500000000004
2006-03-06,8343,2.25,4.794520548,1.95677095,0.491483093,,5828.996853,90.70833333333333,0.368125
2006-03-07,8344,19.5,4.794520548,13.16099162,0.358732391,6.8,2064.330946,41.791666666666664,3.1647916666666664
2006-03-08,8345,42.5,5.479452055,41.54256704,0.314095394,,809.2826115,24.916666666666668,6.396666666666667
2006-03-09,8346,9.0,5.479452055,14.38722905,0.584395871,,2227.037694,40.458333333333336,2.908208333333333
2006-03-10,8347,16.5,5.479452055,12.71564246,0.871207899,,2436.734758,67.41666666666667,1.0365416666666667
2006-03-11,8348,1.75,5.479452055,8.217955307,0.61258853,,3098.187978,44.125,0.3368333333333333
2006-03-12,8349,0.5,5.479452055,5.906011173,0.12275168,,3659.350498,22.291666666666668,-2.4549166666666666
2006-03-13,8350,5.5,5.479452055,4.836620112,0.286841741,,4029.784081,47.541666666666664,-1.6348333333333331
2006-03-14,8351,29.5,5.479452055,13.90457263,1.00530859,6.8,2266.604313,105.79166666666667,2.429375
2006-03-15,8352,2.0,6.842002429,11.03377374,0.331331112,,2633.473399,26.458333333333332,1.8561249999999998
2006-03-16,8353,0.5,13.36424468,6.996846369,0.410686167,,3357.311785,41.791666666666664,-2.5441249999999997
2006-03-17,8354,1.25,2.533151803,5.136611732,0.17414231,,3908.992089,29.416666666666668,-2.2474583333333333
2006-03-18,8355,0.0,0.0,4.294357542,0.243599846,,4241.125657,41.916666666666664,-2.06025
2006-03-19,8356,1.25,3.158565216,3.851924581,0.956531021,,4449.77109,73.04166666666667,0.361125
2006-03-20,8357,0.0,0.0,3.412055866,0.593373933,,4674.278111,32.666666666666664,-0.12991666666666665
2006-03-21,8358,0.25,7.693754697,3.019927374,0.591020103,7.5,4917.605061,59.916666666666664,-1.5006666666666666
2006-03-22,8359,2.25,8.630136986,2.757318436,1.341334965,,5099.486937,168.625,-1.5543333333333333
2006-03-23,8360,0.0,0.0,2.54473743,1.489298785,,5266.072721,133.20833333333334,-0.31125
2006-03-24,8361,23.25,8.630136986,3.778667598,0.662689712,,4669.218217,40.416666666666664,4.624916666666667
2006-03-25,8362,31.75,8.630136986,18.4243324,0.823576366,,1735.67496,50.416666666666664,6.908458333333333
2006-03-26,8363,20.75,8.630136986,19.72556145,0.717580122,,1789.385025,43.458333333333336,8.50125
2006-03-27,8364,41.75,8.630136986,36.92996648,0.48830682,7.0,938.7345865,29.333333333333332,7.081916666666667
2006-03-28,8365,18.25,9.863013699,18.17260894,0.460140101,,1909.843468,33.416666666666664,3.624416666666667
2006-03-29,8366,7.0,9.863013699,11.22031006,1.083673916,,2615.594091,79.08333333333333,4.1066666666666665
2006-03-30,8367,31.0,9.863013699,17.44184916,0.937859085,,2018.981297,64.83333333333333,7.4160416666666675
2006-03-31,8368,9.5,9.863013699,16.24655866,1.503501556,,1994.210066,96.33333333333333,6.19125
2006-04-01,8369,9.75,9.863013699,12.77419274,1.639085428,,2427.181179,128.91666666666666,4.574041666666667
2006-04-02,8370,20.0,9.863013699,15.09199441,0.510709894,,2155.248611,28.25,4.305458333333333
2006-04-03,8371,1.0,9.863013699,11.3697905,1.952022715,,2573.124018,159.625,2.2779166666666666
2006-04-04,8372,0.25,9.863013699,6.855058659,2.521492471,4.8,3378.821853,216.16666666666666,0.35791666666666666
2006-04-05,8373,0.0,0.0,4.776486034,3.150463473,,4037.369036,258.5,0.55875
2006-04-06,8374,6.75,3.424657534,4.116393855,0.738742379,,4325.356414,57.083333333333336,2.1155416666666667
2006-04-07,8375,2.0,3.424657534,3.580013966,1.807680216,,4580.591405,134.33333333333334,2.797458333333333
2006-04-08,8376,5.75,3.424657534,3.316902235,1.417112687,,4736.986147,137.08333333333334,1.1555833333333334
2006-04-09,8377,2.0,3.424657534,3.020581006,2.261722227,,4913.179729,209.04166666666666,1.2017499999999999
2006-04-10,8378,0.25,3.424657534,2.597128492,3.173997596,,5216.222012,271.2916666666667,0.4807916666666667
2006-04-11,8379,36.5,3.424657534,12.33427374,0.789058289,6.4,2064.437658,58.208333333333336,3.3455
2006-04-12,8380,7.25,3.97260274,6.289567039,2.058022052,,3546.895922,159.0,4.926458333333334
2006-04-13,8381,19.0,3.97260274,12.17518994,1.454197708,,2382.870702,115.79166666666667,6.206083333333333
2006-04-14,8382,2.75,3.97260274,6.814634078,3.494196527,,3391.892966,243.66666666666666,5.445875
2006-04-15,8383,0.0,0.0,4.836444134,1.830987721,,4014.518563,101.04166666666667,6.432125
2006-04-16,8384,0.5,3.97260274,3.928726257,1.658997945,,4403.719766,110.54166666666667,5.634875
2006-04-17,8385,0.0,0.0,3.392949721,0.94425058,,4686.58697,48.625,4.6152500000000005
2006-04-18,8386,6.75,3.97260274,3.048611732,1.589576534,6.5,4912.85608,105.75,5.161583333333334
2006-04-19,8387,23.0,0.684931507,8.290382682,1.450276612,,3002.458666,106.45833333333333,5.49925
2006-04-20,8388,7.5,0.684931507,5.233273743,1.47787801,,3889.675508,95.5,6.718125000000001
2006-04-21,8389,0.5,0.684931507,4.711022346,3.033841853,,4057.549481,174.45833333333334,8.296375
2006-04-22,8390,0.0,0.0,3.838324022,2.659891103,,4450.053922,155.08333333333334,7.881583333333334
2006-04-23,8391,1.5,0.684931507,3.405393855,1.961539403,,4681.213996,121.125,6.546666666666667
2006-04-24,8392,0.0,0.0,3.048687151,1.606106699,,4898.435016,86.66666666666667,6.576125
2006-04-25,8393,10.25,0.684931507,3.416103352,1.983833244,6.2,4679.84447,155.20833333333334,7.399541666666667
2006-04-26,8394,0.0,0.0,2.804782123,3.191489614,,5057.227806,214.16666666666666,6.6957916666666675
2006-04-27,8395,0.0,0.0,2.498706704,3.535370272,,5301.534893,207.125,7.327041666666666
2006-04-28,8396,0.0,0.0,2.314005587,3.58815759,,5460.132111,213.91666666666666,7.041708333333333
2006-04-29,8397,0.0,0.0,2.142452514,3.622758763,,5623.434039,232.29166666666666,5.81325
2006-04-30,8398,5.0,2.303098495,2.055293296,1.703542491,,5724.183612,110.0,4.4852083333333335
2006-05-01,8399,9.0,1.465689147,2.755081006,1.709188733,,5080.960847,121.125,4.343166666666667
2006-05-02,8400,2.5,0.797191252,2.109569832,1.463846066,6.8,5657.627455,76.33333333333333,5.876458333333333
2006-05-03,8401,0.25,0.684931507,1.949304469,4.856329435,,5818.778547,318.2916666666667,8.831291666666667
2006-05-04,8402,1.5,0.684931507,1.833963687,4.061571444,,5961.663568,182.875,12.119416666666666
2006-05-05,8403,0.0,0.0,1.71452514,5.670510702,,6104.919338,329.625,9.001125
2006-05-06,8404,5.75,0.684931507,1.72503352,2.899880646,,6102.266098,153.70833333333334,8.191041666666667
2006-05-07,8405,0.0,0.0,1.656226257,4.925356339,,6179.924395,276.875,8.207916666666668
2006-05-08,8406,22.5,0.684931507,3.32401676,1.059631839,,4640.482126,60.125,8.213333333333333
2006-05-09,8407,0.75,0.684931507,3.047178771,2.803142733,5.8,4799.629866,172.33333333333334,10.28675
2006-05-10,8408,0.0,0.0,2.182122905,5.167514216,,5576.483762,262.25,12.842083333333333
2006-05-11,8409,9.25,1.095890411,2.13149162,3.980275686,,5638.916922,189.33333333333334,12.841666666666667
2006-05-12,8410,0.0,0.0,1.969944134,6.017777537,,5800.285977,282.5416666666667,13.90375
2006-05-13,8411,0.0,0.0,1.890930168,1.637725081,,5895.175113,119.20833333333333,8.047833333333333
2006-05-14,8412,0.0,0.0,1.790597765,3.768018651,,6013.287619,198.83333333333334,9.56725
2006-05-15,8413,8.5,1.095890411,2.059114525,0.399069817,,5716.727464,24.458333333333332,8.800416666666665
2006-05-16,8414,0.25,1.095890411,1.939122905,2.378538725,6.2,5826.865887,129.91666666666666,9.731666666666667
2006-05-17,8415,12.5,4.109589041,2.721997207,0.836046602,,5043.994842,37.875,9.754583333333334
2006-05-18,8416,17.5,4.109589041,3.137857542,2.684459124,,4947.794996,159.0,8.7175
2006-05-19,8417,17.0,4.109589041,7.503586592,1.191520607,,3284.966073,80.16666666666667,7.965416666666666
2006-05-20,8418,16.0,4.109589041,13.21094413,1.117054345,,2319.304654,64.625,6.948875
2006-05-21,8419,20.0,4.109589041,11.30324581,1.170360491,,2604.210273,77.95833333333333,7.32375
2006-05-22,8420,11.75,4.109589041,12.81969553,1.102630262,,2426.880202,75.04166666666667,5.969166666666666
2006-05-23,8421,12.0,4.109589041,9.077530726,3.120659233,5.8,2957.926994,218.33333333333334,4.759416666666667
2006-05-24,8422,20.75,3.424657534,14.33498883,2.0921404,,2246.283677,156.58333333333334,4.9057916666666666
2006-05-25,8423,2.0,3.424657534,8.238921788,5.55421788,,3081.875815,324.0416666666667,7.626
2006-05-26,8424,46.25,3.424657534,31.60583799,1.169878532,,989.8031519,77.70833333333333,10.146666666666667
2006-05-27,8425,6.0,3.424657534,10.77101397,1.685263797,,2666.930988,117.70833333333333,9.326666666666666
2006-05-28,8426,0.0,0.0,6.870997207,3.127524578,,3388.072658,193.0,7.517291666666666
2006-05-29,8427,5.75,3.424657534,5.304117318,3.053740313,,3856.188274,220.16666666666666,5.550999999999999
2006-05-30,8428,0.25,3.424657534,4.168860335,3.281919792,6.3,4287.142808,250.33333333333334,5.016291666666667
2006-05-31,8429,0.0,0.0,3.475156425,5.290410577,,4637.963353,358.6666666666667,6.490333333333333
2006-06-01,8430,0.0,0.0,2.997377095,5.712978235,,4927.004377,349.125,9.195625
2006-06-02,8431,0.0,0.0,2.602810056,6.927785663,,5211.875081,372.8333333333333,11.431125
2006-06-03,8432,0.0,0.0,2.328988827,8.075143302,,5444.420833,370.75,13.6975
2006-06-04,8433,0.0,0.0,2.104818436,6.96532534,,5659.166383,324.875,13.76375
2006-06-05,8434,0.0,0.0,1.966851955,5.669056167,,5806.427021,272.2083333333333,13.247083333333334
2006-06-06,8435,0.0,0.0,1.827175978,6.872612596,5.9,5964.716475,364.125,14.110833333333334
2006-06-07,8436,2.5,1.380033107,1.699944134,6.401248885,,6126.232255,292.25,16.1475
2006-06-08,8437,0.0,0.0,1.600416201,6.487335889,,6261.375734,277.0416666666667,17.14625
2006-06-09,8438,0.0,0.0,1.473159218,8.38501044,,6443.551852,365.7916666666667,17.180833333333332
2006-06-10,8439,0.0,0.0,1.364329609,7.822358439,,6627.409733,327.7916666666667,17.599166666666665
2006-06-11,8440,2.25,3.923155101,1.308041899,5.602419009,,6728.481052,274.4583333333333,15.492916666666666
2006-06-12,8441,0.25,1.841307256,1.311988827,2.53224486,,6718.480954,137.625,12.873333333333333
2006-06-13,8442,1.5,2.870070899,1.256379888,2.222914457,6.0,6824.954264,120.79166666666667,10.8175
2006-06-14,8443,0.25,1.506849315,1.188050279,3.945359174,,6950.902521,201.25,11.356833333333334
2006-06-15,8444,0.0,0.0,1.119946927,6.025207655,,7094.387201,338.25,12.052083333333334
2006-06-16,8445,0.0,0.0,1.054860335,6.462003652,,7239.817322,316.125,14.035416666666668
2006-06-17,8446,0.0,0.0,1.004128492,7.191351362,,7362.424414,336.625,15.701666666666668
2006-06-18,8447,7.0,1.506849315,1.014787709,1.879356048,,7372.628237,106.16666666666667,11.330416666666666
2006-06-19,8448,6.5,1.506849315,1.167184358,1.570663788,,6985.796531,103.33333333333333,10.518749999999999
2006-06-20,8449,13.75,1.506849315,1.343438547,2.535421197,6.1,6630.855168,153.04166666666666,10.475
2006-06-21,8450,0.25,3.843286326,1.279784916,3.506681757,,6629.430687,224.25,8.391208333333333
2006-06-22,8451,0.5,1.465897577,0.974463687,1.857326081,,7431.4657,98.33333333333333,7.906916666666667
2006-06-23,8452,0.0,0.0,0.891905028,5.463309728,,7655.372747,286.8333333333333,10.624583333333334
2006-06-24,8453,0.0,0.0,0.85952514,2.718449209,,7756.029247,139.33333333333334,11.192916666666667
2006-06-25,8454,0.5,1.815435173,0.845069832,2.114078812,,7798.388282,104.0,12.651666666666666
2006-06-26,8455,3.5,2.795461664,0.825486034,1.587556073,,7865.62871,84.875,10.53375
2006-06-27,8456,9.0,8.205861456,0.978511173,1.633644385,6.3,7430.320947,83.66666666666667,11.055416666666666
2006-06-28,8457,0.5,1.643835616,0.90447486,2.958400341,,7607.345626,153.375,12.277916666666668
2006-06-29,8458,0.0,0.0,0.810226257,5.570171849,,7902.930374,252.0,13.760416666666666
2006-06-30,8459,0.0,0.0,0.770857542,4.312820826,,8032.749629,227.125,14.467500000000001
2006-07-01,8460,0.0,0.0,0.735184358,7.0500759,,8157.871553,297.7916666666667,18.224166666666665
2006-07-02,8461,0.0,0.0,0.709114525,4.924583838,,8252.222184,208.625,19.629166666666666
2006-07-03,8462,0.0,0.0,0.682868715,6.70591173,,8356.050457,284.3333333333333,19.59875
2006-07-04,8463,0.0,0.0,0.66147486,5.92728529,6.1,8443.145423,257.8333333333333,18.317083333333333
2006-07-05,8464,10.75,4.049464012,0.752782123,3.829604626,,8092.693969,173.875,17.34208333333333
2006-07-06,8465,0.25,1.588348799,0.712106145,4.862557031,,8225.522187,252.08333333333334,15.594166666666666
2006-07-07,8466,0.5,4.630338948,0.664013966,3.15308199,,8429.348993,177.79166666666666,11.760833333333332
2006-07-08,8467,10.0,8.505630952,0.67726257,2.996850127,,8425.078276,155.29166666666666,10.86875
2006-07-09,8468,10.0,2.747448826,1.198357542,1.220841209,,6904.193826,80.66666666666667,11.451666666666666
2006-07-10,8469,3.75,1.367207564,0.807385475,1.71321725,,7910.600563,96.54166666666667,12.672083333333333
2006-07-11,8470,0.25,5.675782207,0.729553073,4.940475749,6.3,8159.629745,296.6666666666667,11.40625
2006-07-12,8471,1.0,5.79253531,0.657703911,3.174672911,,8456.421452,170.91666666666666,12.219166666666666
2006-07-13,8472,0.25,3.325726363,0.637139665,6.858090553,,8538.284308,360.9166666666667,12.891666666666666
2006-07-14,8473,0.0,0.0,0.614212291,6.598070685,,8642.463713,341.5833333333333,12.950000000000001
2006-07-15,8474,0.0,0.0,0.609410615,6.934853566,,8666.618426,340.875,14.112499999999999
2006-07-16,8475,0.0,0.0,0.604835196,7.573349708,,8684.359838,355.1666666666667,16.929583333333333
2006-07-17,8476,0.0,0.0,0.604382682,8.15334368,,8690.805303,334.5416666666667,20.622916666666665
2006-07-18,8477,0.0,0.0,0.591410615,8.93210413,6.3,8744.368712,342.2083333333333,21.928749999999997
2006-07-19,8478,0.0,0.0,0.582963687,8.575014709,,8787.852511,316.0833333333333,20.6725
2006-07-20,8479,0.75,3.698630137,0.583944134,4.002507446,,8784.88537,164.70833333333334,16.744583333333335
2006-07-21,8480,0.0,0.0,0.59022905,5.400409014,,8754.878665,251.33333333333334,16.277083333333334
2006-07-22,8481,0.5,3.698630137,0.589977654,4.196270266,,8757.620104,187.375,16.45625
2006-07-23,8482,0.75,3.698630137,0.588142458,5.142757215,,8759.139525,277.2083333333333,13.760833333333332
2006-07-24,8483,0.0,0.0,0.585477654,7.488259401,,8778.485042,338.9583333333333,16.854166666666668
2006-07-25,8484,0.0,0.0,0.580952514,7.354853351,6.2,8794.966471,298.3333333333333,19.457083333333333
2006-07-26,8485,0.0,0.0,0.577634078,5.286787019,,8813.43485,245.66666666666666,16.085
2006-07-27,8486,0.0,0.0,0.579444134,5.283335794,,8805.043194,253.625,14.718333333333334
2006-07-28,8487,0.0,0.0,0.579494413,5.521065139,,8804.68748,294.0833333333333,15.191249999999998
2006-07-29,8488,4.25,1.015239304,0.577960894,1.489871906,,8811.997003,78.25,14.232083333333334
2006-07-30,8489,9.5,5.309088467,0.697751397,2.75148896,,8230.610404,142.54166666666666,12.8675
2006-07-31,8490,14.5,1.352821586,0.766307263,1.913327314,,8005.29349,107.20833333333333,12.285416666666668
2006-08-01,8491,3.5,1.0708056,0.701648045,1.500431364,7.0,8258.352521,76.5,11.339583333333332
2006-08-02,8492,0.5,0.711740573,0.602924581,1.862538419,,8687.852536,96.0,10.630416666666667
2006-08-03,8493,0.0,0.0,0.581530726,5.830880539,,8794.877484,328.625,13.246250000000002
2006-08-04,8494,1.25,0.956169492,0.580927374,2.795115695,,8797.991768,142.79166666666666,12.37
2006-08-05,8495,0.25,4.494687085,0.582134078,4.181842378,,8791.857954,213.70833333333334,16.089166666666667
2006-08-06,8496,1.75,2.082163447,0.580097765,3.460851914,,8801.695086,180.75,16.116666666666667
2006-08-07,8497,2.0,3.392334278,0.580776536,5.691280005,,8798.211254,313.5,12.943333333333333
2006-08-08,8498,1.5,9.366430044,0.579293296,5.194986559,6.7,8805.647422,287.7916666666667,12.986666666666666
2006-08-09,8499,0.5,0.547945205,0.582284916,3.996113911,,8792.09027,235.45833333333334,11.252916666666666
2006-08-10,8500,1.0,0.547945205,0.580349162,0.900862462,,8800.379117,54.291666666666664,10.332083333333333
2006-08-11,8501,0.75,0.547945205,0.583944134,2.183085514,,8783.564722,136.16666666666666,9.722083333333332
2006-08-12,8502,0.0,0.0,0.587337989,3.14964874,,8767.878077,151.625,10.70125
2006-08-13,8503,1.0,0.547945205,0.581631285,1.578485493,,8794.177433,86.45833333333333,9.981250000000001
2006-08-14,8504,0.25,0.547945205,0.586432961,2.593253419,,8771.759504,141.83333333333334,11.465416666666668
2006-08-15,8505,0.25,0.547945205,0.581631285,1.658405572,6.2,8794.416375,102.875,10.062083333333334
2006-08-16,8506,1.25,1.917808219,0.580650838,1.708499805,,8799.305217,97.20833333333333,11.480416666666668
2006-08-17,8507,8.25,1.917808219,0.638371508,1.061358647,,8524.342691,61.416666666666664,11.915833333333333
2006-08-18,8508,28.25,1.917808219,1.985656425,0.54480644,,5452.194224,39.541666666666664,11.097083333333332
2006-08-19,8509,43.25,1.917808219,7.488,0.986670803,,3099.677305,57.708333333333336,11.652500000000002
2006-08-20,8510,10.0,1.917808219,5.725583799,0.739088807,,3641.636758,43.666666666666664,11.36625
2006-08-21,8511,11.5,1.917808219,7.133455307,2.083388211,,3319.616441,143.66666666666666,10.89125
2006-08-22,8512,2.0,1.917808219,3.685298883,3.025535899,5.9,4495.98339,162.58333333333334,12.297916666666666
2006-08-23,8513,6.75,1.643835616,3.065656425,2.45931231,,4881.87754,143.58333333333334,12.229166666666666
2006-08-24,8514,0.25,1.643835616,2.335902235,3.830205151,,5422.245047,240.625,10.177916666666667
2006-08-25,8515,9.0,1.643835616,2.094863128,2.719415366,,5708.534451,138.83333333333334,10.80375
2006-08-26,8516,12.0,1.643835616,3.411980447,1.585604551,,4690.895278,93.08333333333333,11.682083333333333
2006-08-27,8517,8.5,1.643835616,3.225494413,2.687098906,,4797.549048,149.375,11.012083333333335
2006-08-28,8518,4.5,1.643835616,2.94900838,2.455358948,,4944.118948,138.91666666666666,9.837916666666667
2006-08-29,8519,1.75,1.643835616,2.552631285,1.681327322,5.9,5251.846408,104.83333333333333,9.537916666666666
2006-08-30,8520,8.75,2.146574871,2.342086592,2.00276491,,5451.82098,124.83333333333333,10.437083333333334
2006-08-31,8521,41.25,0.323856929,10.97773743,0.923559727,,2505.781052,60.083333333333336,14.174166666666666
2006-09-01,8522,9.75,8.565991904,11.08065922,2.205394054,,2612.838129,114.91666666666667,12.62
2006-09-02,8523,23.5,3.478253064,9.763818436,0.39292596,,2835.537262,27.458333333333332,12.59375
2006-09-03,8524,10.0,3.700945534,13.2916676,0.903339814,,2345.76961,70.375,13.520416666666668
2006-09-04,8525,5.75,5.928495153,7.051122905,2.174420371,,3345.427086,126.95833333333333,12.706666666666665
2006-09-05,8526,1.0,3.032819403,5.185910615,2.502088078,6.3,3881.856801,132.5,15.655000000000001
2006-09-06,8527,8.25,3.133039622,4.460631285,1.533988562,,4177.104108,93.66666666666667,13.157916666666667
2006-09-07,8528,0.25,1.231891482,3.689673184,3.527580635,,4515.787769,221.625,10.264166666666666
2006-09-08,8529,0.0,0.0,3.075988827,4.071112999,,4873.808725,239.5,10.615833333333333
2006-09-09,8530,0.25,4.228396105,2.657815642,3.097191073,,5169.323748,174.08333333333334,11.524583333333332
2006-09-10,8531,0.0,0.0,2.332206704,4.384328803,,5440.368518,210.83333333333334,14.405
2006-09-11,8532,0.0,0.0,2.107181564,3.743065201,,5655.625243,180.5,15.638333333333334
2006-09-12,8533,0.5,2.286140638,1.925798883,2.23417961,6.1,5850.984972,120.125,14.725
2006-09-13,8534,0.0,0.0,1.759902235,2.737776369,,6046.156839,132.125,14.429166666666667
2006-09-14,8535,9.0,3.424657534,1.834139665,0.794472712,,5965.575017,49.625,11.532083333333333
2006-09-15,8536,0.0,0.0,1.610371508,3.573668654,,6238.275902,187.5,11.163333333333334
2006-09-16,8537,0.0,0.0,1.449527933,4.113145462,,6482.961393,203.16666666666666,13.17875
2006-09-17,8538,1.0,3.424657534,1.361790503,1.4440954,,6633.490523,88.54166666666667,12.83375
2006-09-18,8539,9.5,3.424657534,1.503276536,1.824973471,,6397.040735,95.91666666666667,11.313749999999999
2006-09-19,8540,0.25,3.424657534,1.410863128,2.332714197,6.2,6519.774765,136.16666666666666,10.274583333333334
2006-09-20,8541,0.0,0.0,1.226363128,2.311400358,,6871.364452,75.08333333333333,13.7875
2006-09-21,8542,0.5,4.072534105,1.116477654,3.920940685,,7097.974271,152.08333333333334,15.677083333333334
2006-09-22,8543,2.25,4.483803021,1.061497207,1.638772981,,7230.509034,101.75,11.6275
2006-09-23,8544,0.5,4.165767359,1.027106145,2.011958731,,7305.171513,104.5,12.829583333333334
2006-09-24,8545,6.0,2.306281812,1.116402235,1.82981767,,7103.46032,92.08333333333333,12.62625
2006-09-25,8546,0.0,0.0,0.982407821,2.854966314,,7413.867456,158.25,12.097916666666668
2006-09-26,8547,0.0,0.0,0.932958101,3.13050237,6.3,7546.112928,183.66666666666666,11.890833333333333
2006-09-27,8548,12.0,2.739726027,1.042994413,0.534584718,,7302.248229,28.25,12.094583333333333
2006-09-28,8549,6.25,2.739726027,1.646296089,1.233984125,,6161.602783,78.33333333333333,11.490833333333333
2006-09-29,8550,12.0,2.739726027,2.008131285,0.54062829,,5682.231445,48.083333333333336,9.92
2006-09-30,8551,12.25,2.739726027,2.202134078,1.167527779,,5574.575833,68.25,10.216666666666667
2006-10-01,8552,31.5,2.739726027,7.543458101,0.791528482,,2937.628387,39.375,10.092083333333333
2006-10-02,8553,18.25,2.739726027,11.13800279,0.839239904,,2599.858677,56.333333333333336,9.427916666666667
2006-10-03,8554,5.25,2.739726027,7.349304469,0.709142381,,3281.323621,57.25,7.569
2006-10-04,8555,0.5,3.287671233,5.135480447,1.686837531,,3894.039739,116.625,7.573125
2006-10-05,8556,74.25,3.287671233,29.83185754,0.303177212,,1010.162936,18.958333333333332,10.475833333333334
2006-10-06,8557,28.75,3.287671233,29.59763128,1.086864877,,1257.916131,62.958333333333336,10.535
2006-10-07,8558,0.5,3.287671233,12.96957821,1.740296453,,2340.428878,94.79166666666667,8.0945
2006-10-08,8559,1.25,3.287671233,7.181094972,1.716138827,,3312.636311,83.66666666666667,10.002083333333333
2006-10-09,8560,3.75,3.287671233,5.144329609,2.086119068,,3896.209801,145.45833333333334,9.437833333333334
2006-10-10,8561,0.5,3.287671233,3.962941341,1.578172129,6.1,4387.114449,82.41666666666667,10.290708333333333
2006-10-11,8562,18.25,3.150684932,6.94123743,0.80642313,,3380.645277,72.75,10.5625
2006-10-12,8563,1.0,3.150684932,4.526773743,0.568724963,,4129.412765,53.5,10.057916666666666
2006-10-13,8564,0.25,3.150684932,3.766801676,1.265824722,,4487.017178,71.58333333333333,10.303333333333333
2006-10-14,8565,0.0,0.0,3.313986034,1.042525732,,4731.812462,65.54166666666667,9.180416666666668
2006-10-15,8566,0.0,0.0,2.870949721,0.759516467,,5013.874367,38.416666666666664,8.975833333333332
2006-10-16,8567,1.75,3.150684932,2.559318436,0.346159308,,5251.780256,16.833333333333332,8.713666666666667
2006-10-17,8568,7.25,3.150684932,2.712921788,0.05751978,6.3,5133.540335,11.458333333333334,10.4075
2006-10-18,8569,0.0,0.0,2.465648045,0.616748302,,5316.649046,34.75,10.527916666666666
2006-10-19,8570,25.75,3.01369863,5.793159218,0.706885574,,3715.960615,43.666666666666664,10.314166666666667
2006-10-20,8571,14.0,3.01369863,10.38245531,0.440457451,,2754.750189,31.666666666666668,9.39875
2006-10-21,8572,17.0,3.01369863,13.55078212,1.132639363,,2378.131503,66.29166666666667,9.25125
2006-10-22,8573,9.0,3.01369863,16.43990782,0.385795824,,2029.062097,27.5,7.5144166666666665
2006-10-23,8574,5.0,3.01369863,9.042561453,0.726126618,,2934.733566,59.833333333333336,7.368958333333333
2006-10-24,8575,3.25,3.01369863,6.01501676,0.911122679,6.2,3615.792049,71.33333333333333,6.935875
2006-10-25,8576,18.5,5.068493151,13.52948883,0.002556664,,2173.83213,3.9583333333333335,8.055083333333334
2006-10-26,8577,4.75,5.068493151,10.86536313,1.049775004,,2618.54318,49.208333333333336,8.539125
2006-10-27,8578,2.0,5.068493151,6.496592179,0.41349142,,3488.191941,30.041666666666668,7.614041666666666
2006-10-28,8579,19.75,5.068493151,8.828120112,0.159892051,,3021.383912,18.958333333333332,11.589583333333332
2006-10-29,8580,0.5,5.068493151,6.776648045,1.226005359,,3414.712593,69.95833333333333,9.402833333333334
2006-10-30,8581,8.25,5.068493151,5.375639665,0.556186927,,3842.431824,50.875,10.78125
2006-10-31,8582,9.75,5.068493151,6.901290503,0.514618829,6.4,3402.325678,34.458333333333336,6.054125
2006-11-01,8583,0.0,0.0,5.016871508,0.971498119,,3947.697337,94.5,2.1180833333333333
2006-11-02,8584,0.0,0.0,4.12496648,0.55094541,,4310.538906,62.708333333333336,1.297
2006-11-03,8585,0.0,0.0,3.647840782,1.337537824,,4553.066088,90.79166666666667,2.527416666666667
2006-11-04,8586,0.5,3.97260274,3.220592179,0.979072734,,4787.779254,90.08333333333333,4.238625
2006-11-05,8587,0.0,0.0,2.862226257,0.598774334,,5022.30556,71.16666666666667,6.621833333333334
2006-11-06,8588,0.0,0.0,2.544787709,1.320689299,,5260.458742,82.91666666666667,6.7287083333333335
2006-11-07,8589,0.0,0.0,2.272927374,1.808271325,,5496.212995,84.41666666666667,8.031958333333334
2006-11-08,8590,24.25,3.97260274,4.338125698,0.346274525,6.7,4074.653207,21.458333333333332,7.943666666666666
2006-11-09,8591,0.0,0.0,3.304081006,0.406661852,,4692.426438,51.958333333333336,3.7849583333333334
2006-11-10,8592,26.25,3.01369863,5.636463687,0.417704505,,3556.475509,31.083333333333332,6.422750000000001
2006-11-11,8593,6.25,3.01369863,7.819893855,0.671907853,,3061.052123,23.333333333333332,5.861
2006-11-12,8594,19.5,3.01369863,6.466072626,0.41375031,,3566.340978,20.166666666666668,6.243083333333334
2006-11-13,8595,9.25,3.01369863,12.29802235,0.773271853,,2443.457878,36.625,8.315041666666668
2006-11-14,8596,31.5,3.01369863,11.95134637,0.319862552,7.9,2521.01782,15.041666666666666,7.186083333333333
2006-11-15,8597,18.75,6.02739726,21.93855587,0.280433217,,1623.975864,6.5,9.2125
2006-11-16,8598,10.0,6.02739726,11.32260335,0.30427232,,2602.192153,23.541666666666668,4.298625
2006-11-17,8599,7.25,6.02739726,8.735405028,0.31580777,,3019.66579,23.291666666666668,3.0228333333333333
2006-11-18,8600,10.25,6.02739726,8.040670391,0.531452741,,3160.944045,31.833333333333332,1.8544583333333333
2006-11-19,8601,34.75,6.02739726,15.16557821,0.585547289,,2100.495758,38.5,3.9287916666666667
2006-11-20,8602,17.25,6.02739726,25.49984078,0.830416824,,1330.764221,42.125,5.511875
2006-11-21,8603,7.25,6.02739726,10.17605866,0.577289575,6.5,2758.721068,22.416666666666668,2.7550416666666666
2006-11-22,8604,24.5,7.397260274,9.951234637,0.190347222,,2929.138043,11.791666666666666,4.976666666666667
2006-11-23,8605,18.75,7.397260274,19.23807821,0.483336977,,1784.047538,18.208333333333332,5.56225
2006-11-24,8606,18.75,7.397260274,15.13161453,0.113457329,,2193.746118,6.666666666666667,5.849875
2006-11-25,8607,7.5,7.397260274,14.31093017,0.402069014,,2227.928077,30.5,4.897083333333334
2006-11-26,8608,11.0,7.397260274,12.59801397,0.70284132,,2437.80704,46.833333333333336,6.007458333333333
2006-11-27,8609,8.0,7.397260274,9.041882682,0.616305411,,2961.429658,19.333333333333332,7.760833333333333
2006-11-28,8610,11.5,7.397260274,10.70962291,0.384182496,6.8,2686.040391,34.458333333333336,5.916625
2006-11-29,8611,2.75,14.10958904,7.177751397,0.1931072,,3333.262794,9.0,7.1598749999999995
2006-11-30,8612,3.25,14.10958904,5.520871508,1.060654353,,3782.843904,22.916666666666668,7.150916666666667
2006-12-01,8613,10.0,14.10958904,5.931,0.279341715,,3669.346794,17.041666666666668,7.4249583333333335
2006-12-02,8614,6.2316075,14.10958904,4.837801676,0.400195621,,4028.923951,20.208333333333332,4.912166666666667
2006-12-03,8615,24.98859262,14.10958904,14.69767877,0.58289005,,2166.047022,13.916666666666666,4.827541666666667
2006-12-04,8616,36.18939749,14.10958904,19.05257263,0.46096544,,1738.003407,13.291666666666666,7.004083333333334
2006-12-05,8617,47.17127191,14.10958904,41.89334078,0.487673955,9.5,835.8834169,14.5,6.039041666666667
2006-12-06,8618,21.41485211,21.64383562,25.06580447,0.335390623,,1456.458576,8.833333333333334,4.248833333333334
2006-12-07,8619,31.3792181,21.64383562,26.94248045,0.49566598,,1444.755073,8.166666666666666,4.93675
2006-12-08,8620,19.26956937,21.64383562,25.92847207,0.240230366,,1363.306466,21.833333333333332,2.8786666666666663
2006-12-09,8621,8.467001255,21.64383562,15.75482682,0.198824436,,2122.754683,24.666666666666668,1.593
2006-12-10,8622,63.7868381,21.64383562,32.94718994,0.142491843,,981.8489359,6.416666666666667,5.511083333333333
2006-12-11,8623,55.41961577,21.64383562,61.03448045,0.539770786,,265.7186139,25.375,5.175208333333333
2006-12-12,8624,17.73880947,21.64383562,18.69036034,0.339728501,11.1,1848.788199,4.208333333333333,5.1297500000000005
2006-12-13,8625,10.96916183,4.109589041,12.39448324,0.254502828,,2472.040597,8.041666666666666,7.357
2006-12-14,8626,28.53158237,4.109589041,16.32411453,0.114962715,,2154.293795,7.125,8.345833333333333
2006-12-15,8627,37.27368388,4.109589041,35.51963128,0.074347701,,1071.872316,5.875,5.8503333333333325
2006-12-16,8628,6.922588515,4.109589041,15.8054581,0.146355359,,2071.246002,15.166666666666666,2.533583333333333
2006-12-17,8629,4.358538345,4.109589041,9.685458101,0.202082462,,2833.720105,15.833333333333334,3.4109166666666666
2006-12-18,8630,6.233857665,4.109589041,8.118930168,0.127209322,,3136.016591,13.541666666666666,3.719708333333333
2006-12-19,8631,0.635447715,4.109589041,6.105343575,0.417321808,8.8,3605.701769,37.416666666666664,2.362
2006-12-20,8632,0.87332589,8.219178082,4.877824022,0.418033078,,4005.556948,42.333333333333336,1.2299583333333335
2006-12-21,8633,0.170821025,8.219178082,4.129189944,0.393269953,,4312.105168,45.041666666666664,1.390875
2006-12-22,8634,0.32865642,8.219178082,3.605530726,0.263200327,,4571.547456,30.291666666666668,1.215375
2006-12-23,8635,0.08004278,8.219178082,3.193315642,0.071828694,,4804.778531,48.083333333333336,-1.3907083333333334
2006-12-24,8636,0.25,8.219178082,2.836910615,0.146323953,,5041.359833,15.375,-2.0383333333333336
2006-12-25,8637,0.75,8.219178082,2.625385475,0.100067036,,5201.139254,9.0,0.25170833333333337
2006-12-26,8638,0.5,8.219178082,2.399002793,0.115855127,,5383.671413,10.75,-0.7019166666666666
2006-12-27,8639,4.25,8.219178082,2.416751397,0.110939958,,5378.778566,6.458333333333333,2.379916666666667
2006-12-28,8640,2.0,8.219178082,2.411572626,0.059853652,,5370.243758,22.625,5.593374999999999
2006-12-29,8641,33.75,8.219178082,5.386374302,0.248454643,,4207.197191,4.083333333333333,7.492249999999999
2006-12-30,8642,38.0,8.219178082,23.43469274,0.392756761,,1529.737716,5.25,4.98075
2006-12-31,8643,13.25,8.219178082,17.35996927,0.589653208,,1927.89299,6.75,5.492291666666667
2007-01-01,8644,15.0,8.219178082,13.52139385,0.460875373,,2345.444402,12.708333333333334,2.5690833333333334
2007-01-02,8645,0.5,8.219178082,9.656798883,0.395399879,8.5,2824.660793,6.0,3.493375
2007-01-03,8646,31.75,5.068493151,11.97216201,0.320048794,,2560.706171,5.833333333333333,6.88825
2007-01-04,8647,2.25,5.068493151,11.08355028,0.389790665,,2596.540082,7.125,4.696041666666667
2007-01-05,8648,12.75,5.068493151,9.25647486,0.218115351,,2929.449828,10.958333333333334,5.283666666666666
2007-01-06,8649,8.75,5.068493151,8.103469274,0.172095439,,3144.653115,9.166666666666666,4.264333333333333
2007-01-07,8650,69.25,5.068493151,38.94697207,0.249068242,,906.1774064,6.333333333333333,6.595375
2007-01-08,8651,19.25,5.068493151,25.35983799,0.12593982,,1371.722789,4.75,5.956791666666667
2007-01-09,8652,48.75,5.068493151,42.1800838,0.212576929,8.3,854.5777535,4.25,7.179791666666667
2007-01-10,8653,22.5,7.671232877,24.10936592,0.37157339,,1501.740685,17.0,3.237666666666667
2007-01-11,8654,47.5,7.671232877,44.09386592,0.585785713,,717.5507954,7.791666666666667,5.639666666666667
2007-01-12,8655,11.5,7.671232877,13.24737151,0.280080684,,2359.837966,12.25,7.127291666666667
2007-01-13,8656,24.25,7.671232877,16.89066201,0.336624643,,2008.446433,12.041666666666666,5.869916666666666
2007-01-14,8657,0.0,0.0,11.71714525,0.435533066,,2524.759046,31.583333333333332,3.1665833333333335
2007-01-15,8658,2.5,7.671232877,7.619329609,0.524458463,,3225.48911,17.333333333333332,5.035583333333333
2007-01-16,8659,11.25,7.671232877,7.083402235,0.171430265,8.1,3373.859058,11.125,4.8575
2007-01-17,8660,33.0,12.05479452,12.54627654,0.802954443,,2489.872164,31.291666666666668,3.5411249999999996
2007-01-18,8661,35.5,12.05479452,33.65140223,0.648886956,,977.4530613,8.875,5.99325
2007-01-19,8662,27.75,12.05479452,14.30406704,0.398563872,,2317.067994,22.125,7.042833333333333
2007-01-20,8663,18.25,12.05479452,26.10771788,0.918640529,,1289.174758,22.708333333333332,3.9874166666666664
2007-01-21,8664,14.5,12.05479452,13.68271508,0.554266881,,2345.065422,25.375,1.167125
2007-01-22,8665,2.5,12.05479452,10.17125698,0.216452557,,2753.377614,62.708333333333336,-1.1704583333333334
2007-01-23,8666,1.0,12.05479452,7.147558659,0.03023263,8.7,3336.3218,58.625,-2.285833333333333
2007-01-24,8667,1.0,18.25003119,5.51926257,0.336266347,,3780.029642,45.083333333333336,-0.40891666666666665
2007-01-25,8668,0.75,2.325355834,4.402835196,0.521209704,,4190.032711,83.95833333333333,-1.6136249999999999
2007-01-26,8669,4.25,2.849788452,4.086402235,0.157593265,,4348.659208,13.291666666666666,2.1443333333333334
2007-01-27,8670,0.0,0.0,3.906955307,0.322555467,,4416.476412,33.166666666666664,2.8435
2007-01-28,8671,1.25,3.154533311,3.478399441,0.307203423,,4642.132171,19.833333333333332,3.103291666666667
2007-01-29,8672,0.0,0.0,3.11027933,0.309419194,,4857.991138,24.75,3.6039583333333334
2007-01-30,8673,0.0,0.0,2.828765363,0.252443016,,5048.375643,26.583333333333332,1.8086666666666666
2007-01-31,8674,1.25,8.554724884,2.631167598,0.304854757,8.4,5199.139579,26.375,4.800625
2007-02-01,8675,0.25,16.10712975,2.450689944,0.635891418,,5339.99114,49.25,6.560125
2007-02-02,8676,0.5,5.485617152,2.243312849,0.585562298,,5523.21818,69.875,3.5500416666666665
2007-02-03,8677,0.25,2.123962034,2.041818436,1.144682172,,5724.820169,83.75,3.1310416666666665
2007-02-04,8678,0.0,0.0,1.888265363,1.147066321,,5894.880404,74.79166666666667,5.5992500000000005
2007-02-05,8679,0.0,0.0,1.761511173,0.739641296,,6045.948294,83.58333333333333,0.4605833333333333
2007-02-06,8680,0.0,0.0,1.631312849,0.583708542,9.5,6217.377681,67.79166666666667,-2.0685416666666665
2007-02-07,8681,0.0,0.0,1.516248603,0.780082851,,6384.082911,122.66666666666667,-3.2140833333333334
2007-02-08,8682,0.0,0.0,1.530477654,0.055847496,,6364.120906,22.583333333333332,-3.27675
2007-02-09,8683,0.0,0.0,1.430044693,0.0,,6519.631049,6.458333333333333,-2.5523333333333333
2007-02-10,8684,5.75,5.479452055,1.664648045,0.0,,6252.893607,3.8333333333333335,-0.04808333333333331
2007-02-11,8685,25.0,5.479452055,12.32653073,0.507159473,,2489.705346,53.166666666666664,3.279875
2007-02-12,8686,27.0,5.479452055,23.33244972,0.231708127,,1571.629513,13.75,3.3706666666666667
2007-02-13,8687,8.25,5.479452055,13.95522905,0.417679273,8.8,2260.752488,34.5,3.076708333333333
2007-02-14,8688,0.0,0.0,7.647687151,1.116746256,,3193.315984,98.45833333333333,2.9440833333333334
2007-02-15,8689,8.5,1.506849315,5.303513966,1.191102477,,3877.946315,44.791666666666664,5.573291666666666
2007-02-16,8690,20.5,1.506849315,9.927150838,0.146318792,,2772.961732,13.583333333333334,3.4259166666666663
2007-02-17,8691,0.25,1.506849315,8.502159218,0.688376235,,3004.830859,60.541666666666664,3.8718749999999997
2007-02-18,8692,0.5,1.506849315,5.560843575,0.793653581,,3760.970214,57.416666666666664,3.1069583333333335
2007-02-19,8693,0.75,1.506849315,4.335837989,0.303993433,,4217.311917,17.5,4.3633750000000004
2007-02-20,8694,6.0,1.506849315,3.789276536,0.892440815,,4481.759465,61.166666666666664,5.727125
2007-02-21,8695,6.25,1.506849315,3.670315642,0.86654777,8.0,4546.328981,68.875,4.158625
2007-02-22,8696,10.75,2.191780822,5.518608939,0.511269591,,3769.141157,30.333333333333332,6.143458333333334
2007-02-23,8697,10.0,2.191780822,4.721053073,0.316064303,,4116.203539,22.0,4.999208333333333
2007-02-24,8698,20.25,2.191780822,9.184726257,0.419262331,,2959.333979,36.5,4.63725
2007-02-25,8699,12.5,2.191780822,12.36411453,0.369325399,,2486.224874,26.166666666666668,3.878083333333333
2007-02-26,8700,1.5,2.191780822,8.160083799,1.199431782,,3098.141714,89.83333333333333,2.94
2007-02-27,8701,29.5,2.191780822,15.47376536,0.300543927,5.3,2112.401517,18.75,6.176875
2007-02-28,8702,10.25,9.178082192,11.2664162,0.773140101,,2613.279683,38.25,4.308791666666667
2007-03-01,8703,1.0,9.178082192,7.619907821,0.686844105,,3213.31323,51.166666666666664,1.9631666666666667
2007-03-02,8704,9.75,9.178082192,5.646821229,0.83574446,,3770.437399,56.708333333333336,2.767708333333333
2007-03-03,8705,1.25,9.178082192,6.00222067,0.76809755,,3608.7997,54.375,3.6327916666666664
2007-03-04,8706,28.5,9.178082192,11.11540223,0.162641773,,2452.704771,10.166666666666666,3.9093750000000003
2007-03-05,8707,25.75,9.178082192,13.56136592,0.746993813,,2390.471182,52.541666666666664,3.451791666666667
2007-03-06,8708,26.25,9.178082192,28.52864246,1.801452076,9.5,1200.06176,123.125,4.810333333333333
2007-03-07,8709,0.0,0.0,11.33321229,1.498525691,,2553.413492,119.70833333333333,3.70425
2007-03-08,8710,12.5,6.98630137,8.021388268,1.330793954,,3179.351063,104.75,4.000083333333333
2007-03-09,8711,0.0,0.0,7.107787709,1.014613203,,3307.000865,87.5,3.5465
2007-03-10,8712,0.25,6.98630137,5.163259777,1.468283082,,3900.343856,123.83333333333333,5.376083333333334
2007-03-11,8713,0.0,0.0,4.295865922,1.021224258,,4236.967326,66.375,5.928333333333334
2007-03-12,8714,6.5,6.98630137,4.038913408,1.227138289,,4357.288474,103.125,4.9134166666666665
2007-03-13,8715,0.75,6.98630137,3.417134078,1.43735623,7.9,4673.218563,113.625,4.3577916666666665
2007-03-14,8716,0.5,7.260273973,3.006804469,2.099008806,,4922.299926,147.91666666666666,5.337958333333333
2007-03-15,8717,9.0,7.260273973,3.037198324,0.511859533,,4914.349381,45.375,4.453791666666667
2007-03-16,8718,0.5,7.260273973,2.80802514,0.960251379,,5050.94093,85.25,3.127041666666667
2007-03-17,8719,26.75,7.260273973,5.116148045,0.916820979,,3826.351393,71.0,5.734125
2007-03-18,8720,7.75,7.260273973,9.101790503,0.907708346,,2832.387447,71.91666666666667,0.7856666666666667
2007-03-19,8721,9.25,7.260273973,5.281240223,0.797370274,,3861.322092,119.41666666666667,-0.34941666666666665
2007-03-20,8722,0.75,7.260273973,4.347527933,0.783764742,8.8,4214.110735,176.83333333333334,-1.238625
2007-03-21,8723,1.5,6.419994768,3.733365922,1.645304705,,4506.973182,178.125,-1.1682916666666665
2007-03-22,8724,3.75,1.600919534,4.21496648,1.469743261,,4289.761485,107.16666666666667,4.49325
2007-03-23,8725,0.0,0.0,3.574986034,1.553408478,,4584.745525,107.54166666666667,3.1060416666666666
2007-03-24,8726,0.0,0.0,3.165863128,2.61211534,,4823.750007,182.20833333333334,2.784125
2007-03-25,8727,0.0,0.0,2.865569832,1.516571407,,5020.898962,103.375,4.433583333333334
2007-03-26,8728,0.0,0.0,2.602256983,1.749148291,,5217.103854,146.25,4.541541666666666
2007-03-27,8729,0.25,2.879975503,2.395106145,2.411860534,7.9,5389.437501,177.45833333333334,5.411083333333334
2007-03-28,8730,0.0,0.0,2.199871508,2.2398715,,5566.340444,160.45833333333334,5.112541666666666
2007-03-29,8731,3.0,1.877663025,2.046268156,1.568451808,,5720.146769,139.75,1.385375
2007-03-30,8732,1.75,3.288582886,1.918156425,0.220112805,,5861.447143,15.166666666666666,3.111083333333333
2007-03-31,8733,0.0,0.0,1.729583799,2.569913933,,6082.730944,169.70833333333334,4.917458333333333
2007-04-01,8734,0.0,0.0,1.575175978,3.019318792,,6294.670392,221.0,4.567583333333333
2007-04-02,8735,0.0,0.0,1.463882682,3.275148875,,6464.487873,223.58333333333334,5.545999999999999
2007-04-03,8736,0.0,0.0,1.383460894,1.281454078,7.4,6593.095562,75.29166666666667,2.5900833333333333
2007-04-04,8737,0.0,0.0,1.295019553,3.450382843,,6748.951344,226.45833333333334,4.765791666666667
2007-04-05,8738,0.0,0.0,1.212486034,4.551102848,,6903.818219,255.29166666666666,8.493791666666667
2007-04-06,8739,0.0,0.0,1.149486034,3.817040806,,7032.688843,227.33333333333334,7.90975
2007-04-07,8740,0.0,0.0,1.084977654,4.002640576,,7171.128759,245.20833333333334,7.529208333333333
2007-04-08,8741,0.0,0.0,1.031530726,4.169277697,,7296.398674,244.66666666666666,7.810041666666667
2007-04-09,8742,0.0,0.0,0.992463687,2.871049151,,7393.126465,233.83333333333334,6.327500000000001
2007-04-10,8743,0.0,0.0,0.954829609,2.503454222,6.8,7487.941462,146.25,7.88025
2007-04-11,8744,0.0,0.0,0.925039106,3.869641401,,7570.630909,194.95833333333334,9.240083333333333
2007-04-12,8745,0.0,0.0,0.909326816,2.974840026,,7612.522024,143.375,9.999666666666666
2007-04-13,8746,0.0,0.0,0.883608939,2.874978816,,7685.688158,173.70833333333334,9.724666666666666
2007-04-14,8747,0.0,0.0,0.856256983,4.611350071,,7765.002981,225.45833333333334,14.275
2007-04-15,8748,0.0,0.0,0.830086592,4.571635103,,7844.371868,236.625,13.187916666666666
2007-04-16,8749,0.0,0.0,0.813796089,3.370407594,,7894.843838,198.70833333333334,10.255458333333333
2007-04-17,8750,0.0,0.0,0.788354749,3.534793921,7.0,7978.752849,226.08333333333334,6.432666666666667
2007-04-18,8751,0.0,0.0,0.77548324,4.383100861,,8019.644969,269.2083333333333,7.040958333333333
2007-04-19,8752,0.0,0.0,0.756251397,3.451497598,,8086.85438,255.79166666666666,6.9355416666666665
2007-04-20,8753,0.0,0.0,0.741318436,4.095337388,,8139.66503,225.58333333333334,8.45425
2007-04-21,8754,0.0,0.0,0.726159218,5.606991068,,8194.33217,257.4583333333333,10.89
2007-04-22,8755,0.75,0.273972603,0.716430168,2.368943375,,8230.825723,125.70833333333333,9.671666666666667
2007-04-23,8756,39.5,0.273972603,1.464511173,0.74128354,,6641.64263,49.625,10.336666666666668
2007-04-24,8757,12.0,0.273972603,3.837393855,0.855608853,8.5,4215.208178,54.958333333333336,9.715833333333334
2007-04-25,8758,0.75,1.371465692,1.420340782,1.499909402,,6490.464418,107.125,7.635666666666666
2007-04-26,8759,0.0,0.0,1.098955307,4.160393158,,7127.656576,234.08333333333334,8.71375
2007-04-27,8760,0.0,0.0,0.983539106,2.716603264,,7411.88428,183.25,8.533583333333334
2007-04-28,8761,0.0,0.0,0.918553073,5.234079451,,7584.273815,288.375,9.744708333333334
2007-04-29,8762,0.0,0.0,0.894494413,3.77397435,,7653.569394,229.41666666666666,8.712041666666666
2007-04-30,8763,0.0,0.0,0.857941341,4.494180554,,7756.797127,267.875,8.692416666666666
2007-05-01,8764,0.0,0.0,0.819326816,5.796026158,7.4,7875.502869,314.6666666666667,9.672208333333334
2007-05-02,8765,0.0,0.0,0.797932961,5.240807828,,7948.649485,309.875,9.443958333333333
2007-05-03,8766,0.0,0.0,0.784407821,4.833508932,,7991.924902,300.2083333333333,9.539708333333333
2007-05-04,8767,0.0,0.0,0.775784916,4.367842819,,8019.830033,286.875,7.500875
2007-05-05,8768,0.0,0.0,0.760399441,5.482469216,,8074.769937,296.7916666666667,9.132791666666668
2007-05-06,8769,8.5,4.657534247,0.787625698,2.33501198,,7988.012414,165.91666666666666,8.243666666666668
2007-05-07,8770,6.0,4.657534247,0.841122905,1.657773307,,7811.642007,106.95833333333333,7.567041666666667
2007-05-08,8771,21.25,4.657534247,1.386854749,1.081578682,8.0,6550.195008,70.20833333333333,6.848
2007-05-09,8772,30.75,2.054794521,5.019511173,1.307787502,,3250.388863,82.0,7.564666666666667
2007-05-10,8773,1.75,2.054794521,3.711871508,2.423249009,,4294.117775,181.0,6.847124999999999
2007-05-11,8774,16.25,2.054794521,3.347648045,1.570520914,,4634.447038,111.625,6.876458333333333
2007-05-12,8775,4.25,2.054794521,4.195835196,2.012093334,,4261.096787,140.91666666666666,7.6955833333333326
2007-05-13,8776,22.0,2.054794521,6.916198324,0.632207528,,3251.525855,38.375,6.891875
2007-05-14,8777,3.5,2.054794521,7.614377095,3.369468446,,3134.738368,228.04166666666666,6.4707083333333335
2007-05-15,8778,11.0,2.054794521,7.342114525,3.093032764,7.5,3284.931767,202.08333333333334,7.955041666666666
2007-05-16,8779,31.5,5.616438356,10.20215363,1.07550391,,2647.412637,72.91666666666667,8.067333333333334
2007-05-17,8780,7.75,5.616438356,17.0087933,1.977518888,,1908.034356,109.33333333333333,11.566666666666668
2007-05-18,8781,6.0,5.616438356,8.306547486,2.693029305,,3079.412866,214.08333333333334,8.621291666666666
2007-05-19,8782,12.5,5.616438356,7.902201117,2.351737865,,3169.796928,175.91666666666666,6.695166666666666
2007-05-20,8783,0.0,0.0,5.191667598,3.940676223,,3880.784379,241.66666666666666,7.06075
2007-05-21,8784,0.0,0.0,4.051835196,5.02732201,,4340.781079,266.7916666666667,9.321791666666668
2007-05-22,8785,0.0,0.0,3.385885475,2.433684484,7.4,4688.064374,150.625,8.485541666666666
2007-05-23,8786,0.0,0.0,2.847620112,5.419126212,,5026.39373,295.75,11.860416666666666
2007-05-24,8787,0.0,0.0,2.455592179,4.148637293,,5332.454406,230.95833333333334,12.000833333333333
2007-05-25,8788,2.0,2.248356241,2.214678771,4.359733639,,5543.927178,267.7083333333333,9.002208333333334
2007-05-26,8789,0.0,0.0,1.893896648,3.067569807,,5884.204237,221.45833333333334,5.79175
2007-05-27,8790,8.0,2.480043536,1.898773743,0.47414714,,5888.662944,35.458333333333336,3.696875
2007-05-28,8791,0.25,2.606996623,1.68672067,3.949117694,,6130.292739,293.75,4.987791666666666
2007-05-29,8792,0.25,5.151799596,1.489399441,5.045065236,7.6,6421.657993,366.0,5.1615
2007-05-30,8793,12.0,2.328767123,2.062684358,1.039674966,,5626.037005,70.875,6.212791666666667
2007-05-31,8794,5.0,2.328767123,1.850656425,2.7539215,,5917.183744,165.875,9.136666666666667
2007-06-01,8795,0.25,2.328767123,1.593955307,4.038292116,,6261.666033,216.54166666666666,11.635
2007-06-02,8796,0.0,0.0,1.391405028,4.840787922,,6574.591719,252.45833333333334,13.475833333333334
2007-06-03,8797,0.0,0.0,1.309248603,2.028329415,,6724.061791,115.91666666666667,12.154166666666667
2007-06-04,8798,0.0,0.0,1.238153631,3.63666992,,6855.016052,187.33333333333334,12.745
2007-06-05,8799,0.0,0.0,1.170703911,5.957523343,6.8,6989.539133,309.9583333333333,12.757083333333334
2007-06-06,8800,0.0,0.0,1.108910615,6.206252142,,7114.336601,333.25,12.103333333333333
2007-06-07,8801,0.0,0.0,1.056343575,3.071470029,,7240.946843,177.08333333333334,10.446666666666667
2007-06-08,8802,0.0,0.0,1.016421788,5.819668038,,7330.884941,307.2916666666667,13.706666666666665
2007-06-09,8803,0.0,0.0,0.963905028,6.409938841,,7463.750582,277.1666666666667,15.918333333333335
2007-06-10,8804,6.25,1.0426273,0.96526257,3.689135303,,7504.343517,165.29166666666666,16.050416666666667
2007-06-11,8805,2.0,1.95171184,1.054382682,5.10914412,,7198.04212,249.66666666666666,15.01375
2007-06-12,8806,0.5,11.71574232,0.938337989,2.576932287,7.3,7532.424039,158.375,11.635833333333332
2007-06-13,8807,2.25,0.547945205,0.912444134,2.244710619,,7604.203655,129.375,12.206249999999999
2007-06-14,8808,17.25,0.547945205,1.446410615,1.017863248,,6361.713065,51.375,11.406666666666666
2007-06-15,8809,20.75,0.547945205,3.710463687,2.466096774,,4481.010466,137.20833333333334,10.445416666666667
2007-06-16,8810,0.25,0.547945205,2.553913408,3.141084741,,5159.033309,196.66666666666666,9.65875
2007-06-17,8811,3.0,0.547945205,1.705223464,3.134190611,,6106.347016,171.83333333333334,10.974166666666667
2007-06-18,8812,5.5,0.547945205,1.761460894,1.038263328,,6053.140151,69.125,10.444166666666666
2007-06-19,8813,2.5,0.547945205,1.67397486,2.651182755,6.9,6157.598033,142.58333333333334,12.464583333333332
2007-06-20,8814,3.0,1.232876712,1.568891061,2.423240291,,6306.926249,149.125,11.191666666666668
2007-06-21,8815,4.75,1.232876712,1.620804469,1.571137724,,6244.264777,87.70833333333333,10.836666666666666
2007-06-22,8816,9.25,1.232876712,2.187402235,2.555435308,,5530.144375,136.08333333333334,11.390833333333333
2007-06-23,8817,13.25,1.232876712,2.80196648,2.727369992,,5053.363833,168.0,10.017083333333334
2007-06-24,8818,2.25,1.232876712,3.516611732,3.208166135,,4543.132466,210.29166666666666,9.478333333333333
2007-06-25,8819,37.0,1.232876712,15.15537151,0.793606859,,1968.676271,52.916666666666664,8.616625
2007-06-26,8820,0.75,1.232876712,7.48048324,4.171446844,8.2,3204.191675,283.25,8.2845
2007-06-27,8821,5.0,2.465753425,4.940522346,2.207382992,,3974.947441,148.375,8.062666666666667
2007-06-28,8822,26.0,2.465753425,4.441173184,2.948711306,,4306.550132,190.16666666666666,9.116541666666667
2007-06-29,8823,11.5,2.465753425,14.53324022,3.359024465,,2167.420565,224.08333333333334,10.387916666666667
2007-06-30,8824,28.75,2.465753425,14.76271508,0.968038606,,2161.099687,59.416666666666664,12.151666666666666
2007-07-01,8825,16.5,2.465753425,15.01182402,1.65871307,,2185.845797,105.20833333333333,11.002083333333333
2007-07-02,8826,18.0,2.465753425,18.6375419,1.648205218,,1872.088857,96.79166666666667,10.594166666666666
2007-07-03,8827,25.25,2.465753425,14.51931285,2.027736741,6.9,2307.119137,122.70833333333333,9.62
2007-07-04,8828,30.25,5.479452055,26.10854749,0.623410013,,1426.378387,40.916666666666664,9.755833333333333
2007-07-05,8829,29.25,5.479452055,24.12673743,1.45117137,,1501.243482,91.70833333333333,10.406666666666666
2007-07-06,8830,4.25,5.479452055,17.20103631,1.228128628,,1933.899724,60.541666666666664,9.659166666666666
2007-07-07,8831,6.0,5.479452055,10.2030838,4.245643114,,2750.113058,271.75,9.959166666666667
2007-07-08,8832,2.0,5.479452055,6.612284916,2.977641265,,3460.03491,206.58333333333334,9.650833333333333
2007-07-09,8833,17.5,5.479452055,5.810882682,3.520121845,,3739.534347,223.54166666666666,9.517916666666666
2007-07-10,8834,4.75,5.479452055,8.405723464,2.550108067,6.9,3034.234579,158.83333333333334,10.173333333333334
2007-07-11,8835,0.25,0.945205479,5.135807263,3.60761869,,3905.783727,216.75,10.218333333333334
2007-07-12,8836,3.5,0.945205479,4.47599162,2.61107821,,4167.005715,186.04166666666666,12.795
2007-07-13,8837,35.25,0.945205479,15.47286034,0.607402117,,1904.221748,32.958333333333336,11.803333333333333
2007-07-14,8838,1.5,0.945205479,11.22463408,2.739041355,,2552.384093,161.04166666666666,11.42125
2007-07-15,8839,6.0,0.945205479,6.856441341,0.748192601,,3417.058481,45.375,10.764166666666668
2007-07-16,8840,0.0,0.0,5.450807263,4.406322853,,3785.431934,242.58333333333334,12.784583333333332
2007-07-17,8841,14.5,0.945205479,5.328326816,2.64504123,6.62,3858.740384,163.41666666666666,11.5725
2007-07-18,8842,0.5,0.506849315,4.919455307,4.206465011,,3954.137946,263.7916666666667,11.495833333333332
2007-07-19,8843,5.5,0.506849315,3.908187151,4.523496678,,4421.071377,225.29166666666666,12.225
2007-07-20,8844,60.75,0.506849315,25.41046927,0.282861044,,1308.387854,18.833333333333332,9.794166666666667
2007-07-21,8845,7.0,0.506849315,17.64055307,1.163993062,,1889.908328,78.875,8.484166666666667
2007-07-22,8846,11.25,0.506849315,13.0726257,1.781655623,,2398.165066,104.875,10.34375
2007-07-23,8847,2.75,0.506849315,10.0562933,1.467723274,,2764.620637,92.04166666666667,10.80625
2007-07-24,8848,0.0,0.0,6.596949721,3.673865419,6.52,3462.676789,242.33333333333334,10.799583333333333
2007-07-25,8849,18.0,1.904109589,9.94874581,2.953553062,,2746.68634,175.875,12.205833333333333
2007-07-26,8850,37.25,1.904109589,22.69802514,1.458200282,,1518.02813,77.41666666666667,11.356666666666667
2007-07-27,8851,2.0,1.904109589,11.71151397,2.669540663,,2509.96417,141.33333333333334,11.4425
2007-07-28,8852,6.0,1.904109589,7.275821229,4.281798594,,3306.509337,268.9166666666667,10.692083333333334
2007-07-29,8853,0.0,0.0,5.575927374,4.533155385,,3747.830873,289.375,9.760416666666666
2007-07-30,8854,0.25,1.904109589,4.350117318,3.866439426,,4210.714564,231.75,9.466708333333333
2007-07-31,8855,0.0,0.0,3.655156425,5.182219743,6.67,4542.119551,234.625,11.885
2007-08-01,8856,0.0,0.0,3.143337989,5.052562606,,4832.194895,274.0,12.318333333333333
2007-08-02,8857,0.0,0.0,2.7315,3.74026413,,5112.271501,219.58333333333334,11.800833333333335
2007-08-03,8858,1.5,5.702095445,2.433670391,2.75759946,,5356.745917,170.41666666666666,13.041666666666666
2007-08-04,8859,5.75,0.963111278,2.401868715,0.943236093,,5383.764044,66.70833333333333,13.454583333333334
2007-08-05,8860,1.75,0.772878193,2.036287709,5.32747458,,5723.628318,270.9583333333333,14.964999999999998
2007-08-06,8861,4.25,1.409898862,1.918784916,3.619969049,,5856.446724,226.16666666666666,10.8075
2007-08-07,8862,2.75,1.310049403,1.768374302,3.084288699,6.79,6037.721673,185.0,9.850833333333332
2007-08-08,8863,0.25,2.369863014,1.586564246,5.429333886,,6278.617576,327.8333333333333,10.592125
2007-08-09,8864,0.0,0.0,1.43773743,5.618525775,,6500.129172,312.6666666666667,11.617916666666666
2007-08-10,8865,0.5,2.369863014,1.357793296,1.91469407,,6640.947958,111.79166666666667,11.90625
2007-08-11,8866,1.0,2.369863014,1.269326816,5.23757598,,6791.313641,274.0416666666667,13.244166666666667
2007-08-12,8867,8.5,2.369863014,1.313899441,3.075471202,,6718.047905,186.45833333333334,11.174999999999999
2007-08-13,8868,11.5,2.369863014,1.467452514,2.831213338,,6460.676418,159.125,11.09125
2007-08-14,8869,17.75,2.369863014,2.846187151,1.045833028,6.53,4995.576973,58.416666666666664,13.217083333333333
2007-08-15,8870,8.5,2.917808219,2.958310056,2.250369788,,4927.921972,129.16666666666666,11.418750000000001
2007-08-16,8871,3.5,2.917808219,2.331829609,2.716079282,,5431.579645,175.08333333333334,9.231250000000001
2007-08-17,8872,4.75,2.917808219,1.970547486,2.364261907,,5809.522549,136.58333333333334,10.206249999999999
2007-08-18,8873,13.75,2.917808219,3.482723464,1.251745405,,4615.166241,67.91666666666667,11.830416666666666
2007-08-19,8874,1.75,2.917808219,3.968622905,0.721282827,,4364.52393,42.666666666666664,9.221666666666666
2007-08-20,8875,0.25,2.917808219,2.886812849,2.782504135,,4991.663203,156.45833333333334,9.18175
2007-08-21,8876,0.0,0.0,2.386382682,3.3413433,5.75,5390.833424,184.41666666666666,11.893333333333333
2007-08-22,8877,0.0,0.0,2.108312849,5.338005325,,5650.704402,278.6666666666667,14.339166666666666
2007-08-23,8878,0.0,0.0,1.89296648,5.915142632,,5886.434611,258.0416666666667,14.540833333333333
2007-08-24,8879,0.0,0.0,1.775162011,4.657067516,,6030.486636,256.875,14.289166666666667
2007-08-25,8880,0.0,0.0,1.670631285,5.089864223,,6165.266724,273.625,14.941249999999998
2007-08-26,8881,0.0,0.0,1.568664804,4.095676611,,6305.335483,215.54166666666666,12.174166666666666
2007-08-27,8882,0.0,0.0,1.468256983,2.676502137,,6457.412292,150.33333333333334,9.849708333333334
2007-08-28,8883,0.0,0.0,1.376321229,3.088652048,6.75,6605.14411,154.0,10.97875
2007-08-29,8884,0.0,0.0,1.306784916,2.72163656,,6728.35177,154.79166666666666,10.022083333333333
2007-08-30,8885,0.75,3.095890411,1.252407821,1.883499288,,6829.549881,111.91666666666667,11.495
2007-08-31,8886,2.75,3.095890411,1.232723464,1.048769004,,6870.483554,53.208333333333336,11.324583333333335
2007-09-01,8887,0.25,3.095890411,1.207684358,1.124362853,,6922.747354,69.08333333333333,11.702083333333334
2007-09-02,8888,25.25,3.095890411,2.394804469,1.00990815,,5164.954985,71.0,12.249166666666667
2007-09-03,8889,0.0,0.0,1.668670391,3.500224485,,6074.849744,210.45833333333334,9.965416666666666
2007-09-04,8890,0.25,3.095890411,1.280639665,4.568581439,6.49,6773.502136,245.58333333333334,10.429208333333333
2007-09-05,8891,0.0,0.0,1.255877095,2.292660344,,6825.705853,117.79166666666667,12.923333333333334
2007-09-06,8892,0.0,0.0,1.18272067,3.179091036,,6949.755878,169.83333333333334,15.344583333333333
2007-09-07,8893,0.0,0.0,1.092041899,3.097942802,,7156.446654,168.625,14.014583333333334
2007-09-08,8894,0.25,2.168403381,1.029293296,3.01655137,,7300.260958,161.95833333333334,12.285833333333334
2007-09-09,8895,0.0,0.0,0.980522346,1.375302288,,7422.48198,72.33333333333333,11.232083333333334
2007-09-10,8896,0.25,4.354979208,0.944698324,3.08624493,,7514.787928,179.375,11.034458333333333
2007-09-11,8897,0.25,5.402136204,0.901256983,3.778283034,6.19,7632.777933,205.54166666666666,10.685
2007-09-12,8898,0.0,0.0,0.874860335,1.481626482,,7711.110361,83.45833333333333,12.885416666666666
2007-09-13,8899,0.0,0.0,0.846251397,2.535897151,,7793.062708,125.25,13.07875
2007-09-14,8900,6.0,3.945205479,0.91352514,2.023512717,,7598.063698,137.29166666666666,10.161666666666667
2007-09-15,8901,0.25,3.945205479,0.825888268,2.755503986,,7854.730076,158.45833333333334,10.614583333333334
2007-09-16,8902,14.25,3.945205479,1.09048324,1.204764305,,7076.386504,69.41666666666667,10.847499999999998
2007-09-17,8903,2.25,3.945205479,1.027407821,2.628424349,,7272.52333,192.08333333333334,7.124416666666666
2007-09-18,8904,1.25,3.945205479,0.838307263,2.497676288,6.9,7812.532706,171.08333333333334,5.794666666666667
2007-09-19,8905,87.25,4.219178082,20.5337514,0.590445095,,1389.847121,36.708333333333336,11.02875
2007-09-20,8906,14.0,4.219178082,18.21901676,1.528483242,,1741.391784,92.41666666666667,11.272083333333333
2007-09-21,8907,21.5,4.219178082,14.76497765,0.599458436,,2214.078601,43.708333333333336,10.899583333333332
2007-09-22,8908,1.5,4.219178082,8.351874302,0.922244121,,3047.953663,59.291666666666664,11.555833333333332
2007-09-23,8909,8.75,4.219178082,6.443572626,0.797885583,,3528.523779,46.708333333333336,12.247916666666667
2007-09-24,8910,51.75,4.219178082,28.9998352,1.067010098,,1250.542538,61.333333333333336,8.571541666666667
2007-09-25,8911,23.25,4.219178082,24.32219832,1.783649443,6.15,1493.165822,113.41666666666667,7.692833333333333
2007-09-26,8912,4.5,7.729849267,10.21135475,1.145025625,,2732.776187,92.375,4.581625
2007-09-27,8913,0.0,0.0,6.20248324,1.467970622,,3564.644568,111.375,4.617041666666666
2007-09-28,8914,0.25,2.880141938,4.667128492,0.896693123,,4079.173709,49.916666666666664,7.433416666666666
2007-09-29,8915,0.5,0.87902094,3.765418994,0.695983836,,4482.464624,47.875,8.862083333333333
2007-09-30,8916,0.5,5.178379303,3.133382682,1.681022826,,4835.744603,99.29166666666667,8.405625
2007-10-01,8917,2.25,18.47742504,2.784393855,0.214520462,,5079.495016,15.333333333333334,8.212916666666667
2007-10-02,8918,0.5,6.672460292,2.448603352,0.500554937,6.98,5340.049156,33.0,8.772083333333333
2007-10-03,8919,9.0,2.205479452,2.474547486,0.569005137,,5326.258582,38.791666666666664,9.91
2007-10-04,8920,0.0,0.0,2.299047486,2.191756321,,5447.510269,146.29166666666666,8.059166666666668
2007-10-05,8921,0.25,2.205479452,1.939374302,2.69890154,,5832.627851,158.375,8.998208333333332
2007-10-06,8922,0.0,0.0,1.765558659,1.704888751,,6041.424522,102.54166666666667,8.728958333333333
2007-10-07,8923,0.0,0.0,1.671385475,0.417828546,,6165.049365,29.416666666666668,8.534583333333332
2007-10-08,8924,2.75,2.205479452,1.567659218,1.751159161,,6314.574287,90.625,9.799583333333333
2007-10-09,8925,29.5,2.205479452,6.409231844,0.505678686,6.64,3357.97525,35.0,10.259583333333333
2007-10-10,8926,0.0,0.0,3.452405028,0.702120355,,4618.56801,51.916666666666664,8.909583333333334
2007-10-11,8927,0.25,3.671232877,2.692030726,0.944788694,,5142.530672,81.16666666666667,10.294166666666667
2007-10-12,8928,0.5,3.671232877,2.42250838,0.862575664,,5364.975918,51.5,12.643749999999999
2007-10-13,8929,3.0,3.671232877,2.295678771,0.444646209,,5480.985864,27.208333333333332,11.734583333333333
2007-10-14,8930,1.75,3.671232877,2.139712291,0.51586494,,5625.486232,33.0,10.32375
2007-10-15,8931,14.5,3.671232877,3.38249162,1.004493691,,4499.836298,57.083333333333336,9.909583333333334
2007-10-16,8932,8.5,3.671232877,4.424430168,0.226407876,6.96,4159.612444,23.791666666666668,7.993333333333333
2007-10-17,8933,0.25,7.987082167,3.713907821,1.091818059,,4481.292842,90.66666666666667,5.7789166666666665
2007-10-18,8934,0.0,0.0,2.915949721,1.539105777,,4980.034322,104.04166666666667,5.984791666666666
2007-10-19,8935,0.25,3.132916032,2.576715084,1.518210709,,5235.800906,104.08333333333333,6.699291666666666
2007-10-20,8936,0.0,0.0,2.358351955,1.475938976,,5421.628102,102.29166666666667,6.204625
2007-10-21,8937,0.25,2.586337989,2.158717877,1.734408221,,5604.330303,109.08333333333333,6.5120000000000005
2007-10-22,8938,0.0,0.0,1.968787709,0.796651363,,5802.887619,42.958333333333336,6.571000000000001
2007-10-23,8939,0.0,0.0,1.816768156,1.304752983,7.04,5977.799631,95.04166666666667,5.22
2007-10-24,8940,0.0,0.0,1.699918994,1.201031736,,6127.296847,87.08333333333333,3.860791666666667
2007-10-25,8941,0.0,0.0,1.603357542,0.212058726,,6257.414725,15.708333333333334,5.091958333333333
2007-10-26,8942,4.0,2.97260274,1.507223464,0.450094217,,6404.424864,27.833333333333332,6.7205
2007-10-27,8943,12.75,2.97260274,1.920293296,0.193668661,,5894.493787,17.291666666666668,11.079166666666666
2007-10-28,8944,41.5,2.97260274,14.99681564,0.85484272,,1888.543675,56.708333333333336,9.628124999999999
2007-10-29,8945,1.25,2.97260274,6.250927374,0.707239464,,3518.434508,55.416666666666664,5.665041666666667
2007-10-30,8946,3.0,2.97260274,4.347301676,1.183109717,7.04,4204.226779,72.41666666666667,7.561708333333333
2007-10-31,8947,0.5,1.427967949,3.394231844,0.540118028,,4679.913358,34.75,9.164583333333333
2007-11-01,8948,0.25,9.544953388,2.871402235,0.495025784,,5013.555289,22.333333333333332,9.750416666666666
2007-11-02,8949,0.0,0.0,2.515399441,0.410329102,,5284.086152,35.0,8.7475
2007-11-03,8950,0.25,1.219423315,2.287986034,0.510439806,,5483.6915,30.75,8.762500000000001
2007-11-04,8951,0.0,0.0,2.068918994,1.276160098,,5693.17734,76.66666666666667,7.8645
2007-11-05,8952,5.75,5.254854933,2.039530726,0.309972962,,5730.718661,11.666666666666666,7.080416666666667
2007-11-06,8953,0.25,8.199240625,1.832606145,0.99607494,6.61,5955.390618,68.41666666666667,5.445166666666666
2007-11-07,8954,0.75,16.43835616,1.711256983,0.653736668,,6116.903627,36.208333333333336,7.24775
2007-11-08,8955,12.75,16.43835616,2.441513966,0.602649182,,5271.01452,14.208333333333334,6.241291666666666
2007-11-09,8956,3.25,16.43835616,2.007879888,0.710362715,,5743.080192,32.958333333333336,4.295208333333334
2007-11-10,8957,6.75,16.43835616,2.170005587,0.292546507,,5615.464098,10.458333333333334,7.053375
2007-11-11,8958,10.25,16.43835616,3.504569832,0.907396631,,4608.606766,68.33333333333333,5.151666666666666
2007-11-12,8959,1.75,16.43835616,2.465170391,0.853486769,,5316.893848,69.16666666666667,0.7092083333333333
2007-11-13,8960,7.75,16.43835616,2.926181564,0.442657873,7.82,4994.099576,24.625,5.1022083333333335
2007-11-14,8961,1.0,7.0,2.534203911,0.12767259,,5267.097083,22.0,3.343916666666667
2007-11-15,8962,0.5,7.0,2.306740223,0.799429863,,5466.846792,73.54166666666667,1.2976666666666665
2007-11-16,8963,1.5,7.0,2.165555866,0.455046606,,5607.294985,50.333333333333336,3.513291666666667
2007-11-17,8964,6.75,7.0,2.158164804,0.39256755,,5630.630631,21.708333333333332,4.095291666666666
2007-11-18,8965,1.75,7.0,2.625058659,0.086883868,,5194.964412,4.875,1.344875
2007-11-19,8966,9.75,7.0,2.934,0.105232837,,4980.884703,11.208333333333334,0.6214166666666666
2007-11-20,8967,4.5,7.0,3.092002793,0.126742613,7.1,4860.615785,9.25,3.1984999999999997
2007-11-21,8968,3.5,5.287671233,3.194421788,0.235321756,,4807.051504,21.0,4.277125
2007-11-22,8969,2.75,5.287671233,2.946243017,0.209910631,,4968.762123,22.333333333333332,3.823916666666667
2007-11-23,8970,0.25,5.287671233,2.622921788,0.379732878,,5197.65019,75.375,-1.274
2007-11-24,8971,15.75,5.287671233,4.999173184,0.277553842,,3809.071068,8.791666666666666,3.5374583333333334
2007-11-25,8972,2.5,5.287671233,3.882117318,0.399379109,,4413.839619,22.583333333333332,5.171958333333333
2007-11-26,8973,3.25,5.287671233,3.457935754,0.249348858,,4657.142471,18.833333333333332,7.4431666666666665
2007-11-27,8974,4.75,5.287671233,3.499667598,0.281440794,7.43,4637.206155,24.25,6.167000000000001
2007-11-28,8975,17.0,9.342465753,5.135581006,0.143835964,,3899.674717,9.041666666666666,6.135041666666667
2007-11-29,8976,6.25,9.342465753,6.625106145,0.440237276,,3444.070466,36.125,4.180625
2007-11-30,8977,44.75,9.342465753,18.38956425,0.331181043,,1931.251752,12.666666666666666,7.680708333333333
2007-12-01,8978,17.25,9.342465753,23.75798883,0.51466702,,1525.399624,14.25,3.433291666666667
2007-12-02,8979,37.0,9.342465753,28.24639944,0.525135142,,1287.865338,11.041666666666666,5.139916666666667
2007-12-03,8980,15.0,9.342465753,16.63021508,0.223758485,,2043.338006,14.0,3.8157916666666662
2007-12-04,8981,17.0,9.342465753,12.40076816,0.215066386,8.01,2486.930793,13.958333333333334,7.828833333333333
2007-12-05,8982,26.5,7.164383562,29.26918156,0.391299485,,1195.897738,8.916666666666666,7.468125000000001
2007-12-06,8983,97.0,7.164383562,60.0183352,0.13192098,,346.5995476,2.7083333333333335,9.204625
2007-12-07,8984,15.75,7.164383562,27.558,0.284027335,,1262.356436,11.583333333333334,3.203291666666667
2007-12-08,8985,28.25,7.164383562,21.88382682,0.288809602,,1634.251753,4.541666666666667,3.4092916666666664
2007-12-09,8986,21.75,7.164383562,20.75369832,0.270783236,,1732.564331,20.625,3.294916666666667
2007-12-10,8987,0.25,7.164383562,11.23406145,0.165010738,,2586.218605,43.875,1.0945
2007-12-11,8988,0.0,0.0,7.069650838,0.258359474,7.79,3347.920657,35.125,2.2289583333333334
2007-12-12,8989,0.0,0.0,5.241670391,0.0,,3869.126454,36.416666666666664,2.285625
2007-12-13,8990,0.25,4.544212408,4.147114525,0.003350086,,4300.342391,45.375,0.8799583333333333
2007-12-14,8991,0.5,4.378916114,3.542681564,0.298893104,,4603.553495,28.958333333333332,-0.03783333333333331
2007-12-15,8992,0.0,0.0,3.081469274,0.116789311,,4873.294778,10.916666666666666,-2.7495
2007-12-16,8993,0.0,0.0,2.679988827,0.000997192,,5153.301595,14.958333333333334,-3.8823333333333334
2007-12-17,8994,0.0,0.0,2.410944134,0.147062806,,5374.669181,6.083333333333333,-2.38075
2007-12-18,8995,0.0,0.0,2.185717877,0.102130491,7.35,5577.232919,10.208333333333334,-2.126916666666667
2007-12-19,8996,0.0,0.0,1.985782123,0.214337053,,5783.740392,15.75,-1.062375
2007-12-20,8997,0.0,0.0,1.787455307,0.273644569,,6011.72195,55.5,-2.922708333333333
2007-12-21,8998,0.0,0.0,1.645114525,0.086129877,,6197.780133,26.125,-3.0959583333333334
2007-12-22,8999,4.5,6.178082192,1.685011173,0.0,,6150.361187,6.625,3.3049166666666667
2007-12-23,9000,0.25,6.178082192,1.519592179,0.472538796,,6375.873597,33.041666666666664,2.0368749999999998
2007-12-24,9001,33.25,6.178082192,6.924041899,0.138090781,,3052.668998,4.791666666666667,4.71
2007-12-25,9002,9.0,6.178082192,6.519670391,0.147245628,,3413.483523,21.208333333333332,2.5017083333333336
2007-12-26,9003,0.5,6.178082192,5.040703911,0.246109828,,3895.27055,18.375,4.888041666666667
2007-12-27,9004,16.0,6.178082192,6.147527933,0.450644902,,3549.862397,9.166666666666666,7.296500000000001
2007-12-28,9005,57.75,6.178082192,34.63152235,0.175803546,,1000.406503,3.25,6.418875
2007-12-29,9006,3.75,6.178082192,17.43548883,0.548428958,,1851.8639,15.916666666666666,2.9422083333333333
2007-12-30,9007,0.75,6.178082192,7.619203911,0.086978474,,3205.941311,13.625,3.9118333333333335
2007-12-31,9008,0.75,6.178082192,5.178368715,0.205241366,,3885.880063,14.333333333333334,5.1924166666666665
2008-01-01,9009,0.0,0.0,4.007413408,0.086415284,,4362.693781,15.833333333333334,4.32175
2008-01-02,9010,0.0,0.0,3.376256983,0.17361465,7.49,4692.872074,6.583333333333333,-0.06025000000000005
2008-01-03,9011,0.0,0.0,2.865041899,0.14445344,,5018.050532,5.25,-3.548
2008-01-04,9012,13.25,21.23287671,3.504067039,0.147201004,,4594.956833,5.166666666666667,1.1453333333333333
2008-01-05,9013,3.0,21.23287671,3.992631285,0.589560721,,4348.346867,21.666666666666668,2.662166666666667
2008-01-06,9014,5.25,21.23287671,3.207243017,0.511836898,,4811.952044,27.75,2.524875
2008-01-07,9015,9.5,21.23287671,4.390969274,0.652433265,,4195.123318,9.458333333333334,2.604458333333333
2008-01-08,9016,25.75,21.23287671,13.08250559,0.303979319,14.4,2315.162393,8.0,3.838416666666667
2008-01-09,9017,25.0,5.726027397,12.27710615,0.449725792,,2542.620373,17.208333333333332,1.9721666666666666
2008-01-10,9018,29.75,5.726027397,32.15961453,0.121234682,,1134.476723,6.958333333333333,4.487541666666666
2008-01-11,9019,0.5,5.726027397,10.51763128,0.0,,2668.773393,6.166666666666667,0.5769583333333334
2008-01-12,9020,10.0,5.726027397,6.71852514,0.238667723,,3466.526983,18.666666666666668,2.7719166666666664
2008-01-13,9021,16.75,5.726027397,9.718064246,0.210608222,,2881.964748,3.7083333333333335,5.578458333333334
2008-01-14,9022,31.0,5.726027397,16.94343017,0.187056779,,2047.970471,5.666666666666667,3.876291666666667
2008-01-15,9023,30.75,5.726027397,31.94886872,0.407078333,9.23,1100.192543,31.291666666666668,3.5244166666666668
2008-01-16,9024,2.0,4.273972603,11.76785196,0.599744183,,2504.090676,50.75,2.1045416666666665
2008-01-17,9025,11.5,4.273972603,8.817938547,0.328131334,,3016.858676,7.708333333333333,4.285791666666666
2008-01-18,9026,92.25,4.273972603,48.81398883,0.105101932,,452.7155903,2.625,7.342208333333333
2008-01-19,9027,74.5,4.273972603,54.44891899,0.435676748,,587.6718382,28.25,7.587875
2008-01-20,9028,82.0,4.273972603,73.80168436,0.173693754,,194.658586,13.875,8.5475
2008-01-21,9029,29.75,4.273972603,41.04804469,0.129550319,,817.8094739,5.833333333333333,5.523125
2008-01-22,9030,13.0,4.273972603,14.73843017,0.075401959,7.05,2210.862888,15.791666666666666,3.2894166666666664
2008-01-23,9031,18.25,10.04109589,13.87043296,0.091491519,,2326.140011,12.5,7.454249999999999
2008-01-24,9032,2.75,10.04109589,13.01829888,0.951855655,,2367.750001,53.333333333333336,3.0165
2008-01-25,9033,0.0,0.0,8.156715084,0.846258716,,3110.715158,30.416666666666668,4.8145
2008-01-26,9034,1.0,10.04109589,5.82448324,0.705919262,,3679.948384,40.0,4.7004166666666665
2008-01-27,9035,0.0,0.0,4.479058659,0.406541647,,4156.692441,52.625,4.752625
2008-01-28,9036,0.5,10.04109589,3.770547486,0.352652754,,4485.116861,27.416666666666668,3.7042083333333333
2008-01-29,9037,14.0,10.04109589,4.211924581,0.027079121,7.43,4277.291942,4.083333333333333,4.685583333333333
2008-01-30,9038,3.75,22.05479452,3.848631285,0.638841526,,4431.04356,52.333333333333336,1.2095833333333335
2008-01-31,9039,17.25,22.05479452,7.937874302,0.702192606,,3061.725835,25.458333333333332,1.6332916666666666
2008-02-01,9040,3.0,22.05479452,4.936273743,0.34914071,,3971.776799,39.0,-0.28150000000000003
2008-02-02,9041,5.5,22.05479452,4.097664804,0.284902396,,4348.6244,31.0,0.34862499999999996
2008-02-03,9042,7.5,22.05479452,4.648600559,0.235303163,,4110.544839,5.791666666666667,1.7921250000000002
2008-02-04,9043,17.25,22.05479452,5.329458101,0.261403833,,3882.337629,22.333333333333332,1.5400416666666665
2008-02-05,9044,15.25,22.05479452,9.576326816,0.476185722,8.26,2924.914222,16.916666666666668,5.090041666666667
2008-02-06,9045,1.0,13.31506849,9.112298883,0.936443859,,2873.320598,79.16666666666667,2.1822916666666665
2008-02-07,9046,1.5,13.31506849,5.807162011,0.389692837,,3688.122579,21.875,6.650125
2008-02-08,9047,0.0,0.0,4.541027933,0.31396334,,4132.160138,21.416666666666668,4.664124999999999
2008-02-09,9048,0.0,0.0,3.767002793,2.501282643,,4483.680921,98.08333333333333,8.147416666666667
2008-02-10,9049,1.75,13.31506849,3.320748603,1.404115078,,4729.336181,93.20833333333333,6.494833333333333
2008-02-11,9050,0.0,0.0,2.939379888,1.620191006,,4968.627359,101.33333333333333,5.673208333333334
2008-02-12,9051,0.25,13.31506849,2.602659218,2.007560592,7.37,5214.964971,98.625,8.574333333333334
2008-02-13,9052,0.0,0.0,2.352921788,1.580164034,,5423.252192,101.91666666666667,7.875583333333332
2008-02-14,9053,0.25,3.820437501,2.159899441,0.165498296,,5608.538649,20.875,-0.7555416666666667
2008-02-15,9054,0.0,0.0,1.986837989,0.446340677,,5778.029493,39.416666666666664,-0.6647916666666667
2008-02-16,9055,0.0,0.0,1.811840782,0.812324023,,5984.315625,99.04166666666667,-2.236333333333333
2008-02-17,9056,0.0,0.0,1.654541899,1.526258314,,6184.964353,119.20833333333333,1.9795833333333333
2008-02-18,9057,0.0,0.0,1.548175978,1.819576353,,6337.444515,119.25,2.8365833333333335
2008-02-19,9058,0.25,13.72402877,1.455134078,1.408978381,7.67,6477.210038,121.95833333333333,0.8079583333333334
2008-02-20,9059,0.75,4.520547945,1.395276536,0.626324857,,6579.66909,54.666666666666664,1.9174583333333333
2008-02-21,9060,14.25,4.520547945,2.099061453,0.084849213,,5631.754795,11.208333333333334,4.9820416666666665
2008-02-22,9061,9.0,4.520547945,2.980030726,0.05902112,,4923.043607,19.875,6.187833333333334
2008-02-23,9062,7.0,4.520547945,2.445159218,0.235651122,,5352.827746,27.125,5.447333333333333
2008-02-24,9063,4.75,4.520547945,2.52374581,0.350878515,,5281.610409,44.166666666666664,3.4347083333333335
2008-02-25,9064,30.5,4.520547945,5.395248603,0.540021938,,3734.655472,55.5,2.9413750000000003
2008-02-26,9065,6.5,4.520547945,15.0675838,1.132903911,8.74,1851.048096,91.54166666666667,3.8202916666666664
2008-02-27,9066,0.0,0.0,4.905930168,1.043422899,,3957.163635,89.08333333333333,2.5455
2008-02-28,9067,0.25,14.38356164,3.520181564,0.947534291,,4607.849802,73.375,2.6030416666666665
2008-02-29,9068,41.25,14.38356164,15.30857263,0.096647273,,1681.201081,11.625,4.790541666666667
2008-03-01,9069,22.75,14.38356164,12.6451257,1.43579322,,2472.95502,103.875,4.665708333333334
2008-03-02,9070,2.75,14.38356164,12.05341341,1.443305599,,2387.188371,108.66666666666667,3.7343333333333333
2008-03-03,9071,3.25,14.38356164,6.478768156,0.787487491,,3485.116003,70.95833333333333,-0.5470416666666666
2008-03-04,9072,4.0,14.38356164,4.673111732,1.544027869,7.97,4079.917055,155.125,0.15916666666666668
2008-03-05,9073,1.25,8.0,3.835734637,0.523763487,,4450.204523,37.458333333333336,1.7262916666666666
2008-03-06,9074,0.5,8.0,3.34274581,1.040174341,,4716.116737,74.5,4.159833333333333
2008-03-07,9075,11.75,8.0,4.916891061,1.105242459,,3968.787724,81.83333333333333,2.53875
2008-03-08,9076,29.0,8.0,9.772743017,0.31760068,,2740.839664,25.125,4.3105
2008-03-09,9077,10.25,8.0,10.15441341,1.078069404,,2754.577193,99.25,1.2931666666666668
2008-03-10,9078,34.25,8.0,18.36759218,0.541051204,,1911.285391,40.666666666666664,1.2894583333333334
2008-03-11,9079,8.5,8.0,12.74902793,0.98373502,8.24,2402.874301,44.291666666666664,2.955375
2008-03-12,9080,1.75,8.534246575,7.484203911,1.17861708,,3237.427472,42.541666666666664,1.8930416666666667
2008-03-13,9081,2.75,8.534246575,5.16602514,0.992708622,,3893.759015,78.16666666666667,3.6649166666666666
2008-03-14,9082,0.25,8.534246575,4.060181564,1.209330674,,4334.57585,83.20833333333333,4.172041666666667
2008-03-15,9083,36.5,8.534246575,10.44289106,0.152027486,,2412.067274,14.125,5.94025
2008-03-16,9084,5.0,8.534246575,13.65159218,0.788545874,,2165.653302,65.625,2.368916666666667
2008-03-17,9085,0.0,0.0,6.565650838,2.180179652,,3458.182005,164.5,0.9639583333333334
2008-03-18,9086,0.0,0.0,4.575142458,0.806419562,8.41,4112.940233,77.29166666666667,-0.1920416666666667
2008-03-19,9087,0.25,8.452054795,3.690125698,1.96033205,,4522.726859,160.20833333333334,1.07525
2008-03-20,9088,30.25,8.452054795,7.555273743,0.355032311,,3032.308604,22.208333333333332,3.500625
2008-03-21,9089,11.25,8.452054795,10.01559218,1.190973855,,2746.627746,90.70833333333333,0.8073333333333333
2008-03-22,9090,2.25,8.452054795,6.244240223,1.030723886,,3542.075319,157.16666666666666,-0.7887916666666667
2008-03-23,9091,11.0,8.452054795,5.842634078,1.213896351,,3694.872156,136.25,-0.17966666666666667
2008-03-24,9092,3.75,8.452054795,4.736916201,1.252120012,,4059.266647,119.0,0.047875
2008-03-25,9093,3.75,8.452054795,4.090776536,1.268652924,8.86,4338.955549,125.54166666666667,0.5454583333333334
2008-03-26,9094,4.25,7.520547945,4.209812849,1.133745678,,4287.931591,93.375,2.564375
2008-03-27,9095,3.25,7.520547945,3.946600559,2.077114087,,4400.161031,167.5,1.63825
2008-03-28,9096,29.0,7.520547945,11.16465084,0.814272226,,2513.878739,58.416666666666664,2.829916666666667
2008-03-29,9097,30.0,7.520547945,16.47532961,0.533064653,,2016.160549,36.166666666666664,3.3825833333333333
2008-03-30,9098,3.25,7.520547945,15.88990223,1.397168051,,1927.127688,125.125,3.277416666666667
2008-03-31,9099,1.0,7.520547945,7.910446927,2.049837342,,3146.169852,116.08333333333333,4.54775
2008-04-01,9100,10.5,7.520547945,7.929628492,1.450556275,8.47,3152.567409,106.79166666666667,5.410916666666666
2008-04-02,9101,6.0,10.01369863,5.95877933,0.519855201,,3660.766215,31.833333333333332,6.4039166666666665
2008-04-03,9102,0.0,0.0,4.699810056,3.214584043,,4066.037501,242.33333333333334,8.456791666666666
2008-04-04,9103,3.0,10.01369863,3.948310056,1.404859051,,4404.39271,121.08333333333333,5.836708333333333
2008-04-05,9104,0.5,10.01369863,3.529608939,2.045492171,,4603.273489,174.58333333333334,2.0195416666666666
2008-04-06,9105,5.0,10.01369863,3.228611732,1.825294714,,4786.601081,249.16666666666666,-1.7585833333333334
2008-04-07,9106,3.0,10.01369863,2.934201117,1.586857331,,4978.132841,149.0,-0.3810416666666667
2008-04-08,9107,2.5,10.01369863,2.73524581,2.321390349,7.71,5116.114439,210.29166666666666,1.02125
2008-04-09,9108,3.5,5.698630137,2.488173184,1.927089874,,5312.593328,160.33333333333334,1.9665
2008-04-10,9109,5.0,5.698630137,2.448628492,1.274569995,,5347.465715,117.16666666666667,2.199875
2008-04-11,9110,17.0,5.698630137,3.778969274,1.107285421,,4512.123905,98.83333333333333,0.9900416666666666
2008-04-12,9111,9.75,5.698630137,6.722798883,1.90971637,,3434.362398,175.375,2.3707499999999997
2008-04-13,9112,9.0,5.698630137,5.827952514,1.384249238,,3700.934893,122.16666666666667,2.489666666666667
2008-04-14,9113,3.25,5.698630137,4.43174581,2.886662156,,4175.854097,235.5,2.4154166666666668
2008-04-15,9114,0.5,5.698630137,3.701438547,2.19431597,8.05,4520.173776,180.875,2.60675
2008-04-16,9115,0.25,8.354115253,3.280675978,2.708850888,,4752.842127,200.66666666666666,2.0700833333333333
2008-04-17,9116,0.5,5.94918643,2.911148045,1.923343666,,4988.191452,145.04166666666666,1.4105833333333333
2008-04-18,9117,0.0,0.0,2.616083799,1.271792559,,5205.57661,76.70833333333333,2.0242916666666666
2008-04-19,9118,3.25,2.491429285,2.434877095,0.598225236,,5360.37926,30.916666666666668,2.4631666666666665
2008-04-20,9119,1.75,2.232378825,2.36999162,0.268813019,,5413.103321,24.666666666666668,3.616
2008-04-21,9120,0.0,0.0,2.171413408,0.849677593,,5589.89634,65.5,5.172875
2008-04-22,9121,0.5,1.590750478,1.938318436,3.407200158,7.89,5834.301165,226.04166666666666,7.117958333333334
2008-04-23,9122,2.75,2.150684932,1.883212291,3.236209988,,5900.447558,220.0,7.3094166666666665
2008-04-24,9123,10.5,2.150684932,2.309656425,2.359263871,,5444.572289,180.83333333333334,6.2435
2008-04-25,9124,16.75,2.150684932,3.161689944,0.991704746,,4700.952013,74.08333333333333,6.821666666666666
2008-04-26,9125,0.0,0.0,2.882438547,3.350057225,,4940.159961,182.95833333333334,9.20825
2008-04-27,9126,10.0,2.150684932,2.793318436,1.189665897,,5084.660416,88.66666666666667,6.949791666666666
2008-04-28,9127,22.75,2.150684932,9.595332402,1.817343471,,2719.776997,135.625,4.578416666666667
2008-04-29,9128,17.75,2.150684932,5.678094972,1.593482809,7.64,3779.074445,111.70833333333333,3.5484166666666668
2008-04-30,9129,7.75,2.575342466,9.05696648,1.426257402,,2906.623585,93.33333333333333,3.480916666666667
2008-05-01,9130,1.25,2.575342466,5.204689944,2.707421514,,3867.685064,191.875,4.9405833333333335
2008-05-02,9131,1.5,2.575342466,3.997131285,2.910408881,,4369.240131,197.08333333333334,6.8417916666666665
2008-05-03,9132,0.0,0.0,3.359639665,3.986164081,,4702.624143,219.41666666666666,10.230958333333334
2008-05-04,9133,0.0,0.0,2.922335196,2.442973274,,4980.178964,126.54166666666667,11.169125
2008-05-05,9134,0.0,0.0,2.578449721,4.650048991,,5233.831806,240.83333333333334,11.27125
2008-05-06,9135,0.0,0.0,2.338441341,5.718457119,7.35,5436.24602,305.5833333333333,12.808750000000002
2008-05-07,9136,0.0,0.0,2.125759777,5.262024218,,5636.870199,266.6666666666667,13.910416666666668
2008-05-08,9137,0.75,1.581191834,1.936081006,6.158868661,,5838.391475,295.375,14.1075
2008-05-09,9138,5.75,2.254772966,1.886505587,1.288853421,,5916.528491,69.5,12.704583333333334
2008-05-10,9139,0.25,1.793093578,1.84572905,3.153638265,,5924.249593,149.45833333333334,14.49375
2008-05-11,9140,0.0,0.0,1.617812849,6.108886992,,6232.472796,267.9166666666667,16.94
2008-05-12,9141,0.0,0.0,1.496463687,5.81742136,,6413.033239,276.1666666666667,14.512500000000001
2008-05-13,9142,0.0,0.0,1.405081006,5.770189313,6.99,6558.562935,328.4166666666667,11.013041666666666
2008-05-14,9143,0.0,0.0,1.33272905,5.408187827,,6681.817579,318.5,9.178625
2008-05-15,9144,2.0,6.286750252,1.309550279,1.252573248,,6728.193963,88.54166666666667,6.1152083333333325
2008-05-16,9145,7.0,1.278771738,1.363826816,0.53513312,,6637.500195,34.666666666666664,5.973541666666667
2008-05-17,9146,5.75,5.435578982,1.429039106,0.733908444,,6527.241066,45.208333333333336,6.616125
2008-05-18,9147,0.0,0.0,1.290192737,3.884790696,,6746.334586,260.0833333333333,6.117041666666666
2008-05-19,9148,0.25,1.763194826,1.163036313,4.749049572,,7002.860855,301.4583333333333,6.27525
2008-05-20,9149,0.0,0.0,1.095486034,3.391784095,7.04,7149.146932,201.58333333333334,6.737416666666667
2008-05-21,9150,0.0,0.0,1.053377095,4.231034918,,7245.688071,257.0,8.589875000000001
2008-05-22,9151,2.25,1.315068493,1.042189944,2.011856293,,7277.347836,127.91666666666667,8.686958333333333
2008-05-23,9152,1.0,1.315068493,1.017527933,3.721273287,,7329.545976,190.95833333333334,10.532916666666667
2008-05-24,9153,0.25,1.315068493,0.970215084,4.928009804,,7447.634182,271.4583333333333,9.681583333333334
2008-05-25,9154,6.5,1.315068493,1.002695531,0.925623517,,7373.841903,55.166666666666664,7.239458333333332
2008-05-26,9155,2.5,1.315068493,0.958952514,2.363596881,,7475.708414,100.33333333333333,7.578916666666667
2008-05-27,9156,5.0,1.315068493,1.016648045,0.817925539,6.8,7339.916253,51.125,7.334666666666667
2008-05-28,9157,11.25,10.01021868,1.296201117,0.951057951,,6717.095248,59.25,9.203333333333333
2008-05-29,9158,0.0,0.0,1.147726257,4.1941947,,7004.307088,212.5,11.440416666666666
2008-05-30,9159,0.0,0.0,0.974488827,2.548117737,,7434.427377,132.04166666666666,11.941666666666668
2008-05-31,9160,0.25,26.06411859,0.895600559,5.201265178,,7643.291802,270.5833333333333,13.831249999999999
2008-06-01,9161,0.0,0.0,0.852938547,2.037963617,,7774.131839,101.58333333333333,12.441249999999998
2008-06-02,9162,2.75,3.282564849,0.841122905,2.292056343,,7817.031059,115.29166666666667,12.639166666666666
2008-06-03,9163,0.0,0.0,0.827748603,2.980082035,7.15,7844.636675,227.08333333333334,9.468375
2008-06-04,9164,0.0,0.0,0.781969274,4.784441082,,7997.341616,296.0833333333333,9.510333333333334
2008-06-05,9165,8.25,3.493150685,0.821765363,2.267793919,,7884.615807,122.5,9.313333333333334
2008-06-06,9166,0.0,0.0,0.797455307,5.024194708,,7935.943948,338.2083333333333,8.435166666666666
2008-06-07,9167,0.25,3.493150685,0.739106145,4.591133792,,8142.786541,293.0,10.035375
2008-06-08,9168,0.0,0.0,0.707405028,7.53456139,,8260.778122,357.0,12.973333333333334
2008-06-09,9169,0.0,0.0,0.692069832,7.299670975,,8320.737561,367.5833333333333,14.546666666666667
2008-06-10,9170,0.0,0.0,0.672108939,6.227758854,7.22,8396.335448,351.0833333333333,12.564583333333333
2008-06-11,9171,4.0,1.884472127,0.665019553,3.241018309,,8440.634214,163.45833333333334,9.58125
2008-06-12,9172,0.25,6.129846512,0.681586592,3.601454436,,8351.170014,229.08333333333334,7.925916666666667
2008-06-13,9173,0.5,3.599933151,0.649005587,2.862880596,,8492.921162,187.04166666666666,7.109625
2008-06-14,9174,0.0,0.0,0.634952514,5.826744334,,8550.450574,372.9166666666667,8.406125000000001
2008-06-15,9175,0.0,0.0,0.626606145,3.96287965,,8589.005451,241.66666666666666,7.716583333333333
2008-06-16,9176,0.0,0.0,0.612050279,5.339324521,,8651.842,338.7916666666667,7.796125
2008-06-17,9177,6.25,1.167041437,0.630603352,2.020930756,6.64,8578.015382,128.5,8.500458333333333
2008-06-18,9178,45.5,4.136986301,3.065932961,1.028285073,,4659.679781,63.375,9.917916666666667
2008-06-19,9179,2.0,4.136986301,2.651455307,3.394272904,,4654.181216,209.75,9.377083333333333
2008-06-20,9180,0.0,0.0,1.218041899,4.912113168,,6854.617706,305.75,9.677916666666667
2008-06-21,9181,22.0,4.136986301,2.272776536,0.704910321,,5481.607448,43.25,10.708291666666668
2008-06-22,9182,1.5,4.136986301,2.751184358,2.407507218,,4980.214479,136.79166666666666,9.632083333333332
2008-06-23,9183,0.0,0.0,1.631614525,4.846967541,,6194.821731,283.9583333333333,9.77875
2008-06-24,9184,1.0,4.136986301,1.381600559,4.416894241,6.91,6593.457877,221.83333333333334,11.484583333333333
2008-06-25,9185,3.25,4.273972603,1.319581006,2.155992869,,6704.710749,129.75,10.165416666666667
2008-06-26,9186,58.0,4.273972603,17.24839944,1.612871383,,1081.835327,103.125,9.866666666666667
2008-06-27,9187,15.0,4.273972603,12.15241341,1.045836148,,2442.995736,79.20833333333333,11.020833333333334
2008-06-28,9188,1.0,4.273972603,7.648340782,2.633382821,,3187.232014,158.45833333333334,11.1725
2008-06-29,9189,12.0,4.273972603,5.741572626,1.731684084,,3716.344876,116.125,10.229999999999999
2008-06-30,9190,0.5,4.273972603,4.051684358,2.922172154,,4327.80952,172.375,10.889166666666666
2008-07-01,9191,3.25,4.273972603,3.333393855,4.892573911,8.24,4722.681572,231.08333333333334,13.305416666666666
2008-07-02,9192,8.0,1.904109589,3.310265363,2.441864057,,4748.316056,147.54166666666666,10.831249999999999
2008-07-03,9193,3.75,1.904109589,3.601332402,2.906387849,,4570.830804,201.45833333333334,9.685833333333333
2008-07-04,9194,2.25,1.904109589,2.828162011,4.01367669,,5037.224958,207.125,10.645
2008-07-05,9195,6.0,1.904109589,3.075209497,2.543217752,,4896.87746,160.125,10.455416666666666
2008-07-06,9196,20.0,1.904109589,12.21362849,2.377601988,,2100.829857,134.95833333333334,10.210833333333333
2008-07-07,9197,4.0,1.904109589,10.55013687,2.189596076,,2617.392627,122.625,10.017916666666666
2008-07-08,9198,2.5,1.904109589,5.995458101,3.83547523,7.52,3613.964354,258.9583333333333,9.377916666666666
2008-07-09,9199,14.75,2.98630137,9.904575419,0.831108265,,2741.003751,49.0,11.255
2008-07-10,9200,8.75,2.98630137,15.02904469,1.833370089,,2156.40696,103.625,10.91125
2008-07-11,9201,6.0,2.98630137,12.08156983,2.17442641,,2483.067875,134.41666666666666,9.551250000000001
2008-07-12,9202,4.5,2.98630137,7.900365922,2.219241867,,3172.866401,149.08333333333334,8.159583333333334
2008-07-13,9203,1.0,2.98630137,5.611072626,5.009303393,,3734.520296,282.7916666666667,11.24125
2008-07-14,9204,1.25,2.98630137,4.195885475,2.860260395,,4278.410922,171.75,12.947083333333333
2008-07-15,9205,1.5,2.98630137,3.627879888,1.966482862,7.22,4558.411286,117.625,13.164583333333333
2008-07-16,9206,1.25,2.780821918,3.130617318,1.986707574,,4842.555724,116.83333333333333,9.956666666666667
2008-07-17,9207,20.0,2.780821918,4.593293296,0.987881593,,4086.757808,49.666666666666664,9.912083333333333
2008-07-18,9208,22.5,2.780821918,9.522829609,0.995958138,,2828.615638,58.541666666666664,11.88125
2008-07-19,9209,3.0,2.780821918,8.111011173,2.04876397,,3071.169272,124.91666666666667,9.899583333333334
2008-07-20,9210,0.25,2.780821918,4.815377095,2.759544018,,4006.58412,166.83333333333334,9.08875
2008-07-21,9211,0.0,0.0,3.735125698,5.135519021,,4499.939991,346.875,9.587375
2008-07-22,9212,0.0,0.0,3.280801676,3.945813066,6.7,4751.085417,226.54166666666666,12.488750000000001
2008-07-23,9213,0.25,1.849315068,2.856670391,4.260819587,,5022.999632,211.0,15.445416666666667
2008-07-24,9214,0.0,0.0,2.484125698,5.807761756,,5306.612359,275.8333333333333,16.743750000000002
2008-07-25,9215,0.5,1.849315068,2.251986034,2.020137044,,5515.911982,114.33333333333333,14.160416666666668
2008-07-26,9216,0.0,0.0,1.97625419,4.29270631,,5789.568866,249.20833333333334,13.695833333333333
2008-07-27,9217,0.0,0.0,1.787304469,4.851309875,,6012.919169,227.79166666666666,15.775833333333333
2008-07-28,9218,5.25,1.849315068,1.687374302,4.987637004,,6169.026688,206.79166666666666,16.992083333333333
2008-07-29,9219,10.0,1.849315068,2.292284916,2.766215961,7.29,5472.562876,150.54166666666666,13.546666666666667
2008-07-30,9220,3.75,1.04109589,1.933114525,0.52948065,,5841.549739,29.833333333333332,13.706249999999999
2008-07-31,9221,13.25,1.04109589,2.834170391,1.369237705,,4844.780381,70.79166666666667,14.151666666666666
2008-08-01,9222,4.25,1.04109589,2.915698324,2.745663591,,4924.770192,148.29166666666666,12.246250000000002
2008-08-02,9223,0.75,1.04109589,2.150723464,3.191956899,,5600.378038,184.375,12.944583333333334
2008-08-03,9224,0.0,0.0,1.849952514,3.133755427,,5936.001666,172.45833333333334,12.165416666666667
2008-08-04,9225,5.5,1.04109589,1.912801676,1.52411242,,5870.899699,88.95833333333333,11.684166666666668
2008-08-05,9226,27.5,1.04109589,6.693058659,1.329859385,5.84,3254.775615,88.375,13.284999999999998
2008-08-06,9227,16.75,3.287671233,6.928240223,1.246829655,,3266.897463,74.125,14.005416666666667
2008-08-07,9228,1.0,3.287671233,5.936581006,3.833641301,,3587.322726,191.25,12.618333333333332
2008-08-08,9229,0.5,3.287671233,3.976089385,3.476883754,,4373.159016,208.75,11.7325
2008-08-09,9230,52.5,3.287671233,19.72332402,0.670600055,,1560.641492,52.375,12.74375
2008-08-10,9231,11.25,3.287671233,12.08694972,2.750281517,,2434.931306,162.83333333333334,11.765833333333333
2008-08-11,9232,12.0,3.287671233,12.10351676,1.733457829,,2506.549012,110.41666666666667,11.0225
2008-08-12,9233,36.0,3.287671233,18.68382402,1.958227278,6.76,1900.55199,126.0,9.770833333333334
2008-08-13,9234,22.86032157,2.890410959,18.48682961,1.650233753,,1861.157381,94.04166666666667,9.677083333333334
2008-08-14,9235,7.4252119,2.890410959,14.67907542,3.648480559,,2176.153744,241.75,10.29125
2008-08-15,9236,2.68816445,2.890410959,7.762122905,3.187451816,,3182.793568,189.83333333333334,10.738333333333335
2008-08-16,9237,11.71317117,2.890410959,7.057156425,0.670234776,,3355.189921,38.625,10.335833333333333
2008-08-17,9238,8.17676541,2.890410959,6.65927095,2.084613051,,3453.903823,130.79166666666666,10.357916666666666
2008-08-18,9239,27.35410907,2.890410959,11.83892179,1.337742184,,2583.108075,76.70833333333333,11.652083333333332
2008-08-19,9240,25.52197804,2.890410959,23.48904469,0.960066512,5.12,1518.217531,46.75,11.595416666666667
2008-08-20,9241,14.74594387,3.410958904,14.61813687,1.407512888,,2220.333557,85.66666666666667,11.496250000000002
2008-08-21,9242,19.99441649,3.410958904,17.56342458,1.560478294,,1961.310453,95.79166666666667,11.67375
2008-08-22,9243,0.12006417,3.410958904,10.97152793,2.859240622,,2614.122089,169.41666666666666,10.010833333333332
2008-08-23,9244,7.320731975,3.410958904,6.996142458,2.313664305,,3377.598538,125.54166666666667,10.649166666666666
2008-08-24,9245,8.04890911,3.410958904,7.281905028,2.450094178,,3311.502095,140.0,11.542083333333332
2008-08-25,9246,3.41634159,3.410958904,5.308793296,0.961409644,,3851.38004,72.41666666666667,12.409999999999998
2008-08-26,9247,4.99276004,3.410958904,4.738726257,0.84067585,6.43,4064.807954,63.416666666666664,12.725
2008-08-27,9248,6.704826885,3.684931507,4.974058659,0.689043066,,3989.606655,50.041666666666664,12.4425
2008-08-28,9249,1.58421057,3.684931507,4.412564246,1.07642935,,4192.773945,76.75,13.147916666666667
2008-08-29,9250,0.4880488,3.684931507,3.921209497,2.249584398,,4412.326815,103.83333333333333,15.2425
2008-08-30,9251,0.0,0.0,3.509824022,2.31819226,,4623.242522,110.45833333333333,14.979583333333332
2008-08-31,9252,5.60866513,3.684931507,3.307374302,1.295012725,,4746.845035,72.375,12.034583333333332
2008-09-01,9253,3.78432622,3.684931507,3.153368715,1.099854804,,4832.92329,75.29166666666667,10.309583333333334
2008-09-02,9254,20.73817785,3.684931507,6.027310056,1.476984301,6.54,3475.592879,82.125,9.11125
2008-09-03,9255,33.61763988,3.02739726,21.75340223,1.233279989,,1287.4133,64.0,8.792916666666667
2008-09-04,9256,13.90549469,3.02739726,15.98226536,2.01168401,,2069.309019,136.29166666666666,9.255416666666667
2008-09-05,9257,51.31525289,3.02739726,37.98409777,0.293784659,,846.0428944,19.416666666666668,10.375416666666666
2008-09-06,9258,9.881040135,3.02739726,21.95786313,0.753399413,,1574.489364,44.875,10.225
2008-09-07,9259,1.4641464,3.02739726,10.00893017,1.288103369,,2769.744842,81.79166666666667,9.399583333333334
2008-09-08,9260,0.24012834,3.02739726,6.452371508,1.967327682,,3500.047147,117.45833333333333,9.844583333333334
2008-09-09,9261,10.74486569,3.02739726,6.618997207,0.804095372,6.59,3487.505887,45.041666666666664,10.379583333333333
2008-09-10,9262,7.208459935,3.95890411,5.383734637,2.266715815,,3842.079774,131.83333333333334,11.7675
2008-09-11,9263,14.40133562,3.95890411,6.44402514,1.974243329,,3521.668833,119.0,10.869583333333333
2008-09-12,9264,1.224018055,3.95890411,6.753217877,2.627821184,,3398.075144,155.29166666666666,10.37625
2008-09-13,9265,0.0,0.0,4.713712291,3.295616557,,4055.501943,216.125,10.828333333333333
2008-09-14,9266,1.9521952,3.95890411,3.953664804,2.694895943,,4399.196417,143.5,11.47375
2008-09-15,9267,5.00055216,3.95890411,3.838751397,0.380448534,,4457.915477,29.375,9.065416666666666
2008-09-16,9268,6.088921805,3.95890411,3.674589385,0.395811469,6.6,4545.891047,27.583333333333332,9.1
2008-09-17,9269,1.592002685,2.44840047,3.48672067,1.928186299,,4632.952556,120.33333333333333,8.92375
2008-09-18,9270,0.0,0.0,2.993027933,2.473507335,,4932.992183,132.79166666666666,10.156166666666666
2008-09-19,9271,0.0,0.0,2.668047486,2.986745278,,5163.568938,170.20833333333334,10.640416666666667
2008-09-20,9272,0.36798463,1.99364627,2.442418994,3.409654167,,5348.291689,179.08333333333334,11.937083333333334
2008-09-21,9273,0.0,0.0,2.240748603,3.270168778,,5527.442877,193.375,10.526666666666666
2008-09-22,9274,0.0,0.0,2.070980447,2.318889161,,5694.476638,126.45833333333333,10.481666666666667
2008-09-23,9275,0.4880488,0.661893951,1.943371508,0.932960506,6.64,5833.301675,70.41666666666667,7.634041666666666
2008-09-24,9276,0.0,0.0,1.823354749,1.310621847,,5972.27299,73.54166666666667,9.121083333333333
2008-09-25,9277,0.0,0.0,1.731972067,1.361472489,,6088.673959,76.45833333333333,10.13875
2008-09-26,9278,0.0,0.0,1.609416201,2.206586007,,6245.302851,141.54166666666666,9.237041666666666
2008-09-27,9279,0.36798463,4.410958904,1.523715084,2.979611832,,6374.377594,169.29166666666666,9.969583333333334
2008-09-28,9280,0.36798463,4.410958904,1.472505587,1.261478296,,6451.2953,79.70833333333333,8.566833333333333
2008-09-29,9281,19.64980822,4.410958904,1.588248603,1.01620872,,6384.999542,62.041666666666664,7.571333333333333
2008-09-30,9282,68.90412248,4.410958904,28.63319832,0.5011065,5.73,1259.492886,22.166666666666668,9.245416666666666
2008-10-01,9283,26.5,4.602739726,17.58165084,1.486125721,,1950.802971,86.625,6.3885000000000005
2008-10-02,9284,25.0,4.602739726,14.04341899,1.409484205,,2345.475878,105.125,4.699291666666666
2008-10-03,9285,2.5,4.602739726,14.30288547,1.364391354,,2135.021972,119.70833333333333,3.0007916666666667
2008-10-04,9286,61.5,4.602739726,25.73368994,0.367462756,,1249.20062,29.375,8.038583333333333
2008-10-05,9287,51.5,4.602739726,62.62451397,1.698114985,,197.5953761,133.0,7.095958333333333
2008-10-06,9288,0.75,4.602739726,10.85508101,0.573199594,,2629.896075,43.0,7.266166666666667
2008-10-07,9289,26.75,4.602739726,14.83285475,0.483986953,5.42,2149.223424,25.333333333333332,10.135416666666666
2008-10-08,9290,0.25,2.643835616,9.765377095,1.792936681,,2787.128102,122.91666666666667,8.025333333333334
2008-10-09,9291,0.25,2.643835616,6.123846369,1.212239953,,3599.1637,63.041666666666664,8.856458333333334
2008-10-10,9292,23.25,2.643835616,6.146622905,0.794153404,,3652.914533,42.0,9.735416666666667
2008-10-11,9293,15.5,2.643835616,12.44561732,0.769380241,,2456.462612,52.291666666666664,10.2225
2008-10-12,9294,0.25,2.643835616,7.134108939,2.525405775,,3322.278503,127.0,12.796666666666667
2008-10-13,9295,6.75,2.643835616,5.430620112,0.733533569,,3818.046957,56.583333333333336,10.6075
2008-10-14,9296,32.5,2.643835616,9.745441341,0.444313334,6.16,2760.621717,30.75,10.269583333333333
2008-10-15,9297,13.5,4.01369863,16.71880726,0.704746504,,1985.644207,45.166666666666664,8.373458333333334
2008-10-16,9298,4.25,4.01369863,8.40147486,0.910364986,,3048.188205,66.5,5.592583333333334
2008-10-17,9299,0.75,4.01369863,5.875315642,0.956339475,,3674.090212,65.875,6.172541666666667
2008-10-18,9300,16.0,4.01369863,5.976980447,0.634746145,,3702.910184,42.333333333333336,7.466208333333333
2008-10-19,9301,23.25,4.01369863,9.857086592,0.73027386,,2857.738449,40.458333333333336,8.505416666666667
2008-10-20,9302,31.5,4.01369863,28.8342905,0.720919693,,1228.125709,31.666666666666668,8.205625
2008-10-21,9303,7.75,4.01369863,12.56940503,1.112717839,5.8,2425.508211,71.95833333333333,4.601833333333333
2008-10-22,9304,2.5,3.02739726,8.143868715,1.108422524,,3106.134439,87.54166666666667,5.962416666666667
2008-10-23,9305,42.75,3.02739726,21.3062933,0.433400329,,1354.621554,13.166666666666666,8.595583333333334
2008-10-24,9306,0.0,0.0,15.28710335,1.153190438,,2007.633323,80.45833333333333,5.682166666666667
2008-10-25,9307,65.0,3.02739726,23.93504749,0.375036009,,1399.947329,23.833333333333332,7.633583333333333
2008-10-26,9308,37.5,3.02739726,50.7269162,1.046030876,,396.1882531,55.5,7.316166666666667
2008-10-27,9309,6.75,3.02739726,11.96600279,0.756404953,,2499.188618,77.91666666666667,2.3238333333333334
2008-10-28,9310,12.61021862,3.02739726,8.829251397,0.179550173,5.73,3003.303033,38.791666666666664,-0.22904166666666667
2008-10-29,9311,0.85603343,2.097749501,6.571608939,0.312815739,,3482.113818,36.916666666666664,-0.8112083333333334
2008-10-30,9312,1.56083421,14.69517262,5.839139665,0.127177278,,3698.003439,18.333333333333332,-0.39466666666666667
2008-10-31,9313,3.53640576,7.776471025,5.138723464,0.622863388,,3913.611116,92.58333333333333,0.592125
2008-11-01,9314,0.36798463,1.086752966,4.594650838,0.536986915,,4125.029087,40.041666666666664,1.2904583333333333
2008-11-02,9315,0.4880488,3.543189619,4.310446927,0.666622642,,4238.335722,28.958333333333332,2.905041666666667
2008-11-03,9316,0.0,0.0,3.892173184,0.795474399,,4426.890503,48.958333333333336,4.992666666666667
2008-11-04,9317,0.85603343,5.333240967,3.572170391,0.22242523,6.43,4592.615706,11.5,5.270625
2008-11-05,9318,0.0,0.0,3.262223464,0.281793601,,4766.829211,15.791666666666666,5.825166666666667
2008-11-06,9319,0.4086992,9.630136986,2.9745,0.283740591,,4948.404991,18.708333333333332,5.13425
2008-11-07,9320,4.83468888,9.630136986,2.909212291,0.825011251,,4994.95509,51.833333333333336,5.0965
2008-11-08,9321,26.00503346,9.630136986,6.822326816,0.65713563,,3219.40718,21.375,6.20925
2008-11-09,9322,30.69700158,9.630136986,19.70522346,0.525379179,,1646.591392,10.5,3.174375
2008-11-10,9323,7.933067255,9.630136986,12.33090503,0.467615446,,2422.468218,10.083333333333334,3.1307500000000004
2008-11-11,9324,13.46177569,9.630136986,11.83469832,0.626081498,6.49,2546.207471,22.166666666666668,4.156666666666667
2008-11-12,9325,1.156790285,2.438356164,7.46849162,0.492362347,,3255.07037,33.791666666666664,4.472208333333334
2008-11-13,9326,18.15252435,2.438356164,8.157217877,0.250458815,,3130.749243,15.458333333333334,7.2277916666666675
2008-11-14,9327,14.13073355,2.438356164,8.339053073,0.516456398,,3115.171563,43.416666666666664,8.17375
2008-11-15,9328,43.93518847,2.438356164,27.33817877,0.267461218,,1312.199987,14.875,8.650833333333333
2008-11-16,9329,24.27586765,2.438356164,28.35545531,0.274870279,,1284.849386,18.166666666666668,6.4703333333333335
2008-11-17,9330,34.88164348,2.438356164,19.52572626,0.257973726,,1772.758767,18.375,6.444875
2008-11-18,9331,1.66925336,2.438356164,15.91094413,0.427882939,5.79,1975.535576,29.833333333333332,5.566708333333334
2008-11-19,9332,3.47487118,7.438356164,8.483807263,0.466446049,,3047.15103,40.0,6.062875000000001
2008-11-20,9333,15.65951631,7.438356164,7.172824022,0.5520242,,3403.183257,30.291666666666668,7.1053749999999996
2008-11-21,9334,3.578635055,7.438356164,8.69847486,0.906602417,,2959.132022,33.166666666666664,4.091625
2008-11-22,9335,7.150519605,7.438356164,5.874536313,0.311980685,,3677.127402,12.333333333333334,1.1723333333333332
2008-11-23,9336,29.38833803,7.438356164,14.60111732,0.495783294,,2135.480763,15.625,2.113375
2008-11-24,9337,11.6207549,7.438356164,13.01812291,0.461321153,,2379.036394,40.125,0.91275
2008-11-25,9338,0.0,0.0,7.681575419,0.6566462,6.4,3208.231494,64.625,0.8021249999999999
2008-11-26,9339,4.292269585,6.575342466,6.066402235,0.339772909,,3624.497371,16.208333333333332,5.759
2008-11-27,9340,26.14589826,6.575342466,11.44852793,0.119530059,,2465.10927,10.708333333333334,3.9042499999999998
2008-11-28,9341,1.089733135,6.575342466,7.932796089,0.167459897,,3141.824858,26.333333333333332,0.44875
2008-11-29,9342,0.08004278,6.575342466,5.614818436,0.397664575,,3747.328764,61.416666666666664,-0.8844583333333333
2008-11-30,9343,0.32865642,6.575342466,4.467997207,0.059788944,,4164.449469,54.583333333333336,-1.559875
2008-12-01,9344,0.419434665,6.575342466,3.818036313,0.339779875,,4460.962545,73.70833333333333,-1.076875
2008-12-02,9345,3.664518775,6.575342466,3.620715084,0.174535107,,4570.236885,22.5,-0.22754166666666667
2008-12-03,9346,1.81860345,6.575342466,3.220391061,0.35847069,,4791.279244,83.41666666666667,-1.1956666666666667
2008-12-04,9347,26.01632116,6.575342466,15.4962905,0.322668004,,2044.123844,15.125,1.5836249999999998
2008-12-05,9348,8.910551205,6.575342466,14.33946369,0.232258649,,2257.459083,17.25,1.789375
2008-12-06,9349,0.0,0.0,8.31522067,0.289699063,,3055.710287,47.875,1.071375
2008-12-07,9350,0.08004278,6.575342466,5.419860335,0.505878298,,3805.553918,51.291666666666664,1.3703750000000001
2008-12-08,9351,12.06750143,6.575342466,5.868201117,0.07890398,,3666.397602,12.125,2.2575833333333333
2008-12-09,9352,4.179626205,6.575342466,5.125801676,0.102945582,6.42,3905.797781,28.583333333333332,0.245625
2008-12-10,9353,0.32865642,2.150684932,4.152871508,0.123802902,,4300.948754,40.583333333333336,-0.6523333333333333
2008-12-11,9354,0.08004278,2.150684932,3.655081006,0.0,,4547.239039,18.583333333333332,-1.1943333333333335
2008-12-12,9355,21.82765743,2.150684932,4.253756983,0.223284938,,4457.040546,10.708333333333334,2.4287916666666667
2008-12-13,9356,10.31820529,2.150684932,13.46819832,0.143628236,,2239.537895,16.125,1.4665416666666669
2008-12-14,9357,0.73735562,2.150684932,5.923081006,0.316522524,,3638.061433,42.541666666666664,-0.07029166666666667
2008-12-15,9358,0.32865642,2.150684932,4.439513966,0.290864449,,4176.482373,35.625,1.2047083333333333
2008-12-16,9359,22.55652775,2.150684932,7.605427374,0.065938802,6.32,3047.353781,13.708333333333334,4.262375
2008-12-17,9360,7.787028215,6.164383562,7.140217877,0.18976876,,3304.210854,20.875,2.697875
2008-12-18,9361,12.25234611,6.164383562,8.390740223,0.018259205,,3084.294967,6.916666666666667,5.477374999999999
2008-12-19,9362,1.997909775,6.164383562,7.321173184,0.137452308,,3273.838413,13.375,3.9488749999999997
2008-12-20,9363,6.76051862,6.164383562,6.079324022,0.0,,3631.716897,2.4583333333333335,7.038250000000001
2008-12-21,9364,33.01334766,6.164383562,15.35792179,0.0,,2116.756161,8.625,6.510208333333334
2008-12-22,9365,9.13145879,6.164383562,15.86496369,0.149552548,,2067.767134,21.166666666666668,6.102666666666667
2008-12-23,9366,0.090778245,6.164383562,8.600379888,0.109524403,7.03,3019.497004,10.291666666666666,2.9771249999999996
2008-12-24,9367,0.0,0.0,6.068287709,0.218681711,,3610.333333,11.916666666666666,3.3687083333333336
2008-12-25,9368,0.0,0.0,4.712455307,0.259563273,,4065.746174,13.541666666666666,1.6235833333333334
2008-12-26,9369,0.0,0.0,3.997382682,0.292523512,,4373.822587,33.5,-1.3429583333333335
2008-12-27,9370,0.0,0.0,3.522921788,0.171606949,,4616.604258,11.166666666666666,-2.7252500000000004
2008-12-28,9371,0.0,0.0,3.154349162,0.195183872,,4829.582438,26.375,-2.3912916666666666
2008-12-29,9372,0.0,0.0,2.782734637,0.146377075,,5077.143512,12.291666666666666,-3.8224583333333335
2008-12-30,9373,0.0,0.0,2.488349162,0.128724211,,5308.52649,9.833333333333334,-4.388125
2008-12-31,9374,0.0,0.0,2.272083556,0.0,,5413.337469,39.25,1.1554166666666668
