datetime,timestep,J,Cl mg/l,Q,ET,Q Cl mg/l,S_scale,dS-PJ
1983-05-03,0,0.25,1.643835616,3.404765363,3.279203885,,4675.943543,3163.578870297632
1983-05-04,1,0.0,0.0,3.032748603,2.572584759,,4909.717786,3633.884174364046
1983-05-05,2,6.25,1.643835616,2.954061453,0.882162352,,4979.09738,3750.12563768594
1983-05-06,3,11.75,1.643835616,3.821581006,1.653901717,,4471.583891,2754.822962112186
1983-05-07,4,11.25,1.643835616,5.064662011,0.994315476,,3957.744963,1965.837772634195
1983-05-08,5,1.25,1.643835616,4.551812849,1.527701483,,4125.646486,2234.121713167664
1983-05-09,6,11.83730762,1.643835616,5.523888268,1.752786937,,3798.836265,1771.640505762094
1983-05-10,7,8.856565245,1.643835616,6.226918994,0.996286069,6.6,3554.401648,1534.6888621529977
1983-05-11,8,9.52474636,13.01369863,6.748290503,2.142823722,,3449.42662,1393.6854592776467
1983-05-12,9,6.039389425,13.01369863,6.048150838,2.171004543,,3633.463633,1589.214559951955
1983-05-13,10,7.32013184,13.01369863,6.891234637,2.078043191,,3410.742119,1359.1054385010264
1983-05-14,11,6.89189156,13.01369863,5.877351955,2.780894529,,3681.229945,1644.7239858045562
1983-05-15,12,2.726206805,13.01369863,4.875863128,2.24022514,,4007.02643,2057.399005928019
1983-05-16,13,5.30081335,13.01369863,4.267005587,1.753218004,,4257.820818,2413.9550234280405
1983-05-17,14,8.023416695,7.260273973,4.040924581,2.285344723,,4387.380468,2576.650932654831
1983-05-18,15,0.49600682,7.260273973,4.052589385,2.645262331,,4304.65567,2567.7678178968517
1983-05-19,16,3.70008731,7.260273973,3.48747486,1.934239257,,4646.942475,3073.914035375077
1983-05-20,17,4.974597855,7.260273973,3.451776536,2.175281128,,4657.440351,3112.0354282043327
1983-05-21,18,3.708572615,7.260273973,3.216519553,2.54582565,,4793.152164,3386.626442677356
1983-05-22,19,8.278546275,7.260273973,3.060326816,0.792821086,,4898.443096,3594.6955990873876
1983-05-23,20,4.62727415,7.260273973,3.148868715,0.637265227,,4852.455646,3473.963358334251
1983-05-24,21,0.0,0.0,3.064198324,2.372710921,,4876.206253,3589.2561946620717
1983-05-25,22,0.0,0.0,2.705555866,4.16956135,6.1,5138.017714,4166.331074627469
1983-05-26,23,0.0,0.0,2.501170391,2.604943935,,5299.656792,4577.288022015418
1983-05-27,24,0.0,0.0,2.33175419,3.201639523,,5445.516018,4978.353504623496
1983-05-28,25,3.964935535,7.260273973,2.318756983,0.679859499,,5460.454816,5011.787900942101
1983-05-29,26,0.94685427,7.260273973,2.097527933,0.761886796,,5666.525328,5651.165341914686
1983-05-30,27,2.854605245,7.260273973,1.969994413,1.773459938,,5806.065035,6091.960722668408
1983-05-31,28,1.123431215,7.260273973,1.816944134,4.326218394,,5975.715856,6711.341937442607
1983-06-01,29,7.23289827,7.260273973,2.024924581,0.968468332,6.1,5750.434843,5894.627396673891
1983-06-02,30,1.463484155,7.260273973,1.782502793,1.896668159,,6017.020748,6866.886496803817
1983-06-03,31,8.88794329,7.260273973,2.331578212,0.489377251,,5421.148434,4978.8034620555445
1983-06-04,32,0.0,0.0,1.876650838,3.628389638,,5895.857189,6456.509012086313
1983-06-05,33,0.0,0.0,1.67324581,4.81505525,,6158.75496,7407.075880563052
1983-06-06,34,0.0,0.0,1.542067039,4.780429603,,6344.724578,8167.546404029614
1983-06-07,35,22.5,7.260273973,3.801243017,2.20028539,6.0,3876.298299,2772.4903027571254
1983-06-08,36,1.25,7.260273973,2.926734637,2.138712592,,4868.359019,3792.1030495207924
1983-06-09,37,4.5,7.260273973,2.509818436,2.131361181,,5294.611284,4558.406458091832
1983-06-10,38,0.5,7.260273973,2.20200838,3.031716641,,5560.930043,5331.620973056466
1983-06-11,39,21.75,7.260273973,4.80527095,1.317226769,,3923.702951,2093.668817842988
1983-06-12,40,2.25,7.260273973,3.74852514,3.047775603,,4457.409253,2819.2671808248124
1983-06-13,41,5.0,7.260273973,3.081796089,1.683045869,,4884.52426,3564.720748448265
1983-06-14,42,7.75,7.260273973,2.975455307,3.038639639,6.2,4945.594249,3717.852620013873
1983-06-15,43,0.0,0.0,2.708899441,4.264080669,,5125.378477,4160.172911292218
1983-06-16,44,0.75,7.260273973,2.489103352,1.123500056,,5311.911132,4603.875317107586
1983-06-17,45,0.0,0.0,2.287106145,3.473731357,,5482.938051,5094.955022356499
1983-06-18,46,0.0,0.0,2.092851955,4.846822549,,5671.106575,5666.2870230323715
1983-06-19,47,0.0,0.0,1.91627095,6.519950558,,5861.259947,6297.009791726805
1983-06-20,48,0.0,0.0,1.78946648,3.268670735,,6012.265715,6834.906464250639
1983-06-21,49,0.0,0.0,1.674678771,5.01237401,6.0,6159.070326,7399.489091948553
1983-06-22,50,0.0,0.0,1.5615,3.70995939,,6316.088825,8046.020351425217
1983-06-23,51,5.0,7.260273973,1.501215084,2.322626991,,6425.955981,8434.308247750243
1983-06-24,52,0.0,0.0,1.498675978,0.668463411,,6392.978947,8451.416167519841
1983-06-25,53,0.5,7.260273973,1.372675978,1.84567496,,6612.292423,9388.18712360031
1983-06-26,54,0.75,7.260273973,1.296,1.246117372,,6748.837688,10056.801845939875
1983-06-27,55,0.0,0.0,1.212888268,2.177499223,,6900.965105,10887.036641710167
1983-06-28,56,0.25,7.260273973,1.144055866,2.393374471,6.0,7045.029462,11675.508864992004
1983-06-29,57,16.25,7.260273973,1.566628492,1.487484206,,6340.232975,8014.500579030529
1983-06-30,58,4.25,7.260273973,2.130888268,2.767023784,,5608.708012,5545.393695400577
1983-07-01,59,7.25,7.260273973,1.388589385,2.786035479,,6567.793123,9259.555100018613
1983-07-02,60,16.5,7.260273973,4.339458101,4.917047089,,3942.117989,2365.7449754332056
1983-07-03,61,0.0,0.0,1.810055866,5.737688424,,5963.049571,6741.931014598742
1983-07-04,62,0.0,0.0,1.474189944,6.810619068,,6436.753502,8619.722333228518
1983-07-05,63,0.0,0.0,1.341452514,7.016452469,5.8,6661.43639,9650.33037929807
1983-07-06,64,0.0,0.0,1.265027933,4.040836397,,6809.564546,10352.200860674893
1983-07-07,65,0.0,0.0,1.221787709,3.765231738,,6883.164506,10792.197958579078
1983-07-08,66,0.0,0.0,1.163463687,4.889868011,,7008.73748,11442.815899668389
1983-07-09,67,0.0,0.0,1.134301676,4.595057467,,7069.015628,11795.762937377114
1983-07-10,68,0.0,0.0,1.12424581,4.387819239,,7081.535232,11922.136671503373
1983-07-11,69,2.285379775,7.260273973,1.039776536,3.604144942,,7271.153008,13090.211897761958
1983-07-12,70,0.0,0.0,0.966368715,5.979863769,,7462.893755,14288.768789578991
1983-07-13,71,0.0,0.0,0.925139665,7.437114856,6.0,7558.553439,15053.99302923963
1983-07-14,72,0.0,0.0,0.868826816,6.438180778,,7730.851648,16228.721991240025
1983-07-15,73,0.0,0.0,0.868826816,6.747605592,,7730.851648,16228.721991240025
1983-07-16,74,0.5,7.260273973,0.868826816,4.851888552,,7730.851648,16228.721991240025
1983-07-17,75,0.770158825,7.260273973,0.868826816,4.398232195,,7730.851648,16228.721991240025
1983-07-18,76,4.682046435,7.260273973,1.067656425,3.13437079,,7145.83509,12682.224856971634
1983-07-19,77,0.0,0.0,0.870938547,4.763428196,6.2,7706.749554,16181.654423750217
1983-07-20,78,0.0,0.0,0.78149162,4.361082987,,7996.742774,18421.644021135537
1983-07-21,79,0.0,0.0,0.694256983,6.43708406,,8271.946441,21223.692048417128
1983-07-22,80,0.0,0.0,0.597041899,2.209548547,,8717.156107,25420.54564514546
1983-07-23,81,0.0,0.0,0.583265363,2.431022351,,8784.379976,26140.318057314533
1983-07-24,82,0.0,0.0,0.561544693,1.380489498,,8885.506961,27354.133590301637
1983-07-25,83,0.0,0.0,0.535977654,4.376332739,,9012.740718,28921.84613404304
1983-07-26,84,0.0,0.0,0.508701117,4.581891733,,9162.67188,30786.01991436992
1983-07-27,85,0.0,0.0,0.486351955,4.50150988,,9292.041459,32485.289583487953
1983-07-28,86,0.0,0.0,0.468804469,5.01515277,,9398.792574,33944.56978882276
1983-07-29,87,0.0,0.0,0.450226257,6.39534205,,9510.333361,35626.14314009542
1983-07-30,88,0.0,0.0,0.440522346,5.270946144,,9578.529571,36566.529152788185
1983-07-31,89,10.72284153,7.260273973,0.582712291,1.749184729,,8696.370657,26169.994549135296
1983-08-01,90,2.5,7.260273973,0.569865922,2.287126994,6.4,8819.832879,26877.114760489472
1983-08-02,91,10.0,7.260273973,0.781592179,2.387067427,,7934.061582,18418.808638033115
1983-08-03,92,0.0,0.0,0.563681564,4.678782401,,8848.137892,27230.16094653606
1983-08-04,93,0.75,7.260273973,0.51903352,1.620939553,,9111.513336,30054.557608307237
1983-08-05,94,0.75,7.260273973,0.487835196,4.882873041,6.5,9274.41558,32367.214122730347
1983-08-06,95,0.0,0.0,0.455555866,5.116996127,,9476.897305,35128.33875115008
1983-08-07,96,0.0,0.0,0.438787709,4.040906278,,9590.75391,36739.44286438293
1983-08-08,97,0.0,0.0,0.436424581,2.872824203,,9608.16631,36977.43480281846
1983-08-09,98,0.0,0.0,0.42151676,4.094865408,6.4,9707.133309,38546.48343362333
1983-08-10,99,0.0,0.0,0.413773743,4.210283555,,9764.524164,39410.50801229923
1983-08-11,100,0.0,0.0,0.404396648,5.256412383,,9831.813448,40505.58907556784
1983-08-12,101,0.0,0.0,0.399494413,3.591642796,,9869.029193,41100.5745176714
1983-08-13,102,0.0,0.0,0.387804469,5.544911408,,9954.316051,42586.1553213819
1983-08-14,103,0.0,0.0,0.380187151,5.572416785,,10014.29692,43608.246116061266
1983-08-15,104,0.0,0.0,0.378100559,3.008033277,,10032.9212,43896.11766641625
1983-08-16,105,56.50166788,7.260273973,1.477282123,0.886948987,6.1,5466.137069,8598.129942919299
1983-08-17,106,10.59460913,7.260273973,1.816893855,2.076557323,,5833.778788,6711.564291228704
1983-08-18,107,0.0,0.0,0.825335196,4.124992379,,7792.389599,17257.092773745542
1983-08-19,108,0.133844945,7.260273973,0.636662011,5.012790904,,8524.76831,23540.173190578225
1983-08-20,109,4.92155366,7.260273973,0.624946927,2.131954325,,8596.126203,24068.947039315928
1983-08-21,110,1.95830789,7.260273973,0.587212291,1.58698102,,8763.307623,25930.316000530795
1983-08-22,111,0.0,0.0,0.546536313,3.592094411,,8957.298012,28254.89569641661
1983-08-23,112,4.681429415,7.260273973,0.543142458,1.056923804,6.4,8990.144377,28466.169662923756
1983-08-24,113,0.38507941,7.260273973,0.53253352,0.62377689,,9031.732897,29145.683942361808
1983-08-25,114,0.0,0.0,0.484793296,2.891906367,,9282.428193,32610.223488971715
1983-08-26,115,0.0,0.0,0.440648045,3.617926216,,9575.06991,36554.057150895635
1983-08-27,116,0.0,0.0,0.423829609,3.711134278,,9691.576498,38295.11144676431
1983-08-28,117,0.0,0.0,0.423226257,0.478942026,,9702.115458,38360.39611610578
1983-08-29,118,0.0,0.0,0.405678771,4.105426223,,9815.235076,40352.579102305
1983-08-30,119,0.0,0.0,0.393310056,4.411160719,6.8,9916.028011,41874.421800687065
1983-08-31,120,7.926874445,7.260273973,0.444318436,2.81861888,,9572.850555,36193.28928550715
1983-09-01,121,8.981029025,7.260273973,0.730332402,2.645046828,,8090.197407,19975.776793139972
1983-09-02,122,41.8552063,7.260273973,2.888497207,1.343212193,,5638.820258,3852.306715543785
1983-09-03,123,55.65786145,7.260273973,29.47027374,1.075193793,,1089.464224,237.84930109372783
1983-09-04,124,7.17246869,7.260273973,7.536192737,1.343171765,,3209.371583,1220.8924361168536
1983-09-05,125,0.0,0.0,4.028053073,2.980703179,,4323.086945,2586.518605153858
1983-09-06,126,0.0,0.0,2.967787709,2.669657746,7.9,4938.327084,3729.3605723516835
1983-09-07,127,0.0,0.0,2.408832402,2.963977039,,5364.258771,4788.19984710578
1983-09-08,128,23.38528584,7.260273973,4.64701676,0.399186056,,3968.413735,2179.390089711538
1983-09-09,129,9.18081137,7.260273973,5.549530726,1.645892506,,3764.853449,1761.8345393466223
1983-09-10,130,23.88354611,7.260273973,7.908134078,0.612138996,,3004.076402,1152.3819776152689
1983-09-11,131,2.064070055,7.260273973,7.219935754,0.937216566,,3274.241476,1285.2754392466784
1983-09-12,132,0.0,0.0,4.546910615,1.31397069,,4114.947218,2237.0081707566496
1983-09-13,133,8.98759144,7.260273973,4.137863128,0.410159109,7.6,4318.115098,2504.4980867073295
1983-09-14,134,10.12882235,7.260273973,4.133136872,1.14587385,,4321.670143,2507.9297490143404
1983-09-15,135,27.34331758,7.260273973,7.801391061,0.988572942,,3232.433448,1171.3097226057207
1983-09-16,136,33.19374959,7.260273973,23.87368156,0.672041166,8.5,1560.024896,306.2453007164415
1983-09-17,137,26.48007671,7.260273973,14.24677374,1.168207383,,2398.462254,568.9177078315363
1983-09-18,138,18.58029183,7.260273973,25.8498352,2.179563485,,1217.527759,278.36978603248207
1983-09-19,139,28.54902862,7.260273973,26.45210615,1.248753637,11.5,1384.28454,270.78100794507776
1983-09-20,140,11.38880321,7.260273973,11.69323743,0.967913896,8.8,2555.074483,720.9919503567846
1983-09-21,141,17.26566615,3.287671233,15.25867039,0.516802205,,2113.486783,523.9681003670788
1983-09-22,142,0.49600682,3.287671233,9.361432961,1.405355587,,2881.946444,941.3588491182137
1983-09-23,143,0.32865642,3.287671233,6.201402235,1.232090316,,3566.61907,1542.2604826453826
1983-09-24,144,0.1673504,3.287671233,4.58625419,2.275174917,,4109.513171,2214.0335248865695
1983-09-25,145,0.0,0.0,3.71172067,2.136503589,,4510.578684,2852.7902332711906
1983-09-26,146,0.0,0.0,3.200782123,1.37807668,,4801.306804,3406.5815606135593
1983-09-27,147,0.49600682,3.287671233,2.809709497,2.696683815,8.2,5055.593319,3982.043559925469
1983-09-28,148,0.0,0.0,2.469645251,1.945868501,,5321.851441,4647.34881548687
1983-09-29,149,0.25,0.912402392,2.225061453,0.951949721,,5540.764982,5265.543377098193
1983-09-30,150,0.5,1.902197,2.000891061,0.34159422,,5764.752836,5979.502410429206
1983-10-01,151,6.0,6.984854774,1.91026257,0.621835771,,5879.454046,6320.730646546006
1983-10-02,152,6.5,1.511422447,1.922178771,1.442858656,,5866.65731,6273.844681841564
1983-10-03,153,13.0,3.301855867,2.778687151,0.637749075,7.7,4993.63424,4035.347966666315
1983-10-04,154,6.0,5.410958904,2.677198324,0.689195747,,5142.216615,4219.239502203038
1983-10-05,155,7.75,5.410958904,2.856041899,0.839733477,,5041.36104,3904.797545890243
1983-10-06,156,5.25,5.410958904,2.726773743,0.896597756,,5126.148507,4127.533434595081
1983-10-07,157,33.5,5.410958904,8.279849162,1.54847487,,2867.771204,1090.6406208279436
1983-10-08,158,65.25,5.410958904,20.75709218,0.444043233,,1329.719026,362.2162953623696
1983-10-09,159,54.5,5.410958904,32.77704469,0.214150568,,1107.789199,209.34679142650157
1983-10-10,160,23.75,5.410958904,19.06622346,1.023020008,,1628.60282,401.0908454003651
1983-10-11,161,15.5,5.410958904,8.977902235,0.697308504,8.1,2952.389567,989.77705899385
1983-10-12,162,12.5,25.75342466,7.070958101,0.499064577,,3335.493738,1317.803049787713
1983-10-13,163,15.75,25.75342466,5.221407821,0.457869342,,3900.677632,1895.3307125078322
1983-10-14,164,5.25,25.75342466,4.634572626,0.67231168,,4059.430537,2186.403795256699
1983-10-15,165,39.5,25.75342466,12.25923184,0.335868579,,2343.120942,681.2579131435701
1983-10-16,166,13.5,25.75342466,9.580826816,0.99907992,,2768.1959,915.5719247656328
1983-10-17,167,37.5,25.75342466,9.305522346,0.670955851,,2880.562466,948.1443487874659
1983-10-18,168,10.5,25.75342466,9.527078212,0.293938151,10.1,2637.960516,921.7687088611463
1983-10-19,169,0.0,0.0,5.049201117,1.262799521,,3937.358154,1973.053279845174
1983-10-20,170,0.0,0.0,4.866863128,0.76065786,,4024.913513,2061.958875713636
1983-10-21,171,0.0,0.0,4.70252514,1.614229702,,4079.800663,2148.6009700526356
1983-10-22,172,0.0,0.0,4.083284916,1.533591153,,4331.602773,2544.658460069853
1983-10-23,173,0.0,0.0,3.430357542,1.856928399,,4662.317201,3135.3269393110863
1983-10-24,174,0.0,0.0,2.972212291,1.148186433,,4944.925934,3722.7119578115025
1983-10-25,175,0.12006417,16.98630137,2.628829609,0.713301603,7.9,5193.83208,4312.381530713558
1983-10-26,176,0.0,0.0,2.34972905,0.962749483,,5426.004229,4932.783384472692
1983-10-27,177,3.29627742,11.50684932,2.177069832,0.325196907,,5591.759521,5404.83544906573
1983-10-28,178,2.68037234,11.50684932,2.022486034,0.514160773,,5742.055297,5903.138238107218
1983-10-29,179,0.0,0.0,1.815687151,0.878716767,,5979.315875,6716.904874745518
1983-10-30,180,8.168973285,11.50684932,1.986058659,0.36323394,,5784.932942,6033.010167039689
1983-10-31,181,0.72817714,11.50684932,1.794594972,0.594371532,,5996.801047,6811.52859919748
1983-11-01,182,17.44553348,11.50684932,3.370751397,0.237003356,8.7,4621.868803,3201.857909438386
1983-11-02,183,1.97676243,5.890410959,2.596550279,0.322775391,,5204.195443,4376.66432087872
1983-11-03,184,2.30541885,5.890410959,2.404407821,0.349482906,,5384.653474,4798.7534698975305
1983-11-04,185,0.0,0.0,2.220812849,0.242312504,,5546.260958,5277.608032743775
1983-11-05,186,0.32865642,5.890410959,2.069773743,0.671462301,,5697.651414,5742.0198000469645
1983-11-06,187,0.08004278,5.890410959,1.978868715,0.283484317,,5796.45579,6059.264981714226
1983-11-07,188,0.0,0.0,1.892463687,0.362448281,,5892.68913,6391.971444624629
1983-11-08,189,0.0,0.0,1.811162011,0.00556687,8.3,5987.662921,6737.001678280394
1983-11-09,190,0.25,3.424657534,1.723198324,0.117288753,,6098.819244,7150.765131407352
1983-11-10,191,0.0,0.0,1.633977654,0.149017728,,6215.593036,7620.676415724568
1983-11-11,192,0.0,0.0,1.547673184,0.027788125,,6338.249779,8132.143800032677
1983-11-12,193,0.0,0.0,1.47451676,0.122515406,,6448.601872,8617.435508445644
1983-11-13,194,2.25,3.424657534,1.399625698,0.152152881,,6568.204006,9172.230250162294
1983-11-14,195,0.0,0.0,1.324407821,0.28932996,,6697.469865,9799.168384178076
1983-11-15,196,0.0,0.0,1.286773743,0.45023032,7.8,6766.389116,10143.165880744129
1983-11-16,197,0.0,0.0,1.237902235,0.148044791,,6857.201907,10624.276081203272
1983-11-17,198,0.0,0.0,1.189382682,0.090888116,,6952.41945,11145.033259597809
1983-11-18,199,0.0,0.0,1.136639665,0.0,,7060.121153,11766.732640045622
1983-11-19,200,0.0,0.0,1.092469274,0.0,,7156.742757,12338.302812646736
1983-11-20,201,1.518924355,3.424657534,1.061698324,0.268622951,,7228.608271,12767.438674116358
1983-11-21,202,0.0,0.0,1.021324022,0.569346028,,7319.981109,13373.717464749729
1983-11-22,203,0.0,0.0,0.97873743,0.448679756,7.5,7427.25024,14072.972002988314
1983-11-23,204,0.0,0.0,0.986530726,0.555168822,,7417.535146,13940.050358859713
1983-11-24,205,9.14072805,3.424657534,1.103329609,0.264309397,,7168.551452,12193.107616380377
1983-11-25,206,65.50855099,3.424657534,13.89982123,0.16730783,,1870.346929,585.9925402107859
1983-11-26,207,43.1645491,3.424657534,29.69286034,0.230427613,,1200.273768,235.71092215579836
1983-11-27,208,60.93818699,3.424657534,39.92477933,0.270425752,,879.6343861,165.20427374440027
1983-11-28,209,18.53536522,3.424657534,18.13738827,0.539125179,,1890.025773,425.8579128672517
1983-11-29,210,0.780697375,3.424657534,7.946094972,0.294916062,8.8,3129.69696,1145.7853338150012
1983-11-30,211,1.288515605,10.54794521,5.445502793,0.171511882,,3803.763298,1802.2458805354665
1983-12-01,212,0.253909115,10.54794521,4.465659218,0.039573126,,4167.628825,2285.8646384210306
1983-12-02,213,0.0,0.0,3.913793296,1.381065339,,4416.487525,2677.245622574309
1983-12-03,214,0.0,0.0,3.554824022,0.915012505,,4601.691033,3004.2800698230967
1983-12-04,215,0.0,0.0,3.308354749,0.762184877,,4742.189602,3274.3300059305093
1983-12-05,216,4.5,10.54794521,3.21073743,0.030796416,,4803.332969,3393.9332249452336
1983-12-06,217,0.5,10.54794521,3.063620112,0.160939318,7.8,4893.988614,3590.0676136921275
1983-12-07,218,2.888733285,1.369863014,2.975606145,0.179959867,,4957.09158,3717.62688737971
1983-12-08,219,78.52721271,1.369863014,29.42062291,0.084644903,,764.4245752,238.33114967367794
1983-12-09,220,18.69966281,1.369863014,26.40356145,0.126220465,7.1,1094.500525,271.3785879457237
1983-12-10,221,0.9847488,1.369863014,7.851343575,0.0,,3143.935742,1162.381697855262
1983-12-11,222,0.0,0.0,5.314248603,0.0,,3847.466623,1855.7196415939338
1983-12-12,223,0.52384571,1.369863014,4.484011173,0.0,,4163.799744,2274.659487830323
1983-12-13,224,7.21966677,1.369863014,5.934921788,0.196770033,7.2,3670.427297,1625.6215156509463
1983-12-14,225,22.67075772,2.465753425,9.018276536,0.166077786,,2929.576634,984.4666872649445
1983-12-15,226,2.296933545,2.465753425,10.71334358,0.072312486,,2628.688662,800.7758340721482
1983-12-16,227,3.55935534,2.465753425,6.624502793,0.0772792,,3464.757723,1424.9588126343733
1983-12-17,228,0.49600682,2.465753425,5.105639665,0.045927754,,3913.075378,1946.9458681266515
1983-12-18,229,1.822721255,2.465753425,4.114030726,0.069829122,,4320.919782,2521.8907483528737
1983-12-19,230,14.37815332,2.465753425,6.211256983,0.05777382,,3592.046575,1539.3281681804542
1983-12-20,231,21.78058138,2.465753425,8.44275419,0.129808386,6.7,3168.770107,1065.4600937618025
1983-12-21,232,4.17655305,6.849315068,12.79880447,0.171137625,,2311.810278,646.9597289520896
1983-12-22,233,6.194651065,6.849315068,7.381307263,0.178986473,,3285.629085,1251.6662387200588
1983-12-23,234,20.9815036,6.849315068,13.08288268,0.062326128,8.1,2298.908564,630.1482322657832
1983-12-24,235,37.28074155,6.849315068,28.86232123,0.119414796,,1226.704087,243.8749937990034
1983-12-25,236,18.88818671,6.849315068,12.59565084,0.154478603,,2460.486143,659.4942992179153
1983-12-26,237,5.95086135,6.849315068,10.09797486,0.160814479,,2722.249651,859.6403361275279
1983-12-27,238,24.62863591,6.849315068,12.82303911,0.130725063,7.4,2458.090399,645.4935797248035
1983-12-28,239,5.736521415,12.32876712,11.85395531,0.220159535,,2534.416743,709.2849254583476
1983-12-29,240,0.12006417,12.32876712,8.05497486,0.24131613,,3133.11972,1127.2434151072769
1983-12-30,241,0.36798463,12.32876712,5.794541899,0.09568202,,3689.920884,1672.9338785579644
1983-12-31,242,8.54475003,12.32876712,4.825206704,0.218409546,,4037.192036,2083.307784765472
1984-01-01,243,51.62869267,12.32876712,26.27665642,0.159138036,,1179.191121,272.9522491903708
1984-01-02,244,30.94563791,12.32876712,26.56862849,0.171516981,,1322.397378,269.35642632305854
1984-01-03,245,2.25,12.32876712,14.40346927,0.322618923,,2176.633344,561.5020997395302
1984-01-04,246,4.5,12.32876712,8.139293296,0.0,8.5,3112.447213,1113.258381977125
1984-01-05,247,29.75,14.38356164,19.27003073,0.225459864,,1712.664949,396.0067516633308
1984-01-06,248,8.5,14.38356164,10.38984637,0.083482987,,2737.589534,830.765194104775
1984-01-07,249,7.25,14.38356164,10.35756704,0.211898903,,2731.966815,833.8707171191729
1984-01-08,250,2.25,14.38356164,6.98623743,0.0,,3375.816432,1336.9818474439203
1984-01-09,251,14.25,14.38356164,5.983592179,0.0,,3696.024828,1609.7868031516136
1984-01-10,252,29.97193851,14.38356164,14.3129162,0.175410781,9.3,2255.230824,565.7657483646166
1984-01-11,253,19.92473958,14.38356164,23.14161453,0.275861536,,1560.27622,317.90694829094105
1984-01-12,254,10.69132368,14.38356164,22.23402235,0.128634208,,1576.942096,333.5413697896141
1984-01-13,255,5.8316311,14.38356164,26.46482682,0.295559558,,1120.980886,270.62481644640303
1984-01-14,256,9.719385155,14.38356164,12.26234916,0.130996677,,2471.823404,681.0502170307542
1984-01-15,257,0.0,0.0,7.669081006,0.055510776,,3213.0552,1195.5759825771963
1984-01-16,258,11.75,14.38356164,13.84056704,0.014249524,,2170.652168,589.002844997746
1984-01-17,259,0.0,0.0,8.785030726,0.0,9.4,2983.446578,1015.8865670900861
1984-01-18,260,0.25,5.16970701,6.245522346,0.0,,3564.673213,1529.2115016446442
1984-01-19,261,0.25,6.7783692,4.788653631,0.0,,4033.258176,2102.3776461007383
1984-01-20,262,0.0,0.0,3.95250838,0.040706847,,4394.625648,2645.858556405559
1984-01-21,263,17.5,2.850009619,3.41627933,0.051299996,,4675.25979,3150.8107357974777
1984-01-22,264,0.5,1.428736879,3.192536313,0.098884185,,4807.760757,3417.1235867235564
1984-01-23,265,1.5,4.273066618,4.254310056,0.0,,4216.00104,2422.5885454275854
1984-01-24,266,4.25,3.0993084,3.223935754,0.0,,4777.10406,3377.296836253485
1984-01-25,267,0.5,45.27223786,2.847142458,0.0,8.6,5039.936379,3919.4206167798975
1984-01-26,268,0.25,23.28767123,2.935759777,0.001176478,,4993.451435,3778.1443606162484
1984-01-27,269,5.0,7.123287671,4.625446927,0.0,,4121.767271,2191.573537196952
1984-01-28,270,14.0,7.123287671,4.676631285,0.086836741,,4132.485433,2162.863725710562
1984-01-29,271,9.75,7.123287671,10.08208659,0.11213319,,2796.839912,861.264969504741
1984-01-30,272,7.974481005,7.123287671,10.02089665,0.189632355,,2806.998106,867.5747825150686
1984-01-31,273,10.12519128,7.123287671,10.04694134,0.266396641,10.0,2799.622119,864.8787679171023
1984-02-01,274,39.24657193,9.589041096,23.22319274,0.216879961,,1468.85503,316.56737235239666
1984-02-02,275,14.39599005,9.589041096,16.34211453,0.389562527,,2013.910321,482.57894721499986
1984-02-03,276,7.47995528,9.589041096,15.66319274,0.475061057,,2107.018226,507.77801666982646
1984-02-04,277,39.51603512,9.589041096,23.5827905,0.272555619,,1540.231869,310.7838286327422
1984-02-05,278,27.52391871,9.589041096,19.6497905,0.282237844,,1781.119038,386.84223078081106
1984-02-06,279,32.90261631,9.589041096,24.20167877,0.590900686,10.4,1466.844508,301.2715409449817
1984-02-07,280,8.33570051,9.589041096,14.95792458,0.585377206,10.3,2140.265481,536.6300308628478
1984-02-08,281,11.09707808,42.46575342,10.17638547,0.682414221,,2762.015623,851.7041783834368
1984-02-09,282,0.133844945,42.46575342,6.997902235,1.023836222,,3367.784603,1334.3109034215463
1984-02-10,283,0.65400377,42.46575342,5.454829609,0.487314964,,3804.154764,1798.5535785255456
1984-02-11,284,0.0,0.0,4.426692737,0.501838505,,4181.387742,2309.9950930440336
1984-02-12,285,0.0,0.0,3.78600838,0.201791015,,4476.603681,2785.861090626117
1984-02-13,286,0.0,0.0,3.301818436,0.982326257,,4739.523569,3282.095999853018
1984-02-14,287,0.0,0.0,2.916703911,0.70178656,8.0,4986.567141,3807.7283936692847
1984-02-15,288,0.0,0.0,2.587952514,0.854603727,,5222.34752,4394.083602837338
1984-02-16,289,0.0,0.0,2.257768156,0.254788502,,5507.804419,5174.334877645374
1984-02-17,290,0.85395389,8.254135879,2.031963687,0.232682316,,5731.835562,5870.1858260720655
1984-02-18,291,0.0,0.0,1.77227095,0.683156151,,6026.584058,6914.376119917984
1984-02-19,292,0.0,0.0,1.552600559,0.391892663,,6327.696356,8101.259339542428
1984-02-20,293,0.0,0.0,1.476075419,0.203680302,7.5,6457.028799,8606.544422973728
1984-02-21,294,21.75640386,4.794520548,3.887798883,0.290584919,,4356.404275,2698.7054309185205
1984-02-22,295,6.72936507,4.794520548,6.278731844,0.43554036,,3527.203957,1519.5222952815834
1984-02-23,296,0.8173984,4.794520548,4.471215084,0.471899279,,4146.554603,2282.461727617171
1984-02-24,297,0.0,0.0,3.520910615,0.775110988,,4610.368987,3038.9781966976507
1984-02-25,298,0.32865642,4.794520548,2.948379888,0.366997355,,4957.984954,3758.7828665229645
1984-02-26,299,0.1673504,4.794520548,2.528798883,0.193876678,,5270.844923,4517.462802413011
1984-02-27,300,0.90470602,4.794520548,2.227198324,0.198000991,,5537.09341,5259.494461982458
1984-02-28,301,0.25,4.794520548,1.9845,0.287033079,7.9,5782.416623,6038.684033840516
1984-02-29,302,1.15331966,23.28767123,1.782,0.537612535,,6019.566952,6869.20614898548
1984-03-01,303,3.79221884,23.28767123,1.766036313,0.424463333,,6061.700135,6943.609704330257
1984-03-02,304,6.14389024,23.28767123,2.251357542,0.572814375,,5508.239667,5191.982761782609
1984-03-03,305,2.75,23.28767123,1.864986034,0.841401954,,5925.917984,6504.887834875666
1984-03-04,306,1.75,23.28767123,2.019067039,0.676420658,,5761.117324,5915.108992888381
1984-03-05,307,0.25,23.28767123,1.889497207,1.870030813,,5890.359496,6403.988268148699
1984-03-06,308,0.0,0.0,1.761310056,0.807275332,7.7,6049.843835,6965.922137881196
1984-03-07,309,0.0,0.0,1.697882682,1.152506005,,6131.848564,7278.5921103184755
1984-03-08,310,0.0,0.0,1.624449721,0.701411975,,6230.480583,7674.21550016187
1984-03-09,311,0.0,0.0,1.563837989,0.81744054,,6315.413647,8031.622887705627
1984-03-10,312,0.25,8.767123288,1.506921788,0.982672975,,6400.730791,8396.088733581364
1984-03-11,313,4.75,8.767123288,1.565472067,0.819189511,,6320.512622,8021.588179491009
1984-03-12,314,5.820949865,8.767123288,1.764628492,0.401565673,,6052.198529,6950.242235313993
1984-03-13,315,2.0,8.767123288,1.829086592,0.206186745,7.8,5963.78111,6658.036072147603
1984-03-14,316,3.0,5.642398227,1.782301676,0.316029463,,6028.994274,6867.814184287226
1984-03-15,317,0.0,0.0,1.714324022,0.141244902,,6105.428364,7195.102543388151
1984-03-16,318,0.08004278,6.028970874,1.603181564,0.609810086,,6258.348937,7796.248494228294
1984-03-17,319,0.0,0.0,1.526581006,0.33288309,,6370.10696,8266.825001157436
1984-03-18,320,0.0,0.0,1.474265363,0.335892099,,6451.7278,8619.194506156415
1984-03-19,321,0.0,0.0,1.431100559,0.367363009,,6518.998655,8931.294685620713
1984-03-20,322,0.0,0.0,1.393743017,0.476587262,7.3,6581.694796,9218.58798615567
1984-03-21,323,0.0,0.0,1.321818436,0.487740577,7.3,6695.428034,9822.148439323748
1984-03-22,324,0.52678826,2.123287671,1.169446927,0.95208497,,6985.446213,11372.787519389209
1984-03-23,325,20.00770709,2.123287671,2.360790503,0.383679427,7.5,5108.749639,4905.118840539052
1984-03-24,326,0.38096143,2.123287671,2.674432961,1.198493365,,4975.81151,4224.4649879161625
1984-03-25,327,5.25,2.123287671,1.951215084,0.409465857,,5836.455283,6162.227442198824
1984-03-26,328,0.25,2.123287671,2.039782123,0.395275468,,5723.944521,5843.255307080137
1984-03-27,329,6.48386137,2.123287671,1.983444134,1.505209403,8.8,5799.796999,6042.533186303779
1984-03-28,330,0.25,7.397260274,1.992670391,1.668732759,,5779.645955,6009.050336954655
1984-03-29,331,0.511922855,7.397260274,1.884192737,1.704797263,,5901.281512,6425.579593473143
1984-03-30,332,0.0,0.0,1.778832402,1.923791487,,6026.376171,6883.853085042673
1984-03-31,333,0.0,0.0,1.676664804,0.871132,,6158.116979,7388.997615935299
1984-04-01,334,0.0,0.0,1.576131285,1.12327981,,6295.429295,7956.691350896674
1984-04-02,335,0.0,0.0,1.471851955,2.052321834,,6454.133295,8636.114436283382
1984-04-03,336,0.0,0.0,1.445203911,1.657652415,7.9,6496.069647,8827.069005826135
1984-04-04,337,0.08004278,4.931506849,1.402240223,0.426152281,,6566.403046,9151.763865461926
1984-04-05,338,0.0,0.0,1.33800838,1.995246793,,6672.446492,9680.069734185554
1984-04-06,339,0.32865642,4.931506849,1.285768156,1.437604869,,6768.041502,10152.661127464933
1984-04-07,340,0.0,0.0,1.242578212,0.566595163,,6848.743896,10576.444463220652
1984-04-08,341,0.0,0.0,1.19923743,0.922700844,,6932.755464,11035.515872938486
1984-04-09,342,0.0,0.0,1.165273743,2.858154154,,7004.546026,11421.54753603164
1984-04-10,343,0.25,4.931506849,1.147977654,1.670350679,7.1,7037.820515,11627.79136128615
1984-04-11,344,5.75,4.931506849,1.205019553,1.961844388,,6922.853136,10972.173187827902
1984-04-12,345,0.0,0.0,1.105189944,3.011248117,,7126.038688,12168.550376103236
1984-04-13,346,0.25,4.931506849,1.062452514,1.834734382,,7224.544497,12756.594103170242
1984-04-14,347,0.25,4.931506849,1.024843575,2.936147425,,7315.227873,13318.777499159005
1984-04-15,348,6.0,4.931506849,1.091840782,1.7670573,,7163.421363,12346.802422754188
1984-04-16,349,1.25,4.931506849,1.039726257,1.726366393,,7278.093429,13090.969385754459
1984-04-17,350,3.25,4.931506849,1.00352514,2.007132219,7.1,7373.943389,13658.044770989349
1984-04-18,351,3.0,4.520547945,1.07773743,1.898439218,,7186.14531,12540.398412122195
1984-04-19,352,0.25,4.520547945,0.980874302,2.113219267,,7421.395586,14036.294972368712
1984-04-20,353,0.25,4.520547945,0.961692737,2.623141281,,7470.833921,14371.93904744124
1984-04-21,354,0.0,0.0,0.912519553,3.727648628,,7601.017031,15303.436110656181
1984-04-22,355,0.0,0.0,0.887581006,3.115506857,,7674.822334,15819.309832592135
1984-04-23,356,0.0,0.0,0.862994413,4.031124906,,7743.774706,16360.032532035495
1984-04-24,357,0.0,0.0,0.830715084,4.605772062,6.6,7839.490224,17123.469330601685
1984-04-25,358,0.0,0.0,0.800321229,3.892154317,,7938.287116,17904.33810698634
1984-04-26,359,0.0,0.0,0.765251397,4.235632478,,8051.592316,18890.305076192646
1984-04-27,360,0.0,0.0,0.739634078,3.934000033,,8144.934373,19675.629780554158
1984-04-28,361,0.0,0.0,0.718918994,4.0905561,,8216.188163,20355.73060931911
1984-04-29,362,0.0,0.0,0.697248603,3.403549175,,8299.63343,21114.80920998711
1984-04-30,363,0.0,0.0,0.678092179,3.309686871,,8375.364463,21830.299761445112
1984-05-01,364,0.0,0.0,0.673089385,2.918081969,6.5,8389.292153,22024.52548074834
1984-05-02,365,0.0,0.0,0.613759777,3.909113565,,8644.413015,24594.609702620513
1984-05-03,366,1.36799209,0.769193305,0.614840782,2.640389765,,8642.326719,24542.89854129996
1984-05-04,367,0.0,0.0,0.610818436,2.668604887,,8657.963068,24736.32959351172
1984-05-05,368,0.0,0.0,0.600888268,3.716578175,,8701.579434,25226.048423762757
1984-05-06,369,0.0,0.0,0.589550279,1.242285374,,8755.301711,25807.374749031078
1984-05-07,370,0.0,0.0,0.569061453,3.140988803,,8850.756854,26922.56305436696
1984-05-08,371,0.0,0.0,0.60149162,2.879216543,6.6,8711.841672,25195.78671212629
1984-05-09,372,0.0,0.0,0.621377095,2.314617293,,8611.381658,24234.43011966308
1984-05-10,373,0.0,0.0,0.608430168,2.713701142,,8668.252052,24852.508080848733
1984-05-11,374,0.0,0.0,0.592994413,3.029272308,,8736.192055,25628.204910993467
1984-05-12,375,0.0,0.0,0.57972067,3.479645436,,8801.426029,26331.595281270587
1984-05-13,376,0.0,0.0,0.567351955,4.205944032,,8860.447453,27019.610553051745
1984-05-14,377,0.0,0.0,0.552569832,4.39366458,,8931.853882,27886.324162802943
1984-05-15,378,2.5,4.816885918,0.563782123,1.395411604,6.4,8885.577239,27224.352326392127
1984-05-16,379,5.25,1.780821918,0.599304469,1.032165723,,8715.022828,25305.80367186653
1984-05-17,380,11.75,1.780821918,0.784684358,0.464029092,,7995.530837,18332.010209786386
1984-05-18,381,0.25,1.780821918,0.626178771,1.637213674,,8570.426479,24012.32416005961
1984-05-19,382,0.0,0.0,0.567553073,2.752912142,,8851.141118,27008.15986075124
1984-05-20,383,4.0,1.780821918,0.574893855,2.553514688,,8827.799805,26596.223733968873
1984-05-21,384,0.25,1.780821918,0.545430168,3.107621675,,8962.39608,28323.438376529833
1984-05-22,385,26.0,1.780821918,1.735692737,0.669937239,6.6,5681.888656,7089.184479319707
1984-05-23,386,0.25,8.557687532,0.834259777,4.171886479,,7774.077713,17036.46109411829
1984-05-24,387,0.0,0.0,0.647044693,4.917979021,,8480.6187,23089.07674245436
1984-05-25,388,3.75,4.573728314,0.611748603,1.901233203,,8656.506989,24691.350496559535
1984-05-26,389,0.0,0.0,0.589449721,1.608300643,,8747.741743,25812.64048519073
1984-05-27,390,0.75,1.2933425,0.561670391,2.507570112,,8889.664204,27346.812436704153
1984-05-28,391,0.5,0.983874041,0.553022346,2.238447071,,8929.689031,27859.036970017085
1984-05-29,392,0.0,0.0,0.517776536,4.399709803,6.5,9109.061764,30141.83242118286
1984-05-30,393,0.0,0.0,0.49572905,4.486308042,,9238.399461,31751.843269828056
1984-05-31,394,4.0,1.232876712,0.493290503,2.661029863,,9277.411847,31939.635153814434
1984-06-01,395,8.58004278,1.232876712,0.693653631,1.814039741,,8316.279318,21245.776561831844
1984-06-02,396,1.5,1.232876712,0.587061453,2.413805264,,8752.441074,25938.28460963957
1984-06-03,397,12.25,1.232876712,1.151522346,2.27849072,,6921.669635,11584.969028837888
1984-06-04,398,0.5,1.232876712,0.784131285,3.648477477,,7977.498982,18347.479962143625
1984-06-05,399,12.48787525,1.232876712,0.772541899,0.94371385,6.5,8033.8772,18677.239826991146
1984-06-06,400,0.25,0.993872248,0.715675978,2.046408215,,8215.63947,20466.11986748011
1984-06-07,401,4.0,1.345098973,0.695187151,3.119061695,,8309.871585,21189.727506911775
1984-06-08,402,0.25,4.30657381,0.633569832,6.192703663,,8537.254163,23677.657933386545
1984-06-09,403,0.0,0.0,0.572153631,5.213470481,,8830.22348,26748.63754819168
1984-06-10,404,0.0,0.0,0.534041899,5.386178382,,9023.184649,29047.26284726891
1984-06-11,405,0.0,0.0,0.51448324,6.005566231,6.5,9131.897217,30372.712896139812
1984-06-12,406,0.75,1.780821918,0.521296089,1.53417079,,9103.66205,29898.626711631645
1984-06-13,407,16.75,1.780821918,0.634223464,1.309446745,,8756.06092,23648.47343019051
1984-06-14,408,4.5,1.780821918,1.365460894,3.803644498,,6477.741881,9447.593910475844
1984-06-15,409,0.0,0.0,0.82277095,4.527343137,,7856.047159,17321.4577919959
1984-06-16,410,0.0,0.0,0.752606145,3.106006721,,8094.185356,19270.623816270694
1984-06-17,411,0.25,1.780821918,0.705117318,5.518180506,,8266.168696,20833.257450323712
1984-06-18,412,0.0,0.0,0.675201117,4.931092339,,8384.390211,21942.15543242323
1984-06-19,413,0.0,0.0,0.655013966,4.549705519,6.6,8466.935675,22753.46943866241
1984-06-20,414,0.0,0.0,0.634550279,4.855652817,,8553.236414,23633.90596861295
1984-06-21,415,0.25,3.698630137,0.618259777,3.888655225,,8625.021118,24380.6528742526
1984-06-22,416,14.5,3.698630137,0.820307263,2.173407174,,7890.738693,17383.714897918064
1984-06-23,417,12.0,3.698630137,0.963125698,3.671522886,,7387.116728,14346.357165038378
1984-06-24,418,1.0,3.698630137,0.937432961,4.062432085,,7472.022405,14818.089553298476
1984-06-25,419,0.25,3.698630137,0.794539106,2.355403869,,7952.065652,18060.327772767883
1984-06-26,420,0.0,0.0,0.742726257,4.263903701,6.7,8129.121366,19577.677567160536
1984-06-27,421,1.0,6.211978592,0.707681564,3.004338662,,8259.876463,20742.98959735567
1984-06-28,422,0.0,0.0,0.671329609,4.678072155,,8395.876466,22093.601779369084
1984-06-29,423,0.0,0.0,0.648703911,2.978557624,,8495.383417,23018.456459577297
1984-06-30,424,0.0,0.0,0.623614525,5.524083075,,8596.05896,24130.46863003358
1984-07-01,425,0.0,0.0,0.59696648,5.484943706,,8717.128356,25424.38682062542
1984-07-02,426,0.0,0.0,0.573938547,3.989282208,,8826.757115,26649.177497981284
1984-07-03,427,0.0,0.0,0.551715084,5.570461259,6.4,8935.297673,27938.00065276891
1984-07-04,428,0.0,0.0,0.529089385,5.97178261,,9048.726806,29372.722157059892
1984-07-05,429,0.0,0.0,0.497111732,7.115531123,,9225.52559,31646.261248170063
1984-07-06,430,0.0,0.0,0.472449721,6.820400504,,9374.636704,33631.62785844435
1984-07-07,431,0.0,0.0,0.450829609,8.091235889,,9506.365516,35569.13937908925
1984-07-08,432,0.0,0.0,0.43122067,7.345232643,,9640.940876,37511.625673480856
1984-07-09,433,2.25,1.779942233,0.44177933,2.130878294,,9581.870118,36442.16015108458
1984-07-10,434,0.25,3.064127536,0.424910615,5.115176041,6.4,9669.615967,38178.651756779625
1984-07-11,435,10.5,3.150684932,0.556340782,3.167355466,,8854.324643,27660.418897605687
1984-07-12,436,8.0,3.150684932,0.571047486,3.294130067,,8834.473293,26810.61732503214
1984-07-13,437,1.5,3.150684932,0.478935754,3.338172177,,9326.760235,33087.71915722607
1984-07-14,438,9.5,3.150684932,0.617430168,2.719871396,,8644.816996,24419.840105768842
1984-07-15,439,0.75,3.150684932,0.530522346,4.241780064,,9003.026795,29277.86799508002
1984-07-16,440,0.0,0.0,0.447913408,2.946270039,,9509.148708,35846.21937372178
1984-07-17,441,0.75,3.150684932,0.386145251,5.467871896,6.5,9972.1723,42805.02085457918
1984-07-18,442,0.0,0.0,0.386145251,3.157999549,,9972.1723,42805.02085457918
1984-07-19,443,0.0,0.0,0.387653631,4.097147023,,9969.81722,42605.96724236582
1984-07-20,444,0.0,0.0,0.409977654,6.212472013,,9790.61351,39847.203512594984
1984-07-21,445,0.0,0.0,0.400902235,7.280933441,,9856.450208,40928.072209176134
1984-07-22,446,0.0,0.0,0.390142458,7.639455076,,9937.326713,42281.21934141362
1984-07-23,447,0.0,0.0,0.375586592,4.466148604,,10048.70489,44247.61563608305
1984-07-24,448,0.0,0.0,0.356178771,6.636115385,6.5,10208.8603,47145.12519796117
1984-07-25,449,0.0,0.0,0.336871508,6.540181517,,10378.89473,50393.105344667376
1984-07-26,450,0.0,0.0,0.317564246,5.292039233,,10561.00719,54076.93668168395
1984-07-27,451,0.0,0.0,0.300268156,3.12380829,,10753.74803,57820.94116565725
1984-07-28,452,0.0,0.0,0.323648045,6.076168156,,10505.6766,52864.07229825122
1984-07-29,453,0.0,0.0,0.311907821,7.255097522,,10617.35145,55251.25558457776
1984-07-30,454,0.874491215,1.550662785,0.315477654,3.840643087,,10591.12882,54504.75221345284
1984-07-31,455,7.512747605,3.100941821,0.378905028,4.735293426,6.3,10021.92733,43784.718954423384
1984-08-01,456,8.79758387,1.506849315,0.339486034,3.403255948,,10396.24453,49929.51334596593
1984-08-02,457,29.41319977,1.506849315,1.665804469,2.368504413,,5818.894709,7446.7044936827115
1984-08-03,458,1.19673576,1.506849315,0.808541899,4.322131026,7.2,7837.747598,17686.77392471492
1984-08-04,459,8.17881105,1.506849315,0.68173743,0.749380862,,8380.453545,21690.747902459807
1984-08-05,460,0.34005294,1.506849315,0.662379888,4.031611097,,8396.433171,22451.14467606991
1984-08-06,461,12.11827551,1.506849315,0.835541899,2.066626293,,7744.362291,17005.189581563205
1984-08-07,462,8.25,1.506849315,1.160723464,3.090759529,6.7,6978.503307,11475.152442708933
1984-08-08,463,0.25,8.989531297,0.779128492,3.43551902,,7975.636669,18488.506613497237
1984-08-09,464,0.0,0.0,0.650840782,3.751978672,,8470.977459,22928.08820790279
1984-08-10,465,0.0,0.0,0.593522346,3.410930928,,8728.03313,25600.942599666123
1984-08-11,466,0.0,0.0,0.546385475,3.769514786,,8958.229468,28264.224493601316
1984-08-12,467,0.0,0.0,0.513553073,4.616670041,,9134.546333,30438.512136645033
1984-08-13,468,0.5,3.965847447,0.501410615,2.778295216,,9209.432109,31322.07674164549
1984-08-14,469,0.25,4.006888985,0.491807263,2.76147436,6.7,9260.180384,32054.85906961748
1984-08-15,470,0.0,0.0,0.471846369,3.505676096,,9377.96092,33683.05873593156
1984-08-16,471,0.0,0.0,0.458472067,3.181430117,,9464.322289,34861.32715082845
1984-08-17,472,0.0,0.0,0.449446927,4.400606059,,9520.041377,35700.02165008915
1984-08-18,473,0.0,0.0,0.442835196,2.964952716,,9566.425386,36338.28887200914
1984-08-19,474,0.0,0.0,0.426092179,5.364123999,,9671.813416,38052.100245400754
1984-08-20,475,0.0,0.0,0.409625698,5.624827545,,9791.665764,39888.142004337264
1984-08-21,476,0.0,0.0,0.399117318,4.672754192,6.7,9869.102984,41147.00726841552
1984-08-22,477,0.0,0.0,0.397986034,2.751749106,,9885.13542,41286.88486190794
1984-08-23,478,0.5,1.272901515,0.399293296,3.350513831,,9872.09279,41125.32663370822
1984-08-24,479,5.25,3.755647303,0.445851955,0.780811413,,9550.028027,36044.48729426408
1984-08-25,480,0.25,3.346555995,0.43572067,4.088512325,,9603.827556,37048.87383228496
1984-08-26,481,0.0,0.0,0.405930168,2.988479423,,9817.780417,40322.701465360005
1984-08-27,482,0.0,0.0,0.391600559,3.434696394,,9926.203856,42093.06624915728
1984-08-28,483,2.75,1.833208225,0.378703911,4.128518893,6.6,10050.78214,43812.51991114795
1984-08-29,484,11.5,1.506849315,0.522326816,3.878497922,,9046.439222,29828.082862084415
1984-08-30,485,10.75,1.506849315,0.677212291,2.929384159,,8323.138237,21864.231809675694
1984-08-31,486,41.75,1.506849315,4.693701117,1.086232819,7.4,3767.305322,2153.441965961947
1984-09-01,487,1.75,1.506849315,1.944955307,2.983897172,,5729.282616,6185.981005485065
1984-09-02,488,3.0,1.506849315,1.263469274,3.042164585,,6787.136009,10367.487337856692
1984-09-03,489,33.25,1.506849315,5.350047486,1.423507034,8.1,2873.3176,1840.8489394075423
1984-09-04,490,7.0,1.506849315,6.154592179,2.116423795,8.7,3472.096511,1556.3299666703374
1984-09-05,491,1.0,10.2739726,3.333469274,3.672448479,,4683.679701,3244.8017185790522
1984-09-06,492,0.0,0.0,2.397670391,2.641828713,7.6,5368.675591,4814.905947081062
1984-09-07,493,0.0,0.0,2.004083799,1.88363917,,5756.666039,5968.098365050993
1984-09-08,494,7.0,10.2739726,1.856689944,2.187117445,,5959.457243,6539.701616852899
1984-09-09,495,29.75,10.2739726,4.373673184,2.334595644,,4097.626865,2343.587554603586
1984-09-10,496,5.75,10.2739726,6.360586592,2.185549987,,3407.940949,1496.1145881209986
1984-09-11,497,10.5,10.2739726,4.920662011,1.794009402,8.6,3998.996392,2034.974022885631
1984-09-12,498,2.25,1.856051881,4.075139665,1.554284467,,4334.398318,2550.753397829635
1984-09-13,499,9.25,13.15862579,4.087910615,1.050905206,,4341.541062,2541.2090147080626
1984-09-14,500,9.5,2.93132849,5.378731844,1.375383638,,3838.509555,1829.0904441978864
1984-09-15,501,0.25,2.601890277,4.113351955,2.742734276,,4312.801777,2522.389352547169
1984-09-16,502,0.75,1.658538225,3.417812849,2.810061559,,4671.500314,3149.117307441953
1984-09-17,503,11.5,1.025850066,3.782916201,1.724576879,,4491.960667,2788.5894098182334
1984-09-18,504,0.75,5.334656711,3.200078212,2.825076156,7.8,4796.452095,3407.4791605454147
1984-09-19,505,3.25,5.068493151,2.835201117,2.112100681,,5052.55594,3939.200454542245
1984-09-20,506,39.5,5.068493151,11.4943324,2.092260636,,2498.011749,735.9796605108511
1984-09-21,507,30.5,5.068493151,17.18788827,1.911887437,,1988.289972,454.23406046913834
1984-09-22,508,8.25,5.068493151,11.63232402,2.0949406,,2540.589349,725.5220072390564
1984-09-23,509,14.5,5.068493151,10.59709777,2.147891316,,2708.267064,811.3206624653005
1984-09-24,510,2.107624315,5.068493151,7.127547486,1.565958613,,3336.879663,1305.2713646328498
1984-09-25,511,1.0,5.068493151,5.284835196,1.190126204,8.2,3855.765548,1868.1035955801676
1984-09-26,512,0.5,1.917808219,4.256648045,2.773591308,,4252.928659,2420.994359068369
1984-09-27,513,15.25,1.917808219,4.87651676,0.849328012,,4007.857679,2057.068562068686
1984-09-28,514,9.5,1.917808219,6.680136872,1.332750935,,3451.892965,1410.7460033217592
1984-09-29,515,4.5,1.917808219,5.517703911,1.61379636,,3789.026668,1774.0204660423383
1984-09-30,516,12.25,1.917808219,7.925756983,2.146110408,,3156.094,1149.310926113999
1984-10-01,517,2.25,1.917808219,6.021226257,1.554472946,,3632.704307,1597.7354181859696
1984-10-02,518,12.25,1.917808219,6.402921788,1.485815296,7.2,3542.88536,1484.265945499579
1984-10-03,519,17.0,2.054794521,9.399318436,0.703582747,,2863.861346,936.8113446586744
1984-10-04,520,0.25,2.054794521,7.465550279,1.100073524,,3253.427355,1234.7541677594563
1984-10-05,521,0.0,0.0,5.427628492,1.991830428,,3806.292568,1809.3609380826615
1984-10-06,522,2.5,2.054794521,4.399215084,1.988811756,,4195.140282,2327.2935055590738
1984-10-07,523,11.75,2.054794521,5.32199162,2.438042423,,3842.145427,1852.4845930460313
1984-10-08,524,39.02615165,2.054794521,12.99212849,1.609696915,,2275.831499,635.4311615442325
1984-10-09,525,0.0,0.0,12.72700559,2.140823388,7.6,2330.386599,651.33946697158
1984-10-10,526,0.25,6.51730199,7.105826816,2.645823453,,3331.234233,1310.055458098504
1984-10-11,527,1.0,20.4556763,5.212156425,1.924628213,,3881.78221,1899.36288282121
1984-10-12,528,1.75,5.159164486,4.319773743,2.012451167,,4229.709387,2378.6672524090377
1984-10-13,529,2.75,17.50232949,3.730248603,1.732062449,,4505.138008,2835.8233827188074
1984-10-14,530,0.0,0.0,3.254581006,1.682817747,,4766.791778,3339.2399107677993
1984-10-15,531,0.0,0.0,2.844326816,2.614840913,,5032.758872,3924.068058654393
1984-10-16,532,0.0,0.0,2.509818436,2.637102393,7.3,5289.093952,4558.406458091832
1984-10-17,533,10.5,7.671232877,2.599868715,1.286365526,,5231.69838,4369.974928007699
1984-10-18,534,17.25,7.671232877,4.489918994,1.954188634,,4170.912077,2271.0737583072305
1984-10-19,535,30.37634469,7.671232877,7.464796089,3.812245664,,3242.247559,1234.903713749408
1984-10-20,536,4.26031092,7.671232877,8.658553073,3.985778239,,3009.160439,1033.7033521234744
1984-10-21,537,24.07042269,7.671232877,8.315145251,2.990115342,,3228.752117,1085.0927915575198
1984-10-22,538,57.53962136,7.671232877,43.32509497,2.896594679,,833.9570745,149.76278873377274
1984-10-23,539,1.552536345,7.671232877,18.89519832,1.975646331,8.8,1751.315297,405.45030600831063
1984-10-24,540,21.07334532,2.602739726,13.89155028,3.390515255,,2307.608698,586.411036226008
1984-10-25,541,20.9409126,2.602739726,24.36372905,4.280997977,,1490.843361,298.86850405056816
1984-10-26,542,0.517512115,2.602739726,10.34079888,3.837111502,,2713.991961,835.4923565079516
1984-10-27,543,1.68496905,2.602739726,6.402921788,3.331671966,,3512.74892,1484.265945499579
1984-10-28,544,7.618030325,2.602739726,5.373854749,2.963047496,,3847.064992,1831.0799669445676
1984-10-29,545,16.45503908,2.602739726,7.623603352,2.957267448,,3141.149012,1204.1307529758462
1984-10-30,546,8.54789035,2.602739726,10.04641341,0.745814055,7.3,2768.445155,864.9332640190366
1984-10-31,547,0.0,0.0,7.087349162,1.304315925,,3344.750847,1314.1506330738546
1984-11-01,548,0.08922996,3.835616438,5.386173184,1.727554505,,3824.795658,1826.0625111651361
1984-11-02,549,18.70568599,3.835616438,7.475078212,0.545999672,,3267.551704,1232.8677591027922
1984-11-03,550,26.10345138,3.835616438,11.57814804,1.739035148,,2598.217479,729.5950513983078
1984-11-04,551,3.094334455,3.835616438,9.961642458,0.561779203,,2777.525521,873.7662295538375
1984-11-05,552,0.0,0.0,6.693083799,0.213594978,,3440.48808,1407.4756851029872
1984-11-06,553,4.25,3.835616438,5.185458101,0.007655562,7.6,3901.059354,1911.087873495448
1984-11-07,554,0.75,0.410958904,4.483181564,0.123735126,,4155.817269,2275.16384727324
1984-11-08,555,19.93496905,0.410958904,8.501932961,0.00182036,,2996.930828,1056.5750307548992
1984-11-09,556,21.75,0.410958904,11.68112011,0.158930781,,2516.932205,721.8889635546745
1984-11-10,557,0.0,0.0,10.77184358,0.388847665,,2642.531096,795.5637642212962
1984-11-11,558,6.5,0.410958904,7.052958101,0.259386802,,3370.68469,1321.835483285974
1984-11-12,559,17.5,0.410958904,11.64582402,0.192924425,,2575.459319,724.5135352690736
1984-11-13,560,0.0,0.0,7.707469274,0.464013465,7.3,3206.747169,1188.4410952325238
1984-11-14,561,13.5,2.465753425,8.23650838,0.182046403,,3112.448311,1097.5244245138042
1984-11-15,562,0.0,0.0,6.234913408,0.506056704,,3568.465162,1532.330676408138
1984-11-16,563,0.25,2.465753425,5.008600559,0.449218994,,3957.667598,1992.234488227918
1984-11-17,564,0.25,2.465753425,4.222634078,0.120645205,,4270.43914,2444.378434240744
1984-11-18,565,0.25,2.465753425,3.634567039,0.181548835,,4552.890762,2925.4896782179503
1984-11-19,566,1.83004278,2.465753425,3.175416201,0.246622407,,4816.902115,3439.203290772429
1984-11-20,567,30.0,2.465753425,6.627594972,0.292439656,7.1,3219.959172,1424.1619718683994
1984-11-21,568,38.5,7.534246575,21.21111453,0.541427179,,1373.792541,352.93357097911513
1984-11-22,569,33.75,7.534246575,35.48767877,0.342103606,,958.6223191,190.30225104114263
1984-11-23,570,34.25,7.534246575,28.34937151,0.333490706,,1276.551705,249.18054090993095
1984-11-24,571,3.0,7.534246575,15.65406704,0.584117035,,2070.187371,508.1331188820857
1984-11-25,572,3.5,7.534246575,8.537530726,0.517546817,,3031.708765,1051.295577088035
1984-11-26,573,0.0,0.0,5.93102514,0.506077796,,3648.912773,1626.9016243780993
1984-11-27,574,20.0,7.534246575,7.375826816,0.399736254,7.5,3147.808176,1252.7811708125446
1984-11-28,575,6.94802741,5.342465753,9.212480447,0.35281659,,2901.654866,959.6370549149538
1984-11-29,576,3.25,5.342465753,6.649617318,0.199653014,,3462.800336,1418.5104585705985
1984-11-30,577,2.5,5.342465753,5.417597765,0.117117137,,3816.71927,1813.376379302479
1984-12-01,578,32.75,5.342465753,10.32184358,0.0,,2689.704205,837.3324874178621
1984-12-02,579,1.75,5.342465753,10.67734358,0.164597489,,2652.255196,804.0144753754525
1984-12-03,580,3.75617485,5.342465753,7.31327933,0.126911815,,3298.952728,1265.6358647080856
1984-12-04,581,1.0,5.342465753,5.524265363,0.206192919,7.9,3780.488004,1771.4955755907654
1984-12-05,582,4.5,6.065787003,4.866511173,0.306535708,,4015.211579,2062.137571007648
1984-12-06,583,2.0,6.877398508,4.13175419,0.314444683,,4313.632212,2508.935324131614
1984-12-07,584,0.0,0.0,3.636276536,0.376075037,,4553.903159,2923.842134947449
1984-12-08,585,4.25,4.553553575,3.30973743,0.160164428,,4743.212154,3272.691517585644
1984-12-09,586,0.25,2.187316023,3.025885475,0.240841942,,4908.876113,3643.7586500818434
1984-12-10,587,0.0,0.0,2.738790503,0.234575772,,5113.820816,4105.853075128595
1984-12-11,588,0.0,0.0,2.532444134,0.466706708,7.7,5274.208647,4509.67658857314
1984-12-12,589,0.0,0.0,2.348170391,0.349015838,,5430.476614,4936.704584150856
1984-12-13,590,5.606369725,6.575342466,2.257843575,0.002581743,,5528.760313,5174.127910431813
1984-12-14,591,42.38769523,6.575342466,7.036164804,0.045314661,,3190.178485,1325.618034261656
1984-12-15,592,6.26616465,6.575342466,5.618111732,0.127044948,,3724.126381,1736.0912143939527
1984-12-16,593,4.265417725,6.575342466,4.831717877,0.031970677,,4020.759218,2079.944136500666
1984-12-17,594,14.64451811,6.575342466,10.44093017,0.14374207,,2649.8479,825.8936449310095
1984-12-18,595,18.0,6.575342466,7.980435754,0.04512461,7.7,3222.891182,1139.877163232458
1984-12-19,596,21.75,5.068493151,24.87632682,0.17259433,,1379.731606,291.4935243919393
1984-12-20,597,6.25,5.068493151,10.3441676,0.213081267,,2732.185558,835.166105629657
1984-12-21,598,4.0,5.068493151,6.819536313,0.243770767,,3414.658022,1376.2510611815628
1984-12-22,599,21.5,5.068493151,9.193022346,0.093326274,,2924.376048,962.0728964915453
1984-12-23,600,9.0,5.068493151,9.30896648,0.137400786,,2922.978709,947.7237675039762
1984-12-24,601,22.25,5.068493151,15.98256704,0.156682374,,2083.73336,495.63084507626775
1984-12-25,602,12.25,5.068493151,11.87864246,0.112924193,,2541.653767,707.5174952183013
1984-12-26,603,2.0,5.068493151,8.181150838,0.040760372,,3100.251712,1106.433490493871
1984-12-27,604,1.5,5.068493151,5.771715084,0.033292371,,3698.377613,1680.8665083301485
1984-12-28,605,3.25,5.068493151,4.700865922,0.0204675,,4075.510043,2149.5097185560053
1984-12-29,606,12.5,5.068493151,6.145064246,0.114408727,,3586.402187,1559.2225936014893
1984-12-30,607,1.75,5.068493151,5.654539106,0.232943193,,3727.16588,1722.6962133252136
1984-12-31,608,3.25,5.068493151,5.032608939,0.170723283,,3961.522696,1980.8509550243032
1985-01-01,609,0.0,0.0,4.412790503,0.318099428,,4191.059109,2318.7175909450016
1985-01-02,610,0.0,0.0,3.855293296,0.142610601,,4443.455461,2725.988248752081
1985-01-03,611,0.25,2.739726027,3.404438547,0.439676684,,4682.192334,3163.9426697949834
1985-01-04,612,0.0,0.0,3.047002793,0.126362356,,4898.526811,3613.531713493662
1985-01-05,613,0.0,0.0,2.734969274,0.071018896,,5114.550943,4112.724557584896
1985-01-06,614,0.25,2.739726027,2.52600838,0.214592102,,5281.210971,4523.439965980184
1985-01-07,615,0.25,2.739726027,2.330421788,0.187098514,,5445.618471,4981.7621746824425
1985-01-08,616,1.25,2.739726027,2.171363128,0.024016495,7.5,5594.270614,5421.848992600775
1985-01-09,617,0.25,2.999167127,2.009187151,0.105564641,,5759.427557,5949.952496136393
1985-01-10,618,0.0,0.0,1.851284916,0.090989651,,5937.252226,6562.5677288699335
1985-01-11,619,0.0,0.0,1.717893855,0.100805981,,6102.219275,7177.2066165453
1985-01-12,620,0.25,2.177418777,1.589078212,0.149304336,,6277.047606,7879.151052935955
1985-01-13,621,0.0,0.0,1.520170391,0.0,,6378.247468,8308.572898380035
1985-01-14,622,0.0,0.0,1.387608939,0.0,,6585.872899,9267.386671712957
1985-01-15,623,0.0,0.0,1.314251397,0.0,8.2,6710.048917,9889.873834702134
1985-01-16,624,0.0,0.0,1.187145251,0.0,,6937.11541,11170.176374099457
1985-01-17,625,0.0,0.0,1.071829609,0.0,,7202.419492,12623.158357504853
1985-01-18,626,0.0,0.0,1.09576257,0.0,,7164.535653,12293.939854030195
1985-01-19,627,0.0,0.0,1.093349162,0.0,,7148.118045,12326.42139149276
1985-01-20,628,0.0,0.0,1.038921788,0.0,,7281.870434,13103.100216726449
1985-01-21,629,7.664951595,2.328767123,3.670164804,0.239116188,6.8,4324.941229,2891.5297851455007
1985-01-22,630,0.26192286,2.328767123,3.018217877,0.130044829,,4758.23016,3654.8489283941544
1985-01-23,631,3.230699545,7.671232877,2.000136872,0.0,,5752.287934,5982.202114005579
1985-01-24,632,13.34704526,7.671232877,3.136575419,0.0,,4753.918885,3490.278705171566
1985-01-25,633,0.39288429,7.671232877,3.537175978,0.090856281,,4574.705506,3022.245258482939
1985-01-26,634,1.234915315,7.671232877,2.853854749,0.0,,5021.874271,3908.382066225693
1985-01-27,635,5.136236915,7.671232877,2.549011173,0.0,,5264.168693,4474.5976349976845
1985-01-28,636,15.98030456,7.671232877,9.559131285,0.177679487,,2736.66726,918.0640281822275
1985-01-29,637,28.5,7.671232877,18.81761732,0.061823257,6.8,1782.92823,407.4565993903997
1985-01-30,638,11.25,3.835616438,11.7898743,0.104827086,,2540.018755,713.91066926469
1985-01-31,639,9.0,3.835616438,10.92268156,0.349935384,,2625.714392,782.4076067437828
1985-02-01,640,2.0,3.835616438,8.719441341,0.393785223,,3001.082012,1025.0551714738167
1985-02-02,641,1.5,3.835616438,6.059664804,0.246895285,,3612.740751,1585.5961108686142
1985-02-03,642,1.75,3.835616438,4.700111732,0.239359077,,4069.894733,2149.9230190935355
1985-02-04,643,0.0,0.0,3.853407821,0.147246817,,4439.809076,2727.5862997041304
1985-02-05,644,0.25,3.835616438,3.276201117,0.713302104,7.0,4752.855232,3312.8610460965665
1985-02-06,645,9.5,4.383561644,3.084134078,0.632268301,,4909.087012,3561.4841784038945
1985-02-07,646,26.25,4.383561644,11.09162011,0.0,6.0,2640.963377,768.1389508419873
1985-02-08,647,0.75,4.383561644,6.838994413,0.0,,3399.677752,1371.5588726434241
1985-02-09,648,0.0,0.0,4.933106145,0.0,,3973.18889,2028.824240454927
1985-02-10,649,0.0,0.0,4.190882682,0.000417217,,4293.029463,2466.5836400041503
1985-02-11,650,0.0,0.0,3.910600559,0.0,,4421.687879,2679.864520716635
1985-02-12,651,0.0,0.0,3.630368715,0.0,7.0,4561.923611,2929.543085084512
1985-02-13,652,0.0,0.0,3.350136872,0.0,,4715.736621,3225.473191893771
1985-02-14,653,0.0,0.0,3.069905028,0.0,,4885.7665,3581.2658444729454
1985-02-15,654,0.0,0.0,2.789597765,0.0,,5075.551472,4016.452238273577
1985-02-16,655,0.0,0.0,2.509416201,0.0,,5289.510288,4559.281501910883
1985-02-17,656,0.0,0.0,2.229184358,0.0,,5534.157023,5253.883945075922
1985-02-18,657,0.25,3.933417445,1.948851955,0.054028747,,5818.630144,6171.174962304988
1985-02-19,658,0.5,5.072037166,1.670128492,0.068148683,6.8,6156.499014,7423.629856309786
1985-02-20,659,10.75,0.95890411,1.959888268,0.193701161,,5841.70544,6129.591162362242
1985-02-21,660,11.75,0.95890411,2.140893855,0.931269845,,5617.118382,5514.375316228504
1985-02-22,661,1.25,0.95890411,2.034301676,0.96751977,,5747.991305,5862.108820345223
1985-02-23,662,0.0,0.0,3.179664804,0.673959092,,4814.964204,3433.6995261524366
1985-02-24,663,0.0,0.0,2.717094972,2.156246411,,5108.487823,4145.148857135873
1985-02-25,664,0.0,0.0,2.279664804,1.033778605,,5491.066167,5114.876718697349
1985-02-26,665,4.75,0.95890411,2.301787709,0.491105909,7.0,5489.969891,5056.064735865028
1985-02-27,666,0.25,3.01369863,2.406368715,0.759318164,,5372.857722,4794.071036393692
1985-02-28,667,0.0,0.0,2.155374302,0.665649808,,5613.181172,5470.044153850079
1985-03-01,668,3.0,3.01369863,2.105321229,0.353217135,,5663.78699,5626.126424847811
1985-03-02,669,3.75,3.01369863,2.193284916,0.142534083,,5579.413028,5357.023358650438
1985-03-03,670,11.75,3.01369863,2.606078212,0.620663489,,5259.270888,4357.507911284007
1985-03-04,671,24.5,3.01369863,13.28550838,0.332282182,,2341.346838,618.6390636662159
1985-03-05,672,11.0,3.01369863,7.361572626,0.78762772,7.3,3272.34118,1255.6895611729394
1985-03-06,673,10.0,6.438356164,5.609337989,0.285845233,,3797.625448,1739.3460523687581
1985-03-07,674,4.0,6.438356164,7.750432961,0.600868607,,3177.571519,1180.547876500889
1985-03-08,675,0.25,6.438356164,4.765927374,1.225787923,,4035.302902,2114.396127114237
1985-03-09,676,0.0,0.0,3.808005587,1.057599951,,4462.354823,2766.592739988315
1985-03-10,677,1.5,6.438356164,3.325625698,0.693209338,,4725.036214,3253.9711621955034
1985-03-11,678,0.0,0.0,2.855413408,1.963569906,,5025.840559,3905.8269622682574
1985-03-12,679,0.0,0.0,2.552128492,1.879042704,6.7,5256.537678,4468.052941803487
1985-03-13,680,4.334956305,3.561643836,2.458659218,0.677776471,,5337.132411,4672.227925541151
1985-03-14,681,1.833504935,3.561643836,2.254600559,1.087945157,,5517.720984,5183.041231474033
1985-03-15,682,12.14092211,3.561643836,2.240597765,0.459775867,,5533.369279,5221.852931555144
1985-03-16,683,2.72042353,3.561643836,2.069145251,0.331577423,,5693.650999,5744.108201950569
1985-03-17,684,4.593904835,3.561643836,1.942617318,0.803513401,,5835.285841,6194.895947644087
1985-03-18,685,0.0,0.0,1.793212291,0.347892733,,6006.987359,6817.816994291058
1985-03-19,686,0.0,0.0,1.643555866,0.343071012,6.7,6197.615997,7567.541465325634
1985-03-20,687,0.0,0.0,1.50000838,0.598930684,,6412.883556,8442.430815133966
1985-03-21,688,0.529730815,6.164383562,1.42727933,0.095887747,,6518.674207,8959.923693483908
1985-03-22,689,3.951834585,6.164383562,1.375818436,0.314129589,,6612.413227,9362.52689913813
1985-03-23,690,1.85602079,6.164383562,1.499807263,0.574309024,,6424.055179,8443.785969511075
1985-03-24,691,3.119470665,6.164383562,1.842234637,0.864405171,,5956.602432,6601.185229230992
1985-03-25,692,0.08828847,6.164383562,1.774860335,0.972808082,,6030.895867,6902.301028308206
1985-03-26,693,1.0,6.164383562,1.730891061,0.490896974,6.6,6089.330279,7112.734788435261
1985-03-27,694,1.0,3.150684932,1.633550279,0.914989367,,6211.434854,7623.0632201236185
1985-03-28,695,0.25,3.150684932,1.517128492,0.811782132,,6384.933229,8328.518246766336
1985-03-29,696,35.0,3.150684932,6.793215084,0.217198678,,3348.987068,1382.6452658691658
1985-03-30,697,18.75,3.150684932,17.36577654,0.622527833,,1938.020664,448.6578298573571
1985-03-31,698,28.5,3.150684932,13.82472905,1.576725175,,2363.085549,589.8122715218869
1985-04-01,699,13.25,3.150684932,22.60382682,0.344743939,,1469.239493,327.0043368874401
1985-04-02,700,2.5,3.150684932,12.72373743,0.867757838,6.6,2383.941935,651.5401181383687
1985-04-03,701,13.25,2.054794521,16.57877933,0.41958279,,1979.072696,474.3268829122811
1985-04-04,702,4.75,2.054794521,11.80199162,0.390164293,,2539.146226,713.0317362395979
1985-04-05,703,9.25,2.054794521,10.6815419,1.111240209,,2716.175334,803.635548984475
1985-04-06,704,8.5,2.054794521,10.94882682,1.697016429,,2675.425123,780.1676959962349
1985-04-07,705,10.75,2.054794521,10.06878771,0.763655801,,2841.998321,862.6291614590108
1985-04-08,706,8.0,2.054794521,15.28338268,0.557438874,,2155.249126,522.9520066942823
1985-04-09,707,0.0,0.0,8.873170391,0.622152937,6.5,2965.402977,1003.8000901253539
1985-04-10,708,0.5,11.50684932,6.015997207,1.683726839,,3623.337519,1599.3999831990614
1985-04-11,709,39.75,11.50684932,17.75375698,0.485338086,,1847.682138,436.92127976951167
1985-04-12,710,12.25,11.50684932,10.9376648,1.038065424,,2668.173569,781.1225262143255
1985-04-13,711,14.25,11.50684932,10.2434581,0.532878814,,2771.031613,845.0214660303632
1985-04-14,712,6.75,11.50684932,10.16937151,1.119815245,,2758.670842,852.4086041765499
1985-04-15,713,1.0,11.50684932,6.91499162,1.057791846,,3392.51163,1353.510426245839
1985-04-16,714,0.25,11.50684932,5.293131285,1.713919368,6.7,3853.419814,1864.5953731523207
1985-04-17,715,0.0,0.0,4.219768156,1.454393822,,4267.95618,2446.3676350619276
1985-04-18,716,0.0,0.0,3.588812849,3.152185121,,4578.953363,2970.2268949136605
1985-04-19,717,0.0,0.0,3.102662011,2.943418332,,4857.772642,3536.0246292211004
1985-04-20,718,1.5,2.831198955,2.74572905,1.559556559,,5106.69256,4093.4296041905413
1985-04-21,719,2.0,4.650615093,2.49302514,0.521638212,,5304.45038,4595.20343600573
1985-04-22,720,0.0,0.0,2.257969274,2.866495239,6.4,5510.987497,5173.782996990451
1985-04-23,721,0.0,0.0,2.063865922,2.561055769,,5701.178063,5761.705923656193
1985-04-24,722,0.0,0.0,1.940656425,3.885728079,,5836.453792,6202.391183433539
1985-04-25,723,0.0,0.0,1.796857542,2.394531431,,6002.87888,6801.261415152705
1985-04-26,724,0.0,0.0,1.686946927,1.769924673,,6143.131433,7335.1145546842945
1985-04-27,725,3.75,4.383561644,1.614896648,2.068504818,,6241.617534,7728.592744971246
1985-04-28,726,6.0,4.383561644,1.559715084,1.921076717,,6337.6053,8057.043870132435
1985-04-29,727,6.0,4.383561644,1.662058659,0.910148415,,6174.393368,7466.800166708099
1985-04-30,728,2.0,4.383561644,1.579927374,0.960030545,6.6,6287.285717,7933.81162318397
1985-05-01,729,3.75,3.424657534,1.442765363,1.421728958,,6501.242587,8844.930252534175
1985-05-02,730,0.25,3.424657534,1.375240223,3.697750956,,6600.968302,9367.238720362397
1985-05-03,731,0.0,0.0,1.240617318,3.580266288,,6846.952792,10596.454690949144
1985-05-04,732,0.25,3.424657534,1.165374302,1.346414209,,6999.158199,11420.368083122603
1985-05-05,733,6.75,3.424657534,1.205296089,0.84788078,,6937.206374,10969.160475181967
1985-05-06,734,5.25,3.424657534,1.313120112,1.565962743,6.4,6719.741604,9900.072555083518
1985-05-07,735,0.25,1.780821918,1.236217877,4.054127278,,6845.466447,10641.60310818762
1985-05-08,736,0.0,0.0,1.084675978,3.823135957,,7165.50879,12444.462591688653
1985-05-09,737,0.0,0.0,1.023938547,1.467532642,,7313.423979,13332.865319429668
1985-05-10,738,0.75,1.780821918,1.042692737,0.559045781,,7277.561039,13046.414510133593
1985-05-11,739,0.0,0.0,1.021927374,4.192936605,,7317.123922,13364.269675572821
1985-05-12,740,0.0,0.0,0.980296089,1.601599805,,7423.937039,14046.202032388986
1985-05-13,741,8.0,1.780821918,1.177441341,0.465906455,,6965.762511,11280.43896566808
1985-05-14,742,14.75,1.780821918,1.544656425,1.477772889,6.2,6275.386167,8151.159456383752
1985-05-15,743,12.75,1.643835616,4.398662011,1.199669597,,4119.708434,2327.64412798112
1985-05-16,744,0.0,0.0,2.251885475,3.07603756,,5490.828518,5190.525236275207
1985-05-17,745,0.0,0.0,1.849851955,4.367417466,,5933.639443,6568.654520269741
1985-05-18,746,0.0,0.0,1.67477933,4.422319575,,6156.557952,7398.957219284546
1985-05-19,747,5.5,1.643835616,1.664924581,0.823215247,,6178.550543,7451.416029928838
1985-05-20,748,5.0,1.643835616,1.715907821,0.37722037,,6118.492757,7187.1527103845965
1985-05-21,749,7.0,1.643835616,2.153589385,0.356160921,6.2,5632.499395,5475.473215359403
1985-05-22,750,0.5,1.369863014,2.020424581,0.73678795,,5740.862003,5910.350573525652
1985-05-23,751,0.5,1.369863014,1.846458101,2.742474614,,5943.162272,6583.111991655474
1985-05-24,752,4.25,1.369863014,1.874136872,2.743641383,,5912.529845,6466.879579838964
1985-05-25,753,12.25,1.369863014,2.772226257,1.215809355,,5073.17425,4046.614409905435
1985-05-26,754,0.75,1.369863014,2.466351955,2.34744605,,5317.416985,4654.781307449564
1985-05-27,755,6.5,1.369863014,2.339773743,1.447256413,,5451.509086,4957.927208010555
1985-05-28,756,0.25,1.369863014,2.312547486,4.537346905,6.1,5452.035734,5027.907152914313
1985-05-29,757,0.0,0.0,2.063790503,4.735761165,,5700.830715,5761.958036142646
1985-05-30,758,0.0,0.0,1.923058659,5.832351675,,5855.052278,6270.407931750906
1985-05-31,759,0.0,0.0,1.822273743,5.736107739,,5973.341661,6687.848682026031
1985-06-01,760,0.0,0.0,1.727698324,6.041398629,,6089.348737,7128.473478008555
1985-06-02,761,0.0,0.0,1.628748603,6.322351251,,6222.861785,7649.974184620986
1985-06-03,762,0.0,0.0,1.548955307,5.806778167,,6335.357716,8124.086769721445
1985-06-04,763,0.0,0.0,1.470293296,5.642312364,6.5,6454.310778,8647.0743084424
1985-06-05,764,3.25,2.054794521,1.380167598,3.294443931,,6610.862126,9327.224753125596
1985-06-06,765,37.25,2.054794521,4.935067039,0.324274644,,3846.848735,2027.8582911910862
1985-06-07,766,0.25,2.054794521,3.293094972,2.930626388,,4615.982766,3292.513385975071
1985-06-08,767,16.5,2.054794521,2.779818436,2.321002671,,5183.882428,4033.381160420084
1985-06-09,768,14.5,2.054794521,6.567108939,1.348870495,,3460.513261,1439.8987326012975
1985-06-10,769,5.25,2.054794521,5.017122905,2.088739006,,3928.376898,1988.1799276618312
1985-06-11,770,71.25,2.054794521,32.01915922,0.884454842,6.0,853.7212432,215.30862412488912
1985-06-12,771,9.5,1.917808219,23.29398603,1.620948933,6.0,1397.443361,315.4132512212184
1985-06-13,772,0.0,0.0,8.620768156,2.951032172,,2988.534147,1039.13762466719
1985-06-14,773,0.0,0.0,5.252405028,4.258443225,,3850.612457,1881.9344454227403
1985-06-15,774,0.0,0.0,3.904969274,4.431497727,,4407.94291,2684.4951485388838
1985-06-16,775,0.0,0.0,3.180972067,5.104875146,,4805.841539,3432.0093082290887
1985-06-17,776,4.53096082,1.917808219,2.845634078,1.650816618,,5038.806826,3921.9090620687557
1985-06-18,777,0.25,1.917808219,2.551198324,3.399531862,6.5,5252.694075,4470.003955485965
1985-06-19,778,0.0,0.0,2.244067039,3.465801564,,5520.036237,5212.187529003873
1985-06-20,779,5.25,1.917808219,2.038072626,4.224163089,,5744.830804,5849.124269082522
1985-06-21,780,10.25,1.917808219,2.537949721,0.497475604,,5276.449579,4497.963281145849
1985-06-22,781,30.25,1.917808219,6.141519553,1.272009895,,3584.295096,1560.3012597233087
1985-06-23,782,7.75,1.917808219,9.779832402,2.21862328,,2728.380458,893.2788822216884
1985-06-24,783,17.5,1.917808219,12.03169274,2.549696739,,2480.738917,696.7379051825283
1985-06-25,784,4.25,1.917808219,7.695201117,4.736765504,5.9,3195.837909,1190.7127639650566
1985-06-26,785,11.5,1.095890411,5.929868715,1.784287207,,3661.871787,1627.2818834830668
1985-06-27,786,1.5,1.095890411,4.627432961,1.361950737,,4093.371864,2190.4465343964634
1985-06-28,787,28.75,1.095890411,8.739251397,2.026847644,,2881.058158,1022.27002084652
1985-06-29,788,11.75,1.095890411,16.79792179,2.953726718,,1983.094945,466.91342399559414
1985-06-30,789,3.0,1.095890411,8.183891061,2.094829524,,3097.645591,1105.989371128193
1985-07-01,790,0.5,1.095890411,5.598955307,4.719799856,,3745.369714,1743.2122487648771
1985-07-02,791,0.0,0.0,4.280656425,5.433820618,6.3,4241.765993,2404.734601723456
1985-07-03,792,0.0,0.0,3.582905028,5.84624048,,4577.586483,2976.0949500902343
1985-07-04,793,0.0,0.0,3.083555866,5.691670744,,4871.313831,3562.2841182201
1985-07-05,794,5.0,1.97500481,2.96700838,2.841525703,,4954.943487,3730.533890235096
1985-07-06,795,0.0,0.0,2.56872067,3.584904562,,5239.514645,4433.5117253922035
1985-07-07,796,0.0,0.0,2.263097765,5.920048279,,5500.492312,5159.746483216062
1985-07-08,797,0.0,0.0,2.052905028,5.152817842,,5713.523479,5798.559713354645
1985-07-09,798,0.0,0.0,1.929444134,2.664398627,6.4,5848.493174,6245.5700513873035
1985-07-10,799,0.25,1.369863014,1.796178771,4.585205079,,6003.594081,6804.338587860567
1985-07-11,800,20.75,1.369863014,2.058083799,0.665273248,,5772.56179,5781.0934169350285
1985-07-12,801,19.25,1.369863014,3.78150838,1.803552525,,4464.435907,2789.8331950527772
1985-07-13,802,6.75,1.369863014,3.554824022,2.656862583,,4579.134573,3004.2800698230967
1985-07-14,803,10.0,1.369863014,4.327592179,3.469150548,,4186.027839,2373.5191876399413
1985-07-15,804,3.833314435,1.369863014,2.889955307,1.952878941,,5005.241303,3849.9788764853183
1985-07-16,805,13.55099665,1.369863014,4.735458101,2.745218565,5.3,4031.51996,2130.708385338731
1985-07-17,806,22.76790064,1.780821918,7.371854749,1.263415333,,3034.916714,1253.590379547248
1985-07-18,807,0.32865642,1.780821918,6.717067039,3.345309139,,3368.66059,1401.454247379542
1985-07-19,808,12.11284962,1.780821918,7.107360335,2.517021681,,3348.124661,1309.7166380236567
1985-07-20,809,0.831928075,1.780821918,4.821561453,2.487097765,,4014.177897,2085.195266771111
1985-07-21,810,8.6456258,1.780821918,4.035117318,2.186666551,,4369.042151,2581.094386946689
1985-07-22,811,30.91898613,1.780821918,14.70572346,0.938938944,,2007.027106,547.6878273373396
1985-07-23,812,0.41596404,1.780821918,7.023846369,4.424103025,6.0,3343.231813,1328.405299371048
1985-07-24,813,0.49600682,1.780821918,4.919153631,1.893219971,,3981.051682,2035.7217743501074
1985-07-25,814,0.0,0.0,3.902555866,5.503497748,,4411.729289,2686.484198048399
1985-07-26,815,22.68156805,1.780821918,4.743452514,0.985237612,,3973.689748,2126.406154403886
1985-07-27,816,16.15728554,1.780821918,6.183578212,3.578646536,,3655.024,1547.590174783714
1985-07-28,817,12.96535175,1.780821918,10.61796369,1.673667724,,2677.20071,809.4091920525891
1985-07-29,818,8.85168339,1.780821918,8.88973743,2.01788201,,2986.841032,1001.5576682672879
1985-07-30,819,0.25,1.780821918,6.209069832,2.238804491,5.7,3566.860762,1539.9780794851918
1985-07-31,820,0.25,4.109589041,4.64251676,1.513479057,,4088.16964,2181.9215909105947
1985-08-01,821,1.5,4.109589041,3.896346369,2.543667302,,4426.337563,2691.61429989739
1985-08-02,822,23.0,4.109589041,6.524120112,2.354462356,,3442.981621,1451.278283199106
1985-08-03,823,3.5,4.109589041,4.727011173,1.920424484,,4062.163708,2135.271513476284
1985-08-04,824,40.5,4.109589041,13.40743575,0.54006516,5.8,2267.056866,611.8976484760667
1985-08-05,825,4.5,2.876712329,15.60622626,2.245498822,,1969.977332,510.0021867596851
1985-08-06,826,3.25,2.876712329,7.739522346,1.532872138,,3190.524901,1182.5432348797215
1985-08-07,827,18.0,2.876712329,9.964558659,1.648516892,,2787.781572,873.4596230405318
1985-08-08,828,3.5,2.876712329,6.963234637,1.845474324,,3378.720334,1342.2777266052694
1985-08-09,829,4.0,2.876712329,5.577385475,2.460757214,,3765.537142,1751.294776480026
1985-08-10,830,1.5,2.876712329,4.540726257,2.983973182,,4135.064911,2240.659317886655
1985-08-11,831,22.38945481,2.876712329,8.281558659,0.627993657,5.2,3036.103917,1090.3707248295862
1985-08-12,832,8.0,2.876712329,7.260284916,1.597730289,,3324.588081,1276.717838683989
1985-08-13,833,7.5,2.876712329,7.781455307,1.923416719,,3215.758624,1174.908026366409
1985-08-14,834,6.25,2.876712329,6.582167598,1.311494359,,3486.724353,1435.9511771996918
1985-08-15,835,29.0,2.876712329,13.64060615,0.846594042,,2331.019615,599.3739492649408
1985-08-16,836,29.25,2.876712329,24.60092179,0.404206832,,1446.024482,295.41389363917625
1985-08-17,837,0.5,2.876712329,11.82680447,3.890845027,,2504.339272,711.2381058979768
1985-08-18,838,3.75,2.876712329,7.422888268,0.983276367,,3271.648029,1243.2659887377833
1985-08-19,839,13.0,2.876712329,7.488377095,1.589794503,,3270.741763,1230.243569453436
1985-08-20,840,22.0,2.876712329,14.0562905,1.449083184,5.5,2128.962685,578.1773824477766
1985-08-21,841,11.0,2.602739726,9.043039106,2.114833027,,2965.958965,981.2354779664021
1985-08-22,842,7.25,2.602739726,10.20698045,2.08898069,,2738.403761,848.6439053514798
1985-08-23,843,46.25,2.602739726,21.05193017,0.552112964,,1630.58499,356.1380733289566
1985-08-24,844,14.0,2.602739726,24.76764804,1.627076411,,1287.477901,293.0291083569979
1985-08-25,845,12.0,2.602739726,11.94455866,1.052424397,,2529.55366,702.8376776965051
1985-08-26,846,0.5,2.602739726,8.400117318,1.929995941,,3063.692415,1071.9468862228564
1985-08-27,847,13.25,2.602739726,7.804206704,0.784817179,5.4,3211.773913,1170.803141136778
1985-08-28,848,13.0,4.520547945,10.79977374,2.984655525,,2672.530085,793.097201954308
1985-08-29,849,0.25,4.520547945,7.016555866,1.829061893,,3368.903312,1330.0599720427508
1985-08-30,850,0.75,4.520547945,5.460988827,1.708194636,,3800.156766,1796.1228622368035
1985-08-31,851,3.5,4.520547945,4.554930168,1.853697948,,4130.868204,2232.289771784479
1985-09-01,852,7.0,4.520547945,4.04323743,0.640144193,,4358.411383,2574.8851496678917
1985-09-02,853,14.0,4.520547945,5.200541899,0.308446768,,3871.050754,1904.4473308610545
1985-09-03,854,11.0,4.520547945,6.596572626,1.621650683,5.4,3470.827893,1432.1934978395377
1985-09-04,855,16.5,1.917808219,6.643835196,0.509469209,,3531.548193,1419.9903176849414
1985-09-05,856,10.75,1.917808219,13.26522067,1.954209849,,2316.619322,619.7740041531654
1985-09-06,857,0.0,0.0,7.022740223,2.852633718,,3359.789281,1328.6561103781653
1985-09-07,858,0.0,0.0,5.277594972,2.561718869,,3858.836341,1871.1752218723773
1985-09-08,859,5.25,1.917808219,4.681835196,0.905344223,,4085.10832,2159.9834084447093
1985-09-09,860,0.25,1.917808219,3.956782123,1.809005234,,4393.136816,2642.435088811315
1985-09-10,861,0.0,0.0,3.469902235,1.386618353,5.8,4644.780776,3092.571743885539
1985-09-11,862,0.0,0.0,3.069226257,4.471275058,,4882.107163,3582.2145284970893
1985-09-12,863,1.25,5.753424658,2.667645251,3.360950981,,5157.328532,4237.34164196749
1985-09-13,864,0.0,0.0,2.272600559,2.691933095,,5495.579159,5133.921485327832
1985-09-14,865,13.5,5.753424658,2.570656425,1.561485167,,5236.807233,4429.51380789905
1985-09-15,866,4.0,5.753424658,2.157360335,1.465216561,,5605.560261,5464.014966829209
1985-09-16,867,28.25,5.753424658,6.002798883,0.702752104,,3349.676108,1603.6155839025735
1985-09-17,868,6.75,5.753424658,5.601921788,1.015106326,5.5,3752.714402,1742.1060142006963
1985-09-18,869,4.0,4.109589041,4.422896648,0.747003796,,4187.471859,2312.3708450899394
1985-09-19,870,5.75,4.109589041,4.273139665,0.854716392,,4259.806654,2409.803769830109
1985-09-20,871,0.5,4.109589041,3.732284916,1.34964313,,4502.343377,2833.96992524297
1985-09-21,872,22.75,4.109589041,5.444648045,0.412120765,,3756.403671,1802.584953672521
1985-09-22,873,4.0,4.109589041,7.146955307,1.193027043,,3308.324316,1301.0237132483294
1985-09-23,874,0.25,4.109589041,4.903918994,1.063963288,,3994.148424,2043.3023998304143
1985-09-24,875,0.5,4.109589041,4.139622905,2.239126388,5.7,4307.27963,2503.222538765826
1985-09-25,876,0.0,0.0,3.560731844,2.02471854,,4593.121472,2998.3097743924827
1985-09-26,877,0.0,0.0,3.13652514,2.331928574,,4840.709212,3490.3457226703704
1985-09-27,878,0.0,0.0,2.797592179,2.522947711,,5068.631252,4002.7097137127616
1985-09-28,879,0.0,0.0,2.513765363,2.893873772,,5286.859718,4549.836413896334
1985-09-29,880,0.0,0.0,2.289217877,2.704157233,,5481.584315,5089.327474538907
1985-09-30,881,0.0,0.0,2.080960894,2.989278594,,5681.650135,5705.0779892660075
1985-10-01,882,0.0,0.0,1.895455307,1.929796153,6.1,5886.942411,6379.894609384776
1985-10-02,883,5.75,3.835616438,1.899175978,0.514622509,,5887.906358,6364.932963893436
1985-10-03,884,7.75,3.835616438,2.102178771,1.445210601,,5645.351834,5636.198231245196
1985-10-04,885,9.0,3.835616438,2.182776536,1.304778971,,5580.876507,5387.919583216759
1985-10-05,886,0.25,3.835616438,1.801986034,1.681572838,,5991.424474,6778.093931290237
1985-10-06,887,44.0,3.835616438,13.07715084,0.297204134,,1963.204944,630.4795066658501
1985-10-07,888,15.80364789,3.835616438,7.94777933,0.912825822,,3142.616686,1145.4942392241785
1985-10-08,889,27.75,3.835616438,14.92484078,0.356014528,,2039.836719,538.0571939614852
1985-10-09,890,4.0,3.835616438,11.13443296,0.642717888,6.0,2574.234066,764.5984786059464
1985-10-10,891,5.0,6.164383562,6.742307263,0.648443332,,3427.972306,1395.1680406914072
1985-10-11,892,4.25,6.164383562,5.658360335,1.514570107,,3742.898745,1721.3020579548652
1985-10-12,893,0.0,0.0,4.471365922,1.339825477,,4163.183219,2282.36947043033
1985-10-13,894,0.0,0.0,3.772357542,2.290888873,,4480.111763,2797.942663351988
1985-10-14,895,0.0,0.0,3.278840782,2.023412432,,4753.76193,3309.666539511778
1985-10-15,896,0.0,0.0,2.908659218,0.531897104,5.9,4990.169517,3820.345564172415
1985-10-16,897,0.25,5.136258964,2.617843575,0.667880439,,5204.39771,4334.064275154145
1985-10-17,898,0.25,1.973807516,2.391486034,0.538708119,,5391.244905,4829.82048421016
1985-10-18,899,0.5,7.19031306,2.191600559,0.346334601,,5573.763294,5361.953726404623
1985-10-19,900,0.0,0.0,2.018463687,0.283358281,,5750.531768,5917.226102367519
1985-10-20,901,0.0,0.0,1.881102745,0.908087054,,5905.915959,6438.218753703541
1985-10-21,902,0.0,0.0,1.708692737,1.177336607,,6124.995758,7223.499715269892
1985-10-22,903,0.0,0.0,1.602804469,0.517508059,6.2,6256.304259,7798.444300726129
1985-10-23,904,0.0,0.0,1.488217877,0.282829385,,6426.731889,8522.556564648086
1985-10-24,905,0.0,0.0,1.398544693,0.549285782,,6566.55412,9180.71686377634
1985-10-25,906,0.25,6.600105875,1.333332402,0.372214731,,6684.143158,9720.715872694182
1985-10-26,907,0.0,0.0,1.272092179,1.035579191,,6792.830536,10283.434023721058
1985-10-27,908,0.0,0.0,1.223849162,0.568266029,,6883.409325,10770.445616437913
1985-10-28,909,0.0,0.0,1.170955307,0.793588214,,6988.504246,11355.257283015997
1985-10-29,910,0.0,0.0,1.117458101,0.619512508,5.9,7099.906908,12008.851564064258
1985-10-30,911,0.75,6.575342466,1.075349162,0.351291465,,7198.459105,12573.73434534794
1985-10-31,912,0.25,6.575342466,1.046111732,0.248674297,,7261.404269,12995.40713194037
1985-11-01,913,8.75,6.575342466,1.022731844,0.911568141,,7352.574997,13351.691648652664
1985-11-02,914,0.75,6.575342466,1.127061453,0.430125644,,7050.446885,11886.502421458637
1985-11-03,915,0.25,6.575342466,0.989497207,0.586829262,,7395.672484,13890.05810170804
1985-11-04,916,2.80972796,6.575342466,0.965790503,0.490871974,,7483.127168,14299.005378690306
1985-11-05,917,18.5,6.575342466,2.417329609,0.365132185,6.3,5307.832185,4768.051051591681
1985-11-06,918,13.96206686,9.589041096,2.42922067,0.419853535,,5283.751464,4740.114466359296
1985-11-07,919,11.25,9.589041096,2.41652514,0.510595588,,5474.61274,4769.951960170186
1985-11-08,920,31.5,9.589041096,12.34234358,0.228350858,,2433.006365,675.7599015979258
1985-11-09,921,34.5,9.589041096,24.12613408,0.242300646,,1525.203302,302.4039258318735
1985-11-10,922,6.0,9.589041096,11.39093296,0.377519,,2538.039817,743.9984622036291
1985-11-11,923,4.5,9.589041096,6.682298883,0.274865545,,3435.837047,1410.1989233787033
1985-11-12,924,1.25,9.589041096,4.704460894,0.303048037,6.5,4061.067911,2147.5416537281344
1985-11-13,925,0.0,0.0,3.761824022,0.322115115,,4483.767564,2807.33113794937
1985-11-14,926,9.0,3.835616438,4.317134078,0.106398566,,4218.191086,2380.4099713008873
1985-11-15,927,0.75,3.835616438,3.980639665,0.309968593,,4369.74599,2623.472393110466
1985-11-16,928,16.0,3.835616438,6.797136872,0.031858037,,3328.682938,1381.689097272893
1985-11-17,929,0.25,3.835616438,5.333807263,0.454087738,,3822.134913,1847.567878656815
1985-11-18,930,0.0,0.0,4.259815642,0.327547395,,4254.937016,2418.8375609730138
1985-11-19,931,0.5,3.835616438,3.661365922,0.172961659,6.4,4539.520397,2899.856343587523
1985-11-20,932,0.25,2.610580501,3.217298883,0.05865886,,4791.50385,3385.643821124944
1985-11-21,933,0.25,1.924730199,2.857575419,0.072843113,,5025.138107,3902.287854028573
1985-11-22,934,0.5,3.672349049,2.564396648,0.107933673,,5246.348767,4442.466080706662
1985-11-23,935,2.25,5.890422942,2.38346648,0.051002,,5400.828179,4849.287509880991
1985-11-24,936,0.0,0.0,2.187301676,0.032015286,,5577.946843,5374.575016968405
1985-11-25,937,0.25,2.719471981,2.013108939,0.148243048,,5755.551856,5936.076528709879
1985-11-26,938,0.0,0.0,1.866972067,0.067239312,6.3,5921.299596,6496.6040244075375
1985-11-27,939,5.0,4.931506849,1.892539106,0.021585886,,5893.453696,6391.6664713332175
1985-11-28,940,2.25,4.931506849,1.717391061,0.0,,6100.660329,7179.722229838244
1985-11-29,941,0.93010588,4.931506849,1.579424581,0.027232968,,6295.624303,7936.835110994362
1985-11-30,942,19.00081993,4.931506849,2.064067039,0.21879061,,5850.96584,5761.033723726083
1985-12-01,943,13.5,4.931506849,7.94999162,0.210540076,,3135.458334,1145.1121121591998
1985-12-02,944,14.90951545,4.931506849,7.655731844,0.123420778,,3218.320175,1198.075504387336
1985-12-03,945,1.25,4.931506849,6.435553073,0.403582075,5.9,3478.003146,1475.25003952805
1985-12-04,946,19.25,4.520547945,11.01630168,0.041690031,,2612.703338,774.44097519842
1985-12-05,947,6.75,4.520547945,7.23597486,0.077321223,,3322.271429,1281.8611671398608
1985-12-06,948,25.25,4.520547945,13.05771788,0.239421076,,2168.150308,631.6050233186099
1985-12-07,949,17.0,4.520547945,15.49895531,0.107151228,,2105.909299,514.2392363955817
1985-12-08,950,5.0,4.520547945,8.073,0.185146671,,3130.593561,1124.226785114826
1985-12-09,951,1.75,4.520547945,6.198913408,0.08369829,,3570.01229,1543.0026622521411
1985-12-10,952,14.5,4.520547945,7.460346369,0.078873604,6.2,3233.494304,1235.7867112612794
1985-12-11,953,0.25,1.369863014,6.780343575,0.188245331,,3405.721877,1385.7920024504333
1985-12-12,954,13.25,1.369863014,5.868452514,0.176607852,,3742.024121,1647.713710684668
1985-12-13,955,50.25,1.369863014,41.01546369,0.163594541,4.4,789.994079,159.94423424990882
1985-12-14,956,20.0,1.369863014,27.28211732,0.155410046,,1371.111765,260.9247028634671
1985-12-15,957,5.0,1.369863014,16.24080168,0.078745344,,2079.745791,486.1924292360038
1985-12-16,958,0.25,1.369863014,12.08174581,0.179651981,,2514.107434,693.2776785458137
1985-12-17,959,18.5,1.369863014,9.863748603,0.167278818,6.1,2801.873997,884.17438406979
1985-12-18,960,12.75,4.383561644,11.45903631,0.151171216,,2569.262464,738.699052563379
1985-12-19,961,6.5,4.383561644,7.415673184,0.16367858,,3283.052585,1244.7161674618587
1985-12-20,962,5.75,4.383561644,6.066553073,0.23758763,,3623.537204,1583.4385758975218
1985-12-21,963,55.75,4.383561644,31.47694693,0.12875373,,927.8507591,219.76799219424268
1985-12-22,964,5.0,4.383561644,17.72514804,0.031865181,,1822.790484,437.76743254298276
1985-12-23,965,16.5,4.383561644,12.42181006,0.245872682,5.9,2488.795698,670.5786100450498
1985-12-24,966,7.5,7.123287671,10.56781006,0.187402426,,2715.88013,814.0176287944257
1985-12-25,967,3.0,7.123287671,8.243698324,0.066546492,,3093.984562,1096.376943633386
1985-12-26,968,1.0,7.123287671,6.535885475,0.19645128,,3482.68,1448.1475293196343
1985-12-27,969,0.25,7.123287671,4.96651676,0.0,,3971.201322,2012.4804092824625
1985-12-28,970,0.0,0.0,4.135047486,0.136136166,,4307.655181,2506.541443591711
1985-12-29,971,0.0,0.0,3.49949162,0.077261774,,4625.242088,3061.273719537323
1985-12-30,972,6.0,7.123287671,3.258703911,0.150064858,6.1,4781.344132,3334.179848506769
1985-12-31,973,8.25,5.753424658,3.460223464,0.223071943,,4662.927804,3102.9371018993875
1986-01-01,974,2.75,5.753424658,3.369293296,0.0,,4699.574102,3203.5178286681794
1986-01-02,975,6.0,5.753424658,3.652365922,0.0,,4560.688978,2908.4188298409636
1986-01-03,976,0.0,0.0,3.219662011,0.0,,4778.754401,3382.6674554170036
1986-01-04,977,5.25,5.753424658,6.010717877,0.0017113,,3323.166336,1601.0837825461888
1986-01-05,978,6.5,5.753424658,6.044379888,0.0,,3589.362241,1590.4029349422265
1986-01-06,979,0.5,5.753424658,4.719368715,0.0572027,,4046.875577,2139.4155242354277
1986-01-07,980,0.0,0.0,3.883650838,0.0,6.6,4426.355146,2702.1590754769286
1986-01-08,981,0.0,0.0,3.278162011,0.044391486,,4752.303205,3310.4874443160043
1986-01-09,982,13.0,10.2739726,5.305801676,0.159200112,,3860.39269,1859.260619041912
1986-01-10,983,54.5,10.2739726,46.38559777,0.391317542,4.0,519.3370443,137.97857809930767
1986-01-11,984,1.5,10.2739726,10.28026257,0.369167858,,2708.342681,841.395196909344
1986-01-12,985,3.0,10.2739726,6.262164804,0.356420644,,3558.398071,1524.3417810501337
1986-01-13,986,19.25,10.2739726,8.990648045,0.151534901,,2862.396948,988.0949593777035
1986-01-14,987,3.0,10.2739726,7.234944134,0.620884523,6.7,3293.095478,1282.0800794159031
1986-01-15,988,17.5,8.767123288,8.647717877,0.17694233,,3020.024419,1035.2563462930484
1986-01-16,989,0.0,0.0,6.202634078,0.107898125,,3573.172991,1541.8933835433181
1986-01-17,990,23.5,8.767123288,6.44324581,0.163769883,,3738.557259,1473.139177305215
1986-01-18,991,70.25,8.767123288,49.11031006,0.129085205,,652.3730117,128.83858302991393
1986-01-19,992,31.5,8.767123288,38.12460335,0.157972147,,909.4586567,174.6129150335048
1986-01-20,993,12.75,8.767123288,12.8972514,0.256590044,,2457.313478,641.0415327167357
1986-01-21,994,29.25,8.767123288,27.53678212,0.130409247,6.7,1156.264003,258.0313547515078
1986-01-22,995,37.25,12.05479452,25.34887709,0.242613535,5.6,1335.627787,284.984702043652
1986-01-23,996,7.25,12.05479452,13.63137989,0.250217582,,2298.544918,599.8605519222618
1986-01-24,997,2.0,12.05479452,7.93724581,0.245861015,,3148.580254,1147.3168967731244
1986-01-25,998,3.5,12.05479452,5.671709497,0.0,,3730.127393,1716.4478841441214
1986-01-26,999,1.0,12.05479452,4.609759777,0.223125132,,4114.246983,2200.51293502987
1986-01-27,1000,7.25,12.05479452,5.302810056,0.209705574,,3862.85581,1860.517687786381
1986-01-28,1001,2.75,12.05479452,4.234575419,0.080845931,6.2,4268.104592,2436.121931799329
1986-01-29,1002,1.69575491,4.786016537,3.774293296,0.0,,4484.948097,2796.223596353836
1986-01-30,1003,0.0,0.0,3.496122905,0.0,,4635.409425,3064.8076105502055
1986-01-31,1004,0.08730762,3.502165938,3.282460894,0.014430974,,4757.058616,3305.294678611627
1986-02-01,1005,0.0,0.0,3.073374302,0.018965654,,4885.796489,3576.424203030036
1986-02-02,1006,0.25,2.878728478,2.868963687,0.0,,5021.975038,3883.742490456232
1986-02-03,1007,0.25,22.118335,2.670586592,0.0,,5166.218683,4231.752931326881
1986-02-04,1008,0.25,20.88315916,2.477187151,0.0,6.1,5319.439363,4630.409590196993
1986-02-05,1009,0.25,9.315068493,2.289243017,0.0,,5482.79364,5089.260547714588
1986-02-06,1010,0.0,0.0,2.106879888,0.0,,5657.694889,5621.1430501357445
1986-02-07,1011,0.0,0.0,1.929871508,0.0,,5845.544167,6243.914118795188
1986-02-08,1012,0.0,0.0,1.758896648,0.0,,6047.477748,6977.366518560834
1986-02-09,1013,0.0,0.0,1.593351955,0.0,,6267.383183,7853.85886243098
1986-02-10,1014,0.0,0.0,1.434469274,0.146123836,,6505.68525,8906.194827146888
1986-02-11,1015,0.0,0.0,1.276164804,0.047357198,6.2,6772.55685,10244.168816202584
1986-02-12,1016,0.0,0.0,1.141592179,0.0,,7051.825796,11705.669378291557
1986-02-13,1017,0.0,0.0,1.110946927,0.0,,7117.470499,12093.127520256015
1986-02-14,1018,0.0,0.0,1.080251397,0.0,,7185.607945,12505.482737046015
1986-02-15,1019,0.0,0.0,1.049505587,0.041973058,,7255.877678,12945.135544662004
1986-02-16,1020,0.0,0.0,1.018860335,0.003813838,,7328.657698,13412.423450060225
1986-02-17,1021,0.0,0.0,0.988089385,0.0,,7404.425811,13913.742162692859
1986-02-18,1022,0.0,0.0,0.957469274,0.00069131,6.2,7482.493222,14447.827434658751
1986-02-19,1023,0.0,0.0,0.926698324,0.141925139,,7564.292121,15023.702502179702
1986-02-20,1024,0.0,0.0,0.896027933,0.019058564,,7648.84837,15641.046961153805
1986-02-21,1025,0.0,0.0,0.865307263,0.119916195,,7737.316629,16307.728586109692
1986-02-22,1026,0.0,0.0,0.834586592,0.104221261,,7829.70597,17028.479918020326
1986-02-23,1027,0.0,0.0,0.803941341,0.03440478,,7925.634025,17807.928149409923
1986-02-24,1028,0.0,0.0,0.773120112,0.12440086,,8026.880372,18660.53025129253
1986-02-25,1029,0.0,0.0,0.742550279,0.112136174,6.2,8132.458066,19583.22806554228
1986-02-26,1030,0.0,0.0,0.71177933,0.101856207,,8243.67882,20600.21928577
1986-02-27,1031,0.0,0.0,0.68103352,0.103944201,,8360.795118,21717.56809068186
1986-02-28,1032,0.0,0.0,0.650438547,0.22956613,,8484.117371,22945.04893200784
1986-03-01,1033,0.0,0.0,0.619617318,0.286113184,,8615.256449,24316.77675243433
1986-03-02,1034,0.0,0.0,0.59626257,0.382601484,,8731.062111,25460.289191786618
1986-03-03,1035,0.0,0.0,0.606167598,0.565389831,,8670.215407,24963.49913870723
1986-03-04,1036,66.0,5.205479452,48.83814804,0.632420712,7.7,363.3833385,129.70119440481213
1986-03-05,1037,12.25,3.150684932,25.11731564,0.822233862,,1312.312978,288.14053951957425
1986-03-06,1038,1.75,3.150684932,8.023977654,0.945547991,,3112.867401,1132.465850247023
1986-03-07,1039,0.0,0.0,5.245994413,1.214058318,,3860.109044,1884.690698034317
1986-03-08,1040,3.0,3.150684932,4.074184358,1.755572276,,4333.242165,2551.4699903714672
1986-03-09,1041,2.0,3.150684932,3.594821229,1.024029283,,4576.360601,2964.280685918927
1986-03-10,1042,0.25,3.150684932,2.978044693,1.138565941,,4933.878944,3713.981027839721
1986-03-11,1043,0.0,0.0,2.485432961,0.961336754,6.3,5307.349221,4612.018541259734
1986-03-12,1044,0.0,0.0,2.240296089,0.310392386,,5527.052058,5222.694955180246
1986-03-13,1045,0.0,0.0,2.046318436,0.261607547,,5720.251098,5820.914438188996
1986-03-14,1046,1.0,6.206483436,1.968159218,0.361503181,,5810.980376,6098.762575891392
1986-03-15,1047,0.0,0.0,1.8855,0.803228852,,5894.990209,6420.246118818229
1986-03-16,1048,2.25,18.47501258,1.731946927,0.498009661,,6087.352762,7107.5438861174825
1986-03-17,1049,0.0,0.0,1.625379888,1.584152343,,6225.33214,7668.958367636535
1986-03-18,1050,8.0,4.274012179,1.74753352,0.239081002,6.2,6076.117822,7031.717172074332
1986-03-19,1051,0.75,11.09589041,1.68453352,2.080524951,,6140.597265,7347.697051313122
1986-03-20,1052,9.300126665,11.09589041,2.240145251,0.968299294,,5508.877226,5223.1160603969765
1986-03-21,1053,1.5,11.09589041,1.834592179,1.17864933,,5958.314565,6634.12155202958
1986-03-22,1054,18.23273952,11.09589041,3.759938547,0.483458305,,4513.179137,2809.0177510736808
1986-03-23,1055,15.2854156,11.09589041,8.691636872,0.760277797,,2874.976679,1028.987820613439
1986-03-24,1056,16.40943497,11.09589041,9.543544693,0.239057123,,2822.983045,919.862103730602
1986-03-25,1057,6.288553175,11.09589041,6.993427374,0.448369013,7.7,3391.947627,1335.3343753354884
1986-03-26,1058,11.5,7.671232877,13.86392179,0.897397702,,2099.986196,587.8129706620207
1986-03-27,1059,25.5,7.671232877,18.87817877,0.975346513,,1724.852014,405.888890034194
1986-03-28,1060,16.5,7.671232877,11.05964246,0.774374882,,2663.462902,770.8030521952219
1986-03-29,1061,14.5,7.671232877,12.9327486,0.621997293,,2414.641179,638.9318806293732
1986-03-30,1062,8.5,7.671232877,9.526122905,0.568579174,,2882.282743,921.8795433779062
1986-03-31,1063,14.5,7.671232877,8.766050279,0.773377652,,3000.809871,1018.5243021358604
1986-04-01,1064,5.75,7.671232877,6.78222905,0.845187608,7.3,3436.149648,1385.330234180993
1986-04-02,1065,4.5,8.630136986,5.699036313,0.789526302,,3729.796253,1706.5888950496885
1986-04-03,1066,4.25,8.630136986,4.79398324,0.65235564,,4041.181982,2099.57727105593
1986-04-04,1067,5.25,8.630136986,4.424027933,0.728823843,,4193.061085,2311.662370849701
1986-04-05,1068,1.5,8.630136986,3.847575419,1.360641478,,4443.316713,2732.540497877658
1986-04-06,1069,0.75,8.630136986,3.297041899,1.054897858,,4740.942466,3287.792543805761
1986-04-07,1070,2.734915315,8.630136986,2.954413408,0.506514345,,4960.17686,3749.5905526358792
1986-04-08,1071,1.25,8.630136986,2.644416201,0.163552369,6.5,5185.978484,4281.958178763103
1986-04-09,1072,2.25,7.260273973,2.495765363,1.592704451,,5306.574258,4589.162000756994
1986-04-10,1073,0.25,7.260273973,2.295226257,1.825379994,,5473.599748,5073.377963896944
1986-04-11,1074,0.0,0.0,2.07525419,1.638479176,,5691.167718,5723.867809022853
1986-04-12,1075,4.0,7.260273973,2.069572626,1.027468499,,5704.537122,5742.687935633746
1986-04-13,1076,6.75,7.260273973,2.201932961,1.111084989,,5576.840495,5331.839643050284
1986-04-14,1077,6.0,7.260273973,2.387363128,0.784524196,,5413.069148,4839.81067021541
1986-04-15,1078,6.75,7.260273973,2.939078212,1.420624563,6.6,4985.094633,3773.035591935505
1986-04-16,1079,12.0,1.369863014,3.98772905,0.391334514,,4393.014568,2617.8855611355402
1986-04-17,1080,9.75,1.369863014,5.334963687,0.356559705,,3844.077056,1847.0879540730089
1986-04-18,1081,0.0,0.0,4.07697486,1.926030595,,4327.330373,2549.377820953483
1986-04-19,1082,24.25,1.369863014,5.305776536,1.319872273,,3975.847637,1859.2711762967474
1986-04-20,1083,22.5,1.369863014,21.10306425,1.739143902,,1578.512775,355.1029100386965
1986-04-21,1084,13.87601839,1.369863014,9.109081006,0.361224471,,2973.154643,972.7121853386083
1986-04-22,1085,14.0,1.369863014,11.14217598,1.186724586,6.6,2640.792659,763.9613508986263
1986-04-23,1086,1.25,0.684931507,7.479175978,1.534629926,,3252.263193,1232.058078078146
1986-04-24,1087,11.0,0.684931507,6.918662011,1.131211612,,3400.817819,1352.6497767146634
1986-04-25,1088,6.0,0.684931507,6.148558659,1.855634796,,3605.442061,1558.1605655196645
1986-04-26,1089,0.0,0.0,5.13897486,3.750073957,,3907.083209,1931.8213711294827
1986-04-27,1090,0.0,0.0,4.089871508,1.524559273,,4320.881819,2539.749337621998
1986-04-28,1091,10.0,0.684931507,4.119460894,0.737101434,,4320.236378,2517.9084126960656
1986-04-29,1092,0.0,0.0,3.386162011,2.802589651,6.3,4677.151804,3184.410260973812
1986-04-30,1093,0.0,0.0,2.884650838,1.253412353,,5007.086236,3858.459801673366
1986-05-01,1094,0.0,0.0,2.606153631,5.440460705,,5214.161368,4357.356891059531
1986-05-02,1095,0.0,0.0,2.42472067,2.559951618,,5362.560694,4750.651269468731
1986-05-03,1096,1.82272125,6.849315068,2.228153631,0.045576387,,5539.452907,5256.794362625237
1986-05-04,1097,6.870097045,6.849315068,2.191248603,1.221986772,,5582.64686,5362.985006362515
1986-05-05,1098,4.05536216,6.849315068,2.141698324,2.00794344,,5623.826974,5511.8951994522295
1986-05-06,1099,0.496006815,6.849315068,1.921223464,3.494604561,6.1,5855.165018,6277.579925050584
1986-05-07,1100,2.843794245,3.287671233,1.820438547,2.199033927,,5978.068579,6695.921290378787
1986-05-08,1101,2.641340105,3.287671233,1.756583799,2.033699374,,6052.996728,6988.366458171089
1986-05-09,1102,14.87293968,3.287671233,1.992645251,0.757320004,,5806.147731,6009.141109505086
1986-05-10,1103,13.70270737,3.287671233,4.100480447,1.376795062,,4249.714933,2531.8786971953527
1986-05-11,1104,8.781346365,3.287671233,3.006201117,1.632354983,,4947.809889,3672.354812301696
1986-05-12,1105,10.88242642,3.287671233,6.461748603,1.601082335,,3434.91755,1468.0846821761293
1986-05-13,1106,4.29793142,3.287671233,3.934835196,2.566886747,6.1,4395.007562,2660.102376858385
1986-05-14,1107,17.81979167,3.561643836,5.714497207,1.407467492,,3679.336029,1701.0567779388298
1986-05-15,1108,1.977982895,3.561643836,6.121659218,2.141445272,,3582.686512,1566.3702453732417
1986-05-16,1109,0.32865642,3.561643836,4.346723464,4.07666944,,4204.801323,2361.007930016566
1986-05-17,1110,7.03262352,3.561643836,3.821731844,0.869666682,,4469.91001,2754.6927027234833
1986-05-18,1111,3.8952766,3.561643836,3.735351955,2.919946434,,4494.709317,2831.182487821627
1986-05-19,1112,0.0,0.0,2.983399441,4.117484067,,4936.474396,3705.998142140344
1986-05-20,1113,2.75,3.561643836,2.741958101,2.758389568,6.1,5114.322806,4100.17292228067
1986-05-21,1114,15.0,3.97260274,4.229522346,2.608683384,,4198.41472,2439.6094850577642
1986-05-22,1115,1.5,3.97260274,3.005748603,2.354212646,,4919.406444,3673.0170340938375
1986-05-23,1116,1.75,3.97260274,2.689114525,2.964721309,,5151.351848,4196.857393160277
1986-05-24,1117,9.25,3.97260274,2.556905028,2.717470537,,5276.394753,4458.058784267389
1986-05-25,1118,15.5,3.97260274,4.882374302,0.591185543,,3991.100688,2054.111618501316
1986-05-26,1119,10.0,3.97260274,6.103432961,3.543521418,6.4,3589.553872,1571.9780858590323
1986-05-27,1120,5.25,5.890410959,4.740335196,2.483201607,,4055.252969,2128.0818574408345
1986-05-28,1121,0.5,5.890410959,3.752371508,2.290773392,,4490.080912,2815.8054259501805
1986-05-29,1122,1.0,5.890410959,3.232583799,3.260585156,,4779.811004,3366.476939092503
1986-05-30,1123,7.5,5.890410959,2.947550279,2.911854519,,4992.909177,3760.050042613446
1986-05-31,1124,3.25,5.890410959,3.09373743,1.816393515,,4846.87893,3548.2462337448715
1986-06-01,1125,0.5,5.890410959,2.670963687,2.023619035,,5165.030151,4231.037407677872
1986-06-02,1126,0.5,5.890410959,2.394829609,2.473315334,6.2,5382.473448,4821.746428541693
1986-06-03,1127,9.75,2.739726027,2.794575419,1.33003799,,5070.912603,4007.885426414623
1986-06-04,1128,1.5,2.739726027,2.392944134,2.087810896,,5386.824629,4826.296421271819
1986-06-05,1129,0.5,2.739726027,2.171765363,4.137673825,,5593.215451,5420.646582002753
1986-06-06,1130,0.0,0.0,2.054689944,3.755513883,,5715.086479,5792.528856439235
1986-06-07,1131,0.5,2.739726027,1.908854749,1.788452965,,5870.091689,6326.312387834479
1986-06-08,1132,0.0,0.0,1.778304469,3.250427343,,6025.296788,6886.299812440003
1986-06-09,1133,10.0,2.739726027,2.159748603,0.906183999,,5606.72871,5456.780802991773
1986-06-10,1134,31.75,2.739726027,7.290905028,1.349956952,5.5,3277.977761,1270.2930939868456
1986-06-11,1135,1.0,6.712328767,5.231664804,4.322495996,,3817.995496,1890.87857491788
1986-06-12,1136,0.0,0.0,3.428145251,4.708677446,,4653.865791,3137.750857182907
1986-06-13,1137,0.5,6.712328767,2.945212291,3.624414542,,4966.594477,3763.6253927706807
1986-06-14,1138,0.25,6.712328767,2.656784916,6.124034689,,5174.066005,4258.094657890555
1986-06-15,1139,0.0,0.0,2.401290503,6.726333179,,5380.622994,4806.214628768114
1986-06-16,1140,0.0,0.0,2.253896648,4.756187045,,5517.143373,5184.979628464796
1986-06-17,1141,0.0,0.0,2.137977654,1.572952147,6.0,5628.17588,5523.3829270606275
1986-06-18,1142,0.0,0.0,1.955941341,4.75953006,,5816.05332,6144.403622576248
1986-06-19,1143,0.0,0.0,1.790572626,4.684900537,,6006.987103,6829.851737090019
1986-06-20,1144,0.0,0.0,1.685740223,1.497088577,,6145.579983,7341.400860237513
1986-06-21,1145,0.0,0.0,1.566527933,4.165474614,,6309.907145,8015.116437836434
1986-06-22,1146,0.0,0.0,1.508530726,1.151490161,,6397.384706,8385.370561080548
1986-06-23,1147,0.5,4.36670821,1.437712291,1.057044895,,6507.358074,8882.153516879658
1986-06-24,1148,2.75,1.90278361,1.401611732,1.904470305,6.0,6565.189745,9156.676010590676
1986-06-25,1149,0.25,1.410121795,1.275863128,3.735085951,,6780.005005,10247.067912922916
1986-06-26,1150,0.0,0.0,1.152351955,6.199237198,,7018.519855,11574.98854134624
1986-06-27,1151,0.0,0.0,1.039927374,5.038743888,,7271.218543,13087.939901210635
1986-06-28,1152,0.0,0.0,0.963402235,5.571297716,,7460.5592,14341.429915112993
1986-06-29,1153,0.0,0.0,0.885896648,2.679714546,,7672.594285,15855.302768787682
1986-06-30,1154,0.0,0.0,0.868399441,2.639058252,,7730.925026,16238.278168019751
1986-07-01,1155,0.0,0.0,0.82724581,6.185605444,5.9,7849.393405,17209.41924893388
1986-07-02,1156,0.0,0.0,0.816611732,2.975605607,,7889.685525,17477.87406765569
1986-07-03,1157,0.0,0.0,0.78898324,4.438356919,,7972.670963,18212.57953629215
1986-07-04,1158,23.25,1.095890411,1.674100559,1.565066445,,6034.509911,7402.54870955109
1986-07-05,1159,0.75,1.095890411,0.996511173,1.450268934,,7361.192301,13773.155041285489
1986-07-06,1160,4.25,1.095890411,0.889818436,3.269964851,,7672.356456,15771.729613960797
1986-07-07,1161,2.25,1.095890411,0.878379888,4.31222232,,7682.034006,16017.77614931007
1986-07-08,1162,6.0,1.095890411,0.932656425,2.819095371,5.7,7550.853168,14908.938477781809
1986-07-09,1163,11.5,1.232876712,0.924435754,3.342574277,,7691.293068,15067.70939092103
1986-07-10,1164,12.75,1.232876712,2.166435754,1.955673017,,5576.864647,5436.618310771712
1986-07-11,1165,2.25,1.232876712,1.800653631,1.011095578,,5960.94893,6784.099003414417
1986-07-12,1166,1.25,1.232876712,1.344092179,1.800690406,,6651.040123,9627.65069581884
1986-07-13,1167,0.5,1.232876712,1.189030726,2.777922179,,6948.046525,11148.981476926852
1986-07-14,1168,1.0,1.232876712,1.197452514,2.669642487,,6940.835384,11055.205183461847
1986-07-15,1169,0.0,0.0,1.099860335,5.427654523,6.0,7134.53383,12239.147261520342
1986-07-16,1170,1.0,1.521313622,1.037011173,3.777927347,,7280.923216,13131.993783180831
1986-07-17,1171,0.0,0.0,0.98253352,2.225438339,,7417.340323,14007.937113269809
1986-07-18,1172,0.0,0.0,0.943340782,1.690422527,,7518.579017,14707.120115847487
1986-07-19,1173,0.5,1.369881003,0.914782123,3.374890739,,7596.638867,15258.15921002819
1986-07-20,1174,4.5,3.075306347,0.984167598,2.213214469,,7414.936699,13980.111506275269
1986-07-21,1175,0.0,0.0,0.894418994,3.137696454,,7649.568137,15674.716885168455
1986-07-22,1176,0.75,2.214920795,0.842430168,2.821055155,6.2,7805.722424,16838.96938185225
1986-07-23,1177,1.25,1.232876712,0.821891061,2.065034981,,7868.089067,17343.64545942054
1986-07-24,1178,9.25,1.232876712,0.822997207,3.548460346,,7902.591725,17315.76081349155
1986-07-25,1179,9.75,1.232876712,1.426625698,2.005628828,,6473.221216,8964.837634431304
1986-07-26,1180,3.75,1.232876712,1.040832402,3.321250604,,7266.664089,13074.323103220486
1986-07-27,1181,0.25,1.232876712,0.885067039,4.064092086,,7671.345679,15873.085914507297
1986-07-28,1182,28.79374364,1.232876712,3.694625698,0.773628783,,4241.696013,2868.6107493820837
1986-07-29,1183,12.80764918,1.232876712,7.113519553,1.053555235,5.4,3308.81993,1308.3574198594208
1986-07-30,1184,20.5,3.424657534,9.046106145,0.533849883,,2905.477065,980.8366202751833
1986-07-31,1185,21.5,3.424657534,12.21903352,1.190783235,,2454.831523,683.9466248066435
1986-08-01,1186,9.0,3.424657534,8.047005587,1.793553204,,3146.775751,1128.5818625964584
1986-08-02,1187,4.5,3.424657534,6.869463687,3.210682604,,3393.196523,1364.2700733623255
1986-08-03,1188,0.0,0.0,4.81203352,1.418044568,,4020.329417,2090.1435956225155
1986-08-04,1189,12.33004278,3.424657534,4.391371508,2.556056945,,4271.255024,2332.2750365475395
1986-08-05,1190,10.26456325,3.424657534,7.039759777,2.641009051,6.0,3315.393502,1324.8066280619687
1986-08-06,1191,12.77214373,5.068493151,5.899977654,1.581604651,,3686.84159,1637.1676030034546
1986-08-07,1192,17.03678261,5.068493151,11.60796369,0.556351141,,2559.756001,727.348288535774
1986-08-08,1193,2.83070762,5.068493151,7.463212291,1.924508266,,3262.306462,1235.217868244984
1986-08-09,1194,0.0,0.0,5.378103352,3.411019307,,3819.46429,1829.3466036162895
1986-08-10,1195,2.25,5.068493151,4.153952514,2.375962714,,4294.083332,2492.8801233113263
1986-08-11,1196,2.0,5.068493151,3.48448324,0.579415199,,4631.051773,3077.0757840527385
1986-08-12,1197,4.25,5.068493151,3.040944134,1.629088887,6.4,4930.154867,3622.1567977480854
1986-08-13,1198,8.75,4.520547945,3.984888268,0.988812118,,4362.82833,2620.1216341387626
1986-08-14,1199,2.25,4.520547945,3.209153631,2.937387003,,4785.925955,3395.9396946904567
1986-08-15,1200,1.25,4.520547945,2.683307263,2.129667939,,5151.408233,4207.737852992921
1986-08-16,1201,0.25,4.520547945,2.417103352,1.849762394,,5368.810393,4768.585541884593
1986-08-17,1202,0.25,4.520547945,2.217821229,4.111299392,,5549.173663,5286.1337253081565
1986-08-18,1203,1.75,4.520547945,2.111731844,0.981663726,,5656.681535,5605.681992434701
1986-08-19,1204,0.25,4.520547945,1.957173184,2.149838068,6.1,5815.183848,6139.7735839302495
1986-08-20,1205,0.0,0.0,1.780893855,4.467518005,,6019.991789,6874.314448914606
1986-08-21,1206,2.25,0.547945205,1.720558659,0.815840648,,6103.829713,7163.900838885904
1986-08-22,1207,16.75,0.547945205,2.809759777,0.813938849,,4998.809913,3981.958214936352
1986-08-23,1208,0.25,0.547945205,2.134608939,1.249751055,,5616.829108,5533.82192225269
1986-08-24,1209,0.0,0.0,1.85696648,2.651259351,,5926.223413,6538.535654484862
1986-08-25,1210,45.10585984,0.547945205,13.85972346,0.233430638,,1586.427021,588.0265415834992
1986-08-26,1211,17.75,0.547945205,22.38913408,0.367847548,5.2,1458.535066,330.7705484876463
1986-08-27,1212,5.0,7.397260274,8.720748603,2.536215589,,2992.708663,1024.870951302832
1986-08-28,1213,0.5,7.397260274,5.5485,2.38288569,,3757.938178,1762.226779835294
1986-08-29,1214,2.75,7.397260274,4.112371508,1.788065401,,4309.491742,2523.109877846444
1986-08-30,1215,0.0,0.0,3.243645251,1.18867713,,4766.578194,3352.7298820922065
1986-08-31,1216,0.0,0.0,2.7225,3.65987673,,5119.266655,4135.2947117526655
1986-09-01,1217,10.75,7.397260274,3.215614525,1.401425207,,4788.673335,3387.768207684469
1986-09-02,1218,20.0,7.397260274,3.961332402,1.92432246,6.0,4626.958855,2638.799021769045
1986-09-03,1219,10.0,5.205479452,9.477301676,2.863073349,,2731.119601,927.576479713185
1986-09-04,1220,0.25,5.205479452,4.839184358,3.258554742,,4001.827915,2076.099218481965
1986-09-05,1221,0.0,0.0,3.668807263,1.625332213,,4526.520794,2892.811591140489
1986-09-06,1222,0.75,5.205479452,3.110304469,1.018423367,,4855.602373,3525.6200235783244
1986-09-07,1223,0.0,0.0,2.695072626,3.490962523,,5140.970339,4185.747837106934
1986-09-08,1224,0.0,0.0,2.402949721,1.718024324,,5378.406206,4802.240719284762
1986-09-09,1225,0.0,0.0,2.171337989,2.832673532,6.3,5592.466415,5421.924157452635
1986-09-10,1226,0.0,0.0,1.993173184,3.186070894,,5776.098808,6007.235439291853
1986-09-11,1227,0.0,0.0,1.851410615,1.477203888,,5936.681335,6562.034290588611
1986-09-12,1228,0.0,0.0,1.693810056,1.360170639,,6132.366269,7299.548192722657
1986-09-13,1229,0.5,2.824793793,1.582692737,1.202276598,,6285.702439,7917.220132943474
1986-09-14,1230,0.25,5.105550785,1.462198324,1.528941366,,6465.468259,8704.407750848353
1986-09-15,1231,0.0,0.0,1.367522346,0.360388886,,6619.84116,9430.55030720221
1986-09-16,1232,0.0,0.0,1.281167598,2.081200658,6.2,6772.979575,10196.310624678796
1986-09-17,1233,0.25,6.404899893,1.221209497,1.363428499,,6888.554569,10798.31370179519
1986-09-18,1234,0.0,0.0,1.133874302,2.720164219,,7062.575749,11801.083757315628
1986-09-19,1235,0.25,1.97967646,1.068259777,3.144166269,,7209.026649,12673.653787186617
1986-09-20,1236,0.0,0.0,0.994173184,3.551235318,,7383.161401,13811.92153693987
1986-09-21,1237,0.75,4.35982951,0.935547486,1.762468195,,7539.828866,14853.829320797457
1986-09-22,1238,0.0,0.0,0.891452514,2.736229252,,7658.609972,15737.145656076817
1986-09-23,1239,0.0,0.0,0.854748603,1.385376176,6.0,7768.559729,16549.037923899356
1986-09-24,1240,0.0,0.0,0.82427933,0.452996228,,7862.604293,17283.542777872117
1986-09-25,1241,0.0,0.0,0.800899441,1.5610901,,7936.209822,17888.87509489021
1986-09-26,1242,0.0,0.0,0.771435754,1.018491048,,8031.353265,18709.282548707924
1986-09-27,1243,0.5,1.419477082,0.750695531,1.463592684,,8107.552973,19329.311394588367
1986-09-28,1244,0.75,3.234498922,0.74627095,1.024416753,,8124.252558,19466.486552833172
1986-09-29,1245,0.5,4.463672245,0.727743017,2.696176382,,8183.375644,20060.830785439008
1986-09-30,1246,0.0,0.0,0.688324022,3.502391946,6.2,8334.458645,21442.70306758502
1986-10-01,1247,0.0,0.0,0.668941341,0.964756877,,8408.109089,22187.986476480215
1986-10-02,1248,1.0,3.424657534,0.653128492,2.628704653,,8475.787836,22832.06012105888
1986-10-03,1249,0.0,0.0,0.632790503,2.532998128,,8558.727032,23712.54127406157
1986-10-04,1250,5.5,3.424657534,0.66373743,2.215197186,,8445.677784,22396.229512244885
1986-10-05,1251,1.25,3.424657534,0.66602514,1.067353607,,8409.854657,22304.243060519068
1986-10-06,1252,0.0,0.0,0.631206704,0.85819821,,8565.654177,23783.724655020298
1986-10-07,1253,1.5,3.424657534,0.615645251,0.471536727,6.2,8640.317285,24504.545148425987
1986-10-08,1254,0.5,1.917808219,0.613256983,0.782963686,,8642.698372,24618.72963737391
1986-10-09,1255,12.5,1.917808219,0.729,0.26159262,,8216.54966,20019.459605664175
1986-10-10,1256,5.25,1.917808219,1.097572626,0.533282789,,7103.431525,12269.6816010021
1986-10-11,1257,0.0,0.0,0.771335196,1.771779791,,8014.658646,18712.200507635003
1986-10-12,1258,0.0,0.0,0.690536313,1.386319961,,8319.459993,21360.5549060173
1986-10-13,1259,0.25,1.917808219,0.653505587,0.391749195,,8472.740634,22816.302152927245
1986-10-14,1260,1.25,1.917808219,0.646340782,0.457071346,6.2,8505.615956,23119.157126632952
1986-10-15,1261,0.25,6.98630137,0.607701117,1.067246585,,8664.920665,24888.172847807746
1986-10-16,1262,0.0,0.0,0.564787709,1.826283363,,8865.93354,27166.391199062266
1986-10-17,1263,0.0,0.0,0.54372067,1.905107495,,8975.875262,28429.9702572191
1986-10-18,1264,15.75,6.98630137,0.922550279,0.291849871,,7436.147117,15104.562852788953
1986-10-19,1265,11.5,6.98630137,1.105868715,0.606042092,,7032.621444,12159.612884803717
1986-10-20,1266,53.27919867,6.98630137,8.404240223,1.126531621,,2906.086271,1071.3164661326023
1986-10-21,1267,35.93395339,6.98630137,10.37456145,0.288992878,6.7,2699.07947,832.233074927689
1986-10-22,1268,15.55146006,16.71232877,9.826189944,0.687651129,,2788.018656,888.2281867243557
1986-10-23,1269,6.90500477,16.71232877,6.545162011,0.824448451,,3476.416352,1445.687769369628
1986-10-24,1270,10.42473199,16.71232877,5.415486034,0.384337005,,3836.136856,1814.2238177421477
1986-10-25,1271,48.58800733,16.71232877,23.16871508,0.450468968,,1416.932067,317.46078618226824
1986-10-26,1272,2.23282,16.71232877,9.894092179,0.702529881,,2774.156421,880.9240190400367
1986-10-27,1273,32.74588563,16.71232877,15.47592737,0.128537074,10.8,2109.931986,515.1572286393875
1986-10-28,1274,21.92116502,16.71232877,20.13204469,0.204639235,9.5,1799.195725,375.7509177422168
1986-10-29,1275,2.659396935,4.794520548,10.90176536,0.712913818,,2635.896017,784.2080387369529
1986-10-30,1276,17.75,4.794520548,11.29939944,0.799579916,,2592.039286,751.2317584391011
1986-10-31,1277,15.75,4.794520548,8.945346369,0.568024748,,3009.135227,994.0974662709427
1986-11-01,1278,11.25,4.794520548,13.67263408,0.030504616,,2272.755632,597.6903641539494
1986-11-02,1279,0.25,4.794520548,7.709053073,0.734287434,,3203.837851,1188.1484055728963
1986-11-03,1280,12.96234809,4.794520548,7.370497207,0.484006378,,3293.959781,1253.8671643539826
1986-11-04,1281,0.25,4.794520548,5.603505587,0.638061528,7.5,3755.53357,1741.5159244654778
1986-11-05,1282,32.0,4.520547945,14.41103631,0.353873593,6.6,1969.31115,561.1484752787649
1986-11-06,1283,0.0,0.0,9.076298883,0.85846988,,2923.82332,976.9259699182402
1986-11-07,1284,19.5,4.520547945,8.794081006,0.261151617,,3028.462845,1014.6332443042943
1986-11-08,1285,18.25,4.520547945,13.34996648,0.676233135,,2345.035359,615.0582841857691
1986-11-09,1286,21.25,4.520547945,12.77105028,0.446588587,,2440.211479,648.6463191449218
1986-11-10,1287,2.25,4.520547945,12.86456983,0.689289715,,2290.666618,642.995165682421
1986-11-11,1288,7.0,4.520547945,9.155488827,0.181074152,7.2,2945.029388,966.8036455979382
1986-11-12,1289,1.75,4.109589041,6.779689944,0.489451024,,3429.052594,1385.9521479167054
1986-11-13,1290,18.5,4.109589041,11.3082486,0.15926156,,2539.111308,750.5268458310719
1986-11-14,1291,9.75,4.109589041,9.514759777,0.066945982,,2890.665212,923.1997671373447
1986-11-15,1292,0.25,4.109589041,7.592405028,0.565897448,,3235.074052,1210.0646107750954
1986-11-16,1293,14.5,4.109589041,9.368170391,0.353798729,,2882.099543,940.5471802189907
1986-11-17,1294,14.75,4.109589041,9.165444134,0.277749551,,2944.06446,965.5447225357698
1986-11-18,1295,94.5,4.109589041,50.36304469,0.450172279,7.2,474.0476632,125.00005896348269
1986-11-19,1296,2.25,16.43835616,28.66851955,0.291507639,6.9,922.0206941,245.8549903150895
1986-11-20,1297,17.5,16.43835616,12.53363128,0.476794214,,2453.355236,663.4099707412317
1986-11-21,1298,5.0,16.43835616,11.30618715,0.501618004,,2543.324705,750.6909499057474
1986-11-22,1299,23.5,16.43835616,12.72997207,0.540604405,,2455.383325,651.1574357247271
1986-11-23,1300,67.75,16.43835616,47.02547765,0.428828084,,581.4403798,135.72734105202875
1986-11-24,1301,38.5,16.43835616,30.54235475,0.275293425,,1170.131541,227.86422355621238
1986-11-25,1302,52.75,16.43835616,39.33032682,0.197338493,8.5,877.4214359,168.2064905115153
1986-11-26,1303,6.75,5.753424658,23.97946927,0.409308236,,1400.494113,304.6247848841543
1986-11-27,1304,0.5,5.753424658,9.820935754,0.303150958,,2810.17634,888.7980025049928
1986-11-28,1305,0.0,0.0,6.809480447,0.169596654,,3415.198282,1378.6875164524336
1986-11-29,1306,0.25,5.753424658,5.151268156,0.560657755,,3899.328576,1926.2980470470184
1986-11-30,1307,0.0,0.0,4.009751397,0.350871766,,4359.550068,2600.6690840232754
1986-12-01,1308,6.5,5.753424658,3.556835196,0.01910329,,4597.859654,3002.2451822260273
1986-12-02,1309,2.25,5.753424658,3.087150838,0.210720442,6.9,4871.355171,3557.315915200573
1986-12-03,1310,16.5,4.520547945,7.247715084,0.249193008,,2961.134894,1279.3725298663176
1986-12-04,1311,11.75,4.520547945,22.02528771,0.169410658,,1588.457995,337.33786208776246
1986-12-05,1312,20.25,4.520547945,17.41932402,0.096807899,,1956.988927,447.0037912122265
1986-12-06,1313,2.5,4.520547945,10.09272067,0.332626875,,2761.063588,860.1769740014248
1986-12-07,1314,5.0,4.520547945,7.184413408,0.12130212,,3334.149882,1292.8968027717096
1986-12-08,1315,27.25,4.520547945,13.26220391,0.109550984,,2371.196445,619.9430945502407
1986-12-09,1316,3.25,4.520547945,9.703734637,0.132910564,7.0,2825.292222,901.6848707288962
1986-12-10,1317,0.5,5.890410959,6.893396648,0.215334402,,3396.564531,1358.5945098315813
1986-12-11,1318,16.75,5.890410959,8.890340782,0.133821427,,2984.17077,1001.4761752438028
1986-12-12,1319,4.5,5.890410959,6.770513966,0.216374619,,3445.394488,1388.203931993646
1986-12-13,1320,9.75,5.890410959,9.593170391,0.0,,2873.92079,914.1595821716583
1986-12-14,1321,0.58730762,5.890410959,6.54677095,0.180021035,,3483.634881,1445.2619236373428
1986-12-15,1322,23.93800343,5.890410959,12.09496927,0.306959377,,2422.49996,692.3687812217531
1986-12-16,1323,9.75,5.890410959,8.544117318,0.224604368,7.2,3047.127594,1050.324028425317
1986-12-17,1324,29.0,14.24657534,16.13614525,0.126920238,,1839.424602,489.9775782891959
1986-12-18,1325,24.25,14.24657534,19.23976257,0.134150736,,1717.431118,396.7543231435703
1986-12-19,1326,6.75,14.24657534,10.35379609,0.206555353,,2719.278027,834.2349004407413
1986-12-20,1327,6.0,14.24657534,7.504416201,0.110950276,,3261.612894,1227.092262126685
1986-12-21,1328,3.0,14.24657534,5.991284916,0.0,,3639.643049,1607.3098650302973
1986-12-22,1329,0.75,14.24657534,4.625748603,0.0,,4094.439481,2191.402278440826
1986-12-23,1330,0.75,14.24657534,3.77698324,0.152115334,7.1,4477.75401,2793.837976638696
1986-12-24,1331,10.75,2.876712329,3.618326816,0.234880059,,4611.320754,2941.2266625021184
1986-12-25,1332,36.0,2.876712329,23.97243017,0.134450069,,1385.950999,304.7321254587343
1986-12-26,1333,4.75,2.876712329,8.06098324,0.168493683,,3127.688937,1126.2362243911427
1986-12-27,1334,4.25,2.876712329,5.820159218,0.332695425,,3684.649866,1664.1128954485866
1986-12-28,1335,17.75,2.876712329,8.842625698,0.14639354,,2992.984652,1007.9586642567765
1986-12-29,1336,69.25,2.876712329,34.27494134,0.291247974,,624.0626679,198.41341624436006
1986-12-30,1337,73.75,2.876712329,76.05877374,0.351691142,4.3,56.45725398,76.18741697553921
1986-12-31,1338,6.75,8.493150685,12.88103631,0.348732043,,2347.655095,642.0094733770169
1987-01-01,1339,27.0,8.493150685,20.60127654,0.265015165,,1731.18973,365.5058392225529
1987-01-02,1340,20.0,8.493150685,15.31339944,0.059921731,,2125.161918,521.7226575607801
1987-01-03,1341,0.25,8.493150685,8.556812849,0.40580322,,3029.126737,1048.4560238655586
1987-01-04,1342,54.25,8.493150685,31.40291061,0.172908754,,896.7171706,220.39004608930762
1987-01-05,1343,15.0,8.493150685,13.39732961,0.27500262,,2331.416911,612.451295829438
1987-01-06,1344,0.25,8.493150685,8.373142458,0.48076304,6.9,3064.791869,1076.088364058101
1987-01-07,1345,0.0,0.0,5.993120112,0.192904829,,3634.221783,1606.71999349003
1987-01-08,1346,0.0,0.0,4.591357542,0.239859748,,4107.833054,2211.085111023244
1987-01-09,1347,0.75,6.658495267,3.741812849,0.0,,4493.707114,2825.3270137214818
1987-01-10,1348,0.25,7.147188371,2.975329609,0.020146498,,4932.889194,3718.040749248006
1987-01-11,1349,0.0,0.0,2.458231844,0.007304211,,5329.047802,4673.200698365999
1987-01-12,1350,0.0,0.0,2.210782123,0.0,,5542.272032,5306.294166521057
1987-01-13,1351,0.0,0.0,1.952421788,0.0,6.6,5781.856275,6157.667669976039
1987-01-14,1352,0.0,0.0,1.783332402,0.01368243,,6039.88937,6863.062208361488
1987-01-15,1353,0.0,0.0,1.670103352,0.01823569,,6161.158127,7423.76363377337
1987-01-16,1354,0.0,0.0,1.51652514,0.005063284,,6380.218311,8332.484792539322
1987-01-17,1355,0.0,0.0,1.392888268,0.0,,6577.251205,9225.359510339587
1987-01-18,1356,0.0,0.0,1.318952514,0.013391295,,6706.748148,9847.698212634914
1987-01-19,1357,6.5,9.04109589,1.426550279,0.100132947,,6564.055236,8965.404945219083
1987-01-20,1358,16.5,9.04109589,3.184918994,0.323047395,7.5,4816.695244,3426.915399240323
1987-01-21,1359,0.75,11.79886081,2.525731844,0.350878959,,5275.243424,4524.033086838208
1987-01-22,1360,0.0,0.0,2.311868715,0.16660049,,5461.707146,5029.67494325857
1987-01-23,1361,0.0,0.0,2.061653631,0.199219853,,5700.125568,5769.109643042224
1987-01-24,1362,0.25,21.26489088,1.919865922,0.129638882,,5861.082806,6282.894926928396
1987-01-25,1363,0.0,0.0,1.783432961,0.085366957,,6019.164735,6862.5989222068965
1987-01-26,1364,5.25850271,21.31167868,1.64853352,0.15382374,,6192.692213,7540.195655859761
1987-01-27,1365,0.0,0.0,1.520748603,0.0,6.8,6375.702085,8304.791544373707
1987-01-28,1366,0.0,0.0,1.40998324,0.290652884,,6548.530141,9091.64056305707
1987-01-29,1367,0.25,2.191780822,1.315659218,0.029958312,,6710.010759,9877.208988281269
1987-01-30,1368,0.0,0.0,1.254670391,0.34235723,,6826.170611,10454.564541532269
1987-01-31,1369,0.0,0.0,1.235916201,0.522892221,,6828.183834,10644.71193139868
1987-02-01,1370,4.5,2.191780822,1.152301676,0.058014976,,7042.839685,11575.592966225508
1987-02-02,1371,8.0,2.191780822,1.502120112,0.244429588,,6405.759974,8428.225725666929
1987-02-03,1372,4.25,2.191780822,1.821041899,0.48937033,6.9,5981.498856,6693.265311069978
1987-02-04,1373,0.5,1.780821918,1.539251397,0.245135728,,6348.574233,8185.433933210117
1987-02-05,1374,14.75,1.780821918,3.191832402,0.21077466,,4723.79726,3418.0262883796804
1987-02-06,1375,20.5,1.780821918,11.07399721,0.536173669,,2485.263494,769.6050466796355
1987-02-07,1376,6.902591525,1.780821918,5.207002793,0.470504418,,3880.842351,1901.6158934871955
1987-02-08,1377,24.22729281,1.780821918,13.12825978,0.175119891,,2314.307293,627.5368615744175
1987-02-09,1378,38.43389854,1.780821918,25.95232961,0.165480312,,1376.709501,277.0509676279466
1987-02-10,1379,16.25,1.780821918,19.10202235,0.349847567,6.1,1794.398107,400.1891833895455
1987-02-11,1380,3.75,1.535302593,8.58677933,0.30273031,,3016.646614,1044.0708618483604
1987-02-12,1381,0.0,0.0,5.660572626,0.649970967,,3724.509277,1720.4958604351784
1987-02-13,1382,1.75,5.379657189,4.143268156,0.452333283,,4296.925957,2500.5841197569825
1987-02-14,1383,2.0,5.761526115,3.302723464,0.569212698,,4729.585285,3281.0186942516693
1987-02-15,1384,0.25,17.49458118,2.723480447,0.59748745,,5116.971662,4133.511818377905
1987-02-16,1385,0.0,0.0,2.334167598,0.574769415,,5435.489341,4972.190189471208
1987-02-17,1386,0.0,0.0,2.02200838,0.528599317,6.3,5741.894523,5904.8079523668275
1987-02-18,1387,0.0,0.0,1.853572626,0.723460285,,5931.964437,6552.87163704254
1987-02-19,1388,0.0,0.0,1.699969274,0.38183685,,6126.209436,7267.898064982235
1987-02-20,1389,0.0,0.0,1.554837989,0.185030475,,6322.070839,8087.306224537029
1987-02-21,1390,0.25,5.130548759,1.424287709,0.640646316,,6524.664002,8982.454948413391
1987-02-22,1391,0.0,0.0,1.319907821,0.534091497,,6705.500773,9839.16808803387
1987-02-23,1392,4.25,6.162557389,1.229203911,0.048579729,,6870.074396,10714.316757779152
1987-02-24,1393,0.0,0.0,1.15951676,0.159563523,6.4,7012.212357,11489.445618009802
1987-02-25,1394,0.0,0.0,1.118011173,0.42957086,,7101.844504,12001.742646915238
1987-02-26,1395,23.5,3.150684932,2.803374302,0.173633294,,4767.216432,3992.8237921723603
1987-02-27,1396,12.75,3.150684932,5.887156425,0.308411429,,3646.196747,1641.4417172825451
1987-02-28,1397,3.0,3.150684932,4.390868715,0.804300885,,4180.510126,2332.595032158485
1987-03-01,1398,39.5,3.150684932,11.86577095,0.361622654,,2696.31801,708.437998230117
1987-03-02,1399,1.25,3.150684932,14.81178771,1.325424259,,1920.446578,542.9869819807925
1987-03-03,1400,0.0,0.0,6.281497207,0.283933029,6.5,3529.287636,1518.7205491112215
1987-03-04,1401,5.150683755,5.616438356,4.36877095,0.350258016,,4197.842613,2346.7388056748205
1987-03-05,1402,0.0,0.0,3.490064246,0.672589311,,4626.716901,3071.1822020574623
1987-03-06,1403,3.622584805,5.616438356,2.990664804,0.284690965,,4935.542338,3695.2170958536635
1987-03-07,1404,0.0,0.0,2.619854749,0.0,,5197.061354,4330.07995580661
1987-03-08,1405,0.0,0.0,2.256963687,0.0,,5505.785654,5176.54347228212
1987-03-09,1406,11.93746175,5.616438356,1.983821229,0.0,,5784.648037,6041.157972440578
1987-03-10,1407,2.695555875,5.616438356,1.823958101,0.0,6.4,5970.342186,6680.455274409416
1987-03-11,1408,2.69555588,6.02739726,1.694865922,0.274619979,,6133.093453,7294.104514449356
1987-03-12,1409,4.41718103,6.02739726,1.636893855,0.791345627,,6216.093543,7604.426539374143
1987-03-13,1410,1.191894335,6.02739726,1.564717877,0.140067055,,6307.888924,8026.216724405305
1987-03-14,1411,4.983567935,6.02739726,1.553706704,0.522039231,,6347.97152,8094.355656047035
1987-03-15,1412,1.179675635,6.02739726,1.869662011,0.434203968,,5927.426042,6485.4149890394565
1987-03-16,1413,1.424854915,6.02739726,1.883689944,0.773795095,,5916.137509,6427.6330927674735
1987-03-17,1414,19.78879293,6.02739726,5.477530726,0.389327359,5.8,3798.009307,1789.6243735520961
1987-03-18,1415,12.55145511,8.082191781,5.680960894,0.471080266,,3660.499415,1713.098488797481
1987-03-19,1416,9.320050675,8.082191781,3.84222067,0.441549103,,4438.552566,2737.1035157580727
1987-03-20,1417,3.482980965,8.082191781,3.193793296,0.298489619,,4803.160138,3415.5127077886523
1987-03-21,1418,8.72635027,8.082191781,2.893097765,0.39995608,,5001.89849,3844.9707423543587
1987-03-22,1419,6.01251719,8.082191781,3.219611732,0.323209923,,4819.19316,3382.7307319750626
1987-03-23,1420,17.99061725,8.082191781,15.74426816,0.750238019,6.1,1950.712798,504.6430460529419
1987-03-24,1421,2.75,8.082191781,9.749212291,0.31003114,6.1,2838.451691,896.6439317638719
1987-03-25,1422,2.60585984,15.61643836,8.705740223,1.086424804,,3003.819918,1026.9896000428682
1987-03-26,1423,42.56682873,15.61643836,19.40125978,0.401116016,,1873.417891,392.7952671055173
1987-03-27,1424,34.09627682,15.61643836,41.83994413,0.331986461,,766.0565333,156.16775159367313
1987-03-28,1425,11.97368013,15.61643836,12.03365363,0.587325862,,2490.212429,696.601751023983
1987-03-29,1426,5.1164516,15.61643836,7.892371508,1.349958175,,3173.414494,1155.14161018035
1987-03-30,1427,1.28690721,15.61643836,6.192075419,1.049179052,,3575.127704,1545.045157128539
1987-03-31,1428,11.63061475,15.61643836,5.343988827,0.728825231,6.3,3861.454305,1843.3502934551407
1987-04-01,1429,7.693090515,1.369863014,6.571206704,0.581193428,,3499.649639,1438.8225541140632
1987-04-02,1430,7.940147525,1.369863014,5.533164804,0.663886944,,3796.196157,1768.081523926427
1987-04-03,1431,0.42834141,1.369863014,5.076829609,0.97463283,,3921.640415,1960.193172010217
1987-04-04,1432,44.85958442,1.369863014,15.21520391,0.145931264,,1994.579144,525.7641147490854
1987-04-05,1433,1.71524862,1.369863014,12.5084162,1.837530603,,2374.614264,665.0141595341402
1987-04-06,1434,1.03460649,1.369863014,7.086142458,0.768541577,,3338.623375,1314.418889550791
1987-04-07,1435,7.5,1.369863014,5.685134078,0.481644694,6.4,3739.207086,1711.5915401266154
1987-04-08,1436,8.25,2.328767123,6.321695531,0.757801962,,3557.614575,1507.1530716301518
1987-04-09,1437,8.0,2.328767123,5.648053073,0.992705318,,3760.239897,1725.0673539808795
1987-04-10,1438,16.25,2.328767123,7.611611732,0.914587229,,3144.681282,1206.4052103353827
1987-04-11,1439,0.0,0.0,7.013036313,1.197524647,,3340.564907,1330.860132657035
1987-04-12,1440,0.0,0.0,5.006086592,3.242546673,,3947.52614,1993.4334213812347
1987-04-13,1441,3.0,2.328767123,4.192139665,0.904058404,,4285.613793,2465.697547515825
1987-04-14,1442,0.0,0.0,3.389606145,3.033229306,6.2,4675.769419,3180.5346898296634
1987-04-15,1443,0.25,3.835616438,2.727427374,1.200717984,,5114.78421,4126.348771539481
1987-04-16,1444,0.0,0.0,2.358653631,3.064715577,,5413.611047,4910.44092114482
1987-04-17,1445,0.0,0.0,2.051899441,4.532736051,,5708.625686,5801.962455882121
1987-04-18,1446,3.25,3.835616438,1.808698324,1.304679366,,5986.110276,6747.989706396367
1987-04-19,1447,20.0,3.835616438,2.284793296,1.769656319,,5549.380483,5101.131636488219
1987-04-20,1448,19.75,3.835616438,9.087837989,1.705759166,,2770.491477,975.4389330664702
1987-04-21,1449,0.0,0.0,3.813259777,2.318452192,6.2,4443.822222,2762.026479331493
1987-04-22,1450,0.0,0.0,3.001826816,2.562274391,,4915.357204,3678.7654755605413
1987-04-23,1451,0.0,0.0,2.466351955,3.959623537,,5317.546295,4654.781307449564
1987-04-24,1452,0.0,0.0,2.174606145,3.032925135,,5589.957174,5412.168472571984
1987-04-25,1453,0.0,0.0,1.924994413,3.803548606,,5843.893335,6262.859224037603
1987-04-26,1454,0.0,0.0,1.75346648,3.547185366,,6054.21561,7003.242895236968
1987-04-27,1455,0.0,0.0,1.567734637,4.308924753,,6302.667314,8007.731882195185
1987-04-28,1456,0.0,0.0,1.430019553,5.144875344,6.0,6511.472927,8939.37664423489
1987-04-29,1457,0.75,15.61643836,1.318675978,2.671982766,,6705.446712,9850.169989894395
1987-04-30,1458,3.25,15.61643836,1.250446927,1.054360305,,6837.83244,10496.83973979311
1987-05-01,1459,5.75,15.61643836,1.294315642,1.786753651,,6746.565902,10072.467722694819
1987-05-02,1460,9.5,15.61643836,1.330994413,1.351953813,,6691.846439,9741.156561214164
1987-05-03,1461,0.75,15.61643836,1.266586592,2.904338606,,6787.922561,10336.955687491149
1987-05-04,1462,0.0,0.0,1.222969274,2.429886455,,6890.28374,10779.72029892477
1987-05-05,1463,0.0,0.0,1.149108939,4.423876146,6.1,7030.6796,11614.093140429059
1987-05-06,1464,0.0,0.0,1.093022346,5.542558556,,7150.629967,12330.832045328028
1987-05-07,1465,0.0,0.0,1.021851955,4.43227751,,7319.133876,13365.449979381292
1987-05-08,1466,0.0,0.0,0.959807263,5.327381565,,7472.509674,14405.727185387965
1987-05-09,1467,0.0,0.0,0.91201676,4.835852305,,7604.055112,15313.531132879638
1987-05-10,1468,0.0,0.0,0.853039106,3.742227418,,7770.252677,16588.72418600665
1987-05-11,1469,34.75,3.01369863,2.650877095,0.750509925,,4788.268409,4269.462370934553
1987-05-12,1470,15.0,3.01369863,5.52826257,1.772599773,6.6,3588.995225,1769.960651346459
1987-05-13,1471,6.75,4.383561644,2.215835196,2.746027423,,5523.164368,5291.807602937652
1987-05-14,1472,20.25,4.383561644,5.757837989,1.925141925,,3710.149929,1685.7227762280077
1987-05-15,1473,0.75,4.383561644,3.59776257,2.987079653,,4542.022719,2961.377733826451
1987-05-16,1474,0.0,0.0,2.706586592,3.781533451,,5123.951337,4164.4309118472975
1987-05-17,1475,7.25,4.383561644,2.543430168,0.676231499,,5270.37814,4486.358764235281
1987-05-18,1476,2.75,4.383561644,2.345505587,1.977795018,,5427.08247,4943.421830022514
1987-05-19,1477,0.0,0.0,2.037645251,2.158619719,6.2,5727.180267,5850.593202062411
1987-05-20,1478,0.0,0.0,1.879918994,4.352818271,,5902.111671,6443.072803456031
1987-05-21,1479,0.0,0.0,1.720608939,2.825982085,,6099.077655,7163.650218101035
1987-05-22,1480,0.5,2.248835879,1.61326257,2.359374917,,6243.504108,7737.964960490923
1987-05-23,1481,7.5,5.572100255,1.666860335,0.792760914,,6175.534714,7441.0578577713895
1987-05-24,1482,0.0,0.0,1.533494413,1.595589933,,6353.703291,8222.232129381217
1987-05-25,1483,0.0,0.0,1.488368715,3.228756484,6.2,6433.142493,8521.522696976292
1987-05-26,1484,0.0,0.0,1.417701117,3.166600909,,6537.087366,9032.42970407925
1987-05-27,1485,0.0,0.0,1.317117318,4.565171076,,6706.921206,9864.123163985305
1987-05-28,1486,3.0,4.774004251,1.306558659,2.988126396,,6736.158903,9959.607674968662
1987-05-29,1487,0.0,0.0,1.240642458,1.87303346,,6844.36566,10596.197706649788
1987-05-30,1488,14.25,2.03227596,1.500561453,1.309751146,,6403.622357,8438.70618884203
1987-05-31,1489,9.25,6.533501084,1.376522346,4.324223309,,6610.809851,9356.796647142546
1987-06-01,1490,4.75,4.965041871,1.421899441,2.325525494,,6516.422851,9000.516819344386
1987-06-02,1491,14.75,2.201875097,2.029273743,0.447419353,6.0,5712.858122,5879.504013795881
1987-06-03,1492,15.0,3.424657534,3.862458101,2.386082037,,4418.186406,2719.931284461104
1987-06-04,1493,0.5,3.424657534,2.834748603,3.850092098,,5009.086417,3939.9536064807
1987-06-05,1494,18.5,3.424657534,3.978100559,0.648968878,,4231.823969,2625.4786717456254
1987-06-06,1495,19.5,3.424657534,7.308603352,2.030287122,,3329.803265,1266.6065834381038
1987-06-07,1496,20.25,3.424657534,13.40446927,0.866643157,,2337.930755,612.0600667890769
1987-06-08,1497,7.25,3.424657534,9.807486034,1.603602129,,2829.272708,890.2596794242413
1987-06-09,1498,0.5,3.424657534,6.576536313,3.270345263,6.5,3464.947347,1437.4250663343787
1987-06-10,1499,2.0,4.194123766,4.722234637,1.845747267,,4054.197525,2137.859793057729
1987-06-11,1500,0.5,1.504130901,3.672402235,3.28293905,,4523.622163,2889.419448523935
1987-06-12,1501,0.25,9.964008511,2.96849162,3.804228409,,4942.982664,3728.3013815857826
1987-06-13,1502,0.0,0.0,2.566256983,3.895190475,,5239.638916,4438.60956335154
1987-06-14,1503,3.25,2.027936362,2.303798883,1.960384947,,5469.144439,5050.77968124159
1987-06-15,1504,0.5,3.928929916,2.106703911,1.688054826,,5656.90092,5621.705281660772
1987-06-16,1505,10.25,2.17917249,1.991941341,3.769297898,6.2,5805.906378,6011.68372641952
1987-06-17,1506,7.75,0.684931507,2.734340782,1.400467813,,5103.38919,4113.856756584228
1987-06-18,1507,19.75,0.684931507,3.675418994,2.141347966,,4502.098155,2886.578520763786
1987-06-19,1508,5.75,0.684931507,8.332290503,2.236637119,,2933.055759,1082.4165403291677
1987-06-20,1509,0.0,0.0,3.995195531,5.440618896,,4349.598672,2612.0251030667396
1987-06-21,1510,0.25,0.684931507,3.140446927,4.182338231,,4832.636734,3485.125402640536
1987-06-22,1511,12.75,0.684931507,3.690502793,2.781372843,,4533.523474,2872.4503895804173
1987-06-23,1512,2.25,0.684931507,2.943351955,1.830477495,6.1,4965.055758,3766.474754884013
1987-06-24,1513,0.75,0.547945205,2.57249162,4.205248215,,5233.040133,4425.729679124429
1987-06-25,1514,10.75,0.547945205,3.166013966,1.239312034,,4821.900586,3451.440921785551
1987-06-26,1515,5.0,0.547945205,2.740399441,2.571467687,,5118.444258,4102.966116878468
1987-06-27,1516,4.75,0.547945205,3.387594972,2.488509361,,4701.325931,3182.7967453109686
1987-06-28,1517,15.25,0.547945205,4.817187151,1.023784507,,3981.509884,2087.4643887615093
1987-06-29,1518,5.38696597,0.547945205,5.467248603,1.606270463,,3791.468959,1793.6586261126222
1987-06-30,1519,0.0,0.0,4.428075419,3.19853648,5.8,4172.392152,2309.1308643544394
1987-07-01,1520,0.0,0.0,3.598365922,3.783982076,,4568.875305,2960.7829008437184
1987-07-02,1521,0.0,0.0,3.096075419,4.029901602,,4863.627723,3545.0370351317606
1987-07-03,1522,0.0,0.0,2.716013966,5.857723105,,5126.055944,4147.124856928403
1987-07-04,1523,0.0,0.0,2.446868715,6.298732326,,5341.830144,4699.201957570746
1987-07-05,1524,0.0,0.0,2.205930168,6.445342591,,5556.304078,5320.272759759195
1987-07-06,1525,0.0,0.0,2.029349162,6.344242222,,5741.426738,5879.2423864938
1987-07-07,1526,0.0,0.0,1.892337989,4.372683932,6.0,5887.693716,6392.479791420832
1987-07-08,1527,0.0,0.0,1.753567039,4.402419738,,6057.32517,7002.762101978125
1987-07-09,1528,1.730232545,2.054794521,1.682497207,3.128472398,,6152.160731,7358.3443737784255
1987-07-10,1529,2.426263845,2.054794521,1.625706704,1.290231279,,6227.116259,7667.112832038185
1987-07-11,1530,12.95897568,2.054794521,1.940807263,2.544986228,,5815.325503,6201.814036005433
1987-07-12,1531,0.696031295,2.054794521,1.502698324,3.321138106,,6391.168573,8424.343883820537
1987-07-13,1532,0.0,0.0,1.299821229,4.519819692,,6730.994115,10021.426608083773
1987-07-14,1533,8.5,2.054794521,1.42124581,0.506629694,5.9,6546.208537,9005.471684645778
1987-07-15,1534,5.75,0.684931507,1.445002793,1.891884137,,6495.199384,8828.539598576668
1987-07-16,1535,2.25,0.684931507,1.392938547,1.906218055,,6576.941234,9224.960935584812
1987-07-17,1536,5.75,0.684931507,1.303013966,1.767946069,,6747.373714,9992.044315806688
1987-07-18,1537,31.25,0.684931507,4.304539106,0.68227475,,3938.865396,2388.7575682317283
1987-07-19,1538,17.25,0.684931507,9.908145251,1.005417163,,2772.555707,879.4260839865424
1987-07-20,1539,0.0,0.0,5.180606145,2.880537971,,3858.031991,1913.2329479077603
1987-07-21,1540,0.0,0.0,3.647815642,1.455889825,5.8,4535.456503,2912.7655771498485
1987-07-22,1541,0.0,0.0,2.996597765,1.87892526,,4924.964943,3686.4557803037596
1987-07-23,1542,0.0,0.0,2.55451676,4.382225025,,5249.94344,4463.050731696678
1987-07-24,1543,0.75,0.821917808,2.32348324,2.893342849,,5451.484087,4999.582403348928
1987-07-25,1544,0.0,0.0,2.095340782,3.615054016,,5666.109668,5658.229159692519
1987-07-26,1545,17.0,0.821917808,1.942089385,1.568290306,,5861.785948,6196.912261647589
1987-07-27,1546,17.75,0.821917808,5.621178771,2.006539396,,3710.662791,1734.9560532828368
1987-07-28,1547,10.5,0.821917808,3.525636872,1.606028348,5.5,4655.143271,3034.0985932707076
1987-07-29,1548,8.5,1.369863014,6.76649162,2.228574197,,3432.342933,1389.1931311854023
1987-07-30,1549,3.25,1.369863014,4.386368715,2.394279462,,4189.026761,2335.462583458929
1987-07-31,1550,6.5,1.369863014,4.150709497,2.006365453,,4314.541106,2495.2139074176143
1987-08-01,1551,28.75,1.369863014,6.718248603,1.856640544,,3683.851349,1401.1588146870943
1987-08-02,1552,8.5,1.369863014,17.93375698,2.625414318,,1675.35089,431.66554011612266
1987-08-03,1553,0.0,0.0,6.666561453,2.716674885,,3431.64962,1414.1900689360873
1987-08-04,1554,0.0,0.0,4.587335196,3.630569272,5.7,4101.532453,2213.4083821219633
1987-08-05,1555,0.0,0.0,3.507913408,2.79661905,,4611.339227,3052.4716052957933
1987-08-06,1556,0.0,0.0,2.925452514,3.907809092,,4973.242452,3794.0937141429104
1987-08-07,1557,2.25,7.397260274,2.521382682,1.593547958,,5277.805539,4533.380069394469
1987-08-08,1558,1.5,7.397260274,2.292712291,1.004477509,,5477.112305,5080.0402270876175
1987-08-09,1559,1.25,7.397260274,2.073243017,3.144846194,,5689.70658,5730.516848011941
1987-08-10,1560,0.0,0.0,1.852139665,3.493007192,,5933.475711,6558.941934338018
1987-08-11,1561,13.25,7.397260274,1.854125698,0.842676453,5.9,6007.924908,6550.531473963143
1987-08-12,1562,2.0,1.095890411,2.266039106,1.994264997,,5429.993493,5151.727609796224
1987-08-13,1563,13.0,1.095890411,3.264662011,3.057434714,,4710.146968,3326.892241874139
1987-08-14,1564,0.0,0.0,2.178377095,2.149836665,,5571.95585,5400.951852408089
1987-08-15,1565,0.0,0.0,1.891382682,3.399901754,,5886.047057,6396.3456609856785
1987-08-16,1566,0.0,0.0,1.746829609,3.622941179,,6066.005659,7035.109575611498
1987-08-17,1567,0.5,1.095890411,1.640413408,3.969822693,,6206.591948,7584.899093754424
1987-08-18,1568,1.0,1.095890411,1.60499162,2.201389241,5.9,6261.405981,7785.724393601367
1987-08-19,1569,0.0,0.0,1.573039106,2.408627298,,6303.926876,7975.418118282899
1987-08-20,1570,0.88507941,0.95890411,1.480324022,3.839447445,,6433.368006,8576.985282409256
1987-08-21,1571,11.75,0.95890411,1.886606145,3.29533019,,5873.373439,6415.739520779607
1987-08-22,1572,0.0,0.0,1.52552514,2.771544683,,6363.894924,8273.674624922645
1987-08-23,1573,14.5,0.95890411,1.641997207,1.204878327,,6213.554652,7576.141729129867
1987-08-24,1574,0.75,0.95890411,1.632519553,3.041218229,,6188.274527,7628.825265971343
1987-08-25,1575,0.75,0.95890411,1.390575419,3.44047177,5.9,6575.388181,9243.728283400746
1987-08-26,1576,4.75,5.342465753,1.371645251,0.804215927,,6622.634441,9396.631804028933
1987-08-27,1577,0.0,0.0,1.296351955,3.993685383,,6739.266836,10053.53402835664
1987-08-28,1578,0.0,0.0,1.206251397,2.133848865,,6919.527248,10958.764571290294
1987-08-29,1579,1.0,5.342465753,1.185435754,1.632258398,,6963.363118,11189.45707080666
1987-08-30,1580,0.0,0.0,1.131284916,4.680758735,,7067.517241,11833.416096013569
1987-08-31,1581,0.0,0.0,1.067631285,1.684643528,,7213.014966,12682.582220433571
1987-09-01,1582,8.0,5.342465753,1.176486034,0.817440493,5.8,6984.85653,11291.401843504838
1987-09-02,1583,0.0,0.0,1.073413408,1.884975988,,7194.590751,12600.873515308711
1987-09-03,1584,4.0,4.931506849,1.086435754,1.861258681,,7170.901595,12420.34485935252
1987-09-04,1585,0.5,4.931506849,0.987787709,2.348911017,,7396.907685,13918.826959419612
1987-09-05,1586,13.0,4.931506849,1.749444134,1.717675498,,6040.722096,7022.5243376690605
1987-09-06,1587,25.0,4.931506849,6.160776536,0.559920533,,3077.896159,1554.457691630025
1987-09-07,1588,0.0,0.0,3.568801676,2.449346076,,4499.730766,2990.189686991732
1987-09-08,1589,0.25,4.931506849,2.376905028,2.824358941,5.6,5386.209212,4865.322417038691
1987-09-09,1590,10.75,4.931506849,2.568821229,1.401653521,,5188.840541,4433.30387778105
1987-09-10,1591,1.0,4.931506849,2.541067039,2.216486843,,5226.268269,4491.355805618054
1987-09-11,1592,11.5,4.931506849,2.47346648,1.084693831,,5384.090022,4638.752095827825
1987-09-12,1593,9.0,4.931506849,5.46151676,0.467015724,,3782.911135,1795.9147953988777
1987-09-13,1594,0.0,0.0,3.690955307,2.667828087,,4494.101451,2872.0285052344952
1987-09-14,1595,7.75,4.931506849,3.284572626,1.289414358,,4752.916238,3302.7493147216696
1987-09-15,1596,0.0,0.0,2.808980447,2.190656658,5.9,5059.20347,3983.281422414804
1987-09-16,1597,13.25,1.780821918,2.883569832,1.355657209,,5080.532389,3860.1923469418157
1987-09-17,1598,9.0,1.780821918,6.379215084,1.162223055,,3510.31693,1490.8796129558611
1987-09-18,1599,0.25,1.780821918,3.857656425,2.078181565,,4426.422286,2723.9877811091046
1987-09-19,1600,11.5,1.780821918,4.359544693,0.372093462,,4197.690988,2352.6907428586924
1987-09-20,1601,0.5,1.780821918,3.917765363,1.408772738,,4396.995057,2673.994010703069
1987-09-21,1602,21.25,1.780821918,5.675002793,1.08494462,,3540.539503,1715.2541968307542
1987-09-22,1603,0.25,1.780821918,6.013558659,1.746142709,5.5,3569.93727,1600.1773345311487
1987-09-23,1604,20.75,6.164383562,5.68503352,0.967825457,,3792.262689,1711.6278233260737
1987-09-24,1605,8.75,6.164383562,9.09972905,1.440781053,,2917.271352,973.9108758295649
1987-09-25,1606,0.5,6.164383562,5.920089385,1.391459189,,3650.167565,1630.5040795434522
1987-09-26,1607,0.0,0.0,4.550631285,1.480228484,,4125.386006,2234.8167984719876
1987-09-27,1608,0.0,0.0,3.71546648,1.346558135,,4507.213783,2849.3450352153527
1987-09-28,1609,0.25,6.164383562,3.205634078,0.652642131,,4798.449144,3400.4063140208527
1987-09-29,1610,0.0,0.0,2.850486034,1.895508482,6.0,5030.127894,3913.91487464611
1987-09-30,1611,0.0,0.0,2.558061453,0.922051761,,5249.980357,4455.645308372552
1987-10-01,1612,0.0,0.0,2.299374302,1.901346783,,5471.033934,5062.420201263747
1987-10-02,1613,0.5,2.465753425,2.118645251,0.305573377,,5647.595707,5583.786312200779
1987-10-03,1614,1.5,2.465753425,1.966148045,0.656059786,,5806.571677,6106.232679166851
1987-10-04,1615,2.0,2.465753425,1.896586592,0.791658087,,5888.070049,6375.338639918494
1987-10-05,1616,12.55060817,2.465753425,1.939550279,0.915743061,,5935.622531,6206.626612882154
1987-10-06,1617,15.86373286,2.465753425,6.196877095,0.978595655,5.5,3489.195862,1543.6103873732395
1987-10-07,1618,16.8642318,14.24657534,5.314424581,0.630789685,,3862.664772,1855.6460025899737
1987-10-08,1619,33.52710036,14.24657534,19.66281285,0.590588601,,1813.423168,386.5348671389172
1987-10-09,1620,39.2681848,14.24657534,36.3462486,0.373890746,10.0,985.3759429,184.91878517405155
1987-10-10,1621,0.82466324,14.24657534,13.85424302,0.654509066,,2232.896165,588.3055481213687
1987-10-11,1622,1.486799995,14.24657534,7.52025419,1.243234633,,3233.464315,1223.9949617868058
1987-10-12,1623,8.064694355,14.24657534,5.681664804,0.948001714,,3750.437284,1712.8441343437376
1987-10-13,1624,26.47146187,14.24657534,12.81811173,0.494767899,6.5,2356.538582,645.7911832236209
1987-10-14,1625,23.44199662,4.383561644,25.31994134,0.518482528,7.3,1458.489535,285.3755838904051
1987-10-15,1626,9.27008835,4.383561644,13.66416201,0.609385408,,2278.942514,598.1348643907866
1987-10-16,1627,29.78342402,4.383561644,25.55856704,0.909677489,,1386.474565,282.18114489533525
1987-10-17,1628,2.58065092,4.383561644,9.93077095,1.069173614,,2785.751846,877.0241696655435
1987-10-18,1629,55.92635901,4.383561644,39.31888827,0.188903648,,623.8803133,168.26523921690682
1987-10-19,1630,6.203302265,4.383561644,19.5286676,0.323187902,,1676.970708,389.72266772144246
1987-10-20,1631,4.0,4.383561644,9.20549162,0.158936178,6.3,2917.1046,960.5106413334286
1987-10-21,1632,28.55271411,1.506849315,18.42068715,0.125688117,,1903.29661,418.0126243635309
1987-10-22,1633,4.25,1.506849315,12.46681006,0.486391177,,2442.431979,667.6767506923353
1987-10-23,1634,0.25,1.506849315,7.817002793,1.224424781,,3181.137779,1168.505962049662
1987-10-24,1635,0.0,0.0,5.539047486,1.141860354,,3765.310928,1765.831394266123
1987-10-25,1636,0.25,1.506849315,4.186960894,0.836757294,,4277.463227,2469.352006272639
1987-10-26,1637,0.5,1.506849315,3.315544693,0.673409638,,4720.565105,3265.8262541227678
1987-10-27,1638,14.0,1.506849315,4.640907821,0.0849578,5.8,4021.701885,2182.828017970546
1987-10-28,1639,0.0,0.0,3.90300838,0.795515977,,4379.471191,2686.11104542179
1987-10-29,1640,0.5,1.643835616,2.975958101,0.535230332,,4938.086017,3717.1002746493823
1987-10-30,1641,1.5,1.643835616,2.609321229,0.151280853,,5213.086234,4351.022699592612
1987-10-31,1642,1.25,1.643835616,2.468765363,0.314774006,,5324.412103,4649.3324631383475
1987-11-01,1643,0.0,0.0,2.19222905,0.656367202,,5570.911976,5360.1130650222985
1987-11-02,1644,0.5,1.643835616,1.981835196,0.375650743,,5786.456769,6048.407220900821
1987-11-03,1645,0.0,0.0,1.775162011,0.326207893,6.1,6027.190868,6900.896737042674
1987-11-04,1646,0.0,0.0,1.629351955,0.445811222,,6219.613462,7646.583133426813
1987-11-05,1647,0.0,0.0,1.502170391,0.705819079,,6403.005218,8427.888045979924
1987-11-06,1648,0.0,0.0,1.400027933,0.822583484,,6565.533001,9169.076109165058
1987-11-07,1649,0.0,0.0,1.309977654,0.173712015,,6721.159243,9928.503831040585
1987-11-08,1650,21.25,0.684931507,2.893097765,0.085004843,,4674.277625,3844.9707423543587
1987-11-09,1651,1.25,0.684931507,3.896572626,0.165596039,,4226.777725,2691.427057751287
1987-11-10,1652,27.0,0.684931507,6.366695531,0.23231396,5.6,3427.910555,1494.394145690772
1987-11-11,1653,28.25,12.32876712,16.7057095,0.0,5.2,1965.667113,470.0068558490911
1987-11-12,1654,5.0,12.32876712,13.57939106,0.607208492,,2246.916485,602.6160885316477
1987-11-13,1655,5.75,12.32876712,7.276877095,0.205549856,,3292.89351,1273.2290749725826
1987-11-14,1656,5.25,12.32876712,5.200139665,0.28238911,,3885.744338,1904.623862464534
1987-11-15,1657,13.41474358,12.32876712,7.689544693,0.296642512,,3251.429642,1191.7628353881178
1987-11-16,1658,26.25,12.32876712,14.24360615,0.182588317,,2237.319206,569.0694640623763
1987-11-17,1659,0.25,12.32876712,9.436122905,0.221618349,7.0,2863.52831,932.4320129155926
1987-11-18,1660,22.75,4.246575342,8.438329609,0.165718345,,3125.322394,1066.1299018099776
1987-11-19,1661,37.75,4.246575342,29.11618156,0.0,6.9,1276.06453,241.32521649421284
1987-11-20,1662,1.5,4.246575342,11.73167598,0.0,,2506.215394,718.159920906943
1987-11-21,1663,2.0,4.246575342,7.254377095,0.0,,3304.215475,1277.9642843811303
1987-11-22,1664,9.75,4.246575342,6.253315642,0.013513829,,3581.195972,1526.927572953565
1987-11-23,1665,10.5,4.246575342,5.642446927,0.115331894,,3777.779842,1727.1216552169972
1987-11-24,1666,4.5,4.246575342,7.158192737,0.012616395,6.6,3334.751982,1298.5758254894215
1987-11-25,1667,0.0,0.0,5.126756983,0.0,,3912.360768,1937.3396527756884
1987-11-26,1668,0.25,3.764261785,4.167477654,0.080640921,,4291.049926,2483.189991204713
1987-11-27,1669,0.0,0.0,3.431312849,0.365641851,,4659.957778,3134.281309413386
1987-11-28,1670,1.25,9.731586245,2.988703911,0.171938242,,4937.37098,3698.1211854996873
1987-11-29,1671,2.25,10.57582596,2.703796089,0.161951775,,5138.14248,4169.578934464627
1987-11-30,1672,3.25,4.193822499,2.410667598,0.115324424,,5371.603579,4783.834973907854
1987-12-01,1673,0.0,0.0,2.166712291,0.094682158,6.5,5596.520061,5435.7874641869585
1987-12-02,1674,0.0,0.0,1.974896648,0.179848103,,5796.44662,6073.85944185918
1987-12-03,1675,0.0,0.0,1.803972067,0.058620401,,5993.407561,6769.161062151441
1987-12-04,1676,0.5,53.75282037,1.67548324,0.029660419,,6157.842191,7395.236089461061
1987-12-05,1677,0.25,4.381922563,1.589480447,0.037824804,,6279.020526,7876.7642420471
1987-12-06,1678,0.0,0.0,1.495206704,0.041805992,,6415.08391,8474.89451202172
1987-12-07,1679,0.0,0.0,1.438340782,0.032565693,,6507.246702,8877.508122083216
1987-12-08,1680,0.0,0.0,1.330567039,0.0,6.5,6679.180891,9744.901555559512
1987-12-09,1681,0.0,0.0,1.222039106,0.0,,6886.472253,10789.540916629718
1987-12-10,1682,0.0,0.0,1.140360335,0.176127263,,7049.39125,11720.803303938681
1987-12-11,1683,0.0,0.0,1.07547486,0.029191052,,7195.053671,12571.975774255985
1987-12-12,1684,0.0,0.0,1.026829609,0.063985539,,7304.35308,13287.958099682302
1987-12-13,1685,0.0,0.0,0.957318436,0.031044198,,7480.337328,14450.55133263499
1987-12-14,1686,0.0,0.0,0.906837989,0.0,,7616.47332,15418.22536399297
1987-12-15,1687,9.0,16.17385033,1.153458101,0.007116616,6.5,7047.891869,11561.705733988285
1987-12-16,1688,25.75,2.191780822,7.53596648,0.125463381,7.3,3099.971262,1220.9363773796774
1987-12-17,1689,41.5,2.191780822,16.79163687,0.055800762,,2069.913184,467.1230773272915
1987-12-18,1690,16.0,2.191780822,30.6479162,0.092960421,,969.2741495,226.92253737001482
1987-12-19,1691,3.0,2.191780822,8.364469274,0.146698105,,3050.259959,1077.4262047937136
1987-12-20,1692,19.0,2.191780822,10.51765642,0.084069633,,2727.121163,818.6743961174938
1987-12-21,1693,11.25,2.191780822,10.35467598,0.064313087,,2759.326907,834.1498980943596
1987-12-22,1694,0.5,2.191780822,8.82527933,0.0,6.2,2967.44849,1010.3344116451046
1987-12-23,1695,0.25,12.19178082,6.086463687,0.069864037,,3603.307002,1577.2323630185037
1987-12-24,1696,4.0,12.19178082,4.817438547,0.043232145,,4032.772245,2087.3338571719196
1987-12-25,1697,2.0,12.19178082,4.057391061,0.08210889,,4337.445849,2564.1274911356877
1987-12-26,1698,24.0,12.19178082,10.60026536,0.089101392,,2461.045236,811.029955604246
1987-12-27,1699,33.5,12.19178082,26.58956983,0.043155092,,1323.398467,269.10185634481263
1987-12-28,1700,15.5,12.19178082,12.05376536,0.113682347,,2513.522893,695.2081059593393
1987-12-29,1701,47.0,12.19178082,45.07461453,0.008813049,,708.4751975,142.8109961931695
1987-12-30,1702,6.25,12.19178082,13.1757486,0.0,,2350.052956,624.8251311891809
1987-12-31,1703,10.0,12.19178082,10.42202514,0.123636995,,2748.568412,827.6903840175339
1988-01-01,1704,48.5,12.19178082,31.94542458,0.021592725,,1014.051942,215.90527115669767
1988-01-02,1705,43.0,12.19178082,45.04009777,0.1227473,,709.9196124,142.94241325163975
1988-01-03,1706,7.75,12.19178082,13.56641899,0.157622088,,2303.775621,603.3072600120042
1988-01-04,1707,15.25,12.19178082,11.51462011,0.031010145,,2597.823881,734.4248828008076
1988-01-05,1708,4.75,12.19178082,8.912136872,0.076949608,7.2,2978.885827,998.5403704154443
1988-01-06,1709,28.0,5.753424658,16.58061453,0.0,10.2,2039.31632,474.26390428738887
1988-01-07,1710,4.0,5.753424658,10.35525419,0.0,,2724.669116,834.0940483855022
1988-01-08,1711,17.0,5.753424658,10.01431006,0.093592885,,2827.379026,868.2590351033452
1988-01-09,1712,12.0,5.753424658,14.92836034,0.0,,2191.050821,537.9050372528812
1988-01-10,1713,9.25,5.753424658,11.16050279,0.085626453,,2639.484499,762.457216450035
1988-01-11,1714,4.75,5.753424658,8.446324022,0.131248291,,3053.501552,1064.9202426178858
1988-01-12,1715,11.0,5.753424658,6.411343575,0.258720545,6.7,3546.495392,1481.9293804501406
1988-01-13,1716,3.5,4.794520548,7.188058659,0.034277362,,3313.510463,1292.1108977310485
1988-01-14,1717,2.25,4.794520548,5.114212291,0.003529371,,3920.426786,1943.035691801213
1988-01-15,1718,3.25,4.794520548,4.464553073,0.077652458,,4173.387663,2286.543251625536
1988-01-16,1719,1.25,4.794520548,3.957536313,0.373809839,,4393.157578,2641.8317905945605
1988-01-17,1720,20.0,4.794520548,4.64550838,0.145019764,,4261.700807,2180.2380373016563
1988-01-18,1721,6.75,4.794520548,10.04420112,0.093289656,,2699.852636,865.1616983416953
1988-01-19,1722,2.75,4.794520548,6.505416201,0.140314117,6.6,3495.699728,1456.281001113588
1988-01-20,1723,7.25,3.97260274,5.529871508,0.054717591,,3795.370797,1769.3435086438785
1988-01-21,1724,3.1527693,3.97260274,4.741994413,0.033127112,,4054.94273,2127.18965002028
1988-01-22,1725,0.0,0.0,4.141608939,0.0,,4309.115067,2501.784422129336
1988-01-23,1726,43.75,3.97260274,28.88919553,0.0860612,,1075.601042,243.60273516584405
1988-01-24,1727,11.25,3.97260274,32.51139385,0.156391969,,924.1066502,211.40172240672553
1988-01-25,1728,8.0,3.97260274,9.726159218,0.095467646,,2816.5752,899.1927584706782
1988-01-26,1729,1.0,3.97260274,6.428337989,0.083196977,6.4,3506.243647,1477.2348810100157
1988-01-27,1730,0.5,29.5890411,4.743653631,0.116941476,,4049.672334,2126.298127776094
1988-01-28,1731,5.5,29.5890411,4.001807263,0.0,,4379.737088,2606.855592643717
1988-01-29,1732,4.25,29.5890411,4.054675978,0.119677278,,4351.19489,2566.1847314496704
1988-01-30,1733,12.75,29.5890411,4.647997207,0.100240577,,4103.764143,2178.839248018927
1988-01-31,1734,17.5,29.5890411,4.668888268,0.298089304,,4234.85617,2167.1624738617256
1988-02-01,1735,20.75,29.5890411,13.82115922,0.251986217,9.5,2235.835304,589.9949951852395
1988-02-02,1736,14.75,29.5890411,12.7287905,0.199876815,11.2,2418.736257,651.229928884271
1988-02-03,1737,21.75,12.46575342,12.12086313,0.137858302,,2496.838193,690.5953128486235
1988-02-04,1738,15.5,12.46575342,12.29372346,0.039357385,,2472.980844,678.9663026827552
1988-02-05,1739,4.5,12.46575342,10.21145531,0.387798151,,2759.744697,848.1979953233517
1988-02-06,1740,3.25,12.46575342,6.881807263,0.151417528,,3392.911454,1361.3374485550323
1988-02-07,1741,12.75,12.46575342,6.601826816,0.128759567,,3463.38229,1430.8273801274763
1988-02-08,1742,2.0,12.46575342,5.719902235,0.275668002,,3700.869704,1699.1305366175366
1988-02-09,1743,13.75,12.46575342,13.63972626,0.54429942,9.7,2171.281999,599.4203243745171
1988-02-10,1744,4.0,3.680284058,6.595013966,0.1726896,,3468.672843,1432.5992178902002
1988-02-11,1745,3.0,2.354496977,5.095935754,0.200059792,,3924.38744,1951.389494903764
1988-02-12,1746,0.5,8.484454129,4.162851955,0.218440878,,4295.384511,2486.496305488802
1988-02-13,1747,20.0,2.835086021,9.218715084,0.061064604,,2711.025634,958.8589689020607
1988-02-14,1748,5.75,2.535685405,8.329625698,0.640684308,,3086.998343,1082.831702683389
1988-02-15,1749,7.0,4.831278136,6.167011173,0.957328746,,3604.427658,1552.5743708429186
1988-02-16,1750,0.75,27.09359263,5.411564246,0.398503456,10.0,3805.987455,1815.799560824098
1988-02-17,1751,0.0,0.0,4.410854749,0.311140671,,4190.103254,2319.936907694783
1988-02-18,1752,1.25,30.82191781,3.875128492,0.315948905,,4434.282469,2709.280236400512
1988-02-19,1753,0.0,0.0,3.291159218,0.560814856,,4741.833106,3294.83324983708
1988-02-20,1754,1.0,30.82191781,2.879497207,0.310693065,,5010.265948,3866.7324402175327
1988-02-21,1755,0.0,0.0,2.523871508,0.744968207,,5275.408369,4528.0268895381505
1988-02-22,1756,0.75,30.82191781,2.225765363,0.384518131,,5539.890321,5263.549385638957
1988-02-23,1757,1.0,30.82191781,2.084505587,0.449892571,7.6,5683.149176,5693.463654989841
1988-02-24,1758,0.0,0.0,1.916120112,0.597209302,,5860.711467,6297.603295390925
1988-02-25,1759,0.0,0.0,1.748363128,0.940072325,,6062.107403,7027.722839788796
1988-02-26,1760,0.75,2.576759236,1.62751676,0.879194665,,6223.375354,7656.906150341877
1988-02-27,1761,0.0,0.0,1.565296089,0.670565724,,6316.732969,8022.667737278399
1988-02-28,1762,0.25,7.176584423,1.48127933,1.285118433,,6431.044638,8570.364478560241
1988-02-29,1763,0.0,0.0,1.328304469,0.7627371,,6689.951431,9764.772102178445
1988-03-01,1764,2.25,0.516570053,1.243734637,0.501448026,7.1,6838.570925,10564.676028144699
1988-03-02,1765,1.5,6.164383562,1.166455307,0.343600041,,7000.201096,11407.70311430766
1988-03-03,1766,17.75,6.164383562,2.327002793,0.502717549,,5338.066593,4990.528571200499
1988-03-04,1767,3.5,6.164383562,1.492567039,0.437527733,,6410.321529,8492.838770464568
1988-03-05,1768,4.75,6.164383562,1.386678771,0.493860851,,6603.68584,9274.827876061903
1988-03-06,1769,20.75,6.164383562,5.105363128,0.17309176,,3683.965983,1947.072243384153
1988-03-07,1770,6.25,6.164383562,3.076391061,0.499294448,,4839.114982,3572.223830602935
1988-03-08,1771,0.75,6.164383562,2.433092179,1.25168743,9.5,5348.002126,4731.08353384658
1988-03-09,1772,13.5,1.232876712,3.163248603,0.513388987,,4764.435263,3455.055435204374
1988-03-10,1773,0.0,0.0,3.185019553,0.751892766,,4760.385631,3426.785798824293
1988-03-11,1774,14.25,1.232876712,3.491748603,0.282951493,,4648.320192,3069.407574326866
1988-03-12,1775,15.5,1.232876712,5.96996648,0.460623107,,3637.047692,1614.1912779632542
1988-03-13,1776,34.75,1.232876712,11.44598883,0.452724058,,2607.398172,739.7089650303678
1988-03-14,1777,53.75,1.232876712,37.75618156,0.480660153,,1018.514825,176.66037931368726
1988-03-15,1778,33.25,1.232876712,31.54238547,0.242427606,9.9,1170.961346,219.22084992512362
1988-03-16,1779,6.25,3.150684932,15.96698045,0.540125141,,2042.704935,496.21127786218455
1988-03-17,1780,5.0,3.150684932,7.88925419,0.382976479,,3163.155162,1155.688810204244
1988-03-18,1781,29.25,3.150684932,14.17985196,0.139399991,,2085.08539,572.1397178980396
1988-03-19,1782,36.0,3.150684932,31.20076257,0.268562576,,1175.206726,222.1050376279212
1988-03-20,1783,2.5,3.150684932,14.36032961,0.853499937,,2182.144116,563.5259381500829
1988-03-21,1784,3.0,3.150684932,7.706513966,1.229874721,,3198.046077,1188.6177022477177
1988-03-22,1785,19.75,3.150684932,10.57851955,0.43983793,8.4,2580.721704,813.0295389792722
1988-03-23,1786,14.5,10.82191781,11.89287151,0.697364004,,2520.215941,706.5024565247577
1988-03-24,1787,14.5,10.82191781,9.257103352,0.70192934,,2945.649477,954.093466240375
1988-03-25,1788,20.0,10.82191781,17.33048045,1.064387242,,1938.72821,449.754243815402
1988-03-26,1789,11.5,10.82191781,10.23282402,0.584060443,,2761.004999,846.0745598135036
1988-03-27,1790,0.25,10.82191781,6.607659218,1.037791399,,3459.918678,1429.3137198470808
1988-03-28,1791,19.0,10.82191781,6.889223464,1.410974054,,3425.978182,1359.581037361594
1988-03-29,1792,1.75,10.82191781,6.216687151,1.278170917,8.8,3553.501155,1537.716767640397
1988-03-30,1793,11.5,2.054794521,6.786326816,0.94344491,,3432.64132,1384.3276299785332
1988-03-31,1794,0.5,2.054794521,5.087363128,1.948618013,,3923.536851,1955.3305800029307
1988-04-01,1795,24.75,2.054794521,7.997002793,0.451303299,,3056.206891,1137.0468163518906
1988-04-02,1796,14.25,2.054794521,13.97101676,0.359734316,,2287.747335,582.412683300785
1988-04-03,1797,3.25,2.054794521,7.689519553,2.61690354,,3194.601827,1191.7675062245473
1988-04-04,1798,0.25,2.054794521,5.189480447,0.966968189,,3880.1438,1909.312914834207
1988-04-05,1799,0.0,0.0,4.071217877,1.736051509,8.1,4335.219683,2553.6975548349474
1988-04-06,1800,0.0,0.0,3.235751397,1.650118124,,4766.299826,3362.5297313756137
1988-04-07,1801,0.0,0.0,2.664125698,2.009791103,,5162.565601,4244.046802750723
1988-04-08,1802,2.5,2.085374977,2.339019553,0.542818165,,5434.922329,4959.841623728138
1988-04-09,1803,2.0,3.827704462,2.105798883,1.155457603,,5657.319047,5624.59839924368
1988-04-10,1804,0.0,0.0,1.892111732,1.595175591,,5886.112732,6393.395005000144
1988-04-11,1805,0.0,0.0,1.710703911,2.853165747,,6108.209483,7213.334295669781
1988-04-12,1806,0.0,0.0,1.552550279,2.887579545,7.5,6326.320989,8101.57340426673
1988-04-13,1807,0.0,0.0,1.456240223,2.659638672,,6480.599994,8747.053950268111
1988-04-14,1808,0.0,0.0,1.401837989,1.825271319,,6564.395532,9154.907079321827
1988-04-15,1809,13.25,1.643835616,1.596117318,0.767170552,,6287.624692,7837.5725664364145
1988-04-16,1810,7.0,1.643835616,1.857972067,0.56617382,,5904.021306,6534.298997717955
1988-04-17,1811,2.25,1.643835616,1.665477654,2.046066574,,6155.293935,7448.453851795131
1988-04-18,1812,9.5,1.643835616,1.906918994,0.436699845,,5858.202348,6334.002066389049
1988-04-19,1813,0.5,1.643835616,1.817522346,2.823741722,7.9,5947.150844,6708.785824431918
1988-04-20,1814,1.5,11.56341059,1.523187151,2.064681112,,6370.071445,8288.878761830478
1988-04-21,1815,2.25,1.843698129,1.452569832,1.486238324,,6488.108455,8773.516720573183
1988-04-22,1816,0.0,0.0,1.407921788,0.378566109,,6554.833808,9107.576491267148
1988-04-23,1817,0.0,0.0,1.340773743,2.044670739,,6665.969173,9656.17814811936
1988-04-24,1818,0.0,0.0,1.191871508,3.370590897,,6937.872862,11117.186838538468
1988-04-25,1819,0.0,0.0,1.111675978,3.9280773,,7112.854859,12083.637314274241
1988-04-26,1820,0.0,0.0,1.052321229,2.720370398,7.2,7247.381656,12903.69886843416
1988-04-27,1821,0.0,0.0,0.999100559,2.64003255,,7373.694314,13730.452507537066
1988-04-28,1822,0.0,0.0,0.954301676,0.732083797,,7489.375774,14505.227850573265
1988-04-29,1823,0.0,0.0,0.92252514,0.355362975,,7576.330477,15105.055336508733
1988-04-30,1824,4.25,5.753424658,0.928181564,0.39573802,,7572.995357,14994.981335554552
1988-05-01,1825,7.0,5.753424658,1.044955307,1.64555889,,7258.939395,13012.618620642437
1988-05-02,1826,13.25,5.753424658,1.320511173,1.573297169,,6717.456217,9833.787620860465
1988-05-03,1827,6.25,5.753424658,1.194561453,1.346884805,7.4,6948.387505,11087.233407855727
1988-05-04,1828,6.5,1.780821918,2.282807263,0.5689715,,5459.368594,5106.446437802896
1988-05-05,1829,0.0,0.0,1.502346369,4.134685155,,6389.057948,8426.706352449695
1988-05-06,1830,0.0,0.0,1.263293296,5.488520535,,6797.573853,10369.2158362232
1988-05-07,1831,3.0,1.780821918,1.187522346,3.033831983,,6962.057566,11165.93148284426
1988-05-08,1832,0.0,0.0,1.155620112,1.811120412,,7014.959466,11535.82450154447
1988-05-09,1833,0.0,0.0,1.098905028,3.801689227,,7141.887152,12251.88089096106
1988-05-10,1834,0.0,0.0,1.038243017,4.401775175,7.0,7279.739344,13113.351664049595
1988-05-11,1835,0.0,0.0,1.003575419,3.620669034,,7365.333493,13657.225988422018
1988-05-12,1836,0.0,0.0,0.978536313,0.953564256,,7429.634055,14076.43300785721
1988-05-13,1837,0.0,0.0,0.955005587,2.512909328,,7488.123991,14492.436068911815
1988-05-14,1838,0.0,0.0,0.908346369,4.886096692,,7612.362388,15387.596620342445
1988-05-15,1839,0.0,0.0,0.883357542,3.595611784,,7686.487044,15909.845611222641
1988-05-16,1840,0.0,0.0,0.840268156,6.102543011,,7811.601556,16890.818598543374
1988-05-17,1841,0.0,0.0,0.828201117,5.802058458,6.7,7851.580581,17185.673020336715
1988-05-18,1842,0.0,0.0,0.819251397,2.641309516,,7877.30869,17410.522370410086
1988-05-19,1843,5.0,2.876712329,0.842782123,1.751834418,,7810.696535,16830.556458060975
1988-05-20,1844,0.0,0.0,0.79722905,3.601747094,,7946.056399,17987.44969044703
1988-05-21,1845,0.0,0.0,0.766181564,2.701127519,,8050.977493,18862.87313368718
1988-05-22,1846,0.0,0.0,0.733072626,5.052847167,,8161.283952,19886.48620852355
1988-05-23,1847,13.5,2.876712329,0.962069832,1.57144706,,7376.489324,14365.198861762572
1988-05-24,1848,10.75,2.876712329,1.09352514,1.341942078,7.0,7101.234557,12324.047620832042
1988-05-25,1849,0.0,0.0,0.957393855,1.347683625,,7399.265889,14449.189265863879
1988-05-26,1850,12.0,1.232876712,1.296553073,1.012381679,,6736.209324,10051.667570649051
1988-05-27,1851,0.0,0.0,0.990050279,2.938159641,,7360.71492,13880.77389450453
1988-05-28,1852,3.5,1.232876712,0.872094972,2.068855119,,7716.919932,16155.985325523263
1988-05-29,1853,25.25,1.232876712,2.942849162,2.268563653,,4949.240313,3767.2455312464217
1988-05-30,1854,33.0,1.232876712,6.904181564,1.740509666,7.0,3389.032538,1356.0510587647918
1988-05-31,1855,9.25,1.917808219,12.7952095,2.217858334,,2229.816349,647.1777377536552
1988-06-01,1856,0.75,1.881611726,4.658379888,1.314285352,,4052.724345,2173.021607097311
1988-06-02,1857,2.25,5.623839081,3.278765363,3.313215669,,4736.717666,3309.7577327192116
1988-06-03,1858,13.75,2.753811223,3.085743017,2.028715683,,4945.368719,3559.259990142905
1988-06-04,1859,0.25,4.294681716,3.354435754,3.058001587,,4624.604543,3220.5222269200754
1988-06-05,1860,0.0,0.0,2.43223743,4.58628333,,5345.944151,4733.074660614191
1988-06-06,1861,0.0,0.0,2.114094972,2.571100424,,5646.037063,5598.179959296447
1988-06-07,1862,0.25,3.705940578,1.862824022,4.632018729,7.6,5917.677807,6513.927714055702
1988-06-08,1863,7.25,2.465753425,1.84346648,0.266511932,,5955.961662,6595.904476523368
1988-06-09,1864,0.75,2.465753425,1.682798883,1.307858785,,6141.2942,7356.7652071033
1988-06-10,1865,0.5,2.465753425,1.569418994,1.251215547,,6307.106396,7997.445125684034
1988-06-11,1866,0.25,2.465753425,1.471675978,4.944007353,,6449.298178,8637.350560249475
1988-06-12,1867,0.0,0.0,1.286446927,6.287421198,,6752.526235,10146.250050282175
1988-06-13,1868,0.0,0.0,1.147801676,6.193513193,,7030.737173,11629.924864297409
1988-06-14,1869,0.0,0.0,1.060743017,7.20965406,6.7,7224.439508,12781.19943232536
1988-06-15,1870,0.0,0.0,1.001488827,5.527826782,,7367.603926,13691.281545657483
1988-06-16,1871,0.0,0.0,0.95022905,4.451306058,,7500.305486,14579.645949876196
1988-06-17,1872,0.0,0.0,0.913927374,1.892606167,,7598.324648,15275.234899352025
1988-06-18,1873,0.0,0.0,0.882251397,2.147248132,,7688.143753,15933.71463953178
1988-06-19,1874,0.0,0.0,0.851027933,2.934380068,,7780.816878,16635.638037965367
1988-06-20,1875,0.0,0.0,0.809120112,5.172081755,,7903.573938,17671.653830790816
1988-06-21,1876,0.0,0.0,0.769826816,2.670044061,6.5,8040.454658,18756.07061146717
1988-06-22,1877,0.0,0.0,0.757935754,5.838670551,,8078.21507,19108.63198449808
1988-06-23,1878,0.0,0.0,0.715198324,7.10900054,,8232.963546,20482.471628957494
1988-06-24,1879,0.0,0.0,0.708486034,4.871796321,,8258.930974,20714.818022192492
1988-06-25,1880,0.0,0.0,0.695840782,5.761089734,,8304.384052,21165.92017434773
1988-06-26,1881,7.75,1.917808219,0.761932961,0.971498353,,8073.227032,18988.769669534508
1988-06-27,1882,0.0,0.0,0.688977654,1.233356387,,8322.226316,21418.37172681479
1988-06-28,1883,0.0,0.0,0.663486034,4.607742146,6.5,8433.255779,22406.38035147373
1988-06-29,1884,5.0,2.465753425,0.679449721,1.234521027,,8377.536634,21778.13663446544
1988-06-30,1885,5.25,2.465753425,0.672511173,1.716530559,,8394.805281,22047.178206022552
1988-07-01,1886,12.5,2.465753425,0.832298883,3.215520257,,7871.715256,17084.492764045503
1988-07-02,1887,11.25,2.465753425,1.800905028,2.920876034,,5817.256762,6782.965223119882
1988-07-03,1888,1.25,2.465753425,0.890120112,1.197644093,,7634.342884,15765.334389884385
1988-07-04,1889,24.0,2.465753425,2.834798883,0.811170328,,4819.953067,3939.869908779727
1988-07-05,1890,0.25,2.465753425,1.549156425,4.680178787,6.8,6285.213204,8122.824246352788
1988-07-06,1891,22.0,1.780821918,2.296634078,2.355426785,,5380.839925,5069.654092994026
1988-07-07,1892,27.75,1.780821918,9.781340782,1.752144061,,2813.526167,893.1137145790042
1988-07-08,1893,18.25,1.780821918,11.62367598,2.077076274,,2563.807111,726.1693830318287
1988-07-09,1894,4.5,1.780821918,6.615,2.563937335,,3433.245963,1427.4127641766308
1988-07-10,1895,15.0,1.780821918,9.729427374,1.124248121,,2802.324834,898.8306123246902
1988-07-11,1896,4.5,1.780821918,5.694360335,2.32642255,,3705.36866,1708.268525295316
1988-07-12,1897,16.25,1.780821918,5.835293296,1.559757676,7.0,3696.177081,1658.9416527339745
1988-07-13,1898,3.5,2.739726027,7.879826816,3.08895233,,3140.401867,1157.3465446320668
1988-07-14,1899,3.75,2.739726027,5.070519553,0.369497695,,3928.643575,1963.1167184579137
1988-07-15,1900,0.0,0.0,3.859567039,2.962182255,,4428.592194,2722.3723499266616
1988-07-16,1901,14.75,2.739726027,3.91203352,1.726677925,,4503.401481,2678.688528627059
1988-07-17,1902,2.75,2.739726027,5.565368715,1.310681705,,3708.949797,1755.8274964926245
1988-07-18,1903,0.75,2.739726027,3.77922067,3.238825924,,4469.325462,2791.856518131026
1988-07-19,1904,5.0,2.739726027,3.369569832,2.745518366,6.6,4705.458582,3203.2028955864525
1988-07-20,1905,0.25,2.602739726,3.021687151,3.135716496,,4912.34938,3649.8233735456415
1988-07-21,1906,16.0,2.602739726,3.331986034,1.340308122,,4728.554461,3246.532047748396
1988-07-22,1907,4.5,2.602739726,3.853659218,1.136220148,,4407.99896,2727.373126704114
1988-07-23,1908,4.0,2.602739726,3.474703911,1.436566902,,4652.647565,3087.4529861735955
1988-07-24,1909,4.75,2.602739726,3.440941341,2.174340033,,4666.927543,3123.778059598866
1988-07-25,1910,6.0,2.602739726,3.548337989,2.892272241,,4606.902777,3010.859845134073
1988-07-26,1911,10.0,2.602739726,3.627678771,2.984916337,5.5,4556.350283,2932.1455957698327
1988-07-27,1912,8.75,5.479452055,5.261631285,3.54633457,,3834.838299,1877.9805546211605
1988-07-28,1913,10.0,5.479452055,4.224972067,0.616863505,,4305.079819,2442.7578609065845
1988-07-29,1914,10.5,5.479452055,5.255899441,1.375712868,,3866.593071,1880.43512852194
1988-07-30,1915,16.0,5.479452055,7.971486034,1.352273067,,3182.293214,1141.4115311402038
1988-07-31,1916,0.25,5.479452055,6.143681564,2.340691993,,3580.081747,1559.6431872926307
1988-08-01,1917,0.5,5.479452055,4.643019553,1.384405838,,4091.37831,2181.638474241053
1988-08-02,1918,0.25,5.479452055,3.782061453,3.588218994,5.6,4473.718859,2789.3444434139747
1988-08-03,1919,0.5,5.753424658,3.243167598,2.396267052,,4771.392469,3353.3213764624834
1988-08-04,1920,4.5,5.753424658,2.935407821,0.663563891,,4973.636212,3778.686945133846
1988-08-05,1921,1.0,5.753424658,2.572064246,1.428798986,,5235.81079,4426.610384447653
1988-08-06,1922,0.0,0.0,2.163997207,5.701986623,,5590.994191,5443.9549437009
1988-08-07,1923,0.0,0.0,1.913379888,6.193959932,,5861.553647,6308.4031726278945
1988-08-08,1924,4.25,5.753424658,1.772849162,4.650847362,,6038.850728,6911.6763819231
1988-08-09,1925,0.0,0.0,1.708768156,3.281005424,5.4,6112.216142,7223.118037925846
1988-08-10,1926,8.0,3.287671233,1.671108939,1.308752309,,6172.40076,7418.41605179123
1988-08-11,1927,20.0,3.287671233,2.714656425,1.362346727,,5166.261823,4149.608790952673
1988-08-12,1928,14.35762431,3.287671233,8.270069832,1.619134532,,2990.580639,1092.186942334272
1988-08-13,1929,17.0,3.287671233,6.035882682,0.952716948,,3516.182397,1593.086720718958
1988-08-14,1930,10.75,3.287671233,10.58925419,1.16446459,,2674.5551,812.0413329777733
1988-08-15,1931,0.25,3.287671233,5.883536313,3.046442472,,3645.42632,1642.6522320996098
1988-08-16,1932,0.0,0.0,4.163782123,4.27955795,5.5,4282.597894,2485.8308003299426
1988-08-17,1933,0.0,0.0,3.344631285,4.715374758,,4708.766733,3231.8343238871157
1988-08-18,1934,38.25,2.328767123,13.16800559,0.944525455,,2190.855959,625.2658095610288
1988-08-19,1935,18.25,2.328767123,12.06520391,1.587377465,,2525.990726,694.41774811909
1988-08-20,1936,42.5,2.328767123,26.64072905,1.038765471,,1381.164106,268.4817981502062
1988-08-21,1937,2.75,2.328767123,14.86417877,1.904741308,,2162.769522,540.6921698837839
1988-08-22,1938,0.25,2.328767123,8.469326816,3.289107085,,3045.510511,1061.453616144116
1988-08-23,1939,1.5,2.328767123,6.084628492,1.5766152,5.7,3609.597806,1577.8025330787846
1988-08-24,1940,11.25,6.575342466,5.391653631,1.638778985,,3834.027329,1823.8383508092168
1988-08-25,1941,1.0,6.575342466,4.388656425,1.240643285,,4193.869141,2334.0039703728416
1988-08-26,1942,10.75,6.575342466,4.161670391,1.230215406,,4324.995948,2487.3421476395743
1988-08-27,1943,30.25,6.575342466,17.40811173,2.31848652,,1922.385363,447.34920392571246
1988-08-28,1944,12.25,6.575342466,8.880385475,2.087143256,,2998.273711,1002.8223663600498
1988-08-29,1945,28.25,6.575342466,16.54277933,1.717650613,5.5,2068.20501,475.5654029307203
1988-08-30,1946,10.0,9.315068493,11.39829888,1.072287733,,2617.214452,743.4219312320859
1988-08-31,1947,6.0,9.315068493,10.40648883,2.403327278,,2710.681427,829.1723310961647
1988-09-01,1948,23.0,9.315068493,11.26646648,1.676774452,,2686.544372,753.8658512279044
1988-09-02,1949,42.75,9.315068493,35.25252235,0.98625439,6.4,969.95737,191.82711893585267
1988-09-03,1950,6.75,9.315068493,13.24081006,1.861263348,,2346.41286,621.1446572891227
1988-09-04,1951,4.25,9.315068493,8.270849162,1.324905581,,3090.836943,1092.0635662013729
1988-09-05,1952,0.0,0.0,5.676108939,3.081109045,,3721.900346,1714.8536048456065
1988-09-06,1953,0.0,0.0,4.415656425,2.893184492,5.6,4180.461442,2316.914524984905
1988-09-07,1954,0.0,0.0,3.446698324,3.914602764,,4640.576395,3117.5288372905634
1988-09-08,1955,1.5,5.342465753,2.825572626,1.044997945,,5045.128431,3955.2830276020068
1988-09-09,1956,0.25,5.342465753,2.433846369,2.854173507,,5350.153911,4729.327933539817
1988-09-10,1957,2.75,5.342465753,2.153388268,1.508167892,,5611.079787,5476.085558995862
1988-09-11,1958,5.75,5.342465753,2.170106145,2.384066527,,5585.003062,5425.609676974054
1988-09-12,1959,13.5,5.342465753,1.9575,1.195833116,,5833.312312,6138.546278530095
1988-09-13,1960,23.25,5.342465753,5.595687151,1.362032175,6.2,3669.150287,1744.4324734718448
1988-09-14,1961,10.0,3.027401234,3.026539106,2.159229351,,4884.710605,3642.8161046470705
1988-09-15,1962,3.75,1.768359778,2.523444134,2.246823452,,5275.84113,4528.9452973243715
1988-09-16,1963,0.25,4.891085178,2.27322905,1.789478096,,5497.525466,5132.221843684778
1988-09-17,1964,0.25,7.169951671,2.108941341,0.872452495,,5656.915782,5614.564556801351
1988-09-18,1965,0.0,0.0,1.968812849,2.891586515,,5804.19462,6096.338401701773
1988-09-19,1966,0.0,0.0,1.836201117,1.810710137,,5957.705453,6627.162568785163
1988-09-20,1967,0.0,0.0,1.767594972,1.056343774,5.5,6043.356682,6936.280077014983
1988-09-21,1968,6.25,1.506849315,1.71676257,0.287398115,,6112.627635,7182.869014492462
1988-09-22,1969,5.0,1.506849315,1.644435754,0.840923402,,6192.949039,7562.694383826228
1988-09-23,1970,32.0,1.506849315,6.489251397,0.720110044,,3377.754215,1460.6301214509035
1988-09-24,1971,74.75,1.506849315,39.42573184,0.341440062,,834.5371199,167.71794792700896
1988-09-25,1972,50.75,1.506849315,26.94687989,0.199294786,,1511.006456,264.82525784750214
1988-09-26,1973,37.75,1.506849315,47.12671508,0.712517255,5.9,371.090228,135.37732285603195
1988-09-27,1974,22.5,1.506849315,17.75471229,0.213864741,5.9,1952.547412,436.89307674951874
1988-09-28,1975,20.75,5.890410959,17.93438547,0.511942346,,1943.442606,431.6473922437017
1988-09-29,1976,2.25,5.890410959,12.3539581,1.822581577,,2437.620958,674.9980511495853
1988-09-30,1977,0.0,0.0,7.312198324,1.221931029,,3282.321224,1265.8601570045169
1988-10-01,1978,0.0,0.0,5.029918994,1.597284781,,3935.980304,1982.120449362813
1988-10-02,1979,0.25,5.890410959,3.842069832,0.827494369,,4438.680499,2737.2322538262792
1988-10-03,1980,0.0,0.0,3.009569832,1.007806745,,4908.770813,3667.4318144871804
1988-10-04,1981,9.75,5.890410959,2.683960894,0.09374263,5.7,5162.041492,4206.510629930444
1988-10-05,1982,19.5,9.863013699,4.019882682,0.107116241,,4419.931817,2592.8182926062323
1988-10-06,1983,30.0,9.863013699,13.689,0.465939831,,2285.971434,596.833413347449
1988-10-07,1984,18.75,9.863013699,17.00341341,0.67434264,,1990.674371,460.1523859815326
1988-10-08,1985,13.75,9.863013699,11.9996648,0.344839811,,2491.185708,698.9686863334778
1988-10-09,1986,11.0,9.863013699,10.89,0.308574899,,2657.944058,785.2241225532853
1988-10-10,1987,4.5,9.863013699,9.206472067,1.361112197,,2925.51957,960.3879999328917
1988-10-11,1988,2.75,9.863013699,6.369134078,0.187630321,6.3,3530.094214,1493.7083975901696
1988-10-12,1989,1.5,1.369863014,5.272039106,0.395821219,,3863.872532,1873.5385548243444
1988-10-13,1990,0.75,1.369863014,4.161519553,0.810524472,,4292.447629,2487.450165500837
1988-10-14,1991,0.5,1.369863014,3.393804469,0.303733335,,4677.387385,3175.8221383812233
1988-10-15,1992,0.75,1.369863014,2.783689944,0.339925677,,5073.450636,4026.6635989230117
1988-10-16,1993,0.25,1.369863014,2.460796089,0.321807878,,5330.657544,4667.369625490071
1988-10-17,1994,0.0,0.0,2.209851955,0.056271844,,5554.468365,5308.968778799465
1988-10-18,1995,7.75,1.369863014,2.69474581,0.019496995,5.8,5156.798724,4186.355824022034
1988-10-19,1996,3.25,2.328767123,2.867329609,0.023630881,,5009.517861,3886.3935823257443
1988-10-20,1997,0.5,2.328767123,2.420723464,1.439509141,,5358.244618,4760.046864452367
1988-10-21,1998,1.5,2.328767123,2.169628492,0.300928762,,5596.844404,5427.039990273877
1988-10-22,1999,6.25,2.328767123,2.299550279,0.108952682,,5479.519353,5061.956288241938
1988-10-23,2000,2.0,2.328767123,2.318581006,0.0,,5457.845897,5012.2434146684
1988-10-24,2001,4.5,2.328767123,2.262796089,0.748802057,,5506.613374,5160.570226412995
1988-10-25,2002,9.25,2.328767123,7.251888268,0.426860351,7.4,3273.772683,1278.4900509982604
1988-10-26,2003,10.75,2.465753425,8.324648045,0.051809802,,3046.354203,1083.6079768265747
1988-10-27,2004,2.75,2.465753425,9.661047486,0.304026127,,2801.292647,906.4639770621534
1988-10-28,2005,1.75,2.465753425,6.667969274,0.70687211,,3447.815169,1413.8321904182167
1988-10-29,2006,2.5,2.465753425,4.840969274,0.640404139,,4011.934073,2075.181992944826
1988-10-30,2007,0.0,0.0,3.866555866,0.777651376,,4430.50805,2716.4782101340406
1988-10-31,2008,0.25,2.465753425,3.159,0.970461218,,4817.436104,3460.622187457816
1988-11-01,2009,0.5,2.465753425,2.648337989,0.726503247,7.4,5177.621226,4274.365187031337
1988-11-02,2010,0.0,0.0,2.317248603,0.034161296,,5452.123184,5015.69478489304
1988-11-03,2011,0.0,0.0,2.044659218,0.510091768,,5717.302511,5826.5707268243295
1988-11-04,2012,0.5,4.345332367,1.829815642,0.75103924,,5962.225356,6654.860231992257
1988-11-05,2013,0.0,0.0,1.69277933,0.386820174,,6134.403338,7304.869451437344
1988-11-06,2014,0.0,0.0,1.561122905,0.392363301,,6313.842932,8048.346958101662
1988-11-07,2015,0.0,0.0,1.40472905,0.645995449,,6554.97444,9132.359142829202
1988-11-08,2016,13.0,2.829009029,1.777675978,0.04456523,7.1,5936.116024,6889.214660945201
1988-11-09,2017,10.25,3.561643836,2.520804469,0.046587811,,5242.325201,4534.62540142273
1988-11-10,2018,14.75,3.561643836,4.985044693,0.219687978,,3625.374479,2003.5206043735452
1988-11-11,2019,1.0,3.561643836,3.437648045,0.439096085,,4606.2954,3127.3632821989704
1988-11-12,2020,1.25,3.561643836,2.521055866,0.226503796,,5274.718838,4534.083875527948
1988-11-13,2021,0.0,0.0,2.217670391,0.355521364,,5546.636598,5286.564261226139
1988-11-14,2022,0.25,3.561643836,2.029022346,0.799950817,,5738.688396,5880.376260226558
1988-11-15,2023,0.0,0.0,1.844723464,1.097573891,7.3,5943.580372,6590.523930753664
1988-11-16,2024,0.0,0.0,1.718069832,0.617044509,,6101.750447,7176.32653837603
1988-11-17,2025,19.25,4.520547945,2.500416201,0.338806893,,5295.036002,4578.9414717295895
1988-11-18,2026,2.75,4.520547945,3.466407821,0.040634886,,4568.463442,3096.3067084813392
1988-11-19,2027,0.25,4.520547945,2.262494413,0.0712011,,5498.762304,5161.394210875422
1988-11-20,2028,11.25,4.520547945,3.119555866,0.0,,4826.742312,3513.0998768477048
1988-11-21,2029,1.25,4.520547945,2.313301676,0.149608755,,5453.036741,5025.944277696035
1988-11-22,2030,0.75,4.520547945,2.067938547,0.156186536,7.1,5698.575587,5748.1218396738695
1988-11-23,2031,2.0,3.424657534,2.023567039,0.090859828,,5753.973611,5899.362612472647
1988-11-24,2032,0.0,0.0,1.914536313,0.270664351,,5860.974739,6303.841284859208
1988-11-25,2033,0.0,0.0,1.771240223,0.18318131,,6034.750391,6919.193503145056
1988-11-26,2034,0.0,0.0,1.645617318,0.152585236,,6199.077125,7556.19439827775
1988-11-27,2035,0.0,0.0,1.553832402,0.295366414,,6329.517515,8093.57183132389
1988-11-28,2036,26.5,3.424657534,6.600544693,0.040385014,6.8,3312.677355,1431.160518578984
1988-11-29,2037,33.0,3.424657534,9.172357542,0.135349858,7.2,2817.052661,964.6722372642465
1988-11-30,2038,12.75,6.164383562,17.77422067,0.277524021,,1847.040484,436.3178719704992
1988-12-01,2039,1.25,6.164383562,7.881787709,0.002223556,,3149.178651,1157.0013770396904
1988-12-02,2040,0.0,0.0,5.035877095,0.0,,3928.795149,1979.3105842678688
1988-12-03,2041,10.5,6.164383562,5.41573743,0.314985891,,3768.436006,1814.1228943561237
1988-12-04,2042,18.75,6.164383562,9.465863128,0.461610607,,2832.238335,928.9205819662975
1988-12-05,2043,2.75,6.164383562,5.952469274,0.362006928,,3639.562231,1619.8797112661532
1988-12-06,2044,6.5,6.164383562,4.926444134,0.32725244,8.0,3989.361537,2032.112302581618
1988-12-07,2045,0.25,3.666699142,3.885335196,0.231913368,,4421.891311,2700.7557092795923
1988-12-08,2046,16.25,29.39393474,4.334656425,0.35386526,,4308.97238,2368.8852634739756
1988-12-09,2047,13.5,5.281605274,11.42544972,0.15588036,,2539.147473,741.3038887728871
1988-12-10,2048,0.25,5.73158924,6.026203911,0.268394598,,3612.327434,1596.1538288355382
1988-12-11,2049,3.25,46.58541763,4.680301676,0.288405338,,4081.236493,2160.8314664665736
1988-12-12,2050,0.0,0.0,3.845614525,0.199256026,,4442.976542,2734.2098421664546
1988-12-13,2051,0.75,1.026666449,3.279192737,0.173311334,7.1,4749.640791,3309.2410325390983
1988-12-14,2052,0.0,0.0,2.77501676,0.140462605,,5081.369655,4041.7412888424537
1988-12-15,2053,0.0,0.0,2.500592179,0.007544245,,5298.397067,4578.555568082485
1988-12-16,2054,11.25,11.78082192,3.054117318,0.0,,4875.469737,3603.4514779907818
1988-12-17,2055,1.5,11.78082192,2.477438547,0.118723137,,5313.387905,4629.846901488943
1988-12-18,2056,9.25,11.78082192,3.221170391,0.160548075,,4796.226733,3380.7701550648653
1988-12-19,2057,19.5,11.78082192,8.80353352,0.344872316,,2757.014885,1013.3272417077555
1988-12-20,2058,6.5,11.78082192,4.883555866,0.166810462,7.3,4006.511421,2053.5160981632534
1988-12-21,2059,5.0,9.315068493,4.943011173,0.327443641,,3993.666737,2023.9535732904683
1988-12-22,2060,9.75,9.315068493,6.495083799,0.382606499,,3482.670898,1459.0581778627102
1988-12-23,2061,33.0,9.315068493,15.88701117,0.471884394,,1987.260724,499.2089713975072
1988-12-24,2062,12.75,9.315068493,14.06591899,0.168898973,,2261.129366,577.7027090365718
1988-12-25,2063,3.25,9.315068493,8.408187151,0.244022984,,3067.013678,1070.7135906499852
1988-12-26,2064,20.0,9.315068493,8.12026257,0.206738641,,3143.349425,1116.3869287040834
1988-12-27,2065,1.5,9.315068493,9.284958101,0.252581751,,2828.057706,950.6626942489877
1988-12-28,2066,1.25,9.315068493,6.18677095,0.122578831,,3574.320851,1546.6330096908623
1988-12-29,2067,0.0,0.0,4.679094972,0.41476194,,4075.656592,2161.499220046761
1988-12-30,2068,0.0,0.0,3.832592179,0.579158494,,4450.485807,2745.343623189284
1988-12-31,2069,0.0,0.0,3.145097765,0.192765462,,4825.621639,3478.9531704711862
1989-01-01,2070,0.0,0.0,2.620759777,0.133911827,,5196.455009,4328.289203892811
1989-01-02,2071,0.25,9.315068493,2.297840782,0.109205999,,5470.513252,5066.466191439923
1989-01-03,2072,1.5,9.315068493,2.040888268,0.283967473,7.2,5726.751323,5839.463497284265
1989-01-04,2073,5.5,5.205479452,2.056399441,0.42274833,,5709.943178,5786.763602910949
1989-01-05,2074,38.25,5.205479452,11.56258659,0.141864843,,1951.765782,730.7727460388389
1989-01-06,2075,0.25,5.205479452,6.182497207,0.185794105,,3516.730956,1547.9145002402397
1989-01-07,2076,0.75,5.205479452,4.186810056,0.221943423,,4279.012187,2469.45859568757
1989-01-08,2077,2.25,5.205479452,3.530840782,0.211682319,,4606.220627,3028.7424358309972
1989-01-09,2078,10.0,5.205479452,3.944614525,0.14047584,,4404.075039,2652.203334163321
1989-01-10,2079,2.0,5.205479452,3.452706704,0.113657424,7.4,4641.957503,3111.031132597975
1989-01-11,2080,10.5,4.931506849,3.019776536,0.439845621,,5008.74242,3652.5895017231805
1989-01-12,2081,17.25,4.931506849,11.64652793,0.241023333,,2474.6436,724.4610225324885
1989-01-13,2082,25.0,4.931506849,8.421586592,0.304657764,,3260.235478,1068.671518813066
1989-01-14,2083,13.25,4.931506849,22.09610615,0.596079527,,1385.756237,336.040966776133
1989-01-15,2084,7.5,4.931506849,8.512064246,0.316286484,,3046.652577,1055.067533673683
1989-01-16,2085,15.5,4.931506849,6.250751397,0.380649315,,3640.838284,1527.6783681657037
1989-01-17,2086,2.75,4.931506849,8.544645251,0.352148998,7.5,2976.016182,1050.2462274518616
1989-01-18,2087,0.25,4.657534247,5.310175978,0.355036037,,3849.764159,1857.4253531292547
1989-01-19,2088,0.0,0.0,4.311553073,0.055983113,,4230.042253,2384.1022953103084
1989-01-20,2089,4.75,4.657534247,3.771125698,0.260830762,,4495.598812,2799.037625041028
1989-01-21,2090,13.25,4.657534247,5.420790503,0.108562109,,3799.502701,1812.0965098434708
1989-01-22,2091,0.0,0.0,3.981444134,0.425768513,,4371.813732,2622.837327074804
1989-01-23,2092,16.75,4.657534247,5.497139665,0.174743262,,3810.722049,1781.9766417056167
1989-01-24,2093,0.0,0.0,4.780407821,0.304808704,7.4,4024.608587,2106.7238218949356
1989-01-25,2094,0.0,0.0,3.927318436,0.263168716,,4407.346808,2666.203259330971
1989-01-26,2095,8.25,4.520547945,4.641385475,0.411753411,,4087.676507,2182.5588502440996
1989-01-27,2096,0.5,4.520547945,3.674287709,0.508294803,,4528.563516,2887.6432684710203
1989-01-28,2097,10.75,4.520547945,5.419307263,0.439460222,,3789.520887,1812.6908885909943
1989-01-29,2098,0.25,4.520547945,3.791765363,0.57076378,,4471.642655,2780.794558917757
1989-01-30,2099,0.0,0.0,3.215589385,0.707774417,,4785.796653,3387.7999338776335
1989-01-31,2100,0.0,0.0,2.745829609,0.2789607,7.3,5105.316663,4093.250060205483
1989-02-01,2101,0.0,0.0,2.43824581,0.593201045,,5346.957935,4719.110704575638
1989-02-02,2102,0.0,0.0,2.149089385,0.580142712,,5611.955579,5489.204529770806
1989-02-03,2103,0.75,5.616438356,1.9575,0.340599068,,5815.770354,6138.546278530095
1989-02-04,2104,67.75,5.616438356,21.18562291,0.210527666,,1276.592791,353.44317678249314
1989-02-05,2105,1.0,5.616438356,11.95235196,0.404030426,,2379.218896,702.2881306152476
1989-02-06,2106,0.0,0.0,5.912572626,0.621681217,,3633.786723,1632.98874204416
1989-02-07,2107,0.0,0.0,4.163907821,0.440434142,8.1,4286.864084,2485.7408925244486
1989-02-08,2108,0.0,0.0,3.304407821,0.531607224,,4726.914615,3279.0154354202414
1989-02-09,2109,8.25,5.479452055,2.916678771,0.944895248,,5013.308245,3807.767703779873
1989-02-10,2110,0.5,5.479452055,2.772326816,0.891163989,,5040.058275,4046.438614196068
1989-02-11,2111,23.25,5.479452055,5.481201117,0.319219529,,3484.819107,1788.188301060518
1989-02-12,2112,4.0,5.479452055,5.315530726,0.387239636,,3759.746968,1855.1832525358254
1989-02-13,2113,24.25,5.479452055,12.78771788,0.726084821,7.0,2144.886457,647.6324830310184
1989-02-14,2114,1.25,5.479452055,6.464941341,0.844250922,8.1,3480.760639,1467.215722714239
1989-02-15,2115,30.25,8.767123288,14.7317933,0.532981031,,1988.503399,546.525495048762
1989-02-16,2116,0.0,0.0,7.236980447,1.0482471,,3286.484944,1281.6476600850208
1989-02-17,2117,21.5,8.767123288,5.982360335,0.219160893,,3834.218617,1610.1840873981637
1989-02-18,2118,79.75,8.767123288,57.73751397,0.280389962,,490.1054386,106.08239029549988
1989-02-19,2119,2.0,8.767123288,18.20179609,0.86895835,,1689.129587,424.05070331365016
1989-02-20,2120,2.25,8.767123288,8.124335196,1.003249354,,3106.718847,1115.7160566411287
1989-02-21,2121,0.75,8.767123288,5.292477654,1.290695403,8.3,3841.684933,1864.871339921057
1989-02-22,2122,5.75,10.1369863,4.541027933,0.780029657,,4130.661552,2240.4809596493246
1989-02-23,2123,8.25,10.1369863,3.827614525,0.11802876,,4493.979906,2749.621383676914
1989-02-24,2124,1.75,10.1369863,4.568681564,0.0,,4119.400363,2224.2413228027553
1989-02-25,2125,1.0,10.1369863,3.740756983,0.0,,4483.088512,2826.2824206269615
1989-02-26,2126,1.0,10.1369863,3.279444134,0.127750608,,4759.20714,3308.9371597205663
1989-02-27,2127,14.75,10.1369863,5.024840782,0.421337103,,3960.726802,1984.5211350602485
1989-02-28,2128,15.0,10.1369863,5.471899441,0.470310936,9.3,3877.546856,1791.8317785497152
1989-03-01,2129,12.25,16.43835616,15.14332961,0.220143753,,2198.23893,528.7588031778007
1989-03-02,2130,26.5,16.43835616,14.77101117,0.47212971,,2223.422745,544.7854474822266
1989-03-03,2131,0.5,16.43835616,14.01885754,0.574507793,,2291.183968,580.0295953811428
1989-03-04,2132,15.75,16.43835616,15.74341341,1.038418316,,2135.023242,504.6759118519783
1989-03-05,2133,57.25,16.43835616,11.86717877,0.942273022,,2543.716994,708.3372114086565
1989-03-06,2134,14.75,16.43835616,10.21761453,0.477834327,,2775.052721,847.5849445277646
1989-03-07,2135,0.0,0.0,6.989379888,1.693230979,8.2,3355.661512,1336.2613402450074
1989-03-08,2136,21.25,12.60273973,7.98450838,0.360312373,,3163.422836,1139.1801909038995
1989-03-09,2137,36.75,12.60273973,30.52138827,0.425675995,,1139.427681,228.05211285702674
1989-03-10,2138,9.75,12.60273973,18.49846927,0.989879616,,1824.739906,415.90482146845557
1989-03-11,2139,0.25,12.60273973,8.544217877,1.086656463,,3030.494913,1050.3092083285253
1989-03-12,2140,21.25,12.60273973,7.035385475,0.396393831,,3515.432838,1325.7940535096766
1989-03-13,2141,5.75,12.60273973,12.40506704,0.942568388,,2299.3079,671.6642046472626
1989-03-14,2142,54.0,12.60273973,29.55602514,0.264103541,10.3,1105.357706,237.02129711054874
1989-03-15,2143,2.25,3.150684932,16.63147207,1.657434022,,1846.413975,472.5247018607796
1989-03-16,2144,0.0,0.0,8.170365922,0.725296822,,3101.654364,1108.184627039368
1989-03-17,2145,0.0,0.0,5.667486034,1.852578258,,3727.798097,1717.980950618112
1989-03-18,2146,31.5,3.150684932,11.12322067,0.301709949,,2389.766378,765.5228004303813
1989-03-19,2147,28.75,3.150684932,19.88881844,0.443192514,,1787.80949,381.27093746361516
1989-03-20,2148,5.75,3.150684932,12.49760615,0.19670313,,2417.403111,665.7040766119824
1989-03-21,2149,27.25,3.150684932,17.74862849,0.357878227,8.4,1846.115634,437.0727420315084
1989-03-22,2150,6.75,11.64383562,14.25434078,0.688149072,,2211.484765,568.5554782293184
1989-03-23,2151,38.5,11.64383562,15.15579888,0.88122135,,2217.123182,528.2370242542409
1989-03-24,2152,25.25,11.64383562,36.77671508,0.892706477,,813.3130936,182.32352514691146
1989-03-25,2153,0.0,0.0,9.856734637,0.956012945,,2792.972106,884.9288412885953
1989-03-26,2154,0.0,0.0,6.496416201,2.072327397,,3489.939372,1458.6995052950501
1989-03-27,2155,0.0,0.0,4.811756983,1.53259442,8.1,4020.070984,2090.2875365644363
1989-03-28,2156,0.5,12.46575342,3.67722905,1.294841145,,4519.796958,2884.876421324237
1989-03-29,2157,0.0,0.0,2.953206704,1.044079584,,4950.445973,3751.425714947896
1989-03-30,2158,1.75,12.46575342,2.515600559,0.684359277,,5283.027505,4545.861673668036
1989-03-31,2159,0.25,12.46575342,2.19001676,2.837292024,,5567.879703,5366.597344387567
1989-04-01,2160,6.25,12.46575342,1.960441341,0.374067225,,5829.486277,6127.52076125559
1989-04-02,2161,5.25,12.46575342,2.122617318,1.74284228,,5630.43153,5571.2770841178535
1989-04-03,2162,0.0,0.0,1.761511173,1.384323497,,6042.245458,6964.969995447978
1989-04-04,2163,1.0,12.46575342,1.619899441,1.106739888,7.7,6234.156878,7700.028406571402
1989-04-05,2164,7.5,3.150684932,1.619170391,0.003835023,,6252.119411,7704.178983350201
1989-04-06,2165,12.25,3.150684932,2.582170391,0.10399032,,5272.689077,4405.86999848912
1989-04-07,2166,21.0,3.150684932,6.393142458,0.569632371,,3550.700592,1486.9876403756593
1989-04-08,2167,0.25,3.150684932,5.919511173,1.791735218,,3635.591962,1630.6949611961627
1989-04-09,2168,1.0,3.150684932,4.86296648,2.67943454,,4007.411003,2063.9388741062608
1989-04-10,2169,8.0,3.150684932,4.834231844,0.9275633,,4029.069069,2078.6480939619514
1989-04-11,2170,21.75,3.150684932,9.671656425,0.49855558,7.8,2697.036333,905.2719068306758
1989-04-12,2171,9.75,21.23287671,8.463997207,1.842566483,,3065.281612,1062.2549696051215
1989-04-13,2172,4.5,21.23287671,7.810114525,0.74804606,,3187.913045,1169.7415295191863
1989-04-14,2173,0.0,0.0,5.38272905,2.556527051,,3817.009967,1827.4628097847544
1989-04-15,2174,0.0,0.0,3.978553073,2.937492553,,4367.080612,2625.120911077239
1989-04-16,2175,0.0,0.0,3.115734637,1.255985927,,4841.19213,3518.26134158851
1989-04-17,2176,0.0,0.0,2.571486034,1.353794897,,5236.115932,4427.802438980123
1989-04-18,2177,0.0,0.0,2.266617318,2.151835887,7.8,5499.879111,5150.153939121772
1989-04-19,2178,0.0,0.0,2.039832402,2.860449153,,5725.6088,5843.082855200704
1989-04-20,2179,0.0,0.0,1.869611732,1.685088808,,5914.081181,6485.623804271234
1989-04-21,2180,0.0,0.0,1.712111732,1.451049837,,6108.546301,7206.234108858878
1989-04-22,2181,0.0,0.0,1.553681564,2.722443788,,6323.368908,8094.512440198453
1989-04-23,2182,1.5,1.669429778,1.464460894,0.799273261,,6463.772989,8688.312789993122
1989-04-24,2183,0.0,0.0,1.363273743,1.730902521,,6628.587057,9465.73865135809
1989-04-25,2184,0.75,1.240584111,1.283329609,2.449516058,6.8,6769.683981,10175.754947602609
1989-04-26,2185,9.75,1.643835616,1.39424581,1.834153193,,6572.908493,9214.608999200607
1989-04-27,2186,1.5,1.643835616,1.30653352,0.723747429,,6715.313387,9959.83703561715
1989-04-28,2187,7.5,1.643835616,1.228776536,3.231364506,,6911.740011,10718.776811727485
1989-04-29,2188,9.25,1.643835616,2.082569832,2.972632033,,5616.240643,5699.800855366676
1989-04-30,2189,3.75,1.643835616,1.372902235,0.965710089,,6613.925874,9386.335277940547
1989-05-01,2190,0.25,1.643835616,1.309148045,2.778469932,,6718.885943,9936.03469666279
1989-05-02,2191,0.0,0.0,1.211078212,1.894901915,6.9,6905.348881,10906.513211698199
1989-05-03,2192,0.0,0.0,1.146695531,2.985074289,,7039.814231,11643.351888937414
1989-05-04,2193,0.0,0.0,1.0935,4.66006433,,7153.522388,12324.386683423872
1989-05-05,2194,0.0,0.0,1.033818436,4.582394336,,7288.076799,13180.538171524628
1989-05-06,2195,0.0,0.0,0.97499162,4.730361967,,7436.135513,14137.690666557566
1989-05-07,2196,0.0,0.0,0.936125698,5.230275468,,7537.107854,14842.852328830053
1989-05-08,2197,0.0,0.0,0.90002514,5.157114848,,7636.882938,15557.970049526482
1989-05-09,2198,0.25,1.267622615,0.88353352,2.77795037,6.5,7687.027074,15906.05430640567
1989-05-10,2199,0.0,0.0,0.859097765,2.808747253,,7755.542914,16448.852745321303
1989-05-11,2200,11.5,9.315068493,0.935849162,2.100388831,,7579.324331,14848.100333408063
1989-05-12,2201,23.25,9.315068493,2.104692737,0.783010715,,5627.413525,5628.138145033613
1989-05-13,2202,2.0,9.315068493,1.569871508,2.802987663,,6218.103816,7994.6856488737585
1989-05-14,2203,2.0,9.315068493,1.247354749,2.384381642,,6828.816485,10527.99057990655
1989-05-15,2204,0.5,9.315068493,1.114818436,1.537045049,,7103.037436,12042.887228610443
1989-05-16,2205,6.25,9.315068493,1.252307263,4.55057569,7.9,6829.825293,10478.1799333524
1989-05-17,2206,1.5,5.151408675,1.094756983,2.500566211,,7151.352736,12307.45472468706
1989-05-18,2207,1.5,1.371010385,1.091639665,3.943210575,,7159.843162,12349.524561459448
1989-05-19,2208,0.0,0.0,1.034572626,4.169517832,,7288.794225,13169.04131528255
1989-05-20,2209,0.0,0.0,0.998648045,4.959768653,,7377.747349,13737.89755571197
1989-05-21,2210,0.0,0.0,0.965815642,4.88682728,,7460.455626,14298.560041345832
1989-05-22,2211,0.5,3.6044186,0.936527933,5.466778299,,7535.855501,14835.224925548124
1989-05-23,2212,0.25,4.115673979,0.902815642,4.402069752,6.6,7631.976192,15500.451498842613
1989-05-24,2213,0.0,0.0,0.885192737,4.400545279,,7681.013606,15870.389153470129
1989-05-25,2214,0.0,0.0,0.888712291,1.115526288,,7676.713969,15795.219543918098
1989-05-26,2215,0.0,0.0,0.840444134,5.287336032,,7801.40402,16886.58735826654
1989-05-27,2216,0.0,0.0,0.804167598,5.767522916,,7926.061503,17801.93415920743
1989-05-28,2217,0.0,0.0,0.777067039,5.244621697,,8013.967382,18547.198242223
1989-05-29,2218,0.0,0.0,0.765276536,3.522107653,,8055.098101,18889.56272899988
1989-05-30,2219,0.0,0.0,0.736793296,4.919866342,,8152.917584,19766.414104996526
1989-05-31,2220,0.75,3.739480081,0.725329609,2.527724012,12.0,8199.074158,20140.704806124293
1989-06-01,2221,2.5,3.287671233,0.745064246,2.615663565,,8127.062895,19504.20843717999
1989-06-02,2222,0.0,0.0,0.708662011,3.037768264,,8256.430643,20708.664876655337
1989-06-03,2223,1.25,3.287671233,0.701446927,3.110057592,,8283.454079,20963.725518500683
1989-06-04,2224,0.0,0.0,0.6705,2.9175922,,8404.807743,22126.304393543804
1989-06-05,2225,4.0,3.287671233,0.669871508,2.387168774,,8418.868866,22151.13831208416
1989-06-06,2226,2.0,3.287671233,0.700617318,2.377891592,6.6,8281.437951,20993.42283438526
1989-06-07,2227,0.0,0.0,0.653958101,3.580114975,,8469.242034,22797.418919766213
1989-06-08,2228,22.0,1.643835616,1.309701117,1.15366881,,6623.518278,9931.012961696324
1989-06-09,2229,0.0,0.0,0.869756983,2.140631816,,7680.065877,16207.958934938553
1989-06-10,2230,0.0,0.0,0.716807263,3.789185943,,8218.123106,20427.48744446076
1989-06-11,2231,0.75,1.643835616,0.668715084,3.979422019,,8411.862302,22196.966564357204
1989-06-12,2232,0.75,1.643835616,0.662706704,2.899032579,,8434.641453,22437.901775312253
1989-06-13,2233,0.75,1.643835616,0.630251397,4.995352154,6.4,8570.266785,23826.85054100838
1989-06-14,2234,0.0,0.0,0.600108939,6.369160996,,8700.582234,25265.2352941309
1989-06-15,2235,0.0,0.0,0.579368715,5.621394984,,8800.056516,26350.727556644808
1989-06-16,2236,0.0,0.0,0.569865922,5.911859992,,8850.802412,26877.114760489472
1989-06-17,2237,0.0,0.0,0.56775419,4.335669292,,8858.568667,26996.718128758075
1989-06-18,2238,0.0,0.0,0.562851955,6.670648634,,8885.183041,27278.168831081388
1989-06-19,2239,0.0,0.0,0.560212291,7.154845117,,8899.740992,27431.95972713867
1989-06-20,2240,0.0,0.0,0.560715084,6.883482629,6.3,8897.004061,27402.543694704284
1989-06-21,2241,0.0,0.0,0.572304469,4.731246308,,8839.107657,26740.20613010884
1989-06-22,2242,0.0,0.0,0.570243017,5.640624766,,8849.149183,26855.859307790714
1989-06-23,2243,0.0,0.0,0.574315642,5.282621938,,8829.139913,26628.251613253728
1989-06-24,2244,0.0,0.0,0.573913408,4.607285347,,8831.800022,26650.573593084628
1989-06-25,2245,0.0,0.0,0.568935754,4.390033216,,8854.734763,26929.677134297526
1989-06-26,2246,22.5,2.876712329,0.700039106,1.217896799,,8319.082484,21014.166645931462
1989-06-27,2247,6.5,2.876712329,0.978511173,1.943547898,8.1,7296.079287,14076.865749742567
1989-06-28,2248,49.75,1.506849315,5.405958101,0.556345619,,3065.727753,1818.0564275486254
1989-06-29,2249,6.0,1.506849315,5.36623743,5.438283698,,3510.898874,1834.1952649137181
1989-06-30,2250,24.5,1.506849315,3.04272905,1.470750349,,5092.455267,3619.611877541426
1989-07-01,2251,4.25,1.506849315,5.893365922,1.783464503,,3420.828981,1639.369153352125
1989-07-02,2252,0.0,0.0,2.575659218,4.258347391,,5188.605849,4419.212099484572
1989-07-03,2253,0.0,0.0,1.890326816,6.447526237,,5873.085672,6400.623458259084
1989-07-04,2254,0.0,0.0,1.577488827,6.715865567,7.3,6282.143939,7948.495305886857
1989-07-05,2255,0.0,0.0,1.383335196,6.671644833,,6590.171568,9301.666727327585
1989-07-06,2256,13.0,2.328767123,1.401913408,4.792394191,,6571.796036,9154.317574887054
1989-07-07,2257,16.0,2.328767123,3.035061453,0.392094496,,4804.329405,3630.567560380998
1989-07-08,2258,1.25,2.328767123,1.892162011,0.704580977,,5864.286173,6393.191604780784
1989-07-09,2259,0.0,0.0,1.574120112,2.50669018,,6289.84856,7968.862175092583
1989-07-10,2260,0.25,2.328767123,1.392385475,3.796294073,,6576.12511,9229.347020096824
1989-07-11,2261,0.0,0.0,1.282173184,5.526705426,7.4,6768.734019,10186.740381485713
1989-07-12,2262,0.25,1.855543237,1.212435754,3.880743231,,6902.801135,10891.899798462386
1989-07-13,2263,0.25,1.180131538,1.111952514,5.118287242,,7109.385562,12080.04116256268
1989-07-14,2264,0.0,0.0,1.034949721,5.287837935,,7285.879825,13163.29978525859
1989-07-15,2265,0.0,0.0,0.95553352,6.215249021,,7479.094417,14482.855814304154
1989-07-16,2266,0.0,0.0,0.877776536,6.929906948,,7694.782274,16030.949972681829
1989-07-17,2267,0.0,0.0,0.831695531,6.009350527,,7834.024011,17099.32176536921
1989-07-18,2268,0.0,0.0,0.798636872,5.592755159,7.1,7944.722448,17949.52264772267
1989-07-19,2269,0.0,0.0,0.761178771,6.162506146,,8064.769693,19011.27944452834
1989-07-20,2270,0.0,0.0,0.736189944,4.923447155,,8155.1627,19785.794768444597
1989-07-21,2271,0.5,1.309942908,0.72077933,4.681056269,,8212.956996,20292.898486237584
1989-07-22,2272,0.0,0.0,0.702075419,5.684301266,,8279.19713,20941.278822674718
1989-07-23,2273,0.0,0.0,0.670148045,5.943083493,,8403.951214,22140.20506836648
1989-07-24,2274,0.0,0.0,0.651469274,5.89212644,,8482.447954,22901.633102377968
1989-07-25,2275,3.0,0.850300629,0.64573743,4.548004106,6.9,8509.804001,23144.99759804576
1989-07-26,2276,0.0,0.0,0.638748603,3.589300174,,8534.1545,23448.224240490083
1989-07-27,2277,0.25,7.260273973,0.622784916,2.824649424,,8603.53535,24168.92051589837
1989-07-28,2278,0.0,0.0,0.597519553,2.610062173,,8710.851835,25396.24289694876
1989-07-29,2279,11.0,7.260273973,0.656296089,1.657482544,,8480.222824,22700.3107976359
1989-07-30,2280,10.0,7.260273973,0.823600559,2.21185307,,7841.195954,17300.585668326938
1989-07-31,2281,5.0,7.260273973,0.689203911,0.966546124,,8329.1037,21409.961150167353
1989-08-01,2282,0.0,0.0,0.635932961,4.235610879,,8534.026541,23572.456077772094
1989-08-02,2283,0.5,7.260273973,0.581782123,1.911514286,,8781.50115,26220.04476866153
1989-08-03,2284,0.5,7.260273973,0.551312849,1.947414682,,8941.494906,27962.379898854706
1989-08-04,2285,0.25,7.260273973,0.545731844,5.615669158,,8967.390461,28304.714668285487
1989-08-05,2286,0.0,0.0,0.534896648,4.490848375,,9027.506565,28991.761203148388
1989-08-06,2287,0.0,0.0,0.535776536,4.742566016,,9022.885874,28934.830184092876
1989-08-07,2288,1.75,7.260273973,0.535701117,4.633812002,,9023.273818,28939.701945318193
1989-08-08,2289,0.5,7.260273973,0.544550279,5.024613952,6.9,8977.115065,28378.1792996703
1989-08-09,2290,23.0,3.835616438,1.045759777,1.456523959,,6817.243072,13000.640980689237
1989-08-10,2291,2.5,3.835616438,0.67422067,4.853242321,,8287.24605,21980.328235780733
1989-08-11,2292,17.25,3.835616438,1.598455307,2.235518055,,6002.529844,7823.851507848282
1989-08-12,2293,1.5,3.835616438,0.717310056,3.074428048,,8187.243692,20410.360420254503
1989-08-13,2294,20.75,3.835616438,1.464284916,1.590207689,,6152.810338,8689.56266398185
1989-08-14,2295,14.75,3.835616438,2.132195531,2.520832688,,5259.808113,5541.322882370507
1989-08-15,2296,5.75,3.835616438,2.257793296,3.231335702,7.4,5413.865541,5174.265885972103
1989-08-16,2297,6.5,9.589041096,1.555969274,2.987172896,,6305.344886,8080.268048372165
1989-08-17,2298,5.0,9.589041096,1.331798883,3.316300183,,6663.609256,9734.114307713935
1989-08-18,2299,0.0,0.0,1.039399441,3.415092896,,7260.948041,13095.895056559066
1989-08-19,2300,0.0,0.0,0.907617318,5.730479238,,7606.221708,15402.386572157733
1989-08-20,2301,13.75,9.589041096,1.347134078,1.541839473,,6464.338567,9601.636070887776
1989-08-21,2302,0.25,9.589041096,1.265581006,3.698111745,,6727.581994,10346.78655925224
1989-08-22,2303,3.5,9.589041096,1.071402235,3.641539061,7.1,7198.850481,12629.184116671784
1989-08-23,2304,0.0,0.0,0.958575419,3.050668035,,7474.992831,14427.880942439697
1989-08-24,2305,5.5,3.287671233,0.923530726,2.186613459,,7589.141853,15085.37843611109
1989-08-25,2306,9.25,3.287671233,1.289363128,1.401847986,,6768.973425,10118.790474183465
1989-08-26,2307,9.0,3.287671233,1.919564246,1.188940646,,5839.846371,6284.077159663741
1989-08-27,2308,0.5,3.287671233,1.700019553,3.184908605,,6094.421395,7267.640734482931
1989-08-28,2309,0.0,0.0,1.384994413,4.356837425,,6582.298537,9288.330420048771
1989-08-29,2310,30.25,3.287671233,5.713692737,1.048791348,6.7,3369.657577,1701.3438169431538
1989-08-30,2311,13.0,1.917808219,8.063497207,1.606214887,,3146.214325,1125.8152950589913
1989-08-31,2312,0.0,0.0,4.937153631,2.635526783,,3922.045171,2026.8313480490006
1989-09-01,2313,2.0,1.917808219,3.117268156,2.543241689,,4829.658068,3516.188295182634
1989-09-02,2314,0.0,0.0,2.398977654,1.49505622,,5371.721893,4811.7640912836805
1989-09-03,2315,0.0,0.0,2.045815642,2.399398243,,5713.052373,5822.627403282595
1989-09-04,2316,0.25,1.917808219,1.814078212,1.296308209,,5980.223294,6724.037792362709
1989-09-05,2317,0.0,0.0,1.634656425,3.631078742,6.9,6207.683617,7616.888431390817
1989-09-06,2318,0.0,0.0,1.461293296,3.9189916,,6463.537245,8710.861060308194
1989-09-07,2319,0.0,0.0,1.345826816,2.541444564,,6657.038925,9612.800084707973
1989-09-08,2320,0.0,0.0,1.263921788,0.387161294,,6805.460702,10363.045062804136
1989-09-09,2321,0.0,0.0,1.166128492,0.899594821,,6992.376464,11411.529334094786
1989-09-10,2322,4.25,3.126113542,1.127941341,0.499372146,,7081.36648,11875.406775135276
1989-09-11,2323,0.25,2.512409296,1.057324022,0.405585285,,7234.489335,12830.672230123557
1989-09-12,2324,0.25,3.116626333,1.010011173,0.515028933,6.6,7349.303136,13553.159711441887
1989-09-13,2325,8.75,2.739726027,1.114039106,1.017242718,,7104.051561,12052.969720435
1989-09-14,2326,17.0,2.739726027,2.004536313,0.440308455,,5460.755206,5966.485271584005
1989-09-15,2327,24.25,2.739726027,4.080117318,0.530105425,,4137.434717,2547.025537205282
1989-09-16,2328,19.0,2.739726027,6.965472067,0.913804828,,3385.210849,1341.7609206666946
1989-09-17,2329,5.25,2.739726027,6.591418994,2.668064573,,3451.736033,1433.5357950863813
1989-09-18,2330,8.25,2.739726027,4.206142458,1.055926454,,4277.215405,2455.865810120742
1989-09-19,2331,4.75,2.739726027,3.975486034,1.933398635,7.0,4375.749964,2627.5474851338095
1989-09-20,2332,0.0,0.0,2.954187151,1.668956865,,4944.502283,3749.93452013133
1989-09-21,2333,6.5,5.616438356,2.489530726,1.892687566,,5331.304772,4602.928848204249
1989-09-22,2334,14.75,5.616438356,3.226625698,1.196022223,,4765.507125,3373.9245185539867
1989-09-23,2335,3.25,5.616438356,3.942427374,0.97223079,,4318.138761,2653.9662210351107
1989-09-24,2336,0.25,5.616438356,2.79075419,2.383567099,,5060.896477,4014.4589748686526
1989-09-25,2337,0.25,5.616438356,2.384773743,1.202013141,,5393.502459,4846.104390381823
1989-09-26,2338,1.5,5.616438356,2.177849162,0.77952321,7.0,5589.270098,5402.5196112019175
1989-09-27,2339,0.0,0.0,1.960391061,1.097893621,,5806.560528,6127.708928905727
1989-09-28,2340,0.0,0.0,1.774357542,0.968832314,,6031.805839,6904.642677524231
1989-09-29,2341,0.0,0.0,1.650946927,2.843453542,,6189.131927,7527.00225484027
1989-09-30,2342,0.0,0.0,1.519265363,2.756773049,,6376.190904,8314.49788814665
1989-10-01,2343,0.0,0.0,1.420692737,1.683810855,,6533.901574,9009.668177990936
1989-10-02,2344,0.0,0.0,1.367547486,1.410702665,,6626.605083,9430.342803762825
1989-10-03,2345,0.0,0.0,1.33350838,0.66510714,7.1,6679.452537,9719.180507885501
1989-10-04,2346,0.0,0.0,1.241924581,1.19088579,,6844.186359,10583.10682708944
1989-10-05,2347,7.25,3.835616438,1.305452514,0.230945511,,6732.886142,9969.708984469586
1989-10-06,2348,48.25,3.835616438,9.440522346,0.439400065,,2582.566037,931.911037961878
1989-10-07,2349,9.5,3.835616438,6.592424581,0.273267717,,3467.776742,1433.2737022655654
1989-10-08,2350,1.5,3.835616438,4.508497207,1.399192546,,4115.895653,2259.865043643775
1989-10-09,2351,2.75,3.835616438,3.187458101,0.816337896,,4795.545097,3423.645748631623
1989-10-10,2352,2.5,3.835616438,2.70902514,0.74609787,7.2,5129.401563,4159.941725753471
1989-10-11,2353,6.75,4.931506849,2.827860335,0.576989014,,5057.736832,3951.450946353005
1989-10-12,2354,12.0,4.931506849,2.662793296,0.445920595,,5231.072487,4246.590265293745
1989-10-13,2355,12.5,4.931506849,9.322768156,0.85468874,,2866.030182,946.0417985527188
1989-10-14,2356,5.5,4.931506849,5.082058659,0.540369036,,3921.060217,1957.7765156021524
1989-10-15,2357,3.0,4.931506849,3.850189944,0.42558832,,4440.326957,2730.3176113634963
1989-10-16,2358,3.25,4.931506849,3.447377095,0.382469959,,4651.053779,3116.7935402470976
1989-10-17,2359,0.0,0.0,2.746910615,1.506768186,7.0,5098.908195,4091.320880043134
1989-10-18,2360,0.0,0.0,2.387463687,0.923897184,,5391.788244,4839.566555470782
1989-10-19,2361,16.75,4.383561644,3.229114525,0.519099329,,4717.687501,3370.809832781374
1989-10-20,2362,44.5,4.383561644,18.69910894,0.557627557,,1882.406118,410.5566535848325
1989-10-21,2363,5.25,4.383561644,14.80125419,0.390197439,,2161.654294,543.450523581988
1989-10-22,2364,14.0,4.383561644,10.62711453,0.262741366,,2719.429596,808.573510518401
1989-10-23,2365,0.0,0.0,7.718631285,0.580719952,,3196.167106,1186.381142941922
1989-10-24,2366,12.0,4.383561644,5.944223464,0.727138351,7.2,3679.500517,1622.57322647612
1989-10-25,2367,40.5,10.4109589,17.07943575,0.354224719,,1940.150876,457.69640895575196
1989-10-26,2368,8.0,10.4109589,13.83053631,0.522164626,,2272.882522,589.5152453329187
1989-10-27,2369,0.0,0.0,9.146815642,0.091979295,,2924.727949,967.9028899293072
1989-10-28,2370,87.0,10.4109589,35.79322626,0.290951134,,879.0287662,188.35382382940503
1989-10-29,2371,64.5,10.4109589,63.72774302,0.61519854,,174.5531008,94.22281097938735
1989-10-30,2372,3.75,10.4109589,20.61155866,0.943953499,8.5,1615.018155,365.2870799414194
1989-10-31,2373,4.25,10.4109589,9.583290503,0.395776221,8.0,2846.581169,915.289712132638
1989-11-01,2374,4.75,9.452054795,6.783335196,0.47740831,,3429.543504,1385.0594612522032
1989-11-02,2375,9.0,9.452054795,6.824589385,0.38185046,,3427.850085,1375.0297207995825
1989-11-03,2376,26.75,9.452054795,10.02919274,0.160081171,,2820.059417,866.7143428386023
1989-11-04,2377,29.0,9.452054795,15.28094413,0.255337733,,2204.589686,523.052111745252
1989-11-05,2378,13.75,9.452054795,15.65210615,0.352302499,,2126.631646,508.20948108870516
1989-11-06,2379,0.75,9.452054795,9.442583799,0.624105097,,2870.568956,931.6671074761559
1989-11-07,2380,5.25,9.452054795,6.864787709,0.303765668,7.6,3407.992327,1365.3840335647208
1989-11-08,2381,36.25,3.835616438,14.91848045,0.045439412,,2107.18389,538.3323622939942
1989-11-09,2382,15.75,3.835616438,12.79608939,0.170210303,,2431.661687,647.1243663753042
1989-11-10,2383,41.5,3.835616438,23.01865642,0.125438878,,1613.997569,319.9457492441134
1989-11-11,2384,12.25,3.835616438,25.85214804,0.098733558,,1288.711897,278.33989937906665
1989-11-12,2385,0.75,3.835616438,11.02334078,0.241264534,,2626.473755,773.8479908913325
1989-11-13,2386,0.0,0.0,7.223907821,1.104411132,,3312.959622,1284.4283463328998
1989-11-14,2387,0.25,3.835616438,5.337578212,0.8194451,7.5,3835.156529,1846.0037489384183
1989-11-15,2388,0.25,1.893486107,4.08072067,0.174955553,,4322.559629,2546.574354110511
1989-11-16,2389,0.0,0.0,3.161488827,0.06788989,,4812.797637,3457.3591961868415
1989-11-17,2390,0.0,0.0,2.656131285,0.048254994,,5172.305742,4259.349629324571
1989-11-18,2391,0.25,5.494431314,2.356240223,0.08773114,,5417.772454,4916.464490871759
1989-11-19,2392,0.5,22.03634134,2.065550279,0.073903367,,5696.235539,5756.080681624336
1989-11-20,2393,0.5,2.694344505,1.85327095,0.071966517,,5931.922212,6554.1487376949135
1989-11-21,2394,1.25,8.7040359,1.699918994,0.051439951,7.1,6125.356568,7268.155417316182
1989-11-22,2395,0.0,0.0,1.533469274,0.093529912,,6350.281614,8222.393481315396
1989-11-23,2396,0.25,0.998254985,1.377427374,0.544199234,,6602.038463,9349.438622014542
1989-11-24,2397,0.0,0.0,1.253187151,0.378996134,,6822.756083,10469.37554231439
1989-11-25,2398,0.0,0.0,1.140435754,0.084487269,,7047.596253,11719.875705726652
1989-11-26,2399,0.0,0.0,1.062502793,0.119218596,,7223.278831,12755.871737518846
1989-11-27,2400,0.25,5.166565796,1.030022346,0.191708686,,7300.204322,13238.686416293394
1989-11-28,2401,0.0,0.0,0.971924581,0.134765609,7.2,7442.52458,14191.0897093471
1989-11-29,2402,0.0,0.0,0.898039106,0.311930505,,7635.989805,15599.145783743123
1989-11-30,2403,0.0,0.0,0.840217877,0.219678808,,7811.055381,16892.027871399237
1989-12-01,2404,0.0,0.0,0.806078212,0.1235853,,7918.817878,17751.465528722052
1989-12-02,2405,0.0,0.0,0.790189944,0.0,,7973.211852,18179.311460969788
1989-12-03,2406,0.0,0.0,0.782849162,0.0,,7998.865022,18383.433934641587
1989-12-04,2407,0.0,0.0,0.781793296,0.132515927,,8002.384324,18413.140301995718
1989-12-05,2408,0.25,9.401861141,0.771662011,0.05829626,7.0,8033.891189,18702.720149809753
1989-12-06,2409,0.0,0.0,0.761128492,0.019395517,,8072.51491,19012.781827359602
1989-12-07,2410,0.25,6.575342466,0.755346369,0.102030564,,8088.272118,19187.022138114753
1989-12-08,2411,0.0,0.0,0.732594972,0.019969852,,8170.122042,19901.997870555377
1989-12-09,2412,0.0,0.0,0.714243017,0.078949904,,8235.045387,20515.247145332432
1989-12-10,2413,0.0,0.0,0.699687151,0.043656589,,8294.075825,21026.81173538433
1989-12-11,2414,3.0,6.575342466,0.706776536,0.044734982,,8278.248407,20774.766746108235
1989-12-12,2415,7.25,6.575342466,0.987662011,0.0,7.1,7398.540996,13920.946625588684
1989-12-13,2416,5.25,6.712328767,1.031756983,0.0,,7366.029685,13212.05708139634
1989-12-14,2417,7.0,6.712328767,7.703572626,0.00028766,,3065.536634,1189.1617676588826
1989-12-15,2418,3.25,6.712328767,6.10423743,0.0,,3616.695721,1571.729791160537
1989-12-16,2419,41.0,6.712328767,32.2667095,0.552238004,,1098.279533,213.3274145320423
1989-12-17,2420,31.0,6.712328767,28.69602235,0.372146793,,1253.004005,245.57221397049278
1989-12-18,2421,0.5,6.712328767,10.17175978,0.0,,2724.315167,852.1686256376463
1989-12-19,2422,0.0,0.0,5.755927374,0.0,7.5,3693.382602,1686.3934082796948
1989-12-20,2423,30.5,10.1369863,15.32141899,0.238808354,,2141.373092,521.3951097584027
1989-12-21,2424,38.75,10.1369863,32.99877654,0.151647578,,1101.693756,207.65943317767196
1989-12-22,2425,1.75,10.1369863,12.05049721,0.093510581,,2463.142471,695.4342249313322
1989-12-23,2426,23.25,10.1369863,11.96356425,0.006302419,,2514.18769,701.4988728240718
1989-12-24,2427,33.25,10.1369863,24.79862011,0.119458246,,1307.045563,292.58997853183064
1989-12-25,2428,3.75,10.1369863,12.02540782,0.042194458,,2478.126948,697.1746267635426
1989-12-26,2429,0.5,10.1369863,7.070756983,0.023058672,,3341.553053,1317.8479804417493
1989-12-27,2430,0.25,10.1369863,5.004351955,0.04980504,,3947.250846,1994.2614568369409
1989-12-28,2431,0.0,0.0,3.788874302,0.167444198,,4459.029691,2783.3367725507496
1989-12-29,2432,0.0,0.0,2.861673184,0.07079333,,5012.945394,3895.596124544816
1989-12-30,2433,0.0,0.0,2.457125698,0.020549891,,5331.652967,4675.720192743533
1989-12-31,2434,1.28690721,10.1369863,2.235243017,0.0,,5533.186555,5236.835961588708
1990-01-01,2435,8.5,10.1369863,2.502930168,0.0,,5290.65283,4573.434227839054
1990-01-02,2436,10.5,10.1369863,3.151960894,0.085914881,7.3,4795.881843,3469.881497791003
1990-01-03,2437,0.0,0.0,3.230949721,0.0,,4692.954776,3368.516521031909
1990-01-04,2438,0.0,0.0,2.468363128,0.245423911,,5324.197382,4650.239791933387
1990-01-05,2439,3.0,3.01369863,2.296432961,0.295402972,,5482.374468,5070.185766784606
1990-01-06,2440,12.25,3.01369863,4.077804469,0.033158237,,4290.308314,2548.7564310240714
1990-01-07,2441,20.75,3.01369863,6.389673184,0.004969845,,3213.159211,1487.955377460526
1990-01-08,2442,0.25,3.01369863,7.28846648,0.281005556,,3227.284645,1270.8025789314252
1990-01-09,2443,8.5,3.01369863,6.116631285,0.231042897,7.4,3608.243459,1567.9135681055077
1990-01-10,2444,60.25,2.739726027,20.20306425,0.096579458,,1531.361169,374.1666750821362
1990-01-11,2445,15.5,2.739726027,29.56567877,0.262827339,,1039.564526,236.92841368812068
1990-01-12,2446,12.0,2.739726027,12.26355587,0.131947187,,2494.384432,680.9698493295004
1990-01-13,2447,0.75,2.739726027,8.153396648,0.090338631,,3106.297121,1110.9502210403568
1990-01-14,2448,4.75,2.739726027,6.324913408,0.187939767,,3548.014214,1506.23407743071
1990-01-15,2449,23.75,2.739726027,11.75593575,0.055356677,,2532.131166,716.3830141035438
1990-01-16,2450,30.25,2.739726027,16.62043575,0.222815066,7.1,1966.828501,472.90112274285883
1990-01-17,2451,0.0,0.0,12.04883799,0.669242893,,2455.683808,695.5490757709715
1990-01-18,2452,1.75,5.890410959,7.272905028,0.171195093,,3298.766789,1274.0626713197316
1990-01-19,2453,32.75,5.890410959,18.07117039,0.15500693,,1734.699481,427.7306813093044
1990-01-20,2454,15.0,5.890410959,10.90832682,0.082971842,,2676.085931,783.6424221432118
1990-01-21,2455,20.75,5.890410959,12.30654469,0.177255756,,2530.525763,678.1180640881688
1990-01-22,2456,3.5,5.890410959,12.72909218,0.500976653,,2340.360621,651.2114184294641
1990-01-23,2457,39.0,5.890410959,28.34296089,0.177218047,5.9,1181.968334,249.2481841974362
1990-01-24,2458,12.0,25.47945205,11.01667877,0.109337113,,2655.263683,774.4091874584068
1990-01-25,2459,37.25,25.47945205,31.02669553,0.212991739,,1184.066333,223.60149765958644
1990-01-26,2460,1.75,25.47945205,11.70324302,0.167343291,,2528.908605,720.2528017986957
1990-01-27,2461,2.0,25.47945205,7.720089385,0.0,,3213.336479,1186.1125335574866
1990-01-28,2462,7.25,25.47945205,7.307145251,0.021292769,,3315.809348,1266.9095599927546
1990-01-29,2463,36.0,25.47945205,25.97113408,0.280518095,,1251.942374,276.8102487373425
1990-01-30,2464,16.75,25.47945205,19.41234637,0.235668435,10.4,1836.140017,392.52613835806255
1990-01-31,2465,10.25,27.39726027,14.28370391,0.359574093,,2230.224494,567.1538773449063
1990-02-01,2466,16.25,27.39726027,12.98622067,0.058201545,,2388.335542,635.7778786122284
1990-02-02,2467,15.5,27.39726027,11.68506704,0.062727866,,2577.442722,721.5965581909674
1990-02-03,2468,1.75,27.39726027,9.853265363,0.296570651,,2812.348685,885.3024501170744
1990-02-04,2469,3.5,27.39726027,7.194444134,0.387259624,,3330.035659,1290.736317826781
1990-02-05,2470,1.75,27.39726027,5.657153631,0.884140559,,3736.465765,1721.7420940161182
1990-02-06,2471,10.75,27.39726027,4.673312849,0.212359468,8.8,4113.368449,2164.704130063639
1990-02-07,2472,80.5,14.65753425,41.04392179,0.203273685,10.5,735.1149272,159.81110145076843
1990-02-08,2473,6.75,14.65753425,19.37453631,0.490415418,,1693.939254,393.4453756522863
1990-02-09,2474,17.75,14.65753425,12.14147765,0.253730503,,2534.422793,689.1893696638708
1990-02-10,2475,14.0,14.65753425,12.42005028,0.188515704,,2472.329825,670.6925604835501
1990-02-11,2476,30.25,14.65753425,17.85775978,0.108552349,,1886.403906,433.8703412870078
1990-02-12,2477,5.25,14.65753425,12.27356145,0.370204514,,2446.988328,680.304140045189
1990-02-13,2478,37.5,14.65753425,22.38413128,0.229516511,11.1,1368.718875,330.85925665936645
1990-02-14,2479,11.0,6.712328767,12.95439385,0.25557758,,2380.075807,637.6517069790792
1990-02-15,2480,3.0,6.712328767,9.997743017,0.432325897,,2772.149881,869.984495475441
1990-02-16,2481,0.5,6.712328767,6.90601676,1.184134135,,3396.361075,1355.6191260018618
1990-02-17,2482,13.25,6.712328767,7.589488827,0.09101787,,3239.717012,1210.622006536566
1990-02-18,2483,0.75,6.712328767,6.066804469,0.508823908,,3615.202324,1583.3599357772805
1990-02-19,2484,44.25,6.712328767,24.55024022,0.197827593,,1306.92254,296.14588389021435
1990-02-20,2485,20.75,6.712328767,23.2591676,0.272702672,9.2,1569.387967,315.9799199826345
1990-02-21,2486,6.5,35.61643836,12.37276257,0.757508247,,2458.933187,673.7679113266499
1990-02-22,2487,0.0,0.0,7.961405028,1.180167168,,3153.10913,1143.1443909589757
1990-02-23,2488,0.0,0.0,5.906941341,0.929777098,,3659.393415,1634.854714758019
1990-02-24,2489,11.0,35.61643836,5.669346369,0.215299774,,3743.11696,1717.305362021349
1990-02-25,2490,23.75,35.61643836,6.522108939,0.198971813,,3621.72541,1451.8146970381863
1990-02-26,2491,6.75,35.61643836,11.60376536,0.606673192,,2442.988874,727.6638866915539
1990-02-27,2492,3.0,35.61643836,6.489553073,0.59679933,10.0,3494.606145,1460.5487378685666
1990-02-28,2493,36.0,13.31208069,15.83301117,0.156098507,,1862.14203,501.2520282538918
1990-03-01,2494,2.5,4.427215121,8.952184358,0.055535918,,2950.642936,993.1871486324372
1990-03-02,2495,7.25,4.198429481,6.411670391,0.264472186,,3526.754724,1481.8388436136684
1990-03-03,2496,4.25,2.148735082,5.374835196,0.56945826,,3837.475753,1830.6796927149094
1990-03-04,2497,17.5,3.220002062,7.109849162,0.253210792,,3350.112687,1309.167091318476
1990-03-05,2498,11.5,3.715546908,8.653625698,0.369796376,,3032.145557,1034.4090563227826
1990-03-06,2499,9.25,2.880329553,7.10175419,0.266829573,11.4,3376.597082,1310.9560563406426
1990-03-07,2500,0.75,30.1369863,6.822703911,0.490997497,,3403.047919,1375.4852121719669
1990-03-08,2501,3.0,30.1369863,5.320005587,0.736676752,,3857.965632,1853.313375183603
1990-03-09,2502,2.75,30.1369863,4.537986034,1.186499196,,4130.919039,2242.280597980004
1990-03-10,2503,2.75,30.1369863,4.195106145,0.346780958,,4282.140432,2463.608681957425
1990-03-11,2504,0.5,30.1369863,3.395765363,0.338220604,,4678.542511,3173.6254514641273
1990-03-12,2505,0.0,0.0,2.787611732,2.516169463,,5069.347766,4019.8796883039995
1990-03-13,2506,7.25,30.1369863,2.831430168,1.081447441,9.3,5041.388527,3945.4847993153526
1990-03-14,2507,0.0,0.0,2.408782123,1.415938105,,5374.254051,4788.319534669011
1990-03-15,2508,0.25,14.10958904,2.207815642,0.937894563,,5560.479551,5314.832649992981
1990-03-16,2509,0.0,0.0,2.036162011,2.045480094,,5727.99549,5855.696508372663
1990-03-17,2510,0.0,0.0,1.821293296,2.897251141,,5969.087182,6692.159221895383
1990-03-18,2511,6.0,14.10958904,1.683603352,2.826545984,,6170.177457,7352.557135829466
1990-03-19,2512,6.0,14.10958904,1.863804469,0.67827317,,5912.929739,6509.825381182509
1990-03-20,2513,0.75,14.10958904,1.616857542,1.332964758,9.0,6228.755709,7717.373540308167
1990-03-21,2514,11.5,12.05479452,2.153539106,1.883229097,,5571.169361,5475.626288731432
1990-03-22,2515,0.0,0.0,1.659393855,1.365658212,,6170.885524,7481.157074501947
1990-03-23,2516,3.75,12.05479452,1.558206704,1.193549892,,6326.515328,8066.381143591689
1990-03-24,2517,33.75,12.05479452,8.015455307,0.972212431,,2922.311603,1133.9094838740325
1990-03-25,2518,4.5,12.05479452,4.013773743,1.267851905,,4343.42549,2597.5469330488363
1990-03-26,2519,0.25,12.05479452,2.905215084,1.892087136,,4979.668854,3825.770757719998
1990-03-27,2520,1.5,12.05479452,2.529452514,1.375241972,10.4,5276.764593,4516.064840492421
1990-03-28,2521,1.5,7.808219178,2.362550279,2.360383391,,5415.724329,4900.7438918627395
1990-03-29,2522,0.25,7.808219178,2.149365922,0.930671302,,5614.765616,5488.358882753543
1990-03-30,2523,0.25,7.808219178,1.935276536,3.127392218,,5837.277781,6223.04072715345
1990-03-31,2524,0.0,0.0,1.751455307,3.056662299,,6057.527596,7012.871459636339
1990-04-01,2525,2.0,7.808219178,1.624625698,2.673363892,,6231.313651,7673.220403562387
1990-04-02,2526,12.0,7.808219178,2.001544693,0.428978119,,5766.701321,5977.164469119068
1990-04-03,2527,6.5,7.808219178,1.684030726,1.382536362,9.4,6147.560412,7350.323394445471
1990-04-04,2528,1.75,0.730335292,1.621784916,1.844641676,,6226.50141,7689.3131523314105
1990-04-05,2529,1.5,1.263460429,1.525198324,0.91188464,,6374.015001,8275.796859316299
1990-04-06,2530,0.0,0.0,1.410511173,3.006245898,,6544.31181,9087.567635329902
1990-04-07,2531,0.0,0.0,1.317418994,1.606549029,,6709.031593,9861.419721506634
1990-04-08,2532,0.0,0.0,1.245821229,2.721052057,,6841.101001,10543.502369269889
1990-04-09,2533,1.5,3.90334744,1.205773743,1.841174702,,6922.792361,10963.960262444665
1990-04-10,2534,0.0,0.0,1.166555866,0.994830446,8.4,6997.381564,11406.526283149638
1990-04-11,2535,1.5,22.19178082,1.139153631,1.185389986,,7058.802525,11735.663216497916
1990-04-12,2536,6.0,22.19178082,1.107125698,2.682759701,,7135.589085,12143.093747856807
1990-04-13,2537,0.75,22.19178082,1.110041899,2.408392401,,7103.571189,12104.927496686225
1990-04-14,2538,7.25,22.19178082,1.138399441,0.911260898,,7082.905459,11744.968227249865
1990-04-15,2539,8.0,22.19178082,1.291198324,1.324617672,,6757.802292,10101.579682474814
1990-04-16,2540,4.5,22.19178082,1.320662011,1.531365042,,6702.139592,9832.443347478189
1990-04-17,2541,13.5,22.19178082,1.934094972,1.31905623,8.9,5765.01476,6227.592804515492
1990-04-18,2542,17.25,13.83561644,3.409793296,1.781187203,,4694.49485,3157.991615254683
1990-04-19,2543,21.0,13.83561644,7.236653631,0.721699788,,3285.476528,1281.717042773375
1990-04-20,2544,2.0,13.83561644,4.984717877,1.164639461,,3925.809338,2003.6780132761958
1990-04-21,2545,0.75,13.83561644,3.366226257,1.192728595,,4683.74463,3207.014538036456
1990-04-22,2546,0.0,0.0,2.697385475,2.7439195,,5138.483914,4181.449790035752
1990-04-23,2547,0.0,0.0,2.367301676,4.417710848,,5407.042754,4888.967203794885
1990-04-24,2548,0.0,0.0,2.065424581,4.847381229,9.8,5693.383456,5756.500126952409
1990-04-25,2549,0.0,0.0,1.969944134,4.351530451,,5811.413844,6092.146888218902
1990-04-26,2550,23.25,2.328767123,3.777988827,0.970673878,,4357.543327,2792.947114073504
1990-04-27,2551,0.0,0.0,3.014874302,2.077171302,,4878.710687,3659.7044206989995
1990-04-28,2552,0.0,0.0,2.46072067,4.019005608,,5329.372925,4667.540937189318
1990-04-29,2553,0.25,2.328767123,2.268829609,5.22943691,,5502.156528,5144.141066570927
1990-04-30,2554,0.0,0.0,2.085536313,5.326766091,,5679.033129,5690.094574683906
1990-05-01,2555,0.0,0.0,1.925924581,5.693553215,9.0,5849.207224,6259.237848359169
1990-05-02,2556,0.0,0.0,1.794167598,5.658747563,,6008.407647,6813.471147881777
1990-05-03,2557,0.0,0.0,1.692653631,5.557226726,,6136.502462,7305.518875951784
1990-05-04,2558,0.0,0.0,1.585835196,6.125305352,,6281.545878,7898.443273842407
1990-05-05,2559,0.0,0.0,1.496212291,5.51314215,,6413.668149,8468.076887529955
1990-05-06,2560,0.0,0.0,1.429189944,3.80955584,,6521.457531,8945.588180873972
1990-05-07,2561,5.25,3.572482196,1.397413408,2.04501271,,6592.550838,9189.613648894683
1990-05-08,2562,5.0,1.593669529,1.453625698,1.52581111,8.4,6484.237308,8765.889106977424
1990-05-09,2563,7.5,2.328767123,1.743460894,2.486948611,,6061.597299,7051.386292428653
1990-05-10,2564,0.0,0.0,1.385899441,2.593283217,,6582.693945,9281.07084359616
1990-05-11,2565,0.0,0.0,1.265153631,2.669816957,,6801.92208,10350.969885226114
1990-05-12,2566,0.25,2.328767123,1.173695531,3.756788861,,6980.523964,11323.53722774292
1990-05-13,2567,0.0,0.0,1.116703911,3.581878338,,7103.117243,12018.558013672118
1990-05-14,2568,3.25,2.328767123,1.085354749,2.283186616,,7186.012034,12435.149861899248
1990-05-15,2569,14.0,2.328767123,1.681592179,1.417360577,8.0,6062.410518,7363.085607152679
1990-05-16,2570,0.25,3.01369863,1.332527933,3.143901406,,6648.431984,9727.74033767504
1990-05-17,2571,0.5,3.01369863,1.143452514,4.3461465,,7041.26314,11682.88192093078
1990-05-18,2572,0.0,0.0,1.077435754,1.98060869,,7189.35323,12544.600314824975
1990-05-19,2573,0.0,0.0,1.026150838,3.36883381,,7311.701646,13298.476578785703
1990-05-20,2574,0.0,0.0,1.000935754,2.759532623,,7370.98541,13700.334464121357
1990-05-21,2575,0.0,0.0,0.961240223,4.420269957,,7472.135442,14380.03493408941
1990-05-22,2576,0.0,0.0,0.931550279,5.040874621,7.9,7551.225504,14930.123080037174
1990-05-23,2577,0.0,0.0,0.902589385,4.800950512,,7630.233093,15505.100622945723
1990-05-24,2578,0.0,0.0,0.876444134,4.756785807,,7704.316288,16060.112703991399
1990-05-25,2579,0.0,0.0,0.85947486,1.798324856,,7756.735251,16440.218595699596
1990-05-26,2580,0.0,0.0,0.83400838,5.545696699,,7831.406363,17042.605153606226
1990-05-27,2581,0.0,0.0,0.813645251,5.031668968,,7896.070493,17554.137241823493
1990-05-28,2582,0.0,0.0,0.792175978,5.058044076,,7964.158591,18124.79993298633
1990-05-29,2583,11.75,3.287671233,0.925768156,1.45947941,,7581.680097,15041.76564504179
1990-05-30,2584,0.0,0.0,0.94351676,5.393283922,7.9,7486.593243,14703.83803001526
1990-05-31,2585,0.0,0.0,0.796877095,5.54175108,,7946.003411,17996.954424796597
1990-06-01,2586,5.25,7.945205479,0.831946927,2.453457885,,7839.777091,17093.14016177214
1990-06-02,2587,3.0,7.945205479,0.829407821,0.892301298,,7848.329351,17155.76359315768
1990-06-03,2588,6.0,7.945205479,0.853617318,1.777609169,,7778.589169,16575.281367403542
1990-06-04,2589,1.75,7.945205479,0.810326816,3.859484899,,7900.295842,17640.175178764686
1990-06-05,2590,18.75,7.945205479,1.494553073,1.577496985,7.5,6124.176899,8479.331366610031
1990-06-06,2591,8.25,6.301369863,1.571505587,1.186894661,,6250.144168,7984.735395000618
1990-06-07,2592,0.5,6.301369863,1.175706704,2.903664032,,6934.671807,11300.359739122177
1990-06-08,2593,29.0,6.301369863,4.462391061,0.785144933,,3778.46997,2287.870700072035
1990-06-09,2594,0.75,6.301369863,2.386759777,2.081472494,,5321.716251,4841.27582584465
1990-06-10,2595,0.0,0.0,1.708391061,5.637899266,,6097.168621,7225.0267947129805
1990-06-11,2596,0.0,0.0,1.520145251,1.751655971,,6379.544652,8308.737379005725
1990-06-12,2597,0.0,0.0,1.449150838,1.89027769,8.8,6487.858719,8798.299415943398
1990-06-13,2598,0.0,0.0,1.367773743,2.462753097,,6620.930299,9428.475674456411
1990-06-14,2599,0.0,0.0,1.286346369,3.128763375,,6763.934065,10147.199364445412
1990-06-15,2600,0.0,0.0,1.204918994,3.317920459,,6918.209284,10973.26910110009
1990-06-16,2601,0.0,0.0,1.123567039,3.478597437,,7085.394196,11930.756406474437
1990-06-17,2602,0.5,3.150684932,1.042114525,3.138620445,,7267.856442,13055.077082896469
1990-06-18,2603,6.5,3.150684932,0.998170391,2.238095588,,7403.564662,13745.764263346176
1990-06-19,2604,3.0,3.150684932,1.028564246,3.454627492,7.8,7280.698014,13261.146777183512
1990-06-20,2605,9.5,2.191780822,1.038997207,2.201289483,,7326.219637,13101.962074732988
1990-06-21,2606,21.25,2.191780822,2.414513966,1.395400816,,5202.761033,4774.710322202151
1990-06-22,2607,1.0,2.191780822,2.155877095,2.393156255,,5444.392604,5468.516624542695
1990-06-23,2608,2.5,2.191780822,1.52175419,2.715227688,,6367.595699,8298.222785778427
1990-06-24,2609,9.25,2.191780822,1.610899441,0.928440371,,6269.754449,7751.555566161345
1990-06-25,2610,14.0,2.191780822,3.76574581,1.25502395,,4473.28419,2803.8289253659286
1990-06-26,2611,1.75,2.191780822,3.083304469,4.658519734,9.4,4855.513861,3562.6320215969827
1990-06-27,2612,2.75,4.657534247,2.46074581,1.677314953,,5328.777666,4667.4838312509
1990-06-28,2613,0.0,0.0,2.119424581,3.604993633,,5638.131829,5581.327908059926
1990-06-29,2614,7.0,4.657534247,2.022611732,3.366688557,,5766.466448,5902.6989850360915
1990-06-30,2615,13.25,4.657534247,2.414639665,2.919036774,,5418.415159,4774.412668033841
1990-07-01,2616,22.5,4.657534247,7.927944134,0.602596339,,3046.388526,1148.9308292825067
1990-07-02,2617,2.0,4.657534247,4.376539106,3.649242602,,4163.01196,2341.7488765679805
1990-07-03,2618,0.0,0.0,3.07498324,5.759283807,9.4,4867.951174,3574.182877987637
1990-07-04,2619,20.0,4.657534247,5.370335196,1.760258369,,3818.64814,1832.518171633585
1990-07-05,2620,25.5,4.657534247,15.75960335,1.355946281,10.4,1977.390065,504.0540620025987
1990-07-06,2621,7.25,4.657534247,6.271441341,2.306328949,,3553.305831,1521.6397143643599
1990-07-07,2622,14.25,4.657534247,8.869726257,1.475811345,,3014.358489,1004.267424864263
1990-07-08,2623,1.25,4.657534247,6.684410615,2.392023422,,3441.826577,1409.664941554326
1990-07-09,2624,0.75,4.657534247,4.803837989,1.842333657,,4024.353776,2094.4171982881076
1990-07-10,2625,0.0,0.0,3.736835196,5.082736974,9.4,4491.90286,2829.836267194609
1990-07-11,2626,0.0,0.0,3.132477654,4.809640135,,4840.177267,3495.7484195929005
1990-07-12,2627,0.0,0.0,2.73522067,4.033193242,,5109.772358,4112.271839442993
1990-07-13,2628,0.0,0.0,2.322125698,6.203125814,,5444.914565,5003.082652312547
1990-07-14,2629,0.0,0.0,2.01901676,6.990596945,,5740.778914,5915.285364433866
1990-07-15,2630,0.0,0.0,1.811287709,3.717144856,,5984.88885,6736.4419460824065
1990-07-16,2631,0.25,2.15956077,1.648231844,6.357206863,,6190.093647,7541.847815025753
1990-07-17,2632,0.0,0.0,1.500108939,6.809693519,8.0,6405.317327,8441.753384200645
1990-07-18,2633,0.0,0.0,1.392511173,6.323775623,,6577.148964,9228.34984822066
1990-07-19,2634,0.0,0.0,1.30648324,6.862280483,,6726.443062,9960.29580423801
1990-07-20,2635,0.0,0.0,1.214597765,7.715491721,,6898.765256,10868.700621629641
1990-07-21,2636,0.0,0.0,1.171357542,4.078141822,,6989.414133,11350.59092062709
1990-07-22,2637,0.0,0.0,1.112731844,5.753860717,,7108.358537,12069.917094264514
1990-07-23,2638,0.0,0.0,1.055815642,5.309291728,,7240.553812,12852.610314740174
1990-07-24,2639,0.0,0.0,1.018181564,6.065720901,7.4,7328.835543,13423.123482923493
1990-07-25,2640,0.0,0.0,0.973382682,6.036505145,,7439.623158,14165.65720309334
1990-07-26,2641,0.0,0.0,0.923379888,6.136927949,,7568.566255,15088.326973833851
1990-07-27,2642,4.25,4.794520548,0.974086592,1.691331407,,7443.397285,14153.40936974523
1990-07-28,2643,0.0,0.0,0.889642458,4.607603502,,7662.175627,15775.462367265964
1990-07-29,2644,10.0,4.794520548,0.951310056,1.737918728,,7591.081276,14559.824792938341
1990-07-30,2645,13.25,4.794520548,1.851712291,2.67973854,,5635.009259,6560.754369988714
1990-07-31,2646,0.0,0.0,0.965136872,5.951666152,8.2,7446.002597,14310.59339127376
1990-08-01,2647,0.0,0.0,0.857312849,6.385488849,,7755.243295,16489.83420219774
1990-08-02,2648,0.0,0.0,0.799240223,7.280591051,,7936.793684,17933.31312965921
1990-08-03,2649,0.0,0.0,0.755899441,7.455876988,,8082.559541,19170.22911108868
1990-08-04,2650,0.0,0.0,0.732972067,4.942264231,,8170.251989,19889.749985968527
1990-08-05,2651,2.25,5.322900142,0.726134078,4.97717668,,8184.391624,20114.015385302577
1990-08-06,2652,0.0,0.0,0.673013966,4.787010529,,8398.4395,22027.477762896095
1990-08-07,2653,0.0,0.0,0.669217877,3.786211136,7.5,8408.441604,22177.01987763053
1990-08-08,2654,0.0,0.0,0.652148045,4.828825226,,8479.79045,22873.12446097865
1990-08-09,2655,0.25,7.453809645,0.652022346,2.798984256,,8482.874901,22878.39895177405
1990-08-10,2656,0.75,3.989372223,0.645360335,2.959232832,,8508.351758,23161.1748253806
1990-08-11,2657,6.0,3.852584179,0.693377095,1.56268284,,8315.027074,21255.912718092615
1990-08-12,2658,2.75,2.512923015,0.670047486,1.15922658,,8408.464598,22144.179650845894
1990-08-13,2659,6.0,0.92470173,0.698178771,2.427041304,,8299.87589,21081.16355415197
1990-08-14,2660,4.25,1.094769637,0.679952514,4.000275485,7.5,8364.153979,21758.874983115595
1990-08-15,2661,18.5,2.739726027,1.168692737,1.653962111,,6948.003136,11381.571270036964
1990-08-16,2662,17.0,2.739726027,1.278377095,1.98075464,,6910.229688,10222.954669586725
1990-08-17,2663,13.75,2.739726027,1.678600559,1.870114716,,6057.457719,7378.797972377999
1990-08-18,2664,6.25,2.739726027,1.608812849,1.917095365,,6110.341229,7763.592229752524
1990-08-19,2665,61.75,2.739726027,19.95707263,0.86351624,,1538.399816,379.70697433558746
1990-08-20,2666,11.25,2.739726027,9.471368715,1.348179045,,2798.00429,928.2731950308134
1990-08-21,2667,0.5,2.739726027,5.467097765,2.325727061,9.0,3756.757734,1793.717932405515
1990-08-22,2668,0.25,1.873365856,3.681201117,3.140480744,,4513.665831,2881.1477034471427
1990-08-23,2669,0.5,2.982611003,2.908307263,3.678590528,,4983.105632,3820.899315599525
1990-08-24,2670,0.0,0.0,2.366798883,5.208514119,,5398.749315,4890.210956503834
1990-08-25,2671,0.0,0.0,2.001695531,4.028386652,,5759.873126,5976.625182876329
1990-08-26,2672,0.0,0.0,1.771416201,2.770998231,,6030.005397,6918.370586231304
1990-08-27,2673,0.25,4.734018181,1.592547486,2.763323315,,6269.340729,7858.608355696584
1990-08-28,2674,13.25,1.918615823,2.224106145,1.282123669,8.1,5493.204055,5268.251730118989
1990-08-29,2675,11.5,3.424657534,2.666212291,1.128154975,,5101.158149,4240.069252010145
1990-08-30,2676,1.75,3.424657534,2.121963687,2.711414365,,5617.468106,5573.332028522644
1990-08-31,2677,12.5,3.424657534,3.01874581,1.741941295,,4887.220528,3654.083351525961
1990-09-01,2678,0.0,0.0,2.468212291,2.127387324,,5310.445795,4650.580121433053
1990-09-02,2679,0.0,0.0,2.136167598,1.977240081,,5626.604842,5528.987445201886
1990-09-03,2680,11.75,3.424657534,2.614776536,3.313686144,,5192.658669,4340.15332201682
1990-09-04,2681,1.0,3.424657534,2.168924581,2.092054967,8.3,5592.607905,5429.1490854909935
1990-09-05,2682,16.5,10.54794521,2.79972905,1.039015023,,5068.35478,3999.050996889513
1990-09-06,2683,3.5,10.54794521,4.023804469,2.077170075,,4319.46762,2589.790935574585
1990-09-07,2684,2.0,10.54794521,2.91451676,1.425042614,,4980.328975,3811.1511146992207
1990-09-08,2685,0.0,0.0,2.461022346,2.315425761,,5327.179658,4666.855759585415
1990-09-09,2686,0.25,10.54794521,2.185240223,3.897185226,,5578.293228,5380.646681987839
1990-09-10,2687,0.0,0.0,2.009689944,3.108603139,,5760.03782,5948.170203234581
1990-09-11,2688,0.25,10.54794521,1.882307263,2.423354065,8.0,5901.370954,6433.286429220217
1990-09-12,2689,0.0,0.0,1.77297486,2.650669803,,6034.179432,6911.089739455261
1990-09-13,2690,0.0,0.0,1.668142458,2.243817533,,6169.251005,7434.21178054456
1990-09-14,2691,0.0,0.0,1.568463687,2.96199696,,6307.309094,8003.276427879302
1990-09-15,2692,0.0,0.0,1.491636872,3.300574744,,6422.13036,8499.178599287863
1990-09-16,2693,0.0,0.0,1.425318436,2.245646654,,6526.897434,8974.680348689371
1990-09-17,2694,7.75,7.123287671,1.548804469,1.582104926,,6332.607161,8125.033895390569
1990-09-18,2695,12.75,7.123287671,1.517203911,0.889129411,7.7,6396.338311,8328.022672114936
1990-09-19,2696,33.5,6.301369863,11.09513966,2.079260077,,2213.232408,767.8467633513119
1990-09-20,2697,13.75,6.301369863,4.077955307,0.924773064,,4326.324263,2548.6434808782788
1990-09-21,2698,2.25,6.301369863,3.63077095,1.656401865,,4512.986497,2929.154288316805
1990-09-22,2699,20.0,6.301369863,4.494846369,0.941290354,,4177.647963,2268.0910262586503
1990-09-23,2700,10.5,6.301369863,10.63905587,1.618008548,,2635.82064,807.485368362108
1990-09-24,2701,9.5,6.301369863,6.477837989,1.394743554,,3507.459666,1463.715252969265
1990-09-25,2702,0.5,6.301369863,4.761703911,2.617764604,9.2,4035.270018,2116.6435412499623
1990-09-26,2703,0.0,0.0,3.755388268,2.650523119,,4485.315825,2813.095773900546
1990-09-27,2704,0.0,0.0,3.214332402,1.776107878,,4792.936343,3389.386917140641
1990-09-28,2705,0.0,0.0,2.807798883,2.179952328,,5055.747404,3985.2891132277828
1990-09-29,2706,18.5,0.821917808,3.774972067,0.564948186,,4369.937575,2795.621265146214
1990-09-30,2707,11.75,0.821917808,7.239418994,0.839369101,,3262.226199,1281.1301764662653
1990-10-01,2708,0.0,0.0,4.228416201,0.907371897,,4257.057002,2440.374151113606
1990-10-02,2709,7.5,0.821917808,3.522997207,1.606363289,8.9,4625.453441,3036.8221307109225
1990-10-03,2710,27.75,3.698630137,14.3642514,1.253003469,8.5,2164.877578,563.341400473328
1990-10-04,2711,12.5,3.698630137,6.994860335,1.267399565,,3389.268332,1335.0064777312543
1990-10-05,2712,69.75,3.698630137,46.97758659,0.41548392,,599.7916057,135.89349777840718
1990-10-06,2713,27.0,3.698630137,22.94602793,0.543966564,,1586.504032,321.161312429501
1990-10-07,2714,1.0,3.698630137,11.90350559,1.471681758,,2477.740386,705.74560884639
1990-10-08,2715,0.0,0.0,6.998430168,1.503744698,,3359.259143,1334.1902515924862
1990-10-09,2716,8.25,3.698630137,5.322620112,0.828109528,9.2,3856.416335,1852.2224615400733
1990-10-10,2717,2.75,7.397260274,4.50377095,0.376497508,,4144.915259,2262.706881646952
1990-10-11,2718,4.75,7.397260274,4.215142458,0.518626665,,4283.449576,2449.5845441648803
1990-10-12,2719,0.0,0.0,3.573879888,2.310663957,,4577.700141,2985.1004975570722
1990-10-13,2720,1.0,7.397260274,3.086421788,2.109343518,,4873.972928,3558.322424869331
1990-10-14,2721,0.0,0.0,2.799351955,1.932447739,,5069.325899,3999.6962071869043
1990-10-15,2722,9.25,7.397260274,2.949561453,0.610373639,,4972.812742,3756.9794512211183
1990-10-16,2723,5.25,7.397260274,3.003134078,1.290739141,8.6,4930.911409,3676.8474964625475
1990-10-17,2724,0.75,3.287671233,2.630086592,0.202349273,,5195.153406,4309.9133502682635
1990-10-18,2725,10.0,3.287671233,2.797944134,0.274856041,,5083.993454,4002.106679649613
1990-10-19,2726,5.25,3.287671233,2.9025,0.196610276,,5008.870791,3830.0575227662266
1990-10-20,2727,0.5,3.287671233,3.020555866,0.766126579,,4916.843884,3651.460748135889
1990-10-21,2728,0.0,0.0,2.690522346,0.472473374,,5149.125223,4194.227474529474
1990-10-22,2729,0.0,0.0,2.461952514,0.302558593,,5331.937434,4664.744288849341
1990-10-23,2730,0.0,0.0,2.273555866,0.562685613,8.8,5498.04241,5131.338436046955
1990-10-24,2731,3.0,9.04109589,2.156882682,0.609355451,,5612.521814,5465.463909234528
1990-10-25,2732,20.5,9.04109589,3.318108939,0.477507869,,4720.796184,3262.8032396237923
1990-10-26,2733,1.75,9.04109589,4.678265363,0.923656449,,3879.029478,2161.9585201794644
1990-10-27,2734,19.75,9.04109589,4.196312849,0.422389373,,4362.235739,2462.7599020606813
1990-10-28,2735,27.0,9.04109589,21.36331006,0.750296784,,1575.191777,349.9188227862084
1990-10-29,2736,16.25,9.04109589,10.17372067,0.452620628,,2788.939314,851.9716837409504
1990-10-30,2737,33.5,9.04109589,19.51655028,0.45231912,9.8,1896.251319,390.0129945025061
1990-10-31,2738,26.0,15.61643836,23.63772067,0.403010857,,1555.937863,309.91739031018255
1990-11-01,2739,4.5,15.61643836,13.51709497,0.473589445,,2296.209123,605.9486358772341
1990-11-02,2740,3.5,15.61643836,8.405899441,0.382653103,,3068.313344,1071.0629522506342
1990-11-03,2741,0.25,15.61643836,6.103256983,0.845723711,,3599.388561,1572.032410037249
1990-11-04,2742,0.25,15.61643836,4.60948324,1.004252507,,4103.246386,2200.67112064163
1990-11-05,2743,0.0,0.0,3.801469274,0.411809724,,4464.082511,2772.2926137924114
1990-11-06,2744,0.0,0.0,3.198293296,0.513327968,8.9,4800.244229,3409.7571616700043
1990-11-07,2745,0.0,0.0,2.875072626,0.485747174,,5016.75483,3873.860797472349
1990-11-08,2746,0.0,0.0,2.604620112,0.369917723,,5212.367213,4360.4295224854795
1990-11-09,2747,3.0,2.602739726,2.394125698,0.111637535,,5392.898271,4823.4441725490415
1990-11-10,2748,9.75,2.602739726,2.551349162,0.286943157,,5281.24257,4469.687468855932
1990-11-11,2749,6.5,2.602739726,2.637905028,0.410183822,,5176.824787,4294.619264780894
1990-11-12,2750,12.75,2.602739726,5.988620112,0.448206358,,3576.53716,1608.1670976947353
1990-11-13,2751,19.25,2.602739726,5.828480447,0.381056164,8.9,3759.468024,1661.26591910491
1990-11-14,2752,5.5,5.890410959,8.996178771,0.555086469,,2933.788687,987.3666838146466
1990-11-15,2753,3.75,5.890410959,6.045863128,0.51375621,,3623.626108,1589.935313202255
1990-11-16,2754,27.25,5.890410959,8.691586592,0.242682574,,3089.608997,1028.9949572398718
1990-11-17,2755,47.0,5.890410959,37.85870112,0.352421628,,933.4637794,176.08623635679214
1990-11-18,2756,10.75,5.890410959,14.15028771,0.643903352,,2236.707407,573.5737879390452
1990-11-19,2757,34.75,5.890410959,17.4196257,0.266558223,,1906.901822,446.9945042255681
1990-11-20,2758,18.75,5.890410959,22.25350559,0.360353748,10.1,1580.259521,333.19100041130275
1990-11-21,2759,8.75,1.506849315,12.35961453,0.316964745,,2451.820048,674.6275894304704
1990-11-22,2760,0.0,0.0,7.771575419,0.512160963,,3192.555878,1176.6988164035695
1990-11-23,2761,6.25,1.506849315,5.834337989,0.125094439,,3699.304724,1659.2672050181147
1990-11-24,2762,4.75,1.506849315,5.789162011,0.0,,3709.981835,1674.797272473459
1990-11-25,2763,7.75,1.506849315,6.328583799,0.094522503,,3565.46251,1505.1871032849238
1990-11-26,2764,10.0,1.506849315,6.442013966,0.247938104,,3534.51939,1473.4768188222383
1990-11-27,2765,0.0,0.0,5.343259777,0.132583179,9.2,3840.420724,1843.651706297536
1990-11-28,2766,0.0,0.0,4.458192737,0.293106272,,4172.464918,2290.4524593616925
1990-11-29,2767,0.5,6.011522474,3.872891061,0.289712885,,4433.407444,2711.1555112114347
1990-11-30,2768,0.0,0.0,3.378645251,0.187576956,,4694.721547,3192.898773353818
1990-12-01,2769,0.0,0.0,3.020304469,0.083278632,,4919.059244,3651.824792613173
1990-12-02,2770,0.0,0.0,2.854256983,0.147039632,,5033.65803,3907.722392065103
1990-12-03,2771,0.75,10.86596565,2.652687151,0.114816841,,5178.500245,4265.973587140857
1990-12-04,2772,0.0,0.0,2.406494413,0.12080728,8.4,5377.111377,4793.77116702919
1990-12-05,2773,0.25,5.068493151,2.20947486,0.392992441,,5557.08057,5310.053785288768
1990-12-06,2774,6.0,5.068493151,2.106075419,0.21193776,,5676.527162,5623.714102435793
1990-12-07,2775,6.25,5.068493151,2.565628492,0.072319831,,5252.192588,4439.911752614787
1990-12-08,2776,0.0,0.0,2.33172905,0.035020109,,5433.296682,4978.417780420189
1990-12-09,2777,0.0,0.0,2.078597765,0.0,,5686.258326,5712.845051915027
1990-12-10,2778,0.5,5.068493151,3.266698324,0.093857218,,4739.345806,3324.408235409911
1990-12-11,2779,47.75,5.068493151,11.2482905,0.206292239,9.4,2138.930309,755.3268913175821
1990-12-12,2780,0.0,0.0,12.24465084,0.177790514,,2279.999281,682.2309376887089
1990-12-13,2781,0.0,0.0,5.886829609,0.227518283,,3642.072415,1641.550932806137
1990-12-14,2782,0.0,0.0,4.183064246,0.263937075,,4279.307981,2472.108274972038
1990-12-15,2783,0.0,0.0,3.328541899,0.410201538,,4719.447307,3250.5564666020127
1990-12-16,2784,0.5,3.561643836,2.993430168,0.165197254,,4937.843202,3691.1286839675377
1990-12-17,2785,0.0,0.0,2.733284916,0.214866621,,5115.075731,4115.760137403204
1990-12-18,2786,0.0,0.0,2.43673743,0.105219749,8.6,5350.059415,4722.609190287482
1990-12-19,2787,0.0,0.0,2.220988827,0.204100963,,5548.051123,5277.107305925198
1990-12-20,2788,87.75,14.52054795,35.12345531,0.091943377,,690.6164857,192.67360108813085
1990-12-21,2789,37.75,14.52054795,34.19663128,0.198134646,,1122.26379,198.9589531439177
1990-12-22,2790,11.0,14.52054795,22.1986257,0.168384739,,1564.466341,334.17964238044
1990-12-23,2791,14.75,14.52054795,14.3028352,0.450470879,,2258.123495,566.2440796646079
1990-12-24,2792,4.25,14.52054795,12.68343855,0.203695609,,2404.781155,654.0236424039049
1990-12-25,2793,25.5,14.52054795,15.37325698,0.219677766,,2124.151202,519.2869166250205
1990-12-26,2794,36.25,14.52054795,30.02188827,0.237650898,,1158.101139,232.61377106883168
1990-12-27,2795,2.0,14.52054795,11.52394693,0.215804634,,2525.252946,733.7121273494545
1990-12-28,2796,14.25,14.52054795,8.574837989,0.143602972,,3063.748565,1045.8142679133848
1990-12-29,2797,15.0,14.52054795,9.783980447,0.048893017,,2850.419855,892.8248058853183
1990-12-30,2798,8.5,14.52054795,9.215145251,0.069722829,,2941.498062,959.3043443657994
1990-12-31,2799,33.0,14.52054795,19.57552793,0.066292826,,1816.954696,388.6036288651701
1991-01-01,2800,51.5,14.52054795,38.50463966,0.062731328,,720.143713,172.54601083387908
1991-01-02,2801,7.75,14.52054795,22.15005587,0.234078584,,1473.25865,335.05910495613705
1991-01-03,2802,13.0,14.52054795,12.42153352,0.0,,2472.08684,670.5965143957194
1991-01-04,2803,8.5,14.52054795,9.354142458,0.027172058,,2906.355985,942.2385953074076
1991-01-05,2804,12.0,14.52054795,11.69049721,0.439374498,,2543.276507,721.1946227649842
1991-01-06,2805,0.75,14.52054795,7.428670391,0.202835836,,3271.470852,1242.1060588937087
1991-01-07,2806,6.25,14.52054795,5.961192737,0.023117573,,3649.18399,1617.0390812229095
1991-01-08,2807,20.79905122,14.52054795,7.249047486,0.0,11.2,3267.706843,1279.0906532533966
1991-01-09,2808,19.85200898,50.68493151,13.02327654,0.051667489,,2220.877484,633.6088668849883
1991-01-10,2809,23.89280561,50.68493151,16.44106425,0.141739474,,2055.430148,479.09697990783604
1991-01-11,2810,7.584169165,50.68493151,11.77192458,0.017952208,,2520.088443,715.2163126991913
1991-01-12,2811,4.74737231,50.68493151,8.221223464,0.070685214,,3103.394852,1099.971154342567
1991-01-13,2812,0.0,0.0,5.887634078,0.167875333,,3660.633119,1641.2821189447607
1991-01-14,2813,0.34005294,50.68493151,4.4685,0.009968197,,4161.726843,2284.1235271591668
1991-01-15,2814,0.08922996,50.68493151,3.751365922,0.10274858,10.4,4490.511265,2816.7097066557267
1991-01-16,2815,0.35503686,8.356164384,3.246360335,0.05654717,,4775.956716,3349.3713309324285
1991-01-17,2816,4.83754377,8.356164384,3.820273743,0.152898733,,4473.256443,2755.9523504609397
1991-01-18,2817,20.48038469,8.356164384,7.007555866,0.03227483,,3183.033565,1332.1078556795883
1991-01-19,2818,1.30000815,8.356164384,7.088153631,0.216911451,,3288.769733,1313.9718512571294
1991-01-20,2819,13.41446046,8.356164384,7.188360335,0.144345372,,3339.457526,1292.0458965451708
1991-01-21,2820,0.17751843,8.356164384,6.460215084,0.521967188,,3496.871132,1468.5023917229196
1991-01-22,2821,0.0,0.0,4.779326816,0.296868339,10.8,4037.386493,2107.2948163590663
1991-01-23,2822,0.5,4.993306399,4.037128492,0.623744438,,4357.244337,2579.5539381392687
1991-01-24,2823,2.0,4.478235333,3.605581006,0.092498537,,4569.01747,2953.686632058322
1991-01-25,2824,0.0,0.0,3.153997207,0.0,,4832.467452,3467.19824414529
1991-01-26,2825,0.0,0.0,2.855941341,0.0,,5026.846854,3904.962218150896
1991-01-27,2826,0.0,0.0,2.570581006,0.04753139,,5241.324952,4429.669447054572
1991-01-28,2827,0.25,3.742728668,2.328988827,0.020819364,,5446.106661,4985.432884736532
1991-01-29,2828,0.0,0.0,2.121335196,0.047891631,9.3,5642.952105,5575.309247112094
1991-01-30,2829,1.25,8.050609501,1.983444134,0.0,,5788.144753,6042.533186303779
1991-01-31,2830,0.0,0.0,1.796907821,0.0,,6000.856134,6801.033579500841
1991-02-01,2831,1.25,7.093714484,1.684407821,0.0,,6146.061271,7348.35347829206
1991-02-02,2832,2.75,8.274645267,1.57424581,0.0,,6299.72383,7968.10050000985
1991-02-03,2833,0.0,0.0,1.465039106,0.0,,6459.841659,8684.208392642395
1991-02-04,2834,0.25,13.71265401,1.372122905,0.0,,6614.691539,9392.716683324052
1991-02-05,2835,0.0,0.0,1.276567039,0.000473692,8.7,6779.513288,10240.305690923697
1991-02-06,2836,0.0,0.0,1.101243017,0.0,,7085.516531,12220.759951555101
1991-02-07,2837,0.0,0.0,1.113410615,0.0,,7131.220017,12061.112038396095
1991-02-08,2838,0.0,0.0,1.159617318,0.0,,7008.229046,11488.25328050337
1991-02-09,2839,0.0,0.0,0.987486034,0.0,,7374.564295,13923.91515014003
1991-02-10,2840,0.0,0.0,1.045156425,0.0,,7277.354481,13009.622305378678
1991-02-11,2841,2.0,1.160491118,0.977178771,0.262622663,,7430.026684,14099.835742526539
1991-02-12,2842,3.0,12.21834666,0.985550279,0.0,,7416.005904,13956.645878170713
1991-02-13,2843,0.5,1.780821918,0.928055866,0.338758177,,7553.769125,14997.41141837123
1991-02-14,2844,10.0,1.780821918,0.96146648,0.343551501,,7499.281996,14375.98594499861
1991-02-15,2845,5.25,1.780821918,4.762709497,0.323861477,,4024.132102,2116.1080456569266
1991-02-16,2846,0.25,1.780821918,2.861472067,0.525725078,,4967.3185,3895.924061261766
1991-02-17,2847,3.25,1.780821918,2.055921788,0.58476228,,5697.479656,5788.373420652092
1991-02-18,2848,1.5,1.780821918,1.775312849,0.236934691,,6026.098306,6900.194787946023
1991-02-19,2849,1.5,1.780821918,1.633374302,0.617467562,5.1,6217.25888,7624.046415336854
1991-02-20,2850,9.5,2.191780822,2.490410615,0.130101342,,5285.177992,4600.9813561754
1991-02-21,2851,10.5,2.191780822,4.564131285,0.124127537,,4071.489024,2226.898622255258
1991-02-22,2852,56.75,2.191780822,50.25172626,0.220332688,,114.9199228,125.33263553146114
1991-02-23,2853,41.25,2.191780822,56.4227095,0.146119123,,291.316184,109.05801188031002
1991-02-24,2854,5.75,2.191780822,14.71912291,0.467494392,,2174.25749,547.0898431792517
1991-02-25,2855,0.0,0.0,7.674209497,0.801254434,,3200.409962,1194.6182550204105
1991-02-26,2856,1.75,2.191780822,5.185131285,0.451549398,9.8,3878.10162,1911.2322219688485
1991-02-27,2857,5.25,5.795734344,4.198801676,0.269219442,,4288.546323,2461.0109861659303
1991-02-28,2858,1.5,2.675725664,3.641882682,0.899871169,,4543.856549,2918.4510821022004
1991-03-01,2859,0.75,10.19620403,3.059497207,1.096491643,,4885.989287,3595.8631533841444
1991-03-02,2860,3.0,5.241170545,2.71272067,0.240671788,,5137.059412,4153.155423985571
1991-03-03,2861,6.25,2.104870585,2.984203911,0.787058588,,4949.150069,3704.8015528903293
1991-03-04,2862,16.75,20.63260678,4.807759777,0.08230581,,3866.923019,2092.370164050718
1991-03-05,2863,2.75,2.160380807,5.121100559,0.66204263,9.8,3880.141902,1939.9042112831787
1991-03-06,2864,2.25,1.369863014,4.005402235,0.159799128,,4374.788635,2604.0526621572417
1991-03-07,2865,13.75,1.369863014,6.388139665,0.454223462,,3498.029421,1488.3835132417653
1991-03-08,2866,6.25,1.369863014,5.894622905,0.297804111,,3678.276361,1638.9501899625152
1991-03-09,2867,14.5,1.369863014,8.876463687,0.070684441,,2984.901458,1003.353595356649
1991-03-10,2868,7.75,1.369863014,7.463061453,0.21033682,,3281.949997,1235.247795381823
1991-03-11,2869,1.25,1.369863014,6.014136872,1.298968692,,3625.297371,1599.9929512754775
1991-03-12,2870,1.25,1.369863014,4.71446648,0.343182178,9.9,4062.480123,2142.081461265626
1991-03-13,2871,0.0,0.0,3.972318436,2.049399514,,4385.563087,2630.057940816215
1991-03-14,2872,2.5,1.232876712,3.499416201,0.989825538,,4624.758811,3061.3527547184094
1991-03-15,2873,7.25,1.232876712,3.361902235,0.30718873,,4717.646433,3211.956231679622
1991-03-16,2874,6.5,1.232876712,4.066969274,0.212611239,,4357.457008,2556.894097839393
1991-03-17,2875,4.25,1.232876712,3.773287709,0.594259359,,4489.329936,2797.116376781669
1991-03-18,2876,45.75,1.232876712,17.76273184,0.354226351,,1398.970369,436.6564520972653
1991-03-19,2877,12.75,1.232876712,18.87038547,0.136201621,9.2,1813.19769,406.09000924137
1991-03-20,2878,28.75,3.97260274,18.92881006,0.260514273,,1863.454261,404.58669756499705
1991-03-21,2879,5.25,3.97260274,16.14760894,0.72183289,,2023.631734,489.5603356417721
1991-03-22,2880,0.75,3.97260274,8.389106145,1.376311733,,3055.966031,1073.6339075290934
1991-03-23,2881,0.75,3.97260274,5.690790503,1.86431679,,3717.088151,1709.5528651060408
1991-03-24,2882,0.0,0.0,4.360198324,2.194857261,,4207.924663,2352.268169055853
1991-03-25,2883,0.0,0.0,3.667424581,1.204033682,,4534.066818,2894.118207201474
1991-03-26,2884,0.0,0.0,3.163148045,0.267111902,9.3,4822.155566,3455.1870020155893
1991-03-27,2885,0.0,0.0,2.683458101,1.014871052,,5145.471961,4207.454589242491
1991-03-28,2886,0.0,0.0,2.2725,1.871823849,,5491.91846,5134.193524999975
1991-03-29,2887,0.0,0.0,1.998050279,0.92470558,,5766.844286,5989.6829696757195
1991-03-30,2888,0.0,0.0,1.760480447,2.488788188,,6042.586676,6969.852257238432
1991-03-31,2889,0.25,1.232876712,1.599108939,1.142041562,,6261.580675,7820.023388859796
1991-04-01,2890,36.75,1.232876712,5.066597765,0.347301547,,3531.603139,1964.9377754716552
1991-04-02,2891,47.25,1.232876712,29.60006983,0.341464244,7.5,1149.228523,236.59805786284085
1991-04-03,2892,2.5,8.904109589,11.29567877,1.67441355,,2543.552614,751.5285047190707
1991-04-04,2893,21.75,8.904109589,8.190678771,0.913919653,,3151.589042,1104.8906649604194
1991-04-05,2894,42.75,8.904109589,29.67516201,0.715527601,,1241.286986,235.8796585171961
1991-04-06,2895,10.75,8.904109589,12.21558939,0.41411524,,2478.744627,684.1778942421885
1991-04-07,2896,20.0,8.904109589,13.05869832,0.935233567,,2359.049893,631.5481500660676
1991-04-08,2897,1.5,8.904109589,8.365072626,0.476429144,,3065.705366,1077.3330389288074
1991-04-09,2898,0.0,0.0,5.804094972,1.49251642,9.5,3684.593989,1669.6344007075531
1991-04-10,2899,0.0,0.0,4.415304469,1.615274797,,4183.323164,2317.135816046471
1991-04-11,2900,0.0,0.0,3.674790503,1.25986153,,4530.321405,2887.1699577306354
1991-04-12,2901,1.25,2.779909255,3.21677095,0.501596107,,4789.023089,3386.3094105538685
1991-04-13,2902,0.0,0.0,2.702614525,1.843021754,,5132.164396,4171.762246273858
1991-04-14,2903,0.0,0.0,2.287282123,3.18552566,,5477.402921,5094.485623239976
1991-04-15,2904,0.0,0.0,2.025175978,3.390773639,,5738.025769,5893.751268766553
1991-04-16,2905,0.0,0.0,1.789164804,2.632434204,8.5,6005.011679,6836.286216619086
1991-04-17,2906,0.0,0.0,1.611879888,1.494930613,,6242.826296,7745.911599987789
1991-04-18,2907,2.85242598,5.205479452,1.525675978,2.041522431,,6367.01185,8272.695469850636
1991-04-19,2908,0.132432705,5.205479452,1.349949721,2.492033895,,6646.929974,9577.671109329163
1991-04-20,2909,0.517512115,5.205479452,1.247027933,2.242013927,,6835.962341,10531.292861544927
1991-04-21,2910,11.52991793,5.205479452,1.504432961,0.841476838,,6399.12,8412.718008832102
1991-04-22,2911,0.0,0.0,1.203310056,2.559087613,,6908.134918,10990.831001058552
1991-04-23,2912,0.0,0.0,1.088446927,2.288332824,8.4,7162.233166,12392.886553446768
1991-04-24,2913,0.38507941,0.821917808,1.029494413,1.478572067,,7300.0323,13246.810553116255
1991-04-25,2914,12.39585336,0.821917808,1.454430168,0.78696862,,6448.949012,8760.085748778076
1991-04-26,2915,0.132432705,0.821917808,1.149812849,1.361540332,,7011.616453,11605.584746016644
1991-04-27,2916,0.0,0.0,1.007622905,3.424440214,,7346.612622,13591.607760857143
1991-04-28,2917,0.77015882,0.821917808,0.983539106,1.50604933,,7419.01653,13990.801658235181
1991-04-29,2918,54.55476267,0.821917808,10.67912849,0.210999841,,2219.158336,803.8533353229245
1991-04-30,2919,5.692633265,0.821917808,10.00601397,0.612871645,8.2,2705.928216,869.1222893216323
1991-05-01,2920,0.0,0.0,5.13749162,1.046593225,,3884.754127,1932.4897480176958
1991-05-02,2921,0.0,0.0,3.695958101,2.196657859,,4509.031865,2867.371901233127
1991-05-03,2922,2.202481165,2.40874656,2.947575419,3.205367672,,4957.839961,3760.0116313169174
1991-05-04,2923,1.80518305,1.122584215,2.530759777,1.006896113,,5262.622401,4513.271293809203
1991-05-05,2924,0.0,0.0,2.108312849,3.201957296,,5646.088716,5616.56869866898
1991-05-06,2925,1.68496905,7.747434482,1.844648045,2.355734868,,5944.293238,6590.846536245999
1991-05-07,2926,1.552536345,3.36124321,1.743184358,1.347277293,8.5,6066.477907,7052.725507869004
1991-05-08,2927,0.38507941,3.215474438,1.524921788,3.365831352,,6362.936507,8277.593372310806
1991-05-09,2928,0.0,0.0,1.371293296,3.532301431,,6612.332939,9399.51854144887
1991-05-10,2929,0.0,0.0,1.267592179,2.853709665,,6795.903179,10327.141930524218
1991-05-11,2930,0.64994482,4.569501071,1.215578212,1.443245587,,6901.140546,10858.20992097981
1991-05-12,2931,0.132432705,1.569912426,1.140058659,3.346475161,,7050.960352,11724.515044261676
1991-05-13,2932,6.354796785,4.517914008,1.227444134,1.811104707,,6878.810091,10732.703550468648
1991-05-14,2933,0.0,0.0,1.203134078,4.391212533,8.0,6915.594417,10992.754967244291
1991-05-15,2934,0.0,0.0,1.12349162,2.935193909,,7088.112004,11931.714860696904
1991-05-16,2935,0.0,0.0,1.072055866,1.093576806,,7202.594316,12619.97038255194
1991-05-17,2936,0.0,0.0,1.042617318,1.131258783,,7270.859,13047.543813376888
1991-05-18,2937,0.26486541,0.61755001,0.992840782,2.456511792,,7390.415556,13834.1039449751
1991-05-19,2938,0.91481023,1.571067881,0.977731844,2.505273764,,7430.252224,14090.29267690474
1991-05-20,2939,0.0,0.0,0.911413408,3.603129979,,7604.023763,15325.661308685088
1991-05-21,2940,0.0,0.0,0.875564246,4.326502258,7.9,7707.580941,16079.424533077752
1991-05-22,2941,0.0,0.0,0.844793296,5.094987019,,7796.403752,16782.630167205232
1991-05-23,2942,0.0,0.0,0.765930168,3.42781552,,8030.043618,18870.279945711816
1991-05-24,2943,0.0,0.0,0.672083799,5.948867609,,8396.458886,22063.949020740496
1991-05-25,2944,0.0,0.0,0.659111732,2.171628131,,8450.710828,22584.366605250914
1991-05-26,2945,0.0,0.0,0.637189944,1.822072549,,8541.040301,23516.846529461236
1991-05-27,2946,0.0,0.0,0.617782123,4.684039705,,8627.673718,24403.201127018336
1991-05-28,2947,0.132432705,4.794520548,0.610692737,2.86794861,,8658.338532,24742.419421810097
1991-05-29,2948,0.0,0.0,0.601114525,4.170639733,,8703.816254,25214.69246823887
1991-05-30,2949,0.0,0.0,0.60526257,1.239635614,,8685.108035,25008.1506343948
1991-05-31,2950,0.0,0.0,0.59402514,2.098933927,,8731.169537,25575.027902377267
1991-06-01,2951,0.0,0.0,0.576628492,4.480847133,,8817.276619,26500.563093973808
1991-06-02,2952,7.124955605,4.794520548,0.650916201,0.908538109,,8488.523945,22924.91063613158
1991-06-03,2953,0.770158825,4.794520548,0.614463687,3.206034838,,8635.173933,24560.914648846978
1991-06-04,2954,0.0,0.0,0.571902235,4.835975937,7.7,8830.836383,26762.700722243746
1991-06-05,2955,5.82506597,4.520547945,0.594452514,1.4292006,,8754.75496,25553.038283446745
1991-06-06,2956,2.202481165,4.520547945,0.657,3.254061813,,8443.306263,22671.22247013481
1991-06-07,2957,0.0,0.0,0.581631285,1.035963102,,8786.742659,26228.177574939524
1991-06-08,2958,8.653054545,4.520547945,0.682265363,0.88795398,,8378.474591,21670.67260326718
1991-06-09,2959,24.67149272,4.520547945,1.249340782,2.005530635,,6834.033236,10507.963680831108
1991-06-10,2960,5.82506597,4.520547945,1.996617318,1.629113628,,5646.474032,5994.83036948843
1991-06-11,2961,5.427767855,4.520547945,1.200268156,0.744558397,7.8,6939.721913,11024.175272165452
1991-06-12,2962,6.8478715,4.794520548,1.32151676,3.556042468,,6687.645465,9824.83215952159
1991-06-13,2963,11.37304783,4.794520548,2.208368715,1.911399211,,5529.342961,5313.238817822936
1991-06-14,2964,11.24061513,4.794520548,1.605620112,2.859750833,,6325.401544,7782.076283959101
1991-06-15,2965,12.27563936,4.794520548,7.36127095,1.178273147,,3219.709078,1255.7512481736187
1991-06-16,2966,2.46734657,4.794520548,3.290958101,2.261573446,,4715.786801,3295.074446213908
1991-06-17,2967,4.910255735,4.794520548,2.623223464,1.519711342,,5192.53042,4323.42125536105
1991-06-18,2968,19.03995295,4.794520548,2.955997207,1.581468787,7.6,5037.304199,3747.1843995829645
1991-06-19,2969,5.68041457,2.054794521,6.74922067,1.995292661,,3396.296552,1393.4552334960922
1991-06-20,2970,0.64994482,2.054794521,3.525259777,3.451886432,,4587.833134,3034.4873957343793
1991-06-21,2971,2.202481165,2.054794521,2.908106145,2.439473469,,4987.466964,3821.215812438214
1991-06-22,2972,9.43543207,2.054794521,2.756463687,3.193044445,,5102.205682,4074.3445436706897
1991-06-23,2973,1.287670935,2.054794521,2.383541899,2.281077838,,5391.775793,4849.1037641778385
1991-06-24,2974,10.482675,2.054794521,2.578173184,1.222335882,,5251.932638,4414.051937559752
1991-06-25,2975,14.24991121,2.054794521,5.536432961,2.125555671,7.3,3715.941554,1766.8308031299903
1991-06-26,2976,8.255756435,2.602739726,3.799332402,2.770645951,,4473.893506,2774.1607080172503
1991-06-27,2977,0.26486541,2.602739726,3.175617318,2.994209931,,4812.594906,3438.94239315325
1991-06-28,2978,0.0,0.0,2.762321229,5.325177216,,5088.882759,4063.9991369833488
1991-06-29,2979,2.45512787,2.602739726,2.434650838,3.678822064,,5355.516097,4727.456610682137
1991-06-30,2980,2.45512787,2.602739726,2.296608939,3.296694684,,5472.249332,5069.720544972752
1991-07-01,2981,5.83728467,2.602739726,2.212290503,2.927886759,,5559.102615,5301.962209267584
1991-07-02,2982,1.15523823,2.602739726,1.990784916,3.45116505,7.6,5778.418146,6015.86517497342
1991-07-03,2983,8.689710655,2.328767123,2.360614525,1.94181934,,5412.226533,4905.556730436535
1991-07-04,2984,0.0,0.0,1.947569832,6.080831033,,5818.903745,6176.039446465418
1991-07-05,2985,0.38507941,2.328767123,1.754622905,5.181268206,,6055.649463,6997.71744310538
1991-07-06,2986,1.167456935,2.328767123,1.643128492,5.525436467,,6200.579492,7569.897818011721
1991-07-07,2987,0.0,0.0,1.523463687,5.029960928,,6373.198613,8287.077753083071
1991-07-08,2988,33.36120338,2.328767123,3.834226257,1.137860364,,4310.119464,2743.9419682624457
1991-07-09,2989,2.587560575,2.328767123,6.514843575,3.477509662,,3109.046823,1453.7555246948104
1991-07-10,2990,0.0,0.0,2.993430168,5.455273448,7.5,4915.172929,3691.1286839675377
1991-07-11,2991,4.65760903,1.917808219,2.560449721,2.839192188,,5253.976896,4450.668536529844
1991-07-12,2992,10.5315498,1.917808219,3.044790503,1.821012665,,4912.867852,3616.6767511410417
1991-07-13,2993,15.02007003,1.917808219,4.254385475,1.128341328,,4230.104691,2422.537090014338
1991-07-14,2994,2.587560575,1.917808219,3.598114525,4.094828293,,4547.932121,2961.030721616157
1991-07-15,2995,5.042688445,1.917808219,3.382692737,1.703465277,,4696.529948,3188.322886655702
1991-07-16,2996,2.07004846,1.917808219,3.036645251,2.796956874,7.8,4908.94523,3628.2996039663835
1991-07-17,2997,0.90259153,1.506849315,2.748796089,2.840729027,,5101.820556,4087.9600221076116
1991-07-18,2998,15.26049804,1.506849315,3.961583799,1.743011932,,4370.746426,2638.5984012724466
1991-07-19,2999,0.38507941,1.506849315,3.018645251,1.603678684,,4917.317331,3654.229153496905
1991-07-20,3000,0.0,0.0,2.687555866,2.236943469,,5148.283914,4199.772619100169
1991-07-21,3001,0.0,0.0,2.391460894,3.456698302,,5388.652644,4829.881286140312
1991-07-22,3002,0.0,0.0,2.190921788,3.049072549,,5574.9544,5363.942945536213
1991-07-23,3003,5.042688445,1.506849315,2.152432961,1.368401887,7.8,5617.175826,5478.9959113808245
1991-07-24,3004,22.26523965,1.643835616,4.858441341,1.531661213,,3855.088263,2066.2426063009907
1991-07-25,3005,0.38507941,1.643835616,3.204276536,3.384480667,,4776.62081,3402.132033729613
1991-07-26,3006,0.0,0.0,2.664150838,2.58915784,,5163.756735,4243.998839102211
1991-07-27,3007,0.0,0.0,2.378589385,1.2856084,,5401.715148,4861.196907359791
1991-07-28,3008,0.0,0.0,2.159170391,4.760041305,,5602.888291,5458.530618888156
1991-07-29,3009,0.0,0.0,1.967832402,5.926290323,,5803.343194,6099.975328071499
1991-07-30,3010,1.552536345,1.643835616,1.862798883,1.770263784,7.5,5928.827837,6514.032961646218
1991-07-31,3011,24.45550211,0.410958904,4.289103352,2.515724039,,4109.498153,2399.061434097319
1991-08-01,3012,1.03502423,0.410958904,2.466578212,2.407632807,,5315.634356,4654.269980783249
1991-08-02,3013,0.0,0.0,2.165405028,4.272726806,,5596.356275,5439.717147433576
1991-08-03,3014,3.369938095,0.410958904,2.097930168,2.525100188,,5672.386758,5649.868008771393
1991-08-04,3015,0.132432705,0.410958904,1.923837989,4.348534244,,5852.992516,6267.366833604926
1991-08-05,3016,6.607443495,0.410958904,1.965946927,0.919286178,,5829.532954,6106.980615304759
1991-08-06,3017,11.63791324,0.410958904,3.326078212,1.47004194,7.2,4700.942069,3253.4408644311097
1991-08-07,3018,0.64994482,0.410958904,2.629181564,2.604617557,,5173.541491,4311.690179368548
1991-08-08,3019,0.0,0.0,2.180111732,5.327291621,,5579.764466,5395.806515950037
1991-08-09,3020,52.02829562,0.410958904,13.71901676,0.810456614,,1796.864167,595.267518721105
1991-08-10,3021,40.36594497,0.410958904,35.41965084,0.491330217,,1058.470697,190.74108812329033
1991-08-11,3022,3.11729139,0.410958904,16.65155866,1.896523169,,1933.379094,471.8410068102967
1991-08-12,3023,0.0,0.0,7.869041899,3.045620122,,3150.320421,1159.2483469228669
1991-08-13,3024,0.0,0.0,4.931145251,3.474259588,7.7,3959.721991,2029.7910338067284
1991-08-14,3025,0.0,0.0,3.694198324,3.652699577,,4515.422832,2869.008323208892
1991-08-15,3026,4.790041735,1.369863014,3.177854749,2.988135544,,4815.521013,3436.042347899962
1991-08-16,3027,11.36082913,1.369863014,3.162921788,3.264017299,,4921.608652,3455.4830629029198
1991-08-17,3028,2.190262465,1.369863014,3.634969274,1.743232725,,4404.200107,2925.101867426773
1991-08-18,3029,0.0,0.0,2.659751397,4.225708051,,5164.042384,4252.407528827842
1991-08-19,3030,10.4948937,1.369863014,2.980382682,2.653444522,,4928.457018,3710.4916665583874
1991-08-20,3031,0.132432705,1.369863014,2.784519553,4.724981749,7.1,5057.459834,4025.2267904403216
1991-08-21,3032,1.937615755,2.876712329,2.413684358,3.896309051,,5370.51021,4776.675680918858
1991-08-22,3033,4.77782304,2.876712329,2.298343575,1.341493162,,5479.829192,5065.138985058809
1991-08-23,3034,49.89715366,2.876712329,12.95316201,1.59409095,,2032.22815,637.7244359819623
1991-08-24,3035,0.264865405,2.876712329,10.01348045,1.831979861,,2649.316161,868.3452898850163
1991-08-25,3036,0.902591525,2.876712329,5.441103352,3.447317088,,3782.558317,1803.9923603127304
1991-08-26,3037,0.0,0.0,3.87452514,2.920499611,,4424.220544,2709.7856940373485
1991-08-27,3038,0.0,0.0,3.216972067,4.087059536,7.7,4787.386237,3386.055824800618
1991-08-28,3039,0.0,0.0,2.826301676,3.65214609,,5045.176525,3954.0610753406645
1991-08-29,3040,0.0,0.0,2.455416201,4.31275643,,5330.943861,4679.618858008121
1991-08-30,3041,0.0,0.0,2.204597765,4.966298474,,5560.495902,5324.123271084514
1991-08-31,3042,0.0,0.0,2.024698324,4.588150984,,5743.914518,5895.416115040262
1991-09-01,3043,0.0,0.0,1.906290503,2.000989298,,5874.595035,6336.502400088986
1991-09-02,3044,0.0,0.0,1.745798883,3.978371497,,6063.769035,7040.0824400639685
1991-09-03,3045,0.0,0.0,1.631337989,2.535054922,7.9,6219.564625,7635.440375330423
1991-09-04,3046,0.0,0.0,1.540634078,3.1569045,,6346.942001,8176.640909400347
1991-09-05,3047,0.0,0.0,1.429265363,4.414398774,,6517.801482,8945.023168536613
1991-09-06,3048,0.0,0.0,1.349572626,2.197621852,,6651.219183,9580.874334532544
1991-09-07,3049,0.0,0.0,1.256681564,4.031627373,,6817.498571,10434.543132769397
1991-09-08,3050,0.0,0.0,1.182393855,3.948212846,,6965.505775,11223.91676946327
1991-09-09,3051,0.0,0.0,1.132416201,3.582930897,,7068.948261,11819.270349377213
1991-09-10,3052,0.0,0.0,1.081835196,3.488403107,7.7,7179.968102,12483.577324351354
1991-09-11,3053,0.0,0.0,1.060240223,0.459428401,,7232.910065,12788.452884623815
1991-09-12,3054,0.0,0.0,1.018407821,1.610067489,,7327.319172,13419.555065411325
1991-09-13,3055,0.902591525,1.917808219,0.978310056,2.612618542,,7432.611904,14080.328512168307
1991-09-14,3056,14.22547382,1.917808219,1.51124581,0.94148639,,6200.753209,8367.340454666797
1991-09-15,3057,2.71999328,1.917808219,1.297332402,2.888888354,,6636.6768,10044.441078388965
1991-09-16,3058,22.08393214,1.917808219,2.858505587,1.413634422,,4890.776776,3900.7670227745657
1991-09-17,3059,0.517512115,1.917808219,1.440201117,1.663967832,7.6,6474.303334,8863.783830604712
1991-09-18,3060,5.680414565,3.835616438,1.465391061,2.21784371,,6457.003158,8681.71180601741
1991-09-19,3061,0.0,0.0,1.231969274,1.997961786,,6859.56048,10685.539737383468
1991-09-20,3062,0.0,0.0,1.134502793,2.2248321,,7063.088479,11793.260547204212
1991-09-21,3063,18.36557074,3.835616438,1.697405028,2.781668424,,6082.225016,7281.044208248068
1991-09-22,3064,0.649944815,3.835616438,2.161734637,2.032459437,,5316.344695,5450.778390625814
1991-09-23,3065,21.73550884,3.835616438,3.292743017,0.652109871,,4636.956554,3292.934956218526
1991-09-24,3066,17.3061091,3.835616438,8.965734637,1.883942289,6.9,2779.340539,991.3877549729314
1991-09-25,3067,1.03502423,2.739726027,3.663930168,1.268067059,,4505.900551,2897.4252099816886
1991-09-26,3068,27.515646,2.739726027,7.541949721,0.063318595,,2990.795591,1219.7753497206486
1991-09-27,3069,0.132432705,2.739726027,5.554835196,1.860543414,,3712.417632,1759.8184644629468
1991-09-28,3070,23.80555729,2.739726027,7.526916201,0.077565215,,3172.067485,1222.6964084058825
1991-09-29,3071,1.552536345,2.739726027,7.769187151,0.459028618,,3154.034754,1177.1324558114136
1991-09-30,3072,5.307553855,2.739726027,4.952011173,1.682976405,,3972.166046,2019.5465014283932
1991-10-01,3073,2.20248116,2.739726027,4.19324581,2.08549949,7.9,4261.438598,2464.9182689154004
1991-10-02,3074,5.415549155,3.698630137,3.428044693,1.348843598,,4694.397838,3137.861116180291
1991-10-03,3075,17.96827262,3.698630137,9.705946927,1.823579592,,2723.197567,901.4384494289936
1991-10-04,3076,3.225286695,3.698630137,4.956837989,1.689575693,,3957.866599,2017.1901748915466
1991-10-05,3077,11.00018712,3.698630137,6.852569832,1.501257292,,3406.830284,1368.302589939503
1991-10-06,3078,0.38507941,3.698630137,4.497662011,1.616526475,,4146.013119,2266.38983195268
1991-10-07,3079,26.38089917,3.698630137,7.80146648,0.449303499,,3057.646984,1171.2961482230899
1991-10-08,3080,9.58008348,3.698630137,11.50838547,1.878052335,6.9,2464.271822,734.9020420771876
1991-10-09,3081,14.35790652,2.054794521,10.21153073,0.138543226,,2782.969327,848.1904835657247
1991-10-10,3082,0.132432705,2.054794521,10.09156425,0.147902518,,2706.28018,860.2951676834367
1991-10-11,3083,3.225286695,2.054794521,6.808650838,0.78513579,,3419.703996,1378.8888771859615
1991-10-12,3084,1.42010364,2.054794521,5.365357542,1.257132734,,3821.624722,1834.555743895813
1991-10-13,3085,0.0,0.0,4.107946927,1.710502564,,4318.782011,2526.3661794714117
1991-10-14,3086,1.03502423,2.054794521,3.491874302,0.679506121,,4629.564517,3069.27521407819
1991-10-15,3087,0.0,0.0,3.073022346,1.182072131,7.8,4883.444534,3576.9148376777375
1991-10-16,3088,30.61677269,19.17808219,8.682938547,0.830033171,,2921.706981,1030.223792155279
1991-10-17,3089,30.62899139,19.17808219,10.02356145,1.192790758,,2689.679132,867.2982286852074
1991-10-18,3090,4.15231562,19.17808219,10.75258659,0.511519236,,2594.287896,797.2725878744801
1991-10-19,3091,1.03502423,19.17808219,6.585134078,0.70176885,,3463.98436,1435.1758674609403
1991-10-20,3092,3.622584805,19.17808219,4.788402235,0.393611,,4033.269684,2102.5099080790583
1991-10-21,3093,0.517512115,19.17808219,3.98174581,0.677415355,,4377.375656,2622.599249893317
1991-10-22,3094,0.517512115,19.17808219,3.39377933,0.803493267,8.2,4685.697023,3175.8503183911516
1991-10-23,3095,0.0,0.0,3.193365922,0.345477332,,4817.183874,3416.0602500470195
1991-10-24,3096,0.0,0.0,3.078226257,0.264005819,,4879.649667,3569.6730265226556
1991-10-25,3097,0.517512115,4.074267052,2.815793296,0.115404924,,5057.855602,3971.741254879455
1991-10-26,3098,0.0,0.0,2.592100559,0.112346275,,5227.219257,4385.663716528662
1991-10-27,3099,0.0,0.0,2.451946927,0.391900272,,5343.320075,4687.549212947686
1991-10-28,3100,0.132432705,7.823144952,2.258069832,0.546190618,,5509.396828,5173.507099895004
1991-10-29,3101,7.63024902,7.071637397,2.216011173,0.509425649,7.7,5565.759599,5291.304405008777
1991-10-30,3102,3.357719395,7.808219178,2.315337989,0.76762222,,5455.27029,5020.6515293866005
1991-10-31,3103,25.35809363,7.808219178,5.689885475,0.309904635,,3433.01771,1709.8787538233325
1991-11-01,3104,29.94239047,7.808219178,11.71038268,0.619683935,,2476.396592,719.7262184305498
1991-11-02,3105,25.08100953,7.808219178,13.75453911,0.466161464,,2396.936005,593.4241159946399
1991-11-03,3106,12.51606737,7.808219178,17.79961173,0.286779777,,1863.513251,435.5712922199946
1991-11-04,3107,23.39604049,7.808219178,12.89564246,0.158611007,,2437.626725,641.1374569185807
1991-11-05,3108,0.517512115,7.808219178,11.21349721,0.560799473,9.1,2554.586238,758.1382056925615
1991-11-06,3109,24.56349742,5.890410959,9.804067039,0.344704764,,2801.597749,890.6319486726223
1991-11-07,3110,43.51989245,5.890410959,33.90149162,0.157748559,,1049.098866,201.03992965093494
1991-11-08,3111,18.63043614,5.890410959,19.40676536,0.269396493,,1784.469703,392.6615760127364
1991-11-09,3112,11.08374503,5.890410959,11.42441899,0.210160683,,2600.792529,741.384094174033
1991-11-10,3113,47.28515568,5.890410959,21.44146927,0.124025099,,1524.702262,348.38889389688575
1991-11-11,3114,0.517512115,5.890410959,21.54768436,0.262739231,,1362.347033,346.3293359231868
1991-11-12,3115,11.75812724,5.890410959,11.10672905,0.360806543,9.0,2628.81503,766.8860689392379
1991-11-13,3116,10.50711241,13.97260274,8.912564246,0.0,,2981.647504,998.4829633945778
1991-11-14,3117,29.01536155,13.97260274,10.06655028,0.10855883,,2816.497214,862.8590651689397
1991-11-15,3118,3.3455007,13.97260274,10.32448324,0.135385236,,2760.099465,837.075791033966
1991-11-16,3119,2.33491387,13.97260274,8.384103352,0.306338544,,3082.79684,1074.4019942670607
1991-11-17,3120,9.70029749,13.97260274,7.836083799,0.279402648,,3217.498552,1165.0958125712843
1991-11-18,3121,37.89859841,13.97260274,20.47276257,0.083487025,,1771.016595,368.26045311663233
1991-11-19,3122,3.76723621,13.97260274,15.40649162,0.0,9.3,2104.896288,517.9435035228441
1991-11-20,3123,0.38507941,1.141094834,8.579111732,0.328925376,,3029.488262,1045.1896991942533
1991-11-21,3124,2.59977928,3.045776748,6.337282123,0.264666658,,3547.805218,1502.7112386133547
1991-11-22,3125,0.38507941,6.852200251,4.955128492,0.091379046,,3965.18024,2018.0241302160148
1991-11-23,3126,0.132432705,1.627849307,3.938329609,0.397829631,,4394.888983,2657.274891453037
1991-11-24,3127,0.0,0.0,3.350765363,0.370734361,,4712.087234,3224.7484962158505
1991-11-25,3128,1.552536345,2.267153863,3.106684358,0.328707059,,4864.430259,3530.541510722579
1991-11-26,3129,0.0,0.0,2.783162011,0.306364901,8.0,5077.70486,4027.57842147092
1991-11-27,3130,1.03502423,4.719890874,2.533826816,0.10387493,,5274.674525,4506.729632160535
1991-11-28,3131,6.462792085,9.310970944,2.671340782,0.142106821,,5168.417329,4230.322105909347
1991-11-29,3132,0.0,0.0,2.397217877,0.172633916,,5384.103954,4815.994389162496
1991-11-30,3133,0.0,0.0,2.22224581,0.034562028,,5547.174253,5273.533226353844
1991-12-01,3134,0.0,0.0,2.105547486,0.033984979,,5661.989408,5625.40252884061
1991-12-02,3135,0.132432705,23.58282605,2.011273743,0.120804427,,5761.064919,5942.5623730358375
1991-12-03,3136,0.0,0.0,1.919840782,0.125065299,8.0,5861.235372,6282.993432044858
1991-12-04,3137,0.0,0.0,1.828558659,0.097331327,,5966.762509,6660.337555654443
1991-12-05,3138,0.0,0.0,1.736824022,0.356356355,,6080.462666,7083.656787719317
1991-12-06,3139,0.0,0.0,1.520773743,0.294997722,,6361.518351,8304.62720702662
1991-12-07,3140,0.0,0.0,1.387986034,0.179951997,,6587.103694,9264.373087962918
1991-12-08,3141,0.0,0.0,1.319103352,0.194227909,,6708.252003,9846.350448481506
1991-12-09,3142,0.0,0.0,1.258717877,0.017497434,,6816.436952,10414.343012576108
1991-12-10,3143,0.0,0.0,1.198332402,0.172966409,7.8,6931.771227,11045.491138875364
1991-12-11,3144,0.0,0.0,1.068460894,0.095582087,,7179.245459,12670.79913025444
1991-12-12,3145,0.0,0.0,1.091086592,0.155533538,,7175.436849,12357.016141042175
1991-12-13,3146,0.0,0.0,1.078039106,0.179234685,,7189.960757,12536.19909124633
1991-12-14,3147,0.0,0.0,1.031681564,0.328403882,,7296.529954,13213.212834401054
1991-12-15,3148,2.467346575,3.561643836,1.024743017,0.260736471,,7321.055357,13320.34145309018
1991-12-16,3149,3.11729139,3.561643836,1.026100559,0.079928923,,7315.235466,13299.256327992727
1991-12-17,3150,26.81485336,3.561643836,2.415569832,0.126739345,8.1,5200.549424,4772.211097867406
1991-12-18,3151,28.54672423,8.767123288,5.38574581,0.36869568,,3510.225581,1826.2361637903332
1991-12-19,3152,23.64868719,8.767123288,15.27315084,0.36352811,,2106.120657,523.3722701416162
1991-12-20,3153,32.16930904,8.767123288,11.41881285,0.473146025,,2436.89511,741.8206100154274
1991-12-21,3154,107.5936451,8.767123288,63.90867318,0.049547673,,292.0135458,93.9025199835481
1991-12-22,3155,1.42010364,8.767123288,24.84123184,0.150135459,,1215.532641,291.9877861772512
1991-12-23,3156,8.267975145,8.767123288,9.634148045,0.42594994,9.7,2845.056995,909.499460834384
1991-12-24,3157,0.0,0.0,6.129301676,0.206272407,,3581.705747,1564.0297227909778
1991-12-25,3158,2.587560575,31.50684932,4.32598324,0.398379969,,4217.093351,2374.5769261329915
1991-12-26,3159,8.83436205,31.50684932,5.271460894,0.060505952,,3870.174665,1873.7848269038386
1991-12-27,3160,0.0,0.0,3.664784916,0.188212549,,4526.310466,2896.615663240567
1991-12-28,3161,0.0,0.0,3.090896648,0.14360474,,4871.200408,3552.1527592913844
1991-12-29,3162,1.42010364,31.50684932,2.848424581,0.080625196,,5035.561785,3917.30771426029
1991-12-30,3163,0.38507941,31.50684932,2.560625698,0.065481576,8.6,5247.648706,4450.30223169264
1991-12-31,3164,3.99544552,4.109589041,2.412452514,0.108360919,,5376.951149,4779.596684104814
1992-01-01,3165,8.5,4.109589041,2.396614525,0.229899844,,5407.243443,4817.4463475202465
1992-01-02,3166,14.75,4.109589041,3.801393855,0.257740377,,4459.777914,2772.3585072415267
1992-01-03,3167,30.5,4.109589041,9.833455307,0.238761931,,2625.128204,887.4413621310202
1992-01-04,3168,16.25,4.109589041,11.10605028,0.292078454,,2490.732257,766.9422743514406
1992-01-05,3169,48.0,4.109589041,34.32853911,0.243713942,,987.3673756,198.04161186114771
1992-01-06,3170,0.0,0.0,15.16203352,0.315540193,,2052.675502,527.9764883577494
1992-01-07,3171,1.5,4.109589041,7.529505587,0.295906573,9.2,3236.502133,1222.192369000696
1992-01-08,3172,12.25,4.109589041,6.087594972,0.255820152,,3632.548657,1576.8810763897588
1992-01-09,3173,6.0,4.109589041,6.943701117,0.0,,3390.630843,1346.8051654001401
1992-01-10,3174,0.75,4.109589041,4.935393855,0.117836488,,3980.29107,2027.6973814718326
1992-01-11,3175,0.0,0.0,4.099298883,0.26894681,,4326.972778,2532.753070325761
1992-01-12,3176,0.25,4.109589041,3.613399441,0.117991252,,4565.722838,2946.032085965509
1992-01-13,3177,0.0,0.0,3.186553073,0.034301088,,4810.732177,3424.810511869631
1992-01-14,3178,0.0,0.0,2.83273743,0.194049914,8.5,5043.259883,3943.304145768158
1992-01-15,3179,0.25,3.493319926,2.526058659,0.207775888,,5276.691053,4523.332141733145
1992-01-16,3180,0.0,0.0,2.2815,0.247856102,,5487.198367,5109.950336599546
1992-01-17,3181,0.0,0.0,2.067963687,0.110680033,,5696.2914,5748.038168641477
1992-01-18,3182,0.25,7.94657377,1.872703911,0.158918924,,5909.672582,6472.804488069458
1992-01-19,3183,0.25,7.677743225,1.693106145,0.150981572,,6132.918096,7303.181455655589
1992-01-20,3184,0.0,0.0,1.537642458,0.040210104,,6347.358897,8195.68768411251
1992-01-21,3185,0.0,0.0,1.38750838,0.056822458,8.2,6582.939041,9268.190600482123
1992-01-22,3186,0.0,0.0,1.265027933,0.380713684,,6790.920002,10352.200860674893
1992-01-23,3187,0.0,0.0,1.213768156,0.309984853,,6905.895644,10877.591903604432
1992-01-24,3188,0.0,0.0,1.153030726,0.487467213,,7029.480834,11566.83441571762
1992-01-25,3189,11.0,1.643835616,1.472581006,0.374480549,,6418.66455,8630.996783041743
1992-01-26,3190,0.0,0.0,1.259094972,0.443071375,,6799.613645,10410.610121678943
1992-01-27,3191,0.0,0.0,1.131310056,0.568021795,,7069.826027,11833.101404454103
1992-01-28,3192,0.0,0.0,1.07022067,0.230722187,8.2,7206.704496,12645.87109007289
1992-01-29,3193,0.0,0.0,1.03127933,0.183934371,,7297.598932,13219.37997464152
1992-01-30,3194,0.25,8.630136986,0.991030726,0.772617169,,7396.199641,13864.343464452548
1992-01-31,3195,0.0,0.0,0.955357542,1.136960051,,7488.351187,14486.047947020073
1992-02-01,3196,0.0,0.0,0.917296089,0.795264478,,7589.204857,15208.139061979673
1992-02-02,3197,0.75,8.630136986,0.922776536,0.115883597,,7584.19663,15100.131707403874
1992-02-03,3198,13.0,8.630136986,1.264324022,0.577973745,,6902.805507,10359.09931136349
1992-02-04,3199,18.75,8.630136986,4.821108939,0.193045616,8.8,3909.611711,2085.4297937395586
1992-02-05,3200,0.0,0.0,2.623776536,0.492095481,,5148.202224,4322.32983176824
1992-02-06,3201,0.0,0.0,1.968335196,0.664564712,,5790.531768,6098.1097381042555
1992-02-07,3202,0.0,0.0,1.687122905,0.427141192,,6138.619557,7334.1986250804675
1992-02-08,3203,0.0,0.0,1.550036313,0.838182625,,6333.351245,8117.304956799925
1992-02-09,3204,24.25,8.219178082,4.87649162,0.253021249,,3845.996687,2057.081269803757
1992-02-10,3205,4.5,8.219178082,3.645804469,0.520535334,,4520.544824,2914.690589643163
1992-02-11,3206,0.75,8.219178082,3.17850838,0.276722058,8.9,4806.921352,3435.195990785926
1992-02-12,3207,15.25,8.904109589,4.363013966,0.180114219,,4156.152395,2350.4494407681527
1992-02-13,3208,7.5,8.904109589,6.112784916,0.439634858,,3612.484601,1569.0960935876647
1992-02-14,3209,11.75,8.904109589,6.337583799,0.271458188,,3560.154203,1502.62550445498
1992-02-15,3210,2.5,8.904109589,6.064089385,0.719866677,,3600.44282,1584.2096304906013
1992-02-16,3211,1.25,8.904109589,4.451455307,0.531708785,,4167.148949,2294.6068258216214
1992-02-17,3212,10.5,8.904109589,3.951175978,0.412691246,,4419.874337,2646.9275363433508
1992-02-18,3213,1.5,8.904109589,4.503670391,0.135295666,8.9,4143.068639,2262.7674176889363
1992-02-19,3214,3.75,6.849315068,3.753980447,0.206156148,,4500.001217,2814.359682518153
1992-02-20,3215,0.0,0.0,3.329748603,0.695800834,,4722.615226,3249.1454107206337
1992-02-21,3216,5.0,6.849315068,3.296815642,0.264735705,,4752.610893,3288.0628298959577
1992-02-22,3217,12.0,6.849315068,3.147284916,0.26841666,,4857.128286,3476.0574796601504
1992-02-23,3218,20.5,6.849315068,11.9877486,0.660927841,,2433.210434,699.8020074929061
1992-02-24,3219,0.0,0.0,5.959835196,0.54083418,,3635.652766,1617.4805383537773
1992-02-25,3220,0.0,0.0,4.534164804,1.45157244,9.1,4133.711682,2244.545061363361
1992-02-26,3221,3.25,3.561643836,3.863891061,0.978141653,,4436.761701,2718.7228534337487
1992-02-27,3222,17.0,3.561643836,4.977628492,0.64537272,,3903.287002,2007.0981617327304
1992-02-28,3223,0.25,3.561643836,4.79546648,1.326978446,,3986.018327,2098.799137931865
1992-02-29,3224,0.75,3.561643836,3.706944134,0.944960574,,4516.719351,2857.194535362105
1992-03-01,3225,15.25,3.561643836,5.131181564,0.843495553,,3922.128054,1935.3379278089951
1992-03-02,3226,9.5,3.561643836,4.374553073,1.010533072,,4219.811466,2343.0227661955014
1992-03-03,3227,21.75,3.561643836,14.57059777,1.070459837,8.0,2164.876928,553.7857677912234
1992-03-04,3228,0.25,3.698630137,7.058187151,0.786071165,,3345.699293,1320.6617208880584
1992-03-05,3229,9.75,3.698630137,5.785164804,0.692010687,,3715.027566,1676.1842228790688
1992-03-06,3230,1.0,3.698630137,5.065768156,1.268283037,,3921.687203,1965.3233960705966
1992-03-07,3231,9.25,3.698630137,5.080600559,0.87894561,,3949.558231,1958.449841190111
1992-03-08,3232,0.0,0.0,4.347,1.243334132,,4213.111845,2360.827971103769
1992-03-09,3233,10.25,3.698630137,4.096231844,0.770733322,,4389.926454,2535.0253064677263
1992-03-10,3234,19.0,3.698630137,11.31664525,0.711762901,7.9,2565.251377,749.8590998685759
1992-03-11,3235,28.0,8.082191781,13.41955307,0.882040566,,2173.120359,611.2350304391531
1992-03-12,3236,34.25,8.082191781,22.26237989,0.667066612,,1673.35059,333.0316363359775
1992-03-13,3237,16.25,8.082191781,22.21076816,0.792057661,,1590.903605,333.9604374189123
1992-03-14,3238,12.75,8.082191781,10.51496648,0.99809097,,2724.052821,818.925536976202
1992-03-15,3239,18.25,8.082191781,13.56435754,0.835366577,,2327.200575,603.417231002117
1992-03-16,3240,1.5,8.082191781,9.510662011,0.89990354,,2864.731321,923.6767163099224
1992-03-17,3241,0.75,8.082191781,6.74698324,0.661470574,8.7,3432.499536,1394.0091380597196
1992-03-18,3242,16.0,4.383561644,8.300689944,0.466783936,,3075.91295,1087.3586035484802
1992-03-19,3243,0.5,4.383561644,6.296656425,1.010349136,,3549.597585,1514.3392675201094
1992-03-20,3244,10.25,4.383561644,6.471050279,0.807064829,,3518.42615,1465.5556944238974
1992-03-21,3245,47.75,4.383561644,14.2141676,0.744267525,,2122.122901,570.4833940215628
1992-03-22,3246,50.25,4.383561644,50.67487709,1.267460259,,446.4745112,124.07697679373399
1992-03-23,3247,23.25,4.383561644,17.11312291,0.993727427,,2010.091933,456.6157799260884
1992-03-24,3248,0.0,0.0,10.04394972,1.011795686,8.4,2766.285674,865.1876641379008
1992-03-25,3249,17.75,3.835616438,8.438480447,1.358171928,,3092.36631,1066.1070547333106
1992-03-26,3250,7.75,3.835616438,9.128312849,1.175976892,,2930.591442,970.2556184431139
1992-03-27,3251,1.75,3.835616438,6.585360335,1.351831147,,3476.473671,1435.1167651571227
1992-03-28,3252,1.25,3.835616438,5.358494413,1.105977508,,3837.699926,1837.3719455836663
1992-03-29,3253,8.0,3.835616438,4.890796089,1.120746096,,4014.878232,2049.873854900413
1992-03-30,3254,6.0,3.835616438,4.604530726,0.398011487,,4121.849117,2203.5076089978684
1992-03-31,3255,2.5,3.835616438,4.235706704,0.842488323,7.7,4270.450038,2435.342388652887
1992-04-01,3256,9.0,1.917808219,4.525818436,0.462335281,,4163.685616,2249.505735945727
1992-04-02,3257,1.0,1.917808219,4.323997207,0.184354595,,4222.542716,2375.883764006907
1992-04-03,3258,0.0,0.0,3.719916201,1.291857394,,4511.401588,2845.2623211596197
1992-04-04,3259,0.0,0.0,3.333896648,1.44290677,,4723.415595,3244.3034632920153
1992-04-05,3260,0.0,0.0,3.030259777,1.534083184,,4911.336423,3637.459349441492
1992-04-06,3261,7.5,1.917808219,3.698522346,1.67890175,,4523.991252,2864.9904643300843
1992-04-07,3262,8.0,1.917808219,4.097740223,1.229512019,7.7,4317.498416,2533.907346928884
1992-04-08,3263,0.0,0.0,3.348578212,1.518013057,,4705.025357,3227.271729405727
1992-04-09,3264,0.0,0.0,2.92276257,3.698993931,,4981.10596,3798.2764410630753
1992-04-10,3265,0.0,0.0,2.617416201,2.726684038,,5202.616112,4334.911808501834
1992-04-11,3266,2.75,12.60273973,2.377282123,3.029810799,,5410.242219,4864.398237267049
1992-04-12,3267,12.75,12.60273973,2.583930168,1.220102297,,5249.38973,4402.27670025471
1992-04-13,3268,12.0,12.60273973,4.206645251,0.982403887,,4265.588226,2455.5141228476214
1992-04-14,3269,32.5,12.60273973,12.63630168,0.268216288,8.1,2245.203971,656.9506781040184
1992-04-15,3270,2.75,2.602739726,9.524715084,1.610030101,,2778.823194,922.0429230125311
1992-04-16,3271,7.0,2.602739726,5.904,1.679094149,,3662.551187,1635.830907444185
1992-04-17,3272,12.75,2.602739726,8.003086592,0.342551684,,3173.030081,1136.010680085463
1992-04-18,3273,0.25,2.602739726,5.891656425,0.205147103,,3664.650736,1639.9392588469673
1992-04-19,3274,0.5,2.602739726,4.793354749,1.197363553,,4038.556042,2099.9071478019873
1992-04-20,3275,0.0,0.0,4.042131285,2.940694176,,4350.701346,2575.7293774737827
1992-04-21,3276,1.5,2.602739726,3.538081006,1.020327081,7.8,4606.268235,3021.319176641014
1992-04-22,3277,5.5,7.397260274,3.219134078,1.400445895,,4807.120942,3383.331971975066
1992-04-23,3278,1.0,7.397260274,2.99247486,1.773278141,,4915.749691,3692.540106706215
1992-04-24,3279,12.0,7.397260274,3.683337989,0.789412557,,4525.654757,2879.145401675996
1992-04-25,3280,9.25,7.397260274,4.022321229,2.533455389,,4361.401722,2590.9351349952767
1992-04-26,3281,8.0,7.397260274,4.359997207,1.614550188,,4222.711701,2352.398176789448
1992-04-27,3282,5.25,7.397260274,3.710036313,2.24273428,,4521.281805,2854.3419068766425
1992-04-28,3283,4.25,7.397260274,3.543335196,1.462931997,7.4,4608.926048,3015.953022661097
1992-04-29,3284,2.75,4.109589041,3.28047486,1.026922283,,4757.098771,3307.6918180931116
1992-04-30,3285,31.25,4.109589041,7.92077933,0.820761144,,3046.520401,1150.1768338633547
1992-05-01,3286,3.0,4.109589041,9.301097765,1.200074891,,2774.717309,948.6851599963271
1992-05-02,3287,2.0,4.109589041,5.615497207,1.476215972,,3745.539176,1737.059968519613
1992-05-03,3288,0.0,0.0,4.471290503,3.002141011,,4163.482101,2282.4155981689255
1992-05-04,3289,2.25,4.109589041,3.88503352,0.881858819,,4434.289933,2701.0069601274286
1992-05-05,3290,0.25,4.109589041,3.44551676,3.045283615,7.7,4651.227216,3118.809557638763
1992-05-06,3291,0.25,2.602739726,2.990287709,2.800765892,,4932.89599,3695.775250007652
1992-05-07,3292,1.75,2.602739726,2.730268156,1.16079479,,5120.311772,4121.207279148917
1992-05-08,3293,15.25,2.602739726,2.707089385,1.358181781,,5179.535844,4163.504580208943
1992-05-09,3294,14.25,2.602739726,5.14053352,0.890836797,,3892.113236,1931.1194651576088
1992-05-10,3295,3.0,2.602739726,3.406248603,2.76009927,,4663.394973,3161.928746096211
1992-05-11,3296,21.75,2.602739726,3.507284916,2.147063845,,4815.88295,3053.126876582002
1992-05-12,3297,33.5,2.602739726,23.51071508,0.201914684,6.3,1439.177984,311.92746139182213
1992-05-13,3298,0.0,0.0,7.923268156,4.37134127,,3138.470823,1149.7437306199272
1992-05-14,3299,0.0,0.0,5.188047486,4.143705085,,3880.30931,1909.944897206544
1992-05-15,3300,0.0,0.0,4.008444134,5.401150571,,4361.192551,2601.6852657503955
1992-05-16,3301,0.0,0.0,3.380581006,5.423716897,,4692.502323,3190.708803151865
1992-05-17,3302,0.0,0.0,2.909916201,5.661996111,,4984.982006,3818.3690802294855
1992-05-18,3303,0.0,0.0,2.516807263,5.682197115,,5279.248996,4543.251615565918
1992-05-19,3304,0.0,0.0,2.223553073,5.247254309,7.6,5539.751327,5269.820889225359
1992-05-20,3305,0.0,0.0,1.967555866,4.562419657,,5799.815389,6101.001846294823
1992-05-21,3306,0.0,0.0,1.73174581,4.981099,,6078.584879,7108.532091870275
1992-05-22,3307,0.0,0.0,1.535681564,5.401678272,,6347.883999,8208.216343136603
1992-05-23,3308,0.0,0.0,1.403296089,4.171272642,,6560.984166,9143.522328431349
1992-05-24,3309,0.0,0.0,1.328304469,3.289122864,,6688.460795,9764.772102178445
1992-05-25,3310,0.0,0.0,1.22925419,5.011998353,,6868.711656,10713.792273702686
1992-05-26,3311,0.0,0.0,1.137192737,6.553529989,,7056.480061,11759.884432485942
1992-05-27,3312,0.0,0.0,1.061949721,5.661580653,7.2,7222.973943,12763.821933310126
1992-05-28,3313,18.75,1.917808219,1.860460894,1.027501075,,5615.195346,6523.834901836711
1992-05-29,3314,3.5,1.917808219,1.324860335,1.685466985,,6670.125609,9795.162574525377
1992-05-30,3315,5.75,1.917808219,1.196195531,1.107923457,,6949.602327,11069.109612185246
1992-05-31,3316,1.5,1.917808219,1.213768156,2.951209795,,6888.38985,10877.591903604432
1992-06-01,3317,25.0,1.917808219,2.920072626,0.846064944,,4467.143584,3802.467633379136
1992-06-02,3318,1.25,1.917808219,2.318706704,3.288291703,6.9,5272.594576,5011.918039602473
1992-06-03,3319,15.0,1.095890411,2.444153631,2.250189711,,5168.292331,4705.4539602330315
1992-06-04,3320,6.0,1.095890411,2.322226257,1.801862485,,5432.411686,5002.823219610946
1992-06-05,3321,7.25,1.095890411,2.526058659,0.847237934,,5275.956804,4523.332141733145
1992-06-06,3322,0.0,0.0,2.539935754,5.262190248,,5220.646719,4493.751620991758
1992-06-07,3323,0.5,1.095890411,1.973614525,3.103589452,,5794.350614,6078.58408684632
1992-06-08,3324,2.75,1.095890411,1.849851955,1.414820794,,5941.477651,6568.654520269741
1992-06-09,3325,4.0,1.095890411,1.77973743,2.983259075,7.6,6026.203056,6879.662403663923
1992-06-10,3326,0.0,0.0,1.627868715,4.053368085,,6221.338575,7654.924413949946
1992-06-11,3327,0.0,0.0,1.495282123,5.059662241,,6412.402859,8474.38284107974
1992-06-12,3328,0.0,0.0,1.387231844,5.851957034,,6588.126724,9270.402054487457
1992-06-13,3329,0.0,0.0,1.307589385,6.91864216,,6725.400414,9950.21197935734
1992-06-14,3330,0.0,0.0,1.24423743,3.866889333,,6845.628008,10559.566813340456
1992-06-15,3331,0.0,0.0,1.226664804,1.361087195,,6877.452817,10740.86478238198
1992-06-16,3332,0.25,0.362243188,1.148379888,4.176236515,7.5,7035.00158,11622.917496005086
1992-06-17,3333,0.0,0.0,1.089427374,5.312964192,,7161.662492,12379.540978971327
1992-06-18,3334,0.0,0.0,1.041234637,4.396289781,,7274.008772,13068.27952927848
1992-06-19,3335,0.0,0.0,1.006944134,4.271202416,,7356.171279,13602.571647383436
1992-06-20,3336,0.0,0.0,0.961692737,6.096426818,,7472.539322,14371.93904744124
1992-06-21,3337,0.0,0.0,0.930620112,3.657323834,,7551.530568,14947.980178007201
1992-06-22,3338,0.0,0.0,0.902539106,3.957567716,,7631.222202,15506.134102294622
1992-06-23,3339,0.0,0.0,0.881949721,2.839877847,7.3,7691.337746,15940.235784467553
1992-06-24,3340,0.0,0.0,0.860857542,3.682002799,,7752.349788,16408.631074805246
1992-06-25,3341,0.0,0.0,0.847055866,5.728195797,,7791.691638,16729.011632013717
1992-06-26,3342,0.0,0.0,0.821715084,4.996847615,,7871.239093,17348.089232347695
1992-06-27,3343,0.0,0.0,0.799290503,5.532226657,,7943.589969,17931.963528900134
1992-06-28,3344,0.0,0.0,0.774955307,5.172801333,,8021.269706,18607.676860037496
1992-06-29,3345,2.25,5.616438356,0.766005587,5.080878119,,8058.925378,18868.057335856214
1992-06-30,3346,5.75,5.616438356,0.824581006,3.758375079,7.2,7857.878664,17275.97804608963
1992-07-01,3347,0.5,1.232876712,0.76427095,0.86781445,,8054.366123,18919.29920368159
1992-07-02,3348,8.0,1.232876712,0.72749162,2.836548171,,8216.000294,20069.123867534778
1992-07-03,3349,13.0,1.232876712,1.089175978,0.696343572,,7174.830158,12382.96039738179
1992-07-04,3350,3.5,1.232876712,0.955885475,1.651627741,,7453.425465,14476.47543781255
1992-07-05,3351,0.0,0.0,0.771410615,2.583950379,,8022.460009,18710.011945643702
1992-07-06,3352,0.0,0.0,0.686639665,6.231451266,,8330.283497,21505.63735450488
1992-07-07,3353,0.0,0.0,0.656371508,2.822264354,7.3,8465.334859,22697.190916961663
1992-07-08,3354,7.25,1.506849315,0.65775419,2.065174706,,8453.633449,22640.132244250017
1992-07-09,3355,5.75,1.506849315,0.717108939,0.547637371,,8212.020813,20417.20805964292
1992-07-10,3356,0.5,1.506849315,0.608203911,3.649168853,,8657.774207,24863.566403920566
1992-07-11,3357,18.25,1.506849315,1.010136872,1.512672988,,7328.964746,13551.141647390044
1992-07-12,3358,3.25,1.506849315,1.109036313,3.906848549,,7016.54218,12118.063373725277
1992-07-13,3359,29.5,1.506849315,3.216418994,1.783846051,,4582.160313,3386.7532710219884
1992-07-14,3360,1.0,1.506849315,2.509793296,4.519995931,6.9,5030.114154,4558.461139985039
1992-07-15,3361,0.25,5.479452055,1.312692737,3.471098679,,6692.288684,9903.930434341337
1992-07-16,3362,3.25,5.479452055,1.096064246,2.420432546,,7143.679331,12289.890703014476
1992-07-17,3363,6.25,5.479452055,1.211178771,3.100185385,,6907.860126,10905.429499565336
1992-07-18,3364,7.25,5.479452055,1.261835196,2.169065806,,6818.806159,10383.558011570962
1992-07-19,3365,6.25,5.479452055,1.534826816,4.306392896,,6345.610386,8213.688551246916
1992-07-20,3366,0.75,5.479452055,1.26972905,1.175497932,,6790.634365,10306.344371451707
1992-07-21,3367,3.0,5.479452055,1.199639665,4.060816506,6.9,6928.290444,11031.087721861746
1992-07-22,3368,0.25,4.657534247,1.088094972,4.625861725,,7161.407329,12397.68370889746
1992-07-23,3369,5.25,4.657534247,1.115396648,2.443346355,,7111.404624,12035.416672996227
1992-07-24,3370,0.5,4.657534247,1.058329609,2.549077162,,7229.291448,12816.084972990517
1992-07-25,3371,2.75,4.657534247,1.025698324,1.274140168,,7317.156256,13305.497389646978
1992-07-26,3372,8.5,4.657534247,1.050812849,2.427732343,,7257.735436,12925.866774465998
1992-07-27,3373,0.75,4.657534247,1.083444134,3.365905264,,7167.478769,12461.396200921828
1992-07-28,3374,0.0,0.0,0.943541899,4.416630422,7.0,7512.869488,14703.369283644006
1992-07-29,3375,0.0,0.0,0.898944134,2.19624811,,7641.883246,15580.35739077042
1992-07-30,3376,0.0,0.0,0.844441341,5.300937214,,7796.386172,16790.99917197663
1992-07-31,3377,0.0,0.0,0.808164804,5.720329288,,7910.885077,17696.64764033317
1992-08-01,3378,8.5,6.02739726,0.922550279,2.164916209,,7571.577672,15104.562852788953
1992-08-02,3379,6.75,6.02739726,0.855527933,1.739742286,,7781.607056,16531.003416711636
1992-08-03,3380,4.0,6.02739726,1.037840782,2.280048938,,7277.511875,13119.433548006098
1992-08-04,3381,18.5,6.02739726,1.039675978,2.518165969,7.1,7495.848492,13091.72695418206
1992-08-05,3382,26.5,1.780821918,7.898002793,1.506267005,,3035.748339,1154.1543228891082
1992-08-06,3383,0.0,0.0,2.96326257,3.343884576,,4906.31376,3736.1828506906263
1992-08-07,3384,12.5,1.780821918,2.232226257,2.112055342,,5572.609283,5245.311880575807
1992-08-08,3385,54.0,1.780821918,26.47503352,0.192198492,,1264.838985,270.49961221236396
1992-08-09,3386,1.25,1.780821918,9.378653631,1.018403274,,2849.843388,939.2867960128658
1992-08-10,3387,0.5,1.780821918,5.580452514,2.824309543,,3743.388261,1750.1413253565374
1992-08-11,3388,16.5,1.780821918,4.526145251,2.37187636,7.4,4192.062708,2249.3111148887806
1992-08-12,3389,25.25,2.191780822,17.80162291,3.054404198,,1818.866962,435.51225705589724
1992-08-13,3390,11.25,2.191780822,8.586955307,0.946842745,,3047.259248,1044.045209486779
1992-08-14,3391,0.25,2.191780822,6.310910615,4.323021033,,3527.830962,1510.240648706572
1992-08-15,3392,16.5,2.191780822,5.619368715,2.70069243,,3778.532808,1735.6258198458104
1992-08-16,3393,0.0,0.0,5.678120112,3.070908602,,3681.714334,1714.1256956936122
1992-08-17,3394,4.0,2.191780822,4.291340782,3.034406453,,4236.437437,2397.5628300717917
1992-08-18,3395,0.0,0.0,3.496625698,3.005306556,7.1,4624.657444,3064.279689519387
1992-08-19,3396,0.0,0.0,2.940913408,4.66045687,,4961.454853,3770.2157245960448
1992-08-20,3397,0.0,0.0,2.522840782,4.182008378,,5274.668409,4530.242455866943
1992-08-21,3398,0.0,0.0,2.219756983,2.587775095,,5543.851091,5280.614219126006
1992-08-22,3399,5.25,3.97260274,2.095315642,0.809461738,,5673.250528,5658.310448229432
1992-08-23,3400,12.5,3.97260274,2.481134078,1.562105388,,5281.969271,4621.589806132419
1992-08-24,3401,10.0,3.97260274,2.605298883,1.521510247,,5230.283752,4359.069014621752
1992-08-25,3402,3.0,3.97260274,3.205181564,2.333369336,6.7,4761.201992,3400.9813755032565
1992-08-26,3403,10.5,4.109589041,3.048134078,0.579604053,,4899.59087,3611.925392834537
1992-08-27,3404,50.5,4.109589041,28.01006145,0.391606003,,1250.958167,252.80768644074703
1992-08-28,3405,5.25,4.109589041,11.13289944,1.810020964,,2567.573735,764.724778544859
1992-08-29,3406,13.5,4.109589041,6.561351955,2.133897827,,3509.871924,1441.4131601846543
1992-08-30,3407,32.0,4.109589041,16.77353631,0.680422361,,2056.502541,467.72784371324934
1992-08-31,3408,3.5,4.109589041,10.36860335,2.213916371,,2691.375825,832.806547106433
1992-09-01,3409,13.5,4.109589041,7.116134078,2.255756481,7.1,3374.010844,1307.7812273460052
1992-09-02,3410,18.25,4.794520548,10.16781285,0.946047363,,2805.588739,852.5652885281112
1992-09-03,3411,40.75,4.794520548,20.86021508,1.1203175,,1709.674543,360.0688840615081
1992-09-04,3412,3.75,4.794520548,15.95046369,1.116361682,,1999.401637,496.827710529161
1992-09-05,3413,0.0,0.0,8.173860335,1.984385468,,3100.112742,1107.616686364132
1992-09-06,3414,20.0,4.794520548,8.620441341,0.55972669,,3032.861085,1039.1848560073342
1992-09-07,3415,3.75,4.794520548,8.248851955,2.053109832,,3068.836404,1095.5558011334406
1992-09-08,3416,5.5,4.794520548,6.109969274,1.779799119,6.8,3606.32162,1569.962770124061
1992-09-09,3417,5.0,4.794520548,5.67827095,1.028667096,,3742.456428,1714.071125337549
1992-09-10,3418,0.25,4.794520548,4.578360335,1.0312321,,4121.198526,2218.608352039316
1992-09-11,3419,29.5,4.794520548,7.308377095,1.358404389,,3328.656159,1266.653588322638
1992-09-12,3420,40.0,4.794520548,13.9846676,2.099029884,,2234.426582,581.7308678406623
1992-09-13,3421,7.0,4.794520548,25.32376257,1.216827009,,1173.716435,285.32390808095045
1992-09-14,3422,10.25,4.794520548,9.939544693,1.055039117,,2801.283004,876.0959941488811
1992-09-15,3423,5.75,4.794520548,7.334346369,0.327678052,7.1,3303.511356,1261.2792771806035
1992-09-16,3424,0.25,3.01369863,5.744740223,2.635405217,,3711.335124,1690.329973043191
1992-09-17,3425,0.75,3.01369863,4.761653631,0.425761663,,4051.429206,2116.670322925551
1992-09-18,3426,0.75,3.01369863,4.077678771,1.190044078,,4335.415252,2548.8505629086403
1992-09-19,3427,5.0,3.01369863,3.60527933,1.53591558,,4581.92921,2953.9827151892705
1992-09-20,3428,3.0,3.01369863,3.488907821,1.998125525,,4626.724978,3072.401693857157
1992-09-21,3429,9.5,3.01369863,3.312905028,0.181000535,,4773.692454,3268.943550878457
1992-09-22,3430,0.25,3.01369863,3.621594972,0.533181372,6.9,4526.462914,2938.047315253888
1992-09-23,3431,0.0,0.0,2.99775419,1.426181775,,4928.401919,3684.7525013730074
1992-09-24,3432,6.75,4.109589041,2.953860335,0.810456286,,4971.291705,3750.4314647608026
1992-09-25,3433,0.25,4.109589041,2.711312849,1.905436764,,5131.815059,4155.738285964281
1992-09-26,3434,1.75,4.109589041,2.544812849,0.434006696,,5268.655956,4483.439691838671
1992-09-27,3435,0.25,4.109589041,2.40526257,0.9476192,,5379.697453,4796.711377400666
1992-09-28,3436,0.25,4.109589041,2.223703911,2.269589824,,5543.078048,5269.392851208075
1992-09-29,3437,2.25,4.109589041,2.098885475,0.378375819,7.0,5671.750374,5646.789034761679
1992-09-30,3438,3.0,1.780821918,2.07751676,0.650231534,,5691.186238,5716.404536583121
1992-10-01,3439,0.75,1.780821918,1.900835196,0.971472212,,5879.852818,6358.281614855486
1992-10-02,3440,23.75,1.780821918,4.473603352,0.272487955,,4066.657685,2281.001791647427
1992-10-03,3441,2.0,1.780821918,4.214388268,1.287764118,,4198.414414,2450.10977590122
1992-10-04,3442,0.5,1.780821918,3.228335196,0.863034253,,4780.759956,3371.784570288619
1992-10-05,3443,0.0,0.0,2.806541899,0.986284945,,5062.322757,3987.4269947415055
1992-10-06,3444,0.0,0.0,2.556201117,0.574530226,7.0,5254.496774,4459.529031164665
1992-10-07,3445,0.0,0.0,2.364586592,0.458993187,,5415.637518,4895.6903747765045
1992-10-08,3446,0.25,5.941121541,2.206030726,0.770338725,,5564.000257,5319.982364513394
1992-10-09,3447,1.5,2.202420236,2.107910615,0.71141398,,5656.872199,5617.852035481061
1992-10-10,3448,0.0,0.0,1.938217877,0.863049266,,5838.41066,6211.735425321367
1992-10-11,3449,0.25,40.97940336,1.842159218,0.197508736,,5950.526663,6601.508792760036
1992-10-12,3450,0.0,0.0,1.726541899,0.287765521,,6093.173239,7134.189879364613
1992-10-13,3451,0.0,0.0,1.636089385,1.448145122,7.1,6212.055335,7608.902914683669
1992-10-14,3452,27.75,5.479452055,3.439357542,0.127148805,,4335.561047,3125.501309383706
1992-10-15,3453,10.0,5.479452055,4.206896648,0.837410711,,4256.069558,2455.338313494254
1992-10-16,3454,2.25,5.479452055,2.896013966,0.872217103,,4993.274478,3840.3338727142655
1992-10-17,3455,8.25,5.479452055,2.730444134,0.725644377,,5134.252796,4120.889165484305
1992-10-18,3456,7.0,5.479452055,3.717804469,0.612320622,,4515.249312,2847.198541836791
1992-10-19,3457,0.0,0.0,2.964192737,0.898446836,,4949.628632,3734.7786259337786
1992-10-20,3458,0.0,0.0,2.648916201,0.229682936,7.1,5180.33378,4273.247796848657
1992-10-21,3459,5.25,7.808219178,2.601175978,0.213295346,,5226.961969,4367.3448587382245
1992-10-22,3460,2.75,7.808219178,2.503156425,0.419291132,,5300.788402,4572.9391718825955
1992-10-23,3461,12.25,7.808219178,2.819488827,0.36507917,,5076.659855,3965.5070806840577
1992-10-24,3462,14.0,7.808219178,4.511539106,0.267909637,,4160.875375,2258.039448370327
1992-10-25,3463,36.0,7.808219178,18.17839106,0.111982337,,1859.834457,424.70579313902795
1992-10-26,3464,6.5,7.808219178,8.007888268,0.211401839,,3132.125102,1135.1941246985164
1992-10-27,3465,28.0,7.808219178,16.81989385,0.131992103,7.4,1941.949099,466.1818301705387
1992-10-28,3466,22.25,7.534246575,14.81943017,0.263131666,,2220.309533,542.6511187546726
1992-10-29,3467,0.25,7.534246575,10.51300559,0.723071634,,2667.666019,819.1087005610651
1992-10-30,3468,0.0,0.0,6.574550279,0.913645917,,3467.307975,1437.9455373902595
1992-10-31,3469,0.5,7.534246575,4.909575419,0.312689721,,3990.080951,2040.4817778025626
1992-11-01,3470,25.5,7.534246575,7.823363128,0.467948853,,3157.243741,1167.3672143901317
1992-11-02,3471,31.75,7.534246575,18.15209497,0.413361965,,1932.212512,425.44401748365283
1992-11-03,3472,0.0,0.0,10.44042737,0.351909189,7.9,2679.70585,825.9413386070696
1992-11-04,3473,10.25,1.780821918,7.492449721,0.282460385,,3272.969985,1229.4419897049472
1992-11-05,3474,0.75,1.780821918,6.532391061,0.460461492,,3481.53538,1449.0760964580427
1992-11-06,3475,1.25,1.780821918,5.146039106,0.223583227,,3912.179617,1928.6438928304942
1992-11-07,3476,8.5,1.780821918,5.465011173,0.199375328,,3813.861458,1794.5387050546146
1992-11-08,3477,0.25,1.780821918,4.637639665,0.170991464,,4099.221792,2184.671324594887
1992-11-09,3478,24.0,1.780821918,9.414351955,0.0,,2774.221879,935.0179727588837
1992-11-10,3479,10.5,1.780821918,9.374832402,0.119975298,6.8,2896.314674,939.7458578286717
1992-11-11,3480,17.5,4.657534247,14.283,0.283747385,,2247.579741,567.1874032276484
1992-11-12,3481,6.5,4.657534247,8.495497207,0.233418788,,3054.916777,1057.5346992247628
1992-11-13,3482,0.75,4.657534247,6.323354749,0.395417729,,3541.603064,1506.6790868508178
1992-11-14,3483,13.5,4.657534247,7.949388268,0.0,,3181.530474,1145.2163054824332
1992-11-15,3484,4.5,4.657534247,10.48132961,0.171146667,,2709.427945,822.0779416341534
1992-11-16,3485,24.5,4.657534247,13.84049162,0.001299668,,2267.765402,589.0066946355964
1992-11-17,3486,3.0,4.657534247,9.213184358,0.008831053,7.5,2917.126358,959.5491484880547
1992-11-18,3487,15.0,1.917808219,10.4443743,0.173043547,,2717.056809,825.5670836838528
1992-11-19,3488,2.0,1.917808219,7.197259777,0.226299271,,3324.83418,1290.131055209396
1992-11-20,3489,0.0,0.0,5.617734637,0.166899841,,3752.575572,1736.230877419267
1992-11-21,3490,41.5,1.917808219,16.61802235,0.0,,1669.04622,472.9835109380848
1992-11-22,3491,47.75,1.917808219,36.07926536,0.0,,900.8348219,186.5626639288937
1992-11-23,3492,11.5,1.917808219,17.6502067,0.094944526,,1947.970966,439.9982372995646
1992-11-24,3493,18.5,1.917808219,11.85209497,0.188547237,7.0,2559.701834,709.418440953074
1992-11-25,3494,14.5,4.520547945,13.80884078,0.088517966,,2293.073786,590.6263186803961
1992-11-26,3495,13.25,4.520547945,14.32588827,0.166054407,,2241.254553,565.1513279864732
1992-11-27,3496,6.75,4.520547945,8.979687151,0.0,,2969.57501,989.541182702294
1992-11-28,3497,0.0,0.0,6.841558659,0.0,,3407.109876,1370.9427091130096
1992-11-29,3498,26.75,4.520547945,8.093363128,0.032847334,,3172.294159,1120.8366366949635
1992-11-30,3499,39.5,4.520547945,34.15339106,0.0,5.7,1116.806245,199.26135971384173
1992-12-01,3500,35.62613718,4.520547945,31.60269553,0.155593804,,1222.680566,218.71879380662307
1992-12-02,3501,45.5,4.520547945,44.9801648,0.292460693,,714.805597,143.17112554355822
1992-12-03,3502,22.0,4.520547945,20.46147486,0.130324304,,1758.785157,368.50421582904045
1992-12-04,3503,5.25,4.520547945,12.38201397,0.0,,2457.4705,673.1642158314693
1992-12-05,3504,8.0,4.520547945,8.958821229,0.091825412,,2975.000987,992.3050655453218
1992-12-06,3505,15.5,4.520547945,10.7082905,0.087463546,,2662.714918,801.2289767062089
1992-12-07,3506,5.5,4.520547945,10.32340223,0.168053569,,2724.23841,837.1808974908154
1992-12-08,3507,1.5,4.520547945,7.188460894,0.275828786,6.4,3331.10304,1292.0242307436968
1992-12-09,3508,0.75,1.506849315,5.88303352,0.123448237,,3671.361823,1642.8204885157502
1992-12-10,3509,1.0,1.506849315,4.844689944,0.197175321,,4019.558726,2073.2724169129838
1992-12-11,3510,41.5,1.506849315,16.56339385,0.119197139,,1875.76304,474.8554705010664
1992-12-12,3511,0.25,1.506849315,10.67422626,0.173731621,,2616.08796,804.2960462546637
1992-12-13,3512,9.0,1.506849315,7.564927374,0.18225538,,3261.20288,1215.3353678188644
1992-12-14,3513,4.75,1.506849315,6.815061453,0.206553735,,3426.793656,1377.3343080073355
1992-12-15,3514,1.0,1.506849315,5.633446927,0.192144822,,3751.965737,1730.4289879189782
1992-12-16,3515,14.0,1.506849315,8.068801676,0.019791118,5.5,3115.220446,1124.9280801195382
1992-12-17,3516,2.25,0.684931507,5.703058659,0.301907632,,3731.470448,1705.1464732475963
1992-12-18,3517,26.5,0.684931507,15.33059497,0.047822837,,2043.775793,521.0207912114338
1992-12-19,3518,0.25,0.684931507,7.824393855,0.0,,3177.77781,1167.1828656790772
1992-12-20,3519,0.0,0.0,5.820611732,0.06835554,,3688.327858,1663.9578449866622
1992-12-21,3520,0.0,0.0,4.721379888,0.09580924,,4063.855112,2138.3235660907258
1992-12-22,3521,0.0,0.0,3.963192737,0.086711331,6.7,4386.370858,2637.315094425419
1992-12-23,3522,0.0,0.0,3.363787709,0.0,,4702.474064,3209.799708235578
1992-12-24,3523,0.0,0.0,2.939555866,0.073210854,,4967.622176,3772.301281171271
1992-12-25,3524,0.0,0.0,2.594036313,0.114311909,,5221.488443,4381.744557636965
1992-12-26,3525,0.0,0.0,2.344198324,0.167049759,,5432.055579,4946.7232172706645
1992-12-27,3526,0.25,3.150684932,2.139108939,0.097415955,,5624.797722,5519.885392617832
1992-12-28,3527,0.0,0.0,1.908905028,0.0,,5865.647344,6326.112885513856
1992-12-29,3528,0.0,0.0,1.697128492,0.04870286,,6126.189129,7282.464533983571
1992-12-30,3529,0.0,0.0,1.567055866,0.025509621,,6309.277013,8011.884158079263
1992-12-31,3530,0.25,3.150684932,1.471349162,0.122113642,,6451.069392,8639.647091499839
1993-01-01,3531,0.0,0.0,1.360458101,0.232296586,,6632.003276,9489.191726001338
1993-01-02,3532,0.0,0.0,1.27048324,0.205681896,,6790.796617,10299.022392279949
1993-01-03,3533,5.0,3.150684932,1.199162011,0.114809488,,6945.149545,11036.346513692955
1993-01-04,3534,6.0,3.150684932,1.53153352,0.343104077,,6345.743325,8234.835376724452
1993-01-05,3535,16.5,3.150684932,4.022899441,0.378583065,6.3,4215.182371,2590.4889810704935
1993-01-06,3536,5.75,4.246575342,3.245932961,0.082407867,,4780.0741,3349.899582070251
1993-01-07,3537,13.25,4.246575342,4.089544693,0.184133869,,4192.918666,2539.992509972247
1993-01-08,3538,0.0,0.0,4.291013966,0.365137385,,4162.470407,2397.7816204672185
1993-01-09,3539,38.5,4.246575342,17.25692179,0.279941858,,1687.426494,452.0550717489451
1993-01-10,3540,46.25,4.246575342,34.92864804,0.310386713,,1002.58134,193.96427354540384
1993-01-11,3541,10.75,4.246575342,15.51263128,0.372607085,,2091.976485,513.6954715997229
1993-01-12,3542,4.5,4.246575342,7.665259777,0.297808707,6.7,3204.28759,1196.2904992416911
1993-01-13,3543,21.5,18.63013699,10.10958939,0.126273921,,2761.682095,858.456258793565
1993-01-14,3544,4.25,18.63013699,8.234497207,0.502246636,,3087.868078,1097.8457923311514
1993-01-15,3545,25.25,18.63013699,16.48329888,0.534483754,,2003.351898,477.6247638888588
1993-01-16,3546,6.25,18.63013699,9.010458101,0.300367289,,2953.610186,985.4909512820168
1993-01-17,3547,6.25,18.63013699,8.180296089,0.457586748,,3122.985082,1106.572090135177
1993-01-18,3548,5.25,18.63013699,6.055918994,0.349450037,,3631.162814,1586.7716327474889
1993-01-19,3549,34.0,18.63013699,13.30519274,0.253824412,7.0,1990.636566,617.5415119369279
1993-01-20,3550,40.25,7.808219178,30.54622626,0.2524707,,1132.385976,227.8295603754803
1993-01-21,3551,18.5,7.808219178,16.96032402,0.324828776,,1959.033597,461.55518255207755
1993-01-22,3552,14.5,7.808219178,13.28739385,0.401526045,,2363.706763,618.5337796696497
1993-01-23,3553,19.75,7.808219178,13.02430726,0.344463639,,2378.752131,633.5487290938496
1993-01-24,3554,2.75,7.808219178,9.907667598,0.708331208,,2778.881438,879.4769209653875
1993-01-25,3555,1.0,7.808219178,6.669075419,0.182150664,,3447.59604,1413.5511166466804
1993-01-26,3556,71.5,7.808219178,26.35303073,0.263309543,7.3,1013.622359,272.0031875908333
1993-01-27,3557,16.25,3.01369863,22.50281564,0.148540778,,1570.967759,328.7664662147929
1993-01-28,3558,8.75,3.01369863,11.80485754,0.21810281,,2534.749379,712.8241459736008
1993-01-29,3559,0.0,0.0,8.118930168,0.242280197,,3119.95452,1116.6065720667812
1993-01-30,3560,3.25,3.01369863,6.198888268,0.050810729,,3583.806206,1543.010162456118
1993-01-31,3561,1.25,3.01369863,5.049452514,0.108655115,,3941.042299,1972.9355660409733
1993-02-01,3562,0.5,3.01369863,4.243273743,0.11465839,,4262.127141,2430.139853069055
1993-02-02,3563,1.0,3.01369863,3.648167598,0.246855871,7.3,4546.619356,2912.4289389819196
1993-02-03,3564,0.0,0.0,3.200656425,0.142497951,,4801.320642,3406.7418140073105
1993-02-04,3565,0.0,0.0,2.856418994,0.682573506,,5027.105318,3904.1801342427893
1993-02-05,3566,0.0,0.0,2.552103352,0.508363275,,5254.427774,4468.105652045043
1993-02-06,3567,0.0,0.0,2.303195531,0.761803167,,5469.379654,5052.364132713186
1993-02-07,3568,1.0,5.905696749,2.098081006,0.587929494,,5665.183676,5649.38165008913
1993-02-08,3569,1.25,1.004171153,1.930449721,0.147705305,,5846.688445,6241.67501667541
1993-02-09,3570,0.5,16.96369577,1.787706704,0.176832993,7.0,6012.704726,6842.962226080033
1993-02-10,3571,0.25,3.472874656,1.632343575,0.050875432,,6215.510552,7629.809830694423
1993-02-11,3572,0.25,8.406635967,1.522256983,0.313117963,,6373.811972,8294.941983191087
1993-02-12,3573,0.25,2.989733118,1.416167598,0.247076638,,6539.389889,9044.138316110062
1993-02-13,3574,0.25,10.44847282,1.341502793,0.287496807,,6666.863563,9649.897472581455
1993-02-14,3575,0.0,0.0,1.254368715,1.155859003,,6822.262206,10457.573833669074
1993-02-15,3576,2.5,2.379031411,1.22402514,0.219221597,,6885.020514,10768.59243250675
1993-02-16,3577,0.75,8.856198145,1.117332402,0.442848248,7.0,7094.804769,12010.468315198003
1993-02-17,3578,0.0,0.0,1.033642458,0.604790987,,7290.135805,13183.223426792596
1993-02-18,3579,2.75,24.65753425,1.014812849,0.379118142,,7339.01745,13476.459925051626
1993-02-19,3580,1.0,24.65753425,0.947061453,0.465572075,,7504.368886,14638.012627255965
1993-02-20,3581,2.0,24.65753425,0.901357542,0.480899396,,7636.142225,15530.457461926911
1993-02-21,3582,2.0,24.65753425,0.875840782,0.61553315,,7703.58536,16073.35051611079
1993-02-22,3583,3.75,24.65753425,0.868902235,0.47700673,,7731.369859,16227.036680947758
1993-02-23,3584,0.0,0.0,0.822067039,1.445354214,7.0,7863.853038,17339.203749692497
1993-02-24,3585,0.0,0.0,0.782019553,0.336439327,,7996.192249,18406.76723877729
1993-02-25,3586,21.25,3.698630137,2.238108939,0.299980292,,5218.261592,5228.807079868081
1993-02-26,3587,6.0,3.698630137,1.849072626,0.479581316,,5887.754816,6571.96922735587
1993-02-27,3588,6.0,3.698630137,1.455511173,0.193089143,,6450.672562,8752.298589065445
1993-02-28,3589,0.5,3.698630137,1.217790503,0.054102635,,6887.105533,10834.60672199279
1993-03-01,3590,1.0,3.698630137,1.132944134,0.0,,7067.344222,11812.679614664019
1993-03-02,3591,0.25,3.698630137,1.075148045,0.044760214,7.1,7194.828832,12576.549000918501
1993-03-03,3592,2.75,2.020871585,1.038067039,0.279125571,,7284.136143,13116.011854406002
1993-03-04,3593,0.0,0.0,1.002393855,0.763104419,,7368.371184,13676.491343130361
1993-03-05,3594,0.5,1.300604959,1.081734637,0.400127339,,7193.101388,12484.96605517353
1993-03-06,3595,0.0,0.0,1.099960894,1.088728923,,7137.375819,12237.80828712639
1993-03-07,3596,0.0,0.0,1.038695531,0.332520835,,7280.870543,13106.515731452331
1993-03-08,3597,0.0,0.0,1.002343575,0.285239289,,7366.664978,13677.31226270879
1993-03-09,3598,1.0,9.521508934,0.958298883,1.338583196,7.0,7481.280773,14432.862821817125
1993-03-10,3599,4.75,5.342465753,1.014662011,0.498424083,,7348.550101,13478.857219803336
1993-03-11,3600,0.0,0.0,0.974765363,1.199757981,,7432.857446,14141.617338293529
1993-03-12,3601,0.0,0.0,0.941505587,0.349021878,,7526.325029,14741.427781255155
1993-03-13,3602,0.0,0.0,0.889114525,2.88251609,,7663.693635,15786.670338939493
1993-03-14,3603,0.25,5.342465753,0.864527933,1.024005349,,7740.92985,16325.318426710546
1993-03-15,3604,7.75,5.342465753,0.854195531,1.815582274,,7798.42656,16561.858502527237
1993-03-16,3605,16.25,5.342465753,1.752611732,0.730873829,7.4,6053.986218,7007.332067491243
1993-03-17,3606,3.0,2.465753425,1.701905028,0.87341635,,6033.428986,7258.002828865788
1993-03-18,3607,3.0,2.465753425,1.42946648,0.630758754,,6514.610359,8943.516791515965
1993-03-19,3608,0.0,0.0,1.283027933,1.633327271,,6768.342667,10178.618615947133
1993-03-20,3609,0.75,2.465753425,1.211731844,0.88156277,,6907.945172,10899.472628959487
1993-03-21,3610,30.0,2.465753425,5.28151676,0.677619443,,3755.073836,1869.5102756991996
1993-03-22,3611,5.75,2.465753425,4.357231844,1.080043813,,4204.442146,2354.187123010503
1993-03-23,3612,0.0,0.0,3.086648045,1.26813209,7.2,4857.471281,3558.0100037653083
1993-03-24,3613,0.0,0.0,2.560600559,1.199899995,,5243.357482,4450.354556379977
1993-03-25,3614,0.25,20.54794521,2.236349162,1.986405264,,5527.818273,5233.734417731233
1993-03-26,3615,0.0,0.0,2.005315642,2.185469611,,5760.762943,5963.709042656544
1993-03-27,3616,0.0,0.0,1.808396648,1.166239605,,5987.173884,6749.337438971925
1993-03-28,3617,1.5,20.54794521,1.678675978,0.892794646,,6154.876517,7378.401106599772
1993-03-29,3618,2.0,20.54794521,1.575502793,0.676954065,,6297.109531,7960.491070853883
1993-03-30,3619,5.75,20.54794521,1.600893855,1.146765677,7.1,6266.95466,7809.587175973529
1993-03-31,3620,6.75,8.630136986,1.627667598,0.49417168,,6232.462473,7656.056718702498
1993-04-01,3621,0.0,0.0,1.523086592,1.77436239,,6350.399724,8289.533855114265
1993-04-02,3622,1.75,8.630136986,1.385899441,1.176195215,,6591.077787,9281.07084359616
1993-04-03,3623,10.0,8.630136986,1.606927374,0.198537302,,6245.054209,7774.4982606505
1993-04-04,3624,1.25,8.630136986,1.516550279,2.428924994,,6359.185269,8332.31945498965
1993-04-05,3625,14.75,8.630136986,3.10874581,1.662899566,,4760.515433,3527.7374538897975
1993-04-06,3626,3.75,8.630136986,1.966298883,0.587182554,7.2,5797.172074,6105.671839189492
1993-04-07,3627,12.5,4.109589041,3.791388268,1.368791902,,4452.412534,2781.125910540311
1993-04-08,3628,4.75,4.109589041,2.860340782,0.280086768,,5033.263933,3897.769652211449
1993-04-09,3629,13.5,4.109589041,6.508106145,1.673641026,,3444.300821,1455.5595787681364
1993-04-10,3630,1.75,4.109589041,4.16252514,2.793549208,,4277.632268,2486.730208638529
1993-04-11,3631,9.75,4.109589041,3.907759777,0.271543306,,4439.262865,2682.1986743884877
1993-04-12,3632,0.0,0.0,3.791664804,1.958063072,,4452.921998,2780.8829125638053
1993-04-13,3633,0.25,4.109589041,3.130114525,0.99084216,7.5,4843.405095,3498.9098869434
1993-04-14,3634,0.0,0.0,2.75027933,2.138446992,,5100.935717,4085.319701407662
1993-04-15,3635,0.0,0.0,2.424293296,3.62198906,,5359.629012,4751.654204796929
1993-04-16,3636,12.0,0.684931507,2.411472067,1.486296741,,5402.40977,4781.9239062121915
1993-04-17,3637,15.25,0.684931507,6.041011173,1.612950771,,3605.35298,1591.46592857129
1993-04-18,3638,57.25,0.684931507,32.36384916,0.558586349,,952.686275,212.5590819392983
1993-04-19,3639,0.25,0.684931507,10.91544134,2.140878226,,2584.595749,783.0299747093977
1993-04-20,3640,2.0,0.684931507,6.092446927,1.575635232,7.6,3591.969359,1575.3760730150266
1993-04-21,3641,6.5,2.739726027,4.709815642,1.103968815,,4069.556408,2144.6163202858806
1993-04-22,3642,7.75,2.739726027,4.303081006,0.59920964,,4268.403327,2389.7274240692577
1993-04-23,3643,4.0,2.739726027,5.001335196,1.94010344,,3962.229102,1995.703021237911
1993-04-24,3644,0.0,0.0,4.179670391,2.014319263,,4276.998295,2474.51349696753
1993-04-25,3645,6.5,2.739726027,4.56375419,0.418232677,,4131.967115,2227.119101706388
1993-04-26,3646,2.0,2.739726027,3.908388268,1.522229395,,4413.069816,2681.681948072969
1993-04-27,3647,0.0,0.0,3.404212291,1.383550122,6.9,4680.320038,3164.1945745652774
1993-04-28,3648,0.0,0.0,3.024276536,4.529722966,,4911.607789,3646.080670293044
1993-04-29,3649,0.0,0.0,2.674055866,4.370444647,,5158.928345,4225.178474034912
1993-04-30,3650,0.0,0.0,2.370318436,5.052777914,,5405.775607,4881.51685149166
1993-05-01,3651,0.0,0.0,2.124,2.131025879,,5637.925601,5566.934659829478
1993-05-02,3652,0.75,0.981636245,1.882231844,3.323031348,,5896.211756,6433.59505551555
1993-05-03,3653,0.0,0.0,1.690189944,3.501697104,,6135.162251,7318.268943224054
1993-05-04,3654,0.0,0.0,1.536385475,4.712214449,7.0,6350.865987,8203.714833168517
1993-05-05,3655,0.0,0.0,1.418581006,4.451868056,,6534.723247,9025.724188803488
1993-05-06,3656,0.0,0.0,1.321340782,3.947171339,,6700.065008,9826.398287320435
1993-05-07,3657,0.0,0.0,1.242527933,3.805945265,,6844.829779,10576.956676383244
1993-05-08,3658,0.0,0.0,1.147173184,4.950206623,,7034.368449,11637.550374345316
1993-05-09,3659,0.0,0.0,1.106622905,1.73266913,,7127.010469,12149.696455904816
1993-05-10,3660,10.0,15.34246575,1.208765363,0.540945503,,6917.528272,10931.493151483442
1993-05-11,3661,0.25,15.34246575,1.116351955,3.200152122,7.1,7086.196391,12023.092626639293
1993-05-12,3662,0.0,0.0,1.021173184,2.827322151,,7321.716567,13376.081327223561
1993-05-13,3663,7.5,3.150684932,0.989673184,4.388018448,,7425.07876,13887.102807691306
1993-05-14,3664,15.75,3.150684932,1.416167598,1.040214879,,6665.592021,9044.138316110062
1993-05-15,3665,25.0,3.150684932,3.363083799,2.846094728,,4633.93554,3210.604499267479
1993-05-16,3666,31.0,3.150684932,5.795346369,0.652211716,,3416.437193,1672.6555666532504
1993-05-17,3667,13.0,3.150684932,7.463312849,1.052795142,,3263.509477,1235.1979176912203
1993-05-18,3668,2.75,3.150684932,4.688673184,2.506765111,6.5,4032.429614,2156.2093225964477
1993-05-19,3669,5.25,1.780821918,3.769843575,3.872414128,,4475.800595,2800.1781136586224
1993-05-20,3670,1.25,1.780821918,3.017639665,1.749419726,,4917.875308,3655.687754479487
1993-05-21,3671,3.0,1.780821918,2.765941341,3.478523022,,5090.059866,4057.6294691962307
1993-05-22,3672,1.75,1.780821918,2.406997207,1.448309509,,5375.272417,4792.572028784374
1993-05-23,3673,1.0,1.780821918,2.153564246,3.94125844,,5608.564726,5475.549749541945
1993-05-24,3674,34.5,1.780821918,4.579039106,3.089133897,,3928.754601,2218.2142941445686
1993-05-25,3675,0.5,1.780821918,6.129854749,0.666400037,6.1,3162.279304,1563.8605915758403
1993-05-26,3676,21.25,3.01369863,7.109497207,0.380262319,,3321.146002,1309.244779252433
1993-05-27,3677,5.5,3.01369863,6.884773743,0.421995596,,3411.026557,1360.6343851923627
1993-05-28,3678,1.0,3.01369863,5.180782123,1.654702459,,3887.236513,1913.1550699844124
1993-05-29,3679,8.25,3.01369863,4.194930168,2.364331444,,4291.7779,2463.732506712854
1993-05-30,3680,21.25,3.01369863,8.158826816,0.975700372,,3076.07218,1110.0638553447673
1993-05-31,3681,2.5,3.01369863,5.628117318,3.714399021,,3725.186817,1732.392999898097
1993-06-01,3682,8.75,3.01369863,4.825131285,2.382824641,,4032.330857,2083.34680438206
1993-06-02,3683,6.25,3.01369863,4.111667598,3.100515702,6.9,4312.048452,2523.627410384827
1993-06-03,3684,0.0,0.0,3.323513966,1.484287917,,4727.744662,3256.447982610832
1993-06-04,3685,0.25,1.369863014,3.016231844,3.723993484,,4919.91419,3657.7315915591207
1993-06-05,3686,0.0,0.0,2.720388268,3.11453291,,5125.761658,4139.139584416574
1993-06-06,3687,0.0,0.0,2.420899441,6.783469307,,5361.905549,4759.632506235494
1993-06-07,3688,0.0,0.0,2.212164804,3.896408035,,5555.287521,5302.322959814319
1993-06-08,3689,0.0,0.0,2.078572626,5.89582175,6.8,5690.133911,5712.927782305567
1993-06-09,3690,0.5,1.780821918,1.955513966,3.665679991,,5820.143319,6146.011462744178
1993-06-10,3691,10.75,1.780821918,1.959335196,3.417886824,,5832.461523,6131.662843394168
1993-06-11,3692,29.75,1.780821918,3.75297486,0.798837405,,4477.624985,2815.263112691296
1993-06-12,3693,0.5,1.780821918,3.467463687,3.374570331,,4501.217497,3095.1772862667217
1993-06-13,3694,6.25,1.780821918,2.375044693,4.236742273,,5407.671458,4869.886420725596
1993-06-14,3695,18.0,1.780821918,4.325103352,1.505082671,,4228.772336,2375.155742234629
1993-06-15,3696,11.25,1.780821918,3.415902235,4.034969442,6.5,4687.201041,3151.2274086502543
1993-06-16,3697,8.75,1.232876712,5.574494413,2.050289301,,3780.169988,1752.383323159278
1993-06-17,3698,23.75,1.232876712,5.185558659,2.669171242,,4026.102608,1911.0434629421734
1993-06-18,3699,2.0,1.232876712,8.020885475,2.814284136,,3030.689282,1132.9892568169614
1993-06-19,3700,0.0,0.0,4.810047486,3.159574015,,4023.986762,2091.177754643932
1993-06-20,3701,0.0,0.0,3.800815642,3.884736734,,4461.992151,2772.8637863749054
1993-06-21,3702,0.0,0.0,3.297092179,2.992090634,,4743.853023,3287.7324849676747
1993-06-22,3703,0.0,0.0,2.929248603,4.832720372,6.9,4975.349038,3788.2053423883453
1993-06-23,3704,0.0,0.0,2.617592179,4.443956292,,5202.33853,4334.562786435284
1993-06-24,3705,0.0,0.0,2.356592179,3.998799204,,5420.625554,4915.585207972795
1993-06-25,3706,0.0,0.0,2.170558659,4.81796585,,5595.998426,5424.2552791599555
1993-06-26,3707,6.25,1.108320332,2.172167598,2.565018876,,5599.559344,5419.444660470346
1993-06-27,3708,0.25,0.872681475,1.931606145,6.300225582,,5838.107343,6237.201236420037
1993-06-28,3709,0.0,0.0,1.73252514,6.740598054,,6083.273232,7104.704189972064
1993-06-29,3710,0.0,0.0,1.619648045,5.505506785,7.2,6233.484268,7701.459173308866
1993-06-30,3711,0.0,0.0,1.510692737,5.44084268,,6391.440595,8371.0074847833
1993-07-01,3712,0.0,0.0,1.416192737,4.796344778,,6538.466135,9043.946152174714
1993-07-02,3713,1.0,2.343315718,1.337756983,4.72755067,,6677.106697,9682.247078107903
1993-07-03,3714,0.25,6.412474505,1.311863128,3.185339759,,6719.475524,9911.42712617989
1993-07-04,3715,0.5,4.637531655,1.238631285,2.783147521,,6852.719141,10616.792371177995
1993-07-05,3716,0.0,0.0,1.146167598,4.249749725,,7035.999406,11649.770275085006
1993-07-06,3717,0.0,0.0,1.086234637,4.285547853,6.8,7172.320214,12423.096826033881
1993-07-07,3718,2.25,3.835616438,1.06202514,3.740260048,,7225.862532,12762.737279075161
1993-07-08,3719,21.5,3.835616438,1.200167598,2.858779783,,6947.800279,11025.280723810394
1993-07-09,3720,23.0,3.835616438,2.516606145,2.836776477,,5127.933223,4543.686435778015
1993-07-10,3721,14.75,3.835616438,1.760756983,2.085718908,,6055.620586,6968.541767144244
1993-07-11,3722,2.75,3.835616438,1.472430168,1.845160765,,6423.901516,8632.05515032427
1993-07-12,3723,0.0,0.0,1.183701117,4.661672979,,6947.875429,11209.083819617108
1993-07-13,3724,44.5,3.835616438,4.297449721,1.089462538,6.9,3767.720173,2393.479864886872
1993-07-14,3725,7.0,1.369863014,6.627569832,2.560414656,,3262.700056,1424.168447040132
1993-07-15,3726,24.75,1.369863014,8.526946927,0.936643797,,3027.377221,1052.8601849852466
1993-07-16,3727,10.75,1.369863014,5.624094972,2.12434334,,3743.679989,1733.8779813818069
1993-07-17,3728,5.0,1.369863014,6.041337989,3.691545111,,3619.849004,1591.3627451510506
1993-07-18,3729,41.25,1.369863014,8.337997207,0.98722445,,3125.564927,1081.5284473445618
1993-07-19,3730,9.0,1.369863014,20.57618715,2.079043788,,1481.22471,366.0406425037854
1993-07-20,3731,2.75,1.369863014,6.917027933,2.475055051,6.8,3358.997318,1353.0328186038305
1993-07-21,3732,5.75,2.328767123,4.625120112,1.811560438,,4089.412485,2191.7590948363204
1993-07-22,3733,0.75,2.328767123,3.383396648,3.207051868,,4677.533125,3187.5283074196795
1993-07-23,3734,16.5,2.328767123,3.673231844,1.246125785,,4520.783515,2888.6376821014683
1993-07-24,3735,8.75,2.328767123,3.069075419,3.735497771,,4887.509882,3582.4254097668727
1993-07-25,3736,13.5,2.328767123,3.976793296,1.556957041,,4381.248262,2626.5127052796647
1993-07-26,3737,17.75,2.328767123,3.683564246,2.023091688,,4638.311933,2878.9335426963976
1993-07-27,3738,7.0,2.328767123,8.069053073,1.356104985,5.6,3079.635048,1124.8860637734574
1993-07-28,3739,17.5,2.465753425,5.029717877,4.920772651,,4026.287083,1982.2154245901456
1993-07-29,3740,13.25,2.465753425,11.50034078,1.455690575,,2556.728011,735.5185712705251
1993-07-30,3741,2.5,2.465753425,6.326698324,3.533601845,,3529.535869,1505.724765786553
1993-07-31,3742,2.25,2.465753425,4.688044693,2.998847623,,4071.561724,2156.555700409921
1993-08-01,3743,0.0,0.0,3.655810056,2.046198563,,4528.877756,2905.136653742381
1993-08-02,3744,29.0,2.465753425,4.492458101,2.490546873,,4228.00809,2269.5358402067363
1993-08-03,3745,1.0,2.465753425,5.392558659,3.152629635,5.9,3728.380962,1823.471536099256
1993-08-04,3746,14.5,1.506849315,5.089424581,0.969767796,,3911.770011,1954.3815380127708
1993-08-05,3747,0.75,1.506849315,4.700463687,2.729960642,,4057.394259,2149.7301275585323
1993-08-06,3748,4.75,1.506849315,4.214061453,1.517914588,,4279.148895,2450.337439999183
1993-08-07,3749,10.5,1.506849315,4.19249162,1.848554276,,4285.080257,2465.449546390919
1993-08-08,3750,1.25,1.506849315,3.996452514,2.581606876,,4356.58224,2611.0408599209645
1993-08-09,3751,31.0,1.506849315,12.06814525,0.910884825,,2310.066935,694.2147795165849
1993-08-10,3752,0.5,1.506849315,6.362069832,2.114487453,6.1,3513.547982,1495.6965338866485
1993-08-11,3753,47.5,1.506849315,22.34380726,1.233589667,4.7,1442.019596,331.575865299096
1993-08-12,3754,6.75,1.506849315,9.74996648,1.552814528,,2825.524064,896.5607698069873
1993-08-13,3755,0.0,0.0,6.189259777,4.07173068,,3566.253307,1545.8876257874324
1993-08-14,3756,3.0,1.506849315,4.6845,3.947326385,,4079.320789,2158.5111855206287
1993-08-15,3757,0.0,0.0,3.750636872,2.323444517,,4475.410152,2817.36564340313
1993-08-16,3758,0.0,0.0,3.095723464,5.168569769,,4864.309657,3545.519799402815
1993-08-17,3759,0.0,0.0,2.700955307,4.571471435,6.6,5136.344003,4174.831716440268
1993-08-18,3760,0.0,0.0,2.364511173,3.275649192,,5411.361413,4895.877371603197
1993-08-19,3761,19.0,1.917808219,2.354304469,2.449186441,,5493.223324,4921.3056983389515
1993-08-20,3762,13.25,1.917808219,4.836318436,3.223805227,,3963.10698,2077.57350318306
1993-08-21,3763,12.5,1.917808219,2.956877095,1.210849898,,4990.536039,3745.8488717636055
1993-08-22,3764,4.5,1.917808219,4.317284916,0.895953032,,4182.095566,2380.3103242927664
1993-08-23,3765,0.75,1.917808219,3.047706704,2.665562653,,4895.160299,3612.5320706568273
1993-08-24,3766,0.0,0.0,2.724586592,1.720320308,6.2,5121.95247,4131.502041484971
1993-08-25,3767,0.0,0.0,2.466100559,1.432262354,,5327.836773,4655.349567546314
1993-08-26,3768,0.0,0.0,2.261639665,2.713049087,,5508.518012,5163.730142801887
1993-08-27,3769,0.0,0.0,2.119600559,1.423809013,,5646.961848,5580.773058502244
1993-08-28,3770,0.0,0.0,1.97102514,3.253697288,,5800.114094,6088.146599706406
1993-08-29,3771,8.0,4.279703358,1.906768156,1.054917779,,5890.059754,6334.601982031494
1993-08-30,3772,1.0,6.948384529,1.885449721,3.921140506,,5884.986535,6420.451100865451
1993-08-31,3773,0.0,0.0,1.663416201,5.011280166,6.5,6172.115126,7459.505687606752
1993-09-01,3774,0.0,0.0,1.535581006,4.987684787,,6354.145273,8208.859781363743
1993-09-02,3775,0.0,0.0,1.443243017,2.70588236,,6497.134841,8841.42643619702
1993-09-03,3776,0.0,0.0,1.373002793,1.789049624,,6613.635682,9385.51245598817
1993-09-04,3777,0.0,0.0,1.295094972,3.629963421,,6747.672359,10065.213768697264
1993-09-05,3778,0.0,0.0,1.225106145,2.333501516,,6880.738608,10757.221440258354
1993-09-06,3779,0.0,0.0,1.191041899,2.524311473,,6951.219671,11126.454785753156
1993-09-07,3780,14.0,3.13204907,1.344192737,1.532099451,6.4,6706.090345,9626.788647365496
1993-09-08,3781,12.5,2.876712329,1.674377095,0.903784985,,6178.482275,7401.085125582037
1993-09-09,3782,49.25,2.876712329,14.07054469,0.466641424,,2016.142778,577.4749213200059
1993-09-10,3783,33.5,2.876712329,25.29294134,0.73585582,4.3,1417.900865,285.7412034715601
1993-09-11,3784,6.0,2.876712329,9.730734637,2.7082123,,2778.993358,898.685828658959
1993-09-12,3785,19.0,2.876712329,7.647888268,0.294779102,,3225.85699,1199.5486229925061
1993-09-13,3786,9.25,2.876712329,8.773793296,1.229386208,,2999.660283,1017.4467312695745
1993-09-14,3787,0.5,2.876712329,6.019944134,0.905239371,6.0,3620.525947,1598.1432627458141
1993-09-15,3788,3.75,2.465753425,4.769145251,0.197905673,,4048.797136,2112.686746537309
1993-09-16,3789,0.25,2.465753425,3.809564246,1.626152586,,4451.883578,2765.236712111392
1993-09-17,3790,0.0,0.0,3.23253352,0.720107784,,4781.946718,3366.539661281614
1993-09-18,3791,0.0,0.0,2.812324022,1.804710355,,5053.39156,3977.610124206566
1993-09-19,3792,0.0,0.0,2.456069832,1.359991344,,5333.463163,4678.127488493145
1993-09-20,3793,7.5,2.465753425,2.466326816,0.587226666,,5333.743128,4654.838126377403
1993-09-21,3794,11.0,2.465753425,3.077195531,1.39457855,5.9,4896.967138,3571.1052577779983
1993-09-22,3795,2.75,2.328767123,2.991117318,1.352238108,,4932.615333,3694.5475149218832
1993-09-23,3796,0.25,2.328767123,2.616385475,1.737955053,,5200.601095,4336.957111677954
1993-09-24,3797,3.5,2.328767123,2.405388268,1.266593469,,5391.977735,4796.411205032928
1993-09-25,3798,2.0,2.328767123,2.375698324,2.416849347,,5397.093586,4868.281957801003
1993-09-26,3799,0.0,0.0,2.17573743,1.669753303,,5591.962496,5408.799002770703
1993-09-27,3800,0.0,0.0,2.06253352,1.105571921,,5705.877111,5766.162890994518
1993-09-28,3801,2.5,2.328767123,1.953175978,2.138198039,6.3,5827.120756,6154.820954286396
1993-09-29,3802,10.25,3.835616438,2.100921788,0.655939495,,5684.599783,5640.236219157412
1993-09-30,3803,1.75,3.835616438,2.169804469,0.403797904,,5578.041566,5426.512953539288
1993-10-01,3804,9.5,3.835616438,2.019293296,0.495802236,,5787.436948,5914.315435038511
1993-10-02,3805,1.25,3.835616438,2.357446927,1.19690525,,5396.418275,4913.451012817427
1993-10-03,3806,13.0,3.835616438,2.277905028,0.902615577,,5543.42708,5119.608832740145
1993-10-04,3807,4.5,3.835616438,3.490768156,1.034817425,,4616.548729,3070.440338173087
1993-10-05,3808,23.75,3.835616438,7.249298883,0.479321125,5.7,3227.182851,1279.0374816716655
1993-10-06,3809,9.0,1.643835616,7.476687151,0.431280363,,3254.860317,1232.5497311995928
1993-10-07,3810,8.75,1.643835616,8.350642458,1.4260696,,3073.167233,1079.5653108495117
1993-10-08,3811,6.25,1.643835616,6.077061453,0.217032923,,3624.027191,1580.1575060520777
1993-10-09,3812,8.5,1.643835616,5.020969274,0.824905366,,3954.636336,1986.354945366715
1993-10-10,3813,6.25,1.643835616,6.26626257,0.649272896,,3564.418803,1523.147101151192
1993-10-11,3814,2.5,1.643835616,4.700036313,0.195906905,,4078.071778,2149.964357162423
1993-10-12,3815,32.25,1.643835616,11.67191899,0.13332609,5.3,2427.866448,722.5714657293344
1993-10-13,3816,0.5,2.191780822,9.789863128,0.093723475,,2760.365605,892.1815683250622
1993-10-14,3817,0.0,0.0,5.985703911,1.278078999,,3627.318663,1609.1061626392072
1993-10-15,3818,0.0,0.0,4.583765363,0.896077697,,4114.282452,2215.4740381793436
1993-10-16,3819,0.0,0.0,3.609477654,1.393865184,,4561.637293,2949.8671115441766
1993-10-17,3820,0.0,0.0,3.177050279,1.455043824,,4815.698324,3437.084544747998
1993-10-18,3821,0.0,0.0,2.817,1.509114994,,5053.23769,3969.7036306573073
1993-10-19,3822,0.0,0.0,2.505368715,1.346066853,6.4,5293.419362,4568.103800650977
1993-10-20,3823,2.5,5.145436926,2.309932961,0.874341122,,5465.902354,5034.722686110923
1993-10-21,3824,0.0,0.0,2.140416201,1.306193465,,5624.032585,5515.84885597533
1993-10-22,3825,0.0,0.0,1.982287709,1.382318103,,5789.67667,6046.754093186565
1993-10-23,3826,0.0,0.0,1.84575419,1.309455489,,5944.459295,6586.117891980612
1993-10-24,3827,0.0,0.0,1.752511173,0.451167601,,6060.23637,7007.813436534425
1993-10-25,3828,0.0,0.0,1.654642458,0.336951451,,6187.684604,7506.881740591083
1993-10-26,3829,0.75,2.283101433,1.56826257,0.192368329,6.5,6309.015236,8004.505062914032
1993-10-27,3830,0.0,0.0,1.49027933,0.28737616,,6423.729339,8508.446926874105
1993-10-28,3831,1.75,3.726291756,1.447642458,0.094010066,,6493.121789,8809.273829529633
1993-10-29,3832,0.0,0.0,1.375139665,0.321993751,,6610.36403,9368.058605285036
1993-10-30,3833,0.0,0.0,1.325287709,0.285372228,,6695.723407,9791.382070651913
1993-10-31,3834,0.0,0.0,1.261634078,0.315341779,,6811.803607,10385.539106784776
1993-11-01,3835,0.0,0.0,1.207709497,0.303339148,,6915.51182,10942.93196781831
1993-11-02,3836,2.25,12.15001135,1.177592179,0.273093142,6.7,6982.851026,11278.709769483396
1993-11-03,3837,9.25,3.287671233,1.476402235,0.076949259,,6452.201561,8604.264007611086
1993-11-04,3838,0.5,3.287671233,1.315709497,0.686945932,,6706.913906,9876.7572255923
1993-11-05,3839,0.5,3.287671233,1.220656425,0.223058912,,6889.55744,10804.169492303348
1993-11-06,3840,0.5,3.287671233,1.187421788,0.260329267,,6958.348974,11167.063156902845
1993-11-07,3841,3.75,3.287671233,1.200846369,0.15017625,,6939.974558,11017.822820416752
1993-11-08,3842,1.25,3.287671233,1.205673184,0.236380497,,6915.874726,10965.054670991085
1993-11-09,3843,44.25,3.287671233,8.900446927,0.1147512,6.6,2320.211642,1000.1129721811296
1993-11-10,3844,11.75,1.506849315,5.61449162,0.652025105,,3648.504538,1737.4328304114506
1993-11-11,3845,23.75,1.506849315,10.47396369,0.22021719,,2703.401425,822.7712370073486
1993-11-12,3846,31.75,1.506849315,12.30742458,0.460583681,,2211.576621,678.0599227552927
1993-11-13,3847,47.5,1.506849315,35.26589665,0.062823219,,1067.531695,191.73979357914783
1993-11-14,3848,12.0,1.506849315,22.00660894,0.148271458,,1555.12566,337.68145545955537
1993-11-15,3849,0.0,0.0,8.78847486,0.656829841,,2968.9193,1015.4092738089255
1993-11-16,3850,0.25,1.506849315,5.687019553,0.538962214,6.1,3719.968603,1710.9114866694727
1993-11-17,3851,0.0,0.0,4.297751397,0.421440407,,4225.891159,2393.278567374471
1993-11-18,3852,0.0,0.0,3.433726257,0.339449262,,4659.031463,3131.6425638816295
1993-11-19,3853,0.0,0.0,2.858782123,0.442083405,,5018.181082,3900.3150940873647
1993-11-20,3854,0.25,3.665849978,2.451670391,0.477871654,,5337.630644,4688.182402753624
1993-11-21,3855,0.0,0.0,2.210731844,0.0,,5552.615552,5306.438675952559
1993-11-22,3856,0.25,4.796933184,1.994430168,0.304698819,,5774.351405,6002.702586123103
1993-11-23,3857,0.25,3.350910359,1.813248603,0.210844578,6.4,5981.099651,6727.721134351948
1993-11-24,3858,3.0,4.383561644,1.72123743,0.0,,6109.436061,7160.518859741516
1993-11-25,3859,9.25,4.383561644,2.138103352,0.241886415,,5632.195907,5522.994112420645
1993-11-26,3860,0.5,4.383561644,1.912223464,0.186079481,,5858.001754,6312.971116239817
1993-11-27,3861,0.0,0.0,1.747231844,0.040547302,,6062.675002,7033.1706910643
1993-11-28,3862,0.0,0.0,1.59747486,0.045547034,,6262.875073,7829.600130761605
1993-11-29,3863,8.0,4.383561644,1.819583799,0.0208399,,6000.754286,6699.687236060162
1993-11-30,3864,4.25,4.383561644,2.656835196,0.342818753,6.0,5168.772334,4257.998148389908
1993-12-01,3865,13.75,3.287671233,3.243544693,0.186596448,,4802.608469,3352.8543906681707
1993-12-02,3866,9.5,3.287671233,4.855424581,0.111995575,,4022.175804,2067.781049315826
1993-12-03,3867,29.5,3.287671233,6.356689944,0.276902293,,3870.136875,1497.2138877791185
1993-12-04,3868,18.5,3.287671233,25.1113324,0.348573751,,1314.671479,288.222930613241
1993-12-05,3869,7.0,3.287671233,8.316527933,0.290793612,,3071.706558,1084.8765152060266
1993-12-06,3870,52.25,3.287671233,14.59686872,0.276114144,,2287.438245,552.5904938704349
1993-12-07,3871,3.25,3.287671233,23.65157263,0.298347379,5.4,1140.722929,309.6995956828757
1993-12-08,3872,68.75,23.28767123,39.39923464,0.425693383,3.9,728.0014686,167.8533717357774
1993-12-09,3873,10.75,23.28767123,13.76230726,0.469568574,,2245.903356,593.022388069304
1993-12-10,3874,3.75,23.28767123,8.581223464,0.476364395,,3031.564725,1044.881341114401
1993-12-11,3875,4.75,23.28767123,6.065497207,0.253236957,,3614.08808,1583.7689434988679
1993-12-12,3876,71.5,23.28767123,39.41494693,0.075064161,,567.1312129,167.77304405984754
1993-12-13,3877,4.25,23.28767123,21.80300279,0.0,,1493.029776,341.46877281241836
1993-12-14,3878,38.25,23.28767123,19.29351117,0.066929376,,1603.996407,395.42860117983207
1993-12-15,3879,39.75,23.28767123,23.29803352,0.224137649,,1563.953593,315.34749927935087
1993-12-16,3880,12.5,23.28767123,21.14846648,0.114040567,12.2,1607.68007,354.1883947712134
1993-12-17,3881,24.75,3.01369863,15.88970112,0.073620325,,2082.263115,499.10759790300347
1993-12-18,3882,61.0,3.01369863,34.65490223,0.125491067,,941.6152542,195.8049310400361
1993-12-19,3883,26.75,3.01369863,42.4437486,0.187152694,,587.5913184,153.50425924497628
1993-12-20,3884,6.25,3.01369863,12.97827654,0.0,,2379.745262,636.2446492852621
1993-12-21,3885,7.5,3.01369863,8.521667598,0.078015243,8.8,3061.066304,1053.6422273877224
1993-12-22,3886,38.5,11.09589041,39.55281285,0.16573024,9.1,887.9729014,167.0712260778791
1993-12-23,3887,22.25,11.09589041,21.0947933,0.124141975,,1701.174124,355.26997390725455
1993-12-24,3888,0.0,0.0,11.01554749,0.064740629,,2609.041163,774.5045586979179
1993-12-25,3889,0.0,0.0,7.045391061,0.0,,3353.44516,1323.537443616611
1993-12-26,3890,0.0,0.0,5.153681564,0.084744093,,3899.810755,1925.2171127965544
1993-12-27,3891,0.0,0.0,4.160413408,0.142992431,,4296.577234,2488.242559175734
1993-12-28,3892,14.0,11.09589041,7.303801676,0.147106974,,3313.384831,1267.604818222223
1993-12-29,3893,35.5,11.09589041,12.7993324,0.367490085,,2425.160285,646.9277251703737
1993-12-30,3894,40.0,11.09589041,22.5930419,0.146648415,,1643.354809,327.19165264396986
1993-12-31,3895,3.25,11.09589041,14.66356425,0.100368862,,2145.66517,549.5771262957726
1994-01-01,3896,17.0,11.09589041,8.583662011,0.102256006,,3084.54988,1044.525468491225
1994-01-02,3897,6.25,11.09589041,13.17542179,0.245242634,,2337.912442,624.8437194373015
1994-01-03,3898,20.0,11.09589041,10.8971648,0.0,,2663.088315,784.6050666593387
1994-01-04,3899,3.75,11.09589041,9.566874302,0.109527606,8.5,2849.11223,917.1731843607249
1994-01-05,3900,18.0,7.534246575,11.95408659,0.115942311,,2502.258235,702.165919775855
1994-01-06,3901,0.25,7.534246575,7.700656425,0.21783303,,3204.621508,1189.7016339826046
1994-01-07,3902,1.75,7.534246575,5.684304469,0.10495978,,3725.153866,1711.8909206915464
1994-01-08,3903,2.5,7.534246575,5.042187151,0.077970916,,3974.059808,1976.3426900553864
1994-01-09,3904,5.75,7.534246575,6.550416201,0.11184777,,3484.35976,1444.2979676265352
1994-01-10,3905,1.0,7.534246575,6.073139665,0.11331887,,3590.900324,1581.3805609865203
1994-01-11,3906,10.25,7.534246575,6.121885475,0.123601926,7.9,3617.442784,1566.300861339891
1994-01-12,3907,32.25,14.52054795,15.78411453,0.266830323,,2067.818652,503.11526472113115
1994-01-13,3908,8.0,14.52054795,13.12059218,0.494443609,,2297.754924,627.976724260309
1994-01-14,3909,12.25,14.52054795,9.814952514,0.240576802,,2835.311276,889.4477001756551
1994-01-15,3910,2.0,14.52054795,7.25103352,0.025407473,,3313.268305,1278.670708669669
1994-01-16,3911,0.0,0.0,5.575877095,0.462780827,,3763.696523,1751.8625590676727
1994-01-17,3912,0.75,14.52054795,4.512997207,0.115613935,,4146.195698,2257.1653278513004
1994-01-18,3913,31.75,14.52054795,9.430692737,0.242580289,8.0,2543.489101,933.0757816144447
1994-01-19,3914,6.25,1.917808219,7.444307263,0.255641194,,3223.659585,1238.9791217406623
1994-01-20,3915,21.75,1.917808219,13.07295251,0.144175325,,2382.639488,630.7223537388779
1994-01-21,3916,20.5,1.917808219,11.39498045,0.287234713,,2611.208477,743.6815635297683
1994-01-22,3917,32.5,1.917808219,14.64302514,0.324512525,,2291.541116,550.5018875311116
1994-01-23,3918,50.25,1.917808219,52.32021788,0.666096285,,360.6489388,119.4064037160822
1994-01-24,3919,16.25,1.917808219,11.5757095,0.225447938,,2588.579655,729.7793707936809
1994-01-25,3920,37.75,1.917808219,30.08606983,0.454960449,6.4,1119.521276,232.0183062868296
1994-01-26,3921,3.0,17.80821918,10.10363128,0.675309916,,2747.846282,859.0633020443449
1994-01-27,3922,23.0,17.80821918,9.983891061,0.359396481,,2821.199347,871.4320108800073
1994-01-28,3923,7.0,17.80821918,7.922941341,0.652862828,,3164.153006,1149.800585615001
1994-01-29,3924,24.25,17.80821918,9.451181564,0.273281334,,2938.46838,930.6510001220088
1994-01-30,3925,2.25,17.80821918,11.87758659,0.4929306,,2479.587592,707.5929229495081
1994-01-31,3926,7.0,17.80821918,7.350209497,0.354824436,8.5,3304.603302,1258.01694781048
1994-02-01,3927,19.5,6.164383562,12.75946089,0.343573352,,2313.403731,649.3529804261739
1994-02-02,3928,0.25,6.164383562,7.718354749,0.359969845,,3203.627487,1186.432098644877
1994-02-03,3929,17.75,6.164383562,7.837893855,0.194452001,,3227.486281,1164.7732675759698
1994-02-04,3930,3.75,6.164383562,9.124013966,0.863146577,,2914.405146,970.8037457714344
1994-02-05,3931,7.0,6.164383562,7.060248603,0.282163694,,3373.428031,1320.1995127811454
1994-02-06,3932,9.5,6.164383562,6.67950838,0.292265774,,3468.106025,1410.9051113078049
1994-02-07,3933,6.5,6.164383562,6.266589385,0.289559898,,3576.930277,1523.0518940552706
1994-02-08,3934,11.5,6.164383562,6.703843575,0.180439115,8.1,3453.957652,1404.7683880052914
1994-02-09,3935,0.25,4.109589041,6.242405028,0.5150468,,3555.727688,1530.126827700491
1994-02-10,3936,16.25,4.109589041,5.51174581,0.760344376,,3855.187462,1776.3189057197264
1994-02-11,3937,7.75,4.109589041,10.55981564,0.047428606,,2676.826065,814.7566541182439
1994-02-12,3938,0.25,4.109589041,6.316013966,0.068386455,,3545.73275,1508.778183472657
1994-02-13,3939,0.0,0.0,5.028536313,0.066225895,,3948.136268,1982.7735733921486
1994-02-14,3940,0.0,0.0,4.076346369,0.0,,4332.713304,2549.8487553926366
1994-02-15,3941,1.0,4.109589041,3.449212291,0.0,8.0,4653.858968,3114.8071061962924
1994-02-16,3942,13.75,2.602739726,4.112371508,0.180811772,,4308.198103,2523.109877846444
1994-02-17,3943,2.75,2.602739726,3.699628492,0.251681537,,4516.397149,2863.964296361182
1994-02-18,3944,8.25,2.602739726,4.300039106,0.044940314,,4263.288978,2391.753071534451
1994-02-19,3945,0.5,2.602739726,4.180952514,0.075346831,,4290.185407,2473.604353346976
1994-02-20,3946,2.25,2.602739726,3.60525419,0.022452462,,4568.959744,2954.0073915677594
1994-02-21,3947,2.25,2.602739726,3.169910615,0.396453888,,4821.694048,3446.359499008343
1994-02-22,3948,0.25,2.602739726,2.929977654,0.053698979,7.8,4981.571575,3787.076380163213
1994-02-23,3949,1.5,1.643835616,2.696430168,0.0,,5142.278402,4183.224088280307
1994-02-24,3950,0.25,1.643835616,2.378941341,0.0,,5399.079761,4860.335668994462
1994-02-25,3951,8.5,1.643835616,2.917885475,0.046019009,,5083.966208,3805.881682728591
1994-02-26,3952,7.0,1.643835616,8.445519553,0.276604983,,3099.465054,1065.0418554083815
1994-02-27,3953,26.25,1.643835616,28.53206145,0.354502458,,1202.192262,247.26688462334417
1994-02-28,3954,13.5,1.643835616,20.26719553,0.30385676,6.7,1733.375169,372.7465753794812
1994-03-01,3955,11.25,3.698630137,9.778650838,0.706919681,,2852.197063,893.4083026224052
1994-03-02,3956,1.25,3.698630137,9.43051676,1.232005259,,2833.641391,933.0966580409122
1994-03-03,3957,8.5,3.698630137,7.818511173,0.543586141,,3191.812452,1168.2357191110498
1994-03-04,3958,3.25,3.698630137,5.994427374,0.532063269,,3645.42563,1606.3000533441214
1994-03-05,3959,5.0,3.698630137,5.423857542,1.244192149,,3819.999428,1810.868588213667
1994-03-06,3960,16.5,3.698630137,5.536885475,0.547514423,,3821.718107,1766.6577542832363
1994-03-07,3961,26.75,3.698630137,14.89972626,0.337260376,,2087.949602,539.1452324332371
1994-03-08,3962,15.25,3.698630137,13.86849721,0.621509965,7.0,2274.138478,587.5803788633191
1994-03-09,3963,27.0,2.465753425,24.61484916,0.623329818,,1462.250348,295.21332213144075
1994-03-10,3964,0.0,0.0,9.523081006,1.212092637,,2841.768168,922.2326266706035
1994-03-11,3965,17.75,2.465753425,8.774622905,0.355145934,,3007.137315,1017.331401203169
1994-03-12,3966,35.25,2.465753425,17.25558939,0.575729552,,1786.833138,452.0969465276463
1994-03-13,3967,4.75,2.465753425,16.05911732,1.152794882,,1960.783833,492.7981444531126
1994-03-14,3968,29.5,2.465753425,14.20725419,0.831950412,,2187.615199,570.8163783089741
1994-03-15,3969,26.5,2.465753425,29.63139385,1.024199136,6.0,1161.471311,236.29789734130202
1994-03-16,3970,4.5,2.465753425,9.776086592,0.761337354,,2813.557364,893.6892907899494
1994-03-17,3971,6.75,2.465753425,6.858301676,1.122766904,,3414.862606,1366.931967619313
1994-03-18,3972,67.25,2.465753425,34.44863128,0.367159736,,771.5381521,197.2131579782087
1994-03-19,3973,0.25,2.465753425,17.08748045,1.490650427,,1850.764819,457.4379223715142
1994-03-20,3974,0.75,2.465753425,7.918918994,1.545807133,,3154.255432,1150.5007632448192
1994-03-21,3975,1.5,2.465753425,5.752860335,0.738449813,,3705.786494,1687.4709724381873
1994-03-22,3976,24.75,2.465753425,10.24064246,0.470165912,5.4,2702.997076,845.3000651094304
1994-03-23,3977,26.25,1.506849315,12.81723184,0.212543524,,2368.778465,645.8443532165321
1994-03-24,3978,37.5,1.506849315,19.08243855,1.738215928,,1878.630396,400.68197721153444
1994-03-25,3979,34.0,1.506849315,44.31446648,0.432835448,4.9,561.487357,145.75732078254944
1994-03-26,3980,0.25,1.506849315,10.24099441,2.722828305,,2721.521762,845.265231511276
1994-03-27,3981,9.25,1.506849315,7.36725419,0.360238812,,3303.00159,1254.5288262607653
1994-03-28,3982,19.0,1.506849315,12.04753073,0.428236135,,2468.938181,695.6395885088494
1994-03-29,3983,0.0,0.0,7.504843575,2.265020687,6.4,3243.864298,1227.008495629682
1994-03-30,3984,18.25,8.356164384,9.637692737,0.556667895,,2707.205588,909.09839249988
1994-03-31,3985,15.0,8.356164384,10.35414804,0.993860227,,2746.596514,834.2008981763995
1994-04-01,3986,44.25,8.356164384,28.63694413,0.468178067,,1315.834773,246.1803768083331
1994-04-02,3987,9.0,8.356164384,11.87132682,0.950628484,,2502.058635,708.0404023585519
1994-04-03,3988,49.25,8.356164384,28.88904469,0.30969796,,1102.137135,243.60426174398162
1994-04-04,3989,12.0,8.356164384,24.0239162,0.58677965,,1229.023789,303.9486021500138
1994-04-05,3990,21.25,8.356164384,11.18692458,0.716275503,7.8,2646.746686,760.2982357088213
1994-04-06,3991,3.75,9.315068493,11.16653631,1.683026093,,2633.369464,761.9632152349974
1994-04-07,3992,27.0,9.315068493,14.14639106,0.473869583,,2287.127599,573.7632938466114
1994-04-08,3993,40.0,9.315068493,34.0786257,0.276617493,,872.585519,199.78623336619614
1994-04-09,3994,22.25,9.315068493,14.87041341,0.771237268,,2188.466344,540.4202660568728
1994-04-10,3995,6.5,9.315068493,11.07568156,1.969234555,,2627.288822,769.4646994822695
1994-04-11,3996,0.0,0.0,7.961505587,3.558039661,,3161.844079,1143.127081702244
1994-04-12,3997,3.75,9.315068493,6.650120112,1.075295132,7.1,3466.855436,1418.3819086045942
1994-04-13,3998,0.0,0.0,5.253787709,2.901227212,,3870.092395,1881.3409287058385
1994-04-14,3999,0.0,0.0,4.251519553,2.700129444,,4253.079771,2424.493805722295
1994-04-15,4000,0.0,0.0,3.521689944,2.209593785,,4612.746606,3038.172591226925
1994-04-16,4001,0.0,0.0,3.130944134,0.899464697,,4845.057323,3497.79941312504
1994-04-17,4002,0.0,0.0,2.756715084,1.167994669,,5095.839661,4073.8995423294627
1994-04-18,4003,0.0,0.0,2.425902235,1.94212734,,5359.027791,4747.880464308154
1994-04-19,4004,2.5,3.439290719,2.242432961,1.415065902,7.0,5530.524731,5216.735980823822
1994-04-20,4005,5.75,2.739726027,2.238611732,1.646628241,,5529.733314,5227.400832899845
1994-04-21,4006,7.0,2.739726027,2.175888268,1.391312177,,5594.129782,5408.350030860701
1994-04-22,4007,5.5,2.739726027,2.219053073,2.03695737,,5547.046862,5282.620087064097
1994-04-23,4008,5.0,2.739726027,1.982388268,1.97646459,,5794.548188,6046.386841999291
1994-04-24,4009,2.75,2.739726027,1.947318436,1.179269275,,5824.84346,6176.9940892823815
1994-04-25,4010,18.25,2.739726027,3.77776257,1.037993707,,4344.213234,2793.14751265859
1994-04-26,4011,0.25,2.739726027,3.596706704,3.998722377,6.6,4498.726874,2962.4192190860413
1994-04-27,4012,6.25,10.0,2.969597765,1.578799527,,4956.062088,3726.63805459187
1994-04-28,4013,0.5,10.0,2.591019553,1.673471758,,5221.324723,4387.855137804343
1994-04-29,4014,0.0,0.0,2.304351955,3.189691841,,5467.659128,5049.328069651645
1994-04-30,4015,0.25,10.0,2.110298883,4.107898986,,5652.86016,5610.240086721662
1994-05-01,4016,0.0,0.0,1.947444134,4.081715933,,5827.609696,6176.516734039631
1994-05-02,4017,0.0,0.0,1.798918994,4.567577859,,5999.810831,6791.931562300502
1994-05-03,4018,7.75,10.0,1.811815642,1.984375493,,6006.382864,6734.091995954534
1994-05-04,4019,2.75,10.0,1.820011173,1.412152584,6.9,5960.750563,6697.803777655725
1994-05-05,4020,21.5,5.753424658,3.494689944,0.767284413,,4485.689462,3066.313102023222
1994-05-06,4021,1.0,5.753424658,2.659248603,2.710719727,,5101.610323,4253.3704693191985
1994-05-07,4022,1.0,5.753424658,2.113717877,2.224245717,,5647.280579,5599.375857285826
1994-05-08,4023,0.75,5.753424658,1.914435754,3.051831381,,5864.580515,6304.237731689196
1994-05-09,4024,0.25,5.753424658,1.786625698,2.788524469,,6016.543652,6847.919410153128
1994-05-10,4025,0.0,0.0,1.716687151,1.210858992,6.8,6107.61368,7183.246799085975
1994-05-11,4026,0.0,0.0,1.630030726,2.224516745,,6220.659879,7642.771495779573
1994-05-12,4027,4.0,2.602739726,1.613715084,2.270451267,,6245.601149,7735.3674904017025
1994-05-13,4028,0.0,0.0,1.499731844,2.215753122,,6407.634265,8444.294256138553
1994-05-14,4029,13.0,2.602739726,1.486131285,3.548402705,,6481.917533,8536.882044103586
1994-05-15,4030,4.5,2.602739726,2.374013966,2.257735669,,5313.552671,4872.418509927802
1994-05-16,4031,4.75,2.602739726,1.885273743,0.312876284,,5904.072542,6421.168638703139
1994-05-17,4032,0.0,0.0,1.63651676,3.365310461,6.7,6205.816318,7606.524236832252
1994-05-18,4033,0.0,0.0,1.498122905,2.156475201,,6410.702253,8455.151094342382
1994-05-19,4034,0.0,0.0,1.405206704,2.752299279,,6557.452719,9128.643633429509
1994-05-20,4035,0.75,8.630136986,1.376019553,0.409884064,,6614.649595,9360.889028571557
1994-05-21,4036,2.5,8.630136986,1.403899441,0.271527296,,6565.756013,9138.818989915277
1994-05-22,4037,3.0,8.630136986,1.392712291,1.15519816,,6583.687551,9226.754774792389
1994-05-23,4038,3.0,8.630136986,1.373681564,0.546641974,,6615.061596,9379.96183070467
1994-05-24,4039,7.0,8.630136986,1.631363128,0.434284312,6.7,6225.606385,7635.299522456135
1994-05-25,4040,1.5,4.246575342,1.635863128,0.558695516,,6205.147509,7610.162765303774
1994-05-26,4041,2.5,4.246575342,1.591793296,1.061675376,,6277.199479,7863.065795361732
1994-05-27,4042,0.0,0.0,1.451589385,1.210310779,,6480.821621,8780.610415373138
1994-05-28,4043,0.0,0.0,1.356888268,2.678512733,,6639.98584,9519.08056837009
1994-05-29,4044,0.0,0.0,1.299293296,2.999468931,,6743.486113,10026.30037608682
1994-05-30,4045,0.0,0.0,1.240692737,4.68720571,,6848.209096,10595.683782576005
1994-05-31,4046,0.0,0.0,1.191695531,5.381103546,,6949.618699,11119.15157541125
1994-06-01,4047,3.0,4.246575342,1.204416201,2.31121278,6.7,6926.380987,10978.75165958748
1994-06-02,4048,0.25,3.01369863,1.16627933,2.437620009,,7000.020087,11409.76309034448
1994-06-03,4049,40.5,3.01369863,5.335315642,1.323159485,,3599.296272,1846.9419354950765
1994-06-04,4050,9.75,3.01369863,6.085030726,1.366133727,,3490.704414,1577.6775321231862
1994-06-05,4051,3.0,3.01369863,3.676977654,3.475457195,,4503.268486,2885.1127133132777
1994-06-06,4052,15.0,3.01369863,5.872298883,2.521616759,,3662.692655,1646.4203195491975
1994-06-07,4053,11.25,3.01369863,7.192910615,1.239045904,6.1,3309.641368,1291.066188648126
1994-06-08,4054,1.25,1.18215231,5.00852514,3.318473306,,3942.079655,1992.2704369773505
1994-06-09,4055,0.25,2.220472955,3.934558659,2.226129319,,4395.040058,2660.3263708813647
1994-06-10,4056,0.0,0.0,3.317505587,1.574876106,,4728.102663,3263.514075321384
1994-06-11,4057,0.0,0.0,2.855287709,3.802482,,5023.836267,3906.0329065883843
1994-06-12,4058,0.0,0.0,2.498832402,2.309000003,,5297.166483,4582.417284529873
1994-06-13,4059,0.0,0.0,2.225463687,5.347393087,,5539.14429,5264.4037845815665
1994-06-14,4060,0.0,0.0,2.007527933,5.763444503,6.7,5758.707965,5955.841023352128
1994-06-15,4061,0.0,0.0,1.84198324,5.331561535,,5947.986295,6602.263888915969
1994-06-16,4062,0.0,0.0,1.730740223,4.577782484,,6087.388648,7113.476913692186
1994-06-17,4063,0.0,0.0,1.616631285,4.722537194,,6237.942765,7718.666538686413
1994-06-18,4064,0.25,4.383561644,1.51277933,1.917635926,,6389.21518,8357.188182668044
1994-06-19,4065,7.75,4.383561644,1.621256983,1.039229023,,6238.171229,7692.310664858459
1994-06-20,4066,1.0,4.383561644,1.430421788,2.089753471,,6511.852385,8936.36783533393
1994-06-21,4067,69.5,4.383561644,19.36249441,0.87719898,4.6,1457.177756,393.7389668492475
1994-06-22,4068,0.0,0.0,6.694592179,3.510549125,,3378.939175,1407.095581073048
1994-06-23,4069,0.0,0.0,4.020636872,5.106351132,,4335.72525,2592.2356045175197
1994-06-24,4070,1.25,3.01369863,3.079810056,2.765016931,,4869.370981,3567.4743323269627
1994-06-25,4071,0.25,3.01369863,2.567689944,1.296614863,,5236.792067,4435.643186635281
1994-06-26,4072,5.75,3.01369863,2.261765363,3.226148007,,5513.930291,5163.386502431422
1994-06-27,4073,0.5,3.01369863,2.117513966,2.056634895,,5637.086522,5587.358498330465
1994-06-28,4074,2.0,3.01369863,1.838740223,5.905567976,6.9,5949.370597,6616.207623986662
1994-06-29,4075,0.0,0.0,1.683175978,3.831225577,,6143.993754,7354.792122885974
1994-06-30,4076,0.0,0.0,1.557150838,3.694609798,,6320.36792,8072.929054953718
1994-07-01,4077,0.0,0.0,1.446259777,3.11053941,,6491.497325,8819.35578714905
1994-07-02,4078,0.25,4.657534247,1.377276536,1.40086052,,6607.346621,9350.664222188214
1994-07-03,4079,0.25,4.657534247,1.303391061,2.281344345,,6734.037205,9988.584400789621
1994-07-04,4080,11.25,4.657534247,1.447617318,0.88002689,,6499.61315,8809.456951615986
1994-07-05,4081,8.25,4.657534247,1.531910615,2.536948703,6.8,6353.042856,8232.4089224562
1994-07-06,4082,17.5,1.506849315,2.667645251,2.562426087,,5031.389597,4237.34164196749
1994-07-07,4083,0.0,0.0,1.633826816,4.415596117,,6189.789453,7621.518659392637
1994-07-08,4084,0.0,0.0,1.39872067,2.52386838,,6565.842969,9179.334344855037
1994-07-09,4085,0.0,0.0,1.276541899,4.033624538,,6777.872053,10240.547060942848
1994-07-10,4086,0.5,1.506849315,1.232648045,1.083626743,,6870.828368,10678.49795290884
1994-07-11,4087,0.0,0.0,1.182368715,4.942092917,,6964.184419,11224.202375370067
1994-07-12,4088,0.25,1.506849315,1.123994413,5.526356719,6.8,7089.217307,11925.32783745243
1994-07-13,4089,0.25,1.09629971,1.077837989,5.703318197,,7185.802635,12538.998347100809
1994-07-14,4090,0.5,5.632539048,1.035578212,5.031127957,,7291.019841,13153.740779592716
1994-07-15,4091,1.75,1.618939947,1.044326816,3.263933562,,7267.074615,13021.990231496562
1994-07-16,4092,0.0,0.0,0.971446927,5.692165689,,7442.200253,14199.439278559976
1994-07-17,4093,0.0,0.0,0.928759777,5.377042633,,7559.164097,14983.812212440182
1994-07-18,4094,0.0,0.0,0.902840782,5.359213794,,7631.202178,15499.93508055431
1994-07-19,4095,0.0,0.0,0.879511173,4.616589467,6.8,7696.203509,15993.128705089555
1994-07-20,4096,0.0,0.0,0.855879888,5.146885636,,7766.541912,16522.870628899065
1994-07-21,4097,2.0,11.64383562,0.870611732,1.819477386,,7726.102927,16188.922285453818
1994-07-22,4098,0.25,11.64383562,0.831167598,5.14668329,,7836.993626,17112.31652954122
1994-07-23,4099,0.75,11.64383562,0.788656425,6.08317466,,7979.236071,18221.608854960075
1994-07-24,4100,0.25,11.64383562,0.799139665,2.335856997,,7941.968541,17936.012836752234
1994-07-25,4101,0.0,0.0,0.760851955,3.667022442,,8066.700975,19021.048903862207
1994-07-26,4102,16.25,11.64383562,1.080402235,0.78990947,6.6,7170.867355,12503.39346928331
1994-07-27,4103,8.75,3.287671233,1.224854749,4.824892168,,6809.395424,10759.863885173134
1994-07-28,4104,0.0,0.0,0.836798883,4.503391051,,7812.673737,16974.633300853726
1994-07-29,4105,0.0,0.0,0.766860335,5.047036034,,8043.148521,18842.90131354833
1994-07-30,4106,0.0,0.0,0.721910615,3.775369094,,8208.281604,20254.863546860855
1994-07-31,4107,6.0,3.287671233,0.76424581,2.363946896,,8061.051209,18920.043726548065
1994-08-01,4108,14.25,3.287671233,1.128494413,1.792247656,,6920.335763,11868.442097253264
1994-08-02,4109,15.0,3.287671233,1.713469274,0.756053673,7.0,5928.99994,7199.399631645076
1994-08-03,4110,7.75,2.054794521,1.794494413,2.012190498,,5904.929044,6811.985579934737
1994-08-04,4111,3.5,2.054794521,1.982287709,3.886243103,,5733.538386,6046.754093186565
1994-08-05,4112,2.0,2.054794521,1.262162011,3.330143636,,6791.091864,10380.340227516888
1994-08-06,4113,0.0,0.0,1.082941341,2.826981957,,7172.285516,12468.320027238478
1994-08-07,4114,1.25,2.054794521,1.007497207,2.90620325,,7347.603702,13593.636881215094
1994-08-08,4115,0.0,0.0,0.924687151,2.7842357,,7567.677403,15062.808054387995
1994-08-09,4116,0.0,0.0,0.884740223,3.113489678,6.8,7681.072587,15880.101455909306
1994-08-10,4117,10.25,3.150684932,1.017653631,0.278538656,,7339.309076,13431.45656524066
1994-08-11,4118,0.25,3.150684932,0.952667598,2.408080814,,7485.771298,14535.003053913717
1994-08-12,4119,0.0,0.0,0.876569832,2.072387324,,7701.593864,16057.357351709754
1994-08-13,4120,0.0,0.0,0.827673184,4.051972076,,7848.984321,17198.7885022755
1994-08-14,4121,0.0,0.0,0.80399162,3.454549132,,7929.086757,17806.595840377853
1994-08-15,4122,0.0,0.0,0.779354749,4.534654765,,8004.402019,18482.085604920823
1994-08-16,4123,4.25,3.150684932,0.767765363,2.589506532,6.7,8059.030533,18816.332512977846
1994-08-17,4124,22.75,4.931506849,1.94327095,1.063085135,,5684.011532,6192.401223216211
1994-08-18,4125,8.5,4.931506849,1.327675978,1.490105681,,6681.817085,9770.304890691012
1994-08-19,4126,0.25,4.931506849,1.211128492,2.832793313,,6873.936868,10905.97132554507
1994-08-20,4127,1.25,4.931506849,1.040078212,1.469385286,,7273.372677,13085.668628137548
1994-08-21,4128,1.5,4.931506849,0.981,3.281786533,,7420.817721,14034.142968382464
1994-08-22,4129,1.0,4.931506849,0.935170391,3.912804032,,7540.159107,14860.996261445882
1994-08-23,4130,8.75,4.931506849,1.045231844,2.666422819,6.4,7268.200134,13008.49901724423
1994-08-24,4131,24.5,4.520547945,2.423212291,1.545013806,,5303.332688,4754.192776055654
1994-08-25,4132,3.5,4.520547945,2.564874302,3.272013294,,5155.850677,4441.475306650188
1994-08-26,4133,12.75,4.520547945,2.208645251,2.083589387,,5622.696212,5312.442231925524
1994-08-27,4134,8.5,4.520547945,2.929952514,2.677550352,,4919.306957,3787.115300102394
1994-08-28,4135,0.5,4.520547945,2.637351955,2.376710882,,5168.098339,4295.697888901585
1994-08-29,4136,1.0,4.520547945,2.046117318,1.760052024,,5716.274703,5821.59951464312
1994-08-30,4137,0.0,0.0,1.821217877,3.212375706,6.3,5969.753753,6692.491012997072
1994-08-31,4138,15.5,3.424657534,2.295377095,0.21495835,,5476.379017,5072.978737663911
1994-09-01,4139,5.75,3.424657534,4.156114525,1.584606863,,4266.065606,2491.326490264456
1994-09-02,4140,0.0,0.0,2.514368715,4.326054114,,5265.305836,4548.528947046727
1994-09-03,4141,9.75,3.424657534,2.544234637,0.863959299,,5285.571589,4484.659970789829
1994-09-04,4142,12.0,3.424657534,3.825,1.193884484,,4389.445687,2751.873187750257
1994-09-05,4143,0.25,3.424657534,3.413463687,2.592668745,,4623.097039,3153.9243351080113
1994-09-06,4144,16.5,3.424657534,4.858340782,1.11173321,6.3,3963.118505,2066.2938540859022
1994-09-07,4145,3.25,4.794520548,4.478581006,2.207084852,,4143.156585,2277.964475019796
1994-09-08,4146,14.5,4.794520548,4.561642458,1.41542253,,4182.280256,2228.3545267618356
1994-09-09,4147,31.25,4.794520548,12.59979888,1.405121005,,2456.779415,659.2339197320666
1994-09-10,4148,6.5,4.794520548,10.33365922,1.254585174,,2671.615233,836.1845849910015
1994-09-11,4149,20.5,4.794520548,8.46452514,1.69315415,,3087.858184,1062.1755407598987
1994-09-12,4150,34.5,4.794520548,23.02841061,0.845630521,6.5,1594.751478,319.78313810294685
1994-09-13,4151,1.0,1.780821918,12.17717598,1.741455859,,2450.469108,686.7670592964186
1994-09-14,4152,29.5,1.780821918,16.10507263,0.231130553,,2045.770958,491.1118092292678
1994-09-15,4153,16.25,1.780821918,13.91090782,0.665711655,,2313.341468,585.4324356157313
1994-09-16,4154,0.5,1.780821918,10.67284358,2.261071226,,2637.375577,804.4209942378682
1994-09-17,4155,0.0,0.0,6.524924581,2.131550431,,3479.403048,1451.063819457172
1994-09-18,4156,1.75,1.780821918,4.829329609,1.040138727,,4018.821653,2081.176749819745
1994-09-19,4157,20.25,1.780821918,7.089083799,0.913665909,,3340.612288,1313.7651902052685
1994-09-20,4158,8.25,1.780821918,6.080958101,1.457852918,6.9,3633.58469,1578.9440080301842
1994-09-21,4159,1.75,2.054794521,5.646821229,1.149595475,,3739.870765,1725.5183634182208
1994-09-22,4160,0.0,0.0,4.516340782,1.080076962,,4144.630643,2255.1632211209208
1994-09-23,4161,0.75,2.054794521,3.801519553,0.683448735,,4467.528049,2772.248686713238
1994-09-24,4162,8.0,2.054794521,3.406148045,1.239647285,,4695.268469,3162.0405683211357
1994-09-25,4163,5.25,2.054794521,4.55852514,0.144196403,,4121.885745,2230.1805475841907
1994-09-26,4164,0.5,2.054794521,3.440689944,1.413016951,,4657.589357,3124.0514753152347
1994-09-27,4165,0.5,2.054794521,3.03903352,0.796985046,7.1,4904.424421,3624.8845761792254
1994-09-28,4166,1.25,1.643835616,2.786530726,0.888682096,,5078.539894,4021.747519100674
1994-09-29,4167,0.0,0.0,2.494910615,0.931899633,,5301.908039,4591.044919952845
1994-09-30,4168,1.75,1.643835616,2.323407821,0.560656145,,5454.045077,4999.776743770963
1994-10-01,4169,6.5,1.643835616,2.331578212,0.76946017,,5456.382099,4978.8034620555445
1994-10-02,4170,30.25,1.643835616,8.244553073,0.484107935,,3036.859603,1096.2406760330502
1994-10-03,4171,3.75,1.643835616,5.922276536,0.696069934,,3636.720471,1629.7824189748872
1994-10-04,4172,0.0,0.0,4.274472067,1.512250057,6.8,4238.275456,2408.903793522765
1994-10-05,4173,0.25,10.83734888,3.496977654,1.343113809,,4627.182613,3063.9102430766334
1994-10-06,4174,0.0,0.0,3.091324022,1.331766768,,4868.950742,3551.564548290189
1994-10-07,4175,0.0,0.0,2.747664804,0.880251871,,5104.557626,4089.975929977404
1994-10-08,4176,0.25,17.06548736,2.502879888,0.798481042,,5297.884651,4573.5442550830385
1994-10-09,4177,0.0,0.0,2.285648045,1.564164639,,5484.884956,5098.847374187333
1994-10-10,4178,0.0,0.0,2.104818436,2.156041447,,5660.766978,5627.735693521651
1994-10-11,4179,0.5,7.057654745,1.980251397,0.740135454,6.7,5792.843011,6054.199715175715
1994-10-12,4180,0.0,0.0,1.853597765,1.981638327,,5935.334645,6552.765235416152
1994-10-13,4181,0.0,0.0,1.740997207,2.061852889,,6074.249061,7063.333958514904
1994-10-14,4182,0.0,0.0,1.646547486,2.151338905,,6199.133384,7551.084591221965
1994-10-15,4183,0.0,0.0,1.563134078,2.106795667,,6316.346443,8035.952634192334
1994-10-16,4184,0.25,5.72094593,1.521377095,0.203850607,,6379.388449,8300.68495204451
1994-10-17,4185,0.0,0.0,1.442564246,0.771428007,,6497.761508,8846.406302389758
1994-10-18,4186,0.0,0.0,1.390851955,0.999903361,6.6,6586.911732,9241.528488554073
1994-10-19,4187,10.0,2.054794521,1.644913408,0.10828754,,6181.787857,7560.06549273404
1994-10-20,4188,0.25,2.054794521,1.484597765,0.646689687,,6419.613294,8547.438605970043
1994-10-21,4189,17.0,2.054794521,2.306162011,0.406291144,,5453.578348,5044.582681354147
1994-10-22,4190,37.75,2.054794521,9.700667598,0.262899434,,2456.488227,902.0267046713029
1994-10-23,4191,8.75,2.054794521,10.06282961,0.860890779,,2589.80365,863.2416257448438
1994-10-24,4192,16.5,2.054794521,6.962681564,0.676507567,,3450.03168,1342.4055327473445
1994-10-25,4193,24.0,2.054794521,11.45297765,0.590855277,5.9,2623.275075,739.1676957269442
1994-10-26,4194,38.75,4.109589041,27.25159777,0.417653862,,1419.036288,261.2754392749142
1994-10-27,4195,12.5,4.109589041,18.21836313,0.496564335,,1858.181888,423.58812227018245
1994-10-28,4196,5.5,4.109589041,10.40367318,0.88458108,,2710.018028,829.4414255454947
1994-10-29,4197,44.0,4.109589041,16.55301117,0.534853788,,1903.882316,475.21279108678715
1994-10-30,4198,36.0,4.109589041,36.22630726,0.53604566,,954.6111701,185.65399570065313
1994-10-31,4199,27.25,4.109589041,26.40436592,0.533949051,,1395.247673,271.36866531762473
1994-11-01,4200,0.5,4.109589041,12.20332123,0.793128365,6.3,2441.645956,685.0028532794597
1994-11-02,4201,1.5,2.739726027,7.214656425,0.371139072,,3311.875824,1286.402908740587
1994-11-03,4202,13.25,2.739726027,6.813150838,0.146982887,,3428.982237,1377.7972943945233
1994-11-04,4203,0.0,0.0,5.879941341,0.636574517,,3650.18848,1643.8559613505654
1994-11-05,4204,0.0,0.0,4.561969274,0.495089375,,4125.138277,2228.163247642933
1994-11-06,4205,0.0,0.0,3.761346369,0.803323694,,4484.938598,2807.7582369945367
1994-11-07,4206,4.5,2.739726027,3.351368715,0.11135959,,4718.155874,3224.0530685263197
1994-11-08,4207,15.75,2.739726027,3.934357542,0.130373603,6.5,4456.832396,2660.489296689935
1994-11-09,4208,7.25,0.95890411,6.974421788,0.340824065,,3334.92674,1339.6973401149812
1994-11-10,4209,1.25,0.95890411,4.811907821,0.129387522,,4028.69785,2090.209021259304
1994-11-11,4210,3.5,0.95890411,4.072726257,0.124920066,,4348.255026,2552.5644495724227
1994-11-12,4211,17.25,0.95890411,8.853108939,0.132119394,,2953.867116,1006.5278458505438
1994-11-13,4212,54.5,0.95890411,26.25807821,0.212127785,,1137.071928,273.18402850598625
1994-11-14,4213,20.25,0.95890411,31.01472905,0.543215316,,1071.539644,223.70505261530906
1994-11-15,4214,6.25,0.95890411,9.626681564,0.569966873,6.0,2840.154092,910.3453266786853
1994-11-16,4215,13.75,2.054794521,8.335106145,0.405397874,,3089.675838,1081.9781953432196
1994-11-17,4216,3.5,2.054794521,6.95850838,0.437484121,,3377.22234,1343.3706072438067
1994-11-18,4217,14.5,2.054794521,7.276625698,0.446340436,,3341.901681,1273.2818046648033
1994-11-19,4218,17.5,2.054794521,10.97969832,0.226052183,,2679.288474,777.5379717266544
1994-11-20,4219,38.5,2.054794521,31.92956145,0.262953112,,1063.14155,216.03402881610455
1994-11-21,4220,0.0,0.0,10.35819553,0.475143619,5.9,2700.898916,833.8100483941087
1994-11-22,4221,1.25,2.591872244,6.630988827,0.327882911,,3456.536868,1423.2883305284029
1994-11-23,4222,0.75,4.402160403,5.029818436,0.436003121,,3945.548919,1982.167935697248
1994-11-24,4223,2.0,1.905795726,4.12722905,0.161784466,,4311.053351,2512.2314721773682
1994-11-25,4224,2.5,2.259433127,3.468594972,0.17532333,,4644.705454,3093.9680292146977
1994-11-26,4225,1.0,2.583444478,3.158296089,0.207557955,,4830.960247,3461.5460789441204
1994-11-27,4226,0.5,4.014775504,2.883041899,0.037147266,,5008.335663,3861.0389921210517
1994-11-28,4227,0.25,3.495059652,2.556829609,0.228542487,,5251.958427,4458.216268116739
1994-11-29,4228,0.0,0.0,2.322678771,0.114218895,6.1,5451.687742,5001.65608163492
1994-11-30,4229,0.0,0.0,2.136192737,0.081989656,,5628.145062,5528.909535305512
1994-12-01,4230,0.25,6.712328767,1.987416201,0.083056912,,5785.061106,6028.076373831793
1994-12-02,4231,0.0,0.0,1.856287709,0.187666051,,5932.150911,6541.398246603261
1994-12-03,4232,17.5,6.712328767,3.364541899,0.305224921,,4647.987533,3208.9378417984526
1994-12-04,4233,38.75,6.712328767,16.3351257,0.341713191,,1957.116892,482.8266327626925
1994-12-05,4234,13.5,6.712328767,10.44439944,0.315918229,,2717.248466,825.5647008607505
1994-12-06,4235,15.0,6.712328767,8.248374302,0.49292099,5.9,3249.018698,1095.6318595136183
1994-12-07,4236,10.0,10.95890411,10.88175419,0.360359584,,2539.844031,785.9376893735837
1994-12-08,4237,19.5,10.95890411,16.21347486,0.370524487,,2009.319891,487.1755871675027
1994-12-09,4238,0.0,0.0,7.623125698,0.269548856,,3216.044631,1204.2211995121638
1994-12-10,4239,12.25,10.95890411,6.568089385,0.245446122,,3500.216554,1439.641107972202
1994-12-11,4240,11.75,10.95890411,6.692027933,0.246202113,,3473.503237,1407.7418699592859
1994-12-12,4241,7.75,10.95890411,7.185519553,0.196129029,,3349.672519,1292.6582286641653
1994-12-13,4242,26.25,10.95890411,16.13677374,0.17368482,6.9,1891.486775,489.95468632282444
1994-12-14,4243,0.0,0.0,9.773094972,0.115339443,,2794.88076,894.0173151116039
1994-12-15,4244,8.5,6.02739726,6.711460894,0.22871871,,3458.368315,1402.8575393619026
1994-12-16,4245,1.75,6.02739726,6.046969274,0.240043758,,3609.011414,1589.5867421419096
1994-12-17,4246,31.25,6.02739726,9.956865922,0.305970993,,2670.120774,874.268856328727
1994-12-18,4247,13.25,6.02739726,15.40146369,0.231873608,,2045.835238,518.146333720289
1994-12-19,4248,7.75,6.02739726,9.18972905,0.277347681,,2928.226636,962.4862860888142
1994-12-20,4249,9.75,6.02739726,7.88548324,0.074038892,6.8,3194.44015,1156.3513813308552
1994-12-21,4250,0.0,0.0,6.521002793,0.004897519,,3486.170378,1452.1098798573933
1994-12-22,4251,0.25,12.05479452,5.04223743,0.165953205,,3943.210166,1976.3190744251165
1994-12-23,4252,0.0,0.0,4.085798883,0.300952808,,4326.792001,2542.782696924011
1994-12-24,4253,14.0,12.05479452,4.258357542,0.257861706,,4293.279266,2419.8299347883776
1994-12-25,4254,14.0,12.05479452,7.737536313,0.17481886,,3217.004532,1182.9071104927152
1994-12-26,4255,71.5,12.05479452,33.31299721,0.194227805,,862.6973473,205.31051462806846
1994-12-27,4256,126.5,12.05479452,96.2892905,0.339514732,,-33.68652,57.3890435101181
1994-12-28,4257,75.25,12.05479452,74.65459777,0.320935325,,197.9712778,77.91202735018209
1994-12-29,4258,11.25,12.05479452,17.7674581,0.414273014,,1874.131985,436.51710916017424
1994-12-30,4259,31.5,12.05479452,27.2923743,0.391510213,,1337.555192,260.80702136472036
1994-12-31,4260,4.5,12.05479452,11.1252067,0.152885228,,2605.281683,765.3589263038207
1995-01-01,4261,1.5,12.05479452,7.007656425,0.069886615,,3356.341854,1332.0849422871452
1995-01-02,4262,0.0,0.0,4.879734637,0.0,,3996.854627,2055.4431813533306
1995-01-03,4263,0.0,0.0,3.916407821,0.0,6.5,4408.883396,2675.1045061656605
1995-01-04,4264,16.5,5.479452055,4.10251676,0.20007146,,4365.610385,2530.3730968478003
1995-01-05,4265,25.0,5.479452055,14.8442933,0.304689114,,2159.603288,541.5610885769654
1995-01-06,4266,3.5,5.479452055,7.953360335,0.087452279,,3142.269942,1144.5306854389391
1995-01-07,4267,9.75,5.479452055,6.625256983,0.287632945,,3487.22081,1424.7643858623735
1995-01-08,4268,16.5,5.479452055,12.10507542,0.307736642,,2476.156837,691.6756195307156
1995-01-09,4269,14.25,5.479452055,7.668905028,0.295412656,,3250.400364,1195.608870826959
1995-01-10,4270,73.75,5.479452055,41.15378212,0.314695512,7.5,603.6140241,159.29905188122552
1995-01-11,4271,0.0,0.0,17.83493296,0.173573023,,1751.472939,434.5366192493876
1995-01-12,4272,0.25,1.917808219,7.876835196,0.17967516,,3160.792798,1157.8735105550286
1995-01-13,4273,20.5,1.917808219,8.446927374,0.303367076,,3093.343454,1064.8290496935192
1995-01-14,4274,20.5,1.917808219,13.3243743,0.290238155,,2342.453866,616.4754238709722
1995-01-15,4275,9.0,1.917808219,13.27386872,0.372030305,,2353.548686,619.2897463009429
1995-01-16,4276,6.5,1.917808219,8.544092179,0.598466037,,3050.36296,1050.327733398884
1995-01-17,4277,21.25,1.917808219,12.32303631,0.147638278,6.9,2380.596926,677.0298489092872
1995-01-18,4278,0.25,20.54794521,8.661318436,0.04423559,,2999.885435,1033.307680297894
1995-01-19,4279,15.75,20.54794521,8.406553073,0.089327363,,3078.70908,1070.9631132397449
1995-01-20,4280,5.0,20.54794521,7.796111732,0.295312682,,3198.634578,1172.2606464687242
1995-01-21,4281,29.25,20.54794521,14.51353073,0.465858587,,2119.222197,556.3985945556996
1995-01-22,4282,6.25,20.54794521,9.460860335,0.374930222,,2867.302869,929.5095648866991
1995-01-23,4283,6.25,20.54794521,8.150053073,0.551335121,,3156.121517,1111.4966381200811
1995-01-24,4284,4.5,20.54794521,7.982120112,0.350529017,8.7,3153.112076,1139.5888144061441
1995-01-25,4285,50.0,4.383561644,26.56546089,0.090316541,,1007.684688,269.39497116278693
1995-01-26,4286,2.25,4.383561644,17.14442179,0.0,,1769.119763,455.6159461469873
1995-01-27,4287,32.5,4.383561644,35.87847486,0.117866542,,671.0992049,187.816716255654
1995-01-28,4288,36.25,4.383561644,28.80251397,0.486091573,,1249.965122,244.48289574705467
1995-01-29,4289,5.75,4.383561644,17.40698045,0.39298559,,1872.006606,447.384082004409
1995-01-30,4290,4.5,4.383561644,8.910351955,0.442835106,,2972.298937,998.780194849798
1995-01-31,4291,50.25,4.383561644,25.01185475,0.248882143,7.3,1258.032592,289.5991217898599
1995-02-01,4292,6.0,2.054794521,18.47551676,0.235194483,,1711.703159,416.52477793273414
1995-02-02,4293,0.25,2.054794521,9.046634078,0.743326977,,2939.363321,980.7679944195334
1995-02-03,4294,6.5,2.054794521,7.326326816,0.461222552,,3302.575851,1262.9344462117933
1995-02-04,4295,0.25,2.054794521,5.564840782,0.269598913,,3768.666126,1756.0271260224474
1995-02-05,4296,12.25,2.054794521,5.375011173,0.280416714,,3871.054359,1830.607865877869
1995-02-06,4297,3.25,2.054794521,5.811863128,0.566688247,,3671.527954,1666.9601893830377
1995-02-07,4298,3.75,2.054794521,4.658203911,0.357611952,6.7,4101.010464,2173.1199734654706
1995-02-08,4299,4.75,2.602739726,4.593444134,0.151710165,,4122.023953,2209.881674992374
1995-02-09,4300,3.0,2.602739726,4.195055866,0.058057291,,4307.193382,2463.644059193862
1995-02-10,4301,7.0,2.602739726,5.30698324,0.125465944,,3864.356943,1858.7645587446011
1995-02-11,4302,42.5,2.602739726,25.23104749,0.291040533,,1124.950269,286.5825845363424
1995-02-12,4303,34.5,2.602739726,21.20618715,0.757480515,,1638.973438,353.031969756889
1995-02-13,4304,24.75,2.602739726,33.98467877,0.472131181,,972.9785049,200.44936863936306
1995-02-14,4305,13.75,2.602739726,13.61599441,0.64671585,6.4,2337.017767,600.673610788127
1995-02-15,4306,14.5,11.36986301,11.46874022,0.649621865,,2589.934283,737.9495796529527
1995-02-16,4307,23.5,11.36986301,14.10294972,0.621795372,,2212.201813,575.8837750148149
1995-02-17,4308,9.75,11.36986301,12.03481006,0.739837352,,2505.413229,696.5214773090846
1995-02-18,4309,35.75,11.36986301,21.48387989,0.565828733,,1479.605181,347.56384766619936
1995-02-19,4310,20.5,11.36986301,25.17058659,0.464577079,,1353.869436,287.4088803566096
1995-02-20,4311,22.75,11.36986301,16.13835754,0.475071036,,2115.703368,489.89700707169413
1995-02-21,4312,11.25,11.36986301,16.05139944,0.672904798,7.7,2030.216565,493.0823941258034
1995-02-22,4313,17.25,8.767123288,14.05279609,0.359940003,,2282.532134,578.3498296624467
1995-02-23,4314,14.25,8.767123288,11.65768994,0.372415374,,2572.129107,723.6292514918612
1995-02-24,4315,13.75,8.767123288,10.55601955,0.358847255,,2762.612492,815.1080055437671
1995-02-25,4316,2.5,8.767123288,11.17329888,0.582988469,,2586.179592,761.4102191704321
1995-02-26,4317,0.5,8.767123288,7.335703911,0.756142093,,3292.330309,1260.999485367942
1995-02-27,4318,9.75,8.767123288,7.427891061,0.45127386,,3287.254913,1242.2622816296976
1995-02-28,4319,9.0,8.767123288,6.42524581,0.364706914,7.1,3546.423498,1478.087026975857
1995-03-01,4320,29.75,9.315068493,17.93478771,0.577397599,,1913.735334,431.63577815441164
1995-03-02,4321,4.75,9.315068493,8.606463687,0.059186373,,3024.183062,1041.208598362142
1995-03-03,4322,6.5,9.315068493,6.25502514,0.097657575,,3561.007645,1526.4274181956544
1995-03-04,4323,3.75,9.315068493,4.995050279,0.106722265,,3971.970139,1998.7124268430753
1995-03-05,4324,12.0,9.315068493,7.943731844,0.416615413,,3170.733337,1146.1939636717275
1995-03-06,4325,5.5,9.315068493,5.921773743,0.194671562,,3652.524224,1629.9482659969906
1995-03-07,4326,5.5,9.315068493,4.932603352,0.066747322,7.9,3987.839799,2029.0720555104083
1995-03-08,4327,4.5,11.23287671,4.516391061,0.273540274,,4156.340975,2255.133139301447
1995-03-09,4328,1.75,11.23287671,4.496731844,0.241315637,,4195.462776,2266.951574481392
1995-03-10,4329,0.0,0.0,11.00559218,0.934695653,,2660.150371,775.3447588023296
1995-03-11,4330,2.5,11.23287671,15.12409777,0.362599412,,2181.713388,529.5654176487292
1995-03-12,4331,0.5,11.23287671,8.597689944,1.516491989,,3022.653811,1042.4825917663845
1995-03-13,4332,9.25,11.23287671,6.344949721,1.999184121,,3541.154704,1500.5349417091372
1995-03-14,4333,28.0,11.23287671,6.005212291,0.556794863,7.3,3648.929839,1602.8432098904177
1995-03-15,4334,4.25,14.79452055,5.002617318,0.558412809,,3957.895011,1995.0901232328301
1995-03-16,4335,29.0,14.79452055,5.067276536,0.758786132,,4082.771629,1964.6223708960654
1995-03-17,4336,40.25,14.79452055,8.89725419,0.925328111,,2900.975343,1000.5432680202127
1995-03-18,4337,21.0,14.79452055,5.516698324,1.139740126,,3793.962053,1774.4080058441932
1995-03-19,4338,6.75,14.79452055,5.201572626,1.224369544,,3894.091936,1903.995104506263
1995-03-20,4339,4.0,14.79452055,4.443888268,0.408076576,,4180.923621,2299.289240860341
1995-03-21,4340,0.5,14.79452055,3.895918994,0.849913023,7.2,4421.962231,2691.968045246449
1995-03-22,4341,0.0,0.0,3.385432961,2.133453004,,4691.634618,3185.2317479827107
1995-03-23,4342,0.25,2.739726027,3.042226257,3.571637302,,4906.756029,3620.328424269549
1995-03-24,4343,2.25,2.739726027,2.992298883,1.695912912,,4943.885086,3692.8002124387394
1995-03-25,4344,7.25,2.739726027,3.088986034,1.023350861,,4874.650604,3554.784595981402
1995-03-26,4345,28.25,2.739726027,4.88252514,0.472983807,,3970.442202,2054.035576973799
1995-03-27,4346,6.25,2.739726027,9.539924581,1.565492505,,2526.252314,920.2806454604249
1995-03-28,4347,40.0,2.739726027,24.87119832,0.192422009,7.1,1186.450281,291.5656561740823
1995-03-29,4348,0.0,0.0,10.24790782,2.217947239,,2693.218055,844.5815227323824
1995-03-30,4349,0.75,2.876712329,6.295248603,1.001174985,,3549.076506,1514.7451763448487
1995-03-31,4350,3.25,2.876712329,5.190335196,0.752027888,,3896.541339,1908.9361253021302
1995-04-01,4351,1.25,2.876712329,4.425209497,1.551986348,,4184.901034,2310.922833956218
1995-04-02,4352,0.0,0.0,3.64052514,2.911830391,,4546.499967,2919.7548651785773
1995-04-03,4353,2.0,2.876712329,3.288846369,0.821923041,,4752.708371,3297.6089688582474
1995-04-04,4354,0.0,0.0,2.955921788,1.595766156,7.1,4958.006857,3747.298914077438
1995-04-05,4355,8.25,2.191780822,2.852321229,0.6737136,,5048.827111,3910.8989535556348
1995-04-06,4356,0.5,2.191780822,2.797944134,3.125048948,,5052.412871,4002.106679649613
1995-04-07,4357,0.25,2.191780822,2.423539106,2.096575724,,5363.106648,4753.425039799513
1995-04-08,4358,0.0,0.0,2.22903352,0.764590843,,5540.056035,5254.309674917597
1995-04-09,4359,0.0,0.0,2.06097486,2.08839383,,5704.847089,5771.384738154513
1995-04-10,4360,1.75,2.191780822,1.935930168,2.487174546,,5839.636941,6220.525174867789
1995-04-11,4361,0.0,0.0,1.766865922,2.465343477,6.7,6040.358148,6939.706682504986
1995-04-12,4362,0.0,0.0,1.648307263,3.62195233,,6193.585022,7541.43471297496
1995-04-13,4363,0.0,0.0,1.540910615,3.66837504,,6347.222721,8174.884378818324
1995-04-14,4364,0.0,0.0,1.452192737,3.426191184,,6482.262233,8776.243820030122
1995-04-15,4365,0.0,0.0,1.370941341,2.024032294,,6615.775827,9402.406906381813
1995-04-16,4366,1.75,3.698630137,1.327399441,0.806053101,,6695.018993,9772.741148608144
1995-04-17,4367,39.25,3.698630137,5.000731844,0.487405197,,3525.05605,1995.9915635366453
1995-04-18,4368,7.5,3.698630137,4.704486034,2.300400033,7.6,3974.159969,2147.5279024885776
1995-04-19,4369,1.25,2.876712329,2.722927374,1.707650444,,5109.448401,4134.517380323812
1995-04-20,4370,2.25,2.876712329,2.295,1.515082766,,5476.453468,5073.976911315119
1995-04-21,4371,0.5,2.876712329,2.094938547,1.588843836,,5667.782893,5659.530017230619
1995-04-22,4372,11.25,2.876712329,2.317399441,0.307005802,,5475.3432,5015.303845130034
1995-04-23,4373,1.5,2.876712329,2.582170391,1.733356027,,5213.230106,4405.86999848912
1995-04-24,4374,0.75,2.876712329,2.091645251,1.621496313,,5669.702931,5670.201447203722
1995-04-25,4375,0.0,0.0,1.877656425,3.632395452,7.0,5901.933947,6452.369320871095
1995-04-26,4376,0.0,0.0,1.704871508,2.998101763,,6117.5179,7242.88657651689
1995-04-27,4377,0.0,0.0,1.553631285,2.789566578,,6325.060983,8094.826018979287
1995-04-28,4378,0.0,0.0,1.429039106,3.328615071,,6516.941265,8946.718402005174
1995-04-29,4379,1.5,8.073427719,1.384717877,0.353656061,,6596.664829,9290.550699656778
1995-04-30,4380,0.25,8.496391737,1.292405028,3.125561806,,6747.119399,10090.292242034244
1995-05-01,4381,0.0,0.0,1.189181564,3.414387605,,6952.415329,11147.289072792155
1995-05-02,4382,0.0,0.0,1.135256983,4.284495457,6.8,7061.233179,11783.885237765768
1995-05-03,4383,0.0,0.0,1.064036313,5.436229274,,7215.525653,12733.87543540285
1995-05-04,4384,0.0,0.0,0.977430168,6.133336952,,7425.277566,14095.496512491656
1995-05-05,4385,0.0,0.0,0.904575419,5.649996372,,7619.479334,15464.378780205947
1995-05-06,4386,0.0,0.0,0.846075419,6.29034464,,7789.130386,16752.207679850537
1995-05-07,4387,0.0,0.0,0.789837989,4.651500862,,7971.650225,18189.00311394641
1995-05-08,4388,0.0,0.0,0.75227933,1.192047716,,8096.472025,19280.639265891943
1995-05-09,4389,0.0,0.0,0.719748603,2.329914744,6.7,8213.890449,20327.666843300263
1995-05-10,4390,1.5,6.164383562,0.697826816,2.831556258,,8301.713707,21093.882747662912
1995-05-11,4391,4.5,6.164383562,0.773170391,0.748086696,,8028.326639,18659.07855248812
1995-05-12,4392,3.75,6.164383562,0.715022346,1.606463749,,8234.88538,20488.502014520338
1995-05-13,4393,0.0,0.0,0.682868715,2.185407567,,8352.143051,21647.77112113125
1995-05-14,4394,0.0,0.0,0.658583799,2.962910298,,8452.717329,22606.023257907385
1995-05-15,4395,0.25,6.164383562,0.653430168,3.71735523,6.6,8475.526169,22819.452149508103
1995-05-16,4396,7.5,1.232876712,0.666603352,0.580921318,,8431.937931,22281.103449645685
1995-05-17,4397,22.75,1.232876712,2.652209497,0.727986944,,5031.93033,4266.893731058991
1995-05-18,4398,5.75,1.232876712,1.237349162,3.029855171,,6790.777377,10629.959843801202
1995-05-19,4399,4.5,1.232876712,1.354701117,3.316529712,,6616.585666,9537.478208181647
1995-05-20,4400,0.0,0.0,0.973432961,1.635540586,,7415.54936,14164.78171791522
1995-05-21,4401,0.0,0.0,0.855075419,2.721090246,,7761.752133,16541.470667937672
1995-05-22,4402,0.0,0.0,0.817843575,3.034033438,,7885.543159,17446.383899829532
1995-05-23,4403,0.0,0.0,0.804494413,3.307573498,6.8,7926.141379,17793.282724638033
1995-05-24,4404,7.0,4.383561644,0.824203911,1.003391927,,7872.301744,17285.434910672557
1995-05-25,4405,4.0,4.383561644,0.823550279,2.849449101,,7866.136952,17301.849348258937
1995-05-26,4406,2.0,4.383561644,0.843888268,2.261735942,,7800.498621,16804.16596929928
1995-05-27,4407,11.0,4.383561644,0.970642458,1.613513542,,7472.801117,14213.522088953261
1995-05-28,4408,3.0,4.383561644,1.062829609,2.27357911,,7194.887271,12751.178153831479
1995-05-29,4409,20.75,4.383561644,2.408656425,1.311480564,,5191.114721,4788.618778777828
1995-05-30,4410,1.75,4.383561644,2.118041899,2.055450899,,5575.12129,5585.690956608208
1995-05-31,4411,0.0,0.0,1.354776536,2.199202479,6.9,6622.656563,9536.842720978208
1995-06-01,4412,1.5,1.095890411,1.208463687,2.099444477,,6910.953692,10934.759145299715
1995-06-02,4413,0.5,1.095890411,1.143377095,2.643971221,,7049.866146,11683.804153640353
1995-06-03,4414,25.5,1.095890411,2.813153631,1.941691367,,5049.57152,3976.2052524456103
1995-06-04,4415,1.75,1.095890411,2.989307263,2.771447239,,4861.158639,3697.227173254052
1995-06-05,4416,0.0,0.0,1.954558659,2.791481249,,5797.527071,6149.60824378034
1995-06-06,4417,3.25,1.095890411,1.69496648,1.970329126,6.6,6139.160106,7293.586460754035
1995-06-07,4418,5.0,3.561643836,1.834064246,3.588346671,,5949.85815,6636.40789107952
1995-06-08,4419,0.75,3.561643836,1.505187151,3.307952959,,6396.836918,8407.67245754098
1995-06-09,4420,0.0,0.0,1.387784916,4.675613977,,6585.94964,9265.980114173864
1995-06-10,4421,0.25,3.561643836,1.332955307,2.008132056,,6681.75592,9724.007432844252
1995-06-11,4422,3.0,3.561643836,1.297131285,1.407738526,,6751.403726,10046.30506537421
1995-06-12,4423,0.0,0.0,1.231868715,2.75691133,,6862.082052,10686.583692828572
1995-06-13,4424,0.0,0.0,1.161427374,2.324099281,6.6,7009.755917,11466.829822989297
1995-06-14,4425,0.0,0.0,1.142824022,2.983514616,,7046.492111,11690.571281218425
1995-06-15,4426,0.0,0.0,1.056846369,3.984294396,,7230.740922,12837.611842192391
1995-06-16,4427,8.0,0.95890411,0.97197486,1.953480022,,7444.204632,14190.211337832563
1995-06-17,4428,21.5,0.95890411,3.192963687,1.560307049,,4674.670258,3416.5757318490905
1995-06-18,4429,0.0,0.0,1.86822905,4.079109618,,5839.394471,6491.371099836549
1995-06-19,4430,1.0,0.95890411,1.406162011,1.44929199,,6554.561492,9121.220936906484
1995-06-20,4431,7.75,0.95890411,1.401184358,2.997609401,6.7,6573.686879,9160.019034107729
1995-06-21,4432,0.0,0.0,1.351910615,5.116998301,,6638.721242,9561.04596431859
1995-06-22,4433,0.0,0.0,1.185963687,5.914409867,,6954.198531,11183.496223494945
1995-06-23,4434,0.0,0.0,1.165022346,6.578083895,,7004.393068,11424.497140475185
1995-06-24,4435,0.0,0.0,1.104536313,4.732901114,,7126.053184,12177.16824384708
1995-06-25,4436,0.0,0.0,1.063759777,5.5267673,,7209.105678,12737.836830407741
1995-06-26,4437,0.0,0.0,0.947187151,4.173691624,,7507.634013,14635.688327996635
1995-06-27,4438,0.0,0.0,0.88426257,7.250031142,6.5,7681.572715,15890.365155526197
1995-06-28,4439,0.0,0.0,0.855150838,6.704721486,,7768.025385,16539.72528156197
1995-06-29,4440,0.0,0.0,0.816310056,7.570535793,,7883.0778,17485.601854312303
1995-06-30,4441,0.0,0.0,0.774,7.974208556,,8022.674566,18635.1552519598
1995-07-01,4442,0.0,0.0,0.756075419,1.334060627,,8090.355502,19164.891514041567
1995-07-02,4443,0.0,0.0,0.754667598,2.589690472,,8090.344468,19207.66871771023
1995-07-03,4444,0.0,0.0,0.726134078,4.140304109,,8192.264477,20114.015385302577
1995-07-04,4445,0.75,0.675721222,0.708913408,1.615822135,6.4,8259.156314,20699.88044040542
1995-07-05,4446,0.0,0.0,0.706248603,4.069643642,,8263.955688,20793.344703358438
1995-07-06,4447,5.5,2.054794521,0.720955307,2.014396981,,8218.326588,20286.97335678398
1995-07-07,4448,1.0,2.054794521,0.683472067,4.468451592,,8347.368092,21624.91401680828
1995-07-08,4449,0.25,2.054794521,0.658684358,5.527080038,,8452.479547,22601.89522972935
1995-07-09,4450,0.0,0.0,0.639100559,6.234011451,,8534.358303,23432.779691814
1995-07-10,4451,9.75,2.054794521,0.718592179,1.440323626,,8224.626364,20366.80554004909
1995-07-11,4452,1.5,2.054794521,0.756578212,1.349832445,6.7,8066.466071,19149.65629353097
1995-07-12,4453,0.25,2.739726027,0.692924581,5.009575348,,8313.965997,21272.518331923504
1995-07-13,4454,0.0,0.0,0.660519553,3.511484065,,8443.423565,22526.801285072077
1995-07-14,4455,22.0,2.739726027,0.828502793,2.854972109,,7863.290931,17178.18669695093
1995-07-15,4456,13.0,2.739726027,1.130153631,2.178854582,,7121.015602,11847.5929383297
1995-07-16,4457,10.75,2.739726027,1.525650838,3.558881177,,6236.265094,8272.858649762293
1995-07-17,4458,20.25,2.739726027,1.943572626,2.528401809,,5861.339209,6191.250434622507
1995-07-18,4459,39.0,2.739726027,16.91637989,0.835218768,4.8,1868.426286,462.99389950960256
1995-07-19,4460,3.5,1.724971292,6.098606145,2.90666901,,3567.629522,1573.4693662973636
1995-07-20,4461,1.0,2.466346289,3.723184358,4.415910335,,4481.649933,2842.270545103606
1995-07-21,4462,1.5,4.444858459,2.883293296,2.532695321,,4994.192664,3860.6357847425506
1995-07-22,4463,0.0,0.0,2.279513966,3.753728687,,5481.106367,5115.282014204427
1995-07-23,4464,0.0,0.0,1.973463687,4.229639804,,5792.872016,6079.140370686684
1995-07-24,4465,0.0,0.0,1.758067039,5.328169275,,6047.396522,6981.3084941320185
1995-07-25,4466,0.0,0.0,1.564365922,7.412022499,6.3,6307.266941,8028.3783871438245
1995-07-26,4467,0.0,0.0,1.431502793,3.348327065,,6515.574607,8928.290872368043
1995-07-27,4468,0.0,0.0,1.345223464,4.674842851,,6660.491523,9617.960745054937
1995-07-28,4469,3.0,5.982120371,1.318927374,1.79589154,,6708.250584,9847.922875880691
1995-07-29,4470,0.0,0.0,1.217287709,5.229031594,,6890.129679,10839.96282062129
1995-07-30,4471,9.25,1.060647755,1.292027933,3.080484607,,6766.928579,10093.817080391807
1995-07-31,4472,12.75,8.836867512,1.311460894,6.041097179,6.8,6776.636126,9915.06562862624
1995-08-01,4473,0.0,0.0,1.729709497,5.580077614,,6010.171468,7118.551905560587
1995-08-02,4474,0.0,0.0,1.206603352,5.266636304,,6906.855738,10954.93906354586
1995-08-03,4475,0.0,0.0,1.122335196,6.581134702,,7086.908233,11946.428861021508
1995-08-04,4476,0.0,0.0,1.077636872,4.8155922,,7200.190401,12541.798750088019
1995-08-05,4477,0.0,0.0,1.051918994,5.523749215,,7239.879687,12909.603490523476
1995-08-06,4478,0.0,0.0,0.973181564,6.070366114,,7438.381478,14169.160171795067
1995-08-07,4479,0.0,0.0,0.964860335,3.433144191,,7467.984021,14315.501215228567
1995-08-08,4480,0.0,0.0,0.922223464,4.994569157,6.4,7571.251408,15110.967597106981
1995-08-09,4481,0.0,0.0,0.878555866,5.728019188,,7699.91075,16013.93751841279
1995-08-10,4482,0.0,0.0,0.853843575,6.076092266,,7770.689888,16570.0265713487
1995-08-11,4483,0.0,0.0,0.831217877,6.066689232,,7841.678163,17111.078160459158
1995-08-12,4484,2.5,2.139958349,0.847634078,2.295199423,,7799.184194,16715.359530851132
1995-08-13,4485,1.25,1.355596555,0.854899441,2.959034447,,7771.294489,16545.544558568592
1995-08-14,4486,0.0,0.0,0.837402235,2.247233983,,7815.531001,16960.002059042265
1995-08-15,4487,0.0,0.0,0.783226257,4.707790843,6.3,7991.942362,18372.845823375177
1995-08-16,4488,0.25,3.311063507,0.743354749,5.041121874,,8127.304615,19557.87793279354
1995-08-17,4489,0.0,0.0,0.714946927,5.114850788,,8234.669232,20491.087458119222
1995-08-18,4490,0.0,0.0,0.698555866,4.992701237,,8293.963863,21067.55144457989
1995-08-19,4491,0.0,0.0,0.678921788,4.503727239,,8372.127882,21798.395087054796
1995-08-20,4492,0.0,0.0,0.661324022,4.980951002,,8441.424666,22494.027586565913
1995-08-21,4493,0.0,0.0,0.639150838,5.749004559,,8530.186343,23430.574870526296
1995-08-22,4494,0.0,0.0,0.624695531,5.714629071,6.4,8598.794057,24080.532812615907
1995-08-23,4495,3.5,2.602739726,0.637114525,4.182867626,,8544.511586,23520.176311821037
1995-08-24,4496,5.5,2.602739726,0.64722067,1.362556464,,8508.143291,23081.56789920597
1995-08-25,4497,0.0,0.0,0.640357542,2.561397938,,8522.695856,23377.77280381641
1995-08-26,4498,6.75,2.602739726,0.66672905,1.590294159,,8424.611834,22276.078939003342
1995-08-27,4499,0.25,2.602739726,0.641061453,1.971669146,,8511.758659,23347.072330114628
1995-08-28,4500,0.0,0.0,0.597268156,3.376735227,,8719.23796,25409.028506862036
1995-08-29,4501,2.0,2.602739726,0.607877095,1.410885186,6.5,8678.111608,24879.555505452976
1995-08-30,4502,0.0,0.0,0.60601676,1.685810365,,8677.176162,24970.93088980145
1995-08-31,4503,0.0,0.0,0.582209497,3.194109847,,8784.096355,26197.026951307278
1995-09-01,4504,0.0,0.0,0.560413408,2.386024356,,8896.844521,27420.186374083256
1995-09-02,4505,7.75,1.780821918,0.631005587,2.507594535,,8573.762011,23792.791866753654
1995-09-03,4506,4.25,1.780821918,0.617128492,1.67079312,,8635.723748,24434.118681559725
1995-09-04,4507,3.75,1.780821918,0.616952514,1.007016897,,8634.156487,24442.454944659767
1995-09-05,4508,14.25,1.780821918,0.809396648,0.914263373,6.5,7934.805303,17664.43088103806
1995-09-06,4509,7.0,1.369863014,0.842631285,2.119511798,,7751.881743,16834.161055561955
1995-09-07,4510,5.5,1.369863014,1.127689944,1.414506675,,7020.649598,11878.575025406388
1995-09-08,4511,0.5,1.369863014,0.76122905,1.223099653,,8046.259295,19009.77727954931
1995-09-09,4512,0.0,0.0,0.670701117,3.009316968,,8397.365417,22118.368345788764
1995-09-10,4513,14.5,1.369863014,0.805298883,1.182663718,,7938.954966,17772.019662221763
1995-09-11,4514,0.0,0.0,0.930569832,3.262693688,,7441.308346,14948.94655654408
1995-09-12,4515,6.0,1.369863014,0.790391061,1.91753243,6.8,7969.207529,18173.77763128227
1995-09-13,4516,0.0,0.0,0.756427374,3.360488949,,8067.706677,19154.224528353716
1995-09-14,4517,4.5,1.643835616,0.718089385,0.45159977,,8228.82751,20383.86556068099
1995-09-15,4518,1.0,1.643835616,0.72374581,1.100986552,,8198.725542,20193.43998569485
1995-09-16,4519,0.0,0.0,0.687393855,1.791951941,,8338.213485,21477.415956253368
1995-09-17,4520,2.25,1.643835616,0.675553073,1.201090706,,8388.16729,21928.48201194769
1995-09-18,4521,4.5,1.643835616,0.72296648,1.193530036,,8208.102561,20219.48216947825
1995-09-19,4522,0.0,0.0,0.688650838,1.859821038,6.9,8332.220212,21430.53105993536
1995-09-20,4523,0.0,0.0,0.666452514,1.67608304,,8421.193888,22287.13562454351
1995-09-21,4524,0.0,0.0,0.648553073,3.359488307,,8494.339483,23024.86009747848
1995-09-22,4525,1.5,2.328767123,0.652374302,1.654982791,,8484.43845,22863.636049756766
1995-09-23,4526,10.0,2.328767123,0.658432961,2.876794965,,8464.099639,22612.21787467494
1995-09-24,4527,42.25,2.328767123,7.080787709,1.420818709,,2952.229634,1315.6104899055892
1995-09-25,4528,24.5,2.328767123,3.023798883,1.167866759,,5304.903567,3646.7705414689194
1995-09-26,4529,36.25,2.328767123,24.33207821,1.265453305,6.2,1370.28534,299.3350876832347
1995-09-27,4530,7.0,9.452054795,6.70203352,1.498260081,,3410.532924,1405.2231526887745
1995-09-28,4531,2.5,9.452054795,4.257502793,1.710294241,,4236.839407,2420.4120188546444
1995-09-29,4532,0.0,0.0,3.190952514,1.88977769,,4793.385884,3419.155279710427
1995-09-30,4533,7.25,9.452054795,2.715134078,0.994552583,,5140.777618,4148.734503648829
1995-10-01,4534,7.5,9.452054795,3.80923743,1.963371604,,4433.298358,2765.5209398790576
1995-10-02,4535,4.0,9.452054795,2.647684358,1.000020246,,5177.47264,4275.628969345539
1995-10-03,4536,7.75,9.452054795,2.749977654,0.663779583,6.7,5113.312695,4085.8564621115993
1995-10-04,4537,13.0,3.150684932,5.304393855,1.17489885,,3844.939128,1859.8519866594606
1995-10-05,4538,5.0,3.150684932,4.284050279,1.816818436,,4243.402236,2402.4522506485528
1995-10-06,4539,18.5,3.150684932,6.691826816,0.520269309,,3385.827786,1407.7925822180455
1995-10-07,4540,29.5,3.150684932,16.34724302,0.377237303,,2056.096719,482.39734059695604
1995-10-08,4541,0.0,0.0,10.21311453,3.334664098,,2705.187504,848.0327668139236
1995-10-09,4542,0.0,0.0,6.048301676,1.813607672,,3605.475423,1589.1670588194274
1995-10-10,4543,0.0,0.0,4.414047486,1.638630012,6.8,4178.013649,2317.9264560593892
1995-10-11,4544,0.0,0.0,3.570335196,1.054455313,,4584.743293,2988.651175860053
1995-10-12,4545,0.25,3.659360048,2.988804469,1.70523933,,4930.554255,3697.9721569133303
1995-10-13,4546,0.25,4.79970431,2.568997207,0.827114603,,5237.474943,4432.940187982465
1995-10-14,4547,0.25,1.960457373,2.253217877,0.709811849,,5514.02176,5186.850055884398
1995-10-15,4548,3.0,10.24961136,2.085460894,0.836071433,,5678.256852,5690.340968817891
1995-10-16,4549,1.0,3.238108489,1.845326816,1.026099209,,5943.847881,6587.9441293073705
1995-10-17,4550,8.5,5.618820518,1.989427374,0.691758615,6.6,5786.203517,6020.780643094308
1995-10-18,4551,0.0,0.0,1.744290503,0.9711926,,6061.553678,7047.371439013803
1995-10-19,4552,0.0,0.0,1.607178771,0.506862207,,6252.204956,7773.042497708275
1995-10-20,4553,0.5,2.285933559,1.536863128,0.80756501,,6354.808729,8200.662821475278
1995-10-21,4554,0.0,0.0,1.454405028,1.441529163,,6479.680868,8760.266999271355
1995-10-22,4555,0.0,0.0,1.41222067,0.581686566,,6551.447375,9074.402051295468
1995-10-23,4556,0.0,0.0,1.365511173,1.007610649,,6626.538539,9447.177543166672
1995-10-24,4557,21.5,2.257834632,2.281223464,0.413256081,6.9,5376.381092,5110.692110075545
1995-10-25,4558,6.75,8.219178082,3.548740223,1.507857134,,4547.263993,3010.451029165379
1995-10-26,4559,7.0,8.219178082,2.319310056,0.958262061,,5461.537446,5010.356774327876
1995-10-27,4560,3.75,8.219178082,2.649444134,0.807746371,,5181.370415,4272.228038276848
1995-10-28,4561,0.0,0.0,2.270865922,1.069553779,,5496.336033,5138.617862952708
1995-10-29,4562,0.25,8.219178082,2.101072626,0.359878218,,5665.257559,5639.751380308859
1995-10-30,4563,0.0,0.0,1.970321229,0.399957285,,5803.326364,6090.750891670643
1995-10-31,4564,0.0,0.0,1.86146648,1.105542136,6.8,5927.983583,6519.6157024377735
1995-11-01,4565,0.25,8.690221755,1.784790503,0.76137841,,6021.127566,6856.350190635113
1995-11-02,4566,0.0,0.0,1.709371508,1.138037692,,6116.986995,7220.065950600325
1995-11-03,4567,0.25,4.200871053,1.640840782,0.46902856,,6207.392613,7582.534168327796
1995-11-04,4568,0.0,0.0,1.568162011,0.774721059,,6309.062947,8005.119513259141
1995-11-05,4569,0.0,0.0,1.514589385,0.705108762,,6388.991665,8345.234226712017
1995-11-06,4570,0.0,0.0,1.448899441,1.201897551,,6490.478977,8800.126744964895
1995-11-07,4571,1.5,8.924674656,1.465592179,0.236609393,6.4,6468.122056,8680.285770154449
1995-11-08,4572,6.0,0.821917808,1.48872067,0.417852896,,6433.160133,8519.111235971912
1995-11-09,4573,4.75,0.821917808,1.562455307,0.093381426,,6321.332539,8040.131802200123
1995-11-10,4574,1.0,0.821917808,1.46853352,0.105612736,,6460.018419,8659.479062307993
1995-11-11,4575,19.25,0.821917808,4.009324022,0.100942015,,4234.807584,2601.001217618229
1995-11-12,4576,11.25,0.821917808,4.858013966,0.117150293,,4060.70054,2066.460425103194
1995-11-13,4577,1.75,0.821917808,4.933709497,0.784738538,,3937.992079,2028.526935443756
1995-11-14,4578,7.5,0.821917808,3.731530726,0.516063286,6.9,4527.54719,2834.6561318671156
1995-11-15,4579,15.25,4.383561644,5.834212291,0.378385515,,3617.885662,1659.3100494674059
1995-11-16,4580,7.25,4.383561644,7.919195531,0.141384112,,3161.126019,1150.4526008980492
1995-11-17,4581,0.25,4.383561644,5.173667598,0.468522784,,3885.725723,1916.3081967315363
1995-11-18,4582,0.5,4.383561644,4.018399441,0.630883479,,4360.011418,2593.9649473549416
1995-11-19,4583,2.5,4.383561644,3.535340782,0.227261564,,4608.274247,3024.124746017933
1995-11-20,4584,0.5,4.383561644,3.072569832,0.448125594,6.9,4880.893627,3577.545833882695
1995-11-21,4585,15.5,2.876712329,5.023307263,0.148113571,,3910.943882,1985.2471428289316
1995-11-22,4586,8.0,2.876712329,5.10672067,0.338429606,,3932.578151,1946.4520015393605
1995-11-23,4587,8.5,2.876712329,4.440117318,0.410223499,,4207.470007,2301.629217493439
1995-11-24,4588,14.5,2.876712329,7.545368715,0.301095836,,3240.992809,1219.1128139600532
1995-11-25,4589,4.5,2.876712329,7.179888268,0.230941832,,3335.459771,1293.8736292781941
1995-11-26,4590,3.25,2.876712329,5.563784916,0.220416719,,3772.272395,1756.4265099632526
1995-11-27,4591,9.75,2.876712329,6.179203911,0.066019718,,3604.037366,1548.9033306339554
1995-11-28,4592,3.75,2.876712329,5.296877095,0.202702524,6.8,3861.180228,1863.015313799678
1995-11-29,4593,1.5,1.917808219,4.744181564,0.0,,4059.891845,2126.0146052849104
1995-11-30,4594,0.0,0.0,4.049748603,0.111979869,,4349.876102,2569.925984420734
1995-12-01,4595,5.75,1.917808219,4.051131285,0.175367737,,4359.737985,2568.875133656112
1995-12-02,4596,4.0,1.917808219,3.82502514,0.141560895,,4467.805276,2751.8515193953767
1995-12-03,4597,5.0,1.917808219,4.065938547,0.134549816,,4354.732993,2557.670697404352
1995-12-04,4598,1.25,1.917808219,3.650078212,0.051792871,,4545.094797,2910.6027231049297
1995-12-05,4599,0.25,1.917808219,3.285905028,0.054287262,7.3,4753.238599,3301.1451607479753
1995-12-06,4600,0.0,0.0,2.987748603,0.066248735,,4939.51766,3699.537517041071
1995-12-07,4601,0.0,0.0,2.695122905,0.0,,5144.32587,4185.654315748685
1995-12-08,4602,2.0,5.420532823,2.457678771,0.0,,5334.633263,4674.460134187658
1995-12-09,4603,1.5,15.47839884,2.24024581,0.234050651,,5528.205001,5222.835315735276
1995-12-10,4604,0.5,11.29658564,2.068843575,0.13620984,,5696.878141,5745.111129318428
1995-12-11,4605,0.0,0.0,1.908150838,0.0,,5871.611704,6329.106652535769
1995-12-12,4606,1.75,14.3647103,1.807139665,0.275503804,5.8,5999.517323,6754.958309011663
1995-12-13,4607,0.25,4.483720192,1.854251397,0.177378056,,5934.803346,6549.999829060436
1995-12-14,4608,2.0,3.516318689,1.748162011,0.184402518,,6066.215486,7028.69078003888
1995-12-15,4609,0.0,0.0,1.603810056,0.257203366,,6254.99859,7792.591334419382
1995-12-16,4610,0.0,0.0,1.519365922,0.179633642,,6381.324301,8313.839171005186
1995-12-17,4611,4.5,5.466964081,1.58027933,0.041401983,,6298.136236,7931.6964333164615
1995-12-18,4612,0.0,0.0,1.524393855,0.062158041,,6370.371397,8281.025070595702
1995-12-19,4613,4.5,16.05085936,1.596067039,0.052840981,7.1,6281.452037,7837.868125879442
1995-12-20,4614,0.25,0.821917808,1.572385475,0.0,,6288.118258,7979.386975998525
1995-12-21,4615,2.5,0.821917808,2.28901676,0.00453712,,5474.636189,5089.86293927111
1995-12-22,4616,71.5,0.821917808,43.71837989,0.236507132,,720.0662654,148.14669468439936
1995-12-23,4617,15.75,0.821917808,23.31351955,0.023037264,,1503.057775,315.09615868798835
1995-12-24,4618,1.25,0.821917808,8.779927374,0.002437544,,2965.390634,1016.5945540190685
1995-12-25,4619,0.0,0.0,5.502167598,0.0,,3772.276084,1780.025330811155
1995-12-26,4620,0.0,0.0,4.046631285,0.0,,4338.936323,2572.298068725067
1995-12-27,4621,0.0,0.0,3.257296089,0.0,7.7,4762.024273,3335.906093581588
1995-12-28,4622,0.0,0.0,2.734265363,0.0,,5106.817202,4113.992658810519
1995-12-29,4623,0.0,0.0,2.343469274,0.0,,5430.671759,4948.566131406691
1995-12-30,4624,0.0,0.0,2.145921788,0.021911882,,5618.767233,5498.90808128333
1995-12-31,4625,0.0,0.0,1.989527933,0.039445169,,5784.985641,6020.4162804946345
1996-01-01,4626,2.75,3.97260274,1.883664804,0.042798933,,5901.464906,6427.7358007644525
1996-01-02,4627,7.75,3.97260274,2.11276257,0.0659054,7.1,5666.115965,5602.407562858614
1996-01-03,4628,1.25,4.383561644,2.661410615,0.178096621,,5192.616685,4249.232664643877
1996-01-04,4629,4.25,4.383561644,3.726226257,0.199009707,,4535.657343,2839.491072775788
1996-01-05,4630,3.5,4.383561644,3.933879888,0.082415553,,4403.867816,2660.876319745437
1996-01-06,4631,6.25,4.383561644,3.542882682,0.173369075,,4626.946024,3016.414491446393
1996-01-07,4632,18.0,4.383561644,10.57266201,0.225431329,,2702.127322,813.5697006733014
1996-01-08,4633,15.5,4.383561644,9.37352514,0.148855836,,2908.068579,939.9029996629021
1996-01-09,4634,2.0,4.383561644,7.966081006,0.253562869,7.0,3133.293115,1142.3400212093975
1996-01-10,4635,2.0,3.287671233,5.690111732,0.195876461,,3725.634932,1709.7972709651892
1996-01-11,4636,9.5,3.287671233,5.689960894,0.107679079,,3744.389683,1709.851592079472
1996-01-12,4637,25.25,3.287671233,9.665748603,0.2424352,,2863.095944,905.9353826159019
1996-01-13,4638,1.5,3.287671233,11.71153911,0.401128339,,2432.437806,719.6409927091797
1996-01-14,4639,1.0,3.287671233,6.698162011,0.239956934,,3435.993856,1406.1967511162893
1996-01-15,4640,0.0,0.0,4.916337989,0.182335533,,3983.261556,2037.1189256238076
1996-01-16,4641,0.25,3.287671233,3.937977654,0.377045597,6.7,4396.422843,2657.5594242903853
1996-01-17,4642,0.0,0.0,3.339,0.168486371,,4716.693273,3238.3645294465578
1996-01-18,4643,0.5,6.599579351,2.909589385,0.078582833,,4988.105584,3818.8827862632215
1996-01-19,4644,0.0,0.0,2.582648045,0.112585246,,5230.384936,4404.894142371846
1996-01-20,4645,0.25,1.571460925,2.290625698,0.338041554,,5478.258152,5085.582107520113
1996-01-21,4646,0.0,0.0,2.061905028,0.060082708,,5701.5181,5768.267431566295
1996-01-22,4647,0.0,0.0,1.888994413,0.080670877,,5894.787882,6406.0291292642305
1996-01-23,4648,0.0,0.0,1.751103352,0.065240551,6.6,6058.012562,7014.558954309661
1996-01-24,4649,0.0,0.0,1.606776536,0.040250511,,6251.243615,7775.371957368838
1996-01-25,4650,0.0,0.0,1.469111732,0.096376508,,6446.825917,8655.399615860224
1996-01-26,4651,0.0,0.0,1.373631285,0.064084954,,6613.412487,9380.372778851546
1996-01-27,4652,0.0,0.0,1.314930168,0.0,,6711.838454,9883.763850697234
1996-01-28,4653,0.0,0.0,1.259723464,0.007626344,,6815.683284,10404.39408623266
1996-01-29,4654,0.0,0.0,1.18573743,0.0,,6959.799883,11186.050158734954
1996-01-30,4655,0.0,0.0,1.139857542,0.0,6.6,7052.631408,11726.990732108967
1996-01-31,4656,0.0,0.0,1.079798883,0.0,,7183.338748,12511.754385493707
1996-02-01,4657,0.0,0.0,1.020167598,0.0,,7323.720687,13391.860013272862
1996-02-02,4658,0.0,0.0,0.981703911,0.0,,7419.908617,14022.10288835062
1996-02-03,4659,2.25,7.69656401,0.942837989,0.0,,7519.958914,14716.504891580858
1996-02-04,4660,0.5,3.77517307,0.893539106,0.038650761,,7644.183511,15693.186423568728
1996-02-05,4661,0.0,0.0,0.886399441,0.0,,7688.131579,15844.542895306746
1996-02-06,4662,0.0,0.0,0.858921788,0.0,,7752.683845,16452.884848099413
1996-02-07,4663,0.0,0.0,0.808189944,0.0,6.6,7913.604516,17695.989069216655
1996-02-08,4664,0.75,8.767123288,0.810854749,0.02621098,,7906.63234,17626.435606738938
1996-02-09,4665,15.75,8.767123288,1.858575419,0.436777859,,5849.569445,6531.759421014845
1996-02-10,4666,50.75,8.767123288,18.03544693,0.350969553,,1851.286034,428.7472890412794
1996-02-11,4667,47.0,8.767123288,25.92987989,0.553880036,,1505.243602,277.33885272048155
1996-02-12,4668,16.0,8.767123288,28.53093017,0.087120217,,1093.074402,247.2786517472458
1996-02-13,4669,0.25,8.767123288,9.221053073,0.065736547,7.3,2879.713986,958.5674847495472
1996-02-14,4670,2.5,11.64383562,5.583871508,0.358706318,,3744.56026,1748.857152078606
1996-02-15,4671,3.75,11.64383562,4.367036313,0.414820911,,4218.210716,2347.8557258711794
1996-02-16,4672,5.0,11.64383562,5.373703911,0.83747608,,3843.973792,1831.141561839686
1996-02-17,4673,27.25,11.64383562,8.543011173,0.404325271,,2903.782179,1050.4870742070411
1996-02-18,4674,19.25,11.64383562,18.84781006,0.213946249,,1783.741643,406.6736377859119
1996-02-19,4675,0.5,11.64383562,8.504522346,0.479414086,,3008.816492,1056.1893644997356
1996-02-20,4676,0.5,11.64383562,5.192195531,0.0,7.8,3870.461444,1908.116525587246
1996-02-21,4677,0.25,2.876712329,3.890388268,0.485223397,,4419.534612,2696.5536213765035
1996-02-22,4678,2.0,2.876712329,3.368388268,0.275780336,,4700.117657,3204.548917161778
1996-02-23,4679,7.25,2.876712329,4.788955307,0.286808334,,3977.926091,2102.218951444475
1996-02-24,4680,15.0,2.876712329,8.624564246,0.404783994,,3055.481036,1038.5893015331249
1996-02-25,4681,2.0,2.876712329,7.405994413,0.107518289,,3245.873262,1246.666406243378
1996-02-26,4682,7.0,2.876712329,5.191416201,0.0,,3888.080018,1908.4597930689188
1996-02-27,4683,1.5,2.876712329,4.289304469,0.396617742,7.6,4244.535721,2398.926658061955
1996-02-28,4684,0.0,0.0,3.662849162,0.859593476,,4536.624474,2898.4496440390726
1996-02-29,4685,0.0,0.0,3.25272067,0.774107131,,4773.684567,3341.527724405938
1996-03-01,4686,0.0,0.0,3.016986034,1.109109542,,4921.34387,3656.6364180148685
1996-03-02,4687,0.0,0.0,2.771019553,0.824266156,,5090.296483,4048.725044580613
1996-03-03,4688,0.0,0.0,2.525958101,0.803332239,,5277.849963,4523.54779494184
1996-03-04,4689,0.0,0.0,2.294899441,0.756086119,,5476.557553,5074.243152685886
1996-03-05,4690,0.0,0.0,2.101374302,0.52695083,6.9,5663.137494,5638.781931935787
1996-03-06,4691,0.0,0.0,1.935879888,0.67458088,,5840.040816,6220.718615026573
1996-03-07,4692,0.75,0.821917808,1.798969274,1.526729377,,5998.378366,6791.704295155686
1996-03-08,4693,3.25,0.821917808,1.724782123,0.275941698,,6099.467274,7142.904897747416
1996-03-09,4694,4.0,0.821917808,1.721312849,0.230383261,,6101.885511,7160.143265081184
1996-03-10,4695,0.5,0.821917808,1.625857542,0.886036543,,6225.911427,7666.261322035267
1996-03-11,4696,19.75,0.821917808,2.569801676,0.692463768,,5254.19199,4431.278306571857
1996-03-12,4697,7.5,0.821917808,6.322122905,0.039007541,6.6,3438.701785,1507.0309585973137
1996-03-13,4698,3.25,1.780821918,3.33447486,0.184125975,,4706.118827,3243.6295763729613
1996-03-14,4699,2.25,1.780821918,2.76003352,0.246970216,,5094.256764,4068.0338766989016
1996-03-15,4700,3.0,1.780821918,2.473592179,0.04207043,,5320.242683,4638.469803039498
1996-03-16,4701,4.0,1.780821918,2.622620112,0.144258551,,5214.705536,4324.612477375271
1996-03-17,4702,3.25,1.780821918,2.962206704,0.294844831,,5000.951855,3737.778010621582
1996-03-18,4703,4.0,1.780821918,4.921893855,0.244651215,6.6,3985.525017,2034.363732553119
1996-03-19,4704,0.25,0.95890411,3.875329609,0.94688825,,4428.760429,2709.111789223573
1996-03-20,4705,0.25,0.95890411,3.290053073,0.307871769,,4746.693416,3296.1602325715066
1996-03-21,4706,7.75,0.95890411,3.600175978,0.191241728,,4585.35889,2958.9997159688846
1996-03-22,4707,8.25,0.95890411,3.535013966,0.350951811,,4659.558216,3024.459674435979
1996-03-23,4708,7.5,0.95890411,5.922829609,0.84492612,,3678.25855,1629.6000227548134
1996-03-24,4709,0.75,0.95890411,5.012421788,0.300464316,,3953.985932,1990.4146407289331
1996-03-25,4710,17.0,0.95890411,6.773756983,0.191927927,,3463.621523,1387.407329966495
1996-03-26,4711,3.75,0.95890411,9.326312849,0.140606169,6.3,2834.070905,945.6107003955092
1996-03-27,4712,1.25,12.88315286,5.937963687,1.564117453,,3647.311074,1624.6234881008584
1996-03-28,4713,1.0,2.769348811,4.566972067,0.720494911,,4121.134962,2225.2389629554605
1996-03-29,4714,0.0,0.0,3.715793296,1.605959025,,4507.009077,2849.044809039685
1996-03-30,4715,0.0,0.0,3.158120112,1.749775617,,4825.489823,3461.7771215196744
1996-03-31,4716,0.0,0.0,2.775343575,0.716333809,,5082.639712,4041.1712682111424
1996-04-01,4717,0.0,0.0,2.426329609,1.63811492,,5356.068068,4746.878989433635
1996-04-02,4718,0.75,3.624662829,2.20877095,1.354241269,6.8,5559.777808,5312.0802174880755
1996-04-03,4719,0.0,0.0,2.006094972,1.330271595,,5760.694541,5960.935178962671
1996-04-04,4720,0.0,0.0,1.815058659,2.778867435,,5978.394405,6719.689518769899
1996-04-05,4721,0.0,0.0,1.655472067,2.779743672,,6181.379604,7502.378446955761
1996-04-06,4722,0.0,0.0,1.551368715,1.706304033,,6334.390142,8108.960260786672
1996-04-07,4723,0.0,0.0,1.452796089,2.844731592,,6479.284403,8771.881207056398
1996-04-08,4724,2.0,1.887423763,1.405885475,0.35200862,,6560.137696,9123.368471298836
1996-04-09,4725,0.5,2.20553764,1.312918994,1.03336039,6.6,6715.89395,9901.88768734062
1996-04-10,4726,3.75,0.547945205,1.335293296,1.136596982,,6678.190205,9703.632662296885
1996-04-11,4727,3.0,0.547945205,1.204416201,2.574801763,,6927.152307,10978.75165958748
1996-04-12,4728,26.5,0.547945205,4.157446927,0.272329734,,4115.840803,2490.3699029254176
1996-04-13,4729,4.25,0.547945205,3.070734637,0.384455496,,4867.278431,3580.1069673939305
1996-04-14,4730,4.25,0.547945205,2.802846369,0.481454775,,5070.432125,3993.724561393328
1996-04-15,4731,1.25,0.547945205,2.649217877,0.823033428,,5176.456403,4272.665023002049
1996-04-16,4732,11.0,0.547945205,3.338773743,0.631838802,6.6,4723.410593,3238.627409469341
1996-04-17,4733,6.0,1.506849315,4.357583799,1.747958203,,4210.399911,2353.9593005933816
1996-04-18,4734,28.0,1.506849315,13.39612291,0.652617009,,2118.413301,612.5174641647121
1996-04-19,4735,2.75,1.506849315,8.061134078,2.357041973,,3104.973877,1126.2109604980194
1996-04-20,4736,0.0,0.0,5.354195531,2.076973562,,3820.44878,1839.1399805940928
1996-04-21,4737,9.25,1.506849315,4.763287709,1.245901439,,4061.351486,2115.800248146254
1996-04-22,4738,7.0,1.506849315,4.015935754,2.359942164,,4372.492847,2595.871615758322
1996-04-23,4739,8.75,1.506849315,6.614949721,1.850082216,5.9,3454.187114,1427.4257685679138
1996-04-24,4740,3.75,5.616438356,4.695938547,2.255637958,,4074.415113,2152.2125855122163
1996-04-25,4741,0.0,0.0,3.788723464,2.669602848,,4471.401542,2783.46952680564
1996-04-26,4742,0.0,0.0,3.260891061,3.171568801,,4761.224479,3331.501253550803
1996-04-27,4743,0.25,5.616438356,2.85146648,2.93736334,,5027.215443,3912.3030996787047
1996-04-28,4744,0.0,0.0,2.490159218,2.331266142,,5304.991939,4601.537628539818
1996-04-29,4745,0.5,5.616438356,2.265360335,1.341168108,,5505.145999,5153.5760892122835
1996-04-30,4746,6.0,5.616438356,2.26272067,1.004097838,6.9,5512.191458,5160.776199905945
1996-05-01,4747,14.25,1.095890411,2.653114525,0.843817615,,5207.631062,4265.150610152979
1996-05-02,4748,0.0,0.0,2.838217877,0.140681894,,4981.620572,3934.186182460013
1996-05-03,4749,0.0,0.0,2.178854749,2.590321517,,5579.735223,5399.534121941022
1996-05-04,4750,0.0,0.0,1.969164804,2.452692008,,5803.507604,6095.033809741483
1996-05-05,4751,0.0,0.0,1.848041899,2.650366776,,5942.861153,6576.357917027752
1996-05-06,4752,0.0,0.0,1.746930168,2.478936705,,6066.215747,7034.624761347643
1996-05-07,4753,0.0,0.0,1.671435754,2.199328981,6.9,6167.367935,7416.679613090784
1996-05-08,4754,0.0,0.0,1.60647486,3.53272445,,6255.475101,7777.119891307275
1996-05-09,4755,0.0,0.0,1.539653631,2.063386261,,6349.870976,8182.874176967632
1996-05-10,4756,0.0,0.0,1.470594972,2.930075123,,6455.896032,8644.951051444801
1996-05-11,4757,0.0,0.0,1.419360335,1.852765597,,6537.320397,9019.792650724838
1996-05-12,4758,0.0,0.0,1.359,2.421168986,,6636.209195,9501.379017418574
1996-05-13,4759,0.0,0.0,1.291575419,3.560295859,,6755.983554,10098.049869628978
1996-05-14,4760,0.0,0.0,1.222290503,4.399289663,6.7,6884.666124,10786.885074701237
1996-05-15,4761,0.0,0.0,1.178044693,2.980930516,,6977.259699,11273.525097936194
1996-05-16,4762,0.0,0.0,1.126784916,2.14997976,,7079.756201,11889.993563834616
1996-05-17,4763,0.0,0.0,1.08522905,1.813327912,,7173.434576,12436.873485700648
1996-05-18,4764,5.75,3.287671233,1.072030726,2.338305322,,7227.646163,12620.324533729814
1996-05-19,4765,42.0,3.287671233,4.095879888,0.591650054,,3901.129024,2535.286294526094
1996-05-20,4766,7.5,3.287671233,3.43201676,3.195503793,,4441.763641,3133.5112538109106
1996-05-21,4767,3.0,3.287671233,2.193687151,3.207947782,6.6,5548.979897,5355.847185881428
1996-05-22,4768,16.75,1.232876712,3.716044693,0.92982474,,4479.35821,2848.813905232586
1996-05-23,4769,51.25,1.232876712,16.59984637,1.533777597,,1612.399783,473.60484526811615
1996-05-24,4770,4.75,1.232876712,21.02676536,3.427323337,,1429.009954,356.6495449947157
1996-05-25,4771,0.0,0.0,6.927712291,2.555471909,,3349.568057,1350.5319085637573
1996-05-26,4772,29.5,1.232876712,8.043083799,0.952526907,,3039.382843,1129.2416011011655
1996-05-27,4773,4.0,1.232876712,11.89005587,3.166683217,,2385.870133,706.7031001466491
1996-05-28,4774,6.75,1.232876712,6.397994413,1.30761166,,3525.139681,1485.636145286517
1996-05-29,4775,21.5,1.232876712,10.31518156,1.117750192,5.2,2763.638782,837.9809843612156
1996-05-30,4776,5.75,7.671232877,8.726304469,4.34619699,,3011.947042,1024.0886919277993
1996-05-31,4777,2.5,7.671232877,5.927203911,2.765299879,,3650.558754,1628.1587530012098
1996-06-01,4778,1.25,7.671232877,4.558675978,3.318605456,,4121.946321,2230.0921285491504
1996-06-02,4779,0.0,0.0,3.65696648,3.254201855,,4535.845646,2904.0361326799457
1996-06-03,4780,5.5,7.671232877,3.335078212,0.925241178,,4725.213424,3242.9266632771287
1996-06-04,4781,0.0,0.0,2.810463687,5.276809276,6.1,5051.892893,3980.763754235414
1996-06-05,4782,0.0,0.0,2.458030726,4.2399227,,5331.996308,4673.658604246792
1996-06-06,4783,0.0,0.0,2.227273743,4.805510086,,5540.562518,5259.281203680887
1996-06-07,4784,1.0,1.095890411,2.096723464,2.486480423,,5670.147297,5653.761645008684
1996-06-08,4785,0.0,0.0,1.910413408,5.374908718,,5865.228905,6320.133138519297
1996-06-09,4786,3.0,1.095890411,1.800075419,3.016443922,,6008.790879,6786.708012953872
1996-06-10,4787,6.25,1.095890411,1.973086592,1.968315143,,5794.370721,6080.531488946539
1996-06-11,4788,21.25,1.095890411,3.601986034,0.848638929,6.0,4404.018464,2957.2184997415416
1996-06-12,4789,0.0,0.0,2.348346369,4.816406263,,5393.408983,4936.261580828602
1996-06-13,4790,0.0,0.0,1.958430168,5.002945282,,5813.222489,6135.055642924742
1996-06-14,4791,0.0,0.0,1.81651676,5.020324239,,5981.448719,6713.232386555521
1996-06-15,4792,0.0,0.0,1.735717877,6.214193347,,6082.588579,7089.061554131829
1996-06-16,4793,0.0,0.0,1.639030726,7.258166524,,6207.412169,7592.559610082548
1996-06-17,4794,0.0,0.0,1.572687151,7.303503696,,6303.535812,7977.554744431507
1996-06-18,4795,0.0,0.0,1.528843575,4.755515007,6.0,6367.318526,8252.18222156379
1996-06-19,4796,0.0,0.0,1.471047486,4.747964008,,6454.570306,8641.76795886098
1996-06-20,4797,0.0,0.0,1.404653631,3.456246682,,6560.165762,9132.946055439086
1996-06-21,4798,0.0,0.0,1.338184358,3.840969421,,6671.587164,9678.546127033373
1996-06-22,4799,0.0,0.0,1.270684358,4.717677566,,6794.298136,10297.07146972487
1996-06-23,4800,0.0,0.0,1.224553073,4.605735737,,6884.667307,10763.03639996391
1996-06-24,4801,0.0,0.0,1.196622905,4.621063133,,6939.352139,11064.378510267572
1996-06-25,4802,0.0,0.0,1.176561453,4.471778434,6.3,6981.100435,11290.535642189814
1996-06-26,4803,2.75,3.698630137,1.181488827,4.186579973,,6969.43264,11234.206853138612
1996-06-27,4804,0.0,0.0,1.115170391,5.112141941,,7105.898845,12038.338922651568
1996-06-28,4805,23.75,3.698630137,1.818980447,1.833448422,,5945.549868,6702.347892917315
1996-06-29,4806,0.0,0.0,1.297935754,1.808949567,,6702.632063,10038.852913578194
1996-06-30,4807,2.75,3.698630137,1.183072626,1.611929706,,6965.962298,11216.210549452087
1996-07-01,4808,11.75,3.698630137,1.587569832,1.539847495,,6256.736901,7888.113415653618
1996-07-02,4809,2.0,3.698630137,1.256706704,2.819572006,6.0,6808.236058,10434.293307032789
1996-07-03,4810,17.0,3.561643836,2.828036313,1.958413349,,4895.511958,3951.1564522879266
1996-07-04,4811,12.0,3.561643836,1.824636872,1.829499559,,6006.219767,6677.480079380661
1996-07-05,4812,10.75,3.561643836,3.861879888,2.445283649,,4422.280998,2720.4191768575492
1996-07-06,4813,5.0,3.561643836,2.666488827,4.548044536,,5151.581429,4239.54262064746
1996-07-07,4814,0.0,0.0,2.144689944,2.339387243,,5615.838558,5502.690189036871
1996-07-08,4815,0.0,0.0,1.868907821,3.492994712,,5912.094605,6488.548533882276
1996-07-09,4816,3.0,3.561643836,1.828432961,1.548494878,5.7,5970.680888,6660.88574158755
1996-07-10,4817,0.0,0.0,1.722217877,4.698898038,,6097.428004,7155.63894674516
1996-07-11,4818,0.75,2.165581641,1.638703911,2.514368281,,6211.055429,7594.372347736708
1996-07-12,4819,3.25,4.515451258,1.616455307,2.93120188,,6240.266951,7719.672480797781
1996-07-13,4820,3.0,3.467782427,1.520522346,3.213652707,,6387.107099,8306.270829405621
1996-07-14,4821,1.5,1.31679673,1.520949721,5.548829881,,6366.813219,8303.47702569984
1996-07-15,4822,0.0,0.0,1.322497207,6.221259753,,6694.320755,9816.114983969033
1996-07-16,4823,0.0,0.0,1.227846369,5.297617968,5.9,6875.447154,10728.495750397291
1996-07-17,4824,0.0,0.0,1.166832402,6.536705158,,6995.365816,11403.291160387109
1996-07-18,4825,0.0,0.0,1.117558659,6.159657935,,7101.655652,12007.558466079954
1996-07-19,4826,0.0,0.0,1.061597765,6.219860742,,7223.003804,12768.885899898489
1996-07-20,4827,0.0,0.0,1.002444134,6.956170066,,7364.893833,13675.670530283774
1996-07-21,4828,0.0,0.0,0.956639665,6.236612228,,7483.470028,14462.820543835707
1996-07-22,4829,0.0,0.0,0.924284916,5.853365052,,7570.648853,15070.651593927048
1996-07-23,4830,0.0,0.0,0.90897486,3.66015554,5.9,7614.778479,15374.867589591715
1996-07-24,4831,0.0,0.0,0.883885475,3.075196143,,7680.450559,15898.476689968204
1996-07-25,4832,0.0,0.0,0.844567039,5.958664698,,7800.288019,16788.009367795115
1996-07-26,4833,1.0,5.616438356,0.856583799,2.799817216,,7769.074506,16506.627038529343
1996-07-27,4834,0.0,0.0,0.813796089,4.95150728,,7889.038276,17550.244724188153
1996-07-28,4835,11.75,5.616438356,0.95022905,1.115450882,,7496.277054,14579.645949876196
1996-07-29,4836,0.5,5.616438356,0.863421788,4.92664892,,7726.170912,16350.344490093361
1996-07-30,4837,13.25,5.616438356,0.918301676,1.426818146,6.0,7618.977802,15188.215161323114
1996-07-31,4838,1.25,2.876712329,0.906209497,2.732358516,,7571.789857,15431.02038662483
1996-08-01,4839,3.0,2.876712329,0.823148045,3.039474624,,7862.033087,17311.964737747894
1996-08-02,4840,0.75,2.876712329,0.771234637,2.258877898,,8031.08501,18715.119330869093
1996-08-03,4841,0.0,0.0,0.725405028,2.988844653,,8192.23251,20138.19991148069
1996-08-04,4842,0.0,0.0,0.685282123,5.231588836,,8345.484329,21556.60772265818
1996-08-05,4843,0.0,0.0,0.655089385,4.615058183,,8463.732635,22750.336137107563
1996-08-06,4844,23.25,2.876712329,1.143175978,1.162946636,6.0,7022.803799,11686.264089954044
1996-08-07,4845,3.75,2.191780822,1.315256983,2.464885114,,6540.666613,9880.824482064945
1996-08-08,4846,6.5,2.191780822,0.878128492,1.999784323,,7704.060774,16023.262812690667
1996-08-09,4847,1.75,2.191780822,0.828653631,3.090215009,,7835.677974,17174.445779078604
1996-08-10,4848,6.0,2.191780822,0.911312849,2.693115971,,7613.453099,15327.684725711071
1996-08-11,4849,2.5,2.191780822,0.844265363,2.930195716,,7800.49832,16795.186558762172
1996-08-12,4850,0.0,0.0,0.766382682,3.656765662,,8038.81327,18856.951489164872
1996-08-13,4851,0.0,0.0,0.711502793,4.640706164,6.1,8242.888613,20609.797325030067
1996-08-14,4852,0.0,0.0,0.70202514,3.878657528,,8271.962501,20943.072922068714
1996-08-15,4853,0.0,0.0,0.678972067,2.789372976,,8373.543922,21796.464233556886
1996-08-16,4854,0.0,0.0,0.662505587,3.612537407,,8434.858628,22446.04953371074
1996-08-17,4855,0.0,0.0,0.647622905,4.593778768,,8498.724397,23064.421568243743
1996-08-18,4856,0.5,4.931506849,0.618812849,6.715783026,,8622.204347,24354.592148114094
1996-08-19,4857,3.5,4.931506849,0.651041899,1.424083695,,8492.676355,22919.61649288862
1996-08-20,4858,3.5,4.931506849,0.681234637,1.104011166,6.1,8360.750392,21709.8989772071
1996-08-21,4859,3.25,1.780821918,0.661072626,2.718277476,,8449.781288,22504.25993953332
1996-08-22,4860,20.25,1.780821918,0.947111732,1.425034944,,7512.457867,14637.082829974966
1996-08-23,4861,36.0,1.780821918,4.095829609,2.464538932,,3560.190194,2535.3235822391575
1996-08-24,4862,29.5,1.780821918,6.186444134,1.357753661,,3570.798177,1546.7309374359652
1996-08-25,4863,7.75,1.780821918,10.51167318,1.716547879,,2595.250827,819.2332016965785
1996-08-26,4864,22.0,1.780821918,9.854698324,1.252076066,,2820.007916,885.1480983807663
1996-08-27,4865,2.75,1.780821918,6.685089385,1.627722886,,3431.369685,1409.493383519003
1996-08-28,4866,2.5,1.780821918,4.643421788,2.805429289,5.5,4082.364927,2181.412029067719
1996-08-29,4867,0.25,1.267915203,3.544743017,1.574519391,,4590.798875,3014.5181700123953
1996-08-30,4868,0.5,1.512751114,2.839826816,2.410095543,,5027.856369,3931.5166878181108
1996-08-31,4869,0.0,0.0,2.365441341,2.826212104,,5407.688609,4893.571991861683
1996-09-01,4870,0.0,0.0,2.07223743,2.506489058,,5689.577053,5733.846684778228
1996-09-02,4871,0.0,0.0,1.860586592,2.952745732,,5923.349643,6523.307229058698
1996-09-03,4872,0.0,0.0,1.728553073,1.153009558,,6088.52762,7124.253709500909
1996-09-04,4873,0.0,0.0,1.576206704,2.196734411,6.1,6291.57183,7956.235608341549
1996-09-05,4874,0.0,0.0,1.452167598,1.934701058,,6482.592275,8776.425677134195
1996-09-06,4875,0.0,0.0,1.367170391,3.067722039,,6620.537112,9433.456193896769
1996-09-07,4876,0.0,0.0,1.29074581,1.748087142,,6756.962918,10105.818447227259
1996-09-08,4877,0.0,0.0,1.226614525,2.600608148,,6880.392574,10741.391700760912
1996-09-09,4878,0.0,0.0,1.192022346,2.349289875,,6947.444898,11115.503278913495
1996-09-10,4879,0.0,0.0,1.173142458,1.189791111,6.0,6987.569696,11329.926339530046
1996-09-11,4880,2.0,1.714289637,1.149284916,1.812215004,,7037.559477,11611.964975085584
1996-09-12,4881,0.5,5.152723512,1.131812849,2.658103601,,7070.627659,11826.810883940794
1996-09-13,4882,0.0,0.0,1.088120112,3.238103487,,7165.414537,12397.340937076278
1996-09-14,4883,0.0,0.0,1.049103352,3.154744897,,7259.658158,12951.07501217264
1996-09-15,4884,0.0,0.0,1.029167598,3.420016202,,7303.473888,13251.844356220623
1996-09-16,4885,0.0,0.0,1.000835196,3.515409835,,7371.628986,13701.981617562471
1996-09-17,4886,0.0,0.0,0.968480447,3.199810195,6.0,7455.321137,14251.496942782233
1996-09-18,4887,0.0,0.0,0.95397486,1.21622905,,7492.189218,14511.173940197335
1996-09-19,4888,7.5,1.333185279,1.002293296,0.743343138,,7385.353072,13678.13325637966
1996-09-20,4889,0.0,0.0,1.008,1.805516419,,7347.062966,13585.52371705287
1996-09-21,4890,0.0,0.0,0.969410615,0.975855162,,7454.484067,14235.136123720666
1996-09-22,4891,0.0,0.0,0.944824022,1.596784416,,7512.533418,14679.498894310376
1996-09-23,4892,0.0,0.0,0.917522346,1.526574645,,7590.849123,15203.652005660599
1996-09-24,4893,15.5,4.609569282,0.974187151,0.532275186,6.2,7511.468385,14151.661257988506
1996-09-25,4894,0.5,1.917808219,1.246324022,2.103838372,,6733.736655,10538.41192301851
1996-09-26,4895,7.0,1.917808219,0.989949721,0.677668651,,7409.298794,13882.46107592616
1996-09-27,4896,3.5,1.917808219,1.036231844,2.126895577,,7281.487996,13143.812896366242
1996-09-28,4897,50.5,1.917808219,3.556231844,1.041355529,,4025.188223,3002.8553828260474
1996-09-29,4898,61.5,1.917808219,26.59253631,0.789082464,,1364.801788,269.06583046437413
1996-09-30,4899,1.5,1.917808219,8.17727933,0.953851556,5.8,3041.537784,1107.061519514505
1996-10-01,4900,2.5,6.712328767,4.596662011,0.940640013,,4090.902224,2208.02812638076
1996-10-02,4901,0.0,0.0,3.312527933,2.400477982,,4717.562298,3269.3893245107292
1996-10-03,4902,32.0,6.712328767,7.119100559,0.467975888,,3056.401099,1307.1280334753233
1996-10-04,4903,15.0,6.712328767,6.943801676,1.077530661,,3391.489261,1346.7817863586224
1996-10-05,4904,2.5,6.712328767,7.160681564,1.329691567,,3323.030814,1298.0348177439894
1996-10-06,4905,0.0,0.0,4.925589385,0.572804088,,3979.270781,2032.5348747383223
1996-10-07,4906,2.0,6.712328767,3.918368715,0.55738896,,4408.174364,2673.500728498505
1996-10-08,4907,5.0,6.712328767,3.662522346,0.473024666,6.7,4538.772668,2898.7594876641365
1996-10-09,4908,1.5,2.054794521,3.039058659,0.454182591,,4901.028764,3624.848660837304
1996-10-10,4909,0.0,0.0,2.630011173,0.871148302,,5191.07823,4310.061368059337
1996-10-11,4910,0.0,0.0,2.352695531,0.759429051,,5424.689829,4925.336217126274
1996-10-12,4911,0.0,0.0,2.144111732,0.883719779,,5618.721777,5504.46710859711
1996-10-13,4912,0.0,0.0,1.964941341,0.481196955,,5807.298643,6110.722803347597
1996-10-14,4913,15.5,2.054794521,2.394125698,0.27820116,,5393.208127,4823.4441725490415
1996-10-15,4914,21.0,2.054794521,4.878628492,0.566108037,6.0,3988.533412,2056.001640150324
1996-10-16,4915,24.75,4.657534247,11.4272095,0.127906422,,2549.392231,741.1669897046218
1996-10-17,4916,10.5,4.657534247,7.943505587,1.08465165,,3147.837535,1146.2331018337084
1996-10-18,4917,22.0,4.657534247,16.84427933,0.34461993,,2014.982203,465.37233406640667
1996-10-19,4918,8.75,4.657534247,10.35842179,0.518260978,,2720.558362,833.7882092864437
1996-10-20,4919,42.0,4.657534247,25.98146648,0.063314988,,1297.227597,276.67814520277864
1996-10-21,4920,0.5,4.657534247,13.5693352,0.597434361,,2265.944996,603.151753360997
1996-10-22,4921,2.5,4.657534247,7.719636872,0.314342046,6.6,3199.60307,1186.1958830111482
1996-10-23,4922,0.25,6.575342466,5.49447486,1.218268607,,3783.131411,1783.0124277398454
1996-10-24,4923,4.0,6.575342466,4.386293296,0.511399087,,4202.688496,2335.5106980600963
1996-10-25,4924,20.75,6.575342466,4.660969274,0.942631547,,4122.189638,2171.5751540233014
1996-10-26,4925,17.25,6.575342466,11.37680447,0.734785368,,2550.49289,745.10659658193
1996-10-27,4926,39.25,6.575342466,28.05269832,0.501276053,,1201.169317,252.34660626700276
1996-10-28,4927,30.5,6.575342466,19.68320112,0.480802854,,1720.482239,386.0545452991514
1996-10-29,4928,2.25,6.575342466,13.17632682,1.116415982,6.5,2311.252835,624.7922457654466
1996-10-30,4929,2.0,3.698630137,7.616463687,0.553549603,,3222.108737,1205.4839892609816
1996-10-31,4930,88.25,3.698630137,46.89130726,0.153352558,,404.975494,136.193783799262
1996-11-01,4931,22.0,3.698630137,17.97212011,0.180774155,,1891.809323,430.56034775987234
1996-11-02,4932,32.5,3.698630137,30.3777905,0.257113093,,1236.528812,229.34662048474422
1996-11-03,4933,20.75,3.698630137,20.37778492,0.481300911,,1723.63026,370.32079848250686
1996-11-04,4934,32.5,3.698630137,20.78225698,0.597472302,,1750.762209,361.69010699524495
1996-11-05,4935,33.75,3.698630137,20.42944693,0.886786425,6.1,1827.625422,369.19748462327266
1996-11-06,4936,30.5,11.91780822,31.29413128,0.769703687,,1089.862639,221.30988446816303
1996-11-07,4937,14.75,11.91780822,18.5052067,0.18289286,,1881.689045,415.7231617689412
1996-11-08,4938,7.5,11.91780822,10.88348883,0.60400132,,2660.72104,785.7874802997164
1996-11-09,4939,2.75,11.91780822,8.094519553,0.424857027,,3129.525997,1120.6446721164841
1996-11-10,4940,0.25,11.91780822,6.104287709,0.50103779,,3605.775117,1571.7142752259838
1996-11-11,4941,1.25,11.91780822,4.908444134,0.434773185,,3994.737133,2041.0453308188607
1996-11-12,4942,2.5,11.91780822,4.206896648,0.218159257,6.4,4275.345524,2455.338313494254
1996-11-13,4943,0.0,0.0,3.522092179,0.529675089,,4613.695499,3037.756947383325
1996-11-14,4944,1.25,2.328767123,3.144418994,0.345036989,,4837.03586,3479.8527328852206
1996-11-15,4945,0.5,2.328767123,2.789849162,0.361049587,,5073.72211,4016.01876529115
1996-11-16,4946,6.75,2.328767123,2.583075419,0.158193886,,5249.463755,4404.021345242469
1996-11-17,4947,10.25,2.328767123,4.191486034,0.572278674,,4272.322352,2466.1582426300106
1996-11-18,4948,0.0,0.0,2.965097765,0.603474519,,4949.518798,3733.413281055259
1996-11-19,4949,0.0,0.0,2.813731844,0.0,5.9,5061.511707,3975.226636375818
1996-11-20,4950,2.25,2.328767123,2.722097765,0.223786148,,5133.251568,4136.026563891043
1996-11-21,4951,0.0,0.0,2.507002793,0.325645742,,5294.750572,4564.538237408939
1996-11-22,4952,11.0,2.328767123,2.992072626,0.173525157,,4952.025334,3693.1346847449895
1996-11-23,4953,1.5,2.328767123,2.623776536,0.266349229,,5191.149796,4322.32983176824
1996-11-24,4954,39.0,2.328767123,14.03693296,0.125878445,,1731.939801,579.133853244443
1996-11-25,4955,8.0,2.328767123,13.43068994,0.260600335,,2304.283646,610.6271858725756
1996-11-26,4956,0.0,0.0,7.146050279,0.226792531,6.3,3317.255835,1301.2212267279288
1996-11-27,4957,0.5,4.931506849,5.040377095,0.098250956,,3937.921212,1977.1932031503377
1996-11-28,4958,35.5,4.931506849,7.514572626,0.587582335,,3476.78509,1225.104406523512
1996-11-29,4959,28.25,4.931506849,30.05979888,0.243301004,,1090.533421,232.26170532954518
1996-11-30,4960,1.0,4.931506849,10.07275978,0.23658346,,2745.719987,862.2212939870788
1996-12-01,4961,8.5,4.931506849,7.55326257,0.356878895,,3254.19901,1217.5856530846172
1996-12-02,4962,3.5,4.931506849,5.70527095,0.322697127,,3725.92302,1704.3540935375613
1996-12-03,4963,54.5,4.931506849,30.21888268,0.172432606,7.2,1163.552667,230.79492308553506
1996-12-04,4964,19.0,15.06849315,19.02997207,0.182201772,,1855.423151,402.0077058857712
1996-12-05,4965,2.75,15.06849315,10.16590223,0.186056796,,2742.220972,852.7574257126821
1996-12-06,4966,0.25,15.06849315,6.707111732,0.185362371,,3437.526905,1403.9479676927353
1996-12-07,4967,2.0,15.06849315,5.115544693,0.589199765,,3916.760881,1942.4292447332537
1996-12-08,4968,4.5,15.06849315,4.218837989,0.568178387,,4271.147731,2447.0138906460293
1996-12-09,4969,1.25,15.06849315,3.775625698,0.328282192,,4487.325306,2795.0414676548094
1996-12-10,4970,0.25,15.06849315,3.327385475,0.043351397,6.7,4724.322742,3251.9097827178853
1996-12-11,4971,1.0,3.305721878,2.998910615,0.038073143,,4931.169254,3683.0506653130396
1996-12-12,4972,0.25,0.876580468,2.692759777,0.0,,5146.144735,4190.053994518899
1996-12-13,4973,0.25,5.823862137,2.444455307,0.001191332,,5344.231746,4704.758539969649
1996-12-14,4974,5.0,18.02201151,2.462731844,0.2190294,,5352.686254,4662.976567347834
1996-12-15,4975,4.0,6.572486586,2.875223464,0.111403179,,5014.103694,3873.6173884940345
1996-12-16,4976,1.25,22.33071852,2.611156425,0.064942574,,5211.67505,4347.360611599905
1996-12-17,4977,7.25,7.341336173,2.796837989,0.133114332,6.4,5083.98294,4004.002492156221
1996-12-18,4978,5.25,0.684931507,3.510578212,0.131337357,,4624.875828,3049.6961202164975
1996-12-19,4979,2.5,0.684931507,3.314287709,0.0,,4732.123083,3267.3100016594713
1996-12-20,4980,4.5,0.684931507,3.369896648,0.060817331,,4712.326027,3202.8307743175224
1996-12-21,4981,0.0,0.0,3.097332402,0.114592581,,4856.503709,3543.313859622397
1996-12-22,4982,0.0,0.0,2.69625419,0.0,,5144.556762,4183.551084057058
1996-12-23,4983,0.0,0.0,2.500114525,0.0,,5299.771393,4579.603158406735
1996-12-24,4984,0.0,0.0,2.28524581,0.0,6.6,5487.670005,5099.9220878466485
1996-12-25,4985,0.75,15.20547945,2.154494413,0.262008628,,5612.09638,5472.7192181233695
1996-12-26,4986,0.0,0.0,1.999382682,0.214592546,,5771.195003,5984.904058004628
1996-12-27,4987,5.25,15.20547945,1.973413408,0.478693078,,5801.84592,6079.325818157602
1996-12-28,4988,0.0,0.0,1.789039106,0.0,,6011.059954,6836.8612627302155
1996-12-29,4989,0.0,0.0,1.655547486,0.053822071,,6186.00146,7501.969302377538
1996-12-30,4990,1.0,15.20547945,1.571430168,0.0,,6302.516999,7985.194137125078
1996-12-31,4991,0.0,0.0,1.440955307,0.0,6.5,6496.619355,8858.231011924472
1997-01-01,4992,0.0,0.0,1.339893855,0.0,,6662.082604,9663.7682691809
1997-01-02,4993,0.0,0.0,1.30276257,0.0,,6743.2493,9994.352141539019
1997-01-03,4994,0.0,0.0,1.218544693,0.0,,6891.635814,10826.581683560986
1997-01-04,4995,0.0,0.0,1.159541899,0.0,,7011.816138,11489.147518275613
1997-01-05,4996,0.25,9.097118249,1.100513966,0.0,,7139.354938,12230.448763176446
1997-01-06,4997,0.25,4.460874638,1.072935754,0.0,,7200.792817,12607.586738504933
1997-01-07,4998,0.0,0.0,0.971849162,0.0,6.5,7416.625341,14192.407462439172
1997-01-08,4999,0.0,0.0,0.951284916,0.0,,7512.710486,14560.285194378883
1997-01-09,5000,0.0,0.0,0.947715084,0.0,,7506.0086,14625.933636319272
1997-01-10,5001,0.0,0.0,0.907818436,0.001151199,,7618.757718,15398.303970912624
1997-01-11,5002,9.0,7.260273973,1.078994413,0.157339775,,7225.150968,12522.91825311661
1997-01-12,5003,2.5,7.260273973,1.612332402,0.262382623,,6240.792274,7743.309234653354
1997-01-13,5004,0.25,7.260273973,1.305578212,0.905972331,,6717.995491,9968.560164584804
1997-01-14,5005,0.0,0.0,1.122385475,1.938089123,6.9,7083.117374,11945.788433521451
1997-01-15,5006,0.0,0.0,1.037589385,0.678504501,,7280.563768,13123.237356348935
1997-01-16,5007,0.0,0.0,1.013807263,0.450916888,,7344.095222,13492.456673361121
1997-01-17,5008,0.5,1.060843979,1.015717877,0.232696072,,7339.439752,13462.092570944384
1997-01-18,5009,0.25,3.576428304,1.006365922,0.25061201,,7360.027485,13611.92405670668
1997-01-19,5010,0.25,4.069244374,0.972653631,0.015013995,,7442.581015,14178.36300104254
1997-01-20,5011,0.25,6.976260244,0.945201117,0.306668558,,7516.793932,14672.491720326198
1997-01-21,5012,0.0,0.0,0.92926257,0.166265295,6.5,7557.541745,14974.112351662068
1997-01-22,5013,2.5,3.561643836,0.931600559,0.134896286,,7556.947604,14929.158933200004
1997-01-23,5014,0.0,0.0,0.93147486,0.308617467,,7552.686347,14931.569495366093
1997-01-24,5015,2.75,3.561643836,0.948670391,0.220808792,,7514.424154,14608.312590347632
1997-01-25,5016,0.0,0.0,0.940349162,0.835942506,,7526.537572,14763.121839400392
1997-01-26,5017,0.0,0.0,0.91196648,0.884991256,,7605.555026,15314.54132127771
1997-01-27,5018,0.0,0.0,0.894594972,0.431671666,,7653.923197,15671.027755029028
1997-01-28,5019,0.25,3.561643836,0.870234637,0.358269089,5.8,7724.57454,16197.315743556857
1997-01-29,5020,0.0,0.0,0.865106145,0.114876964,,7741.416252,16312.264582391133
1997-01-30,5021,0.0,0.0,0.850902235,0.171735889,,7781.08097,16638.578230361614
1997-01-31,5022,0.0,0.0,0.82877933,0.129609614,,7849.234626,17171.32947283063
1997-02-01,5023,3.5,1.232876712,0.861511173,0.127303821,,7756.204693,16393.737544719464
1997-02-02,5024,5.25,1.232876712,0.99372067,0.732509739,,7390.85024,13819.447863619509
1997-02-03,5025,15.75,1.232876712,1.064363128,0.184461726,,7326.404406,12729.196704203307
1997-02-04,5026,64.5,1.232876712,28.78509218,0.098037423,6.0,1115.332727,244.66049942712112
1997-02-05,5027,0.75,3.561643836,7.523673184,0.438879533,,3196.233071,1223.3282187786592
1997-02-06,5028,6.0,3.561643836,4.508748603,0.395837746,,4133.926948,2259.7140657763625
1997-02-07,5029,16.0,3.561643836,8.887801676,0.85607345,,2935.201591,1001.819207097532
1997-02-08,5030,0.0,0.0,5.170449721,0.697458495,,3888.821609,1917.7374775123526
1997-02-09,5031,28.75,3.561643836,9.276561453,0.318094782,,2898.853885,951.6944959949928
1997-02-10,5032,25.5,3.561643836,21.05281006,0.526166193,,1632.577755,356.1202139970241
1997-02-11,5033,39.0,3.561643836,21.2058352,0.162021504,6.8,1507.864692,353.0390000507541
1997-02-12,5034,56.25,5.753424658,48.33434916,0.129882783,,656.1140381,131.32619486849597
1997-02-13,5035,18.0,5.753424658,21.82774022,0.515747216,,1624.956147,341.00448024393927
1997-02-14,5036,2.75,5.753424658,9.32100838,0.565915082,,2877.492389,946.2559526962162
1997-02-15,5037,0.0,0.0,6.077363128,0.959278897,,3605.557797,1580.0634970554647
1997-02-16,5038,11.25,5.753424658,5.605039106,0.379339157,,3776.599965,1740.9449171303233
1997-02-17,5039,59.0,5.753424658,34.55914525,0.162560355,,768.6166487,196.4563719433183
1997-02-18,5040,6.25,5.753424658,18.52725419,0.448271073,7.2,1794.878341,415.12971592587036
1997-02-19,5041,28.0,11.50684932,19.66032402,0.305510391,,1632.136864,386.59357583938106
1997-02-20,5042,18.5,11.50684932,15.32888547,0.373043572,,2157.132648,521.0904900252383
1997-02-21,5043,8.5,11.50684932,13.37953073,0.668168577,,2339.990567,613.42861235275
1997-02-22,5044,5.0,11.50684932,8.214938547,0.352530215,,3107.322282,1100.9801145248098
1997-02-23,5045,20.25,11.50684932,10.05968715,0.4972488,,2803.109292,863.5649768568236
1997-02-24,5046,22.75,11.50684932,13.86409777,0.270811959,,2250.274367,587.8040215857097
1997-02-25,5047,7.0,11.50684932,11.87693296,0.571255499,8.3,2491.073577,707.6396234221021
1997-02-26,5048,15.5,10.4109589,10.92977095,0.328858475,,2667.624878,781.7990822057956
1997-02-27,5049,0.5,10.4109589,7.745053073,0.231658576,,3200.558113,1181.5309906901784
1997-02-28,5050,18.5,10.4109589,10.54156425,0.897109723,,2674.017216,816.4484785667734
1997-03-01,5051,7.5,10.4109589,7.073874302,0.377935578,,3361.788501,1317.1518730223377
1997-03-02,5052,32.0,10.4109589,24.14398324,0.986496201,,1388.126158,302.1356709719346
1997-03-03,5053,0.0,0.0,8.625067039,0.690547209,,3012.507359,1038.5167157877436
1997-03-04,5054,2.75,10.4109589,6.156553073,0.139518403,8.0,3589.464837,1555.7358708912393
1997-03-05,5055,18.0,1.780821918,6.757667598,0.233005181,,3413.618378,1391.3677206701616
1997-03-06,5056,0.0,0.0,5.895377095,1.939662555,,3648.877898,1638.6989060893175
1997-03-07,5057,1.75,1.780821918,4.726634078,0.348012181,,4065.769544,2135.475642411317
1997-03-08,5058,0.5,1.780821918,4.04698324,0.899710148,,4346.852351,2572.0300519019056
1997-03-09,5059,1.5,1.780821918,3.519452514,0.185422298,,4617.255171,3040.4865128370056
1997-03-10,5060,0.0,0.0,3.050648045,2.911862384,,4892.410381,3608.360475838727
1997-03-11,5061,0.0,0.0,2.642405028,2.937521974,7.3,5181.269627,4285.8616237791775
1997-03-12,5062,1.25,4.383561644,2.394351955,0.477303734,,5389.279157,4822.898349809928
1997-03-13,5063,5.75,4.383561644,2.196603352,0.947481728,,5576.866739,5347.334088142414
1997-03-14,5064,10.25,4.383561644,3.050547486,0.582173737,,4900.175873,3608.5029490553584
1997-03-15,5065,3.5,4.383561644,3.03601676,0.885591709,,4909.936401,3629.199275221351
1997-03-16,5066,0.25,4.383561644,2.57100838,1.405307845,,5237.236908,4428.78762513505
1997-03-17,5067,1.75,4.383561644,2.31227095,0.51992496,,5465.527893,5028.627225327142
1997-03-18,5068,18.75,4.383561644,2.775544693,0.63657529,7.1,5157.087546,4040.8205576923838
1997-03-19,5069,7.25,10.0,5.149307263,0.578556432,,3882.637876,1927.1771254420978
1997-03-20,5070,1.5,10.0,3.481039106,0.538134512,,4634.930402,3080.7231737791712
1997-03-21,5071,0.0,0.0,3.022868715,1.451214817,,4911.91243,3648.114664445331
1997-03-22,5072,7.75,10.0,2.781050279,1.889212082,,5101.25475,4031.241526882147
1997-03-23,5073,10.75,10.0,4.024885475,0.62053938,,4363.84474,2588.957610722133
1997-03-24,5074,4.25,10.0,3.40426257,0.6428438,,4685.143464,3164.1385926723833
1997-03-25,5075,7.0,10.0,3.320572626,0.317456224,7.2,4745.353787,3259.9036057626336
1997-03-26,5076,11.75,3.01369863,5.71726257,0.450065575,,3719.045773,1700.0707592197411
1997-03-27,5077,9.0,3.01369863,4.766455307,1.006158845,,4063.986971,2114.1155079440923
1997-03-28,5078,0.0,0.0,4.42950838,1.638957504,,4158.051234,2308.2358348525368
1997-03-29,5079,0.0,0.0,3.627703911,1.319995025,,4557.177688,2932.121253286681
1997-03-30,5080,0.0,0.0,3.194899441,1.859728143,,4803.803757,3414.0962860995396
1997-03-31,5081,0.0,0.0,2.800759777,3.153076894,,5063.422981,3997.2883946095035
1997-04-01,5082,0.0,0.0,2.492949721,1.172078254,,5304.226108,4595.369920357411
1997-04-02,5083,1.0,3.01369863,2.257868715,1.712251285,6.9,5511.747852,5174.058923820476
1997-04-03,5084,1.25,24.31840912,2.084530726,1.070169881,,5676.750657,5693.381440917715
1997-04-04,5085,2.5,0.799436938,1.894726257,0.790350071,,5889.279359,6382.833843225475
1997-04-05,5086,2.5,1.89397141,1.779385475,0.233700877,,6027.355693,6881.29155527769
1997-04-06,5087,0.75,4.715820334,1.674678771,0.662903833,,6155.192271,7399.489091948553
1997-04-07,5088,0.0,0.0,1.518410615,2.761482742,,6376.742052,8320.100829189703
1997-04-08,5089,0.0,0.0,1.380519553,3.394817835,6.7,6596.624704,9324.378615212958
1997-04-09,5090,0.0,0.0,1.269703911,4.170734058,,6790.77222,10306.588595432462
1997-04-10,5091,0.0,0.0,1.190513966,4.741773744,,6949.063737,11132.35995462491
1997-04-11,5092,0.0,0.0,1.137418994,3.212740053,,7057.616411,11757.084997083342
1997-04-12,5093,0.0,0.0,1.075751397,3.884836162,,7193.233003,12568.108486448658
1997-04-13,5094,0.0,0.0,1.031178771,3.980266231,,7298.340761,13220.922592715506
1997-04-14,5095,0.0,0.0,0.979541899,2.973309905,,7422.235151,14059.143567902862
1997-04-15,5096,0.0,0.0,0.94047486,1.352171798,6.5,7527.409953,14760.76095933673
1997-04-16,5097,0.0,0.0,0.89474581,4.342988834,,7649.474789,15667.866917384059
1997-04-17,5098,0.0,0.0,0.853944134,1.078159618,,7771.128286,16567.69207987412
1997-04-18,5099,0.0,0.0,0.832148045,0.778822729,,7839.246003,17088.197801383718
1997-04-19,5100,0.5,2.313555678,0.817013966,0.903953874,,7885.005392,17467.580113688502
1997-04-20,5101,0.0,0.0,0.781365922,1.775773108,,7998.585721,18425.189355445145
1997-04-21,5102,0.0,0.0,0.756175978,3.419377936,,8084.956232,19161.842678624227
1997-04-22,5103,0.0,0.0,0.728472067,2.405062039,6.6,8183.706885,20036.816417739028
1997-04-23,5104,2.0,3.698630137,0.723695531,1.58661611,,8202.209456,20195.118256907605
1997-04-24,5105,0.25,3.698630137,0.694357542,2.02698123,,8311.413945,21220.015379598623
1997-04-25,5106,28.5,3.698630137,1.673472067,0.266940109,,6063.444782,7405.877018007361
1997-04-26,5107,8.75,3.698630137,2.012128492,0.488786827,,5756.113158,5939.539951678473
1997-04-27,5108,4.0,3.698630137,1.373480447,2.536275046,,6564.208836,9381.605829686447
1997-04-28,5109,25.0,3.698630137,3.878899441,0.550223863,,4097.878681,2706.125040492753
1997-04-29,5110,0.75,3.698630137,3.3885,1.950250198,8.1,4548.592529,3181.778455151606
1997-04-30,5111,0.25,2.328767123,2.069120112,4.741991667,,5675.465125,5744.191764747893
1997-05-01,5112,0.0,0.0,1.696851955,5.252858093,,6120.368457,7283.885373234987
1997-05-02,5113,0.0,0.0,1.488494413,5.682179689,,6419.648329,8520.661318623215
1997-05-03,5114,0.75,2.328767123,1.396810056,2.553746909,,6574.933966,9194.365071472934
1997-05-04,5115,17.75,2.328767123,2.137324022,0.893640847,,5620.199964,5525.405580286851
1997-05-05,5116,23.25,2.328767123,6.331625698,0.919153129,,3374.654071,1504.320416374454
1997-05-06,5117,3.25,2.328767123,4.333575419,1.967043329,7.4,4186.568413,2369.5932939921677
1997-05-07,5118,27.0,5.890410959,5.906840782,1.635176853,,3648.800616,1634.888071341361
1997-05-08,5119,28.5,5.890410959,19.95667039,1.100955078,,1768.206964,379.71615673445933
1997-05-09,5120,1.0,5.890410959,8.607846369,1.672366539,,2995.361201,1041.0080860323633
1997-05-10,5121,10.25,5.890410959,6.084125698,1.696829574,,3619.166492,1577.9588102791686
1997-05-11,5122,14.0,5.890410959,9.431120112,2.10594319,,2878.292551,933.0250850152206
1997-05-12,5123,2.5,5.890410959,6.023337989,2.227901909,,3620.177265,1597.064090086099
1997-05-13,5124,11.0,5.890410959,6.135134078,1.812895445,7.1,3612.159414,1562.247844862889
1997-05-14,5125,0.25,1.506849315,4.673363128,3.905955097,,4073.579428,2164.6762239091904
1997-05-15,5126,0.0,0.0,3.756117318,2.87929779,,4486.430708,2812.441658988804
1997-05-16,5127,4.25,1.506849315,3.26096648,0.728578087,,4772.073782,3331.4089585610354
1997-05-17,5128,0.0,0.0,3.006905028,2.162970571,,4916.839596,3671.3251241901053
1997-05-18,5129,17.5,1.506849315,6.069368715,2.131339398,,3549.857303,1582.5582132988484
1997-05-19,5130,13.0,1.506849315,5.692952514,1.311070427,8.1,3647.827145,1708.7748141239877
1997-05-20,5131,4.25,1.095890411,5.093497207,2.115821018,,3917.883597,1952.5090824218241
1997-05-21,5132,1.25,1.095890411,4.201642458,0.937790507,,4277.593556,2459.017530740868
1997-05-22,5133,3.25,1.095890411,3.680371508,0.574437863,,4532.200471,2881.9257558891877
1997-05-23,5134,2.0,1.095890411,3.58873743,2.438900554,,4583.435451,2970.3016725304897
1997-05-24,5135,0.0,0.0,2.976360335,4.552767844,,4940.394267,3716.4986011778174
1997-05-25,5136,0.0,0.0,2.592125698,5.395696001,,5221.065604,4385.612778496109
1997-05-26,5137,0.0,0.0,2.317650838,5.988076817,,5456.016383,5014.65240219011
1997-05-27,5138,0.0,0.0,2.133678771,3.774707113,,5628.794641,5536.71071120297
1997-05-28,5139,0.0,0.0,1.911846369,4.833196736,6.9,5862.362526,6314.461976078486
1997-05-29,5140,0.0,0.0,1.725712291,6.669037422,,6089.776495,7138.295952806822
1997-05-30,5141,0.0,0.0,1.584050279,7.085346021,,6283.268274,7909.098494666254
1997-05-31,5142,0.0,0.0,1.47222905,6.731651874,,6448.732605,8633.466681818809
1997-06-01,5143,0.0,0.0,1.367572626,6.214375942,,6617.581063,9430.135308700215
1997-06-02,5144,0.0,0.0,1.270558659,6.328918076,,6792.167777,10298.290719277611
1997-06-03,5145,0.0,0.0,1.215905028,4.919430424,6.9,6900.036372,10854.717144916944
1997-06-04,5146,0.0,0.0,1.179930168,4.136700717,,6971.77414,11251.969291526348
1997-06-05,5147,4.5,5.616438356,1.171935754,2.766073482,,7001.746794,11343.88919526734
1997-06-06,5148,3.25,5.616438356,1.224452514,1.270151539,,6877.533242,10764.094289826658
1997-06-07,5149,4.5,5.616438356,1.168969274,2.092420112,,6995.101132,11378.349108799695
1997-06-08,5150,4.75,5.616438356,1.164972067,2.402933108,,6999.517491,11425.087224393976
1997-06-09,5151,1.0,5.616438356,1.077234637,2.866285628,,7189.808337,12547.403014136518
1997-06-10,5152,17.5,5.616438356,1.180432961,2.200511718,6.8,7042.48872,11246.2338480827
1997-06-11,5153,11.0,1.369863014,2.622217877,2.172313065,,4978.53697,4325.406960550578
1997-06-12,5154,2.0,1.369863014,1.433916201,1.767831722,,6487.839555,8910.306817721184
1997-06-13,5155,5.25,1.369863014,1.418078212,0.962361679,,6543.576412,9029.55479517273
1997-06-14,5156,2.25,1.369863014,1.276416201,1.232544492,,6780.219078,10241.75404842533
1997-06-15,5157,0.5,1.369863014,1.194988827,3.759024727,,6937.668155,11082.488085505085
1997-06-16,5158,0.0,0.0,1.122536313,3.4347229,,7090.77624,11943.867516206908
1997-06-17,5159,0.25,1.369863014,1.082111732,4.176029441,6.7,7179.916676,12479.759792941464
1997-06-18,5160,14.25,1.232876712,1.461243017,2.394771457,,6389.423413,8711.219832494171
1997-06-19,5161,8.0,1.232876712,2.295578212,1.982713145,,5421.796304,5072.446526534737
1997-06-20,5162,20.25,1.232876712,3.123150838,0.816771263,,4784.59136,3508.2566896272137
1997-06-21,5163,70.5,1.232876712,40.79606983,0.72948915,,834.1035179,160.97746425980893
1997-06-22,5164,0.25,1.232876712,12.41140223,2.655013731,,2364.3531,671.253060931471
1997-06-23,5165,0.0,0.0,6.116354749,1.65123097,,3575.300008,1567.9985316513603
1997-06-24,5166,2.0,1.232876712,4.18349162,2.743280758,7.2,4275.039548,2471.805699325141
1997-06-25,5167,26.75,0.821917808,8.342597765,2.197818625,,3083.096964,1080.8134679016946
1997-06-26,5168,14.25,0.821917808,11.15230726,1.006112686,,2631.586999,763.1291757405496
1997-06-27,5169,0.25,0.821917808,6.924243017,2.124527351,,3375.86791,1351.3430389645669
1997-06-28,5170,1.25,0.821917808,5.013527933,0.905936323,,3950.37425,1989.888411711187
1997-06-29,5171,0.0,0.0,3.960201117,1.98965965,,4382.764322,2639.7021590925724
1997-06-30,5172,0.0,0.0,3.264486034,1.963719281,,4757.333929,3327.107068092594
1997-07-01,5173,2.25,0.821917808,2.792614525,2.391455657,6.9,5070.603283,4011.25622673547
1997-07-02,5174,4.5,1.369863014,2.570505587,1.647625194,,5243.062996,4429.825096241309
1997-07-03,5175,8.5,1.369863014,2.959315642,2.461805644,,4952.956731,3742.152110130295
1997-07-04,5176,0.0,0.0,2.319335196,3.370039698,,5447.811432,5010.2917401063405
1997-07-05,5177,0.0,0.0,2.05348324,4.907238162,,5709.471896,5796.604795413276
1997-07-06,5178,0.0,0.0,1.864810056,6.578875338,,5920.469076,6505.622779615142
1997-07-07,5179,0.0,0.0,1.775111732,3.796970476,,6033.32032,6901.130747635503
1997-07-08,5180,0.0,0.0,1.677494413,6.289330539,6.7,6155.050769,7384.623176347006
1997-07-09,5181,3.0,1.232876712,1.624022346,4.343004708,,6233.967964,7676.6331621964455
1997-07-10,5182,0.0,0.0,1.556069832,5.672604198,,6323.79074,8079.642980678747
1997-07-11,5183,0.0,0.0,1.492793296,3.781913735,,6422.434712,8491.297960578071
1997-07-12,5184,0.0,0.0,1.452620112,2.6755762,,6484.627425,8773.153219958607
1997-07-13,5185,3.25,1.232876712,1.484120112,2.013037308,,6439.516182,8550.731603093587
1997-07-14,5186,11.5,1.232876712,1.490002793,3.367818597,,6465.110323,8510.33719777204
1997-07-15,5187,3.0,1.232876712,1.708617318,1.781703005,6.6,6076.613142,7223.881429615408
1997-07-16,5188,5.75,1.643835616,1.50000838,1.682804344,,6413.298149,8442.430815133966
1997-07-17,5189,6.25,1.643835616,1.808321229,3.062353041,,5972.569645,6749.6744492753005
1997-07-18,5190,0.0,0.0,1.397513966,4.404178916,,6565.331087,9188.822188341535
1997-07-19,5191,0.0,0.0,1.272268156,5.74419164,,6786.372002,10281.731678912587
1997-07-20,5192,0.0,0.0,1.205145251,5.052672136,,6921.197093,10970.803586783952
1997-07-21,5193,4.75,1.643835616,1.366189944,3.425158566,,6609.144833,9441.559840684746
1997-07-22,5194,0.25,1.643835616,1.221410615,4.601552259,6.1,6880.272991,10796.185757400868
1997-07-23,5195,0.5,1.232876712,1.14599162,4.954112445,,7040.475261,11651.911184041084
1997-07-24,5196,16.25,1.232876712,1.436430168,2.486020785,,6512.56493,8891.643974074479
1997-07-25,5197,0.0,0.0,1.277069832,3.425239819,,6763.78997,10235.480548800533
1997-07-26,5198,12.5,1.232876712,1.681567039,0.82649206,,6111.108235,7363.217389828069
1997-07-27,5199,0.25,1.232876712,1.400782123,4.778655542,,6527.091519,9163.167460401806
1997-07-28,5200,0.0,0.0,1.182896648,4.544796314,,6960.122054,11218.207529751255
1997-07-29,5201,15.52359023,1.232876712,1.552022346,4.745403412,5.9,6251.273494,8104.872389225686
1997-07-30,5202,0.0,0.0,1.725586592,2.820936497,,5926.204893,7138.918467427475
1997-07-31,5203,20.32582688,2.876712329,2.417681564,1.149747716,,5338.322395,4767.219841426195
1997-08-01,5204,8.55678193,2.876712329,3.00977095,1.030018228,,4933.794228,3667.1382860687663
1997-08-02,5205,0.0,0.0,2.417354749,3.456611315,,5347.57695,4767.99166977735
1997-08-03,5206,6.118314105,2.876712329,2.159371508,0.791879643,,5621.186449,5457.921871199734
1997-08-04,5207,3.2555992,2.876712329,2.170910615,1.493468012,,5591.290427,5423.202285357355
1997-08-05,5208,2.25770709,2.876712329,2.066480447,0.797208518,6.1,5700.823383,5752.9785185289575
1997-08-06,5209,6.22437589,1.917808219,2.150798883,1.920497874,,5620.600616,5483.980729143206
1997-08-07,5210,0.62990749,1.917808219,2.157460894,3.757819508,,5586.384368,5463.71001467086
1997-08-08,5211,0.0,0.0,1.856212291,4.294290372,,5930.786213,6541.716450096501
1997-08-09,5212,0.0,0.0,1.721086592,5.745109154,,6095.776858,7161.27015750682
1997-08-10,5213,0.0,0.0,1.604664804,6.445735296,,6254.569884,7787.6226517200885
1997-08-11,5214,0.0,0.0,1.526782123,2.982752186,,6369.266795,8265.52149251986
1997-08-12,5215,0.0,0.0,1.444701117,3.600413999,6.2,6494.962216,8830.74632337828
1997-08-13,5216,0.25,3.711277336,1.409782123,2.338801341,,6554.480858,9093.193033060139
1997-08-14,5217,0.25,1.220334293,1.327223464,4.417833816,,6688.980268,9774.292065337004
1997-08-15,5218,0.0,0.0,1.247958101,4.976318101,,6834.801284,10521.899055175574
1997-08-16,5219,0.0,0.0,1.172111732,5.311833341,,6984.818436,11341.850975580892
1997-08-17,5220,0.25,2.062909533,1.129424581,3.74383651,,7075.684982,11856.745644773064
1997-08-18,5221,0.0,0.0,1.078265363,4.564037557,,7186.421339,12533.051293524926
1997-08-19,5222,0.0,0.0,1.021650838,4.313238951,6.5,7319.861382,13368.59838631341
1997-08-20,5223,5.5,1.232876712,1.087667598,0.965225015,,7173.114794,12403.51340971941
1997-08-21,5224,18.5,1.232876712,1.457321229,1.174279786,,6436.518839,8739.288016048602
1997-08-22,5225,5.25,1.232876712,1.366441341,2.901344139,,6519.602777,9439.480762486193
1997-08-23,5226,19.75,1.232876712,2.838243017,1.39658217,,5023.609216,3934.144445495059
1997-08-24,5227,6.0,1.232876712,2.445108939,1.362095665,,5317.453739,4703.2524410855
1997-08-25,5228,3.0,1.232876712,1.838564246,3.662562874,,5931.640946,6616.965803174122
1997-08-26,5229,0.25,1.232876712,1.501416201,2.842448531,6.2,6397.323061,8432.9558825608
1997-08-27,5230,4.0,4.246575342,1.463480447,2.137191288,,6468.458418,8695.280563785263
1997-08-28,5231,30.0,4.246575342,4.917871508,2.242162057,,3295.453046,2036.3577593481027
1997-08-29,5232,14.25,4.246575342,9.328701117,2.280028073,,2798.077469,945.3204472483042
1997-08-30,5233,3.5,4.246575342,5.159388268,4.088677587,,3879.993022,1922.6655732879653
1997-08-31,5234,19.5,4.246575342,6.960167598,1.03469159,,3411.347053,1342.9867505676325
1997-09-01,5235,8.75,4.246575342,9.663536313,2.130094345,,2817.630733,906.1840624921955
1997-09-02,5236,1.0,4.246575342,5.477681564,2.522046492,6.1,3782.713604,1789.565315203496
1997-09-03,5237,20.25,4.109589041,8.574511173,0.567742702,,2996.323692,1045.862057266375
1997-09-04,5238,5.75,4.109589041,6.788463687,2.499658902,,3401.573788,1383.8053274030196
1997-09-05,5239,7.5,4.109589041,6.94872905,2.134389725,,3399.519241,1345.6371281071017
1997-09-06,5240,11.5,4.109589041,5.509910615,1.73849924,,3809.353436,1777.0279639794317
1997-09-07,5241,2.75,4.109589041,5.74876257,1.5353345,,3705.155355,1688.912640439175
1997-09-08,5242,0.5,4.109589041,4.540751397,1.793137613,,4134.599452,2240.6444535086353
1997-09-09,5243,0.0,0.0,3.745960894,4.073159054,6.2,4490.578404,2821.5793570857054
1997-09-10,5244,0.0,0.0,3.178784916,4.151761357,,4812.304194,3434.8380319655807
1997-09-11,5245,4.75,8.082191781,2.938851955,1.126487438,,4980.876404,3773.383514620462
1997-09-12,5246,9.5,8.082191781,3.183159218,1.540549077,,4815.395424,3429.184854202351
1997-09-13,5247,4.5,8.082191781,2.826804469,1.569358088,,5050.57001,3953.218753182009
1997-09-14,5248,0.75,8.082191781,2.554969274,2.284883177,,5249.43785,4462.104101790081
1997-09-15,5249,13.75,8.082191781,2.862276536,1.082519881,,5033.639665,3894.612616478971
1997-09-16,5250,8.0,8.082191781,3.356044693,1.123108226,6.3,4715.749818,3218.6728163068296
1997-09-17,5251,2.0,1.917808219,3.826256983,0.743069051,,4444.228778,2750.7901678256917
1997-09-18,5252,6.0,1.917808219,3.358835196,1.591195673,,4721.230999,3215.4698602386406
1997-09-19,5253,9.5,1.917808219,5.105614525,0.233734093,,3935.748322,1946.9573562895116
1997-09-20,5254,1.25,1.917808219,4.320703911,0.736500741,,4224.187172,2378.0537086503255
1997-09-21,5255,0.0,0.0,3.567142458,2.739741789,,4586.882233,2991.8559420031556
1997-09-22,5256,0.0,0.0,3.113321229,2.582334907,,4854.738499,3521.5283858389967
1997-09-23,5257,0.0,0.0,2.838368715,1.278056986,7.8,5043.173923,3933.9357761717783
1997-09-24,5258,0.0,0.0,2.597882682,2.03283364,,5220.98382,4373.9761716487055
1997-09-25,5259,0.0,0.0,2.388821229,0.474004992,,5393.522431,4836.27322656457
1997-09-26,5260,0.0,0.0,2.226997207,0.837457154,,5542.927382,5260.063227400954
1997-09-27,5261,0.0,0.0,2.067988827,1.176512758,,5697.722969,5747.954499843252
1997-09-28,5262,0.0,0.0,1.909432961,1.941727215,,5871.237496,6324.018793874757
1997-09-29,5263,3.5,2.602739726,1.854301676,0.975853285,,5939.390039,6549.787195799869
1997-09-30,5264,4.75,2.602739726,1.892061453,0.869983858,6.7,5898.275953,6393.59841709113
1997-10-01,5265,4.25,1.232876712,2.055871508,0.588011205,,5711.764245,5788.5429254248875
1997-10-02,5266,0.25,1.232876712,1.81201676,2.161923735,,5978.123111,6733.19716942704
1997-10-03,5267,1.0,1.232876712,1.681441341,0.890678452,,6151.479415,7363.876357630016
1997-10-04,5268,0.0,0.0,1.597097765,0.811754501,,6268.262514,7831.813203376939
1997-10-05,5269,0.25,1.232876712,1.517656425,1.481400915,,6383.990063,8325.050359965091
1997-10-06,5270,7.0,1.232876712,1.666558659,0.422122351,,6179.504907,7442.670380588707
1997-10-07,5271,8.45,1.232876712,2.104013966,0.923104868,6.4,5651.286657,5630.312284261215
1997-10-08,5272,27.75,3.01369863,4.359670391,0.364687505,,4280.432457,2352.609468028581
1997-10-09,5273,30.8,3.01369863,17.20458101,1.030363925,,1955.317199,453.705404913631
1997-10-10,5274,4.7,3.01369863,10.36317318,1.13630107,,2687.099207,833.3298368869036
1997-10-11,5275,24.75,3.01369863,11.79550559,0.276581372,,2525.610273,713.5019552687407
1997-10-12,5276,0.75,3.01369863,10.37617039,1.277112883,,2685.245051,832.0783372127578
1997-10-13,5277,2.6,3.01369863,6.52872067,1.349313627,7.0,3479.858508,1450.0526020152859
1997-10-14,5278,23.8,0.95890411,6.334818436,0.342858143,,3686.863776,1503.411736674624
1997-10-15,5279,8.0,0.95890411,13.88752793,0.771905149,,2203.471786,586.6147583514324
1997-10-16,5280,8.4,0.95890411,7.886312849,0.434083051,,3187.498787,1156.2055559368277
1997-10-17,5281,1.5,0.95890411,6.620606145,0.405439533,,3467.996872,1425.9641263333303
1997-10-18,5282,0.35,0.95890411,5.128818436,2.278477549,,3913.961016,1936.406558561717
1997-10-19,5283,2.85,0.95890411,4.299536313,1.525909817,,4239.249425,2392.088192308658
1997-10-20,5284,0.25,0.95890411,3.712726257,0.256254982,,4509.360648,2851.8645975911604
1997-10-21,5285,0.0,0.0,3.160759777,1.431307693,6.9,4823.587125,3458.3144369205775
1997-10-22,5286,0.0,0.0,2.808578212,0.468124485,,5061.35547,3983.9646840759533
1997-10-23,5287,0.0,0.0,2.510949721,0.700392475,,5287.990482,4555.94705019141
1997-10-24,5288,0.0,0.0,2.275717877,1.181250944,,5494.548464,5125.501380664027
1997-10-25,5289,0.25,3.448757878,2.1015,1.435726048,,5663.818649,5638.37808640135
1997-10-26,5290,0.0,0.0,1.954307263,0.359334411,,5821.158751,6150.555404771967
1997-10-27,5291,0.0,0.0,1.835547486,0.302254875,,5957.403725,6629.988039671001
1997-10-28,5292,0.0,0.0,1.698837989,0.878549581,6.7,6126.073154,7273.692461970191
1997-10-29,5293,0.0,0.0,1.615701117,1.217222547,,6242.961514,7723.986378654695
1997-10-30,5294,0.25,5.288745463,1.551695531,0.532510848,,6333.670881,8106.91584916602
1997-10-31,5295,0.25,1.150395142,1.484346369,1.462899412,,6434.052024,8549.171470086241
1997-11-01,5296,0.5,5.147637138,1.421597765,0.460295873,,6534.623988,9002.803059740916
1997-11-02,5297,1.0,14.28334516,1.399399441,0.309906861,,6572.682622,9174.005327951156
1997-11-03,5298,0.25,3.48873686,1.361011173,0.744626966,,6632.86934,9484.576467045645
1997-11-04,5299,1.25,2.135320968,1.303868715,0.175376313,6.7,6738.110521,9984.204993100577
1997-11-05,5300,3.5,3.287671233,1.349120112,0.199728804,,6658.448969,9584.720800208495
1997-11-06,5301,0.0,0.0,1.260955307,0.434442772,,6809.795349,10392.230403841771
1997-11-07,5302,9.75,3.287671233,1.256455307,0.199803394,,6877.587395,10436.792028535358
1997-11-08,5303,17.5,3.287671233,3.304055866,0.466138001,,4754.100021,3279.4338411619656
1997-11-09,5304,11.25,3.287671233,3.387368715,0.355635179,,4712.621732,3183.0514112465416
1997-11-10,5305,14.5,3.287671233,7.01472067,0.229256048,,3347.71487,1330.477088673277
1997-11-11,5306,1.25,3.287671233,5.107122905,0.266558433,6.3,3884.713492,1946.268295600175
1997-11-12,5307,0.0,0.0,3.64346648,0.672209418,,4540.016073,2916.93135170805
1997-11-13,5308,4.5,1.095890411,3.344581006,0.365255461,,4721.468677,3231.8925220421143
1997-11-14,5309,11.0,1.095890411,4.048315642,0.204407039,,4352.873844,2571.015879842827
1997-11-15,5310,3.25,1.095890411,4.154354749,0.397478224,,4297.484525,2492.5909405029756
1997-11-16,5311,10.75,1.095890411,5.595410615,0.314335623,,3727.216339,1744.535795022045
1997-11-17,5312,4.75,1.095890411,4.860150838,0.544459229,,4011.158604,2065.3717534920265
1997-11-18,5313,15.25,1.095890411,8.874980447,0.28497266,6.0,3003.068348,1003.5546433216018
1997-11-19,5314,4.25,3.424657534,6.855435754,0.41192477,,3412.856305,1367.6169639559903
1997-11-20,5315,16.25,3.424657534,8.065407821,0.30046726,,3088.403231,1125.495581780314
1997-11-21,5316,2.5,3.424657534,7.131041899,0.176094026,,3327.062092,1304.5046917799773
1997-11-22,5317,0.0,0.0,5.434189944,0.297954691,,3810.464348,1806.7431071481324
1997-11-23,5318,6.75,3.424657534,4.708206704,0.16947568,,4095.50172,2145.494525216906
1997-11-24,5319,10.75,3.424657534,7.406949721,0.097573727,,3284.09514,1246.473665856138
1997-11-25,5320,2.0,3.424657534,5.518784916,0.049050242,6.7,3787.837449,1773.6040342172769
1997-11-26,5321,0.25,1.095890411,4.721656425,0.101709851,,4066.755229,2138.173501383368
1997-11-27,5322,0.0,0.0,4.06877933,0.151017141,,4340.947676,2555.531360144774
1997-11-28,5323,60.75,1.095890411,22.70189665,0.131689399,,1487.135532,325.3100077720914
1997-11-29,5324,37.5,1.095890411,40.29568994,0.14431376,,884.3553755,163.38033299111424
1997-11-30,5325,2.25,1.095890411,13.63107821,0.13898152,,2262.544796,599.8764750683994
1997-12-01,5326,0.25,1.095890411,7.70100838,0.037139768,,3201.974644,1189.636453914192
1997-12-02,5327,0.5,1.095890411,5.567153631,0.0,6.7,3763.415994,1755.1528667712128
1997-12-03,5328,0.5,10.4109589,4.438131285,0.259067472,,4175.821311,2302.8633611779446
1997-12-04,5329,0.75,10.4109589,3.715240223,0.183256194,,4510.018959,2849.55291788534
1997-12-05,5330,0.5,10.4109589,3.29251676,0.467723018,,4749.402902,3293.2060181981356
1997-12-06,5331,1.0,10.4109589,3.010826816,0.441824121,,4920.404097,3665.5979736493973
1997-12-07,5332,7.0,10.4109589,2.920726257,0.355420366,,4992.186502,3801.4484332786396
1997-12-08,5333,17.0,10.4109589,5.681689944,0.455388094,,3717.243164,1712.835051407834
1997-12-09,5334,24.75,10.4109589,7.357575419,0.302156504,6.5,3332.98223,1256.5073650930324
1997-12-10,5335,45.0,6.02739726,37.50850559,0.252128152,5.4,844.6781762,178.06169564504083
1997-12-11,5336,18.5,6.02739726,16.29905028,0.239082303,,2090.249158,484.10886714587184
1997-12-12,5337,1.0,6.02739726,10.06290503,0.160290754,,2756.846878,863.2338679468719
1997-12-13,5338,0.0,0.0,6.691575419,0.17299935,,3441.296628,1407.8559774411874
1997-12-14,5339,0.0,0.0,5.094150838,0.472777357,,3923.679222,1952.2088713392084
1997-12-15,5340,0.25,6.02739726,4.133740223,0.205208521,,4307.318117,2507.4911850328226
1997-12-16,5341,0.0,0.0,3.519653631,0.341696922,6.7,4614.182397,3040.278388004066
1997-12-17,5342,0.0,0.0,3.081896648,0.078174789,,4876.172549,3564.581429657254
1997-12-18,5343,10.75,3.835616438,4.067748603,0.142894571,,4340.956901,2556.307200724385
1997-12-19,5344,0.0,0.0,3.218455307,0.185193456,,4783.928517,3384.186702292249
1997-12-20,5345,0.0,0.0,2.813053073,0.33673037,,5057.664854,3976.375490327897
1997-12-21,5346,0.25,3.835616438,2.572240223,0.484639381,,5242.64489,4426.247703241621
1997-12-22,5347,10.0,3.835616438,3.07503352,0.08254968,,4877.913493,3574.112877135533
1997-12-23,5348,33.0,3.835616438,13.0667933,0.192553085,6.7,1916.919298,631.0789358654308
1997-12-24,5349,9.0,33.69863014,11.97894972,0.444434442,,2487.496039,700.4184985926348
1997-12-25,5350,6.5,33.69863014,8.302550279,0.615531782,,3095.311417,1087.0665172581744
1997-12-26,5351,5.75,33.69863014,6.421550279,0.398419585,,3524.036672,1479.106628282708
1997-12-27,5352,11.0,33.69863014,6.823131285,0.174570888,,3430.884532,1375.3819432416503
1997-12-28,5353,7.5,33.69863014,6.819184358,0.146845459,,3428.930402,1376.3362036981446
1997-12-29,5354,4.0,33.69863014,5.716759777,0.019219197,,3736.236044,1700.2499572915526
1997-12-30,5355,14.5,33.69863014,6.141192737,0.272037263,,3653.746675,1560.4007802042393
1997-12-31,5356,14.0,33.69863014,15.18347765,0.342036452,,2150.681461,527.0821671703014
1998-01-01,5357,14.0,33.69863014,10.6017486,0.331959746,,2703.355,810.8938962831533
1998-01-02,5358,13.0,33.69863014,11.85956145,0.287049749,,2537.776036,708.8828545470653
1998-01-03,5359,37.25,33.69863014,33.14903631,0.720119763,,1021.679113,206.53007455464265
1998-01-04,5360,36.5,33.69863014,24.91315642,0.335246992,,1443.856496,290.9764793401639
1998-01-05,5361,4.75,33.69863014,15.47296089,0.0,,2096.989433,515.2757036428832
1998-01-06,5362,25.0,33.69863014,15.16862011,0.156371567,12.6,2164.084016,527.7015007599363
1998-01-07,5363,15.25,7.123287671,16.03747207,0.21732981,,2101.851818,493.59610057010013
1998-01-08,5364,32.25,7.123287671,30.54547207,0.319563638,,1178.990493,227.83631218300403
1998-01-09,5365,2.5,7.123287671,14.37694693,0.397676925,,2199.433933,562.7447782428285
1998-01-10,5366,0.0,0.0,8.253125698,0.9062137,,3089.48614,1094.8757084335004
1998-01-11,5367,2.5,7.123287671,6.022206704,0.435543116,,3631.210583,1597.4236658028276
1998-01-12,5368,22.0,7.123287671,9.672134078,0.230873933,,2678.555268,905.2183031073976
1998-01-13,5369,19.25,7.123287671,12.78005028,0.064013108,10.4,2432.329869,648.098517268881
1998-01-14,5370,15.5,6.712328767,14.81867598,0.256675188,,2195.056053,542.684246209908
1998-01-15,5371,21.25,6.712328767,13.30340782,0.408152809,,2398.158853,617.6408875189838
1998-01-16,5372,8.5,6.712328767,13.89627654,0.221249818,,2264.740844,586.1718284461717
1998-01-17,5373,7.75,6.712328767,9.25722905,0.295431728,,2922.954714,954.0779334854492
1998-01-18,5374,61.75,6.712328767,34.60733799,0.231732542,,994.2934174,196.12801807362524
1998-01-19,5375,1.0,6.712328767,15.97867039,0.218270626,,1997.481797,495.7758366616606
1998-01-20,5376,0.0,0.0,8.213782123,0.298106517,10.0,3097.739568,1101.165947924464
1998-01-21,5377,2.25,7.123287671,6.207988827,0.215133558,,3582.243324,1540.2994856375954
1998-01-22,5378,1.0,7.123287671,5.140332402,0.18080545,,3912.613044,1931.210007651544
1998-01-23,5379,0.0,0.0,4.224946927,0.180095037,,4265.652367,2442.775276177462
1998-01-24,5380,0.25,7.123287671,3.622826816,0.477156755,,4560.878462,2936.850580450077
1998-01-25,5381,0.0,0.0,3.171418994,0.390242692,,4818.845672,3444.3961804530163
1998-01-26,5382,0.0,0.0,2.812600559,0.289788311,,5057.189264,3977.141731343836
1998-01-27,5383,0.0,0.0,2.541318436,0.123175398,8.7,5265.400516,4490.823719647661
1998-01-28,5384,0.0,0.0,2.300203911,0.170723032,,5472.676199,5060.233856989767
1998-01-29,5385,0.0,0.0,2.114924581,0.076057755,,5648.409483,5595.550632295911
1998-01-30,5386,0.25,1.219609744,1.937287709,0.155372114,,5838.036652,6215.306531591773
1998-01-31,5387,0.25,10.92331395,1.784614525,0.090948372,,6016.785093,6857.159623995945
1998-02-01,5388,0.0,0.0,1.643078212,0.636108285,,6201.476647,7570.175128364756
1998-02-02,5389,0.5,10.62884262,1.546541899,0.736761113,,6339.102109,8139.2651273800075
1998-02-03,5390,0.25,11.17467491,1.438969274,0.880911568,8.1,6503.168465,8872.867175439509
1998-02-04,5391,2.5,4.520547945,1.433639665,0.520290997,,6515.372253,8912.36411571214
1998-02-05,5392,1.0,4.520547945,1.339290503,0.373877779,,6671.927697,9668.979254868667
1998-02-06,5393,24.25,4.520547945,2.655125698,0.512213347,,4965.572441,4261.281681495044
1998-02-07,5394,7.5,4.520547945,4.753382682,0.373908254,,3838.903376,2121.0843237534355
1998-02-08,5395,0.0,0.0,2.715863128,0.578242483,,5111.799883,4147.400715110239
1998-02-09,5396,4.25,4.520547945,2.360162011,0.436960626,,5421.751332,4906.683060223548
1998-02-10,5397,17.5,4.520547945,4.558374302,0.300876559,8.8,4043.453044,2230.268973048201
1998-02-11,5398,0.25,1.917808219,4.578460894,0.31233445,,4076.151135,2218.54996479832
1998-02-12,5399,0.0,0.0,3.487072626,0.446337117,,4631.767812,3074.3387970207023
1998-02-13,5400,0.0,0.0,3.039837989,0.910905134,,4900.826897,3623.7355788904442
1998-02-14,5401,0.0,0.0,2.659550279,1.900365899,,5168.963373,4252.79265780152
1998-02-15,5402,1.25,1.917808219,2.394150838,1.829828646,,5390.096452,4823.383519178382
1998-02-16,5403,1.75,1.917808219,2.238134078,0.312625716,,5529.639218,5228.736752857422
1998-02-17,5404,0.0,0.0,2.047374302,1.498214686,9.7,5718.61297,5817.320223697456
1998-02-18,5405,0.0,0.0,1.877128492,1.064943618,,5906.698709,6454.542050712987
1998-02-19,5406,0.75,5.753424658,1.766513966,0.504396085,,6042.103722,6941.362021414228
1998-02-20,5407,1.0,5.753424658,1.664949721,0.956212165,,6174.111415,7451.281336880016
1998-02-21,5408,11.0,5.753424658,2.098634078,0.691860063,,5669.706885,5647.5989939683
1998-02-22,5409,7.25,5.753424658,2.358804469,0.959265721,,5425.795085,4910.064897514953
1998-02-23,5410,3.0,5.753424658,2.197256983,0.304274014,,5570.342425,5345.429385260657
1998-02-24,5411,0.0,0.0,1.957877095,0.77521026,8.3,5813.388733,6137.130717483007
1998-02-25,5412,0.0,0.0,1.81877933,1.241823077,,5977.354909,6703.235207862865
1998-02-26,5413,8.0,3.01369863,2.004662011,0.402064278,,5773.818907,5966.037333187334
1998-02-27,5414,11.75,3.01369863,2.484100559,0.692047565,,5313.06064,4614.981182039471
1998-02-28,5415,7.25,3.01369863,2.982670391,0.520447853,,4908.11827,3707.0831621897487
1998-03-01,5416,16.0,3.01369863,4.560586592,0.566610206,,4089.464201,2228.9727106709142
1998-03-02,5417,28.5,3.01369863,15.01242737,0.502805167,,2015.025987,534.2939736782726
1998-03-03,5418,113.25,3.01369863,76.54052514,0.486815013,6.3,174.435251,75.61175203271388
1998-03-04,5419,13.5,2.328767123,34.63918994,0.977049661,,747.9060393,195.91155113230022
1998-03-05,5420,17.0,2.328767123,12.31760615,0.787572977,,2478.735986,677.3878094782985
1998-03-06,5421,103.25,2.328767123,101.0016453,0.41930649,,-94.53616632,54.18722839332537
1998-03-07,5422,14.75,2.328767123,29.35840223,0.910085722,,1094.136798,238.9375161838935
1998-03-08,5423,2.75,2.328767123,13.46100838,0.904925409,,2288.456997,608.9780220651791
1998-03-09,5424,2.0,2.328767123,7.789701117,1.091695996,,3184.5073,1173.4172443964694
1998-03-10,5425,15.25,2.328767123,7.084709497,0.479738751,7.9,3390.652978,1314.7375745466404
1998-03-11,5426,4.75,12.73972603,7.924399441,1.617749055,,3134.423404,1149.5469642619382
1998-03-12,5427,4.75,12.73972603,5.669497207,0.646388115,,3741.529673,1717.2506059083844
1998-03-13,5428,0.5,12.73972603,4.711751397,0.895548551,,4066.171603,2143.560602463133
1998-03-14,5429,0.0,0.0,3.897377095,1.655389376,,4417.420801,2690.761501595901
1998-03-15,5430,0.0,0.0,3.352223464,0.746544606,,4709.696337,3223.0683496351558
1998-03-16,5431,0.0,0.0,2.943502793,0.848680738,,4966.092352,3766.243578222693
1998-03-17,5432,0.0,0.0,2.629608939,0.609707532,7.8,5193.855192,4310.850952471412
1998-03-18,5433,0.0,0.0,2.341986034,1.36945759,,5431.487745,4952.31939941836
1998-03-19,5434,0.25,14.59881107,2.12772067,2.270711905,,5635.369901,5555.280371879737
1998-03-20,5435,0.0,0.0,1.948952514,0.644186834,,5825.730141,6170.793730120213
1998-03-21,5436,0.0,0.0,1.77903352,0.885485479,,6022.855893,6882.921414782324
1998-03-22,5437,0.0,0.0,1.64101676,1.327000294,,6203.717064,7581.560766056962
1998-03-23,5438,0.0,0.0,1.53897486,0.672474938,,6350.101531,8187.194625113081
1998-03-24,5439,18.0,10.12492366,1.761636872,0.565196438,7.3,6127.863144,6964.375023520137
1998-03-25,5440,30.25,0.273972603,6.903201117,0.528255134,,3468.177572,1356.281920751696
1998-03-26,5441,36.75,0.273972603,26.82615922,0.423907291,,1306.589223,266.2561378318034
1998-03-27,5442,1.5,0.273972603,8.828798883,1.204359523,,2942.923769,1009.8515462349268
1998-03-28,5443,0.25,0.273972603,5.262134078,2.07029963,,3849.220226,1877.7655215460763
1998-03-29,5444,2.5,0.273972603,4.044444134,0.419231757,,4347.641057,2573.9647521804027
1998-03-30,5445,0.5,0.273972603,3.327486034,1.119064982,,4717.877508,3251.792061577695
1998-03-31,5446,0.0,0.0,2.808,3.326821672,7.5,5057.188133,3984.9472480284376
1998-04-01,5447,5.25,2.465753425,2.531438547,0.282987171,,5284.116683,4511.822050772782
1998-04-02,5448,12.5,2.465753425,2.952050279,1.902489577,,5071.620301,3753.185959145472
1998-04-03,5449,7.75,2.465753425,4.248678771,1.080780275,,4184.752658,2426.436219295031
1998-04-04,5450,29.25,2.465753425,12.30134078,0.565891419,,2460.326836,678.4621147625821
1998-04-05,5451,15.5,2.465753425,18.04014804,0.829195908,,1908.991839,428.6132532973012
1998-04-06,5452,0.5,2.465753425,8.763460894,1.398618142,,2970.40253,1018.8851255112315
1998-04-07,5453,2.25,2.465753425,5.633773743,1.72898582,7.4,3734.735913,1730.3086859497732
1998-04-08,5454,15.75,2.191780822,6.588603352,0.4848142,,3484.841216,1434.2701222797307
1998-04-09,5455,3.5,2.191780822,5.996564246,0.254502728,,3637.605923,1605.6140454643373
1998-04-10,5456,1.25,2.191780822,4.72877095,0.752174325,,4062.102357,2134.3193845333935
1998-04-11,5457,8.25,2.191780822,4.33048324,0.830517087,,4231.696828,2371.6207343187903
1998-04-12,5458,1.75,2.191780822,3.801368715,1.653000431,,4467.083999,2772.380472654109
1998-04-13,5459,2.0,2.191780822,3.392421788,2.002445002,,4692.995604,3177.37276063265
1998-04-14,5460,9.75,2.191780822,3.533405028,1.085275,7.2,4621.109874,3026.109542794488
1998-04-15,5461,9.0,2.191780822,3.735955307,1.607275053,,4508.549738,2830.634731212563
1998-04-16,5462,6.75,2.191780822,3.876184358,1.128737525,,4440.211094,2708.396101485544
1998-04-17,5463,0.0,0.0,3.513092179,2.797904746,,4617.87038,3047.0819768786646
1998-04-18,5464,0.25,2.191780822,3.089941341,2.800456103,,4870.021705,3553.4682307446747
1998-04-19,5465,11.0,2.191780822,3.485337989,0.359693317,,4646.02312,3076.1718184134397
1998-04-20,5466,7.75,2.191780822,4.597114525,1.50058499,,4113.996313,2207.7676997168437
1998-04-21,5467,9.0,2.191780822,4.145203911,0.479023646,7.1,4341.550946,2499.185099833665
1998-04-22,5468,4.5,2.876712329,4.61775419,0.745741347,,4101.894423,2195.9489422778215
1998-04-23,5469,3.25,2.876712329,4.299636872,0.690077994,,4243.649348,2392.0211609985936
1998-04-24,5470,5.0,2.876712329,4.417717877,2.395095872,,4194.382651,2315.6191723981638
1998-04-25,5471,10.5,2.876712329,4.273918994,2.209974129,,4267.117677,2409.277294074446
1998-04-26,5472,23.75,2.876712329,12.6603352,1.574388885,,2424.366826,655.4552864949695
1998-04-27,5473,0.25,2.876712329,7.272879888,3.293416312,,3287.387749,1274.0679505029593
1998-04-28,5474,1.75,2.876712329,5.219120112,2.091146185,7.3,3878.346792,1896.3263362709488
1998-04-29,5475,3.5,5.342465753,4.214815642,2.51845697,,4275.322972,2449.8121194619375
1998-04-30,5476,0.0,0.0,3.585620112,1.988226955,,4573.206209,2973.395503520174
1998-05-01,5477,0.0,0.0,3.057812849,4.830408194,,4887.618891,3598.2357837228515
1998-05-02,5478,0.0,0.0,2.661812849,4.426229081,,5167.059975,4248.463656559177
1998-05-03,5479,0.0,0.0,2.360865922,4.768320052,,5414.1732,4904.931195743735
1998-05-04,5480,0.5,5.342465753,2.19222905,1.698057817,,5576.644326,5360.1130650222985
1998-05-05,5481,37.5,5.342465753,6.689287709,0.493175151,6.9,3096.651851,1408.4331139230594
1998-05-06,5482,8.25,4.109589041,7.414743017,1.913528677,,3202.894016,1244.9033498765648
1998-05-07,5483,2.0,4.109589041,4.895019553,1.558526233,,3989.880751,2047.7546789352286
1998-05-08,5484,0.75,4.109589041,3.835709497,3.860505878,,4447.468925,2742.670832752978
1998-05-09,5485,0.0,0.0,3.298575419,3.334823897,,4740.326838,3285.961677902474
1998-05-10,5486,9.75,4.109589041,3.365547486,1.25389663,,4705.134514,3207.7893462042744
1998-05-11,5487,1.75,4.109589041,3.182379888,0.453079772,,4812.693065,3430.1907802322276
1998-05-12,5488,0.25,4.109589041,2.868837989,2.848668247,7.2,5018.694058,3883.9463023285725
1998-05-13,5489,0.0,0.0,2.567790503,3.536943989,,5242.497201,4435.43515570287
1998-05-14,5490,2.0,4.958866637,2.385678771,3.173287088,,5397.10692,4843.902937172068
1998-05-15,5491,0.0,0.0,2.16751676,4.860472871,,5595.877741,5433.371786608453
1998-05-16,5492,0.0,0.0,1.942290503,5.595697188,,5829.559479,6196.1439975422745
1998-05-17,5493,0.0,0.0,1.777550279,5.498153606,,6026.003861,6889.797905986592
1998-05-18,5494,0.0,0.0,1.641695531,6.171330716,,6201.768345,7577.808368078675
1998-05-19,5495,0.0,0.0,1.520874302,5.152508531,6.8,6374.658969,8303.969923831759
1998-05-20,5496,0.0,0.0,1.416921788,5.889400578,,6538.500316,9038.376502160601
1998-05-21,5497,0.0,0.0,1.342784916,4.748765765,,6663.255772,9638.870304697299
1998-05-22,5498,0.0,0.0,1.260905028,3.47011552,,6810.26688,10392.726366854
1998-05-23,5499,0.0,0.0,1.211581006,1.963947684,,6910.379777,10901.096636876231
1998-05-24,5500,0.0,0.0,1.173569832,2.534897304,,6983.208635,11324.988724852274
1998-05-25,5501,0.0,0.0,1.124597765,2.394376375,,7086.722739,11917.67168083172
1998-05-26,5502,5.5,1.232876712,1.116301676,1.651386083,,7107.428187,12023.74067924536
1998-05-27,5503,5.0,1.232876712,1.115421788,2.08118884,,7116.209802,12035.092054630479
1998-05-28,5504,0.25,1.232876712,1.070120112,3.65847803,,7195.260181,12647.293115936835
1998-05-29,5505,0.75,1.232876712,0.989396648,3.271081993,,7394.510873,13891.747371333993
1998-05-30,5506,0.0,0.0,0.914581006,5.586221716,,7596.514246,15262.173858850263
1998-05-31,5507,1.75,1.232876712,0.905756983,2.554913582,,7621.76681,15440.244868766942
1998-06-01,5508,3.5,1.232876712,0.886726257,3.057496116,,7678.908791,15837.556148708361
1998-06-02,5509,39.25,1.232876712,5.205418994,0.412318751,5.8,3550.256928,1902.309266783841
1998-06-03,5510,3.5,0.821917808,1.942265363,1.617378384,,5790.141405,6196.240021954882
1998-06-04,5511,0.0,0.0,1.517958101,4.235954574,,6364.828312,8323.069899576956
1998-06-05,5512,3.75,0.821917808,1.366164804,1.877189108,,6633.886644,9441.767797195685
1998-06-06,5513,6.75,0.821917808,1.471022346,1.219924085,,6466.585737,8641.944743268157
1998-06-07,5514,7.0,0.821917808,1.869209497,1.954448363,,5921.430752,6487.294782714511
1998-06-08,5515,34.75,0.821917808,11.25226257,0.823475999,,1976.233329,755.007161337491
1998-06-09,5516,8.5,0.821917808,7.492575419,1.871671191,5.4,3222.744303,1229.417264888578
1998-06-10,5517,18.5,2.602739726,8.987731844,2.792520297,,2930.305789,988.4793558704959
1998-06-11,5518,8.5,2.602739726,8.397829609,3.576517478,,3063.747136,1072.2969858916927
1998-06-12,5519,1.0,2.602739726,5.151243017,4.150475561,,3890.41243,1926.309312336616
1998-06-13,5520,20.25,2.602739726,7.766120112,1.042230973,,3187.728389,1177.6897700255815
1998-06-14,5521,1.75,2.602739726,6.243385475,2.269188369,,3553.578421,1529.8388345606443
1998-06-15,5522,0.0,0.0,4.616522346,2.472081636,,4099.064153,2196.651067527282
1998-06-16,5523,0.25,2.602739726,3.687435754,4.496684793,6.4,4517.695454,2875.312826000242
1998-06-17,5524,24.0,0.684931507,5.081681564,1.629926835,,3978.46099,1957.950610909806
1998-06-18,5525,43.75,0.684931507,25.95695531,1.662763395,,1412.779035,276.99171776905627
1998-06-19,5526,0.0,0.0,12.10158101,6.219941998,,2426.758588,691.9151505615026
1998-06-20,5527,3.0,0.684931507,6.763122905,1.274715588,,3418.565954,1390.0225805064383
1998-06-21,5528,2.25,0.684931507,4.84127095,2.984166958,,4010.04013,2075.0270422899075
1998-06-22,5529,8.75,0.684931507,4.122351955,2.420798961,,4322.142586,2515.792889581442
1998-06-23,5530,22.25,0.684931507,9.50553352,2.338317017,5.0,2876.589944,924.2742709302238
1998-06-24,5531,10.75,1.506849315,8.589041899,2.219526083,,3042.282715,1043.7411327227132
1998-06-25,5532,29.0,1.506849315,12.10002235,2.226738868,,2439.334986,692.0220409426256
1998-06-26,5533,25.75,1.506849315,19.18965922,1.461018244,,1853.951174,397.99748917139664
1998-06-27,5534,8.25,1.506849315,15.89945531,2.150673883,,2089.336738,498.74031763119183
1998-06-28,5535,3.25,1.506849315,8.606136872,3.80032888,,3016.406376,1041.2560024236786
1998-06-29,5536,1.0,1.506849315,6.112835196,2.233623778,,3605.151936,1569.0806249849552
1998-06-30,5537,2.25,1.506849315,4.868346369,2.115229126,6.1,4003.529769,2061.2061135305134
1998-07-01,5538,0.0,0.0,3.932195531,3.918679706,,4398.644338,2662.241908142064
1998-07-02,5539,0.0,0.0,3.358684358,2.160988287,,4705.285103,3215.6428435316375
1998-07-03,5540,0.0,0.0,2.888547486,4.826532807,,4999.965961,3852.226402754129
1998-07-04,5541,0.25,4.644918879,2.566583799,1.593349556,,5243.82601,4437.932700347314
1998-07-05,5542,2.75,1.844401392,2.320994413,2.335420799,,5454.867079,5006.002961873644
1998-07-06,5543,0.5,1.815992234,2.134307263,1.865830318,,5626.13558,5534.75852344471
1998-07-07,5544,0.0,0.0,1.858801676,4.097480685,6.3,5922.428723,6530.807546515379
1998-07-08,5545,6.25,2.191780822,1.73549162,1.711940529,,6092.304063,7090.168006941813
1998-07-09,5546,15.0,2.191780822,3.480837989,2.002223187,,4574.951033,3080.936404736518
1998-07-10,5547,4.25,2.191780822,2.234187151,3.160934523,,5534.955196,5239.799673699677
1998-07-11,5548,21.5,2.191780822,4.182913408,1.367528895,,4132.694477,2472.2150826779343
1998-07-12,5549,27.25,2.191780822,15.39688827,1.482239476,,2115.336798,518.331035910021
1998-07-13,5550,8.75,2.191780822,7.524276536,1.661851837,,3242.725951,1223.2106273452935
1998-07-14,5551,7.0,2.191780822,6.127918994,1.109219629,,3612.510218,1564.4526974450991
1998-07-15,5552,1.5,2.191780822,5.142544693,3.204764445,,3899.605196,1930.2144713187922
1998-07-16,5553,0.0,0.0,4.086175978,4.226718771,,4325.936317,2542.50155118405
1998-07-17,5554,6.25,2.191780822,3.581648045,2.84162485,,4584.926176,2977.3462161470025
1998-07-18,5555,0.25,2.191780822,3.074153631,2.7142627,,4874.730216,3575.338239870735
1998-07-19,5556,2.75,2.191780822,2.775695531,1.907284846,,5085.865898,4040.557562308881
1998-07-20,5557,17.75,2.191780822,3.937675978,1.485785351,,4413.099502,2657.8033542853505
1998-07-21,5558,27.0,2.191780822,7.89599162,1.726959043,5.9,2992.769208,1154.5067478004055
1998-07-22,5559,5.25,3.561643836,9.916843575,1.711718632,,2684.110969,878.5012560455824
1998-07-23,5560,7.5,3.561643836,8.245634078,1.67430395,,3110.379909,1096.0683822330984
1998-07-24,5561,0.25,3.561643836,5.570924581,3.293409491,,3756.923669,1753.7291541713598
1998-07-25,5562,0.0,0.0,4.356879888,3.168415006,,4209.227601,2354.4149865136073
1998-07-26,5563,4.5,3.561643836,3.821505587,1.212301568,,4463.562585,2754.8880960427064
1998-07-27,5564,0.5,3.561643836,3.320497207,2.777206867,,4724.192036,3259.992299946437
1998-07-28,5565,8.75,3.561643836,3.545949721,2.083127479,5.9,4608.176657,3013.289292150611
1998-07-29,5566,17.5,1.506849315,6.006796089,1.78553996,,3614.011936,1602.3367103764267
1998-07-30,5567,36.0,1.506849315,20.43047765,1.01869634,,1755.526477,369.17513668983565
1998-07-31,5568,5.5,1.506849315,11.45921229,1.001190801,,2562.00322,738.6854484817757
1998-08-01,5569,3.5,1.506849315,8.062365922,2.265062966,,3136.936474,1126.0046775335777
1998-08-02,5570,0.25,1.506849315,5.89801676,3.494409734,,3661.67234,1637.8199685951163
1998-08-03,5571,39.0,1.506849315,17.10879888,0.548497484,,1868.202072,456.75422603888035
1998-08-04,5572,0.0,0.0,10.49804749,2.207478879,5.3,2668.476218,820.5083878650297
1998-08-05,5573,0.25,2.270282338,6.480150838,4.335466625,,3492.793119,1463.0891073769965
1998-08-06,5574,0.0,0.0,4.998670391,2.310840672,,3958.928927,1996.9779940068736
1998-08-07,5575,0.0,0.0,4.130120112,2.885165168,,4309.359054,2510.124684236916
1998-08-08,5576,0.0,0.0,3.491547486,5.805357126,,4629.034226,3069.619371026088
1998-08-09,5577,0.25,1.577896981,3.015603352,4.779059371,,4915.440205,3658.644696321593
1998-08-10,5578,0.0,0.0,2.698240223,2.192262293,,5141.76918,4179.863430401306
1998-08-11,5579,0.0,0.0,2.384371508,5.076185091,6.3,5393.403645,4847.083404027068
1998-08-12,5580,6.0,1.780821918,2.329416201,1.222742337,,5449.601532,4984.33759335285
1998-08-13,5581,1.75,1.780821918,2.130159218,1.40681476,,5636.634848,5547.666338467794
1998-08-14,5582,30.0,1.780821918,5.150765363,0.834242802,,3666.639903,1926.5233816216328
1998-08-15,5583,0.0,0.0,4.357458101,4.011792479,,4079.215071,2354.040660962128
1998-08-16,5584,0.0,0.0,2.933849162,2.302707843,,4965.225451,3781.0915332666004
1998-08-17,5585,9.75,1.780821918,3.250432961,2.418509415,,4769.281778,3344.3450591622054
1998-08-18,5586,0.25,1.780821918,2.653642458,3.942311521,5.9,5169.991172,4264.134392703171
1998-08-19,5587,0.5,1.643835616,2.375748603,3.639216958,,5406.241925,4868.158578493812
1998-08-20,5588,33.25,1.643835616,4.404670391,1.656383157,,4234.44907,2323.8402784903647
1998-08-21,5589,10.5,1.643835616,12.81642737,2.399341625,,2224.219191,645.892972752344
1998-08-22,5590,0.5,1.643835616,5.128969274,2.132806558,,3894.928062,1936.3383157425044
1998-08-23,5591,56.5,1.643835616,28.33655028,0.700541815,,1020.920515,249.31586103583504
1998-08-24,5592,0.75,1.643835616,11.71267039,3.483539755,,2468.859346,719.557638372761
1998-08-25,5593,12.0,1.643835616,7.053586592,1.401259051,5.9,3389.11753,1321.6943050900536
1998-08-26,5594,3.5,1.232876712,7.649120112,1.601718507,,3202.177858,1199.3170479953692
1998-08-27,5595,0.0,0.0,5.095583799,3.628122204,,3918.914214,1951.5510120450795
1998-08-28,5596,0.0,0.0,4.110812849,1.977893249,,4317.881586,2524.256105370578
1998-08-29,5597,0.0,0.0,3.461455307,3.443716939,,4645.315579,3101.614338472455
1998-08-30,5598,0.0,0.0,2.979276536,3.531728896,,4939.507342,3712.141798381479
1998-08-31,5599,3.25,1.232876712,2.707391061,0.976612641,,5140.422515,4162.948962251527
1998-09-01,5600,2.25,1.232876712,2.539181564,2.021289906,6.1,5262.872587,4495.350133936378
1998-09-02,5601,0.0,0.0,2.190846369,2.712301441,,5571.3518,5364.16405344869
1998-09-03,5602,0.0,0.0,1.967555866,3.865852546,,5801.851752,6101.001846294823
1998-09-04,5603,14.5,1.506849315,2.491541899,0.744986872,,5239.494739,4598.4796617819475
1998-09-05,5604,0.25,1.506849315,2.330773743,2.783253837,,5399.587838,4980.861355905726
1998-09-06,5605,2.5,1.506849315,1.950108939,0.964364954,,5827.444721,6166.412676552451
1998-09-07,5606,13.5,1.506849315,2.507631285,1.007075185,,5274.545239,4563.168224904674
1998-09-08,5607,13.5,1.506849315,5.327069832,1.804194886,5.1,3800.017044,1850.3685156509014
1998-09-09,5608,30.5,4.109589041,16.75669274,1.164554148,,1897.491453,468.29190253859815
1998-09-10,5609,61.0,4.109589041,33.08269274,1.190660028,,964.5584579,207.0273246179479
1998-09-11,5610,11.75,4.109589041,24.95413408,1.137375256,,1329.922139,290.40317233670316
1998-09-12,5611,53.0,4.109589041,29.49053631,1.833045283,,1205.391423,237.653170636882
1998-09-13,5612,2.75,4.109589041,19.20232961,2.775852733,,1681.677297,397.68243720917417
1998-09-14,5613,3.5,4.109589041,8.818265363,1.358314196,,2976.253726,1011.297956870966
1998-09-15,5614,12.0,4.109589041,7.410519553,0.751049761,5.6,3296.863732,1245.753909392608
1998-09-16,5615,0.0,0.0,5.917022346,2.079272881,,3649.513755,1631.5170506688764
1998-09-17,5616,1.0,1.780821918,4.588717877,2.55120949,,4114.610921,2212.6092531935724
1998-09-18,5617,11.0,1.780821918,4.724446927,0.745992566,,4072.537755,2136.660296270037
1998-09-19,5618,2.25,1.780821918,4.157346369,1.131915809,,4299.850086,2490.44207423478
1998-09-20,5619,0.25,1.780821918,3.511960894,3.590995045,,4618.529482,3048.257832454935
1998-09-21,5620,0.0,0.0,3.129561453,1.298162471,,4846.564025,3499.6505612217024
1998-09-22,5621,0.0,0.0,2.824013966,1.458862475,5.9,5049.993089,3957.8978042575422
1998-09-23,5622,0.0,0.0,2.505318436,1.860714079,,5292.463212,4568.21359059808
1998-09-24,5623,0.0,0.0,2.301837989,0.27523014,,5472.065962,5055.932484166877
1998-09-25,5624,0.5,0.95890411,2.13677095,0.4198969,,5629.352604,5527.118113801225
1998-09-26,5625,17.75,0.95890411,3.587706704,0.245327882,,4349.583712,2971.3239791020137
1998-09-27,5626,0.5,0.95890411,3.603368715,0.506402868,,4474.42145,2955.8591734426436
1998-09-28,5627,0.0,0.0,2.644667598,0.911474517,,5176.148188,4281.470705891679
1998-09-29,5628,8.25,0.95890411,2.347215084,1.67148501,6.0,5444.436991,4939.110726984996
1998-09-30,5629,13.25,1.232876712,5.617181564,0.62791717,,3755.992876,1736.4357539172065
1998-10-01,5630,2.0,1.232876712,3.759134078,0.575529627,,4482.262416,2809.7379380867633
1998-10-02,5631,0.5,1.232876712,3.263178771,0.279086351,,4764.241556,3328.703723290527
1998-10-03,5632,0.0,0.0,2.933044693,1.424504449,,4975.320536,3782.333709143404
1998-10-04,5633,0.5,1.232876712,2.670310056,0.746794237,,5164.571332,4232.277789112135
1998-10-05,5634,0.75,1.232876712,2.424293296,0.634721171,,5363.281448,4751.654204796929
1998-10-06,5635,0.75,1.232876712,2.263148045,0.21334588,6.1,5507.430229,5159.60921431238
1998-10-07,5636,0.0,0.0,2.072111732,1.573563785,,5691.414734,5734.263162703724
1998-10-08,5637,0.0,0.0,1.892111732,2.126228668,,5889.591508,6393.395005000144
1998-10-09,5638,16.25,2.876712329,3.069125698,0.650773419,,4710.361711,3582.3551139464216
1998-10-10,5639,7.5,2.876712329,2.678304469,0.855225782,,5143.835306,4217.152626708779
1998-10-11,5640,13.25,2.876712329,5.641893855,1.865904176,,3681.06146,1727.3245645630436
1998-10-12,5641,0.0,0.0,3.435812849,1.406758988,,4645.283376,3129.364431023123
1998-10-13,5642,21.0,2.876712329,5.405731844,0.246866099,5.7,3821.441129,1818.1476198489108
1998-10-14,5643,27.5,3.287671233,24.04060894,1.200587775,,1348.391719,303.6953612074576
1998-10-15,5644,0.25,3.287671233,7.559472067,0.730424678,,3213.703508,1216.3868141745684
1998-10-16,5645,63.0,3.287671233,33.08221508,0.253869393,,797.0744528,207.0309126686427
1998-10-17,5646,8.75,3.287671233,19.30047486,0.256529815,,1724.98737,395.2574340680251
1998-10-18,5647,3.5,3.287671233,8.883301676,1.251754413,,2963.795778,1002.4276841347396
1998-10-19,5648,7.5,3.287671233,6.585259777,0.694537513,,3480.955923,1435.1430321226044
1998-10-20,5649,11.75,3.287671233,5.809600559,0.318825512,5.7,3755.337943,1667.7382745986615
1998-10-21,5650,12.25,20.95890411,12.82318994,0.585250381,,2358.689926,645.4844738721899
1998-10-22,5651,67.0,20.95890411,33.46639944,0.845753286,,915.5324527,204.18138518839058
1998-10-23,5652,38.0,20.95890411,45.53253352,0.334668082,,610.0841615,141.0882672643964
1998-10-24,5653,55.25,20.95890411,40.88001117,0.349054228,,814.5706342,160.58070388141385
1998-10-25,5654,20.5,20.95890411,25.16249162,0.724048422,,1413.190786,287.5198426567125
1998-10-26,5655,21.25,20.95890411,14.25969553,0.632330598,,2323.118574,568.2994049306355
1998-10-27,5656,75.75,20.95890411,55.63558659,0.263283329,17.1,444.1456135,110.91356159488359
1998-10-28,5657,7.75,8.219178082,24.69024302,1.048097121,,1327.657844,294.1318745450034
1998-10-29,5658,13.0,8.219178082,11.50280447,0.70325886,,2593.221299,735.3296582287353
1998-10-30,5659,8.5,8.219178082,10.90168994,0.852693444,,2658.3757,784.2145445068422
1998-10-31,5660,20.0,8.219178082,11.62747207,0.067173104,,2581.765747,725.8850846315056
1998-11-01,5661,6.75,8.219178082,9.477879888,0.529025434,,2873.925343,927.508630792586
1998-11-02,5662,17.5,8.219178082,12.15605866,0.153020399,,2507.181515,688.1980858813629
1998-11-03,5663,2.23117404,8.219178082,9.359346369,0.128991083,9.2,2880.375045,941.6104846534811
1998-11-04,5664,7.805024305,10.68493151,7.094840782,0.379027554,,3360.482491,1312.4874511792987
1998-11-05,5665,10.33456053,10.68493151,8.583259777,0.477747155,,3058.961763,1044.5841537439942
1998-11-06,5666,4.480623915,10.68493151,7.2495,0.543485575,,3322.069879,1278.994947450965
1998-11-07,5667,0.60585984,10.68493151,5.760075419,0.613357965,,3710.688492,1684.9380524554124
1998-11-08,5668,22.90194107,10.68493151,7.576039106,0.566922239,,3378.276826,1213.1988579883498
1998-11-09,5669,10.30930016,10.68493151,12.95406704,0.48932282,,2286.770691,637.6710006698918
1998-11-10,5670,0.51757137,10.68493151,8.026969274,0.338814965,8.7,3103.554151,1131.9598868511926
1998-11-11,5671,3.193716705,18.08219178,5.977634078,0.535388385,,3653.136162,1611.7100306363698
1998-11-12,5672,36.89135204,18.08219178,16.17450838,0.238152941,,1994.945887,488.5838322132305
1998-11-13,5673,11.34135049,18.08219178,11.16377095,0.258391532,,2605.446066,762.1895593315086
1998-11-14,5674,8.919794115,18.08219178,10.60727933,0.281072539,,2689.919661,810.3869247318999
1998-11-15,5675,0.0,0.0,7.145698324,0.278174113,,3336.74755,1301.2980523008257
1998-11-16,5676,0.34005294,18.08219178,5.613712291,0.400169399,,3754.229534,1737.7218989903486
1998-11-17,5677,0.08004278,18.08219178,4.603148045,0.150086434,8.6,4110.791383,2204.300719151691
1998-11-18,5678,0.0,0.0,3.87148324,0.058756454,,4432.266682,2712.3366793389487
1998-11-19,5679,0.32865642,1.780821918,3.351946927,0.113795734,,4710.01537,3223.386875433627
1998-11-20,5680,0.25465802,1.780821918,2.932994413,0.518710087,,4972.496273,3782.411371049787
1998-11-21,5681,0.8173984,1.780821918,2.610100559,0.318760856,,5208.253317,4349.466874972581
1998-11-22,5682,7.18422378,1.780821918,2.502527933,0.421232162,,5307.673677,4574.314570816363
1998-11-23,5683,0.4086992,1.780821918,2.357094972,0.28968768,,5408.551484,4914.329593029406
1998-11-24,5684,14.0063414,1.780821918,4.267458101,0.44197969,9.3,4198.014331,2413.648335427414
1998-11-25,5685,5.93109022,5.068493151,3.107589385,0.230995145,,4864.018048,3529.3099591303344
1998-11-26,5686,7.484190845,5.068493151,3.366930168,0.24912769,,4713.08127,3206.2113953549933
1998-11-27,5687,9.13689011,5.068493151,3.742868715,0.225785798,,4525.048422,2824.372198966118
1998-11-28,5688,16.46521988,5.068493151,9.269497207,0.187174714,,2830.034821,952.5641601647397
1998-11-29,5689,1.365876745,5.068493151,5.544930168,0.243184692,,3761.646255,1763.5865099735436
1998-11-30,5690,1.365876745,5.068493151,4.34853352,0.130663323,,4215.100785,2359.8304720676347
1998-12-01,5691,0.0,0.0,3.672150838,0.241216467,8.5,4533.674719,2889.6564243654075
1998-12-02,5692,0.0,0.0,3.235449721,0.061161323,,4779.875098,3362.905290148925
1998-12-03,5693,1.234915315,1.506849315,2.905114525,0.134887156,,4995.323871,3825.929370375431
1998-12-04,5694,0.0,0.0,2.590768156,0.10300994,,5222.126606,4388.3650590613
1998-12-05,5695,3.991568455,1.506849315,2.433519553,0.0,,5356.726309,4730.08854770792
1998-12-06,5696,0.86693069,1.506849315,2.182600559,0.120977333,,5583.272678,5388.439764309331
1998-12-07,5697,0.629907485,1.506849315,2.076335196,0.206303651,,5695.118629,5720.299793705344
1998-12-08,5698,27.86628022,1.506849315,9.730659218,0.147606404,8.4,2698.418815,898.6941803984412
1998-12-09,5699,0.36798463,2.739726027,4.761553073,0.11116912,,4019.045042,2116.7238870756337
1998-12-10,5700,7.61515228,2.739726027,4.596913408,0.246211356,,4113.24112,2207.883437754552
1998-12-11,5701,8.35112154,2.739726027,4.066114525,0.192167256,,4367.438348,2557.538076448837
1998-12-12,5702,14.10145101,2.739726027,7.930206704,0.373937557,,3190.032986,1148.5378681205675
1998-12-13,5703,6.567460855,2.739726027,7.127924581,0.388594484,,3344.80115,1305.1885903745256
1998-12-14,5704,24.97866565,2.739726027,14.38164804,0.187202432,,2106.97126,562.5241448930428
1998-12-15,5705,15.25520422,2.739726027,18.19096089,0.104914029,8.8,1858.552027,424.35374232106165
1998-12-16,5706,0.25,6.575342466,9.506539106,0.398875864,,2842.232125,924.1570475638589
1998-12-17,5707,8.25,6.575342466,6.671865922,0.335223953,,3468.50068,1412.8424990193969
1998-12-18,5708,15.0,6.575342466,8.174136872,0.023803007,,3115.513054,1107.5717640878363
1998-12-19,5709,13.0,6.575342466,9.766910615,0.027806942,,2836.838341,894.6961160001214
1998-12-20,5710,0.25,6.575342466,6.835600559,0.418133037,,3402.099467,1372.375164099315
1998-12-21,5711,7.75,6.575342466,5.781921788,0.176900366,,3719.349135,1677.3110325453904
1998-12-22,5712,7.0,6.575342466,5.765756983,0.290918026,8.2,3724.719964,1682.9483900009172
1998-12-23,5713,10.25,9.726027397,8.402405028,0.0,,3064.667526,1071.5969959089434
1998-12-24,5714,36.75,9.726027397,16.15298883,0.082833587,,1902.319608,489.3647488409612
1998-12-25,5715,27.25,9.726027397,26.06860056,0.243214291,,1428.439862,275.5686829292595
1998-12-26,5716,11.25,9.726027397,14.96790503,0.581795245,,2185.696079,536.2008575149744
1998-12-27,5717,5.5,9.726027397,9.606041899,0.182195491,,2856.969162,912.6910821178515
1998-12-28,5718,3.5,9.726027397,7.631648045,0.008837984,,3231.028687,1202.6093132793244
1998-12-29,5719,6.75,9.726027397,6.485882682,0.240735075,,3519.980715,1461.5394698387265
1998-12-30,5720,2.25,9.726027397,5.820486034,0.223771186,,3693.308384,1664.0009117879808
1998-12-31,5721,1.5,9.726027397,4.765826816,0.547916756,,4049.274658,2114.4495857748316
1999-01-01,5722,16.0,9.726027397,4.783600559,0.20682116,,4098.78903,2105.039050450705
1999-01-02,5723,16.25,9.726027397,9.550206704,0.322130345,,2898.971799,919.0927821167517
1999-01-03,5724,30.5,9.726027397,14.70072067,0.223089627,,2278.638166,547.9113966669019
1999-01-04,5725,3.5,9.726027397,15.70105307,0.346609729,,1979.247894,506.3096289021977
1999-01-05,5726,11.0,9.726027397,12.59177933,0.132769932,10.2,2450.864047,659.7374905853989
1999-01-06,5727,22.25,4.931506849,15.62055587,0.103401419,,2091.478459,509.44102990885665
1999-01-07,5728,15.75,4.931506849,15.70449721,0.119891211,,2090.23457,506.1764364030459
1999-01-08,5729,2.5,4.931506849,10.52725978,0.0,,2700.584122,817.7789483518654
1999-01-09,5730,0.75,4.931506849,7.295379888,0.263614201,,3298.732993,1269.3591366823757
1999-01-10,5731,0.0,0.0,5.560265363,0.0,,3768.730179,1757.758993375214
1999-01-11,5732,0.5,4.931506849,4.501231844,0.390454942,,4151.428175,2264.236321248358
1999-01-12,5733,16.75,4.931506849,8.043385475,0.143854737,8.4,3092.86098,1129.1908268838188
1999-01-13,5734,28.5,5.753424658,14.99332123,0.245555167,,2088.890548,535.1107613255315
1999-01-14,5735,8.0,5.753424658,11.91514525,0.399951863,,2523.95141,704.9188941653894
1999-01-15,5736,70.25,5.753424658,47.32325698,0.253259058,,507.3211567,134.7025005328402
1999-01-16,5737,5.5,5.753424658,24.12517877,0.19609812,,1351.411996,302.41829548233517
1999-01-17,5738,9.75,5.753424658,10.66437151,0.048163479,,2705.843101,805.1873633767098
1999-01-18,5739,24.5,5.753424658,14.90575978,0.206869634,,2154.331114,538.8834738917337
1999-01-19,5740,20.75,5.753424658,19.04706704,0.203986484,8.0,1844.883873,401.57486638365447
1999-01-20,5741,7.5,3.835616438,13.15991061,0.085994742,,2367.58976,625.7271291437846
1999-01-21,5742,0.5,3.835616438,8.477346369,0.087760024,,3047.232929,1060.2498925723062
1999-01-22,5743,0.0,0.0,6.182547486,0.462652516,,3583.334375,1547.8994126625762
1999-01-23,5744,7.5,3.835616438,5.574645251,0.066737212,,3777.078631,1752.326498751228
1999-01-24,5745,14.75,3.835616438,5.140055866,0.269382366,,3984.20709,1931.3345157292506
1999-01-25,5746,32.25,3.835616438,26.26207542,0.294035682,,1353.155061,273.13412939158917
1999-01-26,5747,23.0,3.835616438,17.66916201,0.158948844,8.1,1908.38157,439.4320223447734
1999-01-27,5748,34.25,4.657534247,16.32735754,0.286572924,,2140.357453,483.1022114816884
1999-01-28,5749,43.0,4.657534247,47.80955866,0.492018926,,566.6608776,133.0590034364141
1999-01-29,5750,0.5,4.657534247,10.77561453,0.202195015,,2645.013899,795.2299242001748
1999-01-30,5751,0.0,0.0,6.953832402,0.335456972,,3377.830161,1344.4534682022909
1999-01-31,5752,0.0,0.0,5.299391061,0.216765725,,3853.270912,1861.956247698959
1999-02-01,5753,0.25,4.657534247,4.317662011,0.082821812,,4227.777498,2380.0612402368793
1999-02-02,5754,0.25,4.657534247,3.661441341,0.410777925,7.8,4538.992424,2899.7847862631743
1999-02-03,5755,1.75,13.28767123,3.219486034,0.392064212,,4792.574002,3382.8889334977257
1999-02-04,5756,2.75,13.28767123,3.007684358,0.340934019,,4923.267508,3670.1857299272333
1999-02-05,5757,12.75,13.28767123,3.154122905,0.463261176,,4853.381127,3467.0327363529113
1999-02-06,5758,23.5,13.28767123,7.070832402,0.256603295,,3151.668801,1317.8311311731895
1999-02-07,5759,1.0,13.28767123,5.351153631,0.422401685,,3782.98787,1840.3929325518143
1999-02-08,5760,1.75,13.28767123,3.97573743,0.0,,4379.383956,2627.3484313749223
1999-02-09,5761,1.5,13.28767123,3.366075419,0.0,8.0,4702.102813,3207.1866879650206
1999-02-10,5762,1.5,2.602739726,2.991946927,0.066387661,,4935.363143,3693.320527688891
1999-02-11,5763,0.0,0.0,2.73901676,0.156829523,,5114.420745,4105.446871348113
1999-02-12,5764,4.75,2.602739726,2.692558659,0.350079522,,5173.996504,4190.4288283046435
1999-02-13,5765,0.5,2.602739726,3.251765363,0.153541857,,4767.616569,3342.7036642718576
1999-02-14,5766,6.0,2.602739726,3.251790503,0.421717997,,4778.686902,3342.672708340882
1999-02-15,5767,0.75,2.602739726,3.024050279,0.316655054,,4903.632051,3646.407421992174
1999-02-16,5768,2.25,2.602739726,2.737030726,1.176289209,7.6,5112.547215,4109.0149566109085
1999-02-17,5769,16.25,4.109589041,3.76496648,0.505579544,,4433.066068,2804.5242400450206
1999-02-18,5770,24.5,4.109589041,8.284449721,0.250820759,,2931.288463,1089.914561480134
1999-02-19,5771,37.0,4.109589041,38.13800279,0.267190219,,843.2329851,174.53926873338696
1999-02-20,5772,0.0,0.0,9.342226257,0.603527739,,2857.613466,943.6797746354982
1999-02-21,5773,25.0,4.109589041,13.66318156,0.435667546,,2311.292425,598.1863443353482
1999-02-22,5774,7.5,4.109589041,8.025636872,0.614460905,,3137.6761,1132.185180663565
1999-02-23,5775,10.5,4.109589041,6.047421788,0.356176698,8.0,3655.16562,1589.4441853600028
1999-02-24,5776,5.25,1.917808219,9.645108939,0.182911317,,2840.363312,908.2603256102669
1999-02-25,5777,10.0,1.917808219,6.684837989,0.569349104,,3494.177205,1409.5569189933613
1999-02-26,5778,11.0,1.917808219,10.49847486,0.362698079,,2727.214218,820.4683363615738
1999-02-27,5779,3.75,1.917808219,7.093709497,0.760312235,,3347.390547,1312.7383553790307
1999-02-28,5780,40.0,1.917808219,19.11753352,0.429431094,,1546.76331,399.799658231634
1999-03-01,5781,58.0,1.917808219,57.36730726,0.267730812,,316.1688727,106.90505942607525
1999-03-02,5782,74.25,1.917808219,81.00382123,0.328876876,4.1,84.70054806,70.63517256446676
1999-03-03,5783,16.0,9.726027397,21.68778771,0.53357752,,1646.149032,343.6465737016821
1999-03-04,5784,4.0,9.726027397,11.46665363,0.65251633,,2556.438606,738.1106179174933
1999-03-05,5785,1.5,9.726027397,7.384072626,0.671022617,,3277.150532,1251.104348685011
1999-03-06,5786,4.5,9.726027397,5.649511173,0.459061493,,3743.410285,1724.5337857491647
1999-03-07,5787,3.25,9.726027397,4.811606145,0.633800386,,4035.774784,2090.3660572781255
1999-03-08,5788,2.5,9.726027397,4.20146648,0.120793828,,4282.589549,2459.1409333328047
1999-03-09,5789,0.5,9.726027397,3.599698324,0.484969996,7.4,4570.243366,2959.470087636603
1999-03-10,5790,0.0,0.0,3.160081006,0.546276913,,4826.324816,3459.204234623726
1999-03-11,5791,0.5,12.77425942,2.843094972,0.20639227,,5039.995965,3926.1044951300273
1999-03-12,5792,0.25,22.00326792,2.592251397,0.924453106,,5221.925588,4385.358096506367
1999-03-13,5793,0.25,1.563312462,2.324287709,1.732496239,,5449.658258,4997.510301570611
1999-03-14,5794,0.0,0.0,2.141572626,1.014589113,,5622.453346,5512.282581941154
1999-03-15,5795,0.0,0.0,1.953703911,1.752873367,,5818.398358,6152.8296893983115
1999-03-16,5796,0.25,1.53712916,1.822097765,2.162117164,7.0,5972.188112,6688.6219950175
1999-03-17,5797,0.0,0.0,1.657231844,3.192974031,,6180.752556,7492.842392584532
1999-03-18,5798,0.75,8.493150685,1.587972067,1.675822226,,6282.156216,7885.721622154904
1999-03-19,5799,0.0,0.0,1.497972067,1.388647083,,6410.672834,8456.170235739459
1999-03-20,5800,3.0,8.493150685,1.414231844,1.227231189,,6555.016999,9058.957858977532
1999-03-21,5801,27.5,8.493150685,4.690282123,0.425588592,,3996.874896,2155.3230589974096
1999-03-22,5802,8.75,8.493150685,2.97299162,1.304902548,,4957.255528,3721.5431476369645
1999-03-23,5803,0.0,0.0,3.095446927,0.934465082,7.5,4813.86723,3545.8992000594344
1999-03-24,5804,1.0,2.465753425,2.418284916,0.451530744,,5362.959496,4765.795526593288
1999-03-25,5805,9.0,2.465753425,2.736276536,0.390966439,,5130.553635,4110.3714159586225
1999-03-26,5806,15.5,2.465753425,3.905120112,1.059113864,,4412.905234,2684.3709226195233
1999-03-27,5807,1.0,2.465753425,4.961312849,1.837503442,,3891.750274,2015.0101636139857
1999-03-28,5808,0.25,2.465753425,3.262122905,1.91486385,,4754.95996,3329.9943553285975
1999-03-29,5809,19.5,2.465753425,8.964276536,1.19238063,,2736.200036,991.58109477077
1999-03-30,5810,0.75,2.465753425,4.77525419,2.186247296,7.0,4017.090249,2109.448557049418
1999-03-31,5811,0.25,4.657534247,3.675921788,1.534207049,,4524.850811,2886.1055300229054
1999-04-01,5812,0.0,0.0,3.077371508,2.797006528,,4873.088338,3570.8606567328634
1999-04-02,5813,4.0,4.657534247,2.801287709,0.936341511,,5069.009136,3996.386152349556
1999-04-03,5814,0.5,4.657534247,2.486312849,0.924701252,,5308.590131,4610.063992558291
1999-04-04,5815,8.0,4.657534247,2.595418994,1.150511593,,5234.191335,4378.9490903429205
1999-04-05,5816,4.5,4.657534247,2.627321229,0.77678642,,5192.969566,4315.346772293031
1999-04-06,5817,15.0,4.657534247,4.64699162,0.913891352,,4085.542391,2179.404217402821
1999-04-07,5818,6.0,4.657534247,4.801550279,0.869890187,,4013.145983,2095.6129985125594
1999-04-08,5819,0.0,0.0,3.699502793,2.441511754,,4513.675088,2864.0808729562696
1999-04-09,5820,0.0,0.0,3.175868715,2.278999025,,4814.910532,3438.616321199118
1999-04-10,5821,5.75,4.657534247,3.081594972,1.444694831,,4878.171348,3564.9994146078257
1999-04-11,5822,29.5,4.657534247,8.32572905,1.967990896,,2353.196462,1083.4393053952117
1999-04-12,5823,41.0,4.657534247,23.57331285,0.731028346,,1567.628426,310.9337730386018
1999-04-13,5824,3.25,4.657534247,11.91315922,1.12139027,7.1,2444.321317,705.0598276435268
1999-04-14,5825,1.5,6.849315068,6.551597765,2.449792202,,3469.325874,1443.9857658964397
1999-04-15,5826,9.0,6.849315068,5.596013966,1.070864101,,3769.359686,1744.3103807527593
1999-04-16,5827,2.75,6.849315068,4.633567039,2.278583775,,4099.21151,2186.972367213857
1999-04-17,5828,6.25,6.849315068,4.598798883,1.117814892,,4123.362816,2206.7988284610656
1999-04-18,5829,5.25,6.849315068,4.464201117,1.660728222,,4175.123308,2286.759251965967
1999-04-19,5830,1.5,6.849315068,3.772935754,2.728925437,,4481.713893,2797.42897304572
1999-04-20,5831,25.0,6.849315068,8.795513966,0.331345692,,2755.947961,1014.435061596095
1999-04-21,5832,20.75,6.164383562,14.24056425,0.766313922,,2277.245461,569.2152684609292
1999-04-22,5833,2.5,6.164383562,10.07630447,2.045679055,,2714.881162,861.8576099608797
1999-04-23,5834,0.5,6.164383562,6.18227095,1.923179658,,3572.936576,1547.982398126934
1999-04-24,5835,2.0,6.164383562,4.711097765,2.489739899,,4064.032974,2143.9169722642914
1999-04-25,5836,4.75,6.164383562,4.01777095,0.684156205,,4371.939423,2594.451097833598
1999-04-26,5837,12.75,6.164383562,5.717715084,0.392871141,,3645.071441,1699.909510455872
1999-04-27,5838,0.0,0.0,4.581955307,2.459017786,6.7,4095.060813,2216.5227641584015
1999-04-28,5839,0.0,0.0,3.666444134,4.758323516,,4534.635001,2895.045372576398
1999-04-29,5840,0.0,0.0,3.24150838,3.654208657,,4777.456107,3355.3775319073306
1999-04-30,5841,0.0,0.0,2.893223464,3.411312455,,5000.905925,3844.770664452728
1999-05-01,5842,0.25,1.616572425,2.605801676,2.14528931,,5213.114248,4358.06173358813
1999-05-02,5843,0.0,0.0,2.37152514,1.097707459,,5408.009779,4878.54253924095
1999-05-03,5844,0.0,0.0,2.147606145,3.191542784,,5614.677379,5493.744342930295
1999-05-04,5845,0.0,0.0,1.925044693,3.17937628,6.7,5848.359234,6262.663373214784
1999-05-05,5846,0.0,0.0,1.773251397,2.783315843,,6034.042009,6909.799440980352
1999-05-06,5847,3.86621724,3.287671233,1.726139665,0.773630283,,6093.479136,7136.180160672542
1999-05-07,5848,10.75932926,3.287671233,2.104642458,0.845614852,,5657.399945,5628.299138499911
1999-05-08,5849,24.03758729,3.287671233,5.710726257,1.328360594,,3197.021978,1702.4030401544046
1999-05-09,5850,3.38474011,3.287671233,5.021773743,2.095795217,,3828.121071,1985.9736382636315
1999-05-10,5851,5.49722311,3.287671233,3.379047486,2.373048231,,4692.633801,3192.4434875252873
1999-05-11,5852,8.25872113,3.287671233,3.067039106,1.814712816,6.8,4909.730936,3585.2745370380912
1999-05-12,5853,2.990570585,4.657534247,3.682256983,2.184434099,,4524.878929,2880.1580118873057
1999-05-13,5854,17.59920441,4.657534247,5.296952514,1.360279911,,3794.556797,1862.9835257369296
1999-05-14,5855,2.058025675,4.657534247,7.199120112,2.243408271,,3233.189022,1289.7314350992242
1999-05-15,5856,0.0,0.0,4.344460894,3.135160806,,4204.635028,2362.481268343861
1999-05-16,5857,0.49600682,4.657534247,3.541198324,1.650884415,,4602.558367,3018.133319824242
1999-05-17,5858,0.0,0.0,3.016583799,2.868763539,,4912.548337,3657.2204361993345
1999-05-18,5859,0.25465802,4.657534247,2.663798883,1.169087656,7.0,5168.086956,4244.670411129349
1999-05-19,5860,0.82466324,3.20823167,2.418561453,2.866903827,,5365.931392,4765.142974898514
1999-05-20,5861,0.0,0.0,2.146022346,5.227446442,,5616.290517,5498.599550441761
1999-05-21,5862,2.15137767,3.342186947,2.026558659,1.05178009,,5741.252286,5888.936840891609
1999-05-22,5863,0.0,0.0,1.807089385,2.306456376,,5989.088608,6755.183325474036
1999-05-23,5864,0.82466324,2.603492893,1.709170391,0.651691878,,6116.197172,7221.083048436593
1999-05-24,5865,7.90100535,6.054383822,1.917879888,1.104488103,,5853.886336,6290.6854674454935
1999-05-25,5866,0.0,0.0,1.585659218,4.240643738,6.9,6270.724276,7899.492619703848
1999-05-26,5867,1.648106015,2.664304429,1.489223464,1.507848353,,6428.037204,8515.668454922627
1999-05-27,5868,4.54410414,1.351112663,1.403296089,4.664540874,,6578.910294,9143.522328431349
1999-05-28,5869,4.0347881,3.611905526,1.528592179,0.673232566,,6360.32381,8253.806843020817
1999-05-29,5870,3.318006545,9.077921167,1.41596648,2.653270028,,6540.97057,9045.675943195722
1999-05-30,5871,0.32865642,7.212412944,1.32375419,0.581966383,,6695.15718,9804.959859754525
1999-05-31,5872,0.73735562,2.234957315,1.242125698,1.415124071,,6848.187869,10581.056051352798
1999-06-01,5873,0.5760496,4.074459492,1.19403352,3.505569082,6.9,6942.291528,11093.100430643619
1999-06-02,5874,28.65910579,1.917808219,3.369268156,0.88865607,,4728.817769,3203.5464621784977
1999-06-03,5875,8.911152115,1.917808219,4.758511173,1.190423575,,3933.808642,2118.3453892229863
1999-06-04,5876,9.70193208,1.917808219,4.701041899,2.789696282,,4076.435184,2149.4133030932603
1999-06-05,5877,0.4086992,1.917808219,3.542405028,2.654727838,,4573.701225,3016.901738234756
1999-06-06,5878,0.08730762,1.917808219,2.686449721,3.189788289,,5141.513626,4201.8437431320535
1999-06-07,5879,4.791497315,1.917808219,2.490636872,2.919975129,,5302.892972,4600.480817165281
1999-06-08,5880,0.0,0.0,2.133502793,4.601592159,6.7,5627.461556,5537.257550883711
1999-06-09,5881,0.0,0.0,1.937061453,4.167703882,,5838.235868,6216.17574442958
1999-06-10,5882,0.0,0.0,1.810558659,1.994107472,,5987.278487,6739.689588033533
1999-06-11,5883,0.0,0.0,1.688430168,2.282599573,,6141.488692,7327.401151073227
1999-06-12,5884,1.97676243,3.134002125,1.62751676,1.629762274,,6226.654255,7656.906150341877
1999-06-13,5885,0.32865642,0.97181177,1.531106145,3.58064165,,6361.3876,8237.586949156394
1999-06-14,5886,0.0,0.0,1.445128492,3.116613362,,6493.677665,8827.620423609209
1999-06-15,5887,0.5760496,1.763694867,1.36877933,3.87652012,6.9,6619.933564,9420.18551894448
1999-06-16,5888,0.0,0.0,1.262765363,5.92426258,,6804.011141,10374.404495368526
1999-06-17,5889,1.40071283,2.054794521,1.198407821,3.570813472,,6930.434991,11044.659234883768
1999-06-18,5890,0.0,0.0,1.111374302,6.236403478,,7117.481924,12087.562634528269
1999-06-19,5891,20.90988819,2.054794521,1.280941341,1.743521861,,6929.882937,10198.466204569108
1999-06-20,5892,9.58421509,2.054794521,3.496675978,3.302966268,,4330.599457,3064.226905854219
1999-06-21,5893,2.552812035,2.054794521,1.502446927,2.923125685,,6392.151558,8426.031241230285
1999-06-22,5894,1.640841175,2.054794521,1.324734637,2.782028315,7.0,6696.077287,9796.274995066802
1999-06-23,5895,2.72016243,3.287671233,1.304622905,2.140719781,,6732.439766,9977.297312194223
1999-06-24,5896,0.0,0.0,1.220329609,3.259118888,,6890.265494,10807.63247924456
1999-06-25,5897,0.0,0.0,1.146594972,4.60498109,,7035.959833,11644.573942430692
1999-06-26,5898,5.95086135,3.287671233,1.127614525,4.379010042,,7090.769037,11879.525801677948
1999-06-27,5899,13.3448041,3.287671233,1.339868715,2.38558457,,6710.780032,9663.98529358218
1999-06-28,5900,4.872760555,3.287671233,1.861944134,3.222576202,,5877.498905,6517.613333177984
1999-06-29,5901,0.0,0.0,1.282977654,4.670137154,6.9,6756.126428,10179.096034599359
1999-06-30,5902,2.480034085,3.424657534,1.171030726,3.152515023,,6993.196661,11354.382072696186
1999-07-01,5903,21.16814966,3.424657534,2.868310056,1.946568005,,4967.487294,3884.802528730356
1999-07-02,5904,0.90470602,3.424657534,2.073871508,4.684281958,,5641.897751,5728.437503764138
1999-07-03,5905,2.73347164,3.424657534,1.68601676,2.522426783,,6140.752463,7339.959372295892
1999-07-04,5906,2.574606545,3.424657534,1.536863128,3.538461304,,6352.194627,8200.662821475278
1999-07-05,5907,0.32865642,3.424657534,1.427128492,5.245298075,,6519.088641,8961.05724002025
1999-07-06,5908,0.0,0.0,1.32297486,5.477020053,6.5,6699.012758,9811.873299790299
1999-07-07,5909,0.0,0.0,1.271740223,3.616411997,,6791.850371,10286.840284580012
1999-07-08,5910,0.0,0.0,1.220857542,6.375442885,,6890.354656,10802.03944089934
1999-07-09,5911,0.0,0.0,1.1835,5.616064616,,6965.626457,11211.363467625832
1999-07-10,5912,0.0,0.0,1.150240223,4.869748212,,7029.752,11600.424512189136
1999-07-11,5913,0.0,0.0,1.084902235,7.056571031,,7173.008543,12441.356926887991
1999-07-12,5914,0.0,0.0,1.034597765,6.574943264,,7289.142532,13168.658413811401
1999-07-13,5915,2.384047925,0.710468568,1.044804469,1.4994849,6.6,7272.137203,13014.86668074961
1999-07-14,5916,2.402996785,3.287671233,1.032335196,2.615237002,,7294.565088,13203.202457216714
1999-07-15,5917,0.0,0.0,0.976198324,1.829718878,,7433.051578,14116.782162878455
1999-07-16,5918,0.803529515,3.287671233,0.956865922,2.152686668,,7485.211663,14458.728683469664
1999-07-17,5919,0.0,0.0,0.92099162,2.406171392,,7579.720023,15135.153467915698
1999-07-18,5920,0.437108085,3.287671233,0.896053073,3.582090489,,7648.306536,15640.52191489407
1999-07-19,5921,17.16812017,3.287671233,1.203159218,1.66985465,,6934.84332,10992.480073975088
1999-07-20,5922,8.28208669,3.287671233,1.746150838,1.636011537,7.6,5972.07434,7038.3836649866635
1999-07-21,5923,3.88508061,4.763840066,1.132818436,2.211976278,,7069.015358,11814.248221313479
1999-07-22,5924,3.88169734,3.128012049,1.201575419,4.167396418,,6913.059065,11009.82278729998
1999-07-23,5925,0.308992315,1.869240078,1.009860335,5.532802906,,7344.927793,13555.5821034996
1999-07-24,5926,0.0,0.0,0.931600559,6.200008482,,7543.067198,14929.158933200004
1999-07-25,5927,0.0,0.0,0.900377095,1.448352243,,7639.938546,15550.693890788563
1999-07-26,5928,0.0,0.0,0.841650838,6.087145796,,7801.425404,16857.6255133558
1999-07-27,5929,0.0,0.0,0.800446927,5.318252672,6.9,7934.703185,17900.97450349847
1999-07-28,5930,0.0,0.0,0.78003352,5.069137196,,8005.649542,18462.847111162624
1999-07-29,5931,0.0,0.0,0.755572626,5.769353056,,8087.555621,19180.14899333424
1999-07-30,5932,0.0,0.0,0.73272067,5.908891906,,8167.508569,19897.913715607006
1999-07-31,5933,0.0,0.0,0.714594972,6.265096702,,8234.104212,20503.16077105314
1999-08-01,5934,0.0,0.0,0.706399441,5.151869855,,8267.814603,20788.033605275654
1999-08-02,5935,0.48908857,1.698927012,0.699611732,3.673759827,,8297.658341,21029.52321692083
1999-08-03,5936,25.25046132,1.187527874,1.437787709,2.039511778,7.3,6375.081756,8881.595840848498
1999-08-04,5937,5.588751535,1.369863014,0.909703911,2.347494259,,7587.983891,15360.126072507861
1999-08-05,5938,12.48858463,1.369863014,1.92972067,3.93565646,,5650.014707,6244.498474070618
1999-08-06,5939,18.87976495,1.369863014,1.154061453,2.536025331,,7260.468397,11554.47235301957
1999-08-07,5940,10.48888402,1.369863014,5.507472067,1.912748148,,3536.501021,1777.9709411104736
1999-08-08,5941,8.86856746,1.369863014,2.096748603,0.434062605,,5675.814528,5653.680479536308
1999-08-09,5942,2.693820535,1.369863014,2.623173184,0.927175129,,5194.106798,4323.5205021897245
1999-08-10,5943,0.44255671,1.369863014,1.924240223,2.511596842,6.8,5834.811961,6265.79829624485
1999-08-11,5944,0.0,0.0,1.652103352,0.94476205,,6186.330889,7520.695411363704
1999-08-12,5945,0.3690244,1.780821918,1.467653631,4.250983694,,6451.780991,8665.693696414566
1999-08-13,5946,19.81701438,1.780821918,2.469796089,1.208155357,,5041.169124,4647.008917342672
1999-08-14,5947,4.6904328,1.780821918,3.746312849,2.001498152,,4408.140326,2821.261793979731
1999-08-15,5948,1.413679695,1.780821918,2.292435754,3.251185836,,5459.888573,5080.774057799317
1999-08-16,5949,1.728068415,1.780821918,1.942064246,2.564827219,,5822.074093,6197.008304082323
1999-08-17,5950,23.56337686,1.780821918,6.146371508,0.931457587,6.6,3145.638647,1558.825132908165
1999-08-18,5951,10.83372808,1.791028678,6.243913408,2.428181096,,3559.788733,1529.6838024953563
1999-08-19,5952,0.377076,1.761092741,4.431192737,3.862099954,,4147.642103,2307.1845961386307
1999-08-20,5953,0.0,0.0,3.207067039,3.340442937,,4784.3171,3398.586461981773
1999-08-21,5954,0.0,0.0,2.650324022,3.636072417,,5171.528666,4270.529432886359
1999-08-22,5955,1.005177595,2.143745077,2.295854749,2.655441699,,5473.912423,5071.714900468154
1999-08-23,5956,1.250754565,4.145043108,2.11200838,1.823781417,,5649.469024,5604.8031431793825
1999-08-24,5957,7.090826605,5.793805338,2.022863128,0.524195667,6.7,5766.106218,5901.820658745366
1999-08-25,5958,12.45477272,7.816657292,3.878019553,0.958751194,,4347.856614,2706.860649850761
1999-08-26,5959,4.536019115,1.172372474,2.645446927,1.325373665,,5175.02915,4279.960189972291
1999-08-27,5960,0.0,0.0,2.243689944,2.721428237,,5517.226695,5213.236526120187
1999-08-28,5961,0.308992315,2.748728285,2.004837989,1.938885016,,5762.831033,5965.410320213409
1999-08-29,5962,0.19359648,1.288254874,1.851662011,1.166870213,,5937.701444,6560.967661111504
1999-08-30,5963,0.308992315,1.129607444,1.722946927,2.339740789,,6096.069356,7152.014248616607
1999-08-31,5964,0.0,0.0,1.627743017,2.500279376,6.8,6223.826646,7655.632067709877
1999-09-01,5965,0.0,0.0,1.525801676,2.808421842,,6368.344789,8271.879671840821
1999-09-02,5966,0.3690244,3.272991647,1.449854749,3.03091904,,6487.380511,8793.186600707078
1999-09-03,5967,0.0,0.0,1.367421788,4.027708095,,6620.041305,9431.38038822651
1999-09-04,5968,0.0,0.0,1.272343575,4.59365492,,6787.689759,10281.00225807808
1999-09-05,5969,0.0,0.0,1.196874302,4.285217054,,6937.342038,11061.597236113143
1999-09-06,5970,0.3690244,3.828876804,1.154941341,3.706792304,,7022.000498,11543.938549204882
1999-09-07,5971,11.32053414,3.728707603,1.57198324,2.852348054,7.4,6239.006858,7981.831154703928
1999-09-08,5972,11.04836432,2.624314464,1.457321229,1.099294957,,6452.515168,8739.288016048602
1999-09-09,5973,0.0,0.0,1.402114525,3.868570488,,6482.590961,9152.745906099019
1999-09-10,5974,0.0,0.0,1.141944134,4.258750141,,7045.38771,11701.351988699473
1999-09-11,5975,3.400122775,1.846927423,1.111977654,1.516532975,,7117.97472,12079.714332327792
1999-09-12,5976,1.57324711,1.218375096,1.062804469,3.11508166,,7220.291016,12751.539090636099
1999-09-13,5977,0.811581115,3.472261037,1.003851955,2.333990584,,7359.492463,13652.724269404522
1999-09-14,5978,0.0,0.0,0.941379888,3.582028367,7.0,7523.394184,14743.783008567263
1999-09-15,5979,1.63327919,1.369863014,0.906335196,3.548727673,,7624.581824,15428.45981141012
1999-09-16,5980,6.62275227,1.369863014,1.019363128,2.267724156,,7325.952418,13404.507590624027
1999-09-17,5981,7.47964179,1.369863014,0.984167598,1.753857346,,7418.188578,13980.111506275269
1999-09-18,5982,17.25220989,1.369863014,2.248918994,0.67541675,,5118.265272,5198.724896453544
1999-09-19,5983,25.84741962,1.369863014,11.32328212,1.020399218,,2528.167661,749.3320710760665
1999-09-20,5984,15.93523926,1.369863014,8.002206704,0.740286319,,3144.526584,1136.1604273617586
1999-09-21,5985,0.0,0.0,4.870382682,2.166676552,6.5,3976.371998,2060.1734813236217
1999-09-22,5986,1.125241765,1.506849315,3.533706704,0.51304838,,4599.20805,3025.8000666314765
1999-09-23,5987,18.67092332,1.506849315,4.980620112,1.238032171,,3998.999534,2005.653602911024
1999-09-24,5988,15.67095613,1.506849315,8.018597765,1.061469662,,3166.366771,1133.3767781555064
1999-09-25,5989,6.54868235,1.506849315,6.484374302,1.512868519,,3478.505341,1461.9469773277071
1999-09-26,5990,47.95447298,1.506849315,16.69318994,1.245806191,,2234.422749,470.4297451293164
1999-09-27,5991,26.11165055,1.506849315,36.52179888,1.069928513,,779.3454952,183.85227664852317
1999-09-28,5992,3.94250973,1.506849315,11.54717598,1.194960321,6.5,2536.932627,731.9424639350108
1999-09-29,5993,12.06481186,8.904109589,8.91522905,1.210845657,,3014.598247,998.1251499882073
1999-09-30,5994,13.06870438,8.904109589,10.16215642,0.667496986,,2801.997718,853.1343450893132
1999-10-01,5995,51.36388308,8.904109589,28.65491899,0.723748833,,1089.512477,245.99504817958
1999-10-02,5996,16.39598008,8.904109589,31.1622486,1.233674793,,993.5365039,222.43455978467085
1999-10-03,5997,17.01437619,8.904109589,11.77069274,0.73453046,,2548.308461,715.306075929844
1999-10-04,5998,2.663452375,8.904109589,8.203575419,1.640472176,6.9,3096.417996,1102.8086274747593
1999-10-05,5999,0.065480715,2.602739726,5.834287709,1.163905451,,3679.661412,1659.2843428270894
1999-10-06,6000,0.0,0.0,4.485645251,2.393799696,,4153.354995,2273.6666522081155
1999-10-07,6001,40.64484871,2.602739726,6.545865922,1.085070726,,3806.044266,1445.5014335069447
1999-10-08,6002,38.93699482,2.602739726,29.5471257,0.524069923,,1231.629295,237.10698314089353
1999-10-09,6003,3.44665463,2.602739726,13.1516648,0.912826698,,2331.225022,626.1976861202521
1999-10-10,6004,14.92437035,2.602739726,9.982156425,0.606714527,,2808.638517,871.6135896905519
1999-10-11,6005,0.0,0.0,8.040142458,1.335993666,6.8,3118.150597,1129.7368691665597
1999-10-12,6006,0.0,0.0,5.724955307,1.448168678,,3716.309799,1697.3333394875317
1999-10-13,6007,0.0,0.0,4.546282123,2.152532296,,4129.796861,2237.3787243217503
1999-10-14,6008,0.060032085,5.834423947,3.771377095,0.865745007,,4480.473709,2798.814099416538
1999-10-15,6009,0.0,0.0,3.161061453,1.056721968,,4819.966037,3457.919106009481
1999-10-16,6010,0.0,0.0,2.721343575,0.687636946,,5121.992278,4137.399426017631
1999-10-17,6011,0.0,0.0,2.383768156,0.9680165,,5394.226094,4848.552603687591
1999-10-18,6012,0.308992315,3.181934959,2.116558659,1.541427264,6.9,5644.473677,5590.378276136293
1999-10-19,6013,0.0,0.0,1.897642458,1.383047702,,5881.234206,6371.091783637032
1999-10-20,6014,0.0,0.0,1.757840782,0.412683357,,6052.661437,6982.384287536619
1999-10-21,6015,5.03600493,2.602739726,1.717818436,0.157818358,,6113.898495,7177.583854948249
1999-10-22,6016,3.981692515,2.602739726,1.867575419,0.559426204,,5914.825653,6494.09125453169
1999-10-23,6017,17.61006152,2.602739726,3.04798324,0.478121348,,4762.69439,3612.139493246739
1999-10-24,6018,40.66216323,2.602739726,10.20698045,0.283957529,,2803.160007,848.6439053514798
1999-10-25,6019,10.97397045,2.602739726,18.92659777,0.633342677,6.4,1634.723859,404.64343570867254
1999-10-26,6020,0.265393485,12.19178082,6.874114525,0.564498769,,3377.613332,1363.1637541063697
1999-10-27,6021,1.496182165,12.19178082,4.727564246,1.024819939,,4050.592645,2134.972188909368
1999-10-28,6022,7.981350645,12.19178082,4.624944134,0.800968924,,4105.537183,2191.859022815376
1999-10-29,6023,0.859443385,12.19178082,3.614002793,0.466610752,,4564.127186,2945.442893386445
1999-10-30,6024,19.05754682,12.19178082,5.30776257,0.426179098,,3801.266615,1858.437502615197
1999-10-31,6025,2.949675455,12.19178082,7.258223464,1.469361722,,3280.128374,1277.1525153018201
1999-11-01,6026,12.97316881,12.19178082,7.090868715,0.304814504,7.1,3339.999402,1313.3687914771317
1999-11-02,6027,14.51267865,7.123287671,7.067740223,0.806255942,,3383.022428,1318.5222752206364
1999-11-03,6028,4.927014445,7.123287671,8.525086592,0.558662261,,3032.49132,1053.1356403739344
1999-11-04,6029,1.607534475,7.123287671,5.658083799,0.435498329,,3738.663933,1721.4028812152837
1999-11-05,6030,38.04216792,7.123287671,22.86937709,0.478432639,,1455.721271,322.4534070475439
1999-11-06,6031,9.112879065,7.123287671,12.77482123,0.426135824,,2376.913662,648.4166899299898
1999-11-07,6032,6.13915895,7.123287671,7.793798883,0.368362278,,3192.358821,1172.677687695641
1999-11-08,6033,1.04769144,7.123287671,5.820863128,0.910911146,7.1,3685.541787,1663.8717175152683
1999-11-09,6034,0.76519452,16.46992466,4.631932961,0.987151577,,4096.410137,2187.896874651686
1999-11-10,6035,0.0,0.0,3.860572626,1.010593268,,4437.314648,2721.5228279380426
1999-11-11,6036,0.0,0.0,3.297142458,0.290857857,,4741.717646,3287.672429336156
1999-11-12,6037,2.86583846,31.53491295,2.982569832,0.108373971,,4941.68556,3707.232866417964
1999-11-13,6038,0.41596404,4.339801847,2.61824581,0.180601983,,5201.898673,4333.266873032999
1999-11-14,6039,0.32865642,4.721352271,2.331980447,0.267721153,,5442.353614,4977.7750986150195
1999-11-15,6040,4.326273,4.640545385,2.193963687,0.248493237,,5579.545454,5355.038843498004
1999-11-16,6041,13.3403912,4.835175114,2.352544693,0.50002603,6.9,5465.343765,4925.714388865272
1999-11-17,6042,5.21799339,10.2739726,2.962131285,0.477519393,,4914.853512,3737.891998415941
1999-11-18,6043,1.254833365,10.2739726,2.5155,0.290887153,,5282.161369,4546.079303382937
1999-11-19,6044,0.0,0.0,2.146097765,0.259408616,,5617.226272,5498.368171615202
1999-11-20,6045,0.0,0.0,1.960692737,0.337995733,,5813.344753,6126.580096945942
1999-11-21,6046,0.506742285,10.2739726,1.839293296,0.726635101,,5953.136199,6613.825801854891
1999-11-22,6047,2.264847315,10.2739726,1.800804469,0.367509199,,6002.701335,6783.418694423985
1999-11-23,6048,6.611694365,10.2739726,1.812695531,0.305817022,7.5,5997.608326,6730.178749697624
1999-11-24,6049,58.16966039,4.246575342,20.38173184,0.263615558,,1193.743266,370.2347576454373
1999-11-25,6050,5.92339559,4.246575342,14.52273184,0.428667836,,2047.345535,555.9757932641942
1999-11-26,6051,16.14554886,4.246575342,12.54517039,0.341122712,,2337.483254,662.6782139428628
1999-11-27,6052,2.62448967,4.246575342,8.311449721,0.438876481,,3062.905127,1085.6712271183542
1999-11-28,6053,13.01778755,4.246575342,7.390357542,0.449687678,,3295.658608,1249.829044287023
1999-11-29,6054,0.0,0.0,6.416321229,0.185496744,,3494.769522,1480.551534455754
1999-11-30,6055,7.366726695,4.246575342,5.445427374,0.201324113,7.2,3820.523407,1802.2757940721626
1999-12-01,6056,2.744074285,7.808219178,4.650611732,0.658807021,,4090.373,2177.3715844934122
1999-12-02,6057,4.350317675,7.808219178,4.187187151,0.514630697,,4291.33947,2469.192137969161
1999-12-03,6058,25.91882231,7.808219178,15.52967598,0.606311379,,1924.831583,513.0192377063734
1999-12-04,6059,1.963706205,7.808219178,7.030885475,0.361831191,,3349.276829,1326.8112621892842
1999-12-05,6060,25.04291427,7.808219178,7.071888268,0.21004344,,3423.624622,1317.5952828798927
1999-12-06,6061,48.77596456,7.808219178,33.3137514,0.215666593,,1092.603526,205.30493537427026
1999-12-07,6062,5.7323157,7.808219178,15.80063128,0.412278093,8.1,1984.475348,502.4844658941927
1999-12-08,6063,23.45724495,9.315068493,18.58517598,0.417372827,,1753.723709,413.5780255544489
1999-12-09,6064,19.12968087,9.315068493,14.66534916,0.481826518,,2198.54774,549.4968962546088
1999-12-10,6065,27.93150635,9.315068493,14.61874022,0.272539627,,2340.514455,551.5989877166858
1999-12-11,6066,54.67570456,9.315068493,51.69750838,0.294009913,,560.7073906,121.1356168759604
1999-12-12,6067,26.7121709,9.315068493,22.4011257,0.256608577,,1624.0235,330.5580939808956
1999-12-13,6068,5.617492785,9.315068493,13.21976816,0.0,,2359.335071,622.3306238338961
1999-12-14,6069,1.489240915,9.315068493,8.591405028,0.0,8.1,3023.589368,1043.3969525393602
1999-12-15,6070,0.24616955,8.219178082,6.099888268,0.0,,3608.779545,1573.0729919921237
1999-12-16,6071,29.18961735,8.219178082,8.245156425,0.354809515,,3170.479782,1096.1445058700679
1999-12-17,6072,58.95038082,8.219178082,54.86930447,0.058266868,,422.7991402,112.77631633554148
1999-12-18,6073,0.0,0.0,10.78717877,0.106322709,,2635.112069,794.2077482697443
1999-12-19,6074,0.33236682,8.219178082,6.624703911,0.0,,3456.149941,1424.90696056684
1999-12-20,6075,0.0,0.0,5.033337989,0.0,7.1,3952.386508,1980.5071434868642
1999-12-21,6076,14.12501052,5.890410959,5.81103352,0.234621364,,3734.104892,1667.2454097753039
1999-12-22,6077,10.02271011,5.890410959,9.047036313,0.249698518,,2948.59825,980.7157139181322
1999-12-23,6078,12.11196848,5.890410959,7.881787709,0.453378221,,3198.577181,1157.0013770396904
1999-12-24,6079,19.74620502,5.890410959,12.55070112,0.371400334,,2429.175082,662.3280050298055
1999-12-25,6080,9.84213789,5.890410959,14.73146648,0.493265507,,2166.084142,546.5400384347627
1999-12-26,6081,13.74622843,5.890410959,9.782849162,0.329701207,,2848.812967,892.9486029145487
1999-12-27,6082,2.86458012,5.890410959,8.356927374,0.009214011,,3083.294383,1078.5920256141976
1999-12-28,6083,2.895313095,5.890410959,6.517835196,0.112737697,,3497.446973,1452.9557844088672
1999-12-29,6084,8.71862435,5.890410959,6.338136872,0.080740813,,3560.027161,1502.4683483616736
1999-12-30,6085,62.48634727,5.890410959,41.21783799,0.165951206,,610.0505291,159.00187822982713
1999-12-31,6086,12.81987625,5.890410959,13.27929888,0.277198867,,2339.196165,618.9860323627838
2000-01-01,6087,0.0,0.0,9.699787709,0.348806237,,2799.048546,902.1248157291639
2000-01-02,6088,3.698998125,5.890410959,6.725740223,0.275703695,,3445.353161,1399.2882994973797
2000-01-03,6089,15.72393407,5.890410959,8.807480447,0.209655006,,2990.678289,1012.7828279376738
2000-01-04,6090,6.8191944,5.890410959,7.529907821,0.108175081,,3261.87003,1222.1141059415095
2000-01-05,6091,7.002673925,5.890410959,6.527790503,0.460417781,7.2,3509.205116,1450.3002641014518
2000-01-06,6092,6.530808695,5.890410959,6.765511173,0.252603877,,3440.076177,1389.434444458027
2000-01-07,6093,13.29888067,5.890410959,7.177851955,0.315246775,,3334.740385,1294.31364278916
2000-01-08,6094,2.463028865,5.890410959,7.665636872,0.230782473,,3177.637715,1196.2199529072059
2000-01-09,6095,0.0,0.0,5.635282123,0.297508149,,3746.923402,1729.7536453348262
2000-01-10,6096,22.43186124,5.890410959,6.733382682,0.259770144,,3501.770167,1397.3848350380508
2000-01-11,6097,28.86023673,5.890410959,22.53491899,0.133362304,7.2,1620.228648,328.2045436465414
2000-01-12,6098,46.31213263,1.780821918,43.2045,0.178880883,,782.7445361,150.26482589445337
2000-01-13,6099,0.799365965,1.780821918,14.63352235,0.21662188,,2112.684135,550.9307106772933
2000-01-14,6100,2.803767735,1.780821918,7.864667598,0.030986976,,3170.255544,1160.021341178021
2000-01-15,6101,0.068083685,1.780821918,5.790670391,0.010261565,,3697.385755,1674.2744417090275
2000-01-16,6102,0.0,0.0,4.732994413,0.298413338,,4061.843547,2132.037449610235
2000-01-17,6103,0.060032085,1.780821918,3.946424581,0.428213633,,4394.641597,2650.746016616028
2000-01-18,6104,0.1335644,1.780821918,3.440589385,0.673529677,7.1,4661.236713,3124.160854109111
2000-01-19,6105,0.0,0.0,3.049089385,0.265872177,,4895.204692,3610.569964361237
2000-01-20,6106,0.3690244,13.00906414,2.715209497,0.13247659,,5129.239161,4148.596488977605
2000-01-21,6107,1.0051776,8.942475899,2.449558659,0.182651991,,5342.072896,4693.022854331358
2000-01-22,6108,5.839534445,9.750951223,2.455994413,0.291798263,,5340.119514,4678.299525182676
2000-01-23,6109,0.0,0.0,2.194918994,0.224070863,,5569.264808,5352.248106744033
2000-01-24,6110,0.068083685,14.88640478,2.009513966,0.068973365,,5759.456678,5948.793895929429
2000-01-25,6111,0.3690244,12.12940863,1.858374302,0.158456054,7.1,5929.509378,6532.6057439660335
2000-01-26,6112,0.0,0.0,1.725938547,0.134263209,,6092.941336,7137.175688302932
2000-01-27,6113,1.38225359,2.739726027,1.632142458,0.460368317,,6220.668678,7630.935329005635
2000-01-28,6114,64.75439128,2.739726027,15.7619162,0.179828158,,1442.608902,503.9653408916372
2000-01-29,6115,56.57102469,2.739726027,33.51939385,0.116637334,,1044.013782,203.79395629922095
2000-01-30,6116,58.47281103,2.739726027,52.01997486,0.208904526,,497.4941605,120.23446902538123
2000-01-31,6117,6.60608808,2.739726027,11.92200838,0.193672456,,2492.115001,704.4322672403133
2000-02-01,6118,24.64971609,2.739726027,12.80805587,0.169373799,6.6,2382.203088,646.3993172851442
2000-02-02,6119,0.0,0.0,9.756905028,0.248210806,,2793.170111,895.7963417459086
2000-02-03,6120,17.12084771,3.97260274,7.332837989,0.290647545,,3340.814232,1261.590290495909
2000-02-04,6121,18.18871572,3.97260274,13.91827374,0.164288356,,2300.733051,585.0608449506485
2000-02-05,6122,2.82604364,3.97260274,8.190553073,0.239946408,,3103.810854,1104.9109931302303
2000-02-06,6123,5.56130904,3.97260274,6.729134078,0.315933222,,3448.058191,1398.4424245788928
2000-02-07,6124,11.54828786,3.97260274,8.96249162,0.487838113,,2931.594411,991.8178633736406
2000-02-08,6125,23.49876675,3.97260274,14.47006425,0.762580076,6.7,2119.437014,558.4039212423548
2000-02-09,6126,1.794882355,6.849315068,7.603064246,0.745605949,,3219.831053,1208.031230316448
2000-02-10,6127,24.98010732,6.849315068,12.93184358,0.60585457,,2329.661681,638.985509192596
2000-02-11,6128,3.221757215,6.849315068,7.767477654,0.515524265,,3201.046584,1177.4430302745263
2000-02-12,6129,25.2569424,6.849315068,15.28179888,0.744800143,,2066.981668,523.0170193580111
2000-02-13,6130,0.0,0.0,7.71450838,0.616609333,,3195.368847,1187.1412632757435
2000-02-14,6131,25.21694048,6.849315068,9.470614525,0.2427817,,2865.459543,928.3618292740298
2000-02-15,6132,14.19576707,6.849315068,9.016265363,0.479446701,7.1,2955.659843,984.7299770366341
2000-02-16,6133,1.738558055,7.260273973,7.334094972,0.402362789,,3280.37529,1261.3311030391058
2000-02-17,6134,24.14734183,7.260273973,9.26773743,0.483619862,,2787.75416,952.7810292437961
2000-02-18,6135,16.86716006,7.260273973,12.14009497,0.318499131,,2471.369425,689.283506451041
2000-02-19,6136,3.232746455,7.260273973,9.628944134,1.022924533,,2828.007177,910.0888514427892
2000-02-20,6137,5.3767438,7.260273973,6.617463687,1.110878952,,3478.773757,1426.7758108696116
2000-02-21,6138,6.40814156,7.260273973,7.293594972,0.740453214,,3292.701026,1269.7315192167955
2000-02-22,6139,2.052218715,7.260273973,5.231740223,0.827943026,7.2,3883.337329,1890.8459096400134
2000-02-23,6140,20.05309915,1.506849315,5.869835196,0.376309862,,3721.091046,1647.2485516192628
2000-02-24,6141,5.697840695,1.506849315,6.920044693,0.48133589,,3334.208288,1352.325819466535
2000-02-25,6142,3.33005148,1.506849315,5.646695531,0.646877181,,3738.208113,1725.564396811975
2000-02-26,6143,6.359084495,1.506849315,4.967748603,0.97783854,,3991.474909,2011.8824311917206
2000-02-27,6144,55.1109003,1.506849315,31.3333743,0.208925836,,859.7850341,220.97723548354577
2000-02-28,6145,18.52699926,1.506849315,16.49292737,0.511633114,,2011.378002,477.29029381490034
2000-02-29,6146,28.52435667,1.506849315,27.24664525,0.506614555,5.4,1331.226625,261.3324360496377
2000-03-01,6147,2.895468615,2.876712329,10.88311173,0.925457762,,2634.968375,785.820130345678
2000-03-02,6148,51.7781915,2.876712329,25.40710056,0.225002031,,1349.132474,284.20115000387705
2000-03-03,6149,25.16940292,2.876712329,34.98543855,0.73554342,,816.430082,193.58638223056758
2000-03-04,6150,0.065480715,2.876712329,8.952511173,0.952749616,,2948.817027,993.1436791574145
2000-03-05,6151,1.193325445,2.876712329,6.215832402,0.821150592,,3572.611053,1537.9702089661755
2000-03-06,6152,9.729283395,2.876712329,5.469209497,0.411398774,,3816.770805,1792.8879713817173
2000-03-07,6153,41.41712834,2.876712329,21.53063966,0.211879121,5.3,1453.46166,346.65833543705463
2000-03-08,6154,14.70482921,3.150684932,17.74028212,0.180609154,,1928.678841,437.319445401748
2000-03-09,6155,9.014391945,3.150684932,9.719346369,1.065369462,,2840.410029,899.948554626533
2000-03-10,6156,3.025649745,3.150684932,7.678608939,0.885196338,,3211.546366,1193.7977950336078
2000-03-11,6157,0.065480715,3.150684932,5.862393855,1.19196293,,3674.57785,1649.7547954508027
2000-03-12,6158,0.060032085,3.150684932,4.773067039,1.571290404,,4044.46713,2110.606862268174
2000-03-13,6159,1.94227151,3.150684932,4.01699162,1.255756078,,4363.668633,2595.0541574290173
2000-03-14,6160,5.77198836,3.150684932,3.797622905,0.851880117,6.5,4473.876154,2775.6568457994517
2000-03-15,6161,0.0,0.0,3.229340782,1.374838888,,4781.692955,3370.526941027037
2000-03-16,6162,0.0,0.0,2.854784916,0.693058463,,5027.375972,3906.8568781600347
2000-03-17,6163,0.0,0.0,2.553310056,0.783929628,,5254.258902,4465.576879907762
2000-03-18,6164,0.0,0.0,2.320617318,1.248038934,,5453.632873,5006.977093332382
2000-03-19,6165,0.060032085,7.489099663,2.122315642,2.644292612,,5641.11944,5572.225347743476
2000-03-20,6166,0.0,0.0,1.936734637,1.108925575,,5838.301593,6217.431674671348
2000-03-21,6167,0.0,0.0,1.804675978,0.98375217,6.6,5994.122954,6766.0001614879175
2000-03-22,6168,0.0,0.0,1.679480447,2.308353261,,6153.108153,7374.170308736151
2000-03-23,6169,11.12994824,3.698630137,1.959712291,0.339633397,,5811.484764,6130.250192601256
2000-03-24,6170,4.290442145,3.698630137,1.808648045,1.409647114,,5985.10646,6748.21429271681
2000-03-25,6171,2.73251795,3.698630137,1.667891061,1.622678401,,6166.659514,7435.553239466218
2000-03-26,6172,15.21718173,3.698630137,2.729312849,0.902210142,,5031.407306,4122.934964258264
2000-03-27,6173,0.96355677,3.698630137,2.067310056,1.273066384,,5670.817662,5750.214311870009
2000-03-28,6174,0.434505115,3.698630137,1.770787709,0.539359792,,6033.44516,6921.310395972852
2000-03-29,6175,0.377076,3.698630137,1.661555866,0.59688618,6.5,6180.019088,7469.505145659169
2000-03-30,6176,0.0,0.0,1.583069832,2.097429032,,6285.882767,7914.962588014938
2000-03-31,6177,0.0,0.0,1.504407821,1.653262043,,6403.9989,8412.88629177702
2000-04-01,6178,2.24581519,9.413532563,1.492944134,0.526525272,,6424.787072,8490.271038882858
2000-04-02,6179,19.76936237,2.071780184,2.81772905,0.904111322,,5003.726886,3968.473495507636
2000-04-03,6180,6.245763435,2.586933468,3.743597765,0.152994498,,4428.236765,2823.71326772175
2000-04-04,6181,4.92465267,6.284876863,2.518843575,0.920456393,,5281.305897,4538.853372685249
2000-04-05,6182,0.3690244,5.624633585,2.384195531,1.886312711,,5400.418446,4847.511834607329
2000-04-06,6183,0.0,0.0,2.201203911,2.949776172,,5564.015421,5333.954300487848
2000-04-07,6184,0.0,0.0,2.032843575,3.031087447,,5735.036906,5867.143699386396
2000-04-08,6185,0.0,0.0,1.913832402,3.179101749,,5867.200526,6306.617365593625
2000-04-09,6186,0.633550225,1.640385015,1.812117318,0.802429066,,5986.131197,6732.7498424068535
2000-04-10,6187,0.0,0.0,1.701276536,3.238487684,,6124.010846,7261.2128592336785
2000-04-11,6188,20.04308876,2.364790011,3.533731844,0.258553068,6.2,4581.071054,3025.774279229445
2000-04-12,6189,17.7521863,1.095890411,3.642058659,0.346503156,,4537.726174,2918.2821519985664
2000-04-13,6190,2.614839595,1.095890411,4.259212291,0.871452248,,4241.383517,2419.2481073862596
2000-04-14,6191,0.0,0.0,3.440664804,1.17483921,,4648.132536,3124.078819627186
2000-04-15,6192,0.0,0.0,2.904636872,1.510600937,,4987.515851,3826.682941679133
2000-04-16,6193,4.40790333,1.095890411,2.545089385,1.730187687,,5270.007914,4482.85629580752
2000-04-17,6194,24.09413063,1.095890411,5.770608939,0.069313363,,3588.313036,1681.2526608159442
2000-04-18,6195,6.445579435,1.095890411,8.231932961,1.605950973,5.2,3113.781963,1098.25578665587
2000-04-19,6196,3.141045585,3.01369863,5.119164804,2.47107811,,3903.34293,1940.783290872501
2000-04-20,6197,6.465570675,3.01369863,4.379027933,1.808227608,,4204.60744,2340.1542748486286
2000-04-21,6198,10.68532615,3.01369863,4.2705,1.698141376,,4271.832315,2411.5885642296325
2000-04-22,6199,3.95547235,3.01369863,4.932351955,1.814733337,,3987.235099,2029.1959841011112
2000-04-23,6200,3.780824725,3.01369863,3.963192737,1.517952147,,4395.409241,2637.315094425419
2000-04-24,6201,16.72208304,3.01369863,5.435622905,2.227498865,,3846.197032,1806.172320680338
2000-04-25,6202,15.089924,3.01369863,10.17525419,1.469458839,4.7,2746.71816,851.8177228644078
2000-04-26,6203,7.749017015,0.684931507,7.613421788,1.419923182,,3246.53069,1206.0613914263022
2000-04-27,6204,0.193596485,0.684931507,6.066980447,1.818150429,,3602.744632,1583.3048917037704
2000-04-28,6205,11.69801774,0.684931507,4.878226257,1.984617493,,4039.066133,2056.204785296767
2000-04-29,6206,6.156578365,0.684931507,7.247790503,2.10177808,,3302.932289,1279.3565715415173
2000-04-30,6207,0.068083685,0.684931507,4.719494413,4.576521731,,4058.101681,2139.3472470648894
2000-05-01,6208,0.0,0.0,3.894662011,4.414460769,,4420.867683,2693.0089651740486
2000-05-02,6209,0.0,0.0,3.333293296,3.911865283,6.4,4718.866034,3245.0069238637125
2000-05-03,6210,0.0,0.0,2.917558659,1.809571012,,4983.219819,3806.392311408958
2000-05-04,6211,0.0,0.0,2.585463687,1.318944222,,5227.366887,4399.149780057531
2000-05-05,6212,0.0,0.0,2.334846369,1.36716326,,5442.355191,4970.459278307374
2000-05-06,6213,0.0,0.0,2.126589385,3.940507505,,5635.419936,5558.819167511267
2000-05-07,6214,0.0,0.0,1.916195531,4.275887178,,5859.310569,6297.306530732209
2000-05-08,6215,0.0,0.0,1.756458101,4.732407096,,6053.54402,6988.9651909547665
2000-05-09,6216,0.060032085,1.40731606,1.654365922,2.924580377,6.5,6185.837996,7508.383938830615
2000-05-10,6217,0.0,0.0,1.543977654,2.502391788,,6341.591137,8155.449226616193
2000-05-11,6218,0.0,0.0,1.42949162,1.683685121,,6516.820915,8943.328524305012
2000-05-12,6219,0.0,0.0,1.361513966,1.869053735,,6634.994526,9480.384347374436
2000-05-13,6220,0.0,0.0,1.300801676,2.111335355,,6736.720985,10012.386848014994
2000-05-14,6221,0.0,0.0,1.203234637,5.45668879,,6922.064158,10991.655480772744
2000-05-15,6222,0.0,0.0,1.140837989,4.139282987,,7050.34159,11714.930785245888
2000-05-16,6223,10.87062835,12.49520257,1.178874302,1.296668773,6.4,6995.19299,11264.031216226356
2000-05-17,6224,24.46516603,3.698630137,2.430854749,1.054189421,,5340.703227,4736.298854459266
2000-05-18,6225,17.00308473,3.698630137,5.175653631,1.116979589,,3807.234397,1915.427037176466
2000-05-19,6226,8.70956319,3.698630137,3.863740223,1.679973791,,4431.157984,2718.8500104178247
2000-05-20,6227,10.21982892,3.698630137,3.256441341,1.39569296,,4788.18366,3336.9549695740416
2000-05-21,6228,3.99915855,3.698630137,4.599553073,1.355139207,,4101.301259,2206.365258283805
2000-05-22,6229,0.5025888,3.698630137,3.189117318,4.217131194,,4794.986172,3421.5122366252217
2000-05-23,6230,35.36007188,3.698630137,11.9222095,0.907614714,5.0,2311.334996,704.4180162111033
2000-05-24,6231,0.308992315,2.465753425,6.594611732,2.605809543,,3429.873231,1432.7039538314284
2000-05-25,6232,10.03438766,2.465753425,5.450530726,2.789859806,,3809.131039,1800.2536963699954
2000-05-26,6233,25.83364389,2.465753425,8.001351955,1.287144315,,3183.300688,1136.3059309142277
2000-05-27,6234,3.096579095,2.465753425,8.543790503,2.474600833,,2968.428033,1050.372196129794
2000-05-28,6235,2.787362845,2.465753425,5.620223464,2.475155987,,3747.543614,1735.309481997672
2000-05-29,6236,2.296510605,2.465753425,4.192567039,3.023052732,,4273.555566,2465.3964091937933
2000-05-30,6237,0.308992315,2.465753425,3.404589385,4.114148642,6.2,4673.18357,3163.774752972159
2000-05-31,6238,17.40556778,0.410958904,3.147963687,3.746668077,,4910.313684,3475.159715663757
2000-06-01,6239,22.06321164,0.410958904,8.048891061,0.838015642,,3154.562563,1128.2649322773066
2000-06-02,6240,35.25377003,0.410958904,17.18846648,1.19383206,,1953.506159,454.21572980613655
2000-06-03,6241,12.69307839,0.410958904,13.20144134,1.202839005,,2373.759535,623.3669491991548
2000-06-04,6242,0.437108085,0.410958904,8.868896648,1.968971236,,2958.868203,1004.3800541742148
2000-06-05,6243,0.0,0.0,5.840874302,4.46165923,,3675.021459,1657.0420798252542
2000-06-06,6244,4.746039235,0.410958904,4.63577933,2.316139793,5.8,4093.735947,2185.7218668534924
2000-06-07,6245,0.068083685,3.424657534,3.661793296,4.312796583,,4534.236142,2899.450895213402
2000-06-08,6246,0.0,0.0,3.08252514,4.244330423,,4870.155848,3563.710915848924
2000-06-09,6247,11.17986337,3.424657534,3.36147486,0.958451068,,4710.495257,3212.445414144535
2000-06-10,6248,1.037759595,3.424657534,2.704248603,4.343491706,,5130.563575,4168.7433272145
2000-06-11,6249,4.73221856,3.424657534,2.390932961,3.275041913,,5393.071588,4831.158434142088
2000-06-12,6250,3.76890449,3.424657534,2.32725419,1.455411352,,5450.613525,4989.883018806106
2000-06-13,6251,11.28151627,3.424657534,3.22124581,4.246115012,5.5,4755.968199,3380.675341281976
2000-06-14,6252,60.13798829,0.547945205,22.75989385,0.805475723,,1284.044107,324.31555623805014
2000-06-15,6253,0.065480715,0.547945205,9.106567039,3.650451466,,2886.946638,973.0341480938937
2000-06-16,6254,0.0,0.0,5.365659218,6.333379275,,3812.85134,1834.4321364213706
2000-06-17,6255,0.0,0.0,3.907332402,6.718122803,,4404.526116,2682.550153516051
2000-06-18,6256,0.0,0.0,3.129812849,8.652971348,,4834.149264,3499.313855936254
2000-06-19,6257,0.0,0.0,2.662667598,5.699446613,,5164.249686,4246.830358340556
2000-06-20,6258,0.99972897,0.547945205,2.425877095,1.994454628,5.9,5360.935083,4747.939387491531
2000-06-21,6259,16.16491077,3.150684932,2.60700838,1.668481215,,5227.110084,4355.645998576302
2000-06-22,6260,28.52212636,3.150684932,7.885156425,1.098434372,,3075.453219,1156.4088368397333
2000-06-23,6261,1.876790795,3.150684932,4.60576257,2.141480775,,4079.26843,2202.8014600882725
2000-06-24,6262,4.16999127,3.150684932,3.813284916,2.462795846,,4462.334943,2762.004664999113
2000-06-25,6263,0.0,0.0,3.081117318,3.323552433,,4868.952477,3565.6614084538373
2000-06-26,6264,0.068083685,3.150684932,2.64826257,3.917003034,,5177.495485,4274.510973172279
2000-06-27,6265,0.0,0.0,2.362248603,3.969386004,5.9,5415.237464,4901.493374914478
2000-06-28,6266,0.308992315,0.684931507,2.165178771,2.428223633,,5599.651071,5440.397813810066
2000-06-29,6267,7.04276214,0.684931507,2.028620112,2.966377863,,5740.407674,5881.772344194641
2000-06-30,6268,1.561377615,0.684931507,1.906114525,2.949136548,,5875.787254,6337.202820084902
2000-07-01,6269,4.02071038,0.684931507,1.876374302,2.760936837,,5907.347092,6457.648279693932
2000-07-02,6270,17.26756834,0.684931507,2.858329609,2.849595812,,4811.083534,3901.054664659514
2000-07-03,6271,7.416164825,0.684931507,2.269081006,3.991518057,,5506.212383,5143.4585995632615
2000-07-04,6272,0.714839235,0.684931507,2.192128492,1.55897294,,5548.500781,5360.407491308466
2000-07-05,6273,8.689407015,0.684931507,2.884927374,1.406439133,5.7,4936.88246,3858.016822168134
2000-07-06,6274,0.0,0.0,2.283636872,3.55214422,,5468.45998,5104.2250954195015
2000-07-07,6275,0.308992315,1.780821918,1.992846369,3.822877874,,5776.275295,6008.415006745192
2000-07-08,6276,35.47392997,1.780821918,3.30672067,1.583096893,,4798.014301,3276.268343646026
2000-07-09,6277,29.02418967,1.780821918,14.87086592,1.30053458,,2194.379953,540.4005410399656
2000-07-10,6278,15.70939145,1.780821918,11.97148324,0.924721824,,2530.208976,700.9424167721614
2000-07-11,6279,2.24165164,1.780821918,7.277153631,3.675853217,5.4,3287.515509,1273.1710770820403
2000-07-12,6280,1.328169235,4.341389655,5.001863128,2.146447542,,3947.906367,1995.4506099433452
2000-07-13,6281,5.94138511,2.761355889,4.531902235,1.418467121,,4144.856448,2245.887838861966
2000-07-14,6282,0.180096255,3.003635914,3.575689944,1.356102338,,4578.637737,2983.2903672652265
2000-07-15,6283,0.12006417,1.212663637,2.988226257,3.555021193,,4931.674657,3698.8292269310837
2000-07-16,6284,0.060032085,6.386723593,2.583301676,5.15953744,,5227.199989,4403.5594042246485
2000-07-17,6285,0.12006417,2.485060282,2.294497207,5.545404972,,5474.560929,5075.308369179324
2000-07-18,6286,0.060032085,3.170041989,2.073041899,6.366696514,6.1,5690.896058,5731.182533529296
2000-07-19,6287,0.0,0.0,1.926527933,6.005263278,,5850.908356,6256.89090210377
2000-07-20,6288,0.0,0.0,1.817044693,3.810249164,,5978.709236,6710.8972659885985
2000-07-21,6289,0.0,0.0,1.670907821,6.13326238,,6161.642186,7419.48500593334
2000-07-22,6290,0.0,0.0,1.55777933,4.818531367,,6320.968915,8069.0303124345855
2000-07-23,6291,0.0,0.0,1.49103352,1.455515104,,6426.935999,8503.295568095373
2000-07-24,6292,0.0,0.0,1.428687151,2.621594583,,6519.097645,8949.356601247748
2000-07-25,6293,0.0,0.0,1.336424581,2.706508607,6.0,6673.077823,9693.801999994299
2000-07-26,6294,0.499477445,2.054794521,1.269477654,2.780507823,,6799.456967,10308.787147488049
2000-07-27,6295,12.0292221,2.054794521,1.359879888,3.316801057,,6622.321582,9494.021188390587
2000-07-28,6296,0.5025888,2.054794521,1.242175978,3.486470616,,6833.369639,10580.543463697537
2000-07-29,6297,0.0,0.0,1.135307263,3.876467675,,7061.527608,11783.260695092564
2000-07-30,6298,0.0,0.0,1.066022346,3.454630636,,7212.158085,12705.491677122453
2000-07-31,6299,12.25755028,2.054794521,1.165248603,3.242455277,,7015.763783,11421.842437114292
2000-08-01,6300,2.93188351,2.054794521,1.141290503,3.457137864,,7036.738971,11709.372328424251
2000-08-02,6301,18.13637081,2.054794521,1.768248603,1.90858075,6.3,5955.52115,6933.210586049607
2000-08-03,6302,14.0100878,1.369863014,3.076994413,1.713328828,,4789.323193,3571.3848414474533
2000-08-04,6303,0.0,0.0,1.547371508,1.866027718,,6316.288739,8134.041702670115
2000-08-05,6304,0.562620885,1.369863014,1.325664804,4.927743219,,6687.749195,9788.048551911335
2000-08-06,6305,1.494266165,1.369863014,1.27953352,2.141473376,,6781.479861,10211.897507146434
2000-08-07,6306,4.19068966,1.369863014,1.304572626,1.599310604,,6736.268135,9977.757548380589
2000-08-08,6307,3.588270625,1.369863014,1.299796089,3.152444332,,6743.434159,10021.658596778943
2000-08-09,6308,18.95006952,1.369863014,2.00848324,1.419758119,6.4,5632.599345,5952.449355463126
2000-08-10,6309,2.74840399,0.410958904,2.42700838,2.397740198,,5305.884554,4745.289206637708
2000-08-11,6310,0.0,0.0,1.653812849,4.164181709,,6172.705478,7511.389995768051
2000-08-12,6311,2.900136955,0.410958904,1.520094972,1.939104503,,6380.434179,8309.066351636144
2000-08-13,6312,23.4829031,0.410958904,4.441550279,0.826944698,,3609.663901,2300.7395121354753
2000-08-14,6313,18.51894766,0.410958904,9.608756983,1.299933617,,2842.815767,912.3818725677752
2000-08-15,6314,6.29274572,0.410958904,5.728575419,1.904270806,5.0,3710.169584,1696.0479368013457
2000-08-16,6315,17.65073713,3.01369863,8.240455307,2.07763442,,3006.188513,1096.8942412926256
2000-08-17,6316,3.578933965,3.01369863,6.836530726,2.515885967,,3386.84676,1372.151351272542
2000-08-18,6317,3.42221221,3.01369863,5.314148045,1.420310693,,3856.47563,1855.7617230720134
2000-08-19,6318,0.068083685,3.01369863,4.172882682,3.991294482,,4274.081566,2479.3368365817646
2000-08-20,6319,0.3690244,3.01369863,3.305865922,3.668719841,,4731.437984,3277.2830806897327
2000-08-21,6320,0.761665995,3.01369863,2.820142458,2.291095578,,5049.168859,3964.4063058826414
2000-08-22,6321,0.308992315,3.01369863,2.441086592,3.698156422,5.9,5342.724604,4712.534782524854
2000-08-23,6322,0.0,0.0,2.175058659,3.74303527,,5588.558959,5410.820222715916
2000-08-24,6323,0.0,0.0,1.964564246,5.027165894,,5804.902965,6112.127209495214
2000-08-25,6324,2.56310179,0.74969754,1.816692737,3.37898964,,5983.352567,6712.4538503811555
2000-08-26,6325,1.428005155,5.818678378,1.755351955,2.069851294,,6051.42314,6994.238117179327
2000-08-27,6326,4.675109895,1.442900136,1.644486034,3.065383837,,6209.937566,7562.41757599839
2000-08-28,6327,8.147447085,1.829263151,1.986435754,2.968039117,,5758.750817,6031.638926045582
2000-08-29,6328,0.308992315,2.36174189,1.548578212,3.414476769,6.0,6329.027964,8126.45496378254
2000-08-30,6329,0.0,0.0,1.432860335,3.205145214,,6512.605307,8918.166656427302
2000-08-31,6330,15.8237643,1.780821918,2.305055866,1.127284012,,5287.959475,5047.4816673624755
2000-09-01,6331,14.2988195,1.780821918,3.832039106,1.53826127,,4415.511218,2745.818327320163
2000-09-02,6332,3.544341745,1.780821918,2.560952514,2.715430816,,5231.01622,4449.622094704193
2000-09-03,6333,0.308992315,1.780821918,2.059969274,3.116536707,,5699.779545,5774.758273985717
2000-09-04,6334,0.0,0.0,1.876625698,3.416396917,,5908.447362,6456.612568130151
2000-09-05,6335,10.05289608,1.780821918,2.182751397,1.657868717,5.7,5589.548687,5387.9938874725485
2000-09-06,6336,14.3336811,2.328767123,3.817709497,2.41886951,,4330.838732,2758.170156705203
2000-09-07,6337,28.85412052,2.328767123,6.59775419,0.600451756,,3270.941545,1431.88607644789
2000-09-08,6338,0.0,0.0,5.94676257,2.522083801,,3576.569879,1621.7429463407348
2000-09-09,6339,0.3690244,2.328767123,3.890212291,1.640639643,,4413.399793,2696.6997606787627
2000-09-10,6340,0.1335644,2.328767123,3.139391061,3.349662616,,4831.281555,3486.5294644339174
2000-09-11,6341,0.3690244,2.328767123,2.654019553,4.132411206,5.9,5169.957877,4263.40879496406
2000-09-12,6342,6.922990445,0.410958904,2.52827095,0.596021598,,5280.600316,4518.592505671141
2000-09-13,6343,5.11168037,0.410958904,2.232804469,1.85519367,,5541.721729,5243.685381707821
2000-09-14,6344,17.46125196,0.410958904,4.925061453,1.729815417,,3945.068223,2032.795955099293
2000-09-15,6345,4.780311,0.410958904,4.272310056,1.053465383,,4250.18997,2410.3644441240017
2000-09-16,6346,2.816487675,0.410958904,3.271550279,1.624682485,,4755.832538,3318.5032416097174
2000-09-17,6347,40.689147,0.410958904,9.398488827,0.966260466,,2622.205514,936.9104936017446
2000-09-18,6348,17.88999529,0.410958904,26.53202514,2.630124355,,1142.15958,269.8024502886968
2000-09-19,6349,9.228837715,0.410958904,7.699826816,1.661490427,5.4,3203.243428,1189.8552987701069
2000-09-20,6350,4.03657089,0.95890411,7.73172905,1.050712745,,3190.144714,1183.97228021216
2000-09-21,6351,1.617713595,0.95890411,5.160167598,0.577757761,,3900.808119,1922.317606189073
2000-09-22,6352,3.693549495,0.95890411,4.494946927,2.384886245,,4152.419542,2268.03022938757
2000-09-23,6353,0.068083685,0.95890411,3.591175978,2.445027308,,4572.396556,2967.8856102868294
2000-09-24,6354,14.57952628,0.95890411,3.862231844,0.800990005,,4496.026842,2720.1221795445595
2000-09-25,6355,37.14160362,0.95890411,14.44424581,2.049256681,,1840.585587,559.6013374877842
2000-09-26,6356,27.70829155,0.95890411,16.9983352,1.546459687,,1981.860825,460.31730323855174
2000-09-27,6357,28.29549826,0.95890411,25.09169832,0.43294828,4.5,1387.188547,288.4936015959196
2000-09-28,6358,6.22780262,10.68493151,15.25572905,1.81640806,,2112.067129,524.0892802681177
2000-09-29,6359,1.876790795,10.68493151,8.201086592,1.377414611,,3093.140856,1103.2098638513924
2000-09-30,6360,1.53914027,10.68493151,5.705572626,1.272268967,,3716.789726,1704.2460940865633
2000-10-01,6361,16.53505533,10.68493151,5.219673184,0.940358161,,3937.415655,1896.0855483510754
2000-10-02,6362,37.42290022,10.68493151,22.94577654,0.87073692,,1482.47049,321.1655345704319
2000-10-03,6363,18.70452538,10.68493151,10.42162291,0.887626224,5.8,2783.683493,827.728689909367
2000-10-04,6364,9.934097575,10.0,10.21919832,1.776567677,,2705.357264,847.4274351083336
2000-10-05,6365,13.95113706,10.0,12.69344413,1.005786629,,2434.044961,653.4054046066136
2000-10-06,6366,0.811581115,10.0,7.778715084,1.484120203,,3189.384364,1175.404207543645
2000-10-07,6367,16.25590915,10.0,8.230851955,0.43275697,,3128.989429,1098.4287115790903
2000-10-08,6368,9.53337885,10.0,7.756868715,0.975233106,,3214.245185,1179.3737831789144
2000-10-09,6369,33.48562197,10.0,17.71282961,0.380634275,,1868.954928,438.13269438542466
2000-10-10,6370,44.15815771,10.0,32.09060615,0.79820196,7.6,1141.646799,214.73336451207908
2000-10-11,6371,11.0951911,2.602739726,18.34695251,0.569775748,,1860.552442,420.0288944493574
2000-10-12,6372,3.31907647,2.602739726,9.932354749,0.855571154,,2792.359443,876.856486036914
2000-10-13,6373,1.2486892,2.602739726,6.869363128,1.317885005,,3400.936241,1364.294012041423
2000-10-14,6374,15.49900864,2.602739726,6.740949721,0.483164679,,3463.701412,1395.5048272987228
2000-10-15,6375,1.005177595,2.602739726,6.113312849,0.639297897,,3590.922432,1568.933689356957
2000-10-16,6376,7.63230328,2.602739726,5.115041899,0.580875303,,3929.933745,1942.658052263079
2000-10-17,6377,7.620480385,2.602739726,4.644578212,0.963390156,5.9,4123.614373,2180.7612401383412
2000-10-18,6378,2.9479867,8.356164384,6.004759777,0.918550381,,3619.862265,1602.9879780533365
2000-10-19,6379,6.939873945,8.356164384,5.574243017,0.678098032,,3785.201964,1752.4780377638976
2000-10-20,6380,2.13586799,8.356164384,4.777315642,0.577740849,,4047.154998,2108.35788812863
2000-10-21,6381,0.25362857,8.356164384,4.079162011,1.059868199,,4335.029526,2547.740210073662
2000-10-22,6382,1.746072055,8.356164384,3.56322067,1.258455089,,4595.254749,2995.801139994654
2000-10-23,6383,18.68083042,8.356164384,4.669391061,0.609055338,,4112.313585,2166.882858988264
2000-10-24,6384,12.13131556,8.356164384,5.886301676,0.557422266,6.2,3705.034104,1641.7273858526685
2000-10-25,6385,15.44516053,10.95890411,10.70130168,1.006090786,,2687.282939,801.8564849641033
2000-10-26,6386,14.2102592,10.95890411,7.165106145,0.67190798,,3372.688735,1297.0740460032907
2000-10-27,6387,48.91038691,10.95890411,35.95223464,0.587075777,,940.600703,187.3542537587735
2000-10-28,6388,25.13100043,10.95890411,17.92148883,0.400316449,,1934.408971,432.0200675876831
2000-10-29,6389,72.15694317,10.95890411,46.22767039,0.376084152,,659.6971145,138.54475539576572
2000-10-30,6390,82.84192945,10.95890411,73.86237151,0.303037237,,223.9568559,78.91691519467756
2000-10-31,6391,17.34114288,10.95890411,25.03603911,0.4544097,7.7,1368.094872,289.26344467871905
2000-11-01,6392,21.27371995,4.794520548,20.67041061,0.49402036,,1749.346598,364.0395670575851
2000-11-02,6393,23.49033935,4.794520548,18.20048883,0.483128827,,1921.796688,424.08724373531754
2000-11-03,6394,7.37405861,4.794520548,12.98662291,0.622300445,,2365.242378,635.7542610231286
2000-11-04,6395,11.83992867,4.794520548,10.3892933,0.568897908,,2739.468987,830.8182251734563
2000-11-05,6396,33.71587604,4.794520548,16.16684078,0.105794759,,1948.395987,488.8618174113157
2000-11-06,6397,17.48141544,4.794520548,31.49326257,0.156723502,,1036.715994,219.6313404709261
2000-11-07,6398,2.88196839,4.794520548,9.697600559,0.22997853,,2823.298743,902.3687762635036
2000-11-08,6399,15.3977378,4.794520548,7.492198324,0.389650339,6.6,3292.782649,1229.4914422695058
2000-11-09,6400,11.72181928,6.301369863,7.792843575,0.294867784,,3199.309998,1172.850023389843
2000-11-10,6401,30.27219705,6.301369863,14.09173743,0.377843376,,2164.429426,576.4334088450166
2000-11-11,6402,24.817262,6.301369863,19.21970112,0.33756948,,1815.633775,397.2512331296712
2000-11-12,6403,15.58916235,6.301369863,22.08288268,0.621647962,,1584.607477,336.2824332755681
2000-11-13,6404,6.332006285,6.301369863,10.72742179,0.359702214,,2674.147829,799.5158236108734
2000-11-14,6405,5.54878846,6.301369863,7.920377095,0.177611165,,3176.173438,1150.2468585118252
2000-11-15,6406,17.06732532,6.301369863,7.438675978,0.291775602,6.4,3381.504692,1240.1035567805504
2000-11-16,6407,13.18246186,3.759178612,11.66953073,0.329550013,,2520.735519,722.748810665569
2000-11-17,6408,18.16828958,4.722837984,12.9136676,0.279936429,,2417.387766,640.0643085815395
2000-11-18,6409,47.49629845,1.079743048,21.92296927,0.201486689,,1601.938403,339.22789291148285
2000-11-19,6410,33.14539516,4.251655648,36.78430726,0.325020972,,883.7140739,182.27835153755547
2000-11-20,6411,16.35101268,2.297961145,19.18163966,0.011186165,,1835.551265,398.197133735722
2000-11-21,6412,33.08079806,3.473559758,17.86419553,0.156584236,,1970.840539,433.6828304211081
2000-11-22,6413,20.46031618,0.605729934,28.87843575,0.185082126,,1143.991398,243.71167364775857
2000-11-23,6414,3.645457055,4.478113949,12.65206425,0.170386294,,2400.481989,655.9692092079522
2000-11-24,6415,2.26476405,9.657540393,8.376662011,0.23205512,,3077.352757,1075.5463405326723
2000-11-25,6416,30.54282181,10.66275992,11.07326816,0.375856646,,2855.36955,769.6658087752623
2000-11-26,6417,26.57288176,5.16440803,27.60692179,0.417275232,,1124.751542,257.2447747945358
2000-11-27,6418,23.7344857,3.84415969,13.90736313,0.183349725,,2339.769092,585.6114098203168
2000-11-28,6419,16.57931196,3.601185333,24.41038827,0.146069649,,1479.560284,298.1830989520163
2000-11-29,6420,4.36421715,4.022402158,10.65439106,0.396651819,,2679.928362,806.0918967520538
2000-11-30,6421,5.83746908,6.849315068,7.38153352,0.240715116,,3294.487946,1251.6202485152364
2000-12-01,6422,13.71151352,6.849315068,9.918351955,0.287642866,,2818.296236,878.3410626275388
2000-12-02,6423,3.149097185,6.849315068,7.251913408,0.405273182,,3316.877755,1278.484738171205
2000-12-03,6424,2.274881015,6.849315068,5.942162011,0.29914437,,3660.284693,1623.2478889774109
2000-12-04,6425,20.42896782,6.849315068,10.15112011,0.284241175,,2758.385256,854.2466432068119
2000-12-05,6426,18.27509621,6.849315068,11.60499721,0.374847206,,2585.081586,727.57125966584
2000-12-06,6427,10.60994563,6.849315068,10.82483799,0.368542497,7.0,2690.02845,790.8956409300571
2000-12-07,6428,26.95709579,5.068493151,17.85728212,0.119155662,,1754.272559,433.8842642272575
2000-12-08,6429,32.93923427,5.068493151,34.05230447,0.252486355,,1023.813221,199.97161905828733
2000-12-09,6430,25.6681559,5.068493151,23.56476536,0.331099565,,1533.064624,311.0691152695205
2000-12-10,6431,35.6875605,5.068493151,25.17199441,0.319373347,,1533.668733,287.389590587726
2000-12-11,6432,50.15536912,5.068493151,58.54510056,0.221779849,,363.1317045,104.32745020545758
2000-12-12,6433,26.41916733,5.068493151,24.51499441,0.2365877,6.5,1512.211295,296.6568988264057
2000-12-13,6434,14.88270458,39.04109589,20.11127933,0.355471381,,1737.600122,376.2164580958122
2000-12-14,6435,15.30397157,39.04109589,13.81688547,0.009809257,,2318.351855,590.2138858837191
2000-12-15,6436,1.575850085,39.04109589,10.55692458,0.038571553,,2703.50157,815.0242142497905
2000-12-16,6437,4.58126589,39.04109589,7.990717877,0.053006588,,3166.402656,1138.1190259449647
2000-12-17,6438,0.49998583,39.04109589,6.525,0.120448401,,3493.170999,1451.0437164523032
2000-12-18,6439,0.0,0.0,5.237673184,0.164253437,7.4,3877.299137,1888.2794798496313
2000-12-19,6440,8.044023725,6.147247548,5.532410615,0.083514284,,3792.520414,1768.3703819692362
2000-12-20,6441,0.0,0.0,4.643849162,0.207232351,,4089.397845,2181.171478680696
2000-12-21,6442,0.0,0.0,3.999393855,0.11174455,,4376.860422,2608.74038623852
2000-12-22,6443,0.308992315,3.525352167,3.647589385,0.138340405,,4551.924148,2912.982024676561
2000-12-23,6444,0.060032085,4.823535445,3.358282123,0.055624983,,4710.423141,3216.1042161480395
2000-12-24,6445,3.738640775,4.003221574,3.315142458,0.053352096,,4745.156001,3266.300919001599
2000-12-25,6446,0.335212485,4.730597796,3.036620112,0.0,,4899.910916,3628.3355820465054
2000-12-26,6447,0.065480715,2.722005051,2.642379888,0.0,,5182.906536,4285.910458798992
2000-12-27,6448,0.068083685,6.923621062,2.382863128,0.0,,5404.713175,4850.7579354073
2000-12-28,6449,0.0,0.0,2.219354749,0.0,,5539.222657,5281.760257446813
2000-12-29,6450,0.0,0.0,1.985430168,0.0,,5784.8808,6035.29683750511
2000-12-30,6451,0.0,0.0,1.837332402,0.0,,5954.615326,6622.277545062723
2000-12-31,6452,2.74978352,3.756616827,1.868631285,0.063781714,,5942.796468,6489.698194941231
2001-01-01,6453,15.08146477,3.651652279,5.267790503,0.328522974,,3859.445388,1875.3495053888212
2001-01-02,6454,27.14760393,3.486114804,12.30327654,0.262316426,,2402.377938,678.3340967926835
2001-01-03,6455,3.835165495,22.70814548,8.058217877,0.15117859,,3097.971465,1126.6995799198078
2001-01-04,6456,5.20313856,11.27287622,6.45003352,0.028457998,7.8,3516.860304,1471.2812457926366
2001-01-05,6457,0.562620885,6.02739726,4.763840782,0.160387397,,4039.772903,2115.5059096032987
2001-01-06,6458,3.91360884,6.02739726,3.994089385,0.248176117,,4381.400394,2612.8918007793764
2001-01-07,6459,17.82606789,6.02739726,4.777743017,0.323269232,,4131.876436,2108.131902823549
2001-01-08,6460,4.903515745,6.02739726,6.883969274,0.049784447,,3331.698753,1360.824980606588
2001-01-09,6461,0.308992315,6.02739726,4.518980447,0.322650479,7.5,4141.856413,2253.584909313674
2001-01-10,6462,0.0,0.0,3.840058659,0.092223466,,4449.266319,2738.9498228332186
2001-01-11,6463,0.0,0.0,3.312905028,0.13530308,,4733.175045,3268.943550878457
2001-01-12,6464,0.0,0.0,2.955846369,0.296616862,,4958.708187,3747.413434990829
2001-01-13,6465,0.060032085,7.358292108,2.638081006,0.138163835,,5186.524083,4294.276169927476
2001-01-14,6466,0.44255671,4.677715885,2.375798883,0.422150999,,5405.192834,4868.035202468414
2001-01-15,6467,0.0,0.0,2.178628492,0.142680012,,5585.433809,5400.205592902382
2001-01-16,6468,0.0,0.0,1.979145251,0.053210541,,5790.69752,6058.251308060839
2001-01-17,6469,0.0,0.0,1.821318436,0.075465946,7.0,5973.658686,6692.04863010087
2001-01-18,6470,0.060032085,4.657534247,1.684659218,0.047427713,,6146.747157,7347.040737123509
2001-01-19,6471,0.0,0.0,1.591340782,0.10059953,,6272.326543,7865.74248620477
2001-01-20,6472,0.308992315,4.657534247,1.466396648,0.31444052,,6460.699004,8674.585942959147
2001-01-21,6473,3.20092215,4.657534247,1.473787709,0.157526972,,6453.602588,8622.538415125542
2001-01-22,6474,14.73821011,4.657534247,3.297569832,0.165987546,,4630.535859,3287.162034706096
2001-01-23,6475,21.40816795,4.657534247,6.313801676,0.243979067,7.9,3460.87212,1509.4118395396642
2001-01-24,6476,13.4430741,9.04109589,11.11763966,0.445268613,,2553.927764,765.9836531746233
2001-01-25,6477,10.02633608,9.04109589,7.113444134,0.328875589,,3367.587912,1308.3740477063127
2001-01-26,6478,8.90085162,9.04109589,9.15976257,0.305739017,,2942.202079,966.2628303906696
2001-01-27,6479,2.09408223,9.04109589,5.917927374,0.067688598,,3646.015448,1631.2180211326604
2001-01-28,6480,0.060032085,9.04109589,4.28322067,0.263128858,,4235.427005,2403.0097919126574
2001-01-29,6481,1.30611831,9.04109589,3.521463687,0.725403229,,4612.278581,3038.406436533866
2001-01-30,6482,12.52371446,9.04109589,4.938611732,0.303266135,7.4,4000.571394,2026.114290746835
2001-01-31,6483,0.8796648,5.479452055,4.159382682,0.359655772,,4285.407273,2488.9813427435492
2001-02-01,6484,12.8173255,5.479452055,4.026117318,0.116207916,,4413.382139,2588.0086080657456
2001-02-02,6485,13.80535752,5.479452055,5.348212291,0.291404533,,3899.449029,1841.6059533704815
2001-02-03,6486,13.73228504,5.479452055,13.55322067,0.27407758,,2214.242531,604.0119792265576
2001-02-04,6487,35.31808566,5.479452055,20.39847486,0.278825248,,1747.877677,369.87017537582244
2001-02-05,6488,11.34777729,5.479452055,13.78712011,0.253742232,,2296.644938,591.7425306493678
2001-02-06,6489,7.06608927,5.479452055,8.998667598,0.623720013,,2959.913652,987.0392807467081
2001-02-07,6490,2.8144223,5.479452055,7.260812849,0.623496738,7.5,3308.274836,1276.6065626517254
2001-02-08,6491,0.060032085,1.232876712,5.527332402,0.378092424,,3767.710124,1770.317617335645
2001-02-09,6492,0.0,0.0,4.290787709,0.819539828,,4239.529633,2397.9331120363877
2001-02-10,6493,18.58866969,1.232876712,5.214997207,0.214285385,,3913.276665,1898.1230712245545
2001-02-11,6494,79.861692,1.232876712,61.39463128,0.318779341,,433.9392793,98.53953125815795
2001-02-12,6495,28.78182833,1.232876712,35.93212291,0.39854636,,930.7847738,187.48014417295147
2001-02-13,6496,0.3690244,1.232876712,10.00925698,1.026172238,,2757.345511,868.7846488874009
2001-02-14,6497,0.0,0.0,6.344622905,1.466227679,7.1,3530.674711,1500.627584075895
2001-02-15,6498,0.065480715,4.999137321,4.753332402,1.217052167,,4045.915079,2121.111208558316
2001-02-16,6499,0.12811577,2.702065492,3.865248603,1.198261435,,4432.402615,2717.578931183923
2001-02-17,6500,0.0,0.0,3.310944134,0.966513573,,4734.737943,3271.262791848454
2001-02-18,6501,0.0,0.0,2.916175978,0.840445717,,4983.858759,3808.5540513849232
2001-02-19,6502,0.91855284,7.304502045,2.689391061,0.244873334,,5155.479139,4196.3405638186805
2001-02-20,6503,1.52022685,10.29248373,2.34109248,1.170214504,6.9,5443.618727,4954.583016510516
2001-02-21,6504,3.27833188,1.8070641,1.62428352,0.635007449,,6234.464923,7675.155533855373
2001-02-22,6505,7.839012415,6.810956945,1.62428352,0.607388866,,6234.464923,7675.155533855373
2001-02-23,6506,1.967176825,5.539895315,1.62428352,0.626310019,,6234.464923,7675.155533855373
2001-02-24,6507,1.49271154,5.456566,1.62428352,0.947116681,,6234.464923,7675.155533855373
2001-02-25,6508,3.01293839,5.089347903,1.62428352,0.292597685,,6234.464923,7675.155533855373
2001-02-26,6509,5.38784693,8.673236442,1.62428352,0.078371144,,6234.464923,7675.155533855373
2001-02-27,6510,1.076747505,3.842228048,1.62428352,0.101712553,,6234.464923,7675.155533855373
2001-02-28,6511,0.97773694,1.270137677,1.62428352,0.0,,6234.464923,7675.155533855373
2001-03-01,6512,0.65731284,4.431057996,1.62428352,0.496963796,,6234.464923,7675.155533855373
2001-03-02,6513,0.32865642,4.899755653,1.62428352,0.112709737,,6234.464923,7675.155533855373
2001-03-03,6514,1.31462568,14.31614399,1.62428352,0.353974738,,6234.464923,7675.155533855373
2001-03-04,6515,4.272533455,1.403964982,1.62428352,0.6165032,,6234.464923,7675.155533855373
2001-03-05,6516,1.314625675,1.39245744,1.62428352,0.562447853,,6234.464923,7675.155533855373
2001-03-06,6517,5.66147273,30.48173386,1.62428352,1.014972057,,6234.464923,7675.155533855373
2001-03-07,6518,12.64104177,2.38745393,1.62428352,1.115864262,,6234.464923,7675.155533855373
2001-03-08,6519,2.32463962,4.413046934,1.62428352,0.938692933,,6234.464923,7675.155533855373
2001-03-09,6520,13.81203815,2.199681341,4.683217877,0.541420674,,4158.588392,2159.21928960363
2001-03-10,6521,18.85366944,4.490577815,10.81116201,0.322679507,,2618.928209,792.0955030758553
2001-03-11,6522,6.19844189,1.927243566,6.664851955,0.485740288,,3448.072477,1414.6248593383416
2001-03-12,6523,10.55382713,1.786947856,5.562553073,0.750556584,,3795.038884,1756.892668203247
2001-03-13,6524,4.391800145,5.021848641,6.047094972,1.761945072,,3611.768613,1589.5471407892292
2001-03-14,6525,0.882267765,10.61382276,4.25702514,1.247948246,,4247.64877,2420.7374123980517
2001-03-15,6526,11.67233518,1.402700395,4.050879888,0.694672568,,4396.31465,2569.066139020027
2001-03-16,6527,2.08104184,6.423454422,5.197927374,0.162496745,,3856.652242,1905.5953246420727
2001-03-17,6528,0.65480715,35.78172033,3.797949721,0.053944066,,4465.213308,2775.370704716037
2001-03-18,6529,3.23599246,6.342655773,3.321980447,0.042547105,,4729.072547,3258.2487933971015
2001-03-19,6530,0.188147855,34.51961747,2.947148045,0.109474742,,4965.137093,3760.66471208392
2001-03-20,6531,1.770175775,4.361820275,2.663069832,0.268988016,,5170.914312,4246.062147455057
2001-03-21,6532,1.178652865,6.502410322,2.706913408,0.054890035,,5154.150694,4163.828752274466
2001-03-22,6533,15.51392318,3.234086329,11.65004749,0.521414185,,2428.122583,724.1985627273609
2001-03-23,6534,27.6680938,3.814750563,14.18965642,1.095677998,,2280.932798,571.6655842727497
2001-03-24,6535,0.308992315,9.487543774,9.866136872,0.42331242,,2801.439859,883.9177589857843
2001-03-25,6536,0.065480715,15.97921019,6.423863128,0.969671581,,3504.582543,1478.4683596250875
2001-03-26,6537,0.570672485,2.031616047,4.531902235,1.053087892,,4127.525934,2245.887838861966
2001-03-27,6538,5.97570182,5.666876158,4.098921788,0.443034022,,4335.600704,2533.0322422375866
2001-03-28,6539,1.002574625,6.704380744,3.555854749,1.857406296,,4589.768563,3003.236873718809
2001-03-29,6540,5.83540371,3.12175416,3.236103352,1.294968345,,4792.268029,3362.091677100534
2001-03-30,6541,1.44228568,15.32778523,3.055148045,1.860103891,,4888.861257,3601.9953658094482
2001-03-31,6542,18.6354187,0.76033383,5.907092179,0.74139918,,3538.752099,1634.8046823886411
2001-04-01,6543,0.37447303,4.360757707,4.233268156,2.344298314,,4240.503969,2437.0233075371834
2001-04-02,6544,10.07332776,1.718909138,4.701821229,0.666848906,,4058.293838,2148.9864138427843
2001-04-03,6545,9.557403665,9.536221853,4.173812849,1.414923706,,4367.962281,2478.6748416591145
2001-04-04,6546,12.11934708,0.805349821,9.251396648,0.905830652,,2921.327529,954.7991437695431
2001-04-05,6547,28.49518123,11.00192704,21.15485196,0.220113265,,1441.393108,354.0601212780248
2001-04-06,6548,13.26921686,0.904772956,14.11712849,0.499937352,,2283.9542,575.1900964733022
2001-04-07,6549,3.30465753,0.474050263,11.1297067,0.706751863,,2595.670455,764.9878537483496
2001-04-08,6550,27.39742697,2.912732011,13.32507821,0.825236812,,2206.852259,616.4363655729308
2001-04-09,6551,5.223550655,1.022139593,10.33868715,1.045355917,,2692.79527,835.6969906650397
2001-04-10,6552,15.88413671,0.452372452,11.29826816,0.992044442,,2611.245875,751.3219622372692
2001-04-11,6553,0.16927274,2.260701081,6.927812849,1.918422113,,3382.140666,1350.5084110061775
2001-04-12,6554,0.52361802,2.111560922,5.168689944,1.487382653,,3896.378313,1918.5199427695507
2001-04-13,6555,0.69289076,14.38866755,4.21046648,0.758454622,,4273.485491,2452.8443134459926
2001-04-14,6556,21.57442958,3.500779719,4.804617318,0.74626616,,4078.594061,2094.010123874437
2001-04-15,6557,6.640914625,1.848611893,7.001773743,1.480018379,,3299.056972,1333.4265877718544
2001-04-16,6558,0.17874919,3.267658356,4.335159218,2.754200974,,4213.746466,2368.5560794501152
2001-04-17,6559,15.87466027,16.35752245,4.851301676,1.01895013,,3989.618903,2069.886987889058
2001-04-18,6560,0.53309447,5.930744916,4.637136872,2.00649847,,4050.532651,2184.955163474895
2001-04-19,6561,1.376305075,4.635125284,3.671924581,2.202494642,,4534.315274,2889.8697328178923
2001-04-20,6562,1.401581325,4.197939607,3.292089385,2.863386291,,4747.92371,3293.718136628229
2001-04-21,6563,1.38895177,0.550988173,2.998307263,2.452068432,,4934.916108,3683.93839961462
2001-04-22,6564,24.12747073,4.890216216,5.943142458,0.305704651,,3568.674703,1622.9269488304558
2001-04-23,6565,0.0,0.0,4.380108939,3.18519106,,4158.871994,2339.4622899855744
2001-04-24,6566,13.09992697,2.636951818,6.237905028,0.501408155,,3461.865493,1531.4499184168849
2001-04-25,6567,0.0,0.0,5.559234637,1.628016453,,3722.85459,1758.1495715331412
2001-04-26,6568,0.526788265,11.88316173,4.080393855,3.025617151,,4329.932394,2546.818726259019
2001-04-27,6569,14.46358535,2.12307717,4.442103352,1.767295157,,4187.378258,2300.396285549633
2001-04-28,6570,10.68272635,4.663456784,6.524723464,1.879171895,,3477.522681,1451.1174298779663
2001-04-29,6571,3.818799095,2.541434089,5.957773743,2.57612629,,3636.157787,1618.151322508122
2001-04-30,6572,0.0,0.0,4.306801676,2.423991244,,4230.33918,2387.2540471301936
2001-05-01,6573,0.17559609,9.475217104,3.620086592,4.588515591,,4559.324305,2939.513922985021
2001-05-02,6574,0.0,0.0,3.224564246,3.038803248,,4789.45479,3376.508357713037
2001-05-03,6575,0.0,0.0,2.878994413,3.426731135,,5007.910786,3867.541269959374
2001-05-04,6576,0.52361802,2.929341778,2.570103352,1.916088324,,5240.754454,4430.655395380499
2001-05-05,6577,0.0,0.0,2.295,3.483380014,,5475.398276,5073.976911315119
2001-05-06,6578,0.0,0.0,2.070603352,2.462095002,,5692.856815,5739.265242854202
2001-05-07,6579,0.0,0.0,1.899829609,4.793134376,,5880.317217,6362.311213736789
2001-05-08,6580,0.0,0.0,1.768349162,4.013811375,,6039.024139,6932.73857603227
2001-05-09,6581,1.395257975,12.64209091,1.667564246,3.520048973,,6172.394669,7437.297794214694
2001-05-10,6582,8.566113975,0.745752396,1.766312849,2.318990844,,6060.590964,6942.308251262451
2001-05-11,6583,0.0,0.0,1.636918994,2.794613692,,6188.098239,7604.286734319519
2001-05-12,6584,0.17559609,4.852319544,1.443494413,6.075585248,,6491.691696,8839.583351187732
2001-05-13,6585,5.743998435,4.927665241,1.41000838,3.72521028,,6556.762545,9091.446535604513
2001-05-14,6586,2.442494025,1.652158614,1.375240223,1.457374062,,6612.789475,9367.238720362397
2001-05-15,6587,0.0,0.0,1.334162011,1.430170074,,6672.908754,9713.481631492568
2001-05-16,6588,22.48085648,5.063239616,2.395759777,1.434324956,,5137.354551,4819.5046619329205
2001-05-17,6589,20.53980594,5.4128096,4.841572626,0.751440229,,3955.654065,2074.8721128503826
2001-05-18,6590,0.52361802,4.747872679,2.57397486,2.022297356,,5206.214297,4422.67560376481
2001-05-19,6591,0.0,0.0,2.068818436,1.872696937,,5690.081841,5745.194718882275
2001-05-20,6592,0.0,0.0,1.887083799,2.517448344,,5896.695108,6413.795281437937
2001-05-21,6593,0.0,0.0,1.767997207,4.622496754,,6039.889721,6934.390862017314
2001-05-22,6594,0.0,0.0,1.62374581,5.984204759,5.8,6225.462358,7678.198272137792
2001-05-23,6595,0.0,0.0,1.516776536,6.60336416,,6381.671548,8330.831648405083
2001-05-24,6596,0.0,0.0,1.423131285,6.718076748,,6529.087578,8991.192380294822
2001-05-25,6597,0.0,0.0,1.378030726,3.553793385,,6607.245543,9344.539167271809
2001-05-26,6598,2.263744825,0.821917808,1.373505587,1.721378422,,6614.99988,9381.400297838001
2001-05-27,6599,24.76033255,0.821917808,1.765583799,1.0893301,,6062.227905,6945.740323087193
2001-05-28,6600,6.631438185,0.821917808,2.183756983,1.924892006,,5575.428815,5385.023105934831
2001-05-29,6601,0.0,0.0,1.569142458,4.424871415,5.9,6287.536736,7999.132330964656
2001-05-30,6602,1.567700955,1.098840179,1.414860335,2.653717469,,6545.997414,9054.141441846332
2001-05-31,6603,0.69289076,3.955011059,1.355505587,3.054634894,,6639.608211,9530.703675360286
2001-06-01,6604,5.725045535,1.837181725,1.365863128,1.278554234,,6633.696465,9444.263897867779
2001-06-02,6605,9.061302645,3.527878752,1.656050279,2.65539632,,6185.333165,7499.242719437872
2001-06-03,6606,0.0,0.0,1.344594972,4.914543787,,6654.755216,9623.34184358516
2001-06-04,6607,0.0,0.0,1.266360335,3.64264418,,6803.784476,10339.166140509886
2001-06-05,6608,6.261293105,4.376767699,1.234910615,4.406318287,6.1,6883.726203,10655.086713765206
2001-06-06,6609,12.94643689,3.835616438,1.614368715,1.398412521,,6227.798752,7731.618413923921
2001-06-07,6610,0.17559609,3.835616438,1.512527933,3.264049877,,6350.080463,8358.850942298692
2001-06-08,6611,4.903940935,3.835616438,1.311988827,4.35471776,,6716.975663,9910.290588611359
2001-06-09,6612,1.21335568,3.835616438,1.258189944,3.633132015,,6820.254404,10419.57318740803
2001-06-10,6613,0.0,0.0,1.185058659,5.740283844,,6957.404736,11193.71838910261
2001-06-11,6614,0.0,0.0,1.159290503,2.124947957,,7016.977639,11492.129225558438
2001-06-12,6615,0.0,0.0,1.133648045,2.429925261,5.8,7067.941043,11803.902447408298
2001-06-13,6616,0.0,0.0,1.096868715,3.81293305,,7147.167863,12279.104925787966
2001-06-14,6617,6.634608425,1.506849315,1.144684358,2.755335395,,7056.426745,11667.837668193648
2001-06-15,6618,19.3643732,1.506849315,1.96423743,2.150468223,,5728.869299,6113.344841759244
2001-06-16,6619,2.279544625,1.506849315,1.706882682,1.743205862,,6073.283327,7232.671078912836
2001-06-17,6620,0.0,0.0,1.378106145,1.769287489,,6593.485466,9343.92706663603
2001-06-18,6621,0.0,0.0,1.251377095,3.706988803,,6831.380741,10487.502222117098
2001-06-19,6622,1.385781525,1.506849315,1.213139665,4.228512793,6.0,6903.431026,10884.336605547574
2001-06-20,6623,8.713280705,0.976850633,1.370891061,3.399566464,,6614.977029,9402.819668743716
2001-06-21,6624,0.0,0.0,1.190337989,6.09308369,,6943.056713,11134.329614832623
2001-06-22,6625,0.0,0.0,1.120072626,5.352271951,,7095.932304,11975.313634170783
2001-06-23,6626,0.0,0.0,1.075851955,4.563949652,,7193.468505,12566.702753837355
2001-06-24,6627,0.0,0.0,1.038343575,4.654516836,,7280.33511,13111.832012684
2001-06-25,6628,0.0,0.0,0.995631285,5.928661039,,7384.271294,13787.721120688724
2001-06-26,6629,0.0,0.0,0.951687151,6.984998595,5.9,7495.634946,14552.922067148758
2001-06-27,6630,3.135384775,1.780821918,0.969184358,2.017932626,,7456.551816,14239.112607881758
2001-06-28,6631,11.99578082,1.780821918,1.146318436,2.685230782,,7039.36284,11647.935788138991
2001-06-29,6632,6.61880863,1.780821918,1.146243017,1.971269554,,7043.613401,11648.852965350909
2001-06-30,6633,1.740126805,1.780821918,1.076455307,2.414048137,,7181.638593,12558.274357295002
2001-07-01,6634,2.09131899,1.780821918,0.982231844,3.947455405,,7414.370778,14013.085264679736
2001-07-02,6635,0.0,0.0,0.90600838,6.624046455,,7615.826049,15435.118900833862
2001-07-03,6636,10.47551353,1.780821918,0.876192737,4.807141713,6.0,7712.834934,16065.626034127221
2001-07-04,6637,40.68559672,0.95890411,7.18574581,2.596005867,,2726.269056,1292.609439343557
2001-07-05,6638,0.0,0.0,2.427335196,4.777030239,,5301.999293,4744.524103161724
2001-07-06,6639,0.0,0.0,1.846081006,2.538580847,,5936.193451,6584.721981575545
2001-07-07,6640,0.17559609,0.95890411,1.644209497,3.627387202,,6197.739415,7563.940232590765
2001-07-08,6641,0.16927274,0.95890411,1.538044693,1.508446009,,6349.32684,8193.122036307506
2001-07-09,6642,0.0,0.0,1.395100559,3.912267997,,6571.062941,9207.851941265173
2001-07-10,6643,33.97832981,0.95890411,2.246656425,2.109007823,5.9,5729.01485,5204.994859408276
2001-07-11,6644,13.87808864,10.1369863,12.01308939,1.619204947,,2462.44085,698.0320572904818
2001-07-12,6645,6.64410201,10.1369863,5.018631285,3.488035076,,4002.811906,1987.4638820095113
2001-07-13,6646,25.84554294,10.1369863,10.83034358,4.028142344,,2629.630258,790.4135482023496
2001-07-14,6647,4.029165015,10.1369863,5.43449162,3.37524326,,3784.098997,1806.62291409095
2001-07-15,6648,0.16927274,10.1369863,3.791036313,4.161092244,,4455.701906,2781.435237097865
2001-07-16,6649,0.0,0.0,2.988150838,4.379970366,,4928.129341,3698.941045597664
2001-07-17,6650,50.96342527,10.1369863,6.41327933,1.358626584,6.3,3331.102055,1481.3932719946004
2001-07-18,6651,13.64568527,0.684931507,13.75964246,0.626304207,,2135.239416,593.1601413464355
2001-07-19,6652,0.0,0.0,5.982284916,2.925338878,,3612.009853,1610.2084167573348
2001-07-20,6653,16.0376268,0.684931507,5.24322905,2.93951139,,3906.562526,1885.8819559977333
2001-07-21,6654,9.24637518,0.684931507,7.195600559,1.248630223,,3316.169636,1290.487664789574
2001-07-22,6655,0.0,0.0,5.340594972,2.601564599,,3823.212346,1844.7541921297495
2001-07-23,6656,0.17874919,0.684931507,4.063223464,2.628110263,,4336.504417,2559.7184441519066
2001-07-24,6657,0.0,0.0,3.385835196,3.12585301,7.3,4688.625471,3184.7784651308084
2001-07-25,6658,0.0,0.0,2.931863128,3.543907141,,4970.569058,3784.1595143087607
2001-07-26,6659,0.0,0.0,2.51401676,5.536212338,,5279.433518,4549.291551552336
2001-07-27,6660,0.0,0.0,2.206357542,5.862406722,,5555.091938,5319.038773521304
2001-07-28,6661,0.0,0.0,1.972282123,5.786967591,,5796.218891,6083.501159258368
2001-07-29,6662,0.0,0.0,1.801458101,5.380860179,,5996.739055,6780.472131460935
2001-07-30,6663,0.0,0.0,1.663164804,5.718864225,,6169.652234,7460.855532310055
2001-07-31,6664,2.94200047,0.660639338,1.605946927,4.196816227,6.2,6254.02871,7780.180510937194
2001-08-01,6665,0.308992315,0.547945205,1.466773743,3.557743086,,6458.774015,8671.916511075699
2001-08-02,6666,11.17495233,0.547945205,1.725083799,0.568620648,,6075.934891,7141.409507289806
2001-08-03,6667,1.25880616,0.547945205,1.486734637,2.512634714,,6415.718121,8532.735198239458
2001-08-04,6668,2.533177915,0.547945205,1.339667598,2.521790795,,6667.2744,9665.721784856427
2001-08-05,6669,0.193596485,0.547945205,1.229103352,4.266186494,,6868.991426,10715.3658777073
2001-08-06,6670,23.73004066,0.547945205,2.57701676,0.84432536,6.2,5189.397244,4416.4242379031875
2001-08-07,6671,32.77977018,8.630136986,7.826807263,1.259147866,,2911.047227,1166.7514289282649
2001-08-08,6672,5.825680955,8.630136986,5.679377095,1.888242995,,3639.22653,1713.671040164454
2001-08-09,6673,1.691245905,8.630136986,3.521086592,2.155057494,,4598.788312,3038.796252076237
2001-08-10,6674,0.12811577,8.630136986,2.754125698,3.591550213,,5088.88499,4078.487324696206
2001-08-11,6675,68.58916127,8.630136986,12.94280447,1.00839939,,2209.05325,638.336556912212
2001-08-12,6676,37.29829983,8.630136986,32.04543017,1.312505992,,1103.688255,215.09677392727133
2001-08-13,6677,5.799493605,8.630136986,11.66641341,1.218644916,,2529.789991,722.980413460226
2001-08-14,6678,0.060032085,8.630136986,6.708393855,4.224416798,,3421.909172,1403.626350417912
2001-08-15,6679,11.98261258,8.630136986,5.500206704,2.838610814,5.9,3784.083941,1780.78587584671
2001-08-16,6680,8.30154033,1.095890411,5.333958101,2.704688456,,3849.465196,1847.5052667950986
2001-08-17,6681,1.98880336,1.095890411,4.253656425,2.128621833,,4247.421991,2423.0345760863174
2001-08-18,6682,13.89762153,1.095890411,3.963318436,0.713406892,,4439.573762,2637.2148837105296
2001-08-19,6683,16.7948074,1.095890411,11.84731844,1.469032076,,2461.582757,709.7614607623168
2001-08-20,6684,0.939696885,1.095890411,6.645620112,2.895898572,,3436.039578,1419.5331896509172
2001-08-21,6685,4.311534125,1.095890411,4.761125698,2.247143449,6.0,4046.861216,2116.95156431175
2001-08-22,6686,0.060032085,7.861361082,3.819871508,3.502562937,,4445.691715,2756.300025617096
2001-08-23,6687,2.748403985,1.125626705,3.346541899,1.609731916,,4716.774292,3229.6242035308837
2001-08-24,6688,5.50692494,0.376828645,3.053086592,1.064730455,,4900.144211,3604.908668753359
2001-08-25,6689,3.078167835,0.767084351,2.955846369,3.796072163,,4956.806711,3747.413434990829
2001-08-26,6690,0.0,0.0,2.462354749,2.893454635,,5325.122462,4663.83176263225
2001-08-27,6691,0.0,0.0,2.168773743,4.379092701,,5592.751843,5429.601229877628
2001-08-28,6692,0.0,0.0,1.970622905,4.734960792,6.0,5800.090534,6089.634516878851
2001-08-29,6693,0.0,0.0,1.839192737,4.083223605,,5953.115204,6614.258744589553
2001-08-30,6694,6.069545825,1.506849315,1.838363128,1.409118172,,5960.284698,6617.832495020553
2001-08-31,6695,14.00191024,1.506849315,2.831958101,2.342594673,,4955.000998,3944.6038841231266
2001-09-01,6696,3.530303915,1.506849315,1.941988827,2.754118656,,5833.113111,6197.296455412536
2001-09-02,6697,15.34301497,1.506849315,3.087477654,1.291415143,,4850.383718,3556.864890034216
2001-09-03,6698,10.70139654,1.506849315,3.16272067,1.021094275,,4833.514379,3455.7462680715403
2001-09-04,6699,0.068083685,1.506849315,2.556879888,3.234494205,5.6,5237.273465,4458.111278446074
2001-09-05,6700,24.74696014,2.191780822,4.409019553,1.346681719,,3965.379655,2321.093969979226
2001-09-06,6701,0.065480715,2.191780822,5.010988827,2.677866597,,3836.415768,1991.0967262400884
2001-09-07,6702,18.6920153,2.191780822,3.937173184,1.363792726,,4555.735157,2658.2099960752385
2001-09-08,6703,11.6075764,2.191780822,9.889189944,2.206919688,,2714.806264,881.4476554872058
2001-09-09,6704,0.0,0.0,4.758234637,2.566282659,,4032.620016,2118.4929112675673
2001-09-10,6705,2.36121102,2.191780822,3.703198324,3.012092048,,4514.146301,2860.657168498958
2001-09-11,6706,0.26168017,2.191780822,3.270519553,1.533101991,5.8,4755.307922,3319.7560601600094
2001-09-12,6707,35.133496,7.671232877,9.61049162,0.950456516,,2383.511991,912.1844225477554
2001-09-13,6708,19.56479087,7.671232877,11.17465642,0.981006795,,2609.362019,761.2992976269929
2001-09-14,6709,3.889991635,7.671232877,7.214706704,2.09470001,,3304.72326,1286.3921624526383
2001-09-15,6710,10.89826972,7.671232877,5.593675978,1.778169738,,3787.270455,1745.1841597540702
2001-09-16,6711,0.96046842,7.671232877,5.769854749,1.659851628,,3661.899146,1681.5160399578526
2001-09-17,6712,0.811581115,7.671232877,4.173159218,2.79058226,,4288.152274,2479.1399935110026
2001-09-18,6713,0.0,0.0,3.558268156,1.211289407,5.9,4596.615938,3000.7968678539814
2001-09-19,6714,0.5025888,1.643835616,3.168980447,1.653593202,,4820.385825,3447.5712367753817
2001-09-20,6715,1.042242795,1.643835616,2.800005587,2.154529555,,5063.306734,3998.5779628509654
2001-09-21,6716,0.0,0.0,2.474497207,1.711201714,,5319.6087,4636.4382355847965
2001-09-22,6717,0.0,0.0,2.274611732,1.0404802,,5496.635543,5128.486258124728
2001-09-23,6718,0.0,0.0,2.088377095,0.946240544,,5676.370989,5680.827961668785
2001-09-24,6719,8.31738144,1.643835616,2.286150838,1.057598932,,5479.343889,5097.504568190014
2001-09-25,6720,3.171934075,1.643835616,2.042798883,0.793288025,6.2,5721.272733,5832.924625902781
2001-09-26,6721,3.26655838,3.561643836,1.937614525,0.538308949,,5845.359937,6214.051388674366
2001-09-27,6722,23.40982123,3.561643836,5.818047486,0.57087138,,3616.291683,1664.836814690902
2001-09-28,6723,0.0,0.0,4.27427095,3.010865249,,4177.74883,2409.0395993115976
2001-09-29,6724,3.33257669,3.561643836,3.183963687,2.269971139,,4806.095822,3428.147047184624
2001-09-30,6725,23.81683051,3.561643836,6.333586592,0.619115328,,3156.538614,1503.7622104157747
2001-10-01,6726,2.79365077,3.561643836,7.068871508,1.635624281,,3220.655899,1318.269340562937
2001-10-02,6727,5.042068925,3.561643836,4.719368715,1.630501093,5.8,4068.022507,2139.4155242354277
2001-10-03,6728,23.66554799,5.890410959,7.483977654,1.163650729,,3316.940588,1231.1105506299577
2001-10-04,6729,15.97747546,5.890410959,13.47644413,1.051008663,,2331.683091,608.1415314380926
2001-10-05,6730,24.35170346,5.890410959,16.71156704,1.650980392,,2029.327456,469.8092373700965
2001-10-06,6731,10.73263831,5.890410959,12.62974022,1.465686734,,2402.243683,657.3600264582578
2001-10-07,6732,64.1162612,5.890410959,32.41890503,0.616368255,,1035.620455,212.1258616224829
2001-10-08,6733,16.81796687,5.890410959,30.67594693,0.940434087,,791.0530338,226.6736798514396
2001-10-09,6734,13.93776894,5.890410959,16.65105587,0.683749411,6.0,1997.015027,471.8580983415732
2001-10-10,6735,32.18545094,0.684931507,14.91971229,0.64986658,,2166.365004,538.2790487954151
2001-10-11,6736,5.894655495,0.684931507,11.11253631,0.578495683,,2605.673141,766.4055084340534
2001-10-12,6737,0.0,0.0,7.388170391,2.500329963,,3270.735429,1250.272579765772
2001-10-13,6738,0.437108085,0.684931507,5.61672905,1.478643366,,3751.548815,1736.6034130171038
2001-10-14,6739,4.00721015,0.684931507,4.679170391,0.516219314,,4084.510405,2161.4574743620888
2001-10-15,6740,6.803628805,0.684931507,4.503067039,0.782392806,,4156.490785,2263.130695115803
2001-10-16,6741,0.5025888,0.684931507,3.662497207,1.029303428,6.0,4537.919738,2898.7833236488173
2001-10-17,6742,7.00948539,1.232876712,3.230748603,1.2836084,,4799.095529,3368.7677040229046
2001-10-18,6743,6.437744985,1.232876712,5.13372067,1.350910781,,3861.802321,1934.190922619073
2001-10-19,6744,8.27167481,1.232876712,4.074234637,0.133848587,,4343.455388,2551.432266007454
2001-10-20,6745,13.20607905,1.232876712,7.682958101,0.933607535,,3203.189405,1192.9877267607076
2001-10-21,6746,0.308992315,1.232876712,4.944343575,0.534196502,,3976.225992,2023.3000180931913
2001-10-22,6747,4.01810741,1.232876712,4.164385475,1.230502317,,4307.59772,2485.399296099563
2001-10-23,6748,7.254479815,1.232876712,4.392829609,0.675267097,6.0,4201.153303,2331.3475035374827
2001-10-24,6749,9.58377935,4.109589041,4.924910615,1.030667379,,4005.775522,2032.8705609251433
2001-10-25,6750,28.65362539,4.109589041,9.978511173,0.42013,,2599.174409,871.9953947229499
2001-10-26,6751,17.97544058,4.109589041,15.65215642,0.382368474,,2096.524107,508.20752318017685
2001-10-27,6752,10.84645415,4.109589041,12.60907542,0.707083171,,2442.685911,658.6522970571122
2001-10-28,6753,0.570672485,4.109589041,7.446293296,1.493492029,,3252.215086,1238.5830034904789
2001-10-29,6754,0.1255128,4.109589041,5.605340782,0.190969626,,3755.645948,1740.8326281783839
2001-10-30,6755,14.17983054,4.109589041,5.049125698,0.603602351,6.0,3993.990586,1973.088596451042
2001-10-31,6756,6.130575355,5.538486371,6.637248603,0.809019807,,3429.182186,1421.6795230632654
2001-11-01,6757,0.0,0.0,4.637740223,0.652804811,,4096.307465,2184.614565271461
2001-11-02,6758,0.308992315,4.795093366,3.998564246,0.672971241,,4374.055103,2609.388861336879
2001-11-03,6759,4.302702235,7.982663392,3.575941341,0.410624706,,4591.504769,2983.039119154345
2001-11-04,6760,4.004607175,7.435917089,3.289851955,0.299414234,,4749.254572,3296.4016083473116
2001-11-05,6761,6.085649015,6.503768981,3.001600559,0.448861244,,4944.303592,3679.09761994615
2001-11-06,6762,12.40283718,13.92931684,3.548564246,0.653936862,6.0,4621.996494,3010.629873243054
2001-11-07,6763,60.21535429,4.383561644,18.75504469,0.412659768,,1739.606139,409.0880662174653
2001-11-08,6764,12.5000195,4.383561644,21.71109218,0.60040525,,1517.485769,343.2040209487796
2001-11-09,6765,2.410268085,4.383561644,8.279522346,0.133903507,,3079.286434,1090.6922326015092
2001-11-10,6766,0.82169808,4.383561644,6.156879888,0.365817234,,3588.919152,1555.63689555647
2001-11-11,6767,3.933677835,4.383561644,5.103251397,0.648293791,,3928.945119,1948.0377842520043
2001-11-12,6768,21.06017717,4.383561644,8.32502514,0.374953714,,3039.869181,1083.5491324513941
2001-11-13,6769,0.437108085,4.383561644,5.895100559,0.165768105,6.0,3655.874343,1638.791035195383
2001-11-14,6770,0.69618528,2.475722325,4.739002793,0.603920725,,4058.535755,2128.7988247645385
2001-11-15,6771,0.0,0.0,4.038863128,0.936479132,,4355.422696,2578.22665591255
2001-11-16,6772,0.0,0.0,3.545396648,0.226153559,,4602.743816,3013.85241410771
2001-11-17,6773,0.0,0.0,3.146907821,0.208956265,,4834.473144,3476.556421261317
2001-11-18,6774,0.0,0.0,2.805108939,0.0,,5063.357081,3989.86674389077
2001-11-19,6775,0.437108085,9.588024708,2.509290503,0.197043619,,5290.279562,4559.555015342284
2001-11-20,6776,5.319314695,4.146499016,2.337335196,0.344994036,6.3,5452.447489,4964.122049910279
2001-11-21,6777,12.61281236,2.602739726,2.905441341,0.173163449,,5016.885462,3825.4139245217975
2001-11-22,6778,3.58075663,2.602739726,3.605304469,0.367818472,,4529.747416,2953.9580401703715
2001-11-23,6779,0.756217365,2.602739726,2.561756983,0.220458276,,5244.41768,4447.948725768844
2001-11-24,6780,11.41454305,2.602739726,2.667418994,0.278766593,,5206.2959,4237.772103542982
2001-11-25,6781,45.68622238,2.602739726,20.58227095,0.029425238,,1501.576072,365.91082908410533
2001-11-26,6782,2.391561925,2.602739726,7.416653631,0.127557545,6.2,3244.844346,1244.5189227913743
2001-11-27,6783,15.6909802,2.191780822,8.835134078,0.293443087,,2966.127191,1008.98345394084
2001-11-28,6784,18.93780942,2.191780822,7.514371508,0.433437108,,3313.286591,1225.1437128255834
2001-11-29,6785,68.86166094,2.191780822,44.15487989,0.281305339,,730.4473745,146.3900592135589
2001-11-30,6786,68.47431033,2.191780822,47.7344162,0.191484141,,722.993342,133.31054825650858
2001-12-01,6787,12.3978812,2.191780822,22.10286872,0.036297756,,1577.99879,335.9176019787778
2001-12-02,6788,0.065480715,2.191780822,9.469986034,0.032442773,,2858.135704,928.435702917641
2001-12-03,6789,10.88775453,2.191780822,6.912578212,0.404470171,,3434.614836,1354.07688016786
2001-12-04,6790,9.047456395,2.191780822,12.05411732,0.391403105,5.3,2416.718334,695.1837623514646
2001-12-05,6791,20.54023292,28.76712329,14.18075698,0.117992707,,2243.169741,572.0959218661518
2001-12-06,6792,3.55531676,28.76712329,8.136100559,0.118872261,,3123.992502,1113.7821275980987
2001-12-07,6793,1.1151248,28.76712329,6.502097765,0.089601216,,3495.632355,1457.1718839310508
2001-12-08,6794,0.0,0.0,5.121879888,0.231491741,,3915.12102,1939.5505026735086
2001-12-09,6795,0.0,0.0,4.206544693,0.338394511,,4276.411425,2455.5844524935997
2001-12-10,6796,0.0,0.0,3.618603352,0.348787477,,4562.462879,2940.9573967510237
2001-12-11,6797,0.0,0.0,3.175617318,0.394038839,,4815.767521,3438.94239315325
2001-12-12,6798,0.0,0.0,2.830223464,0.369883097,,5046.753285,3947.499675321089
2001-12-13,6799,0.0,0.0,2.554365922,0.299587102,,5252.461727,4463.366356862511
2001-12-14,6800,0.0,0.0,2.299751397,0.166343686,,5472.324599,5061.426193646023
2001-12-15,6801,0.1255128,28.76712329,2.123824022,0.110424589,,5643.194975,5567.486988063871
2001-12-16,6802,0.068083685,28.76712329,2.005265363,0.180695741,,5764.565283,5963.888081652122
2001-12-17,6803,0.0,0.0,1.845829609,0.230221178,,5943.619539,6585.7957109577455
2001-12-18,6804,0.308992315,28.76712329,1.743511173,0.116706189,6.2,6070.626791,7051.142850153859
2001-12-19,6805,3.590873595,9.452054795,1.65303352,0.179499326,,6195.937356,7515.629546437183
2001-12-20,6806,1.43968271,9.452054795,1.560544693,0.284200855,,6312.321357,8051.916817761171
2001-12-21,6807,12.69222033,9.452054795,1.826472067,0.091760989,,5962.021443,6669.448194302383
2001-12-22,6808,0.0,0.0,1.646849162,0.0,,6165.776298,7549.428718287016
2001-12-23,6809,10.45928059,9.452054795,1.504709497,0.056112822,,6450.657656,8410.86733072204
2001-12-24,6810,25.78456743,9.452054795,4.474835196,0.170345125,,4094.665293,2280.2494409935844
2001-12-25,6811,5.76960255,9.452054795,6.423108939,0.334359298,,3386.557418,1478.676434965189
2001-12-26,6812,4.223730695,9.452054795,3.517843575,0.102558783,,4622.356608,3042.1524557409057
2001-12-27,6813,27.24941849,9.452054795,11.85149162,0.199449139,,2476.638632,709.4617529179748
2001-12-28,6814,7.966603355,9.452054795,8.492027933,0.386161296,,3038.035428,1058.0526837296507
2001-12-29,6815,0.065480715,9.452054795,5.287424581,0.133769515,,3845.33258,1867.0073065553456
2001-12-30,6816,0.0,0.0,3.934181564,0.0,,4393.601479,2660.63187229045
2001-12-31,6817,0.24012834,9.452054795,3.176748603,0.0,,4809.705531,3437.4755177290385
2002-01-01,6818,0.24817994,9.452054795,2.724310056,0.0,,5119.899077,4132.004317197453
2002-01-02,6819,0.065480715,9.452054795,2.415695531,0.0,,5369.351736,4771.913729415095
2002-01-03,6820,0.0,0.0,2.20650838,0.0,6.6,5559.131867,5318.603373969712
2002-01-04,6821,0.3690244,8.082191781,2.053256983,0.03363996,,5716.021597,5797.3696197385025
2002-01-05,6822,25.34506411,8.082191781,6.466575419,0.003899119,,3311.252891,1466.7713445892591
2002-01-06,6823,1.198774075,8.082191781,4.40172905,0.210387657,,4180.266381,2325.7009886332785
2002-01-07,6824,0.308992315,8.082191781,3.514851955,0.096683346,,4611.541896,3045.2545215387204
2002-01-08,6825,0.060032085,8.082191781,2.963614525,0.03026672,6.7,4949.181696,3735.651408658816
2002-01-09,6826,0.65480714,3.835616438,2.598435754,0.057588846,,5218.185875,4372.861227302814
2002-01-10,6827,0.0,0.0,2.35646648,0.251923584,,5421.974793,4915.899205534458
2002-01-11,6828,0.437108085,3.835616438,2.192807263,0.377099843,,5575.81053,5358.420676234087
2002-01-12,6829,0.811581115,3.835616438,2.055243017,0.533063249,,5713.719792,5790.662473252742
2002-01-13,6830,4.253567405,3.835616438,2.044458101,0.237585578,,5727.857093,5827.257021599741
2002-01-14,6831,10.46242116,3.835616438,2.763276536,0.196053146,,5028.804421,4062.3164725043143
2002-01-15,6832,7.209605705,3.835616438,3.277106145,0.216734775,6.6,4742.622562,3311.7651498538507
2002-01-16,6833,10.92314644,4.657534247,3.108846369,0.242813403,,4894.201652,3527.600774619594
2002-01-17,6834,13.44500008,4.657534247,7.991723464,0.130495036,,3136.507688,1137.9473477894246
2002-01-18,6835,8.437523365,4.657534247,5.655946927,0.30981762,,3756.756625,1722.1823363929223
2002-01-19,6836,1.450337275,4.657534247,5.688226257,0.45824109,,3714.130622,1710.4765124191056
2002-01-20,6837,51.22983902,4.657534247,26.71732961,0.18903234,,1096.829683,267.5582672702634
2002-01-21,6838,17.86458096,4.657534247,16.46886872,0.217871614,,2060.991629,478.1268372709178
2002-01-22,6839,10.16432612,4.657534247,13.1882933,0.461200357,6.7,2324.009364,624.1123811322828
2002-01-23,6840,22.82082466,6.712328767,12.89923743,0.288531048,,2457.797162,640.9231628697971
2002-01-24,6841,8.28232938,6.712328767,13.44537151,0.10480205,,2290.244048,609.8275646782616
2002-01-25,6842,26.47428838,6.712328767,19.08995531,0.188063918,,1702.336885,400.49269897085554
2002-01-26,6843,23.24132475,6.712328767,28.68118994,0.448354379,,1246.679149,245.72464271078422
2002-01-27,6844,38.96318133,6.712328767,22.00052514,0.16976138,,1618.222285,337.7935046136268
2002-01-28,6845,3.193728595,6.712328767,15.96444134,0.765224906,,1878.587203,496.3059504164644
2002-01-29,6846,0.5025888,6.712328767,7.592530726,0.366670225,6.7,3227.04864,1210.0405957345624
2002-01-30,6847,47.80213594,4.246575342,25.62239665,0.340333796,,1367.15182,281.33775517059973
2002-01-31,6848,18.17143015,4.246575342,21.10809218,0.215764999,,1636.127079,355.0014218683311
2002-02-01,6849,39.87149705,4.246575342,30.40235196,0.263888123,,1213.010609,229.1242499735901
2002-02-02,6850,19.27512007,4.246575342,23.0715,0.340902254,,1569.033905,319.0666079355201
2002-02-03,6851,10.69858369,4.246575342,14.30909497,0.675313304,,2237.428943,565.946973930291
2002-02-04,6852,16.45326155,4.246575342,13.53564804,0.224480271,,2282.281832,604.9526080347221
2002-02-05,6853,20.01443455,4.246575342,14.84152793,0.494465917,6.1,2205.676493,541.682127369621
2002-02-06,6854,2.80889591,4.520547945,11.32242737,0.374388809,,2556.808708,749.3999080241449
2002-02-07,6855,32.60986592,4.520547945,21.62823184,0.112394634,,1490.58242,344.78230691534714
2002-02-08,6856,21.62336848,4.520547945,16.65832123,0.250764326,,2004.635797,471.61123442138967
2002-02-09,6857,5.47673897,4.520547945,11.42411732,0.724342947,,2541.000941,741.4075713844792
2002-02-10,6858,62.95980834,4.520547945,32.49600838,0.438927742,,873.2784876,211.52186831484025
2002-02-11,6859,41.69025065,4.520547945,55.68491061,0.528522124,,315.17123,110.79559065665424
2002-02-12,6860,0.065480715,4.520547945,10.89510335,0.402243867,6.4,2618.70313,784.7830891811309
2002-02-13,6861,2.886636725,11.91780822,6.993980447,0.402543297,,3368.432896,1335.2078007929413
2002-02-14,6862,0.3690244,11.91780822,5.19448324,0.711217606,,3885.157918,1907.1095238359853
2002-02-15,6863,0.065480715,11.91780822,4.103044693,1.047217567,,4319.184386,2529.983024012452
2002-02-16,6864,0.0,0.0,3.467111732,0.912149461,,4644.045331,3095.5536760186505
2002-02-17,6865,7.34160952,11.91780822,3.23622905,0.560903069,,4787.037319,3361.935254776588
2002-02-18,6866,11.90076657,11.91780822,3.061332402,0.654463043,,4929.501579,3593.281314576138
2002-02-19,6867,85.35500815,11.91780822,45.52300559,0.28490326,6.9,159.2750757,141.1237239138024
2002-02-20,6868,13.88946663,5.068493151,30.87495251,0.481321717,,781.9087736,224.92118373485113
2002-02-21,6869,31.05576413,5.068493151,16.43653911,0.18486541,,1898.853505,479.25521075120764
2002-02-22,6870,23.78141307,5.068493151,25.6457514,1.055445595,,1358.759013,281.03031891266517
2002-02-23,6871,5.20520393,5.068493151,9.121273743,0.501830097,,2916.554099,971.1534331369257
2002-02-24,6872,76.14224221,5.068493151,38.286,0.236444625,,598.1991328,173.72961342507028
2002-02-25,6873,86.29930701,5.068493151,72.55563687,0.172183082,,229.9067087,80.62725837917257
2002-02-26,6874,13.05620159,5.068493151,33.6707095,0.840688524,6.6,840.1794754,202.69510473545546
2002-02-27,6875,3.411184975,2.544011775,9.517173184,0.920388807,,2870.67519,922.9190759056298
2002-02-28,6876,9.34374817,12.11397885,7.856547486,0.707055584,,3178.669402,1161.458775580881
2002-03-01,6877,0.0,0.0,5.89799162,0.908809746,,3664.404503,1637.8283354620658
2002-03-02,6878,0.437108085,4.133834023,4.784053073,0.49454204,,4046.333627,2104.800463866995
2002-03-03,6879,0.0,0.0,4.273189944,0.572041094,,4246.794083,2409.7697974819484
2002-03-04,6880,0.434505115,4.008609929,3.588837989,0.46072704,,4577.642536,2970.2019694781297
2002-03-05,6881,1.374202,22.03393697,3.176648045,1.616930304,,4814.051515,3437.6058593188495
2002-03-06,6882,24.01959874,4.095830533,7.422913408,0.203845263,6.8,3169.619209,1243.260941198976
2002-03-07,6883,0.1335644,34.52054795,4.764393855,1.841170771,,4023.419831,2115.2116461395344
2002-03-08,6884,7.140741725,34.52054795,3.95323743,0.381768841,,4407.729943,2645.2739780452007
2002-03-09,6885,10.00548677,34.52054795,5.118888268,0.172343682,,3914.453361,1940.9089331099392
2002-03-10,6886,22.11323734,34.52054795,8.761927374,0.550185475,,2910.419866,1019.0989276364992
2002-03-11,6887,3.267095985,34.52054795,7.191955307,0.643474484,,3308.6275,1291.2717603265096
2002-03-12,6888,0.12811577,34.52054795,5.261405028,0.85050714,9.1,3862.048617,1878.0773343013811
2002-03-13,6889,0.0,0.0,4.137360335,1.335056452,,4303.023418,2504.8627476229162
2002-03-14,6890,0.199045115,2.191780822,3.456226257,1.365599939,,4651.112638,3107.2364707914276
2002-03-15,6891,11.57043959,2.191780822,3.778164804,0.171692884,,4507.261779,2792.7912673270016
2002-03-16,6892,1.69124591,2.191780822,3.875430168,0.908991142,,4413.429984,2709.027572418838
2002-03-17,6893,2.14936822,2.191780822,3.131572626,0.735237165,,4846.079297,3496.958574897325
2002-03-18,6894,18.60722034,2.191780822,6.129628492,0.329158483,,3478.939669,1563.9297775231203
2002-03-19,6895,6.166452635,2.191780822,5.268393855,1.123947402,9.5,3850.761221,1875.0921334207708
2002-03-20,6896,12.36567481,3.436183047,5.801304469,0.826502461,,3699.802031,1670.5969611317541
2002-03-21,6897,0.3690244,7.343227233,5.845977654,1.064697998,,3653.918218,1655.3085710179996
2002-03-22,6898,0.6281016,1.638060867,4.562195531,0.769241476,,4127.676907,2228.0308414100537
2002-03-23,6899,0.0,0.0,3.835206704,0.52410705,,4449.750987,2743.101604944826
2002-03-24,6900,0.0,0.0,3.303804469,2.136675835,,4737.441584,3279.7327630403934
2002-03-25,6901,0.5025888,8.129222593,2.900488827,1.320067073,,4995.314409,3833.2385876031885
2002-03-26,6902,0.3690244,1.614422853,2.562234637,2.984008419,7.6,5244.548985,4446.955707914992
2002-03-27,6903,0.0,0.0,2.298645251,3.078432058,,5473.242155,5064.342966784538
2002-03-28,6904,0.0,0.0,2.080960894,2.78915103,,5682.262067,5705.0779892660075
2002-03-29,6905,0.0,0.0,1.895002793,3.140787329,,5884.536057,6381.718669890691
2002-03-30,6906,0.568069515,1.780821918,1.736069832,2.893593665,,6079.91997,7087.341036435742
2002-03-31,6907,19.90042097,1.780821918,2.192882682,0.95155807,,5618.445085,5358.200002387583
2002-04-01,6908,6.3819214,1.780821918,2.670108939,0.739388999,,5132.413205,4232.659578694966
2002-04-02,6909,4.24836147,1.780821918,2.110625698,0.883821455,8.1,5644.848428,5609.19992512612
2002-04-03,6910,5.29615734,6.417417627,2.313402235,1.251868682,,5474.089683,5025.682666334935
2002-04-04,6911,0.0,0.0,2.086013966,3.248181881,,5663.56232,5688.534535057319
2002-04-05,6912,0.0,0.0,1.832681564,2.073999599,,5958.724977,6642.402779285985
2002-04-06,6913,0.0,0.0,1.681994413,3.312156353,,6148.713857,7360.977704099265
2002-04-07,6914,0.0,0.0,1.604111732,3.135570165,,6258.533116,7790.837016385474
2002-04-08,6915,0.060032085,5.508317825,1.539452514,3.443928579,,6351.222331,8184.153871484221
2002-04-09,6916,0.0,0.0,1.478187151,2.725474497,6.9,6444.166969,8591.828981911007
2002-04-10,6917,0.0,0.0,1.41151676,2.601629684,,6549.145326,9079.818929394367
2002-04-11,6918,0.0,0.0,1.354776536,1.973906955,,6645.151614,9536.842720978208
2002-04-12,6919,0.0,0.0,1.296452514,1.562401428,,6747.84447,10052.600720024546
2002-04-13,6920,0.0,0.0,1.231139665,2.483088735,,6867.960004,10694.15794125061
2002-04-14,6921,3.8190623,10.09201078,1.230159218,0.74985314,,6876.449816,10704.359546936777
2002-04-15,6922,0.065480715,4.769021464,1.150365922,2.619551638,,7027.068824,11598.90758825202
2002-04-16,6923,0.068083685,8.967038018,1.087768156,3.033461705,6.5,7166.590032,12402.14127096889
2002-04-17,6924,11.74776793,4.246575342,1.084072626,1.607323888,,7224.236296,12452.751322984233
2002-04-18,6925,13.42935672,4.246575342,2.013360335,1.400464635,,5759.827883,5935.1890705888845
2002-04-19,6926,0.060032085,4.246575342,1.556522346,3.906559511,,6256.441884,8076.831254884974
2002-04-20,6927,5.075803095,4.246575342,1.414156425,1.649212249,,6547.992675,9059.53614554508
2002-04-21,6928,2.269432385,4.246575342,1.256354749,4.301383072,,6811.712525,10437.79181661314
2002-04-22,6929,2.81648767,4.246575342,1.20225419,1.137979036,,6929.072481,11002.384052759557
2002-04-23,6930,0.3690244,4.246575342,1.143427374,1.461569183,6.8,7044.640832,11683.189321068694
2002-04-24,6931,1.371599025,6.712328767,1.066424581,4.525964685,,7215.614214,12699.757194127676
2002-04-25,6932,0.20164808,6.712328767,1.030022346,3.312885343,,7297.918818,13238.686416293394
2002-04-26,6933,28.35233141,6.712328767,3.805944134,1.446127461,,4269.677148,2768.388071003885
2002-04-27,6934,31.54963161,6.712328767,8.203248603,1.338195868,,2372.464113,1102.8612998731157
2002-04-28,6935,23.70679613,6.712328767,15.24635196,1.332967449,,2112.505955,524.475948982683
2002-04-29,6936,11.9899167,6.712328767,9.887832402,1.180835268,,2796.190949,881.5927634020493
2002-04-30,6937,37.58308299,6.712328767,20.3249162,2.10835036,10.0,1686.204893,371.47685230512946
2002-05-01,6938,7.46836245,0.783939247,12.90197765,2.793682463,,2333.986264,640.7599081273795
2002-05-02,6939,0.5025888,5.428443308,6.56997486,3.527919834,,3460.795339,1439.1459129615375
2002-05-03,6940,0.882510455,9.416560129,4.510055866,3.148889919,,4133.498605,2258.929276667888
2002-05-04,6941,1.26140913,1.059040349,3.47626257,2.730066661,,4632.125076,3085.794739500706
2002-05-05,6942,0.065480715,0.8792874,2.829569832,3.92978544,,5036.847221,3948.5918557860155
2002-05-06,6943,0.12811577,4.365321616,2.430427374,1.296491911,,5354.964467,4737.296240693944
2002-05-07,6944,0.193596485,5.423547855,2.206583799,0.5947803,7.3,5559.436823,5318.385698709755
2002-05-08,6945,0.308992315,2.813306699,2.008634078,2.004267771,,5758.4879,5951.91415263883
2002-05-09,6946,0.0,0.0,1.83222905,2.243185552,,5959.106309,6644.366900372419
2002-05-10,6947,0.0,0.0,1.684910615,4.393687214,,6144.395385,7345.72842612257
2002-05-11,6948,0.0,0.0,1.550011173,4.384658103,,6330.009448,8117.46255744937
2002-05-12,6949,1.047041115,6.069349901,1.446787709,3.59037155,,6494.414917,8815.503820634618
2002-05-13,6950,9.866231055,2.122950329,1.694639665,1.116304545,,6132.909626,7295.270389846797
2002-05-14,6951,4.37156621,2.993085868,1.776092179,3.22552772,7.2,6016.205854,6896.570135141161
2002-05-15,6952,10.88941228,1.506849315,2.225287709,2.193195741,,5506.315134,5264.902302404153
2002-05-16,6953,0.308992315,1.506849315,1.650946927,5.046323075,,6172.28669,7527.00225484027
2002-05-17,6954,11.70614711,1.506849315,1.742606145,1.944622538,,6114.216457,7055.527200542746
2002-05-18,6955,14.25877866,1.506849315,4.192768156,1.616019245,,4275.689297,2465.2547205037317
2002-05-19,6956,2.313898875,1.506849315,2.638759777,1.794339231,,5168.303801,4292.953277392846
2002-05-20,6957,1.816758715,1.506849315,2.282103352,1.792300473,,5484.904988,5108.33260510571
2002-05-21,6958,10.11441099,1.506849315,2.355636872,1.859762062,7.0,5477.454604,4917.972499024662
2002-05-22,6959,17.2858569,5.753424658,4.627382682,1.946636317,,4054.675425,2190.4750528060345
2002-05-23,6960,12.78486643,5.753424658,6.749824022,2.547933649,,3414.712432,1393.3059350292594
2002-05-24,6961,7.13867636,5.753424658,5.73227095,2.337958139,,3724.960291,1694.737594834587
2002-05-25,6962,13.98907972,5.753424658,5.455709497,2.224388296,,3832.618467,1798.2059642414738
2002-05-26,6963,0.5025888,5.753424658,5.379486034,3.676358795,,3786.898479,1828.7831398680019
2002-05-27,6964,0.060032085,5.753424658,3.827840782,4.540838644,,4444.778993,2749.4266748606424
2002-05-28,6965,32.09453649,5.753424658,5.841653631,1.862926112,,3709.741982,1656.7771417026029
2002-05-29,6966,10.75630774,5.753424658,13.85198045,3.169019537,8.3,2156.862195,588.4208052405463
2002-05-30,6967,9.87902874,6.981419688,7.366776536,3.670465126,,3289.29052,1254.626334498132
2002-05-31,6968,0.0,0.0,4.989167598,5.215584206,,3949.307339,2001.536778481727
2002-06-01,6969,0.0,0.0,3.829826816,6.983147205,,4445.499541,2747.71864838902
2002-06-02,6970,0.0,0.0,3.240628492,3.514338397,,4774.312166,3356.468855464057
2002-06-03,6971,9.81767877,4.366562527,3.251815642,2.415289383,,4767.596234,3342.6417541669925
2002-06-04,6972,0.0,0.0,2.644793296,2.592934989,,5176.206141,4281.2270085955315
2002-06-05,6973,2.117699425,1.139751815,2.343846369,3.204290831,,5435.820043,4947.612742311856
2002-06-06,6974,9.416403025,11.71342566,2.599039106,1.404744649,7.0,5232.292289,4371.645517316572
2002-06-07,6975,4.13610621,7.260273973,2.780145251,0.63526678,,5084.051967,4032.8133004188076
2002-06-08,6976,3.122877015,7.260273973,2.415318436,1.75886647,,5374.387556,4772.805932024079
2002-06-09,6977,23.65626565,7.260273973,4.642039106,2.380734568,,4165.089053,2182.1906145258836
2002-06-10,6978,13.90910862,7.260273973,11.59154749,2.73305802,,2518.865774,728.5837619991678
2002-06-11,6979,3.685255215,7.260273973,6.239388268,2.985440644,7.5,3558.971986,1531.0135842587786
2002-06-12,6980,1.70863418,4.931506849,4.44974581,2.888781197,,4161.358432,2295.6631172372067
2002-06-13,6981,3.763698545,4.931506849,3.571164804,3.579153236,,4587.390693,2987.8194727500013
2002-06-14,6982,13.76357175,4.931506849,4.29973743,1.033553453,,4220.536402,2391.9541337996475
2002-06-15,6983,5.87726724,4.931506849,4.771282123,1.8686513,,4040.87619,2111.5530102978555
2002-06-16,6984,0.5025888,4.931506849,3.781055866,2.583871645,,4470.083278,2790.233199351357
2002-06-17,6985,3.28314696,4.931506849,3.247215084,4.709016262,,4771.761681,3348.3152856379043
2002-06-18,6986,0.429056485,4.931506849,2.886460894,3.65822432,7.0,5006.950592,3855.561987950437
2002-06-19,6987,0.308992315,2.368890595,2.608843575,4.510748773,,5212.046058,4351.976774426632
2002-06-20,6988,0.0,0.0,2.385050279,4.490285916,,5396.820018,4845.431530250646
2002-06-21,6989,5.627769405,4.246432751,2.364209497,0.955807482,,5423.616387,4896.625489944835
2002-06-22,6990,2.052218715,5.289921285,2.251407821,2.745135626,,5514.102122,5191.843918405377
2002-06-23,6991,1.07326128,1.141935297,2.000715084,4.561283498,,5768.374484,5980.132139782034
2002-06-24,6992,0.0,0.0,1.864935754,3.658363742,,5923.317341,6505.09780593064
2002-06-25,6993,0.937093915,5.018802463,1.769907821,4.371030191,6.7,6036.133663,6925.4299778885
2002-06-26,6994,4.77746534,2.739726027,1.695796089,3.960436058,,6138.587875,7289.315063721373
2002-06-27,6995,0.308992315,2.739726027,1.609240223,3.470276295,,6243.291515,7761.124099209646
2002-06-28,6996,0.0,0.0,1.479393855,4.213765359,,6438.720545,8583.440867742358
2002-06-29,6997,0.562620885,2.739726027,1.429994413,2.467475413,,6523.776692,8939.564758841709
2002-06-30,6998,25.94726926,2.739726027,2.00775419,1.807078656,,5823.332792,5955.037412968217
2002-07-01,6999,18.0048013,2.739726027,5.134977654,1.291447157,,3712.235467,1933.6235590891179
2002-07-02,7000,14.46070227,2.739726027,4.742396648,1.664376082,7.2,4051.256844,2126.9734602983162
2002-07-03,7001,0.696185285,0.821917808,3.333544693,3.346337186,,4687.568952,3244.713780909149
2002-07-04,7002,13.13753553,0.821917808,2.810337989,3.112461874,,5132.545023,3980.9770022230023
2002-07-05,7003,18.45805751,0.821917808,8.837296089,1.843051537,,2987.408049,1008.6875132655282
2002-07-06,7004,4.901660245,0.821917808,4.807910615,2.962556458,,4010.230406,2092.2915052356193
2002-07-07,7005,7.418307945,0.821917808,3.869069832,3.945144831,,4435.8881,2714.3637365312416
2002-07-08,7006,14.87370776,0.821917808,8.590550279,3.36848966,,2996.353673,1043.5214192521694
2002-07-09,7007,2.578424705,0.821917808,4.782217877,2.669896552,7.1,4028.773392,2105.768372565588
2002-07-10,7008,3.74837564,2.739726027,3.800539106,3.28841462,,4466.61383,2773.1055007486248
2002-07-11,7009,19.43252882,2.739726027,7.638184358,3.500441556,,3163.415002,1201.3757365736597
2002-07-12,7010,0.81364648,2.739726027,4.526899441,4.574116458,,4124.306882,2248.862106285383
2002-07-13,7011,0.199045115,2.739726027,3.575413408,5.333173278,,4579.332067,2983.5667843168953
2002-07-14,7012,0.0,0.0,3.010223464,6.526339629,,4917.79311,3666.478006836526
2002-07-15,7013,0.0,0.0,2.647709497,6.432366934,,5179.007342,4275.580350924983
2002-07-16,7014,0.0,0.0,2.381907821,4.879049932,6.9,5396.858339,4853.087781675832
2002-07-17,7015,0.0,0.0,2.185114525,1.823771004,,5580.099839,5381.017311418335
2002-07-18,7016,0.0,0.0,2.005567039,3.777974538,,5764.519317,5962.813988436832
2002-07-19,7017,0.0,0.0,1.879114525,3.826141402,,5905.472952,6446.375415318569
2002-07-20,7018,5.372502485,2.054794521,1.837282123,2.062684616,,5958.775901,6622.4945155088135
2002-07-21,7019,0.0,0.0,1.679606145,5.115250964,,6148.571954,7373.509650059151
2002-07-22,7020,0.3690244,2.054794521,1.586463687,1.754198773,,6284.08511,7894.697707847554
2002-07-23,7021,34.0365653,2.054794521,4.232513966,0.988870756,7.3,4173.322962,2437.543610131907
2002-07-24,7022,0.068083685,2.336685186,2.452324022,1.909390695,,5285.732145,4686.686024025346
2002-07-25,7023,0.1255128,7.257853342,1.958002793,2.610787556,,5809.480924,6136.658998116138
2002-07-26,7024,0.25362857,2.960022558,1.762893855,4.341873317,,6044.105847,6958.430461623535
2002-07-27,7025,0.437108085,2.206278795,1.672240223,2.011161086,,6165.063881,7412.4084707124475
2002-07-28,7026,0.877061825,0.89132081,1.563636872,4.952815635,,6311.051921,8032.859518696088
2002-07-29,7027,0.0,0.0,1.477734637,4.005308833,,6445.008761,8594.97840307302
2002-07-30,7028,3.06544791,2.32651379,1.458527933,1.536075023,6.6,6478.978174,8730.633998196816
2002-07-31,7029,0.61798463,4.636323289,1.416821229,2.215020715,,6539.802156,9039.14435740875
2002-08-01,7030,5.83202045,1.335904914,1.452620112,1.024356496,,6485.536453,8773.153219958607
2002-08-02,7031,0.811581115,2.582742366,1.340044693,2.67982995,,6659.694133,9662.466327794105
2002-08-03,7032,0.32455791,2.501959853,1.221310056,5.012403279,,6887.167471,10797.249633412734
2002-08-04,7033,0.49998583,7.706001903,1.146896648,2.629357852,,7038.260653,11640.90849993053
2002-08-05,7034,0.570672485,2.00074987,1.096617318,4.730545112,,7143.655725,12282.473620720204
2002-08-06,7035,0.0,0.0,1.02072067,5.055338699,6.5,7318.726896,13383.177516863967
2002-08-07,7036,3.37237485,0.684931507,1.02527095,1.970653368,,7317.868877,13312.134397934822
2002-08-08,7037,10.32987975,0.684931507,1.10848324,1.586931978,,7154.190058,12125.29926933187
2002-08-09,7038,11.78826862,0.684931507,2.328662011,1.014343089,,5338.162135,4986.270759946404
2002-08-10,7039,1.12057343,0.684931507,1.461645251,2.170817418,,6439.511515,8708.350399610157
2002-08-11,7040,10.12122246,0.684931507,1.324583799,1.601191157,,6720.597376,9797.610209261737
2002-08-12,7041,0.562620885,0.684931507,1.520949721,4.606129828,,6355.842335,8303.47702569984
2002-08-13,7042,11.78125941,0.684931507,1.517631285,1.80122876,6.7,6418.703263,8325.215439545642
2002-08-14,7043,1.374202,0.410958904,1.821946927,2.018911613,,5952.162771,6689.28496404015
2002-08-15,7044,1.374201995,0.410958904,1.494628492,3.714615654,,6411.310832,8478.81920411431
2002-08-16,7045,0.0,0.0,1.366944134,4.370567187,,6622.141903,9435.325133336006
2002-08-17,7046,0.5025888,0.410958904,1.300148045,4.36668367,,6739.894388,10018.411688332759
2002-08-18,7047,24.25918947,0.410958904,4.703656425,1.725385096,,3918.658068,2147.981772647588
2002-08-19,7048,0.068083685,0.410958904,2.439125698,2.537945887,,5321.646171,4717.072116624178
2002-08-20,7049,3.09918206,0.410958904,2.070326816,2.147809044,6.5,5692.367982,5740.183158097201
2002-08-21,7050,0.308992315,4.660607316,1.82398324,3.966231794,,5968.219967,6680.3450415594
2002-08-22,7051,0.0,0.0,1.711634078,3.061218004,,6111.972608,7208.641665467301
2002-08-23,7052,0.0,0.0,1.621256983,2.907786601,,6231.741084,7692.310664858459
2002-08-24,7053,0.0,0.0,1.529547486,3.397587484,,6364.714239,8247.636386927079
2002-08-25,7054,0.308992315,6.165643304,1.472153631,2.383661232,,6453.964978,8633.99611355564
2002-08-26,7055,0.0,0.0,1.401159218,3.619594731,,6563.689291,9160.215755046958
2002-08-27,7056,0.0,0.0,1.292430168,5.31073529,6.6,6750.699307,10090.057329994916
2002-08-28,7057,0.560017915,5.841250519,1.248938547,2.368442575,,6838.95819,10512.01411908459
2002-08-29,7058,7.547631035,6.908390889,1.311662011,2.573123504,,6723.456048,9913.246071123469
2002-08-30,7059,18.67460149,13.55924424,1.935854749,0.751619423,,5761.42324,6220.815335396697
2002-08-31,7060,0.068083685,1.10376117,1.632997207,3.078851094,,6158.930979,7626.154053785244
2002-09-01,7061,0.0,0.0,1.306206704,4.404138403,,6723.306692,9962.819688335228
2002-09-02,7062,0.0,0.0,1.209594972,4.42142491,,6908.664144,10922.520890769174
2002-09-03,7063,0.0,0.0,1.180156425,1.526597095,6.5,6972.036964,11249.38767626483
2002-09-04,7064,0.798080885,2.328767123,1.139203911,2.518713059,,7057.339164,11735.0433551701
2002-09-05,7065,13.70874561,2.328767123,1.378055866,1.50883184,,6592.082794,9344.335122847186
2002-09-06,7066,28.28926934,2.328767123,5.87403352,0.907335489,,3540.232405,1645.8376344313224
2002-09-07,7067,15.74950392,2.328767123,4.554829609,1.897302659,,4186.755889,2232.3488238568466
2002-09-08,7068,2.86846816,2.328767123,5.536583799,2.821688906,,3630.769881,1766.773116727636
2002-09-09,7069,26.93471146,2.328767123,6.309276536,0.526405562,,3427.796583,1510.7094755672424
2002-09-10,7070,1.057912835,2.328767123,9.495050279,3.620427518,6.3,2695.149644,925.4979505893417
2002-09-11,7071,0.0,0.0,4.813969274,4.296131987,,4007.174205,2089.136520356119
2002-09-12,7072,0.0,0.0,3.687536313,1.674561432,,4519.078732,2875.218892363012
2002-09-13,7073,0.0,0.0,3.011480447,3.527531507,,4913.0953,3664.6450419450825
2002-09-14,7074,0.0,0.0,2.55977095,3.031961406,,5245.505956,4452.081950167346
2002-09-15,7075,0.0,0.0,2.263248603,3.053978139,,5503.160276,5159.334702060038
2002-09-16,7076,0.0,0.0,2.065374302,1.279591333,,5699.806496,5756.667920115812
2002-09-17,7077,0.0,0.0,1.896586592,1.457229967,6.5,5884.908003,6375.338639918494
2002-09-18,7078,0.0,0.0,1.773527933,1.677818334,,6032.068755,6908.50958903578
2002-09-19,7079,0.0,0.0,1.667488827,1.307345112,,6170.879465,7437.700491236394
2002-09-20,7080,0.0,0.0,1.588173184,1.397098865,,6279.566623,7884.526227260261
2002-09-21,7081,0.0,0.0,1.50448324,2.352574344,,6400.507383,8412.381468162095
2002-09-22,7082,0.0,0.0,1.425569832,1.831345164,,6526.708677,8972.785983665388
2002-09-23,7083,0.0,0.0,1.355405028,2.337668706,,6643.034441,9531.550011189292
2002-09-24,7084,0.0,0.0,1.287150838,3.128763402,6.8,6762.810618,10139.609363978567
2002-09-25,7085,0.0,0.0,1.251930168,1.976232145,,6836.024793,10481.957405091725
2002-09-26,7086,2.00230359,2.140866336,1.245921788,1.397248148,,6843.467317,10542.483915086694
2002-09-27,7087,0.0,0.0,1.209620112,1.169812301,,6913.669557,10922.249211413575
2002-09-28,7088,0.0,0.0,1.163715084,1.061931583,,7003.365626,11439.857612298867
2002-09-29,7089,0.0,0.0,1.103782123,2.902771876,,7131.03483,12187.125867679897
2002-09-30,7090,0.0,0.0,1.049656425,2.364762047,,7252.035749,12942.909534604983
2002-10-01,7091,0.377076,4.599678855,1.015215084,2.084448521,6.7,7338.127128,13470.070957113003
2002-10-02,7092,12.8441088,0.875937053,1.179578212,1.279796446,,6991.795514,11255.98730645088
2002-10-03,7093,0.7461004,4.898656163,1.190413408,2.411559365,,6894.630249,11133.485393254443
2002-10-04,7094,0.308992315,7.337266184,1.028136872,2.472424344,,7300.491866,13267.74323947386
2002-10-05,7095,0.065480715,5.784251096,0.982131285,0.490697245,,7420.243455,14014.802092427302
2002-10-06,7096,0.3690244,1.618000901,0.938187151,2.304722241,,7530.547245,14803.837797938255
2002-10-07,7097,0.0,0.0,0.898189944,0.610842703,,7641.77295,15596.011498367807
2002-10-08,7098,0.0,0.0,0.863748603,1.244402909,6.7,7741.386213,16342.943115014219
2002-10-09,7099,0.0,0.0,0.836773743,1.59452214,,7824.174961,16975.243446680823
2002-10-10,7100,0.0,0.0,0.824379888,0.432328019,,7864.630934,17281.020542031907
2002-10-11,7101,13.67992247,0.95890411,0.948117318,0.290205355,,7574.947797,14618.509506870727
2002-10-12,7102,8.606644595,0.95890411,2.003932961,1.592897528,,5585.917985,5968.636240668442
2002-10-13,7103,30.98318915,0.95890411,2.525581006,0.074009606,,5129.776487,4524.356667826042
2002-10-14,7104,9.318263365,0.95890411,5.517075419,0.961668285,,3641.091086,1774.262660276252
2002-10-15,7105,12.82586249,0.95890411,5.315379888,0.163456622,6.6,3826.349549,1855.246342374106
2002-10-16,7106,0.0,0.0,3.664986034,0.496149539,,4488.169765,2896.425241158604
2002-10-17,7107,11.89818299,1.232876712,2.710960894,1.095047846,,5150.477352,4156.384461404225
2002-10-18,7108,1.79826969,1.232876712,3.698597765,1.309170338,,4491.334611,2864.9204769545527
2002-10-19,7109,0.678016715,1.232876712,2.548684358,1.200478472,,5250.612016,4475.284789153082
2002-10-20,7110,21.99982914,1.232876712,4.726081006,0.068013635,,4031.82322,2135.7750958948463
2002-10-21,7111,6.79871778,1.232876712,8.570162011,0.715786526,,2976.141841,1046.498403929081
2002-10-22,7112,18.62650906,1.232876712,7.59677933,0.667610803,6.4,3269.987392,1209.2293987611533
2002-10-23,7113,5.682197345,46.57534247,7.819265363,0.835661088,,3159.95853,1168.1006406085169
2002-10-24,7114,33.2339716,46.57534247,12.05808939,0.889123017,,2241.077945,694.9091390941787
2002-10-25,7115,34.87420892,46.57534247,35.45401676,0.601118918,,1033.926811,190.51916769597216
2002-10-26,7116,17.81273258,46.57534247,16.3936257,1.163854419,,2031.171053,480.7605409959242
2002-10-27,7117,21.449284,46.57534247,18.26459497,0.704945403,,1880.973863,422.3021261965431
2002-10-28,7118,0.201648085,46.57534247,9.856005587,0.942531723,,2794.537424,885.0073292620684
2002-10-29,7119,19.82544805,46.57534247,9.287824022,0.095928249,14.6,2915.872397,950.3109918120372
2002-10-30,7120,9.78464714,5.753424658,10.71879888,0.164682175,,2688.618529,800.2871488689639
2002-10-31,7121,1.005177595,5.753424658,7.649572626,0.245213271,,3210.347092,1199.2320002363117
2002-11-01,7122,16.4531838,5.753424658,10.25595251,0.131359556,,2697.51604,843.7872100959497
2002-11-02,7123,26.65164226,5.753424658,18.00761732,0.143907688,,1790.203316,429.54232928387387
2002-11-03,7124,19.85140613,5.753424658,17.89499162,0.56611995,,1929.972364,432.78761315549957
2002-11-04,7125,7.66831055,5.753424658,10.84610615,0.727662128,,2658.521128,789.0362854170107
2002-11-05,7126,11.77350272,5.753424658,9.188798883,0.363699212,13.4,2940.64623,962.6031038928854
2002-11-06,7127,31.28767595,3.561643836,22.10706704,0.412652986,,1594.3477,335.8410567367255
2002-11-07,7128,13.38779024,3.561643836,10.55941341,0.424633097,,2716.728959,814.7938698217861
2002-11-08,7129,92.92143989,3.561643836,56.57895251,0.145215162,,347.9447644,108.6964383736084
2002-11-09,7130,9.786712505,3.561643836,18.10367598,0.5989522,,1776.424493,426.80947887004584
2002-11-10,7131,21.56921205,3.561643836,18.98431844,0.571762568,,1830.680749,403.1678434518957
2002-11-11,7132,7.712359435,3.561643836,10.56361173,0.509674653,,2705.994888,814.405580230421
2002-11-12,7133,8.38084172,3.561643836,8.662122905,0.361447161,10.0,3038.771945,1033.1926279330762
2002-11-13,7134,11.86752508,1.917808219,7.20522905,0.369723005,,3356.112114,1288.4207639110589
2002-11-14,7135,25.58700031,1.917808219,24.5357095,0.121996632,,1434.269399,296.35636342447776
2002-11-15,7136,0.068083685,1.917808219,9.777946927,0.346462549,,2802.263589,893.4854205364938
2002-11-16,7137,0.308992315,1.917808219,6.376751397,0.357187689,,3524.442448,1491.5700293933496
2002-11-17,7138,0.0,0.0,4.862790503,0.379875402,,4005.313265,2064.0283753399963
2002-11-18,7139,0.0,0.0,3.90227933,0.685687316,,4414.184309,2686.7122822933625
2002-11-19,7140,1.62783056,1.917808219,3.322206704,0.204838935,8.8,4728.071221,3257.982985040435
2002-11-20,7141,3.081013495,4.794520548,3.037198324,0.18891838,,4906.126752,3627.5082302591863
2002-11-21,7142,5.727521875,4.794520548,3.077673184,0.108936039,,4891.504764,3570.4414105510486
2002-11-22,7143,8.67212531,4.794520548,3.492050279,0.106936569,,4650.431646,3069.089929000003
2002-11-23,7144,3.39260878,4.794520548,3.565131285,0.295843217,,4595.428967,2993.877929038771
2002-11-24,7145,0.1255128,4.794520548,2.997829609,0.237499399,,4927.21468,3684.6414681343626
2002-11-25,7146,0.377076,4.794520548,2.694192737,0.278501189,,5147.505863,4187.385093615492
2002-11-26,7147,5.201315885,4.794520548,2.604243017,0.365008986,8.7,5227.097359,4361.185696782828
2002-11-27,7148,11.58914575,26.30136986,4.494921788,0.106165598,,4128.672565,2268.0454280228673
2002-11-28,7149,7.2198876,26.30136986,4.428829609,0.314934949,,4190.069497,2308.659716876963
2002-11-29,7150,2.245815195,26.30136986,3.971664804,0.174973515,,4386.284851,2630.5765194482806
2002-11-30,7151,14.84592702,26.30136986,6.082567039,0.0,,3522.842746,1578.4434492708963
2002-12-01,7152,41.36388217,26.30136986,18.21094693,0.586232907,,1737.755446,423.7950812888414
2002-12-02,7153,53.01516031,26.30136986,38.68343296,0.43783685,,942.9058265,171.58904711967426
2002-12-03,7154,8.958280715,26.30136986,17.88096369,0.249666137,14.0,1851.436592,433.1949732514488
2002-12-04,7155,20.05264658,8.356164384,13.01246648,0.203649061,,2403.978905,634.2402152831637
2002-12-05,7156,0.308992315,8.356164384,9.334885475,0.173172307,,2881.336582,944.5696028102311
2002-12-06,7157,0.5025888,8.356164384,6.392011173,0.122273165,,3524.816354,1487.3030799845951
2002-12-07,7158,1.326889855,8.356164384,5.064460894,0.091410241,,3935.56568,1965.9313220428244
2002-12-08,7159,0.308992315,8.356164384,4.102340782,0.104265137,,4320.384052,2530.503145883213
2002-12-09,7160,0.0,0.0,3.453159218,0.299411173,,4649.827388,3110.5427714311945
2002-12-10,7161,0.0,0.0,2.9835,0.064407961,9.3,4938.487669,3705.8485293486447
2002-12-11,7162,0.0,0.0,2.641148045,0.078997362,,5184.583948,4288.304592636167
2002-12-12,7163,0.0,0.0,2.383617318,0.097519534,,5398.066395,4848.920031245423
2002-12-13,7164,1.07065831,1.751951584,2.232502793,0.163170798,,5539.354379,5244.533874856092
2002-12-14,7165,1.50776639,4.510274689,2.226217877,0.101599356,,5549.294751,5262.268264060237
2002-12-15,7166,11.3650878,5.585769563,2.870421788,0.10300828,,5040.309813,3881.379698751133
2002-12-16,7167,0.87706183,1.762536501,2.63096648,0.09255864,,5168.694214,4308.187165384676
2002-12-17,7168,0.0,0.0,2.216086592,0.160887287,9.4,5547.403532,5291.088774805047
2002-12-18,7169,0.0,0.0,1.990684358,0.260321355,,5778.745977,6016.229028824837
2002-12-19,7170,0.0,0.0,1.850857542,0.145136642,,5939.102029,6564.382003173826
2002-12-20,7171,2.905585585,1.506849315,1.806460894,0.242046404,,5998.222561,6757.997151595333
2002-12-21,7172,27.59308406,1.506849315,4.762055866,0.160876922,,3720.818699,2116.456089581535
2002-12-22,7173,10.51126108,1.506849315,10.51207542,0.255883784,,2599.399553,819.195612510628
2002-12-23,7174,9.41355737,1.506849315,6.948477654,0.222026693,,3407.243905,1345.695485705122
2002-12-24,7175,12.21992807,1.506849315,9.237695531,0.298811355,,2927.176903,956.4973040212017
2002-12-25,7176,3.285264545,1.506849315,6.968740223,0.211651246,,3371.529845,1341.0066909674501
2002-12-26,7177,19.12467219,1.506849315,8.761625698,0.244886942,,3047.980829,1019.1409967438713
2002-12-27,7178,32.24892465,1.506849315,23.4732067,0.24276453,,1564.351677,312.52566878796506
2002-12-28,7179,1.56313014,1.506849315,11.0325419,0.24774819,,2586.001708,773.0741287967155
2002-12-29,7180,78.90117676,1.506849315,47.78756145,0.188268869,,533.6821713,133.13255061393093
2002-12-30,7181,7.64617619,1.506849315,17.1750419,0.118292118,,1916.943268,454.64167161573585
2002-12-31,7182,3.00203256,1.506849315,9.128111732,0.109005337,,2929.324219,970.281249132795
2003-01-01,7183,22.43491676,1.506849315,13.29639385,0.244248035,,2383.5358,618.031675002429
2003-01-02,7184,19.45728172,1.506849315,14.57426816,0.275342727,,2213.112132,553.6184879478535
2003-01-03,7185,1.078709915,1.506849315,10.71907542,0.013106048,,2647.802625,800.2623910040498
2003-01-04,7186,0.926976945,1.506849315,6.683304469,0.106673313,,3441.421376,1409.9446002421946
2003-01-05,7187,0.25362857,1.506849315,4.92450838,0.575243617,,3979.530355,2033.0695345085157
2003-01-06,7188,0.0,0.0,3.85426257,0.02185898,,4434.971926,2726.861636823848
2003-01-07,7189,0.0,0.0,3.213452514,0.02336322,8.2,4791.923197,3390.4986167810202
2003-01-08,7190,0.0,0.0,2.900765363,0.02647676,,4997.570304,3832.8009043365273
2003-01-09,7191,0.5025888,9.863013699,2.487217877,0.222574843,,5303.568061,4608.055183389987
2003-01-10,7192,0.12006417,9.863013699,2.247310056,0.148608428,,5519.9008,5203.182112633924
2003-01-11,7193,0.308992315,9.863013699,2.047122905,0.162228433,,5718.781321,5818.175620861202
2003-01-12,7194,18.92216606,9.863013699,2.287106145,0.341818927,,5555.377132,5094.955022356499
2003-01-13,7195,4.57866292,9.863013699,4.648424581,0.254397454,,4049.321449,2178.5992176188097
2003-01-14,7196,9.93984113,9.863013699,5.007544693,0.589510265,8.5,3966.238345,1992.737878987958
2003-01-15,7197,15.95067275,6.164383562,9.06747486,0.545899983,,2866.262014,978.0659227644878
2003-01-16,7198,0.060032085,6.164383562,5.150337989,0.696951161,,3890.75001,1926.7149539947636
2003-01-17,7199,14.36124469,6.164383562,6.201150838,0.50570972,,3555.886778,1542.335420659998
2003-01-18,7200,11.70928768,6.164383562,5.945002793,0.38318981,,3680.74932,1622.3183053151527
2003-01-19,7201,8.753171625,6.164383562,8.921488827,0.441819028,,2951.115327,997.2855498542094
2003-01-20,7202,18.79734639,6.164383562,13.81952514,0.403571737,,2296.90009,590.078671069413
2003-01-21,7203,10.34648774,6.164383562,10.26002514,0.322064143,8.3,2755.339895,843.3856107111803
2003-01-22,7204,16.18519694,5.753424658,9.321712291,0.306481508,,2919.588707,946.1702803019205
2003-01-23,7205,0.0,0.0,7.384600559,0.604286904,,3262.514678,1250.9971313265464
2003-01-24,7206,7.514191775,5.753424658,5.883511173,0.595906272,,3678.64148,1642.6606442870598
2003-01-25,7207,19.56438325,5.753424658,10.94525698,0.594439838,,2605.063575,780.472837214955
2003-01-26,7208,10.69594791,5.753424658,8.093639665,0.443716242,,3148.23245,1120.7907265400465
2003-01-27,7209,20.2184101,5.753424658,9.493818436,0.405992481,,2788.144721,925.6419352238975
2003-01-28,7210,14.97386786,5.753424658,10.00201676,0.570176643,8.1,2800.225501,869.5387831087326
2003-01-29,7211,3.37390262,22.46575342,8.65274581,0.902584974,,2991.781175,1034.535167826348
2003-01-30,7212,1.924485025,22.46575342,6.105921788,0.199083715,,3602.271018,1571.210156654019
2003-01-31,7213,5.663446225,22.46575342,4.717608939,0.142934976,,4083.082333,2140.371826539968
2003-02-01,7214,14.94667694,22.46575342,9.265148045,0.541616871,,2929.127699,953.1003010924821
2003-02-02,7215,10.3339072,22.46575342,7.780726257,0.458618529,,3222.725346,1175.0400003454056
2003-02-03,7216,1.342455455,22.46575342,6.76123743,0.426822904,,3417.122703,1390.4872210250687
2003-02-04,7217,2.223405305,22.46575342,5.056013966,0.287055163,9.2,3936.141929,1969.8677884457184
2003-02-05,7218,1.91701596,3.287671233,4.068854749,0.0,,4335.253555,2555.474608313084
2003-02-06,7219,14.01905582,3.287671233,6.116882682,0.46045495,,3581.074863,1567.836335647952
2003-02-07,7220,10.27918434,3.287671233,11.65595531,0.46324839,,2539.73244,723.758397797404
2003-02-08,7221,14.32334697,3.287671233,8.023122905,0.592832813,,3173.896775,1132.6104874538828
2003-02-09,7222,4.148826145,3.287671233,9.086807263,0.479929557,,2911.261839,975.5715932194871
2003-02-10,7223,16.43836566,3.287671233,7.664178771,0.646816868,,3261.632376,1196.4927744112465
2003-02-11,7224,0.193596485,3.287671233,8.357832402,1.061244052,8.8,3013.991137,1078.4520050244398
2003-02-12,7225,0.3690244,0.623617863,5.630203911,1.317760345,,3745.72305,1731.623583729571
2003-02-13,7226,0.877061825,20.02154834,4.519332402,0.156043162,,4139.568036,2253.374620981893
2003-02-14,7227,0.0,0.0,3.653547486,0.558646166,,4539.935972,2907.2920619985643
2003-02-15,7228,0.0,0.0,3.112717877,1.19920715,,4853.854953,3522.346016452262
2003-02-16,7229,0.0,0.0,2.742335196,0.611064745,,5107.222043,4099.497673613597
2003-02-17,7230,0.0,0.0,2.426379888,0.455677335,,5358.847692,4746.76119502345
2003-02-18,7231,0.0,0.0,2.202234637,0.510793455,8.2,5563.202226,5330.965061769486
2003-02-19,7232,0.0,0.0,1.995435754,0.5020881,,5773.767185,5999.080823247626
2003-02-20,7233,0.068083685,3.526679849,1.840173184,0.222700285,,5951.547183,6610.039783371403
2003-02-21,7234,0.434505115,2.937805645,1.744642458,0.781816007,,6069.330659,7045.669436201797
2003-02-22,7235,0.0,0.0,1.636315642,1.129099449,,6212.009223,7607.643446644772
2003-02-23,7236,1.44228568,3.944391297,1.592497207,0.74135938,,6275.889196,7858.905372137951
2003-02-24,7237,0.0,0.0,1.460865922,0.296503751,,6467.459059,8713.911506118478
2003-02-25,7238,0.0,0.0,1.365687151,0.84091095,8.0,6622.661365,9445.720510258187
2003-02-26,7239,0.0,0.0,1.266561453,1.230770882,,6799.580155,10337.201244049566
2003-02-27,7240,1.68319431,1.369863014,1.223396648,0.390316427,,6887.958903,10775.213625468856
2003-02-28,7241,21.66383635,1.369863014,3.113145251,0.248405817,,4363.984838,3521.7668259250195
2003-03-01,7242,13.61229864,1.369863014,4.046907821,0.642877639,,4284.726803,2572.0874798212617
2003-03-02,7243,0.3690244,1.369863014,3.853131285,1.326005687,,4329.200543,2727.8208247060775
2003-03-03,7244,6.47544495,1.369863014,2.628050279,0.670035931,,5207.249677,4313.9131060408
2003-03-04,7245,16.81890269,1.369863014,6.606301676,0.507156479,7.8,3435.638338,1429.6657751314667
2003-03-05,7246,4.3951834,7.123287671,5.485223464,0.650905855,,3784.958275,1786.616947660088
2003-03-06,7247,0.0,0.0,3.914622905,1.242075132,,4398.917798,2676.56588946446
2003-03-07,7248,13.47683379,7.123287671,4.936173184,0.742463237,,3942.543093,2027.3137688698498
2003-03-08,7249,53.940895,7.123287671,36.37123743,0.488778577,,739.5084711,184.76628103252426
2003-03-09,7250,4.754090835,7.123287671,10.7772486,0.65128841,,2619.828279,795.0853406702424
2003-03-10,7251,7.18875641,7.123287671,6.994634078,0.781333944,,3374.40472,1335.0582412221074
2003-03-11,7252,10.21241855,7.123287671,7.704678771,0.746309959,8.4,3222.879903,1188.9571082976504
2003-03-12,7253,1.879393755,9.040418442,5.709796089,1.458267216,,3718.316174,1702.735418718512
2003-03-13,7254,0.0,0.0,4.391044693,1.285365276,,4191.700902,2332.4830242502057
2003-03-14,7255,0.060032085,2.981082151,3.552209497,2.387816453,,4591.81649,3006.929206927062
2003-03-15,7256,0.0,0.0,3.014572626,1.701012293,,4917.721047,3660.143092231579
2003-03-16,7257,0.0,0.0,2.618145251,2.302461337,,5199.498612,4333.466198829325
2003-03-17,7258,0.0,0.0,2.315715084,2.957071727,,5457.061829,5019.67251266188
2003-03-18,7259,0.0,0.0,2.109343575,2.125833688,8.0,5653.648372,5613.2825971366665
2003-03-19,7260,0.37447303,5.122514934,1.907798883,3.036484382,,5870.04926,6330.504632085715
2003-03-20,7261,0.0,0.0,1.764879888,1.598581574,,6042.832046,6949.057005402417
2003-03-21,7262,0.0,0.0,1.64247486,1.709646802,,6203.697249,7573.504262709683
2003-03-22,7263,0.0,0.0,1.52253352,2.510645143,,6370.737693,8293.13855041088
2003-03-23,7264,0.0,0.0,1.407444134,2.990649141,,6553.976066,9111.276281157661
2003-03-24,7265,0.700853615,12.84990779,1.364304469,1.174727523,,6629.219184,9457.179725811857
2003-03-25,7266,0.0,0.0,1.265430168,2.914137819,7.9,6801.895903,10348.26267067512
2003-03-26,7267,0.0,0.0,1.185486034,2.727139395,,6956.111582,11188.889112391476
2003-03-27,7268,0.0,0.0,1.11298324,2.59584169,,7110.185475,12066.654596264972
2003-03-28,7269,0.0,0.0,1.061195531,1.876042826,,7228.844623,12774.677785540256
2003-03-29,7270,0.0,0.0,1.010740223,2.015131501,,7343.820792,13541.46267772315
2003-03-30,7271,2.162946205,6.976358821,0.955835196,3.294429457,,7485.295104,14477.386599175175
2003-03-31,7272,0.0,0.0,0.916139665,2.953972558,,7591.526667,15231.110893477864
2003-04-01,7273,33.72505523,2.130764388,3.498611732,0.819193332,8.6,4340.936315,3062.1960292141175
2003-04-02,7274,1.21335568,4.607837212,1.756835196,2.694662377,,5979.23343,6987.169270094448
2003-04-03,7275,0.16927274,1.136426925,1.336751397,2.890894338,,6666.634821,9690.965429206679
2003-04-04,7276,0.0,0.0,1.216206704,4.0801074,,6896.245553,10851.494876470326
2003-04-05,7277,0.0,0.0,1.160170391,3.333663987,,7011.126794,11481.699433121532
2003-04-06,7278,0.0,0.0,1.121480447,2.210102306,,7094.251308,11957.325851671261
2003-04-07,7279,0.0,0.0,1.064388268,2.98864417,,7218.57493,12728.83692695259
2003-04-08,7280,0.0,0.0,1.014108939,3.168210409,7.8,7337.895951,13487.653988599879
2003-04-09,7281,0.0,0.0,0.972351955,2.81426014,,7443.711635,14183.626686502945
2003-04-10,7282,0.0,0.0,0.942108939,2.132757333,,7523.977275,14730.132353771969
2003-04-11,7283,0.0,0.0,0.915083799,1.797735296,,7595.399803,15252.14085907812
2003-04-12,7284,0.0,0.0,0.876921788,2.786715437,,7701.882219,16049.646943309388
2003-04-13,7285,0.16927274,1.099220863,0.842907821,2.625280755,,7806.541624,16827.55371656779
2003-04-14,7286,0.0,0.0,0.818421788,2.574669856,,7877.019551,17431.638657802767
2003-04-15,7287,0.0,0.0,0.773044693,4.485588609,7.4,8027.335043,18662.708202608515
2003-04-16,7288,0.0,0.0,0.739357542,5.694192292,,8142.164825,19684.433542554743
2003-04-17,7289,0.0,0.0,0.711326816,5.061563199,,8247.867167,20615.89665934921
2003-04-18,7290,0.0,0.0,0.694458101,4.711202315,,8309.51053,21216.33987951654
2003-04-19,7291,0.0,0.0,0.674346369,1.60581309,,8389.852993,21975.4274515832
2003-04-20,7292,0.0,0.0,0.675427374,1.561752444,,8388.25953,21933.36359749567
2003-04-21,7293,7.34012875,5.557682962,0.761027933,1.198511366,,8074.792195,19015.78727665438
2003-04-22,7294,0.0,0.0,0.711301676,1.662757367,7.6,8239.97947,20616.76827811059
2003-04-23,7295,0.0,0.0,0.67052514,4.543590671,,8401.718226,22125.312087004302
2003-04-24,7296,2.09447209,2.876712329,0.662178771,0.738867273,,8445.862899,22459.30126347083
2003-04-25,7297,5.05743102,2.876712329,0.733877095,0.692172372,,8172.609804,19860.41142820596
2003-04-26,7298,6.829157415,2.876712329,0.786444134,1.508300684,,7987.338571,18282.947193145625
2003-04-27,7299,14.84953023,2.876712329,1.324784916,2.494673747,,6674.522742,9795.83000080621
2003-04-28,7300,7.926945945,2.876712329,2.911650838,1.637271833,,4819.255883,3815.6446097767575
2003-04-29,7301,12.89410318,2.876712329,3.618,2.530741872,8.1,4441.648082,2941.5449446685434
2003-04-30,7302,20.67395097,2.191780822,8.748351955,1.792377397,,2747.87356,1020.9951944323842
2003-05-01,7303,6.177308425,2.191780822,6.345905028,2.486271259,,3484.790532,1500.2642014347532
2003-05-02,7304,24.67324617,2.191780822,10.85912849,0.930918635,,2650.276172,787.9017663325258
2003-05-03,7305,7.25933143,2.191780822,8.154276536,1.497873357,,3128.294088,1110.8065089445943
2003-05-04,7306,2.81263909,2.191780822,6.896715084,3.393633991,,3360.41934,1357.8109783796579
2003-05-05,7307,2.08499564,2.191780822,4.736212291,3.30602718,,4041.783311,2130.3018327349855
2003-05-06,7308,0.523618025,2.191780822,3.478298883,3.839131118,8.0,4626.088969,3083.63077953626
2003-05-07,7309,5.93222408,6.849315068,2.966128492,2.290972239,,4961.432038,3731.859418596948
2003-05-08,7310,0.0,0.0,2.650449721,3.394635233,,5157.496086,4270.286874714952
2003-05-09,7311,0.52677112,6.849315068,2.252061453,3.197462082,,5517.20467,5190.039560298027
2003-05-10,7312,1.57085407,6.849315068,2.055544693,2.380419314,,5706.532478,5789.644911570704
2003-05-11,7313,20.72167395,6.849315068,2.442896648,1.963624796,,5365.725808,4708.353574517942
2003-05-12,7314,4.54644255,6.849315068,3.062337989,3.440107533,,4853.619226,3591.8680488885975
2003-05-13,7315,1.56770096,6.849315068,2.383441341,2.365731904,7.7,5408.003919,4849.348759662553
2003-05-14,7316,0.17874919,5.068493151,2.294346369,3.770907315,,5469.562327,5075.707931784697
2003-05-15,7317,7.48097213,5.068493151,2.085259777,4.265316625,,5707.278002,5690.998114448079
2003-05-16,7318,20.21073691,5.068493151,8.903086592,0.792510359,,2917.683522,999.7574718291103
2003-05-17,7319,20.74381422,5.068493151,11.75746927,1.006801915,,2553.43679,716.2709622608609
2003-05-18,7320,24.8330596,5.068493151,14.11868715,1.784489023,,2249.740702,575.113934419549
2003-05-19,7321,25.16526459,5.068493151,14.7119581,1.815409512,,2199.905669,547.4094418890637
2003-05-20,7322,34.75333838,5.068493151,33.06620112,0.936965114,7.8,1150.325202,207.15127111724235
2003-05-21,7323,37.49016586,2.465753425,24.20135196,1.489150712,,1428.02486,301.2764229576347
2003-05-22,7324,36.46189986,2.465753425,31.69473184,0.937035999,,1165.552461,217.95667870922483
2003-05-23,7325,4.367693355,2.465753425,12.27760894,3.219108953,,2425.19156,680.0351839403638
2003-05-24,7326,13.25338277,2.465753425,10.60579609,1.989329244,,2733.649815,810.5228281429916
2003-05-25,7327,2.985064945,2.465753425,9.646918994,2.608701211,,2842.649627,908.0559955900083
2003-05-26,7328,1.21650879,2.465753425,6.498125698,3.744248773,,3497.39335,1458.239558307583
2003-05-27,7329,3.285704625,2.465753425,5.080374302,2.444827179,,3925.265792,1958.5543608547375
2003-05-28,7330,0.0,0.0,3.975963687,3.118238653,7.4,4376.087378,2627.169306160572
2003-05-29,7331,0.0,0.0,3.254932961,5.502591201,,4761.734577,3338.807404870297
2003-05-30,7332,0.0,0.0,2.760360335,5.640573524,,5091.036051,4067.4570365697664
2003-05-31,7333,0.0,0.0,2.434952514,5.765630007,,5351.420047,4726.755214445034
2003-06-01,7334,0.0,0.0,2.190997207,6.414417071,,5572.487542,5363.721854341542
2003-06-02,7335,2.088148745,2.447167999,2.047801676,3.543592505,,5718.101753,5815.86658092384
2003-06-03,7336,0.0,0.0,1.897717877,1.817849894,7.1,5884.794802,6370.788635345436
2003-06-04,7337,10.6321567,1.232876712,2.073318436,1.722600277,,5699.127643,5730.267253336593
2003-06-05,7338,0.696043865,1.232876712,1.862120112,3.766983397,,5907.597984,6516.875901673444
2003-06-06,7339,9.224252045,1.232876712,2.513689944,2.575588382,,5270.912347,4549.999895724804
2003-06-07,7340,2.78736285,1.232876712,1.843592179,5.819808688,,5936.587817,6595.366056789393
2003-06-08,7341,8.700634025,1.232876712,2.45853352,3.05819584,,5338.111262,4672.513996100808
2003-06-09,7342,2.273221275,1.232876712,1.89897486,4.128029523,,5875.848592,6365.7400580970825
2003-06-10,7343,2.42984734,1.232876712,1.841832402,3.143171288,7.1,5954.252188,6602.911239086026
2003-06-11,7344,3.65423029,4.024970404,1.730363128,2.403105363,,6087.58121,7115.332848452629
2003-06-12,7345,3.682659645,4.569164281,1.684156425,4.896913472,,6144.948452,7349.6666446090685
2003-06-13,7346,0.0,0.0,1.538874302,4.799418242,,6350.150258,8187.835043204619
2003-06-14,7347,0.5220329,0.872358303,1.493094972,4.944410055,,6422.278776,8489.244345018442
2003-06-15,7348,0.0,0.0,1.411642458,6.356853118,,6546.826802,9078.851196330617
2003-06-16,7349,0.5220329,3.090206203,1.34552514,6.466977867,,6663.260623,9615.379779655572
2003-06-17,7350,0.0,0.0,1.32822905,3.62288572,7.1,6688.277759,9765.435733953982
2003-06-18,7351,9.11425373,4.224599649,1.472455307,0.97272832,,6458.269566,8631.878743920537
2003-06-19,7352,3.64001562,3.425435859,1.507022346,1.297137579,,6400.559799,8395.418115704777
2003-06-20,7353,0.0,0.0,1.315005587,3.361680653,,6707.656571,9883.0853910902
2003-06-21,7354,0.253909115,3.073877189,1.230083799,4.870924079,,6870.764762,10705.145025436359
2003-06-22,7355,2.0881316,3.366498652,1.192248603,3.6851745,,6948.582104,11112.978816425897
2003-06-23,7356,0.5220329,4.011581356,1.155318436,3.43107594,,7018.925436,11539.429452615179
2003-06-24,7357,0.0,0.0,1.088949721,5.549708667,7.0,7163.384618,12386.03936418246
2003-06-25,7358,0.08004278,1.369863014,1.045206704,5.890414039,,7264.083838,13008.87343181232
2003-06-26,7359,1.896396065,1.369863014,1.040078212,2.401237722,,7281.864317,13085.668628137548
2003-06-27,7360,10.21669159,1.369863014,1.248083799,1.890011222,,6830.006529,10520.630804796845
2003-06-28,7361,0.08004278,1.369863014,1.041234637,4.68800798,,7262.412363,13068.27952927848
2003-06-29,7362,2.3265662,1.369863014,0.958097765,6.390941161,,7480.874935,14436.488006265878
2003-06-30,7363,19.30899659,1.369863014,2.241050279,3.578186197,,5438.363879,5220.590362937418
2003-07-01,7364,2.655222615,1.369863014,1.256078212,2.872238935,7.0,6798.541626,10440.542164990251
2003-07-02,7365,0.08004278,2.655495149,1.08296648,4.339238132,,7165.72116,12467.973677237685
2003-07-03,7366,0.0,0.0,1.002192737,2.181947449,,7370.224006,13679.775531368137
2003-07-04,7367,0.0,0.0,0.979793296,1.483599182,,7424.295587,14054.82728671069
2003-07-05,7368,0.32865642,1.178977107,0.937558659,2.368200083,,7533.731911,14815.712518994582
2003-07-06,7369,0.0,0.0,0.900050279,3.503758725,,7637.217585,15557.45013002442
2003-07-07,7370,0.908176645,1.56845561,0.888435754,2.989236179,,7674.325316,15801.10207604253
2003-07-08,7371,1.56773965,6.037755297,0.90746648,1.443643764,6.9,7621.681267,15405.449816656857
2003-07-09,7372,0.08004278,1.487635336,0.864879888,4.56845281,,7731.995148,16317.37032949477
2003-07-10,7373,2.49738722,1.604062192,0.841826816,1.270141923,,7811.24426,16853.409517822132
2003-07-11,7374,0.0,0.0,0.785463687,4.155781224,,7978.574042,18310.252540714893
2003-07-12,7375,0.0,0.0,0.733575419,7.021550211,,8163.823008,19870.182118437275
2003-07-13,7376,0.0,0.0,0.695715084,8.08453658,,8301.669193,21170.49468435314
2003-07-14,7377,0.0,0.0,0.667986034,7.683513025,6.9,8412.744583,22225.947815617088
2003-07-15,7378,0.0,0.0,0.65174581,6.681144204,,8480.576594,22890.010616791762
2003-07-16,7379,0.0,0.0,0.636184358,4.51149214,,8547.614652,23561.31485394627
2003-07-17,7380,12.03979536,1.780821918,0.75901676,1.054897816,,8063.37474,19076.07965843611
2003-07-18,7381,0.08004278,1.780821918,0.687972067,6.236100627,,8317.452477,21455.825554226634
2003-07-19,7382,3.16768569,1.780821918,0.649156425,4.47112071,,8494.187732,22999.265143132223
2003-07-20,7383,6.867055215,1.780821918,0.676960894,2.210697107,,8432.122254,21873.944481482085
2003-07-21,7384,15.83365506,1.780821918,1.188854749,2.207037009,,6843.517715,11150.956536882184
2003-07-22,7385,1.0919833,1.780821918,0.814575419,2.49175385,7.4,7860.880834,17530.158582490258
2003-07-23,7386,9.410028655,0.95890411,0.819,1.311116219,,7891.246823,17416.916294793104
2003-07-24,7387,24.26063186,0.95890411,1.38147486,3.41861609,,6889.109041,9316.661405456049
2003-07-25,7388,41.8416059,0.95890411,19.19996648,2.236530284,,1621.676365,397.74116226248213
2003-07-26,7389,2.315830735,0.95890411,4.841497207,1.873319981,,3964.318271,2074.91084322155
2003-07-27,7390,1.236833065,0.95890411,3.07123743,4.116266981,,4853.592656,3579.4049528070796
2003-07-28,7391,15.23108098,0.95890411,3.216444134,2.073588894,,4780.922839,3386.721562803837
2003-07-29,7392,27.11663173,0.95890411,7.851544693,1.227747556,6.4,3134.966044,1162.3460042668548
2003-07-30,7393,0.499477445,0.95890411,8.940544693,3.295256927,,2888.597662,994.7376113331079
2003-07-31,7394,7.93346145,0.95890411,5.113307263,1.461772496,,3916.380755,1943.4478162594887
2003-08-01,7395,2.1687308,0.95890411,4.529689944,3.884762184,,4123.684998,2247.202202716401
2003-08-02,7396,0.0,0.0,3.299379888,4.824938743,,4729.358552,3285.001971861729
2003-08-03,7397,0.0,0.0,2.701231844,6.580590591,,5131.747182,4174.319849217816
2003-08-04,7398,0.0,0.0,2.323382682,5.52650663,,5445.131554,4999.841525273034
2003-08-05,7399,0.0,0.0,2.071810056,3.023477519,6.9,5690.060997,5735.262938820852
2003-08-06,7400,0.0,0.0,1.875972067,2.275305993,,5908.809509,6459.306058051315
2003-08-07,7401,0.32865642,5.736605637,1.71148324,6.641865395,,6106.58634,7209.402252564201
2003-08-08,7402,0.08004278,2.437065325,1.57351676,5.881410666,,6296.154333,7972.5200853325605
2003-08-09,7403,0.0,0.0,1.442840782,7.316826564,,6494.146304,8844.37684940904
2003-08-10,7404,0.85185496,3.272750419,1.395276536,3.65898824,,6578.433463,9206.461916476002
2003-08-11,7405,0.0,0.0,1.310681564,2.703871146,,6719.581325,9922.122220041798
2003-08-12,7406,0.0,0.0,1.224527933,5.217886904,7.2,6877.181296,10763.300857174974
2003-08-13,7407,0.0,0.0,1.14526257,3.968150568,,7040.963573,11660.78833877523
2003-08-14,7408,0.0,0.0,1.073564246,5.295822472,,7195.980873,12598.754914097328
2003-08-15,7409,0.0,0.0,1.01926257,4.72445734,,7326.240527,13406.090067166315
2003-08-16,7410,0.0,0.0,0.980648045,3.883729173,,7421.037902,14040.17011610184
2003-08-17,7411,0.0,0.0,0.938639665,3.076364871,,7531.088526,14795.298812399935
2003-08-18,7412,0.739605785,3.09637307,0.921670391,3.081180478,,7579.146563,15121.81778386138
2003-08-19,7413,0.0,0.0,0.881698324,2.857085422,6.9,7687.979371,15945.67382136876
2003-08-20,7414,0.0,0.0,0.84753352,3.683869974,,7788.675998,16717.732326067024
2003-08-21,7415,4.823953415,2.465753425,0.847860335,1.858484269,,7798.739908,16710.02296523965
2003-08-22,7416,34.33685284,2.465753425,2.35272067,1.333295936,,5406.408727,4925.273195352193
2003-08-23,7417,0.499477445,2.465753425,1.616857542,3.669636782,,6112.66759,7717.373540308167
2003-08-24,7418,0.0,0.0,1.101519553,2.50410902,,7118.785726,12217.088576164024
2003-08-25,7419,0.0,0.0,0.971044693,2.763225229,,7440.314943,14206.477472909894
2003-08-26,7420,0.0,0.0,0.914882682,2.548278089,7.0,7598.220281,15256.15260226203
2003-08-27,7421,0.0,0.0,0.906636872,2.047413331,,7613.198138,15422.317643514885
2003-08-28,7422,29.76072467,2.247130034,2.35950838,0.422561,,5066.769871,4908.310817901591
2003-08-29,7423,0.4086992,1.662673581,3.206614525,2.998704073,,4454.522321,3399.160959081627
2003-08-30,7424,0.579520225,2.641262293,1.555642458,2.698460182,,6300.753894,8082.300146765132
2003-08-31,7425,0.0,0.0,1.309097765,2.308223609,,6718.597603,9936.491455658368
2003-09-01,7426,0.0,0.0,1.209494413,2.645728638,,6908.470641,10923.607721385642
2003-09-02,7427,0.0,0.0,1.141215084,2.592872783,7.2,7050.639206,11710.298401807739
2003-09-03,7428,0.0,0.0,1.09422905,2.137884708,,7151.865477,12314.560947329515
2003-09-04,7429,0.0,0.0,1.032511173,4.295718881,,7291.913972,13200.509745934432
2003-09-05,7430,0.0,0.0,0.987662011,3.173431255,,7403.962285,13920.946625588684
2003-09-06,7431,8.054195925,2.328767123,1.224653631,1.876005372,,6869.502588,10761.97871136575
2003-09-07,7432,2.40660898,2.328767123,1.064463687,2.264700761,,7216.972899,12727.757721452868
2003-09-08,7433,10.55833364,2.328767123,1.307488827,0.877452141,,6741.560334,9951.127910804546
2003-09-09,7434,13.50337694,2.328767123,1.317594972,1.477701283,6.9,6755.403016,9859.843338116387
2003-09-10,7435,38.04972335,1.917808219,8.567321229,0.852384632,,3033.72479,1046.9144356826032
2003-09-11,7436,6.80264242,1.917808219,5.468857542,1.533509497,,3771.071007,1793.0262491816547
2003-09-12,7437,0.32865642,1.917808219,3.605103352,3.397315024,,4542.157532,2954.155455814855
2003-09-13,7438,0.0,0.0,2.693815642,4.990204873,,5130.9972,4188.08713407942
2003-09-14,7439,0.0,0.0,2.245902235,4.793616402,,5513.590401,5207.087931388249
2003-09-15,7440,0.0,0.0,1.944477654,5.082165396,,5822.822732,6187.80042162131
2003-09-16,7441,0.0,0.0,1.735391061,5.065889375,7.1,6077.398636,7090.659867075946
2003-09-17,7442,0.0,0.0,1.594131285,4.698710025,,6267.585914,7849.262806382878
2003-09-18,7443,0.0,0.0,1.523463687,0.915139481,,6376.027163,8287.077753083071
2003-09-19,7444,6.54104315,3.30784316,1.507273743,0.883138477,,6407.159352,8393.741987544214
2003-09-20,7445,0.99895489,3.323717678,1.444927374,0.648232318,,6488.645554,8829.091184921726
2003-09-21,7446,0.0,0.0,1.332527933,1.911698626,,6679.542862,9727.74033767504
2003-09-22,7447,7.308355,0.510795799,1.320310056,1.835023802,,6715.118439,9835.580507016932
2003-09-23,7448,3.33850672,7.255573027,1.314678771,2.300062504,7.0,6705.01887,9886.026003013587
2003-09-24,7449,0.32865642,4.302472329,1.17452514,1.964980598,,6978.334027,11313.965952084287
2003-09-25,7450,0.0,0.0,1.098452514,1.997936236,,7143.395526,12257.921100020296
2003-09-26,7451,3.723484815,2.531141856,1.112958101,0.961977845,,7114.346175,12066.980765462857
2003-09-27,7452,0.0,0.0,1.036256983,1.701200676,,7283.588902,13143.431339797131
2003-09-28,7453,0.0,0.0,0.980497207,1.896008151,,7420.467039,14042.75463605773
2003-09-29,7454,4.644647085,6.273768136,0.983011173,1.090636433,,7425.727206,13999.79297913122
2003-09-30,7455,0.08004278,8.35072979,0.97275419,0.999417739,6.9,7437.692864,14176.609229885675
2003-10-01,7456,0.0,0.0,0.915159218,1.524143894,,7594.062575,15250.636951932262
2003-10-02,7457,0.0,0.0,0.893891061,0.825776231,,7658.132378,15685.793822469546
2003-10-03,7458,0.4086992,15.34246575,0.866539106,1.440148367,,7730.977942,16279.996146133633
2003-10-04,7459,8.33328115,15.34246575,0.868047486,1.519443658,,7736.073775,16246.155697497292
2003-10-05,7460,25.96209161,15.34246575,1.740041899,1.590252789,,5935.134484,7067.976727961011
2003-10-06,7461,11.07928201,15.34246575,2.550293296,1.646520591,,4782.56074,4471.90373879361
2003-10-07,7462,13.88610488,15.34246575,4.030240223,2.013494707,9.2,4253.376517,2584.8369886378387
2003-10-08,7463,21.32008889,5.342465753,5.293407821,0.370268909,,3763.681185,1864.4786406041615
2003-10-09,7464,6.74407057,5.342465753,3.587731844,1.011865912,,4565.011198,2971.2990367792354
2003-10-10,7465,19.93615588,5.342465753,8.202670391,1.155655421,,3077.383408,1102.9545006518383
2003-10-11,7466,0.0,0.0,4.661622905,1.601674483,,4065.443355,2171.210309246443
2003-10-12,7467,0.908176645,5.342465753,3.454340782,1.163286021,,4638.678423,3109.2682691452674
2003-10-13,7468,8.82202313,5.342465753,3.511810056,0.143889158,,4631.578214,3048.4146760773583
2003-10-14,7469,0.0,0.0,2.922108939,0.908052636,6.0,4968.746308,3799.2940816950054
2003-10-15,7470,0.08004278,10.2013615,2.442846369,0.665771676,,5343.085325,4708.4696265226185
2003-10-16,7471,0.0,0.0,2.186446927,1.627325452,,5576.43258,5377.091011237711
2003-10-17,7472,0.0,0.0,1.989276536,1.153012532,,5780.263461,6021.32726103612
2003-10-18,7473,0.0,0.0,1.828081006,1.55142023,,5965.236293,6662.4211052493665
2003-10-19,7474,0.0,0.0,1.698536313,0.868959555,,6128.194346,7275.239066043887
2003-10-20,7475,0.4086992,3.016438382,1.589807263,1.100645802,,6274.619382,7874.825934357363
2003-10-21,7476,4.48906186,2.347224701,1.539226257,0.582309805,7.4,6355.592282,8185.593969140113
2003-10-22,7477,2.41734444,2.054885782,1.481631285,0.257357969,,6439.234345,8567.927602169135
2003-10-23,7478,0.0,0.0,1.401159218,1.144542719,,6560.727689,9160.215755046958
2003-10-24,7479,1.48769687,1.019357204,1.322547486,0.456569393,,6700.395045,9815.668334813174
2003-10-25,7480,8.66418774,3.204882092,1.395653631,0.334418799,,6592.571313,9203.484576699362
2003-10-26,7481,0.32865642,2.033840349,1.405784916,1.06577179,,6532.838086,9124.14962644271
2003-10-27,7482,0.08004278,17.32126274,1.255148045,0.780997835,,6823.154075,10449.803073824294
2003-10-28,7483,20.58908955,5.463573234,1.590058659,0.273219189,7.4,6582.410999,7873.335529282426
2003-10-29,7484,27.52095174,4.520547945,7.863611732,0.341844198,,3160.616915,1160.2080676393252
2003-10-30,7485,26.34481954,4.520547945,11.46001676,0.201333526,,2292.994733,738.6232650155652
2003-10-31,7486,6.912641445,4.520547945,14.06931285,0.065800498,,2126.507259,577.5355658959851
2003-11-01,7487,14.14095366,4.520547945,7.066332402,0.446929748,,3399.98275,1318.8371625653267
2003-11-02,7488,14.52593175,4.520547945,14.62557821,0.562042709,,2160.884026,551.2896682711565
2003-11-03,7489,9.43374975,4.520547945,9.024611732,0.769521112,,2955.561794,983.6381672903007
2003-11-04,7490,0.32865642,4.520547945,5.973410615,0.829330524,7.7,3642.390554,1613.0758843271842
2003-11-05,7491,0.170821025,10.11240384,4.558751397,0.940232251,,4117.187472,2230.047921442279
2003-11-06,7492,0.4086992,1.534358048,3.579058659,0.437492814,,4575.498596,2979.9268684836056
2003-11-07,7493,0.0,0.0,2.953784916,0.660975768,,4954.452723,3750.5461613274947
2003-11-08,7494,0.0,0.0,2.564874302,0.227204427,,5242.5766,4441.475306650188
2003-11-09,7495,0.499477445,2.034644222,2.295527933,0.332273155,,5476.805475,5072.57956905335
2003-11-10,7496,0.499477445,2.995938116,2.07827095,0.888349218,,5684.900798,5713.920744777598
2003-11-11,7497,3.076907445,4.531959729,1.922958101,0.168338148,7.5,5862.234082,6270.80052592579
2003-11-12,7498,11.6953878,9.452054795,2.168346369,0.665914078,,5662.759117,5430.882679825131
2003-11-13,7499,8.59263025,9.452054795,4.29222067,0.192398437,,4169.962129,2396.973961765424
2003-11-14,7500,35.41494096,9.452054795,18.15206983,0.186636627,,1665.443198,425.4447243776332
2003-11-15,7501,4.383047825,9.452054795,9.328801676,0.333671026,,2841.520472,945.3082296043399
2003-11-16,7502,1.07899767,9.452054795,5.86498324,0.268779043,,3665.412269,1648.8818977602934
2003-11-17,7503,42.29877802,9.452054795,12.77502235,0.214132055,,2232.506338,648.4044470618047
2003-11-18,7504,11.04707563,9.452054795,12.33749162,0.029217543,9.2,2442.310785,676.0786311848493
2003-11-19,7505,18.79010107,3.150684932,12.11186313,0.117972341,,2517.057326,691.210777083098
2003-11-20,7506,4.642396925,3.150684932,9.219092179,0.019013467,,2904.71436,958.8119443389015
2003-11-21,7507,0.08004278,3.150684932,6.447067039,0.135244028,,3509.920608,1472.0927019277074
2003-11-22,7508,0.0,0.0,5.064712291,0.009401808,,3931.015195,1965.8143862086674
2003-11-23,7509,0.090778245,3.150684932,3.958416201,0.0,,4384.446414,2641.1282621352334
2003-11-24,7510,0.828133865,3.150684932,3.29402514,0.233195204,,4743.825792,3291.399710947425
2003-11-25,7511,21.52086614,3.150684932,4.537835196,0.260845331,8.0,4199.313899,2242.3699052463257
2003-11-26,7512,14.38293796,2.876712329,10.52590223,0.0,,2715.906244,817.9054216345352
2003-11-27,7513,4.166640575,2.876712329,6.326145251,0.00614295,,3544.778691,1505.8825470195347
2003-11-28,7514,1.1004686,2.876712329,5.099153631,0.084225646,,3921.900851,1949.9139013525746
2003-11-29,7515,10.66833265,2.876712329,5.090656425,0.061997736,,3958.315092,1953.8148305804416
2003-11-30,7516,14.4825957,2.876712329,7.726801676,0.090836323,,3221.512519,1184.8774403811906
2003-12-01,7517,13.47965585,2.876712329,7.488150838,0.060980501,,3279.809962,1230.2881297569188
2003-12-02,7518,1.5091678,2.876712329,7.37248324,0.091432898,8.0,3279.256252,1253.4622765022732
2003-12-03,7519,1.82708875,3.37982261,5.670628492,0.089160695,,3736.457663,1716.840037083618
2003-12-04,7520,0.08004278,5.144834148,4.545930168,0.182359222,,4130.879248,2237.586283182344
2003-12-05,7521,0.0,0.0,3.76496648,0.35815097,,4483.947518,2804.5242400450206
2003-12-06,7522,1.58921058,3.949621773,3.299606145,0.27596019,,4741.160077,3284.7321470451643
2003-12-07,7523,0.32865642,12.41702652,2.818256983,0.0,,5049.519768,3967.5831439685353
2003-12-08,7524,0.0,0.0,2.474673184,0.0,,5319.301512,4636.043399598898
2003-12-09,7525,0.4086992,1.740065492,2.297488827,0.0,7.9,5475.864406,5067.395615260245
2003-12-10,7526,0.0,0.0,2.10753352,0.0,,5658.077835,5619.05565435077
2003-12-11,7527,18.7641298,2.328767123,4.83375419,0.126607649,,3939.410464,2078.8942282099324
2003-12-12,7528,61.91172421,2.328767123,15.42413966,0.045853061,,1983.404167,517.2327198065035
2003-12-13,7529,63.7104704,2.328767123,55.64896089,0.110199864,,421.9272585,110.88155082358378
2003-12-14,7530,2.1687308,2.328767123,11.6337067,0.29165661,,2492.421998,725.4186005388996
2003-12-15,7531,0.419434665,2.328767123,6.664122905,0.017729812,,3450.201119,1414.8103590601715
2003-12-16,7532,0.0,0.0,5.113935754,0.0,7.9,3913.748185,1943.1616020186398
2003-12-17,7533,0.4086992,5.342465753,4.022497207,0.281937505,,4354.747516,2590.7993337658554
2003-12-18,7534,0.0,0.0,3.356120112,0.333104505,,4706.171907,3218.5861729950534
2003-12-19,7535,1.249818695,5.342465753,2.959064246,0.09572497,,4956.015815,3742.532909260018
2003-12-20,7536,33.18775947,5.342465753,10.55184637,0.131818333,,2541.384152,815.4945796050151
2003-12-21,7537,13.29359903,5.342465753,10.28996648,0.223029603,,2736.863999,840.4438392788718
2003-12-22,7538,4.406890075,5.342465753,6.392388268,0.0,,3536.463271,1487.1979198166307
2003-12-23,7539,23.09310611,5.342465753,13.50879888,0.007760519,7.6,2358.474878,606.3949874152466
2003-12-24,7540,4.564604315,5.068493151,7.86750838,0.038184814,,3165.923214,1159.5192315747495
2003-12-25,7541,6.5472783,5.068493151,6.543276536,0.014276659,,3500.17497,1446.187100096711
2003-12-26,7542,27.69311339,5.068493151,14.32118715,0.03468425,,2104.269906,565.3738545495389
2003-12-27,7543,3.668624915,5.068493151,13.65068715,0.0,,2300.265493,598.8430932985173
2003-12-28,7544,0.795533275,5.068493151,7.745002793,0.029461953,,3187.068892,1181.5401858757389
2003-12-29,7545,0.635447715,5.068493151,5.669472067,0.021798109,,3729.865827,1717.2597318258943
2003-12-30,7546,0.330906585,5.068493151,4.395796089,0.085637517,8.1,4188.809236,2329.46254112398
2003-12-31,7547,3.35295412,7.123287671,3.871810056,0.131090645,,4477.480449,2712.062395147253
2004-01-01,7548,44.32944026,7.123287671,15.71508101,0.023188202,,2096.041476,505.7675391114306
2004-01-02,7549,0.32865642,7.123287671,8.876664804,0.0,,2922.441688,1003.3263403395974
2004-01-03,7550,4.35668237,7.123287671,6.327402235,0.1475816,,3557.564265,1505.5239971693863
2004-01-04,7551,1.249818695,7.123287671,5.27027933,0.152296134,,3864.733177,1874.2882633264746
2004-01-05,7552,30.78829519,7.123287671,7.299854749,0.0,,3470.365905,1268.4264373967515
2004-01-06,7553,17.45798944,7.123287671,19.74695531,0.149930523,7.1,1687.970142,384.5596119037069
2004-01-07,7554,8.534452605,10.68493151,8.455575419,0.189829248,,3075.197992,1063.5235227411936
2004-01-08,7555,22.36159143,10.68493151,15.49086034,0.01947373,,2068.757893,514.5615945760027
2004-01-09,7556,8.726744555,10.68493151,9.517575419,0.0,,2873.675839,922.8723091860418
2004-01-10,7557,15.60492943,10.68493151,8.040067039,0.0,,3204.635859,1129.7495735842845
2004-01-11,7558,16.5731397,10.68493151,16.60990223,0.215456789,,1968.678766,473.2609073346241
2004-01-12,7559,9.249943095,10.68493151,7.976011173,0.113528632,,3168.016023,1140.6352542422812
2004-01-13,7560,3.41629933,10.68493151,7.041041899,0.247090362,8.1,3355.302735,1324.5174659725596
2004-01-14,7561,1.89560768,14.24657534,5.96999162,0.0,,3674.622824,1614.1831311739938
2004-01-15,7562,33.12772584,14.24657534,18.31095251,0.0,,1694.879771,421.0198002969587
2004-01-16,7563,35.78930474,14.24657534,27.18575698,0.033134952,,1323.516486,262.03504376106685
2004-01-17,7564,3.405563865,14.24657534,10.58088268,0.058772469,,2675.827243,812.8118055435075
2004-01-18,7565,2.31358057,14.24657534,6.930905028,0.1953447,,3392.203335,1349.7862220692966
2004-01-19,7566,22.15722339,14.24657534,7.633734637,0.0,,3253.358464,1202.2152654241663
2004-01-20,7567,16.22605089,14.24657534,10.81772346,0.0,9.1,2687.711831,791.5194181091849
2004-01-21,7568,0.0,0.0,7.290125698,0.176555295,,3299.919049,1270.4558783955483
2004-01-22,7569,10.00253451,2.739726027,6.731824022,0.106244669,,3456.633947,1397.7726562393016
2004-01-23,7570,7.996139435,2.739726027,5.974365922,0.026941124,,3663.331441,1612.7667555634887
2004-01-24,7571,0.419434665,2.739726027,5.401608939,0.058453379,,3816.614794,1819.8108162324481
2004-01-25,7572,0.0,0.0,4.414298883,0.16135729,,4186.986122,2317.7682882297604
2004-01-26,7573,0.0,0.0,3.748273743,0.083687563,,4494.910331,2819.4937114159634
2004-01-27,7574,0.0,0.0,3.289047486,0.334268519,8.0,4749.101769,3297.3674321174767
2004-01-28,7575,2.678549515,5.068493151,2.967963687,0.0,,4949.317576,3729.0957225461234
2004-01-29,7576,1.43098099,5.068493151,2.601125698,0.0,,5214.59311,4367.445962872628
2004-01-30,7577,8.42682491,5.068493151,5.923030726,0.0,,3421.877179,1629.5337062862404
2004-01-31,7578,76.85009784,5.068493151,52.97017877,0.0,,479.1864049,117.64915744287993
2004-02-01,7579,1.589210575,5.068493151,11.74844413,0.129099472,,2454.75256,716.9308769767888
2004-02-02,7580,45.91920306,5.068493151,18.36140782,0.0,,1949.956868,419.63221158755726
2004-02-03,7581,69.84020071,5.068493151,65.29434637,0.0,7.1,379.9759947,91.51418319672086
2004-02-04,7582,70.14909028,5.205479452,60.36101397,0.0,,403.9633928,100.5695497917957
2004-02-05,7583,3.429284955,5.205479452,16.80634358,0.301356263,,1908.945353,466.6327588766692
2004-02-06,7584,13.67818294,5.205479452,10.25321229,0.273158346,,2773.805444,844.0576187434938
2004-02-07,7585,4.767631735,5.205479452,8.81997486,0.451964832,,2983.901666,1011.0629591280999
2004-02-08,7586,1.405403925,5.205479452,6.540108939,0.639321949,,3484.437083,1447.0266876926885
2004-02-09,7587,0.499477445,5.205479452,5.151594972,0.292640786,,3907.045233,1926.1516052425309
2004-02-10,7588,1.987174315,5.205479452,4.381717877,0.017277088,8.1,4203.820162,2338.4330543911324
2004-02-11,7589,0.0,0.0,3.774167598,0.783457303,,4481.814786,2796.3351649931888
2004-02-12,7590,1.997909775,6.126803327,3.341765363,0.180318121,,4720.159988,3235.1547112224616
2004-02-13,7591,1.15904045,1.372951045,3.033125698,0.241640699,,4906.31622,3633.343043150121
2004-02-14,7592,0.32865642,2.085546596,2.694645251,0.890993513,,5144.210099,4186.542929937493
2004-02-15,7593,0.0,0.0,2.422156425,0.652855762,,5363.744391,4756.674714973784
2004-02-16,7594,2.59041563,12.66965667,2.246656425,0.600502045,,5525.20502,5204.994859408276
2004-02-17,7595,1.57847511,10.25601627,2.133050279,0.119597418,7.8,5629.834878,5538.664162430743
2004-02-18,7596,0.0,0.0,1.920469274,1.177931974,,5855.73993,6280.531685104267
2004-02-19,7597,0.0,0.0,1.762290503,0.980682493,,6044.974914,6961.282689900275
2004-02-20,7598,0.0,0.0,1.628547486,1.087604526,,6221.908602,7651.105146306712
2004-02-21,7599,0.0,0.0,1.522835196,0.756344837,,6373.503443,8291.171994185646
2004-02-22,7600,0.0,0.0,1.421899441,0.686103248,,6529.684783,9000.516819344386
2004-02-23,7601,0.0,0.0,1.351659218,0.554571304,,6651.245455,9563.17443619415
2004-02-24,7602,5.91593672,3.236029373,1.38602514,0.162829171,7.1,6598.654907,9280.06338702967
2004-02-25,7603,2.633751685,5.233730905,1.292480447,0.606644539,,6748.190204,10089.587545361199
2004-02-26,7604,0.170821025,9.991067525,1.224452514,0.0,,6880.060299,10764.094289826658
2004-02-27,7605,0.0,0.0,1.168089385,0.0,,6998.041036,11388.60723751026
2004-02-28,7606,1.040556135,2.963797073,1.123114525,0.258870611,,7087.914616,11936.509251758376
2004-02-29,7607,1.72968118,3.539650114,1.073614525,0.122723504,,7199.965246,12598.048863612687
2004-03-01,7608,1.96980952,8.646290947,1.039022346,0.642236278,,7277.547696,13101.582744438183
2004-03-02,7609,5.27109415,3.500885697,1.010388268,0.379749432,7.1,7348.954759,13547.107205101358
2004-03-03,7610,11.55041689,1.455194421,1.145689944,0.28501924,,7072.968137,11655.582986716965
2004-03-04,7611,0.828133865,3.190063342,1.617988827,0.94626004,,6239.590327,7710.9145045849655
2004-03-05,7612,2.743750695,19.70214977,1.533871508,1.216385315,,6361.602534,8219.812483118081
2004-03-06,7613,0.672548635,14.19248821,1.448371508,1.199780027,,6459.682177,8803.966398124034
2004-03-07,7614,0.98596926,4.636025364,1.238932961,1.804081402,,6846.517222,10613.698490735324
2004-03-08,7615,0.0,0.0,1.140209497,1.15010582,,7051.180444,11722.65890454823
2004-03-09,7616,0.0,0.0,1.07773743,0.933403473,7.6,7190.194301,12540.398412122195
2004-03-10,7617,0.0,0.0,1.057726257,0.541329856,,7238.545313,12824.833670215312
2004-03-11,7618,0.0,0.0,1.031731844,0.03205678,,7300.433036,13212.442301570201
2004-03-12,7619,8.63821647,2.465753425,1.065871508,0.271759701,,7223.235111,12707.64333154955
2004-03-13,7620,10.81768274,2.465753425,1.856136872,1.040042896,,5973.180402,6542.03468620662
2004-03-14,7621,11.98295833,2.465753425,5.212960894,0.385303977,,3700.059432,1899.0116351469094
2004-03-15,7622,24.49586567,2.465753425,6.290874302,0.123021234,,3415.609935,1516.0076660215218
2004-03-16,7623,6.151564725,2.465753425,7.063340782,0.827624395,7.6,3290.330369,1319.5067562644535
2004-03-17,7624,0.0,0.0,4.794561453,1.202734398,,4011.222007,2099.273867696854
2004-03-18,7625,9.384057395,8.219178082,5.045329609,0.602427821,,3914.646795,1974.8676973932481
2004-03-19,7626,36.62990889,8.219178082,21.4231676,1.031265532,,1455.572664,348.74603979561243
2004-03-20,7627,17.79698712,8.219178082,14.54037989,0.601400302,,2227.821236,555.1664915725559
2004-03-21,7628,12.27317321,8.219178082,8.729648045,0.48110378,,3026.617791,1023.6184477943898
2004-03-22,7629,5.820263955,8.219178082,7.185896648,1.008208625,,3315.483534,1292.5769150055128
2004-03-23,7630,6.653292335,8.219178082,6.829944134,1.654601003,7.8,3426.91186,1373.7376314176886
2004-03-24,7631,0.32865642,10.55687046,5.031905028,1.527066836,,3942.047815,1981.1830151663985
2004-03-25,7632,2.74825103,5.749423955,4.145053073,1.094322464,,4304.206109,2499.2940627641224
2004-03-26,7633,0.08004278,34.326938,3.449891061,1.31448534,,4650.588022,3114.072987038388
2004-03-27,7634,1.236833065,7.78442723,2.987698324,0.507004518,,4935.162103,3699.6120878195816
2004-03-28,7635,0.0,0.0,2.585765363,0.962785505,,5224.621034,4398.535127452296
2004-03-29,7636,0.0,0.0,2.267723464,3.04967447,,5499.010323,5147.145890882308
2004-03-30,7637,0.0,0.0,2.033522346,3.317055012,7.3,5730.882704,5864.798890437305
2004-03-31,7638,2.83902927,6.438356164,1.886053073,2.768319401,,5900.417672,6417.992092119329
2004-04-01,7639,4.65763272,6.438356164,1.849148045,0.920526468,,5952.995555,6571.648314876926
2004-04-02,7640,0.08004278,6.438356164,1.736094972,2.313698926,,6062.302731,7087.218169882341
2004-04-03,7641,41.38282019,6.438356164,8.99846648,0.729252609,,2338.789325,987.0657302557461
2004-04-04,7642,2.903836255,6.438356164,7.932519553,1.503895125,,2988.056304,1148.1364291606887
2004-04-05,7643,5.49200172,6.438356164,4.857435754,1.170772271,,4010.255793,2066.7551875298295
2004-04-06,7644,13.15324959,6.438356164,5.474715084,1.034567832,8.0,3800.412031,1790.7274521629229
2004-04-07,7645,1.667003195,7.373000463,4.404620112,2.195030891,,4181.274379,2323.872062354598
2004-04-08,7646,2.15574517,1.287198318,3.693494413,0.953325734,,4524.334718,2869.6633718463045
2004-04-09,7647,0.0,0.0,3.150980447,2.434590897,,4828.519153,3471.1747934808354
2004-04-10,7648,0.828133865,1.961805136,2.796159218,0.844478303,,5068.986179,4005.1666477070844
2004-04-11,7649,0.0,0.0,2.479751397,1.679232542,,5313.565643,4624.676029305563
2004-04-12,7650,0.32865642,2.477497751,2.277301676,2.098270201,,5493.971945,5121.233121594626
2004-04-13,7651,0.0,0.0,2.081136872,2.602034121,7.2,5684.570197,5704.500364941822
2004-04-14,7652,0.0,0.0,1.94477933,1.426290452,,5830.731085,6186.651200899567
2004-04-15,7653,8.99284416,2.328767123,1.997849162,0.734517251,,5779.830332,5990.404921369154
2004-04-16,7654,7.49216166,2.328767123,2.302391061,0.651145273,,5490.092501,5054.478155217479
2004-04-17,7655,9.407778485,2.328767123,2.230416201,2.523086321,,5559.221438,5250.409520311141
2004-04-18,7656,8.143239365,2.328767123,4.7115,2.303922217,,3976.838433,2143.697654956848
2004-04-19,7657,0.08004278,2.328767123,2.530583799,3.453367422,,5257.942926,4513.647164142723
2004-04-20,7658,3.087642915,2.328767123,2.282932961,1.171726975,7.4,5495.116629,5106.10975769124
2004-04-21,7659,5.585030125,3.211407841,2.272273743,1.486398887,,5504.783293,5134.805708921832
2004-04-22,7660,4.493046835,2.318606292,2.426329609,3.873575603,,5361.373145,4746.878989433635
2004-04-23,7661,0.0,0.0,2.121108939,2.804194288,,5644.645058,5576.021361581233
2004-04-24,7662,0.0,0.0,1.965594972,5.05984256,,5806.531692,6108.289902432109
2004-04-25,7663,0.0,0.0,1.833561453,5.638964672,,5959.603243,6638.586699649173
2004-04-26,7664,0.0,0.0,1.752863128,2.559560515,,6059.870201,7006.128917408132
2004-04-27,7665,0.0,0.0,1.671812849,3.037224606,7.0,6165.953629,7414.676952245258
2004-04-28,7666,0.0,0.0,1.615826816,0.462062845,,6242.97112,7723.267084770465
2004-04-29,7667,0.499477445,3.287671233,1.534173184,2.069095588,,6357.008534,8217.877706509451
2004-04-30,7668,0.67029847,3.287671233,1.471248603,1.005980183,,6455.537428,8640.353943514921
2004-05-01,7669,0.0,0.0,1.414231844,3.658174932,,6545.04961,9058.957858977532
2004-05-02,7670,1.56548948,3.287671233,1.352061453,3.1161025,,6650.814312,9559.769300045142
2004-05-03,7671,4.903996195,3.287671233,1.332829609,3.412615608,,6685.423222,9725.105071118682
2004-05-04,7672,43.18883219,3.287671233,8.458642458,1.467370529,6.8,2892.285418,1063.0612208171767
2004-05-05,7673,22.43883181,4.383561644,10.2438352,0.855834866,,2771.019563,844.9841659053775
2004-05-06,7674,10.37014781,4.383561644,9.905681564,1.858331002,,2800.043041,879.6883538842696
2004-05-07,7675,3.26801682,4.383561644,5.513153631,3.421849722,,3762.184704,1775.775322098037
2004-05-08,7676,0.4086992,4.383561644,4.051784916,0.467673879,,4340.635032,2568.378642483153
2004-05-09,7677,1.83782422,4.383561644,3.367835196,1.242780536,,4697.24849,3205.1793257184763
2004-05-10,7678,0.0,0.0,2.826578212,4.485055737,,5043.00077,3953.597757672002
2004-05-11,7679,6.12571462,4.383561644,2.523796089,3.923370949,7.1,5280.75271,4528.188936802522
2004-05-12,7680,0.87332589,4.066835353,2.32727933,2.597018972,,5447.85741,4989.818471221116
2004-05-13,7681,0.4086992,2.991011027,2.13149162,1.903254204,,5631.391524,5543.514177659915
2004-05-14,7682,0.0,0.0,1.937413408,3.504052901,,5837.782225,6214.823727213981
2004-05-15,7683,0.0,0.0,1.786675978,4.685040712,,6014.829498,6847.688694392411
2004-05-16,7684,0.0,0.0,1.651776536,6.743104569,,6189.018914,7522.476798454425
2004-05-17,7685,0.0,0.0,1.541941341,5.647175488,,6344.196965,8168.343422882824
2004-05-18,7686,0.0,0.0,1.450055866,5.471441564,7.4,6487.669037,8791.726800566585
2004-05-19,7687,0.0,0.0,1.378432961,5.874539775,,6602.041845,9341.27547769018
2004-05-20,7688,0.0,0.0,1.315106145,4.370079073,,6712.979102,9882.180917186055
2004-05-21,7689,0.0,0.0,1.25175419,3.6759923,,6830.462983,10483.72108377869
2004-05-22,7690,0.0,0.0,1.212385475,2.705987038,,6906.001775,10892.440391672553
2004-05-23,7691,0.0,0.0,1.150743017,4.950771595,,7029.677451,11594.359023579487
2004-05-24,7692,0.0,0.0,1.099282123,6.215974686,,7143.115433,12246.851553837227
2004-05-25,7693,0.0,0.0,1.07253352,3.718237442,6.8,7202.524132,12613.245057745307
2004-05-26,7694,0.0,0.0,1.039072626,4.891397598,,7279.725881,13100.82411412699
2004-05-27,7695,0.0,0.0,1.015265363,2.978046607,,7338.406555,13469.272732852234
2004-05-28,7696,5.598015755,1.095890411,1.054986034,1.089944575,,7247.066607,12864.705606422134
2004-05-29,7697,4.91698182,1.095890411,1.066650838,2.960792941,,7214.946092,12696.533636706063
2004-05-30,7698,3.49859227,1.095890411,1.025120112,3.531187792,,7310.059033,13314.478323861746
2004-05-31,7699,16.10665703,1.095890411,1.046689944,3.117109329,,7375.315818,12986.817051640339
2004-06-01,7700,6.08675774,1.095890411,1.906013966,2.00085952,7.4,5722.077231,6337.60312442302
2004-06-02,7701,0.419434665,1.095890411,1.072960894,5.180923026,,7180.557284,12607.233242926512
2004-06-03,7702,13.32632077,1.095890411,1.113586592,2.779568674,,7119.058673,12058.831178446771
2004-06-04,7703,2.46518083,1.095890411,1.17749162,1.354820353,,6947.031247,11279.862516715679
2004-06-05,7704,0.0,0.0,1.017527933,3.617391432,,7317.00998,13433.442026452994
2004-06-06,7705,0.0,0.0,0.918326816,4.366452248,,7581.524426,15187.71767109093
2004-06-07,7706,0.499477445,1.095890411,0.858092179,7.006167345,,7752.858954,16471.917859945406
2004-06-08,7707,0.98596926,1.095890411,0.795544693,4.065926839,6.6,7950.270724,18033.020296516588
2004-06-09,7708,3.894305835,4.794520548,0.771561453,3.539564168,,8041.31154,18705.63623062269
2004-06-10,7709,9.012064925,4.794520548,0.909125698,1.927836168,,7626.475166,15371.81549378662
2004-06-11,7710,3.72348481,4.794520548,0.905053073,2.623341823,,7623.12664,15454.614178474654
2004-06-12,7711,0.090778245,4.794520548,0.873276536,2.656269244,,7689.288812,16129.83529022674
2004-06-13,7712,0.32865642,4.794520548,0.764849162,6.487416164,,8047.981905,18902.190241791035
2004-06-14,7713,0.0,0.0,0.711804469,7.05598916,,8238.407,20599.34898517225
2004-06-15,7714,0.0,0.0,0.692824022,1.505550037,6.9,8320.879659,21276.211714112866
2004-06-16,7715,0.0,0.0,0.653958101,7.177302514,,8460.789602,22797.418919766213
2004-06-17,7716,1.747045975,7.888453156,0.650488827,1.029849895,,8493.880495,22942.92755603244
2004-06-18,7717,7.260912815,3.086293647,0.699988827,2.940311089,,8294.848868,21015.972222479468
2004-06-19,7718,2.986129195,0.455752436,0.680656425,3.900482249,,8353.572605,21731.96111093819
2004-06-20,7719,2.08868802,18.74841282,0.663511173,2.96306391,,8429.67024,22405.36491184781
2004-06-21,7720,2.51885815,1.194026312,0.63527933,5.3823158,,8545.120056,23601.468504846605
2004-06-22,7721,21.98813718,3.247358144,1.042089385,3.720813267,6.9,7469.07399,13055.453961119605
2004-06-23,7722,49.92666761,3.424657534,12.99620112,0.671323454,,2089.988883,635.1923495300432
2004-06-24,7723,5.443771145,3.424657534,5.847812849,1.405851499,,3565.497653,1654.686003874599
2004-06-25,7724,0.170821025,3.424657534,3.201913408,6.135972869,,4757.079997,3405.1398981847124
2004-06-26,7725,9.55712858,3.424657534,3.233187151,0.56199938,,4775.673985,3365.72443497767
2004-06-27,7726,0.77737701,3.424657534,2.53500838,3.662737497,,5247.793244,4504.214123004656
2004-06-28,7727,7.696508725,3.424657534,2.157913408,3.411988343,,5631.057463,5462.33812077537
2004-06-29,7728,2.568100285,3.424657534,2.279815642,1.328529499,6.5,5468.191908,5114.471482091725
2004-06-30,7729,11.96109163,6.02739726,3.089061453,2.156679234,,4824.442459,3554.68063985765
2004-07-01,7730,1.8243389,6.02739726,2.325946927,3.564594555,,5431.08488,4993.24156136418
2004-07-02,7731,15.12951275,6.02739726,2.935206704,1.608746481,,4975.095643,3778.9970565003687
2004-07-03,7732,8.672606325,6.02739726,3.186452514,1.327148816,,4846.050687,3424.9399753004873
2004-07-04,7733,1.584210565,6.02739726,3.963796089,5.05512253,,4338.563455,2636.8341492222794
2004-07-05,7734,0.0,0.0,2.660756983,5.842893481,,5158.603724,4250.482850814352
2004-07-06,7735,3.52082152,6.02739726,2.344349162,4.298248184,6.7,5435.646425,4946.342081689967
2004-07-07,7736,0.0,0.0,2.142879888,4.513701407,,5613.41517,5508.256235034522
2004-07-08,7737,12.704853,1.369863014,2.502377095,0.604154158,,5307.189074,4574.64477929983
2004-07-09,7738,0.0,0.0,2.163896648,3.928375002,,5580.527877,5444.257876250627
2004-07-10,7739,6.11229816,1.369863014,1.912223464,3.187912115,,5883.213611,6312.971116239817
2004-07-11,7740,2.424659755,1.369863014,1.995611732,1.655283596,,5763.145649,5998.447425238645
2004-07-12,7741,0.9760976,1.369863014,1.742631285,2.933341432,,6067.556347,7055.4053438872015
2004-07-13,7742,0.0,0.0,1.562178771,4.740229138,7.1,6311.434142,8041.835567496255
2004-07-14,7743,17.41852408,0.273972603,2.375346369,1.146461577,,5376.428862,4869.145778488145
2004-07-15,7744,31.94771598,0.273972603,8.007209497,0.961588689,,2847.038758,1135.3094886867661
2004-07-16,7745,6.69703475,0.273972603,6.743916201,2.64507289,,3409.176628,1394.7690792923584
2004-07-17,7746,15.36964108,0.273972603,9.788782123,2.530562538,,2802.52609,892.2997063214112
2004-07-18,7747,0.0,0.0,5.798488827,4.627201176,,3667.810549,1671.5692248703945
2004-07-19,7748,1.952195195,0.273972603,4.195357542,2.623716488,6.6,4275.983144,2463.43180834175
2004-07-20,7749,5.61645724,0.340511105,3.437296089,3.728941034,,4661.205334,3127.7468829033687
2004-07-21,7750,1.704274735,11.96547061,3.057812849,2.168406379,,4881.686147,3598.2357837228515
2004-07-22,7751,1.336290105,4.351719973,2.599567039,1.073086826,,5216.388692,4370.582279523435
2004-07-23,7752,0.36798463,1.17612063,2.251885475,5.265780362,,5510.55625,5190.525236275207
2004-07-24,7753,0.0,0.0,2.03475419,2.858202623,,5732.383783,5860.5478833105335
2004-07-25,7754,19.98662436,3.571895822,2.542198324,1.016039824,,5283.385193,4488.962332131805
2004-07-26,7755,8.28903745,3.297493629,3.733365922,1.542457076,,4477.749334,2832.9868932330905
2004-07-27,7756,0.12006417,2.207273004,2.63624581,1.858920471,6.3,5182.231184,4297.856626541396
2004-07-28,7757,2.200115655,9.704845073,2.382058659,2.859045217,,5399.955835,4852.719774631607
2004-07-29,7758,5.12061632,1.531017184,2.196175978,3.29163039,,5577.90959,5348.580143717076
2004-07-30,7759,0.4880488,0.979034222,2.043603352,5.374356674,,5710.134647,5830.175435446479
2004-07-31,7760,0.0,0.0,1.859731844,5.015765414,,5929.132709,6526.896955444762
2004-08-01,7761,0.0,0.0,1.742455307,5.14484038,,6069.448797,7056.258411869132
2004-08-02,7762,1.22401806,0.776980627,1.674452514,2.601520171,,6163.446119,7400.686057968041
2004-08-03,7763,0.9760976,3.180084838,1.629678771,1.321960916,6.0,6225.102395,7644.747463380858
2004-08-04,7764,0.0,0.0,1.539251397,1.861725616,,6349.07155,8185.433933210117
2004-08-05,7765,0.0,0.0,1.434670391,4.502266302,,6508.452454,8904.700424314791
2004-08-06,7766,0.4880488,2.421288253,1.358472067,2.728237276,,6637.013794,9505.798740212986
2004-08-07,7767,0.0,0.0,1.262840782,5.932124526,,6806.267829,10373.662966715714
2004-08-08,7768,0.0,0.0,1.212410615,1.906411144,,6907.61923,10892.170083537923
2004-08-09,7769,9.377407095,0.422302107,1.351608939,3.643525544,,6643.832261,9563.600231508692
2004-08-10,7770,0.0,0.0,1.151673184,3.871394648,6.9,7024.148895,11583.153220498649
2004-08-11,7771,4.392439185,1.232876712,1.075977654,4.260909105,,7199.967692,12564.945972770112
2004-08-12,7772,20.23454483,1.232876712,2.832863128,2.710590244,,4769.653333,3943.0945844886924
2004-08-13,7773,0.36798463,1.232876712,1.386402235,2.663702377,,6575.116442,9277.04223686346
2004-08-14,7774,0.36798463,1.232876712,1.221837989,4.047631778,,6881.249821,10791.666447807358
2004-08-15,7775,7.6887166,1.232876712,1.209067039,3.76383995,,6964.157862,10928.228947062486
2004-08-16,7776,10.11337635,1.232876712,1.447893855,3.246889752,,6514.369618,8807.443014549635
2004-08-17,7777,14.14562303,1.232876712,3.17400838,3.048460323,6.1,4697.708586,3441.030593652032
2004-08-18,7778,13.66536636,1.506849315,3.877114525,1.732401699,,4339.562859,2707.617659580404
2004-08-19,7779,0.85603343,1.506849315,3.555703911,2.50941187,,4518.709334,3003.3894949650953
2004-08-20,7780,25.16178553,1.506849315,8.407181564,0.748975072,,3006.675787,1070.8671304797879
2004-08-21,7781,0.12006417,1.506849315,4.860402235,3.6651067,,3973.202934,2065.243743473756
2004-08-22,7782,1.832131025,1.506849315,3.489938547,2.520503433,,4622.472733,3071.3147131735172
2004-08-23,7783,36.72372402,1.506849315,12.87990503,1.250614828,,2296.794347,642.077103778433
2004-08-24,7784,15.84210564,1.506849315,11.30631285,0.448067508,6.3,2611.784121,750.6809415310303
2004-08-25,7785,12.57699671,2.739726027,8.846924581,0.897866928,,2996.455961,1007.3714750046674
2004-08-26,7786,20.61032158,2.739726027,6.858955307,1.592075809,,3504.28338,1366.7758285544508
2004-08-27,7787,19.14617518,2.739726027,21.6930419,2.535444024,,1542.223621,343.54670515324545
2004-08-28,7788,0.0,0.0,7.68524581,1.861853291,,3192.955386,1192.5620259466345
2004-08-29,7789,13.30517384,2.739726027,6.314706704,1.151783407,,3563.530335,1509.1525575570454
2004-08-30,7790,1.71206686,2.739726027,5.20574581,1.702153157,,3877.436756,1902.1661516497882
2004-08-31,7791,0.0,0.0,4.030240223,4.112071181,6.7,4350.956562,2584.8369886378387
2004-09-01,7792,0.0,0.0,3.323840782,2.994230434,,4720.7037,3256.064438654612
2004-09-02,7793,0.36798463,11.33970928,2.835905028,3.335297486,,5037.773762,3938.0294090490015
2004-09-03,7794,0.60811297,4.154918612,2.481209497,3.501890833,,5310.546505,4621.421575256796
2004-09-04,7795,0.72817714,3.896637397,2.304628492,1.115243282,,5470.240475,5048.602548181891
2004-09-05,7796,0.36798463,2.175407819,2.071081006,4.546356599,,5690.84023,5737.68038393842
2004-09-06,7797,0.0,0.0,1.889094972,4.047371857,,5892.277107,6405.620860785295
2004-09-07,7798,0.0,0.0,1.734888268,3.791184791,6.9,6078.42893,7093.1200972033785
2004-09-08,7799,0.0,0.0,1.600868715,4.016241542,,6258.425447,7809.733989437722
2004-09-09,7800,0.0,0.0,1.512477654,2.838964991,,6390.687963,8359.183564414165
2004-09-10,7801,15.75613549,6.164383562,1.99500838,0.297875985,,5769.724115,6000.6195823553
2004-09-11,7802,33.80252462,6.164383562,7.339977654,1.301149385,,2488.053036,1260.1194019477111
2004-09-12,7803,48.29759062,6.164383562,14.88258101,0.739430282,,2217.442076,539.8903364591877
2004-09-13,7804,20.56299714,6.164383562,31.61456145,1.544257066,,803.5879138,218.620262940637
2004-09-14,7805,29.68332626,6.164383562,20.59660056,0.920764049,8.2,1660.217831,365.6054034006003
2004-09-15,7806,3.22175721,5.068493151,9.549201117,2.020718651,,2843.254449,919.2088305860267
2004-09-16,7807,25.61184309,5.068493151,7.664656425,0.701604268,,3425.856082,1196.403389244147
2004-09-17,7808,15.09696668,5.068493151,22.86163408,1.924776472,,1419.77954,322.5844599513015
2004-09-18,7809,18.91971503,5.068493151,13.8735,1.282339936,,2265.259929,587.3262546810096
2004-09-19,7810,8.830508435,5.068493151,7.887946927,1.398226136,,3162.176316,1155.9184227472037
2004-09-20,7811,35.89756895,5.068493151,22.4833324,1.480978074,,1540.238961,329.1083524875182
2004-09-21,7812,0.0,0.0,8.241410615,1.341222399,7.7,3073.577021,1096.7418124437418
2004-09-22,7813,67.92297021,3.287671233,27.26343855,0.349626377,,1258.101391,261.1392602857376
2004-09-23,7814,30.86024685,3.287671233,35.73349441,1.415017971,,925.827431,188.73184305555466
2004-09-24,7815,0.0,0.0,9.888687151,2.13435866,,2782.821314,881.501394018053
2004-09-25,7816,2.48665176,3.287671233,6.443019553,0.103182378,,3508.657879,1473.2011824415442
2004-09-26,7817,3.72573499,3.287671233,4.981902235,1.07180889,,3965.246296,2005.0350897000526
2004-09-27,7818,6.020094795,3.287671233,4.614963687,1.3126065,,4114.863308,2197.540060679713
2004-09-28,7819,27.31831853,3.287671233,8.338776536,0.420792901,6.8,2916.493269,1081.4072696896155
2004-09-29,7820,3.872440725,4.383561644,7.668226257,0.514136645,,3183.786406,1195.7357408034309
2004-09-30,7821,17.30678338,4.383561644,9.185882682,0.686285966,,2944.042541,962.9695122613614
2004-10-01,7822,12.15602951,4.383561644,7.446846369,0.50514453,,3293.447933,1238.4727333079406
2004-10-02,7823,12.50840703,4.383561644,9.839312849,0.659904624,,2823.653196,886.8079316192119
2004-10-03,7824,65.57003858,4.383561644,31.85180447,0.134826206,,828.5773854,216.66720610735013
2004-10-04,7825,22.22337099,4.383561644,37.50589106,1.855490609,,745.5106713,178.07659688594626
2004-10-05,7826,18.1626233,4.383561644,13.71403911,1.04724018,7.0,2271.631089,595.5266683601011
2004-10-06,7827,12.57096385,9.452054795,12.83646369,0.679881954,,2423.957803,644.6840371380495
2004-10-07,7828,5.31719572,9.452054795,9.35250838,0.958002793,,2897.227487,942.4359865735626
2004-10-08,7829,0.170821025,9.452054795,6.648108939,1.161514404,,3457.042757,1418.896235903563
2004-10-09,7830,0.0,0.0,5.215223464,1.09854822,,3880.886752,1898.0243889607523
2004-10-10,7831,0.0,0.0,4.137335196,0.866568487,,4302.43073,2504.880982753205
2004-10-11,7832,0.0,0.0,3.402502793,0.877412678,,4677.410773,3166.099053729745
2004-10-12,7833,0.99895489,9.452054795,2.979603352,0.248001876,6.5,4942.876025,3711.6541191595456
2004-10-13,7834,3.156950225,2.054794521,2.726446927,0.925559166,,5120.659528,4128.126000995493
2004-10-14,7835,11.55728852,2.054794521,2.564522346,0.956950651,,5269.826238,4442.205312263247
2004-10-15,7836,14.89406042,2.054794521,4.422921788,0.574211958,,4185.18855,2312.355096683242
2004-10-16,7837,10.14963444,2.054794521,4.753709497,0.274997102,,4047.408821,2120.909590425285
2004-10-17,7838,2.826043645,2.054794521,3.773539106,1.072903319,,4477.537254,2796.8931324475693
2004-10-18,7839,2.23578795,2.054794521,3.297318436,1.205973273,,4743.797085,3287.4622486779654
2004-10-19,7840,9.41227881,2.054794521,3.256743017,0.808801728,6.4,4800.594282,3336.5847086999356
2004-10-20,7841,19.3306644,6.301369863,6.539505587,0.199618077,,3566.542373,1447.1867105256447
2004-10-21,7842,18.70741393,6.301369863,11.51811453,0.319713401,,2591.66708,734.1576906427067
2004-10-22,7843,48.33429733,6.301369863,33.96343575,0.0,,948.7253009,200.5998743072924
2004-10-23,7844,21.02588902,6.301369863,21.02015363,0.120070256,,1692.868969,356.78415096476357
2004-10-24,7845,33.90364415,6.301369863,19.74690503,0.455074265,,1913.330593,384.56078670775764
2004-10-25,7846,36.41228218,6.301369863,38.89639106,0.225158287,,835.3312501,170.4618407537439
2004-10-26,7847,0.090778245,6.301369863,10.79527374,0.576417281,7.1,2639.789396,793.4936570156674
2004-10-27,7848,6.0737721,5.479452055,6.891988827,0.018228155,,3403.824112,1358.9271675351201
2004-10-28,7849,5.915936715,5.479452055,6.042067039,0.83603001,,3621.485448,1591.1326112904098
2004-10-29,7850,6.594720485,5.479452055,5.819053073,0.067053845,,3712.582547,1664.4920191256608
2004-10-30,7851,0.499477445,5.479452055,5.116675978,0.221299924,,3913.123107,1941.9146091152088
2004-10-31,7852,0.0,0.0,4.251997207,0.71734846,,4258.936065,2424.167484966588
2004-11-01,7853,0.0,0.0,3.733114525,0.290004747,,4504.119399,2833.2154497499664
2004-11-02,7854,0.419434665,5.479452055,3.334173184,0.0,7.1,4723.715612,3243.98113771755
2004-11-03,7855,12.57810853,1.680283036,3.148969274,0.194984694,,4865.099154,3473.8304759298762
2004-11-04,7856,5.24563824,19.66506986,5.585178771,0.493338709,,3711.123998,1748.3666009474248
2004-11-05,7857,0.32865642,4.309640438,3.459921788,0.285130257,,4645.211332,3103.2612018642394
2004-11-06,7858,4.88252527,2.872892811,3.245002793,0.023470303,,4782.545386,3351.049834807498
2004-11-07,7859,0.8173984,2.573488799,2.984756983,0.248404392,,4940.226242,3703.9793104386854
2004-11-08,7860,0.99895489,2.392893534,2.770365922,0.216909167,,5090.729198,4049.869147721999
2004-11-09,7861,7.985403965,0.609683388,2.639388268,0.168294712,6.5,5202.374258,4291.729044537849
2004-11-10,7862,5.06408176,8.493150685,3.080011173,0.371947572,,4881.002602,3567.1953112522724
2004-11-11,7863,0.73735562,8.493150685,2.574980447,0.145183236,,5238.602219,4420.607241065191
2004-11-12,7864,6.958227655,8.493150685,2.796234637,0.0,,5074.98624,4005.0372664334573
2004-11-13,7865,0.170821025,8.493150685,2.478670391,0.42177698,,5312.061617,4627.091530837461
2004-11-14,7866,0.32865642,8.493150685,2.316871508,0.451374118,,5461.041765,5016.672378897909
2004-11-15,7867,7.786361515,8.493150685,2.34527933,0.159544284,,5448.919291,4943.992934565277
2004-11-16,7868,20.12884204,8.493150685,4.304564246,0.0,7.2,4099.197092,2388.7408526801355
2004-11-17,7869,52.92049373,3.561643836,24.83336313,0.0,,1439.527701,292.09881635200054
2004-11-18,7870,38.23487061,3.561643836,29.72056425,0.0,,1132.085307,235.4472359948859
2004-11-19,7871,2.00015994,3.561643836,12.86773743,0.054388403,,2326.534084,642.8053360347515
2004-11-20,7872,4.23117454,3.561643836,7.462282123,0.0,,3270.173143,1235.4024401688189
2004-11-21,7873,28.52918032,3.561643836,12.07151397,0.01973589,,2547.657823,693.9824529092926
2004-11-22,7874,0.0,0.0,11.34661173,0.119931266,,2475.162949,747.4848614769439
2004-11-23,7875,0.499477445,3.561643836,6.633553073,0.244982116,6.6,3456.760279,1422.6288974173067
2004-11-24,7876,2.90833659,2.465753425,5.102849162,0.219959505,,3921.216706,1948.2217965906832
2004-11-25,7877,3.563399265,2.465753425,4.226681564,0.082569436,,4270.806038,2441.5741723417614
2004-11-26,7878,8.32029551,2.465753425,5.121477654,0.206768256,,3921.613496,1939.7330470406473
2004-11-27,7879,11.96598772,2.465753425,4.527804469,0.0,,4184.51701,2248.3235128841925
2004-11-28,7880,1.24756853,2.465753425,5.137089385,0.353574716,,3875.498703,1932.671076053126
2004-11-29,7881,0.0,0.0,3.900645251,0.351937972,,4418.528387,2688.06078027096
2004-11-30,7882,0.0,0.0,3.473396648,0.087610579,6.9,4644.46067,3088.8450350053263
2004-12-01,7883,0.0,0.0,3.113723464,0.043184931,,4854.957916,3520.983491678455
2004-12-02,7884,0.0,0.0,2.784393855,0.334110285,,5079.092632,4025.4444276679524
2004-12-03,7885,2.40660898,7.671398415,2.583276536,0.0,,5235.885025,4403.610727295927
2004-12-04,7886,2.644487155,2.421529014,2.416223464,0.087451611,,5372.175867,4770.665159612489
2004-12-05,7887,6.1300938,8.460843637,2.420044693,0.022165477,,5379.463234,4761.645729349484
2004-12-06,7888,9.48383629,5.413793448,2.396513966,0.137982412,,5416.328851,4817.688419450127
2004-12-07,7889,1.907131535,14.15463722,2.848600559,0.160647777,6.3,5010.582474,3917.017870532238
2004-12-08,7890,0.0,0.0,2.318430168,0.105867558,,5454.164171,5012.63391693304
2004-12-09,7891,0.08004278,5.156743877,2.130486034,0.208462936,,5634.825364,5546.647354691168
2004-12-10,7892,0.419434665,39.66365192,2.005843575,0.177164837,,5767.111768,5961.829715868295
2004-12-11,7893,1.15904045,7.884991482,1.913832402,0.046580895,,5867.388302,6306.617365593625
2004-12-12,7894,0.090778245,18.11485663,1.810081006,0.0,,5989.970706,6741.818909232472
2004-12-13,7895,0.4086992,2.238651684,1.719226257,0.086928223,,6102.300012,7170.548065732761
2004-12-14,7896,1.73631051,15.94643207,1.668418994,0.0,6.8,6172.87965,7432.736692192066
2004-12-15,7897,5.481266255,9.589041096,1.775513966,0.052238018,,6035.161637,6899.259061103132
2004-12-16,7898,17.41465338,9.589041096,3.323589385,0.141751121,,4664.877827,3256.359465203046
2004-12-17,7899,37.16250228,9.589041096,16.03498324,0.126881165,,1997.648601,493.68800356492056
2004-12-18,7900,10.14513411,9.589041096,10.13895251,0.15145869,,2794.861656,855.4760437464143
2004-12-19,7901,0.72622596,9.589041096,6.936561453,0.140661325,,3356.887059,1348.4669755642676
2004-12-20,7902,15.07099542,9.589041096,5.785893855,0.019500744,,3750.620765,1675.931099845052
2004-12-21,7903,4.495296995,9.589041096,6.369863128,0.370522993,7.1,3501.078871,1493.5034921797915
2004-12-22,7904,89.61927886,5.616438356,51.10831006,0.0,,578.620349,122.8144978748908
2004-12-23,7905,9.968077945,5.616438356,15.8232067,0.182339318,,2042.522818,501.6246189654257
2004-12-24,7906,17.40352372,5.616438356,12.32972346,0.082538293,,2470.93486,676.5895027136216
2004-12-25,7907,0.272334735,5.616438356,8.65500838,0.0,,3006.505431,1034.2109379148042
2004-12-26,7908,0.250863805,5.616438356,6.169349162,0.0,,3587.8556,1551.8692037916323
2004-12-27,7909,47.81599331,5.616438356,17.84089106,0.0,,1460.79863,434.36253116740664
2004-12-28,7910,6.071521945,5.616438356,16.96520112,0.215672755,,1659.688339,461.3960129419988
2004-12-29,7911,5.22416731,5.616438356,8.678539106,0.078075368,,3015.241109,1030.8499590829636
2004-12-30,7912,11.98745865,5.616438356,6.570402235,0.042425684,,3514.073554,1439.0337120005493
2004-12-31,7913,19.68806481,5.616438356,15.90124022,0.167370483,,2035.214896,498.67316297596005
2005-01-01,7914,15.0,5.616438356,11.1131648,0.626995711,,2601.778661,766.3535329363817
2005-01-02,7915,0.0,0.0,7.94400838,0.957752213,,3143.96469,1146.1461315252798
2005-01-03,7916,4.75,5.616438356,6.013106145,0.774122793,,3638.800181,1600.3216614831563
2005-01-04,7917,13.0,5.616438356,7.466354749,0.752668926,7.6,3236.440712,1234.5946884986688
2005-01-05,7918,12.75,7.534246575,7.811472067,0.457889669,,3163.254092,1169.4978340262976
2005-01-06,7919,3.25,7.534246575,6.612134078,0.4483659,,3463.115014,1428.1543662572305
2005-01-07,7920,105.25,7.534246575,60.33104749,0.512225959,,249.7951756,100.6295458249642
2005-01-08,7921,8.0,7.534246575,23.1345,1.137428332,,1403.383535,318.0242667901615
2005-01-09,7922,22.25,7.534246575,10.6652514,0.564858226,,2872.695703,805.1077077372324
2005-01-10,7923,9.25,7.534246575,20.11507542,0.75304733,,1574.479388,376.13127429701524
2005-01-11,7924,11.0,7.534246575,9.052918994,0.951410639,7.3,2967.720347,979.9516957073859
2005-01-12,7925,1.0,19.31506849,7.381608939,1.094126509,,3277.601882,1251.604919135454
2005-01-13,7926,0.0,0.0,5.58301676,0.420082039,,3763.77158,1749.1780331949803
2005-01-14,7927,0.5,19.31506849,4.586530726,0.396368731,,4116.324187,2213.873574069243
2005-01-15,7928,1.25,19.31506849,3.88347486,0.406775191,,4427.405512,2702.305773236456
2005-01-16,7929,7.25,19.31506849,3.666167598,0.545579719,,4546.977681,2895.30697894126
2005-01-17,7930,30.25,19.31506849,10.61263408,0.688447131,,2688.552817,809.8966376292926
2005-01-18,7931,7.25,19.31506849,8.002332402,0.739368175,8.5,3142.618118,1136.139032726657
2005-01-19,7932,18.75,6.164383562,11.22201955,0.67065047,,2537.597567,757.4478246045977
2005-01-20,7933,66.5,6.164383562,44.06452793,0.540336476,,651.1221224,146.75052751163182
2005-01-21,7934,2.0,6.164383562,16.92618436,0.571714044,,1872.025439,462.6721924483675
2005-01-22,7935,2.25,6.164383562,9.072452514,0.171781412,,2951.353211,977.4225728154211
2005-01-23,7936,2.5,6.164383562,7.046597765,0.610520716,,3367.567031,1323.2657654622935
2005-01-24,7937,1.75,6.164383562,5.927807263,0.584166484,,3665.835809,1627.9601405917397
2005-01-25,7938,1.75,6.164383562,5.283427374,0.370547242,8.2,3873.80494,1868.7001321310136
2005-01-26,7939,1.75,10.07847376,4.993365922,0.450510949,,3973.646088,1999.520361514216
2005-01-27,7940,0.25,4.839007334,4.534969274,0.498877288,,4144.045043,2244.06798349455
2005-01-28,7941,0.0,0.0,4.072977654,0.964976689,,4342.615287,2552.375688084023
2005-01-29,7942,0.0,0.0,3.696284916,0.676776031,,4527.042596,2867.0681834331
2005-01-30,7943,0.0,0.0,3.442575419,0.436831446,,4664.647877,3122.0019293700216
2005-01-31,7944,0.0,0.0,3.218932961,0.635875116,,4795.455143,3383.585183702206
2005-02-01,7945,0.25,5.212857489,3.012837989,0.582628004,7.1,4924.212259,3662.6673262484046
2005-02-02,7946,0.5,2.302186589,2.806290503,0.727915755,,5067.394579,3987.8548221244087
2005-02-03,7947,0.75,10.21635182,2.640796089,0.83268031,,5189.350156,4288.989083154948
2005-02-04,7948,1.25,3.225252167,2.497776536,0.769302432,,5304.211559,4584.737182844557
2005-02-05,7949,5.5,6.558124985,2.682628492,0.670448866,,5156.384434,4209.012972857104
2005-02-06,7950,0.25,14.30500668,2.350156425,0.413463747,,5429.382797,4931.709212783512
2005-02-07,7951,0.0,0.0,2.204849162,0.562080141,,5563.895579,5323.39636770709
2005-02-08,7952,5.0,2.010005079,2.12927933,0.760783583,6.7,5663.536204,5550.411460046633
2005-02-09,7953,25.25,3.287671233,3.580617318,0.6215372,,4886.757934,2978.3729754146143
2005-02-10,7954,43.25,3.287671233,28.21967598,0.521735785,,1300.499359,250.55563267614065
2005-02-11,7955,49.75,3.287671233,25.1056257,0.5509147,,1482.065429,288.30155389942377
2005-02-12,7956,45.25,3.287671233,52.6681257,0.837222956,,402.0360253,118.45986016025202
2005-02-13,7957,9.0,3.287671233,9.706072626,0.95487138,,2779.686545,901.4244518469914
2005-02-14,7958,1.0,3.287671233,4.982379888,1.052972043,,3947.565197,2004.8047529499356
2005-02-15,7959,0.0,0.0,4.369223464,0.964183432,7.4,4222.24161,2346.4475954268582
2005-02-16,7960,0.0,0.0,4.045600559,1.569559828,,4347.962479,2573.0832703412216
2005-02-17,7961,0.75,4.349738479,3.499089385,0.940056891,,4624.694377,3061.695284101605
2005-02-18,7962,5.75,2.63975594,3.291636872,0.798082793,,4753.948417,3294.2605368514114
2005-02-19,7963,0.25,29.33022897,2.884675978,1.338749372,,5001.773065,3858.4195263717374
2005-02-20,7964,1.0,6.114242121,2.535988827,0.849426216,,5268.73492,4502.128739479772
2005-02-21,7965,0.0,0.0,2.337360335,0.609185441,,5440.501091,4964.058114811989
2005-02-22,7966,1.25,7.098065718,2.165354749,0.428890812,6.9,5600.624254,5439.868392124983
2005-02-23,7967,0.75,4.246575342,2.012932961,0.407691678,,5755.945373,5936.697897069358
2005-02-24,7968,0.5,4.246575342,1.898145251,0.304583679,,5885.70035,6369.071296069673
2005-02-25,7969,1.75,4.246575342,1.786399441,0.469103648,,6017.876536,6848.957793803247
2005-02-26,7970,0.5,4.246575342,1.738005587,0.539894127,,6081.342228,7077.891854043817
2005-02-27,7971,0.0,0.0,1.61773743,0.450857061,,6232.210504,7712.348990499706
2005-02-28,7972,0.5,4.246575342,1.514011173,0.342804077,,6395.876017,8349.049439855093
2005-03-01,7973,10.75,4.246575342,2.758776536,1.171944061,9.2,5075.94898,4070.2538973481655
2005-03-02,7974,1.25,1.070308238,1.884041899,0.469372819,,5869.77235,6426.195517287435
2005-03-03,7975,0.0,0.0,1.601044693,0.616889611,,6258.70838,7808.7064131853695
2005-03-04,7976,3.75,2.365443266,2.648388268,1.34398693,,5147.108401,4274.268001981636
2005-03-05,7977,0.0,0.0,2.074399441,0.840439127,,5669.93821,5726.6919220817645
2005-03-06,7978,2.0,6.774958784,1.782804469,1.350576003,,6018.662696,6865.495394231923
2005-03-07,7979,1.75,4.695065615,1.728854749,0.845273096,,6095.975343,7122.765473963831
2005-03-08,7980,0.0,0.0,1.964212291,0.9957301,7.2,5818.007218,6113.438521631093
2005-03-09,7981,0.25,4.587944156,1.947972067,1.102933483,,5825.61143,6174.512575484852
2005-03-10,7982,0.0,0.0,2.054941341,1.345222782,,5718.303351,5791.680363054494
2005-03-11,7983,2.75,7.620031273,2.252815642,0.816979172,,5523.201977,5187.95904238464
2005-03-12,7984,0.25,26.19084349,1.980276536,1.592086745,,5783.921555,6054.107693784322
2005-03-13,7985,0.0,0.0,1.792206704,0.566378567,,6008.629461,6822.397069316497
2005-03-14,7986,13.75,13.28637361,2.724134078,1.14974175,,5027.25616,4132.324006505962
2005-03-15,7987,6.0,4.021278195,4.231256983,0.527085623,7.7,4210.71552,2438.411233731459
2005-03-16,7988,23.5,3.835616438,10.5988324,0.61250336,,2540.236387,811.1614424347359
2005-03-17,7989,4.25,3.835616438,8.541276536,0.544277438,,3024.881478,1050.7428531744774
2005-03-18,7990,0.5,3.835616438,5.488064246,1.78970229,,3778.845337,1785.5087043417973
2005-03-19,7991,0.0,0.0,4.068175978,4.070891787,,4329.985957,2555.9854580200545
2005-03-20,7992,0.0,0.0,3.356849162,2.466535629,,4703.982572,3217.7488418500575
2005-03-21,7993,5.0,3.835616438,2.970301676,0.754888616,,4959.217971,3725.5802814492827
2005-03-22,7994,3.0,3.835616438,3.015603352,1.108044568,7.2,4914.29608,3658.644696321593
2005-03-23,7995,3.5,9.023482212,2.663371508,2.0838125,,5171.356103,4245.486155588065
2005-03-24,7996,2.0,9.195575601,2.432840782,1.944956641,,5355.112678,4731.669000398214
2005-03-25,7997,0.5,0.458385664,2.247787709,2.174060205,,5520.323531,5201.858146452236
2005-03-26,7998,0.0,0.0,2.04903352,2.576365017,,5716.660983,5811.680390912623
2005-03-27,7999,0.5,12.85759148,1.932863128,0.615709521,,5846.64934,6232.345097891509
2005-03-28,8000,0.5,5.319581345,1.832480447,0.994598771,,5962.477536,6643.275589029339
2005-03-29,8001,3.0,5.079071193,1.751932961,0.779496939,6.9,6066.411567,7010.582475423414
2005-03-30,8002,26.0,0.821917808,5.961444134,0.448691652,,3425.284507,1616.9573539774829
2005-03-31,8003,0.5,0.821917808,4.622103352,0.537835428,,4029.401716,2193.4732994446204
2005-04-01,8004,0.0,0.0,3.257522346,2.879944623,,4759.615177,3335.6285509278923
2005-04-02,8005,0.0,0.0,2.775217877,4.31041253,,5081.37407,4041.3904893300987
2005-04-03,8006,3.0,0.821917808,2.516379888,1.07654604,,5291.052919,4544.175698145445
2005-04-04,8007,0.25,0.821917808,2.354907821,1.823362807,,5420.274759,4919.79581259912
2005-04-05,8008,2.25,0.821917808,2.166511173,1.729152984,7.1,5604.595247,5436.391693693142
2005-04-06,8009,26.75,6.849315068,7.872234637,1.914588904,,2971.998398,1158.6847457404615
2005-04-07,8010,12.25,6.849315068,7.735726257,1.548226526,,3219.886286,1183.238922920344
2005-04-08,8011,1.0,6.849315068,4.953142458,1.752646953,,3955.014522,2018.993784674833
2005-04-09,8012,5.25,6.849315068,3.965455307,1.522654772,,4396.378065,2635.512378917806
2005-04-10,8013,1.75,6.849315068,3.697039106,2.072282904,,4518.974045,2866.367519903025
2005-04-11,8014,0.0,0.0,3.111938547,2.78480287,,4852.852277,3523.4026385682787
2005-04-12,8015,10.0,6.849315068,3.721776536,3.077457827,6.9,4504.658364,2843.55860297879
2005-04-13,8016,5.5,1.095890411,3.123955307,2.246968893,,4854.982731,3507.174576302611
2005-04-14,8017,2.25,1.095890411,3.151106145,2.330662477,,4834.277923,3471.008937376394
2005-04-15,8018,11.5,1.095890411,3.185396648,0.715803093,,4883.92045,3426.299878926662
2005-04-16,8019,2.5,1.095890411,4.631354749,1.994609668,,4040.30956,2188.2241796165617
2005-04-17,8020,15.25,1.095890411,5.02202514,0.753110431,,4019.27471,1985.8545071120786
2005-04-18,8021,23.0,1.095890411,17.64897486,2.002578414,,1905.030386,440.03507992312154
2005-04-19,8022,6.5,1.095890411,7.587854749,1.874546805,6.8,3227.08499,1210.9345461763596
2005-04-20,8023,0.75,0.821917808,5.469712291,0.618959856,,3783.023021,1792.6904651363302
2005-04-21,8024,0.5,0.821917808,4.315248603,1.71716247,,4228.240708,2381.6562046720264
2005-04-22,8025,3.25,0.821917808,3.709156425,3.150412498,,4521.180189,2855.1530982716417
2005-04-23,8026,3.25,0.821917808,3.476589385,1.31240506,,4642.943845,3085.4472503924653
2005-04-24,8027,0.25,0.821917808,3.058994413,4.185754977,,4884.96982,3596.571101548704
2005-04-25,8028,1.75,0.821917808,2.735874302,2.252151979,,5116.82683,4111.095195628535
2005-04-26,8029,5.25,0.821917808,2.6955,1.834691395,6.8,5154.393599,4184.953023060987
2005-04-27,8030,3.75,2.191780822,2.469217877,2.973683481,,5325.13174,4648.312107169998
2005-04-28,8031,1.5,2.191780822,2.461198324,1.690757289,,5331.589704,4666.456157088121
2005-04-29,8032,1.5,2.191780822,2.181846369,3.888861573,,5583.840286,5390.670164134489
2005-04-30,8033,17.75,2.191780822,4.959603352,3.221552313,,3906.800287,2015.8424666838941
2005-05-01,8034,3.5,2.191780822,3.309888268,3.464761547,,4725.382733,3272.512864285907
2005-05-02,8035,10.25,2.191780822,3.41477095,2.296917303,,4689.796852,3152.4780337753373
2005-05-03,8036,2.25,2.191780822,3.367106145,2.974101931,6.4,4696.172332,3206.0106681766215
2005-05-04,8037,0.25,4.657534247,2.822103352,3.525367171,,5049.642437,3961.1073400938994
2005-05-05,8038,5.75,4.657534247,2.73901676,2.473965939,,5124.356769,4105.446871348113
2005-05-06,8039,8.25,4.657534247,2.780824022,3.927377714,,5096.42974,4031.634364916037
2005-05-07,8040,4.0,4.657534247,3.446949721,2.629019312,,4638.539685,3117.2564675993945
2005-05-08,8041,1.25,4.657534247,2.649821229,2.885794535,,5176.50321,4271.499912544253
2005-05-09,8042,1.25,4.657534247,2.442343575,2.760044657,,5350.45822,4709.630444450119
2005-05-10,8043,0.5,4.657534247,2.284441341,3.924053868,6.6,5488.697073,5102.0727595094
2005-05-11,8044,0.0,0.0,2.137072626,5.335215991,,5629.99383,5526.18388280452
2005-05-12,8045,0.0,0.0,2.004410615,5.232072365,,5763.955252,5966.933271680126
2005-05-13,8046,0.0,0.0,1.877455307,4.274865595,,5907.542411,6453.196871992966
2005-05-14,8047,0.0,0.0,1.749670391,4.809912167,,6062.391479,7021.437172122607
2005-05-15,8048,0.0,0.0,1.653712291,6.296011941,,6189.577807,7511.936784845855
2005-05-16,8049,4.25,3.123000645,1.65672905,3.315672272,,6191.302782,7495.5647126708745
2005-05-17,8050,0.0,0.0,1.574522346,3.109146344,6.7,6293.447027,7966.425282465017
2005-05-18,8051,2.75,4.794520548,1.473083799,3.267574866,,6451.978574,8627.470613265463
2005-05-19,8052,7.75,4.794520548,1.471374302,2.462375379,,6466.608294,8639.470393315649
2005-05-20,8053,2.25,4.794520548,1.524846369,2.279340781,,6363.66938,8278.08345517177
2005-05-21,8054,5.25,4.794520548,1.432558659,2.333720727,,6523.025409,8920.414661422083
2005-05-22,8055,12.75,4.794520548,1.726215084,2.700484319,,6116.008727,7135.806904722949
2005-05-23,8056,6.25,4.794520548,1.853698324,3.078776852,,5883.814997,6552.339647907277
2005-05-24,8057,17.75,4.794520548,4.194502793,1.304600246,6.1,4220.868552,2464.0332731069384
2005-05-25,8058,2.25,1.761600314,3.122899441,3.90166026,,4818.929511,3508.594976221999
2005-05-26,8059,3.5,2.038231967,2.316268156,3.789601626,,5449.98915,5018.237256487465
2005-05-27,8060,0.0,0.0,1.973413408,5.247227851,,5793.820302,6079.325818157602
2005-05-28,8061,1.25,6.980930181,1.841505587,1.958121696,,5950.470617,6604.31422778768
2005-05-29,8062,0.0,0.0,1.673497207,5.72313309,,6159.011846,7405.743831264844
2005-05-30,8063,0.0,0.0,1.571581006,5.068445521,,6303.283466,7984.2767012240365
2005-05-31,8064,0.0,0.0,1.500435754,5.137688021,6.4,6410.242168,8439.552434040159
2005-06-01,8065,21.75,1.780821918,2.087723464,0.80418223,,5678.875075,5682.9576488182265
2005-06-02,8066,7.75,1.780821918,3.534963687,1.545075057,,4578.538295,3024.511207529011
2005-06-03,8067,14.25,1.780821918,2.899206704,2.612738098,,5047.202944,3835.269047201316
2005-06-04,8068,5.25,1.780821918,3.665312849,1.382968935,,4523.64072,2896.1158558932834
2005-06-05,8069,4.5,1.780821918,3.007055866,2.211123305,,4921.775473,3671.1045457336486
2005-06-06,8070,0.5,1.780821918,3.014346369,2.607899018,,4914.916674,3660.472159175427
2005-06-07,8071,0.0,0.0,2.421150838,6.453013545,6.3,5357.985539,4759.040677658491
2005-06-08,8072,0.0,0.0,2.169326816,6.212412716,,5594.451802,5427.943703727784
2005-06-09,8073,0.0,0.0,2.012329609,3.640159108,,5758.207316,5938.829204952482
2005-06-10,8074,0.0,0.0,1.889120112,5.259721809,,5893.474442,6405.518800108815
2005-06-11,8075,0.0,0.0,1.75502514,5.345233311,,6053.076041,6995.79741998873
2005-06-12,8076,0.0,0.0,1.656125698,2.030686163,,6185.994623,7498.833888525954
2005-06-13,8077,0.0,0.0,1.562907821,2.890452486,,6316.708367,8037.345247299745
2005-06-14,8078,0.0,0.0,1.466371508,4.045779185,6.7,6459.496589,8674.763961048156
2005-06-15,8079,13.25,1.232876712,1.727472067,1.867569327,,6100.663694,7129.591242722672
2005-06-16,8080,22.25,1.232876712,3.781407821,0.592725628,,4312.986766,2789.92207610269
2005-06-17,8081,5.0,1.232876712,3.483251397,2.134239315,,4628.448738,3078.379414165648
2005-06-18,8082,0.25,1.232876712,2.419139665,5.776635081,,5342.853724,4763.779082179903
2005-06-19,8083,0.0,0.0,1.998201117,6.015930982,,5766.672908,5989.141609745777
2005-06-20,8084,0.0,0.0,1.811790503,5.601094043,,5981.761733,6734.2038612725955
2005-06-21,8085,3.5,1.232876712,1.761787709,3.755202352,6.4,6049.24877,6963.661188789934
2005-06-22,8086,0.0,0.0,1.607756983,6.344334952,,6247.679421,7769.696146453747
2005-06-23,8087,0.0,0.0,1.490078212,7.464605059,,6422.788266,8509.82159418341
2005-06-24,8088,9.75,0.52810069,1.695343575,1.248897155,,6138.615711,7291.644347565732
2005-06-25,8089,0.25,2.472491627,1.530477654,1.16825303,,6358.561055,8241.636434088028
2005-06-26,8090,0.25,1.458636127,1.377930168,6.125311924,,6596.691782,9345.355410487784
2005-06-27,8091,0.0,0.0,1.266913408,7.471417357,,6798.587719,10333.764338032264
2005-06-28,8092,13.0,0.364867114,1.420064246,5.368958972,6.7,6544.408903,9014.441269480489
2005-06-29,8093,15.0,1.917808219,2.850938547,1.245094897,,4778.749259,3913.1708280828343
2005-06-30,8094,3.5,1.917808219,2.032164804,2.259075828,,5663.819956,5869.490228649489
2005-07-01,8095,11.0,1.917808219,2.037268156,2.07741809,,5761.249104,5851.889879465604
2005-07-02,8096,2.25,1.917808219,2.429145251,1.512820475,,5320.095743,4740.29070757367
2005-07-03,8097,2.0,1.917808219,1.90573743,3.978418913,,5867.848795,6338.704195593602
2005-07-04,8098,4.5,1.917808219,1.885801676,2.796640394,,5902.681524,6419.016470457253
2005-07-05,8099,20.75,1.917808219,4.757128492,1.283632035,6.1,3742.126565,2119.083188419854
2005-07-06,8100,1.5,1.506849315,4.307882682,2.173589373,,4189.567041,2386.5363104567755
2005-07-07,8101,0.25,1.506849315,2.817955307,4.997109319,,5034.465616,3968.0918714069276
2005-07-08,8102,0.0,0.0,2.334796089,5.394132745,,5434.877325,4970.587457742617
2005-07-09,8103,0.0,0.0,2.073268156,6.532124902,,5688.758885,5730.433649777277
2005-07-10,8104,0.0,0.0,1.892589385,7.44842771,,5887.757747,6391.463171982614
2005-07-11,8105,0.0,0.0,1.75276257,7.008751878,,6055.975011,7006.610130046498
2005-07-12,8106,0.0,0.0,1.648960894,4.789221286,6.4,6195.613075,7537.856235193871
2005-07-13,8107,0.0,0.0,1.542997207,6.705150784,,6341.457201,8161.652878356019
2005-07-14,8108,0.25,2.641743708,1.43846648,7.297712629,,6504.417534,8876.579579464285
2005-07-15,8109,0.5,4.997920092,1.390701117,3.958662606,,6582.198763,9242.728259016334
2005-07-16,8110,0.0,0.0,1.307589385,5.47983009,,6727.178343,9950.21197935734
2005-07-17,8111,0.0,0.0,1.251175978,5.520206334,,6830.492095,10489.519849150132
2005-07-18,8112,4.25,4.002197181,1.259874302,2.58843889,,6818.289716,10402.903251723654
2005-07-19,8113,0.0,0.0,1.184203911,2.478831585,6.5,6961.769638,11203.388401905286
2005-07-20,8114,0.0,0.0,1.112631285,4.314556227,,7108.910395,12071.222554480231
2005-07-21,8115,0.0,0.0,1.053452514,5.625164718,,7242.85317,12887.11867096608
2005-07-22,8116,0.0,0.0,1.030726257,1.664031081,,7303.379152,13227.868440533974
2005-07-23,8117,0.0,0.0,1.006139665,3.475900151,,7356.889951,13615.586909770112
2005-07-24,8118,33.75,0.95890411,3.208977654,0.355047829,,4401.447747,3396.1627692288216
2005-07-25,8119,0.25,0.95890411,1.691019553,1.560971244,,6067.34585,7313.970996641686
2005-07-26,8120,0.25,0.95890411,1.272410615,2.929257041,7.1,6777.565103,10280.353955110659
2005-07-27,8121,4.0,0.821917808,1.169824022,3.02293272,,7000.518923,11368.400306978612
2005-07-28,8122,26.25,0.821917808,3.63077095,0.493677246,,4252.913376,2929.154288316805
2005-07-29,8123,0.25,0.821917808,3.596731844,1.213750588,,4328.914831,2962.3944136825658
2005-07-30,8124,6.0,0.821917808,2.171086592,1.940773212,,5607.145949,5422.6759320513565
2005-07-31,8125,3.5,0.821917808,2.223226257,0.977401293,,5524.829195,5270.748524712251
2005-08-01,8126,0.5,0.821917808,1.902921788,2.264166218,,5872.071042,6349.935121054286
2005-08-02,8127,11.25,0.821917808,1.930248603,4.756831662,6.8,5930.123961,6242.453669396387
2005-08-03,8128,0.0,0.0,2.376075419,2.621388227,,5294.291284,4867.356746650403
2005-08-04,8129,18.25,0.821917808,2.12103352,2.384920343,,5748.050089,5576.258770149687
2005-08-05,8130,7.5,0.821917808,6.437036313,3.49758114,,3405.540174,1474.842611828002
2005-08-06,8131,0.25,0.821917808,3.057662011,2.708401104,,4871.064793,3598.4483981230396
2005-08-07,8132,0.0,0.0,2.439301676,5.644701612,,5341.01688,4716.664591939778
2005-08-08,8133,0.0,0.0,2.133276536,6.345062686,,5626.622936,5537.960774735153
2005-08-09,8134,0.0,0.0,1.935703911,5.999993365,6.4,5839.215423,6221.39573094753
2005-08-10,8135,0.0,0.0,1.80527933,4.043163648,,5991.70942,6763.292973781699
2005-08-11,8136,0.0,0.0,1.673069832,4.093113799,,6160.372629,7408.008577160282
2005-08-12,8137,0.0,0.0,1.555340782,3.127716643,,6324.617443,8084.176760321825
2005-08-13,8138,19.25,1.780821918,2.421175978,1.089878274,,5281.715899,4758.981501518835
2005-08-14,8139,1.0,1.780821918,1.767167598,2.891454486,,6019.514422,6938.288399570936
2005-08-15,8140,0.25,1.780821918,1.536410615,3.804294999,,6350.682759,8203.554146668475
2005-08-16,8141,0.0,0.0,1.414030726,4.406824138,6.9,6541.485429,9060.500112126178
2005-08-17,8142,0.0,0.0,1.311938547,5.646351325,,6716.041069,9910.745178560026
2005-08-18,8143,0.0,0.0,1.252206704,3.446725534,,6830.371756,10479.18701823913
2005-08-19,8144,0.25,2.159444934,1.201399441,2.740364268,,6927.574937,11011.752858288595
2005-08-20,8145,0.0,0.0,1.128821229,4.545092533,,7072.588197,11864.330118513364
2005-08-21,8146,3.75,0.891514407,1.083393855,4.549309056,,7183.850666,12462.088261923654
2005-08-22,8147,8.75,1.705295653,1.352715084,2.69590006,,6638.068168,9554.240703376967
2005-08-23,8148,0.0,0.0,1.103882682,2.73203024,7.0,7127.36493,12185.797316974302
2005-08-24,8149,26.0,4.109589041,3.277835196,2.664891332,,4373.563363,3310.8828271705324
2005-08-25,8150,5.0,4.109589041,1.700572626,2.277093307,,6106.504119,7264.811181343592
2005-08-26,8151,1.5,4.109589041,1.514136872,2.184939347,,6381.950175,8348.219768633184
2005-08-27,8152,0.75,4.109589041,1.381977654,3.341744047,,6593.615181,9312.604414565358
2005-08-28,8153,1.25,4.109589041,1.297282123,1.828660375,,6746.73286,10044.907013327123
2005-08-29,8154,9.0,4.109589041,1.450332402,2.539465047,,6493.413249,8789.720300327575
2005-08-30,8155,0.25,4.109589041,1.381324022,3.167338852,7.0,6590.282464,9317.879133492634
2005-08-31,8156,1.75,1.447158967,1.289187151,1.484153254,,6764.53933,10120.44364452794
2005-09-01,8157,1.75,3.733752881,1.263594972,2.466449405,,6806.817832,10366.253025415632
2005-09-02,8158,0.0,0.0,1.159114525,4.346793661,,7009.061187,11494.217275086015
2005-09-03,8159,0.0,0.0,1.113058659,2.418093156,,7113.746943,12065.676159781015
2005-09-04,8160,2.5,1.212533262,1.106472067,2.253467083,,7131.813766,12151.678554352644
2005-09-05,8161,0.0,0.0,1.066927374,4.032963843,,7208.363736,12692.595776312924
2005-09-06,8162,0.0,0.0,0.999578212,3.809939282,6.4,7373.379962,13722.60188464502
2005-09-07,8163,1.75,1.237011548,0.977832402,1.827778379,,7434.740504,14088.558859868313
2005-09-08,8164,20.5,5.834693015,1.533067039,1.119430525,,6383.87271,8224.975973165318
2005-09-09,8165,2.25,1.763196141,1.798969274,1.29142447,,5927.665632,6791.704295155686
2005-09-10,8166,2.5,2.629105326,1.413452514,0.350514422,,6546.598143,9064.936757154346
2005-09-11,8167,0.25,1.263990462,1.317997207,2.775040326,,6697.467193,9856.241915504692
2005-09-12,8168,0.0,0.0,1.182217877,4.046164498,,6962.096544,11225.91626815142
2005-09-13,8169,2.0,3.217473812,1.141391061,2.001527539,6.4,7054.330563,11708.137781109548
2005-09-14,8170,15.75,0.684931507,2.755910615,2.461559198,,4968.439536,4075.3238580426114
2005-09-15,8171,23.25,0.684931507,5.899424581,1.313441409,,3505.897886,1637.3515554185321
2005-09-16,8172,0.25,0.684931507,4.230125698,2.735102864,,4189.08938,2439.1925795323323
2005-09-17,8173,0.25,0.684931507,2.738815642,2.27577962,,5095.471214,4105.807938931814
2005-09-18,8174,0.25,0.684931507,2.317701117,1.535435263,,5453.985989,5014.522133263967
2005-09-19,8175,2.75,0.684931507,2.094611732,2.078712393,,5672.546991,5660.587364975829
2005-09-20,8176,5.5,0.684931507,2.103536313,2.656141304,6.3,5660.257818,5631.84315570108
2005-09-21,8177,2.5,5.068493151,1.882332402,1.804064736,,5903.611895,6433.183562551785
2005-09-22,8178,0.5,5.068493151,1.758821229,2.721898201,,6047.432993,6977.724711229541
2005-09-23,8179,8.5,5.068493151,1.974569832,1.186012146,,5802.52999,6075.063124485145
2005-09-24,8180,1.0,5.068493151,1.712312849,1.785340164,,6106.732181,7205.220844466201
2005-09-25,8181,5.5,5.068493151,1.845377095,1.391647694,,5954.343372,6587.72923089977
2005-09-26,8182,20.5,5.068493151,4.225851955,1.220505964,,3654.345758,2442.148478149197
2005-09-27,8183,6.25,5.068493151,4.560913408,2.206740452,5.8,4001.474559,2228.781334233901
2005-09-28,8184,39.5,3.835616438,15.10428771,0.731739717,,1590.163708,530.3986448167925
2005-09-29,8185,13.25,3.835616438,8.798103352,1.72452547,,2927.613631,1014.0771216025199
2005-09-30,8186,39.25,3.835616438,23.12597765,0.650058048,,1415.130689,318.16490470604003
2005-10-01,8187,19.0,3.835616438,17.91615922,1.085687655,,1919.26111,432.1742500542892
2005-10-02,8188,0.25,3.835616438,9.853391061,1.719416697,,2782.972414,885.2889085526954
2005-10-03,8189,0.0,0.0,6.052022346,0.56004716,,3605.575637,1587.9961879949187
2005-10-04,8190,0.0,0.0,4.425863128,0.924313184,6.8,4173.856419,2310.513914900621
2005-10-05,8191,0.25,1.780821918,3.587706704,2.486840433,,4575.463258,2971.3239791020137
2005-10-06,8192,0.25,1.780821918,3.096854749,0.398375696,,4864.286656,3543.9684845697093
2005-10-07,8193,0.5,1.780821918,2.696681564,0.712609679,,5139.711837,4182.757034894619
2005-10-08,8194,13.5,1.780821918,3.32472067,0.729756027,,4728.322289,3255.0322334469756
2005-10-09,8195,0.25,1.780821918,2.944935754,1.360364672,,4941.740661,3764.0486972615963
2005-10-10,8196,0.5,1.780821918,2.404986034,2.061463613,,5375.982599,4797.371878873529
2005-10-11,8197,20.25,1.780821918,4.862689944,0.377465055,6.6,3752.351,2064.0795224609733
2005-10-12,8198,13.0,0.273972603,10.08369553,0.755476589,,2747.31236,861.1001934708273
2005-10-13,8199,0.0,0.0,5.230382682,1.484101176,,3857.120544,1891.4340425716491
2005-10-14,8200,0.0,0.0,3.951527933,0.392384964,,4391.384722,2646.6450875121322
2005-10-15,8201,0.0,0.0,3.383346369,0.820494504,,4690.604429,3187.5850506317056
2005-10-16,8202,0.75,0.273972603,2.942371508,0.926044741,,4966.529354,3767.9780378005744
2005-10-17,8203,2.25,0.273972603,2.717924581,1.070411768,,5127.411355,4143.633563511838
2005-10-18,8204,11.25,0.273972603,2.624832402,0.219182639,6.9,5271.738167,4320.24760517793
2005-10-19,8205,14.5,1.643835616,7.389100559,0.386303865,,3223.079103,1250.0839144043034
2005-10-20,8206,14.25,1.643835616,7.642307263,0.950917198,,3255.783319,1200.5988269337781
2005-10-21,8207,27.25,1.643835616,17.19369553,0.458681877,,1859.935003,454.05001775951905
2005-10-22,8208,2.75,1.643835616,9.525796089,0.588830868,,2830.102365,921.9174661103403
2005-10-23,8209,19.5,1.643835616,6.745424581,0.729248966,,3538.315148,1394.3952427632985
2005-10-24,8210,49.0,1.643835616,36.72857263,0.549536053,,1030.373561,182.61045169747328
2005-10-25,8211,10.25,1.643835616,21.31597207,0.907745301,5.4,1600.899118,350.8514409530162
2005-10-26,8212,10.5,8.082191781,11.92942458,0.376079427,,2526.982035,703.9071169605008
2005-10-27,8213,0.0,0.0,7.82851676,1.325133897,,3165.355247,1166.4460048226842
2005-10-28,8214,4.0,8.082191781,5.897312849,0.702419926,,3672.312494,1638.0542675026368
2005-10-29,8215,6.0,8.082191781,5.047114525,0.611836405,,3955.459034,1974.0308002492088
2005-10-30,8216,10.75,8.082191781,6.130960894,1.139673919,,3601.422887,1563.5224300397927
2005-10-31,8217,8.25,8.082191781,5.142192737,0.855901834,,3936.865181,1930.3727894200774
2005-11-01,8218,8.25,8.082191781,6.104061453,1.185857303,6.9,3607.131498,1571.7840992976148
2005-11-02,8219,19.75,3.698630137,9.898743017,0.776209484,,2856.129809,880.4277626905989
2005-11-03,8220,47.0,3.698630137,27.83835754,0.555533877,,1341.684981,254.68024116539553
2005-11-04,8221,24.75,3.698630137,27.68206425,0.581403248,,1329.100749,256.40695308038914
2005-11-05,8222,22.0,3.698630137,16.91502235,0.288817291,,2035.622856,463.03847581414453
2005-11-06,8223,29.5,3.698630137,34.3003324,0.538698729,,1023.765766,198.23712075423612
2005-11-07,8224,34.5,3.698630137,17.41970112,1.10533835,,2121.871233,446.9921825341594
2005-11-08,8225,44.25,3.698630137,45.53467039,0.269751888,5.6,675.3689137,141.08031748911907
2005-11-09,8226,5.0,5.342465753,14.39891899,0.859872395,,2196.859069,561.7149410781141
2005-11-10,8227,61.0,5.342465753,34.72589665,0.401175033,,1093.849994,195.32450142488597
2005-11-11,8228,30.5,5.342465753,32.48014525,0.458368254,,1143.044688,211.64587536317435
2005-11-12,8229,8.0,5.342465753,17.7975,0.57975196,,1914.419989,435.633294665153
2005-11-13,8230,1.0,5.342465753,9.535776536,0.589709052,,2854.017872,920.7606539239888
2005-11-14,8231,1.0,5.342465753,6.593932961,0.619751125,,3468.956361,1432.880727864879
2005-11-15,8232,4.0,5.342465753,5.598804469,0.828159313,6.6,3762.010679,1743.268532386298
2005-11-16,8233,1.75,4.39419289,4.452662011,0.30725893,,4169.516887,2293.861744692977
2005-11-17,8234,0.0,0.0,3.755840782,0.574846507,,4491.140637,2812.6897385165385
2005-11-18,8235,0.0,0.0,3.291058659,0.487743788,,4747.229007,3294.953844577345
2005-11-19,8236,0.5,13.7218601,2.928544693,0.646245197,,4976.524011,3789.295958721904
2005-11-20,8237,0.25,1.410123144,2.619930168,0.492147283,,5201.940077,4329.930674578041
2005-11-21,8238,0.0,0.0,2.385653631,0.399490222,,5397.197682,4843.964064689387
2005-11-22,8239,0.25,2.071939959,2.18772905,0.643062276,6.8,5577.077269,5373.317830981773
2005-11-23,8240,0.25,5.068660419,2.011927374,0.992325529,,5758.00423,5940.2508579936875
2005-11-24,8241,7.5,3.154158851,2.204597765,0.32411017,,5570.500481,5324.123271084514
2005-11-25,8242,2.75,2.059335466,1.93346648,0.165035276,,5836.754621,6230.016613696444
2005-11-26,8243,1.5,3.775871216,1.896310056,0.213474269,,5894.16956,6376.4517687338575
2005-11-27,8244,0.5,1.804276356,1.812067039,0.188610691,,5981.928666,6732.973499101805
2005-11-28,8245,0.25,5.873146847,1.657156425,0.155160044,,6179.833637,7493.250624412684
2005-11-29,8246,0.0,0.0,1.523664804,0.212012179,7.1,6373.288855,8285.76838001061
2005-11-30,8247,6.75,7.912297945,1.722594972,0.276942619,,6109.964949,7153.76368137386
2005-12-01,8248,11.0,2.988048003,2.627120112,0.186808313,,5176.821118,4315.742419762758
2005-12-02,8249,17.0,2.65003019,6.180486034,0.161115578,,3622.705315,1548.518228440275
2005-12-03,8250,21.25,7.852389951,12.1692067,0.267146917,,2493.318067,687.3064605099636
2005-12-04,8251,16.0,8.258613622,10.34167877,0.32240044,,2775.178301,835.4071191426879
2005-12-05,8252,15.0,4.677329164,10.81624022,0.207219775,6.2,2698.395234,791.6495770422363
2005-12-06,8253,3.25,5.479452055,10.49440223,0.030531212,,2705.355025,820.8501535920227
2005-12-07,8254,18.25,5.479452055,7.560226257,0.177513057,,3362.364399,1216.241353576557
2005-12-08,8255,7.25,5.479452055,16.13923743,0.262526434,,1964.413132,489.8649683803119
2005-12-09,8256,0.75,5.479452055,7.430756983,0.355275864,,3262.219343,1241.6879626380987
2005-12-10,8257,0.25,5.479452055,5.514460894,0.334462897,,3783.718502,1775.2708386879362
2005-12-11,8258,0.25,5.479452055,4.536955307,0.544791574,,4138.607145,2242.890994726909
2005-12-12,8259,0.5,5.479452055,3.947053073,0.124303272,6.7,4399.072535,2650.2403467432114
2005-12-13,8260,0.0,0.0,3.494639665,0.224082854,,4632.452438,3066.3659505645624
2005-12-14,8261,0.25,5.205479452,2.816094972,0.299032537,,5027.379074,3971.231669001925
2005-12-15,8262,0.25,5.205479452,2.36403352,0.59839862,,5415.991436,4897.0619875013845
2005-12-16,8263,13.75,5.205479452,3.699226257,0.639679076,,4479.139486,2864.337370431368
2005-12-17,8264,0.25,5.205479452,2.56198324,0.136551752,,5237.749544,4447.478298523339
2005-12-18,8265,21.0,5.205479452,4.866812849,0.246222002,,3647.354097,2061.9844017291766
2005-12-19,8266,0.0,0.0,4.939064246,0.423022352,,3837.513009,2025.8918503530908
2005-12-20,8267,3.0,5.205479452,3.463793296,0.26669046,6.4,4649.539835,3099.1066282603306
2005-12-21,8268,33.25,5.205479452,10.18669274,0.45326946,,2444.960939,850.6709334355025
2005-12-22,8269,1.75,5.205479452,11.09571788,0.630366694,,2419.118342,767.7987799240086
2005-12-23,8270,0.25,5.205479452,5.396153631,0.45633433,,3804.604584,1822.0158017065041
2005-12-24,8271,4.5,5.205479452,4.446653631,0.141024371,,4175.218143,2297.576029227474
2005-12-25,8272,0.25,5.205479452,3.674036313,0.152492466,,4532.877045,2887.879976266917
2005-12-26,8273,0.0,0.0,3.22798324,0.228026788,,4783.946376,3372.2249450044046
2005-12-27,8274,0.0,0.0,2.850284916,0.0,,5030.05769,3914.245647132053
2005-12-28,8275,0.0,0.0,2.525329609,0.044885009,,5276.473458,4524.896064536127
2005-12-29,8276,0.0,0.0,2.321421788,0.084097429,,5456.231444,5004.899364686582
2005-12-30,8277,40.0,5.205479452,12.63434078,0.267861986,,2158.34633,657.0729633740777
2005-12-31,8278,29.25,5.205479452,16.23875698,0.432388575,,2051.025975,486.265867070626
2006-01-01,8279,15.0,5.205479452,18.549,0.185444951,,1835.996756,414.54590944485085
2006-01-02,8280,0.75,5.205479452,8.808460894,0.266159159,,2965.343143,1012.6476745118987
2006-01-03,8281,8.5,5.205479452,6.799022346,0.225727091,6.4,3432.663635,1381.2298325234847
2006-01-04,8282,0.0,0.0,5.173868715,0.144519341,,3893.967216,1916.2189316789963
2006-01-05,8283,0.0,0.0,4.224117318,0.045704696,,4268.683056,2443.3501002560884
2006-01-06,8284,0.0,0.0,3.634667598,0.034467555,,4555.186168,2925.3927164391084
2006-01-07,8285,0.75,0.547945205,3.238743017,0.132740298,,4778.042639,3358.809600309173
2006-01-08,8286,0.0,0.0,2.878944134,0.052851268,,5011.633228,3867.622169357655
2006-01-09,8287,1.75,0.547945205,2.643863128,0.162444704,,5189.573986,4283.030976729846
2006-01-10,8288,49.75,0.547945205,20.16877374,0.206144698,5.7,1588.30136,374.93006646744476
2006-01-11,8289,14.0,2.602739726,21.08913687,0.325463957,,1573.065304,355.384310380961
2006-01-12,8290,0.25,2.602739726,7.458209497,0.508438765,,3235.099861,1236.2111613197528
2006-01-13,8291,4.25,2.602739726,4.944946927,0.392673194,,3979.399886,2023.0041957815088
2006-01-14,8292,6.25,2.602739726,5.808469274,0.197459815,,3686.842011,1668.1275671567396
2006-01-15,8293,2.75,2.602739726,4.237365922,0.217006239,,4267.8229,2434.1998858671413
2006-01-16,8294,14.25,2.602739726,5.579044693,0.340817306,,3770.800867,1750.670605251341
2006-01-17,8295,11.5,2.602739726,6.913206704,0.343702415,5.9,3407.883148,1353.9293241944913
2006-01-18,8296,7.25,2.328767123,10.39464804,0.373729494,,2748.092312,830.305047068511
2006-01-19,8297,7.0,2.328767123,8.300011173,0.4312836,,3106.09689,1087.4652114219853
2006-01-20,8298,17.75,2.328767123,14.14075978,0.565700334,,2207.229449,574.037362925937
2006-01-21,8299,0.0,0.0,7.539662011,0.449757684,,3236.581817,1220.219032989873
2006-01-22,8300,0.0,0.0,5.566977654,0.43676656,,3768.26164,1755.219358199548
2006-01-23,8301,0.25,2.328767123,4.707879888,0.161326758,,4074.180032,2145.672991435762
2006-01-24,8302,0.0,0.0,4.144550279,0.489029602,6.5,4309.071139,2499.6573359443673
2006-01-25,8303,0.25,4.928578203,3.704304469,0.373766465,,4520.517963,2859.6338457183033
2006-01-26,8304,0.0,0.0,3.313106145,0.193567223,,4734.711213,3268.705850913384
2006-01-27,8305,0.25,9.757121608,3.000368715,0.458308979,,4932.908139,3680.9069274315916
2006-01-28,8306,0.25,6.587576905,2.779365922,0.357819373,,5083.261028,4034.1676718827957
2006-01-29,8307,0.25,11.4416204,2.552681564,0.463420229,,5258.267022,4466.89362175568
2006-01-30,8308,0.0,0.0,2.379418994,0.305004723,,5404.143516,4859.167296920467
2006-01-31,8309,0.0,0.0,2.238988827,0.386647408,6.3,5531.17173,5226.346602175002
2006-02-01,8310,0.0,0.0,2.108463687,0.329312503,,5659.289161,5616.087585204992
2006-02-02,8311,0.5,6.767371912,2.015597765,0.317834811,,5756.187102,5927.301383456915
2006-02-03,8312,0.0,0.0,1.916145251,0.151424109,,5865.326395,6297.504373610747
2006-02-04,8313,0.25,4.861718153,1.859505587,0.20985607,,5933.50721,6527.847784526404
2006-02-05,8314,0.0,0.0,1.796430168,0.383381563,,6005.806769,6803.198595002914
2006-02-06,8315,0.0,0.0,1.727346369,0.578266102,,6094.101794,7130.212360418474
2006-02-07,8316,21.0,37.14956075,2.91376257,0.484817044,6.8,4723.480411,3812.3326720632026
2006-02-08,8317,2.25,3.835616438,3.121391061,0.503015822,,4656.30334,3510.625950120988
2006-02-09,8318,0.0,0.0,2.138631285,0.595391012,,5616.399178,5521.361634733132
2006-02-10,8319,0.0,0.0,1.912575419,0.674858143,,5867.687461,6311.580230856973
2006-02-11,8320,6.0,3.835616438,1.865413408,0.538921441,,5935.261359,6503.103607818193
2006-02-12,8321,38.5,3.835616438,14.46139106,0.316484452,,2143.862829,558.8056451119156
2006-02-13,8322,0.0,0.0,6.91272905,0.332523987,,3337.590873,1354.041464064075
2006-02-14,8323,27.0,3.835616438,7.172597765,0.658042245,6.1,3528.706782,1295.450254435947
2006-02-15,8324,11.5,4.520547945,21.20299441,0.606792092,,1471.853086,353.09575497344656
2006-02-16,8325,15.75,4.520547945,9.040575419,0.487071347,,2970.323019,981.5560872637999
2006-02-17,8326,5.25,4.520547945,11.22543855,0.894623189,,2568.228736,757.171180728465
2006-02-18,8327,0.0,0.0,6.272069832,0.970395663,,3544.115885,1521.4569653687522
2006-02-19,8328,0.5,4.520547945,4.79624581,0.127916666,,4035.314995,2098.3904999567953
2006-02-20,8329,0.0,0.0,4.015935754,1.134988141,,4363.425007,2595.871615758322
2006-02-21,8330,1.5,4.520547945,3.511307263,0.514300327,6.7,4622.607835,3048.9375947163153
2006-02-22,8331,1.25,1.213946427,3.118826816,0.161992451,,4851.544952,3514.083557186347
2006-02-23,8332,3.0,3.835368968,2.881231844,0.193967136,,5018.057904,3863.9443613966973
2006-02-24,8333,0.75,4.332661334,2.739268156,0.056224056,,5110.112523,4104.995621454055
2006-02-25,8334,1.5,15.97991971,2.510798883,0.653159793,,5294.716979,4556.274830603355
2006-02-26,8335,0.5,15.49176167,2.377458101,0.350837854,,5406.312618,4863.967062749738
2006-02-27,8336,2.5,6.018675929,2.318782123,0.59983911,,5481.220976,5011.722832642227
2006-02-28,8337,1.0,2.353310026,2.421075419,0.508997104,6.2,5349.12665,4759.218211822098
2006-03-01,8338,4.0,4.794520548,2.181243017,0.167827832,,5586.16905,5392.45570366203
2006-03-02,8339,3.25,4.794520548,2.053634078,0.322455536,,5714.72535,5796.095015352326
2006-03-03,8340,0.25,4.794520548,1.940505587,0.720034088,,5839.476259,6202.968429398277
2006-03-04,8341,0.75,4.794520548,1.874438547,0.495314008,,5914.556188,6465.633502473709
2006-03-05,8342,1.0,4.794520548,1.878837989,0.586856949,,5912.56912,6447.511404585748
2006-03-06,8343,2.25,4.794520548,1.95677095,0.491483093,,5828.996853,6141.284727678722
2006-03-07,8344,19.5,4.794520548,13.16099162,0.358732391,6.8,2064.330946,625.6654880737115
2006-03-08,8345,42.5,5.479452055,41.54256704,0.314095394,,809.2826115,157.51086436590205
2006-03-09,8346,9.0,5.479452055,14.38722905,0.584395871,,2227.037694,562.2624216856264
2006-03-10,8347,16.5,5.479452055,12.71564246,0.871207899,,2436.734758,652.0376031942072
2006-03-11,8348,1.75,5.479452055,8.217955307,0.61258853,,3098.187978,1100.4956020008506
2006-03-12,8349,0.5,5.479452055,5.906011173,0.12275168,,3659.350498,1635.1633098654993
2006-03-13,8350,5.5,5.479452055,4.836620112,0.286841741,,4029.784081,2077.418224921957
2006-03-14,8351,29.5,5.479452055,13.90457263,1.00530859,6.8,2266.604313,585.7523749423474
2006-03-15,8352,2.0,6.842002429,11.03377374,0.331331112,,2633.473399,772.9706323099597
2006-03-16,8353,0.5,13.36424468,6.996846369,0.410686167,,3357.311785,1334.5522671031645
2006-03-17,8354,1.25,2.533151803,5.136611732,0.17414231,,3908.992089,1932.8864431428728
2006-03-18,8355,0.0,0.0,4.294357542,0.243599846,,4241.125657,2395.5449559416884
2006-03-19,8356,1.25,3.158565216,3.851924581,0.956531021,,4449.77109,2728.844640688042
2006-03-20,8357,0.0,0.0,3.412055866,0.593373933,,4674.278111,3155.483251160312
2006-03-21,8358,0.25,7.693754697,3.019927374,0.591020103,7.5,4917.605061,3652.3709834379238
2006-03-22,8359,2.25,8.630136986,2.757318436,1.341334965,,5099.486937,4072.831904167356
2006-03-23,8360,0.0,0.0,2.54473743,1.489298785,,5266.072721,4483.598824209056
2006-03-24,8361,23.25,8.630136986,3.778667598,0.662689712,,4669.218217,2792.346076500091
2006-03-25,8362,31.75,8.630136986,18.4243324,0.823576366,,1735.67496,417.9134053722207
2006-03-26,8363,20.75,8.630136986,19.72556145,0.717580122,,1789.385025,385.06007919181144
2006-03-27,8364,41.75,8.630136986,36.92996648,0.48830682,7.0,938.7345865,181.4156308426537
2006-03-28,8365,18.25,9.863013699,18.17260894,0.460140101,,1909.843468,424.86791627085324
2006-03-29,8366,7.0,9.863013699,11.22031006,1.083673916,,2615.594091,757.586215225801
2006-03-30,8367,31.0,9.863013699,17.44184916,0.937859085,,2018.981297,446.3113433492167
2006-03-31,8368,9.5,9.863013699,16.24655866,1.503501556,,1994.210066,485.98576959816245
2006-04-01,8369,9.75,9.863013699,12.77419274,1.639085428,,2427.181179,648.4549510155146
2006-04-02,8370,20.0,9.863013699,15.09199441,0.510709894,,2155.248611,530.9169202041556
2006-04-03,8371,1.0,9.863013699,11.3697905,1.952022715,,2573.124018,745.6578450643635
2006-04-04,8372,0.25,9.863013699,6.855058659,2.521492471,4.8,3378.821853,1367.7071419094636
2006-04-05,8373,0.0,0.0,4.776486034,3.150463473,,4037.369036,2108.7966911090098
2006-04-06,8374,6.75,3.424657534,4.116393855,0.738742379,,4325.356414,2520.156276033133
2006-04-07,8375,2.0,3.424657534,3.580013966,1.807680216,,4580.591405,2978.974306214475
2006-04-08,8376,5.75,3.424657534,3.316902235,1.417112687,,4736.986147,3264.2251950990867
2006-04-09,8377,2.0,3.424657534,3.020581006,2.261722227,,4913.179729,3651.424346914704
2006-04-10,8378,0.25,3.424657534,2.597128492,3.173997596,,5216.222012,4375.497392710024
2006-04-11,8379,36.5,3.424657534,12.33427374,0.789058289,6.4,2064.437658,676.2901686214785
2006-04-12,8380,7.25,3.97260274,6.289567039,2.058022052,,3546.895922,1516.385336491042
2006-04-13,8381,19.0,3.97260274,12.17518994,1.454197708,,2382.870702,686.90141192557
2006-04-14,8382,2.75,3.97260274,6.814634078,3.494196527,,3391.892966,1377.4378461256922
2006-04-15,8383,0.0,0.0,4.836444134,1.830987721,,4014.518563,2077.508801492709
2006-04-16,8384,0.5,3.97260274,3.928726257,1.658997945,,4403.719766,2665.0586673893636
2006-04-17,8385,0.0,0.0,3.392949721,0.94425058,,4686.58697,3176.7805407364076
2006-04-18,8386,6.75,3.97260274,3.048611732,1.589576534,6.5,4912.85608,3611.2475612517624
2006-04-19,8387,23.0,0.684931507,8.290382682,1.450276612,,3002.458666,1088.979530056997
2006-04-20,8388,7.5,0.684931507,5.233273743,1.47787801,,3889.675508,1890.1819398721823
2006-04-21,8389,0.5,0.684931507,4.711022346,3.033841853,,4057.549481,2143.958098806188
2006-04-22,8390,0.0,0.0,3.838324022,2.659891103,,4450.053922,2740.43281461847
2006-04-23,8391,1.5,0.684931507,3.405393855,1.961539403,,4681.213996,3162.879471812478
2006-04-24,8392,0.0,0.0,3.048687151,1.606106699,,4898.435016,3611.140556614254
2006-04-25,8393,10.25,0.684931507,3.416103352,1.983833244,6.2,4679.84447,3151.0051709216727
2006-04-26,8394,0.0,0.0,2.804782123,3.191489614,,5057.227806,3990.423562343709
2006-04-27,8395,0.0,0.0,2.498706704,3.535370272,,5301.534893,4582.6933492496755
2006-04-28,8396,0.0,0.0,2.314005587,3.58815759,,5460.132111,5024.113527781345
2006-04-29,8397,0.0,0.0,2.142452514,3.622758763,,5623.434039,5509.571946690967
2006-04-30,8398,5.0,2.303098495,2.055293296,1.703542491,,5724.183612,5790.492857981598
2006-05-01,8399,9.0,1.465689147,2.755081006,1.709188733,,5080.960847,4076.7936411553724
2006-05-02,8400,2.5,0.797191252,2.109569832,1.463846066,6.8,5657.627455,5612.56172956738
2006-05-03,8401,0.25,0.684931507,1.949304469,4.856329435,,5818.778547,6169.459763321518
2006-05-04,8402,1.5,0.684931507,1.833963687,4.061571444,,5961.663568,6636.843549571055
2006-05-05,8403,0.0,0.0,1.71452514,5.670510702,,6104.919338,7194.092143407733
2006-05-06,8404,5.75,0.684931507,1.72503352,2.899880646,,6102.266098,7141.658697494642
2006-05-07,8405,0.0,0.0,1.656226257,4.925356339,,6179.924395,7498.288842438105
2006-05-08,8406,22.5,0.684931507,3.32401676,1.059631839,,4640.482126,3255.8579491208293
2006-05-09,8407,0.75,0.684931507,3.047178771,2.803142733,5.8,4799.629866,3613.281754869001
2006-05-10,8408,0.0,0.0,2.182122905,5.167514216,,5576.483762,5389.852155245441
2006-05-11,8409,9.25,1.095890411,2.13149162,3.980275686,,5638.916922,5543.514177659915
2006-05-12,8410,0.0,0.0,1.969944134,6.017777537,,5800.285977,6092.146888218902
2006-05-13,8411,0.0,0.0,1.890930168,1.637725081,,5895.175113,6398.178360262022
2006-05-14,8412,0.0,0.0,1.790597765,3.768018651,,6013.287619,6829.736939743766
2006-05-15,8413,8.5,1.095890411,2.059114525,0.399069817,,5716.727464,5777.628627765077
2006-05-16,8414,0.25,1.095890411,1.939122905,2.378538725,6.2,5826.865887,6208.2644478020775
2006-05-17,8415,12.5,4.109589041,2.721997207,0.836046602,,5043.994842,4136.209562681942
2006-05-18,8416,17.5,4.109589041,3.137857542,2.684459124,,4947.794996,3488.5705447084893
2006-05-19,8417,17.0,4.109589041,7.503586592,1.191520607,,3284.966073,1227.254897740831
2006-05-20,8418,16.0,4.109589041,13.21094413,1.117054345,,2319.304654,622.8292010886523
2006-05-21,8419,20.0,4.109589041,11.30324581,1.170360491,,2604.210273,750.9252125372132
2006-05-22,8420,11.75,4.109589041,12.81969553,1.102630262,,2426.880202,645.6954975746316
2006-05-23,8421,12.0,4.109589041,9.077530726,3.120659233,5.8,2957.926994,976.7670250278036
2006-05-24,8422,20.75,3.424657534,14.33498883,2.0921404,,2246.283677,564.7210107190319
2006-05-25,8423,2.0,3.424657534,8.238921788,5.55421788,,3081.875815,1097.1390106639483
2006-05-26,8424,46.25,3.424657534,31.60583799,1.169878532,,989.8031519,218.69269188732676
2006-05-27,8425,6.0,3.424657534,10.77101397,1.685263797,,2666.930988,795.6372435945991
2006-05-28,8426,0.0,0.0,6.870997207,3.127524578,,3388.072658,1363.9051050406883
2006-05-29,8427,5.75,3.424657534,5.304117318,3.053740313,,3856.188274,1859.9681889941264
2006-05-30,8428,0.25,3.424657534,4.168860335,3.281919792,6.3,4287.142808,2482.2032560467055
2006-05-31,8429,0.0,0.0,3.475156425,5.290410577,,4637.963353,3086.971391281588
2006-06-01,8430,0.0,0.0,2.997377095,5.712978235,,4927.004377,3685.3077596306543
2006-06-02,8431,0.0,0.0,2.602810056,6.927785663,,5211.875081,4364.061354024494
2006-06-03,8432,0.0,0.0,2.328988827,8.075143302,,5444.420833,4985.432884736532
2006-06-04,8433,0.0,0.0,2.104818436,6.96532534,,5659.166383,5627.735693521651
2006-06-05,8434,0.0,0.0,1.966851955,5.669056167,,5806.427021,6103.61623664032
2006-06-06,8435,0.0,0.0,1.827175978,6.872612596,5.9,5964.716475,6666.372169754946
2006-06-07,8436,2.5,1.380033107,1.699944134,6.401248885,,6126.232255,7268.026739059507
2006-06-08,8437,0.0,0.0,1.600416201,6.487335889,,6261.375734,7812.377462842786
2006-06-09,8438,0.0,0.0,1.473159218,8.38501044,,6443.551852,8626.941915403338
2006-06-10,8439,0.0,0.0,1.364329609,7.822358439,,6627.409733,9456.971146083692
2006-06-11,8440,2.25,3.923155101,1.308041899,5.602419009,,6728.481052,9946.092174005831
2006-06-12,8441,0.25,1.841307256,1.311988827,2.53224486,,6718.480954,9910.290588611359
2006-06-13,8442,1.5,2.870070899,1.256379888,2.222914457,6.0,6824.954264,10437.54185809127
2006-06-14,8443,0.25,1.506849315,1.188050279,3.945359174,,6950.902521,11159.993605381405
2006-06-15,8444,0.0,0.0,1.119946927,6.025207655,,7094.387201,11976.922109649393
2006-06-16,8445,0.0,0.0,1.054860335,6.462003652,,7239.817322,12866.540060477515
2006-06-17,8446,0.0,0.0,1.004128492,7.191351362,,7362.424414,13648.225256202018
2006-06-18,8447,7.0,1.506849315,1.014787709,1.879356048,,7372.628237,13476.859425140645
2006-06-19,8448,6.5,1.506849315,1.167184358,1.570663788,,6985.796531,11399.176152816632
2006-06-20,8449,13.75,1.506849315,1.343438547,2.535421197,6.1,6630.855168,9633.257507688892
2006-06-21,8450,0.25,3.843286326,1.279784916,3.506681757,,6629.430687,10209.496686400924
2006-06-22,8451,0.5,1.465897577,0.974463687,1.857326081,,7431.4657,14146.856014646622
2006-06-23,8452,0.0,0.0,0.891905028,5.463309728,,7655.372747,15727.593152077294
2006-06-24,8453,0.0,0.0,0.85952514,2.718449209,,7756.029247,16439.067988855622
2006-06-25,8454,0.5,1.815435173,0.845069832,2.114078812,,7798.388282,16776.05989057156
2006-06-26,8455,3.5,2.795461664,0.825486034,1.587556073,,7865.62871,17253.320264837166
2006-06-27,8456,9.0,8.205861456,0.978511173,1.633644385,6.3,7430.320947,14076.865749742567
2006-06-28,8457,0.5,1.643835616,0.90447486,2.958400341,,7607.345626,15466.435933938483
2006-06-29,8458,0.0,0.0,0.810226257,5.570171849,,7902.930374,17642.79447730401
2006-06-30,8459,0.0,0.0,0.770857542,4.312820826,,8032.749629,18726.072326946225
2006-07-01,8460,0.0,0.0,0.735184358,7.0500759,,8157.871553,19818.1734571395
2006-07-02,8461,0.0,0.0,0.709114525,4.924583838,,8252.222184,20692.857834725815
2006-07-03,8462,0.0,0.0,0.682868715,6.70591173,,8356.050457,21647.77112113125
2006-07-04,8463,0.0,0.0,0.66147486,5.92728529,6.1,8443.145423,22487.892256151026
2006-07-05,8464,10.75,4.049464012,0.752782123,3.829604626,,8092.693969,19265.234814440824
2006-07-06,8465,0.25,1.588348799,0.712106145,4.862557031,,8225.522187,20588.910362129558
2006-07-07,8466,0.5,4.630338948,0.664013966,3.15308199,,8429.348993,22385.073316838094
2006-07-08,8467,10.0,8.505630952,0.67726257,2.996850127,,8425.078276,21862.29024049706
2006-07-09,8468,10.0,2.747448826,1.198357542,1.220841209,,6904.193826,11045.213821093701
2006-07-10,8469,3.75,1.367207564,0.807385475,1.71321725,,7910.600563,17717.085387875606
2006-07-11,8470,0.25,5.675782207,0.729553073,4.940475749,6.3,8159.629745,20001.305840186164
2006-07-12,8471,1.0,5.79253531,0.657703911,3.174672911,,8456.421452,22642.202477482544
2006-07-13,8472,0.25,3.325726363,0.637139665,6.858090553,,8538.284308,23519.066273512326
2006-07-14,8473,0.0,0.0,0.614212291,6.598070685,,8642.463713,24572.93884519757
2006-07-15,8474,0.0,0.0,0.609410615,6.934853566,,8666.618426,24804.692813469705
2006-07-16,8475,0.0,0.0,0.604835196,7.573349708,,8684.359838,25029.28703301057
2006-07-17,8476,0.0,0.0,0.604382682,8.15334368,,8690.805303,25051.702529766575
2006-07-18,8477,0.0,0.0,0.591410615,8.93210413,6.3,8744.368712,25710.312384064586
2006-07-19,8478,0.0,0.0,0.582963687,8.575014709,,8787.852511,26156.497592646814
2006-07-20,8479,0.75,3.698630137,0.583944134,4.002507446,,8784.88537,26103.98118196465
2006-07-21,8480,0.0,0.0,0.59022905,5.400409014,,8754.878665,25771.882300532772
2006-07-22,8481,0.5,3.698630137,0.589977654,4.196270266,,8757.620104,25785.017165699668
2006-07-23,8482,0.75,3.698630137,0.588142458,5.142757215,,8759.139525,25881.27539867221
2006-07-24,8483,0.0,0.0,0.585477654,7.488259401,,8778.485042,26022.227135990488
2006-07-25,8484,0.0,0.0,0.580952514,7.354853351,6.2,8794.966471,26264.83256832345
2006-07-26,8485,0.0,0.0,0.577634078,5.286787019,,8813.43485,26445.396362163294
2006-07-27,8486,0.0,0.0,0.579444134,5.283335794,,8805.043194,26346.62563198249
2006-07-28,8487,0.0,0.0,0.579494413,5.521065139,,8804.68748,26343.891684688766
2006-07-29,8488,4.25,1.015239304,0.577960894,1.489871906,,8811.997003,26427.51250505561
2006-07-30,8489,9.5,5.309088467,0.697751397,2.75148896,,8230.610404,21096.610124173712
2006-07-31,8490,14.5,1.352821586,0.766307263,1.913327314,,8005.29349,18859.171698661543
2006-08-01,8491,3.5,1.0708056,0.701648045,1.500431364,7.0,8258.352521,20956.537753389694
2006-08-02,8492,0.5,0.711740573,0.602924581,1.862538419,,8687.852536,25124.181519987556
2006-08-03,8493,0.0,0.0,0.581530726,5.830880539,,8794.877484,26233.60203636388
2006-08-04,8494,1.25,0.956169492,0.580927374,2.795115695,,8797.991768,26266.191984241337
2006-08-05,8495,0.25,4.494687085,0.582134078,4.181842378,,8791.857954,26201.08622686372
2006-08-06,8496,1.75,2.082163447,0.580097765,3.460851914,,8801.695086,26311.124669198052
2006-08-07,8497,2.0,3.392334278,0.580776536,5.691280005,,8798.211254,26274.351084167967
2006-08-08,8498,1.5,9.366430044,0.579293296,5.194986559,6.7,8805.647422,26354.8306535842
2006-08-09,8499,0.5,0.547945205,0.582284916,3.996113911,,8792.09027,26192.968829852645
2006-08-10,8500,1.0,0.547945205,0.580349162,0.900862462,,8800.379117,26297.49379651297
2006-08-11,8501,0.75,0.547945205,0.583944134,2.183085514,,8783.564722,26103.98118196465
2006-08-12,8502,0.0,0.0,0.587337989,3.14964874,,8767.878077,25923.678942031744
2006-08-13,8503,1.0,0.547945205,0.581631285,1.578485493,,8794.177433,26228.177574939524
2006-08-14,8504,0.25,0.547945205,0.586432961,2.593253419,,8771.759504,25971.535597603353
2006-08-15,8505,0.25,0.547945205,0.581631285,1.658405572,6.2,8794.416375,26228.177574939524
2006-08-16,8506,1.25,1.917808219,0.580650838,1.708499805,,8799.305217,26281.153870192233
2006-08-17,8507,8.25,1.917808219,0.638371508,1.061358647,,8524.342691,23464.792683849977
2006-08-18,8508,28.25,1.917808219,1.985656425,0.54480644,,5452.194224,6034.47345213028
2006-08-19,8509,43.25,1.917808219,7.488,0.986670803,,3099.677305,1230.3178382699436
2006-08-20,8510,10.0,1.917808219,5.725583799,0.739088807,,3641.636758,1697.1100510593415
2006-08-21,8511,11.5,1.917808219,7.133455307,2.083388211,,3319.616441,1303.9756728798925
2006-08-22,8512,2.0,1.917808219,3.685298883,3.025535899,5.9,4495.98339,2877.3102398961532
2006-08-23,8513,6.75,1.643835616,3.065656425,2.45931231,,4881.87754,3587.211498790831
2006-08-24,8514,0.25,1.643835616,2.335902235,3.830205151,,5422.245047,4967.768945759626
2006-08-25,8515,9.0,1.643835616,2.094863128,2.719415366,,5708.534451,5659.773988895644
2006-08-26,8516,12.0,1.643835616,3.411980447,1.585604551,,4690.895278,3155.5668044213207
2006-08-27,8517,8.5,1.643835616,3.225494413,2.687098906,,4797.549048,3375.342030347537
2006-08-28,8518,4.5,1.643835616,2.94900838,2.455358948,,4944.118948,3757.823405484378
2006-08-29,8519,1.75,1.643835616,2.552631285,1.681327322,5.9,5251.846408,4466.998991114984
2006-08-30,8520,8.75,2.146574871,2.342086592,2.00276491,,5451.82098,4952.064777207577
2006-08-31,8521,41.25,0.323856929,10.97773743,0.923559727,,2505.781052,777.7045225825859
2006-09-01,8522,9.75,8.565991904,11.08065922,2.205394054,,2612.838129,769.0502137825325
2006-09-02,8523,23.5,3.478253064,9.763818436,0.39292596,,2835.537262,895.0358709222603
2006-09-03,8524,10.0,3.700945534,13.2916676,0.903339814,,2345.76961,618.2952564952341
2006-09-04,8525,5.75,5.928495153,7.051122905,2.174420371,,3345.427086,1322.2478824163793
2006-09-05,8526,1.0,3.032819403,5.185910615,2.502088078,6.3,3881.856801,1910.8880395830897
2006-09-06,8527,8.25,3.133039622,4.460631285,1.533988562,,4177.104108,2288.9522243375595
2006-09-07,8528,0.25,1.231891482,3.689673184,3.527580635,,4515.787769,2873.2241394736334
2006-09-08,8529,0.0,0.0,3.075988827,4.071112999,,4873.808725,3572.783356635676
2006-09-09,8530,0.25,4.228396105,2.657815642,3.097191073,,5169.323748,4256.117041593852
2006-09-10,8531,0.0,0.0,2.332206704,4.384328803,,5440.368518,4977.196815864352
2006-09-11,8532,0.0,0.0,2.107181564,3.743065201,,5655.625243,5620.179460954027
2006-09-12,8533,0.5,2.286140638,1.925798883,2.23417961,6.1,5850.984972,6259.726997478629
2006-09-13,8534,0.0,0.0,1.759902235,2.737776369,,6046.156839,6972.593836088084
2006-09-14,8535,9.0,3.424657534,1.834139665,0.794472712,,5965.575017,6636.081182721013
2006-09-15,8536,0.0,0.0,1.610371508,3.573668654,,6238.275902,7754.597750834191
2006-09-16,8537,0.0,0.0,1.449527933,4.113145462,,6482.961393,8795.55973098532
2006-09-17,8538,1.0,3.424657534,1.361790503,1.4440954,,6633.490523,9478.080123254298
2006-09-18,8539,9.5,3.424657534,1.503276536,1.824973471,,6397.040735,8420.46532086618
2006-09-19,8540,0.25,3.424657534,1.410863128,2.332714197,6.2,6519.774765,9084.85421209144
2006-09-20,8541,0.0,0.0,1.226363128,2.311400358,,6871.364452,10744.027025204243
2006-09-21,8542,0.5,4.072534105,1.116477654,3.920940685,,7097.974271,12021.472756155748
2006-09-22,8543,2.25,4.483803021,1.061497207,1.638772981,,7230.509034,12770.333412325539
2006-09-23,8544,0.5,4.165767359,1.027106145,2.011958731,,7305.171513,13283.677174154867
2006-09-24,8545,6.0,2.306281812,1.116402235,1.82981767,,7103.46032,12022.444625232822
2006-09-25,8546,0.0,0.0,0.982407821,2.854966314,,7413.867456,14010.081765898834
2006-09-26,8547,0.0,0.0,0.932958101,3.13050237,6.3,7546.112928,14903.170432958974
2006-09-27,8548,12.0,2.739726027,1.042994413,0.534584718,,7302.248229,13041.89909015887
2006-09-28,8549,6.25,2.739726027,1.646296089,1.233984125,,6161.602783,7552.464996230734
2006-09-29,8550,12.0,2.739726027,2.008131285,0.54062829,,5682.231445,5953.698504259939
2006-09-30,8551,12.25,2.739726027,2.202134078,1.167527779,,5574.575833,5331.256560588363
2006-10-01,8552,31.5,2.739726027,7.543458101,0.791528482,,2937.628387,1219.482973118099
2006-10-02,8553,18.25,2.739726027,11.13800279,0.839239904,,2599.858677,764.3046172601433
2006-10-03,8554,5.25,2.739726027,7.349304469,0.709142381,,3281.323621,1258.2026549537331
2006-10-04,8555,0.5,3.287671233,5.135480447,1.686837531,,3894.039739,1933.3966993915851
2006-10-05,8556,74.25,3.287671233,29.83185754,0.303177212,,1010.162936,234.39337109234444
2006-10-06,8557,28.75,3.287671233,29.59763128,1.086864877,,1257.916131,236.6214544335776
2006-10-07,8558,0.5,3.287671233,12.96957821,1.740296453,,2340.428878,636.7564551819859
2006-10-08,8559,1.25,3.287671233,7.181094972,1.716138827,,3312.636311,1293.6130099301731
2006-10-09,8560,3.75,3.287671233,5.144329609,2.086119068,,3896.209801,1929.411940474527
2006-10-10,8561,0.5,3.287671233,3.962941341,1.578172129,6.1,4387.114449,2637.5155352119746
2006-10-11,8562,18.25,3.150684932,6.94123743,0.80642313,,3380.645277,1347.3781824701211
2006-10-12,8563,1.0,3.150684932,4.526773743,0.568724963,,4129.412765,2248.936929439231
2006-10-13,8564,0.25,3.150684932,3.766801676,1.265824722,,4487.017178,2802.8873907115703
2006-10-14,8565,0.0,0.0,3.313986034,1.042525732,,4731.812462,3267.666283680268
2006-10-15,8566,0.0,0.0,2.870949721,0.759516467,,5013.874367,3880.5248554235413
2006-10-16,8567,1.75,3.150684932,2.559318436,0.346159308,,5251.780256,4453.024683408918
2006-10-17,8568,7.25,3.150684932,2.712921788,0.05751978,6.3,5133.540335,4152.78668274593
2006-10-18,8569,0.0,0.0,2.465648045,0.616748302,,5316.649046,4656.3727591679035
2006-10-19,8570,25.75,3.01369863,5.793159218,0.706885574,,3715.960615,1673.412424957618
2006-10-20,8571,14.0,3.01369863,10.38245531,0.440457451,,2754.750189,831.4743982783718
2006-10-21,8572,17.0,3.01369863,13.55078212,1.132639363,,2378.131503,604.1423498338451
2006-10-22,8573,9.0,3.01369863,16.43990782,0.385795824,,2029.062097,479.13740775629077
2006-10-23,8574,5.0,3.01369863,9.042561453,0.726126618,,2934.733566,981.2976218295543
2006-10-24,8575,3.25,3.01369863,6.01501676,0.911122679,6.2,3615.792049,1599.7124432258677
2006-10-25,8576,18.5,5.068493151,13.52948883,0.002556664,,2173.83213,605.282934347123
2006-10-26,8577,4.75,5.068493151,10.86536313,1.049775004,,2618.54318,787.3596563715438
2006-10-27,8578,2.0,5.068493151,6.496592179,0.41349142,,3488.191941,1458.6521454308704
2006-10-28,8579,19.75,5.068493151,8.828120112,0.159892051,,3021.383912,1009.9446373541109
2006-10-29,8580,0.5,5.068493151,6.776648045,1.226005359,,3414.712593,1386.6978871282538
2006-10-30,8581,8.25,5.068493151,5.375639665,0.556186927,,3842.431824,1830.351382531771
2006-10-31,8582,9.75,5.068493151,6.901290503,0.514618829,6.4,3402.325678,1356.7320125967844
2006-11-01,8583,0.0,0.0,5.016871508,0.971498119,,3947.697337,1988.2993147564255
2006-11-02,8584,0.0,0.0,4.12496648,0.55094541,,4310.538906,2513.882525766525
2006-11-03,8585,0.0,0.0,3.647840782,1.337537824,,4553.066088,2912.7415289265455
2006-11-04,8586,0.5,3.97260274,3.220592179,0.979072734,,4787.779254,3381.4972223722743
2006-11-05,8587,0.0,0.0,2.862226257,0.598774334,,5022.30556,3894.6945575457116
2006-11-06,8588,0.0,0.0,2.544787709,1.320689299,,5260.458742,4483.492735514346
2006-11-07,8589,0.0,0.0,2.272927374,1.808271325,,5496.212995,5133.0375437047605
2006-11-08,8590,24.25,3.97260274,4.338125698,0.346274525,6.7,4074.653207,2366.6155991713313
2006-11-09,8591,0.0,0.0,3.304081006,0.406661852,,4692.426438,3279.403951365678
2006-11-10,8592,26.25,3.01369863,5.636463687,0.417704505,,3556.475509,1729.319091627426
2006-11-11,8593,6.25,3.01369863,7.819893855,0.671907853,,3061.052123,1167.9880970026604
2006-11-12,8594,19.5,3.01369863,6.466072626,0.41375031,,3566.340978,1466.9080499705294
2006-11-13,8595,9.25,3.01369863,12.29802235,0.773271853,,2443.457878,678.6816761642377
2006-11-14,8596,31.5,3.01369863,11.95134637,0.319862552,7.9,2521.01782,702.3589958546141
2006-11-15,8597,18.75,6.02739726,21.93855587,0.280433217,,1623.975864,338.9387248921843
2006-11-16,8598,10.0,6.02739726,11.32260335,0.30427232,,2602.192153,749.385940509972
2006-11-17,8599,7.25,6.02739726,8.735405028,0.31580777,,3019.66579,1022.8097064757494
2006-11-18,8600,10.25,6.02739726,8.040670391,0.531452741,,3160.944045,1129.6479455760186
2006-11-19,8601,34.75,6.02739726,15.16557821,0.585547289,,2100.495758,527.8284662830084
2006-11-20,8602,17.25,6.02739726,25.49984078,0.830416824,,1330.764221,282.96120505752054
2006-11-21,8603,7.25,6.02739726,10.17605866,0.577289575,6.5,2758.721068,851.7369768485428
2006-11-22,8604,24.5,7.397260274,9.951234637,0.190347222,,2929.138043,874.8621080908099
2006-11-23,8605,18.75,7.397260274,19.23807821,0.483336977,,1784.047538,396.7959999073996
2006-11-24,8606,18.75,7.397260274,15.13161453,0.113457329,,2193.746118,529.2498842553862
2006-11-25,8607,7.5,7.397260274,14.31093017,0.402069014,,2227.928077,565.8599244997662
2006-11-26,8608,11.0,7.397260274,12.59801397,0.70284132,,2437.80704,659.3459384496443
2006-11-27,8609,8.0,7.397260274,9.041882682,0.616305411,,2961.429658,981.3859440661379
2006-11-28,8610,11.5,7.397260274,10.70962291,0.384182496,6.8,2686.040391,801.1094451871365
2006-11-29,8611,2.75,14.10958904,7.177751397,0.1931072,,3333.262794,1294.3353788161062
2006-11-30,8612,3.25,14.10958904,5.520871508,1.060654353,,3782.843904,1772.8007303009474
2006-12-01,8613,10.0,14.10958904,5.931,0.279341715,,3669.346794,1626.9098892550464
2006-12-02,8614,6.2316075,14.10958904,4.837801676,0.400195621,,4028.923951,2076.8102567648284
2006-12-03,8615,24.98859262,14.10958904,14.69767877,0.58289005,,2166.047022,548.0474177167912
2006-12-04,8616,36.18939749,14.10958904,19.05257263,0.46096544,,1738.003407,401.43564829119975
2006-12-05,8617,47.17127191,14.10958904,41.89334078,0.487673955,9.5,835.8834169,155.9288041949844
2006-12-06,8618,21.41485211,21.64383562,25.06580447,0.335390623,,1456.458576,288.8512813524704
2006-12-07,8619,31.3792181,21.64383562,26.94248045,0.49566598,,1444.755073,264.8771560779559
2006-12-08,8620,19.26956937,21.64383562,25.92847207,0.240230366,,1363.306466,277.35692423604195
2006-12-09,8621,8.467001255,21.64383562,15.75482682,0.198824436,,2122.754683,504.23738071626974
2006-12-10,8622,63.7868381,21.64383562,32.94718994,0.142491843,,981.8489359,208.04977309153233
2006-12-11,8623,55.41961577,21.64383562,61.03448045,0.539770786,,265.7186139,99.23828118280306
2006-12-12,8624,17.73880947,21.64383562,18.69036034,0.339728501,11.1,1848.788199,410.7872212564329
2006-12-13,8625,10.96916183,4.109589041,12.39448324,0.254502828,,2472.040597,672.3521070614679
2006-12-14,8626,28.53158237,4.109589041,16.32411453,0.114962715,,2154.293795,483.2173439305061
2006-12-15,8627,37.27368388,4.109589041,35.51963128,0.074347701,,1071.872316,190.0967685985979
2006-12-16,8628,6.922588515,4.109589041,15.8054581,0.146355359,,2071.246002,502.3003962294939
2006-12-17,8629,4.358538345,4.109589041,9.685458101,0.202082462,,2833.720105,903.7253809017088
2006-12-18,8630,6.233857665,4.109589041,8.118930168,0.127209322,,3136.016591,1116.6065720667812
2006-12-19,8631,0.635447715,4.109589041,6.105343575,0.417321808,8.8,3605.701769,1571.3885033069737
2006-12-20,8632,0.87332589,8.219178082,4.877824022,0.418033078,,4005.556948,2056.4079672536795
2006-12-21,8633,0.170821025,8.219178082,4.129189944,0.393269953,,4312.105168,2510.8021668886918
2006-12-22,8634,0.32865642,8.219178082,3.605530726,0.263200327,,4571.547456,2953.735976121312
2006-12-23,8635,0.08004278,8.219178082,3.193315642,0.071828694,,4804.778531,3416.124678272063
2006-12-24,8636,0.25,8.219178082,2.836910615,0.146323953,,5041.359833,3936.3575944078066
2006-12-25,8637,0.75,8.219178082,2.625385475,0.100067036,,5201.139254,4319.157648547744
2006-12-26,8638,0.5,8.219178082,2.399002793,0.115855127,,5383.671413,4811.703709452388
2006-12-27,8639,4.25,8.219178082,2.416751397,0.110939958,,5378.778566,4769.417188922844
2006-12-28,8640,2.0,8.219178082,2.411572626,0.059853652,,5370.243758,4781.685120322014
2006-12-29,8641,33.75,8.219178082,5.386374302,0.248454643,,4207.197191,1825.9808024247557
2006-12-30,8642,38.0,8.219178082,23.43469274,0.392756761,,1529.737716,313.1421051279114
2006-12-31,8643,13.25,8.219178082,17.35996927,0.589653208,,1927.89299,448.83788611483175
2007-01-01,8644,15.0,8.219178082,13.52139385,0.460875373,,2345.444402,605.7175816029384
2007-01-02,8645,0.5,8.219178082,9.656798883,0.395399879,8.5,2824.660793,906.9421773682907
2007-01-03,8646,31.75,5.068493151,11.97216201,0.320048794,,2560.706171,700.8947582283063
2007-01-04,8647,2.25,5.068493151,11.08355028,0.389790665,,2596.540082,768.8096654148405
2007-01-05,8648,12.75,5.068493151,9.25647486,0.218115351,,2929.449828,954.1711372167276
2007-01-06,8649,8.75,5.068493151,8.103469274,0.172095439,,3144.653115,1119.161069695397
2007-01-07,8650,69.25,5.068493151,38.94697207,0.249068242,,906.1774064,170.19610283002692
2007-01-08,8651,19.25,5.068493151,25.35983799,0.12593982,,1371.722789,284.8368916093275
2007-01-09,8652,48.75,5.068493151,42.1800838,0.212576929,8.3,854.5777535,154.65701816959117
2007-01-10,8653,22.5,7.671232877,24.10936592,0.37157339,,1501.740685,302.65633224985436
2007-01-11,8654,47.5,7.671232877,44.09386592,0.585785713,,717.5507954,146.63330248621833
2007-01-12,8655,11.5,7.671232877,13.24737151,0.280080684,,2359.837966,620.7756868935599
2007-01-13,8656,24.25,7.671232877,16.89066201,0.336624643,,2008.446433,463.8397131945321
2007-01-14,8657,0.0,0.0,11.71714525,0.435533066,,2524.759046,719.2280976489039
2007-01-15,8658,2.5,7.671232877,7.619329609,0.524458463,,3225.48911,1204.94045392307
2007-01-16,8659,11.25,7.671232877,7.083402235,0.171430265,8.1,3373.859058,1315.0284281644804
2007-01-17,8660,33.0,12.05479452,12.54627654,0.802954443,,2489.872164,662.6081447552058
2007-01-18,8661,35.5,12.05479452,33.65140223,0.648886956,,977.4530613,202.83470898519437
2007-01-19,8662,27.75,12.05479452,14.30406704,0.398563872,,2317.067994,566.1855905913911
2007-01-20,8663,18.25,12.05479452,26.10771788,0.918640529,,1289.174758,275.07325716932326
2007-01-21,8664,14.5,12.05479452,13.68271508,0.554266881,,2345.065422,597.1622372280026
2007-01-22,8665,2.5,12.05479452,10.17125698,0.216452557,,2753.377614,852.2191377764832
2007-01-23,8666,1.0,12.05479452,7.147558659,0.03023263,8.7,3336.3218,1300.8920681313266
2007-01-24,8667,1.0,18.25003119,5.51926257,0.336266347,,3780.029642,1773.420086310505
2007-01-25,8668,0.75,2.325355834,4.402835196,0.521209704,,4190.032711,2325.0009135245173
2007-01-26,8669,4.25,2.849788452,4.086402235,0.157593265,,4348.659208,2542.332891102183
2007-01-27,8670,0.0,0.0,3.906955307,0.322555467,,4416.476412,2682.860351827438
2007-01-28,8671,1.25,3.154533311,3.478399441,0.307203423,,4642.132171,3083.52399013778
2007-01-29,8672,0.0,0.0,3.11027933,0.309419194,,4857.991138,3525.6541562860425
2007-01-30,8673,0.0,0.0,2.828765363,0.252443016,,5048.375643,3949.936837055883
2007-01-31,8674,1.25,8.554724884,2.631167598,0.304854757,8.4,5199.139579,4307.792785427572
2007-02-01,8675,0.25,16.10712975,2.450689944,0.635891418,,5339.99114,4690.428615847844
2007-02-02,8676,0.5,5.485617152,2.243312849,0.585562298,,5523.21818,5214.285910569967
2007-02-03,8677,0.25,2.123962034,2.041818436,1.144682172,,5724.820169,5836.278420020384
2007-02-04,8678,0.0,0.0,1.888265363,1.147066321,,5894.880404,6408.990492743256
2007-02-05,8679,0.0,0.0,1.761511173,0.739641296,,6045.948294,6964.969995447978
2007-02-06,8680,0.0,0.0,1.631312849,0.583708542,9.5,6217.377681,7635.581238575029
2007-02-07,8681,0.0,0.0,1.516248603,0.780082851,,6384.082911,8334.303955559082
2007-02-08,8682,0.0,0.0,1.530477654,0.055847496,,6364.120906,8241.636434088028
2007-02-09,8683,0.0,0.0,1.430044693,0.0,,6519.631049,8939.188536890537
2007-02-10,8684,5.75,5.479452055,1.664648045,0.0,,6252.893607,7452.897926886977
2007-02-11,8685,25.0,5.479452055,12.32653073,0.507159473,,2489.705346,676.7996772151314
2007-02-12,8686,27.0,5.479452055,23.33244972,0.231708127,,1571.629513,314.78941744799636
2007-02-13,8687,8.25,5.479452055,13.95522905,0.417679273,8.8,2260.752488,583.2030572773847
2007-02-14,8688,0.0,0.0,7.647687151,1.116746256,,3193.315984,1199.5864388675284
2007-02-15,8689,8.5,1.506849315,5.303513966,1.191102477,,3877.946315,1860.2217669658446
2007-02-16,8690,20.5,1.506849315,9.927150838,0.146318792,,2772.961732,877.4076673615602
2007-02-17,8691,0.25,1.506849315,8.502159218,0.688376235,,3004.830859,1056.5413214592872
2007-02-18,8692,0.5,1.506849315,5.560843575,0.793653581,,3760.970214,1757.539958265044
2007-02-19,8693,0.75,1.506849315,4.335837989,0.303993433,,4217.311917,2368.111813769786
2007-02-20,8694,6.0,1.506849315,3.789276536,0.892440815,,4481.759465,2782.98281855372
2007-02-21,8695,6.25,1.506849315,3.670315642,0.86654777,8.0,4546.328981,2891.387426450323
2007-02-22,8696,10.75,2.191780822,5.518608939,0.511269591,,3769.141157,1773.6718130142367
2007-02-23,8697,10.0,2.191780822,4.721053073,0.316064303,,4116.203539,2138.5009394029225
2007-02-24,8698,20.25,2.191780822,9.184726257,0.419262331,,2959.333979,963.1148830000061
2007-02-25,8699,12.5,2.191780822,12.36411453,0.369325399,,2486.224874,674.3331329369244
2007-02-26,8700,1.5,2.191780822,8.160083799,1.199431782,,3098.141714,1109.8588629320748
2007-02-27,8701,29.5,2.191780822,15.47376536,0.300543927,5.3,2112.401517,515.2435698596009
2007-02-28,8702,10.25,9.178082192,11.2664162,0.773140101,,2613.279683,753.869885739323
2007-03-01,8703,1.0,9.178082192,7.619907821,0.686844105,,3213.31323,1204.8308478164636
2007-03-02,8704,9.75,9.178082192,5.646821229,0.83574446,,3770.437399,1725.5183634182208
2007-03-03,8705,1.25,9.178082192,6.00222067,0.76809755,,3608.7997,1603.8007334030451
2007-03-04,8706,28.5,9.178082192,11.11540223,0.162641773,,2452.704771,766.1685521381612
2007-03-05,8707,25.75,9.178082192,13.56136592,0.746993813,,2390.471182,603.5768886056775
2007-03-06,8708,26.25,9.178082192,28.52864246,1.801452076,9.5,1200.06176,247.30245073131155
2007-03-07,8709,0.0,0.0,11.33321229,1.498525691,,2553.413492,748.5447907391531
2007-03-08,8710,12.5,6.98630137,8.021388268,1.330793954,,3179.351063,1132.9041199216158
2007-03-09,8711,0.0,0.0,7.107787709,1.014613203,,3307.000865,1309.6222414154697
2007-03-10,8712,0.25,6.98630137,5.163259777,1.468283082,,3900.343856,1920.938100515616
2007-03-11,8713,0.0,0.0,4.295865922,1.021224258,,4236.967326,2394.5371864276494
2007-03-12,8714,6.5,6.98630137,4.038913408,1.227138289,,4357.288474,2578.1882021098368
2007-03-13,8715,0.75,6.98630137,3.417134078,1.43735623,7.9,4673.218563,3149.8666520657
2007-03-14,8716,0.5,7.260273973,3.006804469,2.099008806,,4922.299926,3671.472190487176
2007-03-15,8717,9.0,7.260273973,3.037198324,0.511859533,,4914.349381,3627.5082302591863
2007-03-16,8718,0.5,7.260273973,2.80802514,0.960251379,,5050.94093,3984.904518023174
2007-03-17,8719,26.75,7.260273973,5.116148045,0.916820979,,3826.351393,1942.1547412849025
2007-03-18,8720,7.75,7.260273973,9.101790503,0.907708346,,2832.387447,973.6464157037184
2007-03-19,8721,9.25,7.260273973,5.281240223,0.797370274,,3861.322092,1869.627587000883
2007-03-20,8722,0.75,7.260273973,4.347527933,0.783764742,8.8,4214.110735,2360.484482607136
2007-03-21,8723,1.5,6.419994768,3.733365922,1.645304705,,4506.973182,2832.9868932330905
2007-03-22,8724,3.75,1.600919534,4.21496648,1.469743261,,4289.761485,2449.707079998837
2007-03-23,8725,0.0,0.0,3.574986034,1.553408478,,4584.745525,2983.994066889327
2007-03-24,8726,0.0,0.0,3.165863128,2.61211534,,4823.750007,3451.6378982388387
2007-03-25,8727,0.0,0.0,2.865569832,1.516571407,,5020.898962,3889.2523198076233
2007-03-26,8728,0.0,0.0,2.602256983,1.749148291,,5217.103854,4365.172187910088
2007-03-27,8729,0.25,2.879975503,2.395106145,2.411860534,7.9,5389.437501,4821.079758665577
2007-03-28,8730,0.0,0.0,2.199871508,2.2398715,,5566.340444,5337.823000588818
2007-03-29,8731,3.0,1.877663025,2.046268156,1.568451808,,5720.146769,5821.085695140567
2007-03-30,8732,1.75,3.288582886,1.918156425,0.220112805,,5861.447143,6289.599644490005
2007-03-31,8733,0.0,0.0,1.729583799,2.569913933,,6082.730944,7119.171259993618
2007-04-01,8734,0.0,0.0,1.575175978,3.019318792,,6294.670392,7962.46823603465
2007-04-02,8735,0.0,0.0,1.463882682,3.275148875,,6464.487873,8692.42074774559
2007-04-03,8736,0.0,0.0,1.383460894,1.281454078,7.4,6593.095562,9300.655173365561
2007-04-04,8737,0.0,0.0,1.295019553,3.450382843,,6748.951344,10065.915344992918
2007-04-05,8738,0.0,0.0,1.212486034,4.551102848,,6903.818219,10891.359243727344
2007-04-06,8739,0.0,0.0,1.149486034,3.817040806,,7032.688843,11609.533644858773
2007-04-07,8740,0.0,0.0,1.084977654,4.002640576,,7171.128759,12440.322021301945
2007-04-08,8741,0.0,0.0,1.031530726,4.169277697,,7296.398674,13215.52489704169
2007-04-09,8742,0.0,0.0,0.992463687,2.871049151,,7393.126465,13840.393859189708
2007-04-10,8743,0.0,0.0,0.954829609,2.503454222,6.8,7487.941462,14495.63207775919
2007-04-11,8744,0.0,0.0,0.925039106,3.869641401,,7570.630909,15055.9511120095
2007-04-12,8745,0.0,0.0,0.909326816,2.974840026,,7612.522024,15367.747748318166
2007-04-13,8746,0.0,0.0,0.883608939,2.874978816,,7685.688158,15904.429972043552
2007-04-14,8747,0.0,0.0,0.856256983,4.611350071,,7765.002981,16514.165063568733
2007-04-15,8748,0.0,0.0,0.830086592,4.571635103,,7844.371868,17138.98148586468
2007-04-16,8749,0.0,0.0,0.813796089,3.370407594,,7894.843838,17550.244724188153
2007-04-17,8750,0.0,0.0,0.788354749,3.534793921,7.0,7978.752849,18229.950921864827
2007-04-18,8751,0.0,0.0,0.77548324,4.383100861,,8019.644969,18592.523307461794
2007-04-19,8752,0.0,0.0,0.756251397,3.451497598,,8086.85438,19159.556643708005
2007-04-20,8753,0.0,0.0,0.741318436,4.095337388,,8139.66503,19622.16246227796
2007-04-21,8754,0.0,0.0,0.726159218,5.606991068,,8194.33217,20113.182375403878
2007-04-22,8755,0.75,0.273972603,0.716430168,2.368943375,,8230.825723,20440.3500388983
2007-04-23,8756,39.5,0.273972603,1.464511173,0.74128354,,6641.64263,8687.955746762245
2007-04-24,8757,12.0,0.273972603,3.837393855,0.855608853,8.5,4215.208178,2741.2286482081054
2007-04-25,8758,0.75,1.371465692,1.420340782,1.499909402,,6490.464418,9012.340538098691
2007-04-26,8759,0.0,0.0,1.098955307,4.160393158,,7127.656576,12251.210098178877
2007-04-27,8760,0.0,0.0,0.983539106,2.716603264,,7411.88428,13990.801658235181
2007-04-28,8761,0.0,0.0,0.918553073,5.234079451,,7584.273815,15183.2416635853
2007-04-29,8762,0.0,0.0,0.894494413,3.77397435,,7653.569394,15673.135637266765
2007-04-30,8763,0.0,0.0,0.857941341,4.494180554,,7756.797127,16475.382749039723
2007-05-01,8764,0.0,0.0,0.819326816,5.796026158,7.4,7875.502869,17408.605035535154
2007-05-02,8765,0.0,0.0,0.797932961,5.240807828,,7948.649485,17968.467805257682
2007-05-03,8766,0.0,0.0,0.784407821,4.833508932,,7991.924902,18339.742106630205
2007-05-04,8767,0.0,0.0,0.775784916,4.367842819,,8019.830033,18583.874298796385
2007-05-05,8768,0.0,0.0,0.760399441,5.482469216,,8074.769937,19034.591052702053
2007-05-06,8769,8.5,4.657534247,0.787625698,2.33501198,,7988.012414,18250.139897847585
2007-05-07,8770,6.0,4.657534247,0.841122905,1.657773307,,7811.642007,16870.285095936422
2007-05-08,8771,21.25,4.657534247,1.386854749,1.081578682,8.0,6550.195008,9273.41923784959
2007-05-09,8772,30.75,2.054794521,5.019511173,1.307787502,,3250.388863,1987.046407220636
2007-05-10,8773,1.75,2.054794521,3.711871508,2.423249009,,4294.117775,2852.6513528415926
2007-05-11,8774,16.25,2.054794521,3.347648045,1.570520914,,4634.447038,3228.3459255401144
2007-05-12,8775,4.25,2.054794521,4.195835196,2.012093334,,4261.096787,2463.0958128331395
2007-05-13,8776,22.0,2.054794521,6.916198324,0.632207528,,3251.525855,1353.2273621885176
2007-05-14,8777,3.5,2.054794521,7.614377095,3.369468446,,3134.738368,1205.8800039306834
2007-05-15,8778,11.0,2.054794521,7.342114525,3.093032764,7.5,3284.931767,1259.6797825422327
2007-05-16,8779,31.5,5.616438356,10.20215363,1.07550391,,2647.412637,849.1253694314292
2007-05-17,8780,7.75,5.616438356,17.0087933,1.977518888,,1908.034356,459.97778962133486
2007-05-18,8781,6.0,5.616438356,8.306547486,2.693029305,,3079.412866,1086.4394126785237
2007-05-19,8782,12.5,5.616438356,7.902201117,2.351737865,,3169.796928,1153.419271099482
2007-05-20,8783,0.0,0.0,5.191667598,3.940676223,,3880.784379,1908.3490491519005
2007-05-21,8784,0.0,0.0,4.051835196,5.02732201,,4340.781079,2568.3404576177227
2007-05-22,8785,0.0,0.0,3.385885475,2.433684484,7.4,4688.064374,3184.7218135151907
2007-05-23,8786,0.0,0.0,2.847620112,5.419126212,,5026.39373,3918.6332122066638
2007-05-24,8787,0.0,0.0,2.455592179,4.148637293,,5332.454406,4679.217248698153
2007-05-25,8788,2.0,2.248356241,2.214678771,4.359733639,,5543.927178,5295.1165306620105
2007-05-26,8789,0.0,0.0,1.893896648,3.067569807,,5884.204237,6386.181513170783
2007-05-27,8790,8.0,2.480043536,1.898773743,0.47414714,,5888.662944,6366.547336050866
2007-05-28,8791,0.25,2.606996623,1.68672067,3.949117694,,6130.292739,7336.292484619637
2007-05-29,8792,0.25,5.151799596,1.489399441,5.045065236,7.6,6421.657993,8514.464090700418
2007-05-30,8793,12.0,2.328767123,2.062684358,1.039674966,,5626.037005,5765.65801110297
2007-05-31,8794,5.0,2.328767123,1.850656425,2.7539215,,5917.183744,6565.236096983785
2007-06-01,8795,0.25,2.328767123,1.593955307,4.038292116,,6261.666033,7850.3001956393355
2007-06-02,8796,0.0,0.0,1.391405028,4.840787922,,6574.591719,9237.131771153117
2007-06-03,8797,0.0,0.0,1.309248603,2.028329415,,6724.061791,9935.121312396266
2007-06-04,8798,0.0,0.0,1.238153631,3.63666992,,6855.016052,10621.69440413839
2007-06-05,8799,0.0,0.0,1.170703911,5.957523343,6.8,6989.539133,11358.17553719518
2007-06-06,8800,0.0,0.0,1.108910615,6.206252142,,7114.336601,12119.707194261306
2007-06-07,8801,0.0,0.0,1.056343575,3.071470029,,7240.946843,12844.924160845996
2007-06-08,8802,0.0,0.0,1.016421788,5.819668038,,7330.884941,13450.93737515196
2007-06-09,8803,0.0,0.0,0.963905028,6.409938841,,7463.750582,14332.479257789215
2007-06-10,8804,6.25,1.0426273,0.96526257,3.689135303,,7504.343517,14308.363594023187
2007-06-11,8805,2.0,1.95171184,1.054382682,5.10914412,,7198.04212,12873.515318709415
2007-06-12,8806,0.5,11.71574232,0.938337989,2.576932287,7.3,7532.424039,14800.990464818677
2007-06-13,8807,2.25,0.547945205,0.912444134,2.244710619,,7604.203655,15304.949586389757
2007-06-14,8808,17.25,0.547945205,1.446410615,1.017863248,,6361.713065,8818.25490814196
2007-06-15,8809,20.75,0.547945205,3.710463687,2.466096774,,4481.010466,2853.948052279181
2007-06-16,8810,0.25,0.547945205,2.553913408,3.141084741,,5159.033309,4464.313478059103
2007-06-17,8811,3.0,0.547945205,1.705223464,3.134190611,,6106.347016,7241.096951412541
2007-06-18,8812,5.5,0.547945205,1.761460894,1.038263328,,6053.140151,6965.2080074887035
2007-06-19,8813,2.5,0.547945205,1.67397486,2.651182755,6.9,6157.598033,7403.214154864885
2007-06-20,8814,3.0,1.232876712,1.568891061,2.423240291,,6306.926249,8000.66672459859
2007-06-21,8815,4.75,1.232876712,1.620804469,1.571137724,,6244.264777,7694.8816680364325
2007-06-22,8816,9.25,1.232876712,2.187402235,2.555435308,,5530.144375,5374.279158750288
2007-06-23,8817,13.25,1.232876712,2.80196648,2.727369992,,5053.363833,3995.226673116221
2007-06-24,8818,2.25,1.232876712,3.516611732,3.208166135,,4543.132466,3043.4290742379053
2007-06-25,8819,37.0,1.232876712,15.15537151,0.793606859,,1968.676271,528.2548920112674
2007-06-26,8820,0.75,1.232876712,7.48048324,4.171446844,8.2,3204.191675,1231.7999801760689
2007-06-27,8821,5.0,2.465753425,4.940522346,2.207382992,,3974.947441,2025.1754028376267
2007-06-28,8822,26.0,2.465753425,4.441173184,2.948711306,,4306.550132,2300.9735839697996
2007-06-29,8823,11.5,2.465753425,14.53324022,3.359024465,,2167.420565,555.4936412751698
2007-06-30,8824,28.75,2.465753425,14.76271508,0.968038606,,2161.099687,545.1526870618161
2007-07-01,8825,16.5,2.465753425,15.01182402,1.65871307,,2185.845797,534.3197319490168
2007-07-02,8826,18.0,2.465753425,18.6375419,1.648205218,,1872.088857,412.18429766179804
2007-07-03,8827,25.25,2.465753425,14.51931285,2.027736741,6.9,2307.119137,556.1328309003998
2007-07-04,8828,30.25,5.479452055,26.10854749,0.623410013,,1426.378387,275.0627677311702
2007-07-05,8829,29.25,5.479452055,24.12673743,1.45117137,,1501.243482,302.39485096325154
2007-07-06,8830,4.25,5.479452055,17.20103631,1.228128628,,1933.899724,453.81757048109773
2007-07-07,8831,6.0,5.479452055,10.2030838,4.245643114,,2750.113058,849.0325481890982
2007-07-08,8832,2.0,5.479452055,6.612284916,2.977641265,,3460.03491,1428.115316957255
2007-07-09,8833,17.5,5.479452055,5.810882682,3.520121845,,3739.534347,1667.297277705251
2007-07-10,8834,4.75,5.479452055,8.405723464,2.550108067,6.9,3034.234579,1071.0898347706104
2007-07-11,8835,0.25,0.945205479,5.135807263,3.60761869,,3905.783727,1933.2492665111038
2007-07-12,8836,3.5,0.945205479,4.47599162,2.61107821,,4167.005715,2279.5435672450258
2007-07-13,8837,35.25,0.945205479,15.47286034,0.607402117,,1904.221748,515.2797202745357
2007-07-14,8838,1.5,0.945205479,11.22463408,2.739041355,,2552.384093,757.2362566925967
2007-07-15,8839,6.0,0.945205479,6.856441341,0.748192601,,3417.058481,1367.3765426227092
2007-07-16,8840,0.0,0.0,5.450807263,4.406322853,,3785.431934,1800.144243124508
2007-07-17,8841,14.5,0.945205479,5.328326816,2.64504123,6.62,3858.740384,1849.8454179906232
2007-07-18,8842,0.5,0.506849315,4.919455307,4.206465011,,3954.137946,2035.572183752754
2007-07-19,8843,5.5,0.506849315,3.908187151,4.523496678,,4421.071377,2681.8472805310003
2007-07-20,8844,60.75,0.506849315,25.41046927,0.282861044,,1308.387854,284.1559358478468
2007-07-21,8845,7.0,0.506849315,17.64055307,1.163993062,,1889.908328,440.287115511427
2007-07-22,8846,11.25,0.506849315,13.0726257,1.781655623,,2398.165066,630.7412648418026
2007-07-23,8847,2.75,0.506849315,10.0562933,1.467723274,,2764.620637,863.9144448390625
2007-07-24,8848,0.0,0.0,6.596949721,3.673865419,6.52,3462.676789,1432.0953714544628
2007-07-25,8849,18.0,1.904109589,9.94874581,2.953553062,,2746.68634,875.124539412223
2007-07-26,8850,37.25,1.904109589,22.69802514,1.458200282,,1518.02813,325.37658975740123
2007-07-27,8851,2.0,1.904109589,11.71151397,2.669540663,,2509.96417,719.642845261558
2007-07-28,8852,6.0,1.904109589,7.275821229,4.281798594,,3306.509337,1273.4505662952604
2007-07-29,8853,0.0,0.0,5.575927374,4.533155385,,3747.830873,1751.8436276689051
2007-07-30,8854,0.25,1.904109589,4.350117318,3.866439426,,4210.714564,2358.8010800566535
2007-07-31,8855,0.0,0.0,3.655156425,5.182219743,6.67,4542.119551,2905.759025824118
2007-08-01,8856,0.0,0.0,3.143337989,5.052562606,,4832.194895,3481.286249486243
2007-08-02,8857,0.0,0.0,2.7315,3.74026413,,5112.271501,4118.981432542723
2007-08-03,8858,1.5,5.702095445,2.433670391,2.75759946,,5356.745917,4729.737467492634
2007-08-04,8859,5.75,0.963111278,2.401868715,0.943236093,,5383.764044,4804.829097763763
2007-08-05,8860,1.75,0.772878193,2.036287709,5.32747458,,5723.628318,5855.263709183905
2007-08-06,8861,4.25,1.409898862,1.918784916,3.619969049,,5856.446724,6287.133151841235
2007-08-07,8862,2.75,1.310049403,1.768374302,3.084288699,6.79,6037.721673,6932.620581565625
2007-08-08,8863,0.25,2.369863014,1.586564246,5.429333886,,6278.617576,7894.098717058292
2007-08-09,8864,0.0,0.0,1.43773743,5.618525775,,6500.129172,8881.967620196023
2007-08-10,8865,0.5,2.369863014,1.357793296,1.91469407,,6640.947958,9511.486786341036
2007-08-11,8866,1.0,2.369863014,1.269326816,5.23757598,,6791.313641,10310.253326960159
2007-08-12,8867,8.5,2.369863014,1.313899441,3.075471202,,6718.047905,9893.04470953911
2007-08-13,8868,11.5,2.369863014,1.467452514,2.831213338,,6460.676418,8667.11532982035
2007-08-14,8869,17.75,2.369863014,2.846187151,1.045833028,6.53,4995.576973,3920.9962951884954
2007-08-15,8870,8.5,2.917808219,2.958310056,2.250369788,,4927.921972,3743.6757362324297
2007-08-16,8871,3.5,2.917808219,2.331829609,2.716079282,,5431.579645,4978.160688922996
2007-08-17,8872,4.75,2.917808219,1.970547486,2.364261907,,5809.522549,6089.913575384387
2007-08-18,8873,13.75,2.917808219,3.482723464,1.251745405,,4615.166241,3078.938423209216
2007-08-19,8874,1.75,2.917808219,3.968622905,0.721282827,,4364.52393,2632.9923706312
2007-08-20,8875,0.25,2.917808219,2.886812849,2.782504135,,4991.663203,3854.9989882140653
2007-08-21,8876,0.0,0.0,2.386382682,3.3413433,5.75,5390.833424,4842.191962851244
2007-08-22,8877,0.0,0.0,2.108312849,5.338005325,,5650.704402,5616.56869866898
2007-08-23,8878,0.0,0.0,1.89296648,5.915142632,,5886.434611,6389.938794782788
2007-08-24,8879,0.0,0.0,1.775162011,4.657067516,,6030.486636,6900.896737042674
2007-08-25,8880,0.0,0.0,1.670631285,5.089864223,,6165.266724,7420.955272710805
2007-08-26,8881,0.0,0.0,1.568664804,4.095676611,,6305.335483,8002.048138786034
2007-08-27,8882,0.0,0.0,1.468256983,2.676502137,,6457.412292,8661.431354945495
2007-08-28,8883,0.0,0.0,1.376321229,3.088652048,6.75,6605.14411,9358.433204115208
2007-08-29,8884,0.0,0.0,1.306784916,2.72163656,,6728.35177,9957.5438104235
2007-08-30,8885,0.75,3.095890411,1.252407821,1.883499288,,6829.549881,10477.173036042544
2007-08-31,8886,2.75,3.095890411,1.232723464,1.048769004,,6870.483554,10677.716057982281
2007-09-01,8887,0.25,3.095890411,1.207684358,1.124362853,,6922.747354,10943.20458102896
2007-09-02,8888,25.25,3.095890411,2.394804469,1.00990815,,5164.954985,4821.807044156114
2007-09-03,8889,0.0,0.0,1.668670391,3.500224485,,6074.849744,7431.396165270176
2007-09-04,8890,0.25,3.095890411,1.280639665,4.568581439,6.49,6773.502136,10201.341612029937
2007-09-05,8891,0.0,0.0,1.255877095,2.292660344,,6825.705853,10442.543245525838
2007-09-06,8892,0.0,0.0,1.18272067,3.179091036,,6949.755878,11220.205162523898
2007-09-07,8893,0.0,0.0,1.092041899,3.097942802,,7156.446654,12344.081384831272
2007-09-08,8894,0.25,2.168403381,1.029293296,3.01655137,,7300.260958,13249.907863970806
2007-09-09,8895,0.0,0.0,0.980522346,1.375302288,,7422.48198,14042.323833532784
2007-09-10,8896,0.25,4.354979208,0.944698324,3.08624493,,7514.787928,14681.83597753316
2007-09-11,8897,0.25,5.402136204,0.901256983,3.778283034,6.19,7632.777933,15532.530775556723
2007-09-12,8898,0.0,0.0,0.874860335,1.481626482,,7711.110361,16094.904715621047
2007-09-13,8899,0.0,0.0,0.846251397,2.535897151,,7793.062708,16748.039933919714
2007-09-14,8900,6.0,3.945205479,0.91352514,2.023512717,,7598.063698,15283.282640178633
2007-09-15,8901,0.25,3.945205479,0.825888268,2.755503986,,7854.730076,17243.2676528272
2007-09-16,8902,14.25,3.945205479,1.09048324,1.204764305,,7076.386504,12365.198284125829
2007-09-17,8903,2.25,3.945205479,1.027407821,2.628424349,,7272.52333,13279.009953346158
2007-09-18,8904,1.25,3.945205479,0.838307263,2.497676288,6.9,7812.532706,16938.098541663814
2007-09-19,8905,87.25,4.219178082,20.5337514,0.590445095,,1389.847121,366.94847040045727
2007-09-20,8906,14.0,4.219178082,18.21901676,1.528483242,,1741.391784,423.5698907296987
2007-09-21,8907,21.5,4.219178082,14.76497765,0.599458436,,2214.078601,545.0524858211226
2007-09-22,8908,1.5,4.219178082,8.351874302,0.922244121,,3047.953663,1079.3744200285798
2007-09-23,8909,8.75,4.219178082,6.443572626,0.797885583,,3528.523779,1473.0496226865007
2007-09-24,8910,51.75,4.219178082,28.9998352,1.067010098,,1250.542538,242.48770787933762
2007-09-25,8911,23.25,4.219178082,24.32219832,1.783649443,6.15,1493.165822,299.4810064196055
2007-09-26,8912,4.5,7.729849267,10.21135475,1.145025625,,2732.776187,848.2080111898999
2007-09-27,8913,0.0,0.0,6.20248324,1.467970622,,3564.644568,1541.9383258696043
2007-09-28,8914,0.25,2.880141938,4.667128492,0.896693123,,4079.173709,2168.1416474649827
2007-09-29,8915,0.5,0.87902094,3.765418994,0.695983836,,4482.464624,2804.120470618727
2007-09-30,8916,0.5,5.178379303,3.133382682,1.681022826,,4835.744603,3494.539032164088
2007-10-01,8917,2.25,18.47742504,2.784393855,0.214520462,,5079.495016,4025.4444276679524
2007-10-02,8918,0.5,6.672460292,2.448603352,0.500554937,6.98,5340.049156,4695.215594290606
2007-10-03,8919,9.0,2.205479452,2.474547486,0.569005137,,5326.258582,4636.325419329819
2007-10-04,8920,0.0,0.0,2.299047486,2.191756321,,5447.510269,5063.281965102948
2007-10-05,8921,0.25,2.205479452,1.939374302,2.69890154,,5832.627851,6207.300917461556
2007-10-06,8922,0.0,0.0,1.765558659,1.704888751,,6041.424522,6945.858727532445
2007-10-07,8923,0.0,0.0,1.671385475,0.417828546,,6165.049365,7416.946707743742
2007-10-08,8924,2.75,2.205479452,1.567659218,1.751159161,,6314.574287,8008.193051200347
2007-10-09,8925,29.5,2.205479452,6.409231844,0.505678686,6.64,3357.97525,1482.5146314134965
2007-10-10,8926,0.0,0.0,3.452405028,0.702120355,,4618.56801,3111.3567848390967
2007-10-11,8927,0.25,3.671232877,2.692030726,0.944788694,,5142.530672,4191.413056417045
2007-10-12,8928,0.5,3.671232877,2.42250838,0.862575664,,5364.975918,4755.8471387548425
2007-10-13,8929,3.0,3.671232877,2.295678771,0.444646209,,5480.985864,5072.1804580531625
2007-10-14,8930,1.75,3.671232877,2.139712291,0.51586494,,5625.486232,5518.021701652096
2007-10-15,8931,14.5,3.671232877,3.38249162,1.004493691,,4499.836298,3188.5499755372516
2007-10-16,8932,8.5,3.671232877,4.424430168,0.226407876,6.96,4159.612444,2311.4105646100716
2007-10-17,8933,0.25,7.987082167,3.713907821,1.091818059,,4481.292842,2850.7776799445573
2007-10-18,8934,0.0,0.0,2.915949721,1.539105777,,4980.034322,3808.9080052219615
2007-10-19,8935,0.25,3.132916032,2.576715084,1.518210709,,5235.800906,4417.043483869396
2007-10-20,8936,0.0,0.0,2.358351955,1.475938976,,5421.628102,4911.1931268925355
2007-10-21,8937,0.25,2.586337989,2.158717877,1.734408221,,5604.330303,5459.90075893697
2007-10-22,8938,0.0,0.0,1.968787709,0.796651363,,5802.887619,6096.431607767252
2007-10-23,8939,0.0,0.0,1.816768156,1.304752983,7.04,5977.799631,6712.120241459001
2007-10-24,8940,0.0,0.0,1.699918994,1.201031736,,6127.296847,7268.155417316182
2007-10-25,8941,0.0,0.0,1.603357542,0.212058726,,6257.414725,7795.22417072839
2007-10-26,8942,4.0,2.97260274,1.507223464,0.450094217,,6404.424864,8394.077161392206
2007-10-27,8943,12.75,2.97260274,1.920293296,0.193668661,,5894.493787,6281.2207968085795
2007-10-28,8944,41.5,2.97260274,14.99681564,0.85484272,,1888.543675,534.9612043101864
2007-10-29,8945,1.25,2.97260274,6.250927374,0.707239464,,3518.434508,1527.6268215474258
2007-10-30,8946,3.0,2.97260274,4.347301676,1.183109717,7.04,4204.226779,2360.631680739827
2007-10-31,8947,0.5,1.427967949,3.394231844,0.540118028,,4679.913358,3175.3431349208563
2007-11-01,8948,0.25,9.544953388,2.871402235,0.495025784,,5013.555289,3879.792407378285
2007-11-02,8949,0.0,0.0,2.515399441,0.410329102,,5284.086152,4546.296952209602
2007-11-03,8950,0.25,1.219423315,2.287986034,0.510439806,,5483.6915,5092.608822459273
2007-11-04,8951,0.0,0.0,2.068918994,1.276160098,,5693.17734,5744.86036736274
2007-11-05,8952,5.75,5.254854933,2.039530726,0.309972962,,5730.718661,5844.1177134080635
2007-11-06,8953,0.25,8.199240625,1.832606145,0.99607494,6.61,5955.390618,6642.73005882864
2007-11-07,8954,0.75,16.43835616,1.711256983,0.653736668,,6116.903627,7210.543409290118
2007-11-08,8955,12.75,16.43835616,2.441513966,0.602649182,,5271.01452,4711.546939557593
2007-11-09,8956,3.25,16.43835616,2.007879888,0.710362715,,5743.080192,5954.591049881144
2007-11-10,8957,6.75,16.43835616,2.170005587,0.292546507,,5615.464098,5425.910736519084
2007-11-11,8958,10.25,16.43835616,3.504569832,0.907396631,,4608.606766,3055.96061400806
2007-11-12,8959,1.75,16.43835616,2.465170391,0.853486769,,5316.893848,4657.453243125843
2007-11-13,8960,7.75,16.43835616,2.926181564,0.442657873,7.82,4994.099576,3792.9615331066943
2007-11-14,8961,1.0,7.0,2.534203911,0.12767259,,5267.097083,4505.92652994678
2007-11-15,8962,0.5,7.0,2.306740223,0.799429863,,5466.846792,5043.068517958653
2007-11-16,8963,1.5,7.0,2.165555866,0.455046606,,5607.294985,5439.26345663053
2007-11-17,8964,6.75,7.0,2.158164804,0.39256755,,5630.630631,5461.576232530538
2007-11-18,8965,1.75,7.0,2.625058659,0.086883868,,5194.964412,4319.801653124667
2007-11-19,8966,9.75,7.0,2.934,0.105232837,,4980.884703,3780.858708490629
2007-11-20,8967,4.5,7.0,3.092002793,0.126742613,7.1,4860.615785,3550.6306971963604
2007-11-21,8968,3.5,5.287671233,3.194421788,0.235321756,,4807.051504,3414.7077898820335
2007-11-22,8969,2.75,5.287671233,2.946243017,0.209910631,,4968.762123,3762.048394747286
2007-11-23,8970,0.25,5.287671233,2.622921788,0.379732878,,5197.65019,4324.016791125531
2007-11-24,8971,15.75,5.287671233,4.999173184,0.277553842,,3809.071068,1996.7373189897996
2007-11-25,8972,2.5,5.287671233,3.882117318,0.399379109,,4413.839619,2703.437930633757
2007-11-26,8973,3.25,5.287671233,3.457935754,0.249348858,,4657.142471,3105.396411036514
2007-11-27,8974,4.75,5.287671233,3.499667598,0.281440794,7.43,4637.206155,3061.0893183179473
2007-11-28,8975,17.0,9.342465753,5.135581006,0.143835964,,3899.674717,1933.351333128352
2007-11-29,8976,6.25,9.342465753,6.625106145,0.440237276,,3444.070466,1424.8032673253772
2007-11-30,8977,44.75,9.342465753,18.38956425,0.331181043,,1931.251752,418.8615104952013
2007-12-01,8978,17.25,9.342465753,23.75798883,0.51466702,,1525.399624,308.0357219957942
2007-12-02,8979,37.0,9.342465753,28.24639944,0.525135142,,1287.865338,250.27116232692774
2007-12-03,8980,15.0,9.342465753,16.63021508,0.223758485,,2043.338006,472.56754688585306
2007-12-04,8981,17.0,9.342465753,12.40076816,0.215066386,8.01,2486.930793,671.9434580818538
2007-12-05,8982,26.5,7.164383562,29.26918156,0.391299485,,1195.897738,239.81195741092358
2007-12-06,8983,97.0,7.164383562,60.0183352,0.13192098,,346.5995476,101.25956232586773
2007-12-07,8984,15.75,7.164383562,27.558,0.284027335,,1262.356436,257.79294274075994
2007-12-08,8985,28.25,7.164383562,21.88382682,0.288809602,,1634.251753,339.95607434591153
2007-12-09,8986,21.75,7.164383562,20.75369832,0.270783236,,1732.564331,362.2873673219628
2007-12-10,8987,0.25,7.164383562,11.23406145,0.165010738,,2586.218605,756.4742921276213
2007-12-11,8988,0.0,0.0,7.069650838,0.258359474,7.79,3347.920657,1318.095148359955
2007-12-12,8989,0.0,0.0,5.241670391,0.0,,3869.126454,1886.5540008418034
2007-12-13,8990,0.25,4.544212408,4.147114525,0.003350086,,4300.342391,2497.805656894547
2007-12-14,8991,0.5,4.378916114,3.542681564,0.298893104,,4603.553495,3016.6196309337365
2007-12-15,8992,0.0,0.0,3.081469274,0.116789311,,4873.294778,3565.1736010747336
2007-12-16,8993,0.0,0.0,2.679988827,0.000997192,,5153.301595,4213.978516975785
2007-12-17,8994,0.0,0.0,2.410944134,0.147062806,,5374.669181,4783.1778869135205
2007-12-18,8995,0.0,0.0,2.185717877,0.102130491,7.35,5577.232919,5379.23871240843
2007-12-19,8996,0.0,0.0,1.985782123,0.214337053,,5783.740392,6034.01610606052
2007-12-20,8997,0.0,0.0,1.787455307,0.273644569,,6011.72195,6844.114473181206
2007-12-21,8998,0.0,0.0,1.645114525,0.086129877,,6197.780133,7558.959095332297
2007-12-22,8999,4.5,6.178082192,1.685011173,0.0,,6150.361187,7345.203626298017
2007-12-23,9000,0.25,6.178082192,1.519592179,0.472538796,,6375.873597,8312.3574123602
2007-12-24,9001,33.25,6.178082192,6.924041899,0.138090781,,3052.668998,1351.3900885641601
2007-12-25,9002,9.0,6.178082192,6.519670391,0.147245628,,3413.483523,1452.465586816627
2007-12-26,9003,0.5,6.178082192,5.040703911,0.246109828,,3895.27055,1977.0395884814948
2007-12-27,9004,16.0,6.178082192,6.147527933,0.450644902,,3549.862397,1558.4736876124348
2007-12-28,9005,57.75,6.178082192,34.63152235,0.175803546,,1000.406503,195.96362031729632
2007-12-29,9006,3.75,6.178082192,17.43548883,0.548428958,,1851.8639,446.5066676838363
2007-12-30,9007,0.75,6.178082192,7.619203911,0.086978474,,3205.941311,1204.9642837072204
2007-12-31,9008,0.75,6.178082192,5.178368715,0.205241366,,3885.880063,1914.2236150979425
2008-01-01,9009,0.0,0.0,4.007413408,0.086415284,,4362.693781,2602.486999039184
2008-01-02,9010,0.0,0.0,3.376256983,0.17361465,7.49,4692.872074,3195.604484802187
2008-01-03,9011,0.0,0.0,2.865041899,0.14445344,,5018.050532,3890.110693108386
2008-01-04,9012,13.25,21.23287671,3.504067039,0.147201004,,4594.956833,3056.4859092516726
2008-01-05,9013,3.0,21.23287671,3.992631285,0.589560721,,4348.346867,2614.035070841822
2008-01-06,9014,5.25,21.23287671,3.207243017,0.511836898,,4811.952044,3398.3630941111123
2008-01-07,9015,9.5,21.23287671,4.390969274,0.652433265,,4195.123318,2332.5310263407628
2008-01-08,9016,25.75,21.23287671,13.08250559,0.303979319,14.4,2315.162393,630.1700165549628
2008-01-09,9017,25.0,5.726027397,12.27710615,0.449725792,,2542.620373,680.0685837816759
2008-01-10,9018,29.75,5.726027397,32.15961453,0.121234682,,1134.476723,214.18040708746884
2008-01-11,9019,0.5,5.726027397,10.51763128,0.0,,2668.773393,818.6767426096067
2008-01-12,9020,10.0,5.726027397,6.71852514,0.238667723,,3466.526983,1401.0896871688628
2008-01-13,9021,16.75,5.726027397,9.718064246,0.210608222,,2881.964748,900.090919561798
2008-01-14,9022,31.0,5.726027397,16.94343017,0.187056779,,2047.970471,462.1073111243527
2008-01-15,9023,30.75,5.726027397,31.94886872,0.407078333,9.23,1100.192543,215.87733438120915
2008-01-16,9024,2.0,4.273972603,11.76785196,0.599744183,,2504.090676,715.5131601238469
2008-01-17,9025,11.5,4.273972603,8.817938547,0.328131334,,3016.858676,1011.3428943666863
2008-01-18,9026,92.25,4.273972603,48.81398883,0.105101932,,452.7155903,129.77827786339674
2008-01-19,9027,74.5,4.273972603,54.44891899,0.435676748,,587.6718382,113.82275400158309
2008-01-20,9028,82.0,4.273972603,73.80168436,0.173693754,,194.658586,78.99487204861587
2008-01-21,9029,29.75,4.273972603,41.04804469,0.129550319,,817.8094739,159.79183052045855
2008-01-22,9030,13.0,4.273972603,14.73843017,0.075401959,7.05,2210.862888,546.2303098394286
2008-01-23,9031,18.25,10.04109589,13.87043296,0.091491519,,2326.140011,587.4820256530528
2008-01-24,9032,2.75,10.04109589,13.01829888,0.951855655,,2367.750001,633.8994378918497
2008-01-25,9033,0.0,0.0,8.156715084,0.846258716,,3110.715158,1110.408399001544
2008-01-26,9034,1.0,10.04109589,5.82448324,0.705919262,,3679.948384,1662.6323844228364
2008-01-27,9035,0.0,0.0,4.479058659,0.406541647,,4156.692441,2277.673405737815
2008-01-28,9036,0.5,10.04109589,3.770547486,0.352652754,,4485.116861,2799.551857265121
2008-01-29,9037,14.0,10.04109589,4.211924581,0.027079121,7.43,4277.291942,2451.8269728332452
2008-01-30,9038,3.75,22.05479452,3.848631285,0.638841526,,4431.04356,2731.642394194757
2008-01-31,9039,17.25,22.05479452,7.937874302,0.702192606,,3061.725835,1147.2079971262153
2008-02-01,9040,3.0,22.05479452,4.936273743,0.34914071,,3971.776799,2027.2642799570722
2008-02-02,9041,5.5,22.05479452,4.097664804,0.284902396,,4348.6244,2533.963223468049
2008-02-03,9042,7.5,22.05479452,4.648600559,0.235303163,,4110.544839,2178.5003954012627
2008-02-04,9043,17.25,22.05479452,5.329458101,0.261403833,,3882.337629,1849.3748621454056
2008-02-05,9044,15.25,22.05479452,9.576326816,0.476185722,8.26,2924.914222,916.0878067959666
2008-02-06,9045,1.0,13.31506849,9.112298883,0.936443859,,2873.320598,972.3003579997755
2008-02-07,9046,1.5,13.31506849,5.807162011,0.389692837,,3688.122579,1668.5776240166922
2008-02-08,9047,0.0,0.0,4.541027933,0.31396334,,4132.160138,2240.4809596493246
2008-02-09,9048,0.0,0.0,3.767002793,2.501282643,,4483.680921,2802.7081168142277
2008-02-10,9049,1.75,13.31506849,3.320748603,1.404115078,,4729.336181,3259.6966706613225
2008-02-11,9050,0.0,0.0,2.939379888,1.620191006,,4968.627359,3772.571786541077
2008-02-12,9051,0.25,13.31506849,2.602659218,2.007560592,7.37,5214.964971,4364.364257111972
2008-02-13,9052,0.0,0.0,2.352921788,1.580164034,,5423.252192,4924.769059366545
2008-02-14,9053,0.25,3.820437501,2.159899441,0.165498296,,5608.538649,5456.324498231392
2008-02-15,9054,0.0,0.0,1.986837989,0.446340677,,5778.029493,6030.176897830484
2008-02-16,9055,0.0,0.0,1.811840782,0.812324023,,5984.315625,6733.980129595744
2008-02-17,9056,0.0,0.0,1.654541899,1.526258314,,6184.964353,7507.427933165363
2008-02-18,9057,0.0,0.0,1.548175978,1.819576353,,6337.444515,8128.982429598709
2008-02-19,9058,0.25,13.72402877,1.455134078,1.408978381,7.67,6477.210038,8755.013598911732
2008-02-20,9059,0.75,4.520547945,1.395276536,0.626324857,,6579.66909,9206.461916476002
2008-02-21,9060,14.25,4.520547945,2.099061453,0.084849213,,5631.754795,5646.222189771661
2008-02-22,9061,9.0,4.520547945,2.980030726,0.05902112,,4923.043607,3711.0165632229546
2008-02-23,9062,7.0,4.520547945,2.445159218,0.235651122,,5352.827746,4703.136624842005
2008-02-24,9063,4.75,4.520547945,2.52374581,0.350878515,,5281.610409,4528.2969735056495
2008-02-25,9064,30.5,4.520547945,5.395248603,0.540021938,,3734.655472,1822.3820795700112
2008-02-26,9065,6.5,4.520547945,15.0675838,1.132903911,8.74,1851.048096,531.9488076138216
2008-02-27,9066,0.0,0.0,4.905930168,1.043422899,,3957.163635,2042.2986929330114
2008-02-28,9067,0.25,14.38356164,3.520181564,0.947534291,,4607.849802,3039.732183705891
2008-02-29,9068,41.25,14.38356164,15.30857263,0.096647273,,1681.201081,521.9199840373388
2008-03-01,9069,22.75,14.38356164,12.6451257,1.43579322,,2472.95502,656.4009121251411
2008-03-02,9070,2.75,14.38356164,12.05341341,1.443305599,,2387.188371,695.2324504381661
2008-03-03,9071,3.25,14.38356164,6.478768156,0.787487491,,3485.116003,1463.4633746353293
2008-03-04,9072,4.0,14.38356164,4.673111732,1.544027869,7.97,4079.917055,2164.81576183402
2008-03-05,9073,1.25,8.0,3.835734637,0.523763487,,4450.204523,2742.6492971002276
2008-03-06,9074,0.5,8.0,3.34274581,1.040174341,,4716.116737,3234.0180854103214
2008-03-07,9075,11.75,8.0,4.916891061,1.105242459,,3968.787724,2036.8443467075385
2008-03-08,9076,29.0,8.0,9.772743017,0.31760068,,2740.839664,894.0559206875103
2008-03-09,9077,10.25,8.0,10.15441341,1.078069404,,2754.577193,853.9144487095261
2008-03-10,9078,34.25,8.0,18.36759218,0.541051204,,1911.285391,419.46270992789255
2008-03-11,9079,8.5,8.0,12.74902793,0.98373502,8.24,2402.874301,649.9903365549467
2008-03-12,9080,1.75,8.534246575,7.484203911,1.17861708,,3237.427472,1231.0659356978506
2008-03-13,9081,2.75,8.534246575,5.16602514,0.992708622,,3893.759015,1919.705933268634
2008-03-14,9082,0.25,8.534246575,4.060181564,1.209330674,,4334.57585,2562.01625405288
2008-03-15,9083,36.5,8.534246575,10.44289106,0.152027486,,2412.067274,825.7076906700609
2008-03-16,9084,5.0,8.534246575,13.65159218,0.788545874,,2165.653302,598.7954774287346
2008-03-17,9085,0.0,0.0,6.565650838,2.180179652,,3458.182005,1440.282023513624
2008-03-18,9086,0.0,0.0,4.575142458,0.806419562,8.41,4112.940233,2220.4782263132383
2008-03-19,9087,0.25,8.452054795,3.690125698,1.96033205,,4522.726859,2872.80204669823
2008-03-20,9088,30.25,8.452054795,7.555273743,0.355032311,,3032.308604,1217.1971280887676
2008-03-21,9089,11.25,8.452054795,10.01559218,1.190973855,,2746.627746,868.1257636220525
2008-03-22,9090,2.25,8.452054795,6.244240223,1.030723886,,3542.075319,1529.5878448956933
2008-03-23,9091,11.0,8.452054795,5.842634078,1.213896351,,3694.872156,1656.443942474058
2008-03-24,9092,3.75,8.452054795,4.736916201,1.252120012,,4059.266647,2129.9225123220285
2008-03-25,9093,3.75,8.452054795,4.090776536,1.268652924,8.86,4338.955549,2539.0761586637373
2008-03-26,9094,4.25,7.520547945,4.209812849,1.133745678,,4287.931591,2453.3006136787026
2008-03-27,9095,3.25,7.520547945,3.946600559,2.077114087,,4400.161031,2650.6044110237417
2008-03-28,9096,29.0,7.520547945,11.16465084,0.814272226,,2513.878739,762.117527163851
2008-03-29,9097,30.0,7.520547945,16.47532961,0.533064653,,2016.160549,477.90192182556916
2008-03-30,9098,3.25,7.520547945,15.88990223,1.397168051,,1927.127688,499.100020384559
2008-03-31,9099,1.0,7.520547945,7.910446927,2.049837342,,3146.169852,1151.978072206885
2008-04-01,9100,10.5,7.520547945,7.929628492,1.450556275,8.47,3152.567409,1148.6382680287022
2008-04-02,9101,6.0,10.01369863,5.95877933,0.519855201,,3660.766215,1617.8240469609598
2008-04-03,9102,0.0,0.0,4.699810056,3.214584043,,4066.037501,2150.0883801149557
2008-04-04,9103,3.0,10.01369863,3.948310056,1.404859051,,4404.39271,2649.2295383536807
2008-04-05,9104,0.5,10.01369863,3.529608939,2.045492171,,4603.273489,3030.008750715016
2008-04-06,9105,5.0,10.01369863,3.228611732,1.825294714,,4786.601081,3371.438636642856
2008-04-07,9106,3.0,10.01369863,2.934201117,1.586857331,,4978.132841,3780.5483168712763
2008-04-08,9107,2.5,10.01369863,2.73524581,2.321390349,7.71,5116.114439,4112.226571935873
2008-04-09,9108,3.5,5.698630137,2.488173184,1.927089874,,5312.593328,4605.936515651983
2008-04-10,9109,5.0,5.698630137,2.448628492,1.274569995,,5347.465715,4695.157865746245
2008-04-11,9110,17.0,5.698630137,3.778969274,1.107285421,,4512.123905,2792.0790248253966
2008-04-12,9111,9.75,5.698630137,6.722798883,1.90971637,,3434.362398,1400.0221500046223
2008-04-13,9112,9.0,5.698630137,5.827952514,1.384249238,,3700.934893,1661.4462776102564
2008-04-14,9113,3.25,5.698630137,4.43174581,2.886662156,,4175.854097,2306.839604390234
2008-04-15,9114,0.5,5.698630137,3.701438547,2.19431597,8.05,4520.173776,2862.286567618689
2008-04-16,9115,0.25,8.354115253,3.280675978,2.708850888,,4752.842127,3307.448923945679
2008-04-17,9116,0.5,5.94918643,2.911148045,1.923343666,,4988.191452,3816.4339437893814
2008-04-18,9117,0.0,0.0,2.616083799,1.271792559,,5205.57661,4337.556072074351
2008-04-19,9118,3.25,2.491429285,2.434877095,0.598225236,,5360.37926,4726.9305456082475
2008-04-20,9119,1.75,2.232378825,2.36999162,0.268813019,,5413.103321,4882.322967703637
2008-04-21,9120,0.0,0.0,2.171413408,0.849677593,,5589.89634,5421.698662651742
2008-04-22,9121,0.5,1.590750478,1.938318436,3.407200158,7.89,5834.301165,6211.349584089214
2008-04-23,9122,2.75,2.150684932,1.883212291,3.236209988,,5900.447558,6429.5850310626965
2008-04-24,9123,10.5,2.150684932,2.309656425,2.359263871,,5444.572289,5035.444550113447
2008-04-25,9124,16.75,2.150684932,3.161689944,0.991704746,,4700.952013,3457.0957669761156
2008-04-26,9125,0.0,0.0,2.882438547,3.350057225,,4940.159961,3862.007003749688
2008-04-27,9126,10.0,2.150684932,2.793318436,1.189665897,,5084.660416,4010.0455971865417
2008-04-28,9127,22.75,2.150684932,9.595332402,1.817343471,,2719.776997,913.9126174819448
2008-04-29,9128,17.75,2.150684932,5.678094972,1.593482809,7.64,3779.074445,1714.1347911832768
2008-04-30,9129,7.75,2.575342466,9.05696648,1.426257402,,2906.623585,979.4266584066922
2008-05-01,9130,1.25,2.575342466,5.204689944,2.707421514,,3867.685064,1902.6285943120276
2008-05-02,9131,1.5,2.575342466,3.997131285,2.910408881,,4369.240131,2610.5096512452087
2008-05-03,9132,0.0,0.0,3.359639665,3.986164081,,4702.624143,3214.547571225021
2008-05-04,9133,0.0,0.0,2.922335196,2.442973274,,4980.178964,3798.941764710269
2008-05-05,9134,0.0,0.0,2.578449721,4.650048991,,5233.831806,4413.484992922039
2008-05-06,9135,0.0,0.0,2.338441341,5.718457119,7.35,5436.24602,4961.310260110092
2008-05-07,9136,0.0,0.0,2.125759777,5.262024218,,5636.870199,5561.416910333564
2008-05-08,9137,0.75,1.581191834,1.936081006,6.158868661,,5838.391475,6219.9449282875075
2008-05-09,9138,5.75,2.254772966,1.886505587,1.288853421,,5916.528491,6416.1489690985945
2008-05-10,9139,0.25,1.793093578,1.84572905,3.153638265,,5924.249593,6586.225293504403
2008-05-11,9140,0.0,0.0,1.617812849,6.108886992,,6232.472796,7711.918593892582
2008-05-12,9141,0.0,0.0,1.496463687,5.81742136,,6413.033239,8466.374058472444
2008-05-13,9142,0.0,0.0,1.405081006,5.770189313,6.99,6558.562935,9129.621126860766
2008-05-14,9143,0.0,0.0,1.33272905,5.408187827,,6681.817579,9725.983350665834
2008-05-15,9144,2.0,6.286750252,1.309550279,1.252573248,,6728.193963,9932.38206554279
2008-05-16,9145,7.0,1.278771738,1.363826816,0.53513312,,6637.500195,9461.144286799186
2008-05-17,9146,5.75,5.435578982,1.429039106,0.733908444,,6527.241066,8946.718402005174
2008-05-18,9147,0.0,0.0,1.290192737,3.884790696,,6746.334586,10111.003596532619
2008-05-19,9148,0.25,1.763194826,1.163036313,4.749049572,,7002.860855,11447.848200194761
2008-05-20,9149,0.0,0.0,1.095486034,3.391784095,7.04,7149.146932,12297.65372225174
2008-05-21,9150,0.0,0.0,1.053377095,4.231034918,,7245.688071,12888.222801104195
2008-05-22,9151,2.25,1.315068493,1.042189944,2.011856293,,7277.347836,13053.946582985416
2008-05-23,9152,1.0,1.315068493,1.017527933,3.721273287,,7329.545976,13433.442026452994
2008-05-24,9153,0.25,1.315068493,0.970215084,4.928009804,,7447.634182,14221.014008036855
2008-05-25,9154,6.5,1.315068493,1.002695531,0.925623517,,7373.841903,13671.567788973494
2008-05-26,9155,2.5,1.315068493,0.958952514,2.363596881,,7475.708414,14421.092545658183
2008-05-27,9156,5.0,1.315068493,1.016648045,0.817925539,6.8,7339.916253,13447.355379677454
2008-05-28,9157,11.25,10.01021868,1.296201117,0.951057951,,6717.095248,10054.9342843424
2008-05-29,9158,0.0,0.0,1.147726257,4.1941947,,7004.307088,11630.839440891967
2008-05-30,9159,0.0,0.0,0.974488827,2.548117737,,7434.427377,14146.419316488875
2008-05-31,9160,0.25,26.06411859,0.895600559,5.201265178,,7643.291802,15649.977573220265
2008-06-01,9161,0.0,0.0,0.852938547,2.037963617,,7774.131839,16591.064119042436
2008-06-02,9162,2.75,3.282564849,0.841122905,2.292056343,,7817.031059,16870.285095936422
2008-06-03,9163,0.0,0.0,0.827748603,2.980082035,7.15,7844.636675,17196.91373758274
2008-06-04,9164,0.0,0.0,0.781969274,4.784441082,,7997.341616,18408.183115804146
2008-06-05,9165,8.25,3.493150685,0.821765363,2.267793919,,7884.615807,17346.819373358976
2008-06-06,9166,0.0,0.0,0.797455307,5.024194708,,7935.943948,17981.34436140177
2008-06-07,9167,0.25,3.493150685,0.739106145,4.591133792,,8142.786541,19692.44325819818
2008-06-08,9168,0.0,0.0,0.707405028,7.53456139,,8260.778122,20752.689801161065
2008-06-09,9169,0.0,0.0,0.692069832,7.299670975,,8320.737561,21303.94954376607
2008-06-10,9170,0.0,0.0,0.672108939,6.227758854,7.22,8396.335448,22062.96184031834
2008-06-11,9171,4.0,1.884472127,0.665019553,3.241018309,,8440.634214,22344.59111018746
2008-06-12,9172,0.25,6.129846512,0.681586592,3.601454436,,8351.170014,21696.489972306237
2008-06-13,9173,0.5,3.599933151,0.649005587,2.862880596,,8492.921162,23005.65898482931
2008-06-14,9174,0.0,0.0,0.634952514,5.826744334,,8550.450574,23615.99932789365
2008-06-15,9175,0.0,0.0,0.626606145,3.96287965,,8589.005451,23992.73659662753
2008-06-16,9176,0.0,0.0,0.612050279,5.339324521,,8651.842,24676.794893412734
2008-06-17,9177,6.25,1.167041437,0.630603352,2.020930756,6.64,8578.015382,23810.94538047208
2008-06-18,9178,45.5,4.136986301,3.065932961,1.028285073,,4659.679781,3586.8239531940853
2008-06-19,9179,2.0,4.136986301,2.651455307,3.394272904,,4654.181216,4268.347330264525
2008-06-20,9180,0.0,0.0,1.218041899,4.912113168,,6854.617706,10831.930503897165
2008-06-21,9181,22.0,4.136986301,2.272776536,0.704910321,,5481.607448,5133.4454829003935
2008-06-22,9182,1.5,4.136986301,2.751184358,2.407507218,,4980.214479,4083.7101950569645
2008-06-23,9183,0.0,0.0,1.631614525,4.846967541,,6194.821731,7633.891216644015
2008-06-24,9184,1.0,4.136986301,1.381600559,4.416894241,6.91,6593.457877,9315.646849732073
2008-06-25,9185,3.25,4.273972603,1.319581006,2.155992869,,6704.710749,9842.08475755002
2008-06-26,9186,58.0,4.273972603,17.24839944,1.612871383,,1081.835327,452.3230356256306
2008-06-27,9187,15.0,4.273972603,12.15241341,1.045836148,,2442.995736,688.445661532382
2008-06-28,9188,1.0,4.273972603,7.648340782,2.633382821,,3187.232014,1199.4635451235517
2008-06-29,9189,12.0,4.273972603,5.741572626,1.731684084,,3716.344876,1691.447657895891
2008-06-30,9190,0.5,4.273972603,4.051684358,2.922172154,,4327.80952,2568.455013818516
2008-07-01,9191,3.25,4.273972603,3.333393855,4.892573911,8.24,4722.681572,3244.8896606201133
2008-07-02,9192,8.0,1.904109589,3.310265363,2.441864057,,4748.316056,3272.066309281888
2008-07-03,9193,3.75,1.904109589,3.601332402,2.906387849,,4570.830804,2957.8614904745737
2008-07-04,9194,2.25,1.904109589,2.828162011,4.01367669,,5037.224958,3950.946124986358
2008-07-05,9195,6.0,1.904109589,3.075209497,2.543217752,,4896.87746,3573.8678981299854
2008-07-06,9196,20.0,1.904109589,12.21362849,2.377601988,,2100.829857,684.3096305116114
2008-07-07,9197,4.0,1.904109589,10.55013687,2.189596076,,2617.392627,815.6530327204841
2008-07-08,9198,2.5,1.904109589,5.995458101,3.83547523,7.52,3613.964354,1605.9690881812996
2008-07-09,9199,14.75,2.98630137,9.904575419,0.831108265,,2741.003751,879.8061543431387
2008-07-10,9200,8.75,2.98630137,15.02904469,1.833370089,,2156.40696,533.5854391397302
2008-07-11,9201,6.0,2.98630137,12.08156983,2.17442641,,2483.067875,693.289789048516
2008-07-12,9202,4.5,2.98630137,7.900365922,2.219241867,,3172.866401,1153.7404754526435
2008-07-13,9203,1.0,2.98630137,5.611072626,5.009303393,,3734.520296,1738.70165862658
2008-07-14,9204,1.25,2.98630137,4.195885475,2.860260395,,4278.410922,2463.060450032859
2008-07-15,9205,1.5,2.98630137,3.627879888,1.966482862,7.22,4558.411286,2931.950869186282
2008-07-16,9206,1.25,2.780821918,3.130617318,1.986707574,,4842.555724,3498.2367957786073
2008-07-17,9207,20.0,2.780821918,4.593293296,0.987881593,,4086.757808,2209.9686301027336
2008-07-18,9208,22.5,2.780821918,9.522829609,0.995958138,,2828.615638,922.2618182443993
2008-07-19,9209,3.0,2.780821918,8.111011173,2.04876397,,3071.169272,1117.9136363709952
2008-07-20,9210,0.25,2.780821918,4.815377095,2.759544018,,4006.58412,2088.404660756193
2008-07-21,9211,0.0,0.0,3.735125698,5.135519021,,4499.939991,2831.3879466701496
2008-07-22,9212,0.0,0.0,3.280801676,3.945813066,6.7,4751.085417,3307.2971326208412
2008-07-23,9213,0.25,1.849315068,2.856670391,4.260819587,,5022.999632,3903.768625400041
2008-07-24,9214,0.0,0.0,2.484125698,5.807761756,,5306.612359,4614.925252316261
2008-07-25,9215,0.5,1.849315068,2.251986034,2.020137044,,5515.911982,5190.247696543195
2008-07-26,9216,0.0,0.0,1.97625419,4.29270631,,5789.568866,6068.864214204015
2008-07-27,9217,0.0,0.0,1.787304469,4.851309875,,6012.919169,6844.805991387575
2008-07-28,9218,5.25,1.849315068,1.687374302,4.987637004,,6169.026688,7332.890518883003
2008-07-29,9219,10.0,1.849315068,2.292284916,2.766215961,7.29,5472.562876,5081.174410094058
2008-07-30,9220,3.75,1.04109589,1.933114525,0.52948065,,5841.549739,6231.374700869583
2008-07-31,9221,13.25,1.04109589,2.834170391,1.369237705,,4844.780381,3940.916351173316
2008-08-01,9222,4.25,1.04109589,2.915698324,2.745663591,,4924.770192,3809.301358554291
2008-08-02,9223,0.75,1.04109589,2.150723464,3.191956899,,5600.378038,5484.210998545179
2008-08-03,9224,0.0,0.0,1.849952514,3.133755427,,5936.001666,6568.227037742347
2008-08-04,9225,5.5,1.04109589,1.912801676,1.52411242,,5870.899699,6310.686386228894
2008-08-05,9226,27.5,1.04109589,6.693058659,1.329859385,5.84,3254.775615,1407.4820218491866
2008-08-06,9227,16.75,3.287671233,6.928240223,1.246829655,,3266.897463,1350.4085541644606
2008-08-07,9228,1.0,3.287671233,5.936581006,3.833641301,,3587.322726,1625.076997550518
2008-08-08,9229,0.5,3.287671233,3.976089385,3.476883754,,4373.159016,2627.069802093625
2008-08-09,9230,52.5,3.287671233,19.72332402,0.670600055,,1560.641492,385.11248841758857
2008-08-10,9231,11.25,3.287671233,12.08694972,2.750281517,,2434.931306,692.9197337010112
2008-08-11,9232,12.0,3.287671233,12.10351676,1.733457829,,2506.549012,691.7824420854897
2008-08-12,9233,36.0,3.287671233,18.68382402,1.958227278,6.76,1900.55199,410.95963965620933
2008-08-13,9234,22.86032157,2.890410959,18.48682961,1.650233753,,1861.157381,416.21900181966186
2008-08-14,9235,7.4252119,2.890410959,14.67907542,3.648480559,,2176.153744,548.8806302998576
2008-08-15,9236,2.68816445,2.890410959,7.762122905,3.187451816,,3182.793568,1178.416832315822
2008-08-16,9237,11.71317117,2.890410959,7.057156425,0.670234776,,3355.189921,1320.89293621887
2008-08-17,9238,8.17676541,2.890410959,6.65927095,2.084613051,,3453.903823,1416.0460290714664
2008-08-18,9239,27.35410907,2.890410959,11.83892179,1.337742184,,2583.108075,710.3651919533495
2008-08-19,9240,25.52197804,2.890410959,23.48904469,0.960066512,5.12,1518.217531,312.2728182583055
2008-08-20,9241,14.74594387,3.410958904,14.61813687,1.407512888,,2220.333557,551.62629578886
2008-08-21,9242,19.99441649,3.410958904,17.56342458,1.560478294,,1961.310453,442.6076736730114
2008-08-22,9243,0.12006417,3.410958904,10.97152793,2.859240622,,2614.122089,778.2323666129253
2008-08-23,9244,7.320731975,3.410958904,6.996142458,2.313664305,,3377.598538,1334.7132207778195
2008-08-24,9245,8.04890911,3.410958904,7.281905028,2.450094178,,3311.502095,1272.1753227540662
2008-08-25,9246,3.41634159,3.410958904,5.308793296,0.961409644,,3851.38004,1858.0051068757116
2008-08-26,9247,4.99276004,3.410958904,4.738726257,0.84067585,6.43,4064.807954,2128.94768455952
2008-08-27,9248,6.704826885,3.684931507,4.974058659,0.689043066,,3989.606655,2008.8244198375664
2008-08-28,9249,1.58421057,3.684931507,4.412564246,1.07642935,,4192.773945,2318.8600478524495
2008-08-29,9250,0.4880488,3.684931507,3.921209497,2.249584398,,4412.326815,2671.1804326678184
2008-08-30,9251,0.0,0.0,3.509824022,2.31819226,,4623.242522,3050.48116533167
2008-08-31,9252,5.60866513,3.684931507,3.307374302,1.295012725,,4746.845035,3275.492755605341
2008-09-01,9253,3.78432622,3.684931507,3.153368715,1.099854804,,4832.92329,3468.0260031543967
2008-09-02,9254,20.73817785,3.684931507,6.027310056,1.476984301,6.54,3475.592879,1595.8027544377683
2008-09-03,9255,33.61763988,3.02739726,21.75340223,1.233279989,,1287.4133,342.40321571518336
2008-09-04,9256,13.90549469,3.02739726,15.98226536,2.01168401,,2069.309019,495.6420675995443
2008-09-05,9257,51.31525289,3.02739726,37.98409777,0.293784659,,846.0428944,175.38860711562705
2008-09-06,9258,9.881040135,3.02739726,21.95786313,0.753399413,,1574.489364,338.5811557018135
2008-09-07,9259,1.4641464,3.02739726,10.00893017,1.288103369,,2769.744842,868.8186632552993
2008-09-08,9260,0.24012834,3.02739726,6.452371508,1.967327682,,3500.047147,1470.642286383578
2008-09-09,9261,10.74486569,3.02739726,6.618997207,0.804095372,6.59,3487.505887,1426.379602885036
2008-09-10,9262,7.208459935,3.95890411,5.383734637,2.266715815,,3842.079774,1827.053759822776
2008-09-11,9263,14.40133562,3.95890411,6.44402514,1.974243329,,3521.668833,1472.9256405885312
2008-09-12,9264,1.224018055,3.95890411,6.753217877,2.627821184,,3398.075144,1392.4666773571564
2008-09-13,9265,0.0,0.0,4.713712291,3.295616557,,4055.501943,2142.4921456404986
2008-09-14,9266,1.9521952,3.95890411,3.953664804,2.694895943,,4399.196417,2644.931404402238
2008-09-15,9267,5.00055216,3.95890411,3.838751397,0.380448534,,4457.915477,2740.067302569215
2008-09-16,9268,6.088921805,3.95890411,3.674589385,0.395811469,6.6,4545.891047,2887.3592653285123
2008-09-17,9269,1.592002685,2.44840047,3.48672067,1.928186299,,4632.952556,3074.7105530945923
2008-09-18,9270,0.0,0.0,2.993027933,2.473507335,,4932.992183,3691.7228466783918
2008-09-19,9271,0.0,0.0,2.668047486,2.986745278,,5163.568938,4236.576574308918
2008-09-20,9272,0.36798463,1.99364627,2.442418994,3.409654167,,5348.291689,4709.456288527974
2008-09-21,9273,0.0,0.0,2.240748603,3.270168778,,5527.442877,5221.43201311997
2008-09-22,9274,0.0,0.0,2.070980447,2.318889161,,5694.476638,5738.013972598541
2008-09-23,9275,0.4880488,0.661893951,1.943371508,0.932960506,6.64,5833.301675,6192.017585965132
2008-09-24,9276,0.0,0.0,1.823354749,1.310621847,,5972.27299,6683.101934443247
2008-09-25,9277,0.0,0.0,1.731972067,1.361472489,,6088.673959,7107.420376276472
2008-09-26,9278,0.0,0.0,1.609416201,2.206586007,,6245.302851,7760.108225810422
2008-09-27,9279,0.36798463,4.410958904,1.523715084,2.979611832,,6374.377594,8285.44109116496
2008-09-28,9280,0.36798463,4.410958904,1.472505587,1.261478296,,6451.2953,8631.525936921607
2008-09-29,9281,19.64980822,4.410958904,1.588248603,1.01620872,,6384.999542,7884.0780391380795
2008-09-30,9282,68.90412248,4.410958904,28.63319832,0.5011065,5.73,1259.492886,246.21902995704733
2008-10-01,9283,26.5,4.602739726,17.58165084,1.486125721,,1950.802971,442.0572818726861
2008-10-02,9284,25.0,4.602739726,14.04341899,1.409484205,,2345.475878,578.8130506631121
2008-10-03,9285,2.5,4.602739726,14.30288547,1.364391354,,2135.021972,566.2416925747909
2008-10-04,9286,61.5,4.602739726,25.73368994,0.367462756,,1249.20062,279.8782208960814
2008-10-05,9287,51.5,4.602739726,62.62451397,1.698114985,,197.5953761,96.21990932593982
2008-10-06,9288,0.75,4.602739726,10.85508101,0.573199594,,2629.896075,788.2540663385544
2008-10-07,9289,26.75,4.602739726,14.83285475,0.483986953,5.42,2149.223424,542.062069735543
2008-10-08,9290,0.25,2.643835616,9.765377095,1.792936681,,2787.128102,894.864582822066
2008-10-09,9291,0.25,2.643835616,6.123846369,1.212239953,,3599.1637,1565.6997690347343
2008-10-10,9292,23.25,2.643835616,6.146622905,0.794153404,,3652.914533,1558.7487193166266
2008-10-11,9293,15.5,2.643835616,12.44561732,0.769380241,,2456.462612,669.0405071687536
2008-10-12,9294,0.25,2.643835616,7.134108939,2.525405775,,3322.278503,1303.8324644685072
2008-10-13,9295,6.75,2.643835616,5.430620112,0.733533569,,3818.046957,1808.1665055260464
2008-10-14,9296,32.5,2.643835616,9.745441341,0.444313334,6.16,2760.621717,897.0599543080367
2008-10-15,9297,13.5,4.01369863,16.71880726,0.704746504,,1985.644207,469.56518115684196
2008-10-16,9298,4.25,4.01369863,8.40147486,0.910364986,,3048.188205,1071.7392337710066
2008-10-17,9299,0.75,4.01369863,5.875315642,0.956339475,,3674.090212,1645.407197442827
2008-10-18,9300,16.0,4.01369863,5.976980447,0.634746145,,3702.910184,1611.9212739746333
2008-10-19,9301,23.25,4.01369863,9.857086592,0.73027386,,2857.738449,884.8909551284056
2008-10-20,9302,31.5,4.01369863,28.8342905,0.720919693,,1228.125709,244.15956268683755
2008-10-21,9303,7.75,4.01369863,12.56940503,1.112717839,5.8,2425.508211,661.1461727383188
2008-10-22,9304,2.5,3.02739726,8.143868715,1.108422524,,3106.134439,1112.5086040402439
2008-10-23,9305,42.75,3.02739726,21.3062933,0.433400329,,1354.621554,351.04268604726263
2008-10-24,9306,0.0,0.0,15.28710335,1.153190438,,2007.633323,522.7993369125543
2008-10-25,9307,65.0,3.02739726,23.93504749,0.375036009,,1399.947329,305.3033444947599
2008-10-26,9308,37.5,3.02739726,50.7269162,1.046030876,,396.1882531,123.92414640968391
2008-10-27,9309,6.75,3.02739726,11.96600279,0.756404953,,2499.188618,701.3274338570874
2008-10-28,9310,12.61021862,3.02739726,8.829251397,0.179550173,5.73,3003.303033,1009.7894942278933
2008-10-29,9311,0.85603343,2.097749501,6.571608939,0.312815739,,3482.113818,1438.716996342755
2008-10-30,9312,1.56083421,14.69517262,5.839139665,0.127177278,,3698.003439,1657.6320602898072
2008-10-31,9313,3.53640576,7.776471025,5.138723464,0.622863388,,3913.611116,1931.9346252358941
2008-11-01,9314,0.36798463,1.086752966,4.594650838,0.536986915,,4125.029087,2209.1862599192855
2008-11-02,9315,0.4880488,3.543189619,4.310446927,0.666622642,,4238.335722,2384.835355220253
2008-11-03,9316,0.0,0.0,3.892173184,0.795474399,,4426.890503,2695.072166335977
2008-11-04,9317,0.85603343,5.333240967,3.572170391,0.22242523,6.43,4592.615706,2986.811915157036
2008-11-05,9318,0.0,0.0,3.262223464,0.281793601,,4766.829211,3329.87139804391
2008-11-06,9319,0.4086992,9.630136986,2.9745,0.283740591,,4948.404991,3719.282843523693
2008-11-07,9320,4.83468888,9.630136986,2.909212291,0.825011251,,4994.95509,3819.475679352604
2008-11-08,9321,26.00503346,9.630136986,6.822326816,0.65713563,,3219.40718,1375.5763436944587
2008-11-09,9322,30.69700158,9.630136986,19.70522346,0.525379179,,1646.591392,385.536954377291
2008-11-10,9323,7.933067255,9.630136986,12.33090503,0.467615446,,2422.468218,676.5117513681464
2008-11-11,9324,13.46177569,9.630136986,11.83469832,0.626081498,6.49,2546.207471,710.6692214692174
2008-11-12,9325,1.156790285,2.438356164,7.46849162,0.492362347,,3255.07037,1234.1712555296122
2008-11-13,9326,18.15252435,2.438356164,8.157217877,0.250458815,,3130.749243,1110.3263470699187
2008-11-14,9327,14.13073355,2.438356164,8.339053073,0.516456398,,3115.171563,1081.3642770096865
2008-11-15,9328,43.93518847,2.438356164,27.33817877,0.267461218,,1312.199987,260.28267743441313
2008-11-16,9329,24.27586765,2.438356164,28.35545531,0.274870279,,1284.849386,249.11637725112075
2008-11-17,9330,34.88164348,2.438356164,19.52572626,0.257973726,,1772.758767,389.7931047953516
2008-11-18,9331,1.66925336,2.438356164,15.91094413,0.427882939,5.79,1975.535576,498.3083572059421
2008-11-19,9332,3.47487118,7.438356164,8.483807263,0.466446049,,3047.15103,1059.2819404605311
2008-11-20,9333,15.65951631,7.438356164,7.172824022,0.5520242,,3403.183257,1295.4012717306184
2008-11-21,9334,3.578635055,7.438356164,8.69847486,0.906602417,,2959.132022,1028.0180971150485
2008-11-22,9335,7.150519605,7.438356164,5.874536313,0.311980685,,3677.127402,1645.6688109869237
2008-11-23,9336,29.38833803,7.438356164,14.60111732,0.495783294,,2135.480763,552.3976354780264
2008-11-24,9337,11.6207549,7.438356164,13.01812291,0.461321153,,2379.036394,633.9097146144438
2008-11-25,9338,0.0,0.0,7.681575419,0.6566462,6.4,3208.231494,1193.2451537035813
2008-11-26,9339,4.292269585,6.575342466,6.066402235,0.339772909,,3624.497371,1583.485763532502
2008-11-27,9340,26.14589826,6.575342466,11.44852793,0.119530059,,2465.10927,739.5122331038549
2008-11-28,9341,1.089733135,6.575342466,7.932796089,0.167459897,,3141.824858,1148.0884482926158
2008-11-29,9342,0.08004278,6.575342466,5.614818436,0.397664575,,3747.328764,1737.3116341168165
2008-11-30,9343,0.32865642,6.575342466,4.467997207,0.059788944,,4164.449469,2284.4315111184214
2008-12-01,9344,0.419434665,6.575342466,3.818036313,0.339779875,,4460.962545,2757.8873128627315
2008-12-02,9345,3.664518775,6.575342466,3.620715084,0.174535107,,4570.236885,2938.902672969712
2008-12-03,9346,1.81860345,6.575342466,3.220391061,0.35847069,,4791.279244,3381.7501835600465
2008-12-04,9347,26.01632116,6.575342466,15.4962905,0.322668004,,2044.123844,514.3453136747341
2008-12-05,9348,8.910551205,6.575342466,14.33946369,0.232258649,,2257.459083,564.5096384932808
2008-12-06,9349,0.0,0.0,8.31522067,0.289699063,,3055.710287,1085.0809926302509
2008-12-07,9350,0.08004278,6.575342466,5.419860335,0.505878298,,3805.553918,1812.4692142616132
2008-12-08,9351,12.06750143,6.575342466,5.868201117,0.07890398,,3666.397602,1647.7983110298346
2008-12-09,9352,4.179626205,6.575342466,5.125801676,0.102945582,6.42,3905.797781,1937.7723416919275
2008-12-10,9353,0.32865642,2.150684932,4.152871508,0.123802902,,4300.948754,2493.6576066597195
2008-12-11,9354,0.08004278,2.150684932,3.655081006,0.0,,4547.239039,2905.8308537594257
2008-12-12,9355,21.82765743,2.150684932,4.253756983,0.223284938,,4457.040546,2422.9659466030453
2008-12-13,9356,10.31820529,2.150684932,13.46819832,0.143628236,,2239.537895,608.5881242575038
2008-12-14,9357,0.73735562,2.150684932,5.923081006,0.316522524,,3638.061433,1629.5171276950039
2008-12-15,9358,0.32865642,2.150684932,4.439513966,0.290864449,,4176.482373,2302.0040190565605
2008-12-16,9359,22.55652775,2.150684932,7.605427374,0.065938802,6.32,3047.353781,1207.5812819862003
2008-12-17,9360,7.787028215,6.164383562,7.140217877,0.18976876,,3304.210854,1302.495411152575
2008-12-18,9361,12.25234611,6.164383562,8.390740223,0.018259205,,3084.294967,1073.3832430221892
2008-12-19,9362,1.997909775,6.164383562,7.321173184,0.137452308,,3273.838413,1264.0002163574122
2008-12-20,9363,6.76051862,6.164383562,6.079324022,0.0,,3631.716897,1579.452686439794
2008-12-21,9364,33.01334766,6.164383562,15.35792179,0.0,,2116.756161,519.9089521979906
2008-12-22,9365,9.13145879,6.164383562,15.86496369,0.149552548,,2067.767134,500.041277425171
2008-12-23,9366,0.090778245,6.164383562,8.600379888,0.109524403,7.03,3019.497004,1042.0916941595274
2008-12-24,9367,0.0,0.0,6.068287709,0.218681711,,3610.333333,1582.8961036740354
2008-12-25,9368,0.0,0.0,4.712455307,0.259563273,,4065.746174,2143.176941821273
2008-12-26,9369,0.0,0.0,3.997382682,0.292523512,,4373.822587,2610.312957324655
2008-12-27,9370,0.0,0.0,3.522921788,0.171606949,,4616.604258,3036.9000119481543
2008-12-28,9371,0.0,0.0,3.154349162,0.195183872,,4829.582438,3466.7348580499624
2008-12-29,9372,0.0,0.0,2.782734637,0.146377075,,5077.143512,4028.319270783525
2008-12-30,9373,0.0,0.0,2.488349162,0.128724211,,5308.52649,4605.546428756902
2008-12-31,9374,0.0,0.0,2.272083556,0.0,,5413.337469,5135.320401776438
